-5 -5 -0.0816754 -0.195512 -0.0816754 -0.195512 -0.0816754 -0.195512 5.25942e-08 3.99628e-08 9.1835e-08
-5 -4.9 -0.179763 -0.117521 -0.179763 -0.117521 -0.179763 -0.117521 7.8637e-08 4.00574e-08 8.44541e-08
-5 -4.8 -0.217805 0.00192493 -0.217805 0.00192493 -0.217805 0.00192494 6.81232e-08 4.02277e-08 2.85667e-08
-5 -4.7 -0.183811 0.122624 -0.183811 0.122624 -0.183811 0.122624 6.94813e-08 4.0479e-08 2.95949e-08
-5 -4.6 -0.0896707 0.205416 -0.0896707 0.205416 -0.0896707 0.205416 2.29869e-08 4.08123e-08 5.78111e-08
-5 -4.5 0.0340427 0.224695 0.0340427 0.224695 0.0340427 0.224695 3.27656e-08 4.12244e-08 6.04533e-08
-5 -4.4 0.148853 0.175657 0.148853 0.175657 0.148853 0.175657 4.10499e-08 4.17075e-08 6.69292e-08
-5 -4.3 0.220804 0.0744089 0.220804 0.0744089 0.220804 0.0744089 2.6652e-08 4.22499e-08 6.74949e-08
-5 -4.2 0.230419 -0.0484476 0.230419 -0.0484476 0.230419 -0.0484476 1.3236e-08 4.28356e-08 4.37025e-08
-5 -4.1 0.177276 -0.158101 0.177276 -0.158101 0.177276 -0.158101 3.28322e-08 4.34446e-08 5.62556e-08
-5 -4 0.0783113 -0.226009 0.0783113 -0.226009 0.0783113 -0.226009 8.08823e-09 4.40524e-08 3.75658e-08
-5 -3.9 -0.0388678 -0.237256 -0.0388678 -0.237256 -0.0388678 -0.237256 1.1854e-08 4.46298e-08 5.64652e-08
-5 -3.8 -0.144894 -0.192889 -0.144894 -0.192889 -0.144894 -0.192889 5.39522e-08 4.5142e-08 3.39692e-08
-5 -3.7 -0.216664 -0.107284 -0.216664 -0.107284 -0.216664 -0.107284 2.52292e-08 4.55485e-08 6.71416e-08
-5 -3.6 -0.242139 -0.0022123 -0.242139 -0.0022123 -0.242139 -0.00221232 8.10259e-08 4.58037e-08 1.25399e-07
-5 -3.5 -0.221085 0.0999186 -0.221085 0.0999186 -0.221085 0.0999186 4.60013e-08 4.58592e-08 3.32201e-08
-5 -3.4 -0.162436 0.181373 -0.162436 0.181373 -0.162436 0.181373 2.75648e-08 4.56693e-08 1.87091e-08
-5 -3.3 -0.0799597 0.2317 -0.0799597 0.2317 -0.0799597 0.2317 5.36843e-08 4.52012e-08 7.14854e-08
-5 -3.2 0.0119535 0.247624 0.0119534 0.247623 0.0119535 0.247623 3.95957e-08 4.44478e-08 5.07522e-08
-5 -3.1 0.101072 0.231147 0.101072 0.231147 0.101072 0.231147 5.2877e-08 4.34419e-08 6.21539e-08
-5 -3 0.178326 0.187186 0.178326 0.187186 0.178326 0.187186 2.30826e-08 4.22638e-08 2.8417e-08
-5 -2.9 0.237462 0.121764 0.237462 0.121764 0.237462 0.121764 3.30156e-08 4.10355e-08 6.98224e-08
-5 -2.8 0.274193 0.0412269 0.274193 0.0412269 0.274193 0.0412269 1.3594e-08 3.98983e-08 3.0102e-08
-5 -2.7 0.285623 -0.0477376 0.285623 -0.0477376 0.285623 -0.0477376 2.37148e-08 3.89801e-08 6.14157e-08
-5 -2.6 0.270291 -0.13784 0.270291 -0.13784 0.270291 -0.13784 7.31229e-09 3.83653e-08 3.15243e-08
-5 -2.5 0.228709 -0.221251 0.228709 -0.221251 0.228709 -0.221251 3.14904e-08 3.80802e-08 2.09118e-08
-5 -2.4 0.163944 -0.290269 0.163944 -0.290269 0.163944 -0.290269 1.50901e-08 3.80957e-08 5.21867e-08
-5 -2.3 0.0817503 -0.338476 0.0817503 -0.338476 0.0817503 -0.338476 1.80868e-08 3.83422e-08 2.66793e-08
-5 -2.2 -0.0100194 -0.361989 -0.0100194 -0.361989 -0.0100194 -0.361989 2.99041e-08 3.87253e-08 5.96157e-08
-5 -2.1 -0.102687 -0.360293 -0.102687 -0.360293 -0.102687 -0.360293 2.67912e-08 3.9136e-08 6.43947e-08
-5 -2 -0.18835 -0.33634 -0.18835 -0.33634 -0.18835 -0.33634 1.86396e-08 3.94527e-08 2.17389e-08
-5 -1.9 -0.261344 -0.295821 -0.261344 -0.295821 -0.261344 -0.295821 1.88467e-08 3.95369e-08 3.0278e-08
-5 -1.8 -0.319156 -0.245815 -0.319156 -0.245815 -0.319156 -0.245815 2.30437e-08 3.92285e-08 6.20298e-08
-5 -1.7 -0.362549 -0.193228 -0.362549 -0.193228 -0.362549 -0.193228 9.30769e-09 3.83465e-08 4.62549e-08
-5 -1.6 -0.394951 -0.14342 -0.394951 -0.14342 -0.394951 -0.14342 6.15379e-08 3.67088e-08 3.0511e-08
-5 -1.5 -0.421318 -0.0993602 -0.421318 -0.0993602 -0.421318 -0.0993602 2.31316e-08 3.41788e-08 2.91962e-08
-5 -1.4 -0.446831 -0.0614428 -0.446831 -0.0614428 -0.446831 -0.0614428 3.6468e-09 3.07381e-08 3.24106e-08
-5 -1.3 -0.475754 -0.0279088 -0.475754 -0.0279088 -0.475754 -0.0279088 7.71421e-09 2.65489e-08 2.48666e-08
-5 -1.2 -0.510685 0.00431953 -0.510685 0.00431952 -0.510685 0.00431952 7.80337e-09 2.19575e-08 1.57194e-08
-5 -1.1 -0.552297 0.0386508 -0.552297 0.0386508 -0.552297 0.0386509 2.9991e-08 1.74267e-08 2.31577e-08
-5 -1 -0.599531 0.0779264 -0.599531 0.0779264 -0.599531 0.0779264 1.40121e-08 1.34533e-08 2.41648e-08
-5 -0.9 -0.650096 0.123781 -0.650096 0.123781 -0.650096 0.123781 3.05898e-09 1.05291e-08 1.22698e-08
-5 -0.8 -0.701113 0.17634 -0.701113 0.17634 -0.701113 0.17634 1.34354e-08 9.05414e-09 9.30532e-09
-5 -0.7 -0.749726 0.234239 -0.749726 0.234239 -0.749726 0.234239 1.33143e-08 9.00767e-09 1.89001e-08
-5 -0.6 -0.793569 0.294889 -0.793569 0.294889 -0.793569 0.294889 5.70325e-09 9.8388e-09 1.09825e-08
-5 -0.5 -0.831027 0.354903 -0.831027 0.354903 -0.831027 0.354903 2.35814e-08 1.09641e-08 1.93631e-08
-5 -0.4 -0.861278 0.410553 -0.861278 0.410553 -0.861278 0.410553 5.74638e-09 1.20519e-08 1.45964e-08
-5 -0.3 -0.884175 0.458213 -0.884175 0.458213 -0.884175 0.458213 8.23023e-09 1.29562e-08 1.09832e-08
-5 -0.2 -0.900011 0.49472 -0.900011 0.49472 -0.900011 0.49472 1.57606e-08 1.36195e-08 7.78341e-09
-5 -0.1 -0.909248 0.517642 -0.909248 0.517642 -0.909248 0.517642 1.0497e-08 1.40215e-08 8.51225e-09
-5 -1.02696e-15 -0.912278 0.525456 -0.912278 0.525456 -0.912278 0.525456 7.1563e-09 1.41559e-08 1.65763e-08
-5 0.1 -0.909248 0.517642 -0.909248 0.517642 -0.909248 0.517642 1.04969e-08 1.40215e-08 8.51224e-09
-5 0.2 -0.900011 0.49472 -0.900011 0.49472 -0.900011 0.49472 1.57606e-08 1.36195e-08 7.78341e-09
-5 0.3 -0.884175 0.458213 -0.884175 0.458213 -0.884175 0.458213 8.23022e-09 1.29561e-08 1.09832e-08
-5 0.4 -0.861278 0.410553 -0.861278 0.410553 -0.861278 0.410553 5.74637e-09 1.20519e-08 1.45964e-08
-5 0.5 -0.831027 0.354903 -0.831027 0.354903 -0.831027 0.354903 2.35814e-08 1.09641e-08 1.93631e-08
-5 0.6 -0.793569 0.294889 -0.793569 0.294889 -0.793569 0.294889 5.70326e-09 9.83879e-09 1.09825e-08
-5 0.7 -0.749726 0.234239 -0.749726 0.234239 -0.749726 0.234239 1.33143e-08 9.00766e-09 1.89e-08
-5 0.8 -0.701113 0.17634 -0.701113 0.17634 -0.701113 0.17634 1.34355e-08 9.05415e-09 9.30534e-09
-5 0.9 -0.650096 0.123781 -0.650096 0.123781 -0.650096 0.123781 3.05899e-09 1.05291e-08 1.22698e-08
-5 1 -0.599531 0.0779264 -0.599531 0.0779264 -0.599531 0.0779264 1.40121e-08 1.34533e-08 2.41648e-08
-5 1.1 -0.552297 0.0386508 -0.552297 0.0386508 -0.552297 0.0386509 2.9991e-08 1.74267e-08 2.31577e-08
-5 1.2 -0.510685 0.00431953 -0.510685 0.00431952 -0.510685 0.00431952 7.80338e-09 2.19575e-08 1.57194e-08
-5 1.3 -0.475754 -0.0279088 -0.475754 -0.0279088 -0.475754 -0.0279088 7.71419e-09 2.65489e-08 2.48666e-08
-5 1.4 -0.446831 -0.0614428 -0.446831 -0.0614428 -0.446831 -0.0614428 3.64679e-09 3.07381e-08 3.24106e-08
-5 1.5 -0.421318 -0.0993602 -0.421318 -0.0993602 -0.421318 -0.0993602 2.31316e-08 3.41788e-08 2.91962e-08
-5 1.6 -0.394951 -0.14342 -0.394951 -0.14342 -0.394951 -0.14342 6.15379e-08 3.67088e-08 3.0511e-08
-5 1.7 -0.362549 -0.193228 -0.362549 -0.193228 -0.362549 -0.193228 9.30768e-09 3.83465e-08 4.62549e-08
-5 1.8 -0.319156 -0.245815 -0.319156 -0.245815 -0.319156 -0.245815 2.30437e-08 3.92285e-08 6.20298e-08
-5 1.9 -0.261344 -0.295821 -0.261344 -0.295821 -0.261344 -0.295821 1.88467e-08 3.95369e-08 3.0278e-08
-5 2 -0.18835 -0.33634 -0.18835 -0.33634 -0.18835 -0.33634 1.86396e-08 3.94527e-08 2.17389e-08
-5 2.1 -0.102687 -0.360293 -0.102687 -0.360293 -0.102687 -0.360293 2.67912e-08 3.9136e-08 6.43947e-08
-5 2.2 -0.0100194 -0.361989 -0.0100194 -0.361989 -0.0100194 -0.361989 2.99041e-08 3.87252e-08 5.96157e-08
-5 2.3 0.0817503 -0.338476 0.0817503 -0.338476 0.0817503 -0.338476 1.80868e-08 3.83422e-08 2.66794e-08
-5 2.4 0.163944 -0.290269 0.163944 -0.290269 0.163944 -0.290269 1.50901e-08 3.80957e-08 5.21867e-08
-5 2.5 0.228709 -0.221251 0.228709 -0.221251 0.228709 -0.221251 3.14904e-08 3.80802e-08 2.09118e-08
-5 2.6 0.270291 -0.13784 0.270291 -0.13784 0.270291 -0.13784 7.31229e-09 3.83653e-08 3.15243e-08
-5 2.7 0.285623 -0.0477376 0.285623 -0.0477376 0.285623 -0.0477376 2.37149e-08 3.898e-08 6.14157e-08
-5 2.8 0.274193 0.0412269 0.274193 0.0412269 0.274193 0.0412269 1.3594e-08 3.98983e-08 3.0102e-08
-5 2.9 0.237462 0.121764 0.237462 0.121764 0.237462 0.121764 3.30156e-08 4.10355e-08 6.98224e-08
-5 3 0.178326 0.187186 0.178326 0.187186 0.178326 0.187186 2.30826e-08 4.22638e-08 2.8417e-08
-5 3.1 0.101072 0.231147 0.101072 0.231147 0.101072 0.231147 5.2877e-08 4.34419e-08 6.21539e-08
-5 3.2 0.0119535 0.247624 0.0119534 0.247623 0.0119535 0.247623 3.95957e-08 4.44478e-08 5.07522e-08
-5 3.3 -0.0799597 0.2317 -0.0799597 0.2317 -0.0799597 0.2317 5.36843e-08 4.52012e-08 7.14854e-08
-5 3.4 -0.162436 0.181373 -0.162436 0.181373 -0.162436 0.181373 2.75648e-08 4.56693e-08 1.87091e-08
-5 3.5 -0.221085 0.0999186 -0.221085 0.0999186 -0.221085 0.0999186 4.60013e-08 4.58591e-08 3.32201e-08
-5 3.6 -0.242139 -0.0022123 -0.242139 -0.0022123 -0.242139 -0.00221232 8.10259e-08 4.58037e-08 1.25399e-07
-5 3.7 -0.216664 -0.107284 -0.216664 -0.107284 -0.216664 -0.107284 2.52292e-08 4.55485e-08 6.71416e-08
-5 3.8 -0.144894 -0.192889 -0.144894 -0.192889 -0.144894 -0.192889 5.39522e-08 4.5142e-08 3.39693e-08
-5 3.9 -0.0388678 -0.237256 -0.0388678 -0.237256 -0.0388678 -0.237256 1.1854e-08 4.46298e-08 5.64651e-08
-5 4 0.0783113 -0.226009 0.0783113 -0.226009 0.0783113 -0.226009 8.08823e-09 4.40524e-08 3.75658e-08
-5 4.1 0.177276 -0.158101 0.177276 -0.158101 0.177276 -0.158101 3.28323e-08 4.34446e-08 5.62556e-08
-5 4.2 0.230419 -0.0484476 0.230419 -0.0484476 0.230419 -0.0484476 1.3236e-08 4.28356e-08 4.37025e-08
-5 4.3 0.220804 0.0744089 0.220804 0.0744089 0.220804 0.0744089 2.6652e-08 4.22499e-08 6.74949e-08
-5 4.4 0.148853 0.175657 0.148853 0.175657 0.148853 0.175657 4.10499e-08 4.17075e-08 6.69292e-08
-5 4.5 0.0340427 0.224695 0.0340427 0.224695 0.0340427 0.224695 3.27656e-08 4.12244e-08 6.04533e-08
-5 4.6 -0.0896707 0.205416 -0.0896707 0.205416 -0.0896707 0.205416 2.29869e-08 4.08123e-08 5.78111e-08
-5 4.7 -0.183811 0.122624 -0.183811 0.122624 -0.183811 0.122624 6.94812e-08 4.0479e-08 2.95949e-08
-5 4.8 -0.217805 0.00192493 -0.217805 0.00192493 -0.217805 0.00192494 6.81232e-08 4.02277e-08 2.85667e-08
-5 4.9 -0.179763 -0.117521 -0.179763 -0.117521 -0.179763 -0.117521 7.8637e-08 4.00574e-08 8.44541e-08
-5 5 -0.0816754 -0.195512 -0.0816754 -0.195512 -0.0816754 -0.195512 5.25942e-08 3.99628e-08 9.1835e-08
-4.9 -5 -0.196682 -0.0777051 -0.196682 -0.0777051 -0.196682 -0.0777051 3.92848e-08 3.99892e-08 4.86258e-08
-4.9 -4.9 -0.208797 0.0479333 -0.208797 0.0479333 -0.208797 0.0479333 3.15263e-08 4.00161e-08 7.11939e-08
-4.9 -4.8 -0.1483 0.158693 -0.1483 0.158693 -0.1483 0.158693 4.0969e-08 4.01113e-08 5.6504e-08
-4.9 -4.7 -0.0364968 0.217299 -0.0364968 0.217299 -0.0364968 0.217299 6.74194e-08 4.02841e-08 1.07657e-07
-4.9 -4.6 0.0891585 0.205046 0.0891585 0.205046 0.0891584 0.205046 3.51172e-08 4.05401e-08 7.21119e-08
-4.9 -4.5 0.188148 0.126768 0.188148 0.126768 0.188148 0.126768 7.21824e-08 4.08801e-08 1.12442e-07
-4.9 -4.4 0.229956 0.00789941 0.229956 0.00789942 0.229956 0.00789943 6.82113e-08 4.13006e-08 6.48945e-08
-4.9 -4.3 0.202967 -0.114763 0.202967 -0.114763 0.202967 -0.114763 2.91201e-08 4.1793e-08 6.36686e-08
-4.9 -4.2 0.116732 -0.205108 0.116732 -0.205108 0.116732 -0.205108 3.94429e-08 4.23445e-08 6.25483e-08
-4.9 -4.1 -0.00251017 -0.238494 -0.00251017 -0.238494 -0.00251016 -0.238494 3.89145e-08 4.29377e-08 2.64462e-08
-4.9 -4 -0.120981 -0.207997 -0.120981 -0.207997 -0.120981 -0.207997 3.16753e-08 4.35507e-08 7.45363e-08
-4.9 -3.9 -0.207794 -0.124626 -0.207794 -0.124626 -0.207794 -0.124626 7.85859e-08 4.4157e-08 7.73173e-08
-4.9 -3.8 -0.243237 -0.0121858 -0.243237 -0.0121858 -0.243237 -0.0121857 5.23411e-08 4.47247e-08 4.85338e-08
-4.9 -3.7 -0.222601 0.100879 -0.222601 0.100879 -0.222601 0.100879 3.51756e-08 4.52158e-08 6.79452e-08
-4.9 -3.6 -0.155074 0.189632 -0.155074 0.189632 -0.155074 0.189632 3.55541e-08 4.55865e-08 7.98094e-08
-4.9 -3.5 -0.0589228 0.238273 -0.0589228 0.238273 -0.0589228 0.238273 5.31349e-08 4.57879e-08 3.63133e-08
-4.9 -3.4 0.0447849 0.242009 0.0447849 0.242009 0.0447849 0.242009 5.55517e-08 4.57695e-08 9.117e-08
-4.9 -3.3 0.137641 0.205475 0.137641 0.205475 0.137641 0.205475 1.07677e-07 4.54867e-08 1.11686e-07
-4.9 -3.2 0.207059 0.139111 0.207059 0.139111 0.207059 0.139111 4.00424e-08 4.49121e-08 1.16849e-08
-4.9 -3.1 0.246843 0.0552589 0.246843 0.0552589 0.246843 0.0552589 2.3945e-08 4.4051e-08 4.22774e-08
-4.9 -3 0.255879 -0.0346764 0.255879 -0.0346764 0.255879 -0.0346764 2.50057e-08 4.29545e-08 5.6869e-08
-4.9 -2.9 0.236147 -0.121439 0.236147 -0.121439 0.236147 -0.121439 7.77289e-08 4.17233e-08 7.73648e-08
-4.9 -2.8 0.191116 -0.197821 0.191116 -0.197821 0.191116 -0.197821 4.72995e-09 4.0495e-08 4.46366e-08
-4.9 -2.7 0.125038 -0.257997 0.125038 -0.257997 0.125038 -0.257997 3.04822e-08 3.94144e-08 6.97373e-08
-4.9 -2.6 0.0430401 -0.297071 0.0430401 -0.297071 0.0430401 -0.297071 2.06023e-08 3.85983e-08 1.80057e-08
-4.9 -2.5 -0.0485182 -0.311243 -0.0485182 -0.311243 -0.0485182 -0.311243 7.61846e-08 3.81087e-08 1.03016e-07
-4.9 -2.4 -0.142004 -0.298515 -0.142004 -0.298515 -0.142004 -0.298515 7.72715e-08 3.79451e-08 7.87354e-08
-4.9 -2.3 -0.229117 -0.259521 -0.229117 -0.259521 -0.229117 -0.259521 2.23788e-08 3.8055e-08 3.3629e-08
-4.9 -2.2 -0.302097 -0.197953 -0.302097 -0.197953 -0.302097 -0.197953 2.3847e-08 3.8351e-08 3.27213e-08
-4.9 -2.1 -0.355148 -0.120239 -0.355148 -0.120239 -0.355148 -0.120239 3.18285e-08 3.87251e-08 6.30356e-08
-4.9 -2 -0.385584 -0.0344519 -0.385584 -0.0344519 -0.385584 -0.0344519 8.32957e-09 3.90556e-08 3.83078e-08
-4.9 -1.9 -0.39427 0.0512661 -0.39427 0.0512661 -0.39427 0.0512661 1.17472e-08 3.92057e-08 3.06431e-08
-4.9 -1.8 -0.38523 0.130302 -0.38523 0.130302 -0.38523 0.130302 4.53408e-08 3.90184e-08 7.36788e-08
-4.9 -1.7 -0.364524 0.198741 -0.364524 0.198741 -0.364524 0.198741 2.5824e-08 3.83149e-08 3.16886e-08
-4.9 -1.6 -0.338762 0.255816 -0.338762 0.255816 -0.338762 0.255816 3.36711e-08 3.69069e-08 6.86071e-08
-4.9 -1.5 -0.313662 0.303592 -0.313662 0.303592 -0.313662 0.303592 2.50211e-09 3.4635e-08 3.63627e-08
-4.9 -1.4 -0.293019 0.346049 -0.293019 0.346049 -0.293019 0.346049 6.44754e-09 3.14369e-08 2.5072e-08
-4.9 -1.3 -0.278263 0.38788 -0.278263 0.38788 -0.278263 0.38788 1.36234e-08 2.742e-08 2.21796e-08
-4.9 -1.2 -0.268634 0.43331 -0.268634 0.43331 -0.268634 0.43331 1.23684e-08 2.28879e-08 3.45348e-08
-4.9 -1.1 -0.261814 0.485225 -0.261814 0.485225 -0.261814 0.485225 2.0521e-08 1.82906e-08 3.23977e-08
-4.9 -1 -0.2548 0.544718 -0.2548 0.544718 -0.2548 0.544718 5.46637e-09 1.41373e-08 1.84702e-08
-4.9 -0.9 -0.244773 0.611081 -0.244773 0.611081 -0.244773 0.611081 1.24051e-08 1.09449e-08 1.69047e-08
-4.9 -0.8 -0.229781 0.682135 -0.229781 0.682135 -0.229781 0.682135 1.41827e-08 9.17258e-09 1.05809e-08
-4.9 -0.7 -0.209134 0.754755 -0.209134 0.754755 -0.209134 0.754755 2.78497e-09 8.91364e-09 8.14923e-09
-4.9 -0.6 -0.183485 0.825438 -0.183485 0.825438 -0.183485 0.825438 9.80025e-09 9.66494e-09 1.46129e-08
-4.9 -0.5 -0.154656 0.890794 -0.154656 0.890794 -0.154656 0.890794 1.23337e-08 1.0791e-08 1.42648e-08
-4.9 -0.4 -0.125269 0.947883 -0.125269 0.947883 -0.125269 0.947883 1.13945e-08 1.19081e-08 2.15699e-08
-4.9 -0.3 -0.0982976 0.994391 -0.0982976 0.994391 -0.0982976 0.994391 4.18273e-09 1.28453e-08 1.29413e-08
-4.9 -0.2 -0.0766103 1.02866 -0.0766103 1.02866 -0.0766103 1.02866 1.80998e-09 1.35353e-08 1.24393e-08
-4.9 -0.1 -0.0625655 1.0496 -0.0625655 1.0496 -0.0625655 1.0496 9.5762e-09 1.3954e-08 2.2044e-08
-4.9 -1.02696e-15 -0.0577054 1.05665 -0.0577054 1.05665 -0.0577054 1.05665 1.84215e-08 1.40941e-08 2.86166e-08
-4.9 0.1 -0.0625655 1.0496 -0.0625655 1.0496 -0.0625655 1.0496 9.5762e-09 1.3954e-08 2.2044e-08
-4.9 0.2 -0.0766103 1.02866 -0.0766103 1.02866 -0.0766103 1.02866 1.80998e-09 1.35353e-08 1.24393e-08
-4.9 0.3 -0.0982976 0.994391 -0.0982976 0.994391 -0.0982976 0.994391 4.18273e-09 1.28453e-08 1.29413e-08
-4.9 0.4 -0.125269 0.947883 -0.125269 0.947883 -0.125269 0.947883 1.13945e-08 1.19081e-08 2.15699e-08
-4.9 0.5 -0.154656 0.890794 -0.154656 0.890794 -0.154656 0.890794 1.23337e-08 1.0791e-08 1.42648e-08
-4.9 0.6 -0.183485 0.825438 -0.183485 0.825438 -0.183485 0.825438 9.80026e-09 9.66494e-09 1.46129e-08
-4.9 0.7 -0.209134 0.754755 -0.209134 0.754755 -0.209134 0.754755 2.78495e-09 8.91365e-09 8.14926e-09
-4.9 0.8 -0.229781 0.682135 -0.229781 0.682135 -0.229781 0.682135 1.41827e-08 9.1726e-09 1.05809e-08
-4.9 0.9 -0.244773 0.611081 -0.244773 0.611081 -0.244773 0.611081 1.24051e-08 1.09449e-08 1.69048e-08
-4.9 1 -0.2548 0.544718 -0.2548 0.544718 -0.2548 0.544718 5.46637e-09 1.41373e-08 1.84702e-08
-4.9 1.1 -0.261814 0.485225 -0.261814 0.485225 -0.261814 0.485225 2.0521e-08 1.82906e-08 3.23977e-08
-4.9 1.2 -0.268634 0.43331 -0.268634 0.43331 -0.268634 0.43331 1.23684e-08 2.28879e-08 3.45348e-08
-4.9 1.3 -0.278263 0.38788 -0.278263 0.38788 -0.278263 0.38788 1.36234e-08 2.742e-08 2.21796e-08
-4.9 1.4 -0.293019 0.346049 -0.293019 0.346049 -0.293019 0.346049 6.44753e-09 3.14369e-08 2.5072e-08
-4.9 1.5 -0.313662 0.303592 -0.313662 0.303592 -0.313662 0.303592 2.50208e-09 3.4635e-08 3.63627e-08
-4.9 1.6 -0.338762 0.255816 -0.338762 0.255816 -0.338762 0.255816 3.36711e-08 3.69069e-08 6.86071e-08
-4.9 1.7 -0.364524 0.198741 -0.364524 0.198741 -0.364524 0.198741 2.5824e-08 3.83149e-08 3.16886e-08
-4.9 1.8 -0.38523 0.130302 -0.38523 0.130302 -0.38523 0.130302 4.53408e-08 3.90184e-08 7.36788e-08
-4.9 1.9 -0.39427 0.0512661 -0.39427 0.0512661 -0.39427 0.0512661 1.17472e-08 3.92057e-08 3.06431e-08
-4.9 2 -0.385584 -0.0344519 -0.385584 -0.0344519 -0.385584 -0.0344519 8.32956e-09 3.90556e-08 3.83078e-08
-4.9 2.1 -0.355148 -0.120239 -0.355148 -0.120239 -0.355148 -0.120239 3.18285e-08 3.87251e-08 6.30356e-08
-4.9 2.2 -0.302097 -0.197953 -0.302097 -0.197953 -0.302097 -0.197953 2.3847e-08 3.8351e-08 3.27213e-08
-4.9 2.3 -0.229117 -0.259521 -0.229117 -0.259521 -0.229117 -0.259521 2.23788e-08 3.8055e-08 3.3629e-08
-4.9 2.4 -0.142004 -0.298515 -0.142004 -0.298515 -0.142004 -0.298515 7.72715e-08 3.79451e-08 7.87353e-08
-4.9 2.5 -0.0485182 -0.311243 -0.0485182 -0.311243 -0.0485182 -0.311243 7.61846e-08 3.81086e-08 1.03016e-07
-4.9 2.6 0.0430401 -0.297071 0.0430401 -0.297071 0.0430401 -0.297071 2.06023e-08 3.85983e-08 1.80057e-08
-4.9 2.7 0.125038 -0.257997 0.125038 -0.257997 0.125038 -0.257997 3.04822e-08 3.94144e-08 6.97373e-08
-4.9 2.8 0.191116 -0.197821 0.191116 -0.197821 0.191116 -0.197821 4.72991e-09 4.0495e-08 4.46366e-08
-4.9 2.9 0.236147 -0.121439 0.236147 -0.121439 0.236147 -0.121439 7.77289e-08 4.17233e-08 7.73648e-08
-4.9 3 0.255879 -0.0346764 0.255879 -0.0346764 0.255879 -0.0346764 2.50057e-08 4.29545e-08 5.6869e-08
-4.9 3.1 0.246843 0.0552589 0.246843 0.0552589 0.246843 0.0552589 2.3945e-08 4.4051e-08 4.22773e-08
-4.9 3.2 0.207059 0.139111 0.207059 0.139111 0.207059 0.139111 4.00424e-08 4.49121e-08 1.16849e-08
-4.9 3.3 0.137641 0.205475 0.137641 0.205475 0.137641 0.205475 1.07677e-07 4.54867e-08 1.11686e-07
-4.9 3.4 0.0447849 0.242009 0.0447849 0.242009 0.0447849 0.242009 5.55516e-08 4.57695e-08 9.117e-08
-4.9 3.5 -0.0589228 0.238273 -0.0589228 0.238273 -0.0589228 0.238273 5.31349e-08 4.57879e-08 3.63133e-08
-4.9 3.6 -0.155074 0.189632 -0.155074 0.189632 -0.155074 0.189632 3.55541e-08 4.55865e-08 7.98094e-08
-4.9 3.7 -0.222601 0.100879 -0.222601 0.100879 -0.222601 0.100879 3.51756e-08 4.52158e-08 6.79452e-08
-4.9 3.8 -0.243237 -0.0121858 -0.243237 -0.0121858 -0.243237 -0.0121857 5.23411e-08 4.47247e-08 4.85338e-08
-4.9 3.9 -0.207794 -0.124626 -0.207794 -0.124626 -0.207794 -0.124626 7.85859e-08 4.41571e-08 7.73173e-08
-4.9 4 -0.120981 -0.207997 -0.120981 -0.207997 -0.120981 -0.207997 3.16753e-08 4.35507e-08 7.45363e-08
-4.9 4.1 -0.00251017 -0.238494 -0.00251017 -0.238494 -0.00251016 -0.238494 3.89145e-08 4.29377e-08 2.64462e-08
-4.9 4.2 0.116732 -0.205108 0.116732 -0.205108 0.116732 -0.205108 3.94429e-08 4.23445e-08 6.25483e-08
-4.9 4.3 0.202967 -0.114763 0.202967 -0.114763 0.202967 -0.114763 2.91201e-08 4.1793e-08 6.36686e-08
-4.9 4.4 0.229956 0.00789941 0.229956 0.00789942 0.229956 0.00789943 6.82113e-08 4.13006e-08 6.48945e-08
-4.9 4.5 0.188148 0.126768 0.188148 0.126768 0.188148 0.126768 7.21824e-08 4.08801e-08 1.12442e-07
-4.9 4.6 0.0891585 0.205046 0.0891585 0.205046 0.0891584 0.205046 3.51172e-08 4.05401e-08 7.21119e-08
-4.9 4.7 -0.0364968 0.217299 -0.0364968 0.217299 -0.0364968 0.217299 6.74194e-08 4.02841e-08 1.07657e-07
-4.9 4.8 -0.1483 0.158693 -0.1483 0.158693 -0.1483 0.158693 4.0969e-08 4.01113e-08 5.6504e-08
-4.9 4.9 -0.208797 0.0479333 -0.208797 0.0479333 -0.208797 0.0479333 3.15263e-08 4.00161e-08 7.11939e-08
-4.9 5 -0.196682 -0.0777051 -0.196682 -0.0777051 -0.196682 -0.0777051 3.92848e-08 3.99892e-08 4.86257e-08
-4.8 -5 -0.193041 0.0857987 -0.193041 0.0857987 -0.193041 0.0857987 1.54684e-08 4.00759e-08 4.46425e-08
-4.8 -4.9 -0.110759 0.182896 -0.110759 0.182896 -0.110759 0.182896 3.75701e-08 4.00451e-08 7.75379e-08
-4.8 -4.8 0.011915 0.216327 0.011915 0.216327 0.011915 0.216327 3.86307e-08 4.0071e-08 7.18992e-08
-4.8 -4.7 0.132272 0.175446 0.132272 0.175446 0.132272 0.175446 5.90668e-08 4.01667e-08 5.72173e-08
-4.8 -4.6 0.210019 0.074873 0.210019 0.074873 0.210019 0.074873 2.46025e-08 4.0342e-08 6.46615e-08
-4.8 -4.5 0.220309 -0.0518291 0.220309 -0.0518291 0.220309 -0.0518291 3.2041e-08 4.06027e-08 6.38657e-08
-4.8 -4.4 0.160782 -0.164062 0.160782 -0.164062 0.160782 -0.164062 7.12005e-08 4.09495e-08 6.63412e-08
-4.8 -4.3 0.0509237 -0.227405 0.0509237 -0.227405 0.0509237 -0.227405 4.14965e-08 4.13784e-08 6.95708e-08
-4.8 -4.2 -0.0753764 -0.223855 -0.0753763 -0.223855 -0.0753763 -0.223855 1.80649e-08 4.18801e-08 4.64086e-08
-4.8 -4.1 -0.181116 -0.15612 -0.181116 -0.15612 -0.181116 -0.15612 5.69252e-08 4.24404e-08 8.52131e-08
-4.8 -4 -0.237424 -0.0451824 -0.237424 -0.0451824 -0.237424 -0.0451824 3.58718e-08 4.30404e-08 1.2235e-08
-4.8 -3.9 -0.231213 0.0774505 -0.231213 0.0774505 -0.231213 0.0774505 1.05742e-08 4.36563e-08 3.53717e-08
-4.8 -3.8 -0.167254 0.179774 -0.167254 0.179774 -0.167254 0.179774 2.17335e-08 4.42591e-08 6.33046e-08
-4.8 -3.7 -0.0646922 0.238178 -0.0646922 0.238178 -0.0646922 0.238178 4.46871e-08 4.48139e-08 8.46202e-08
-4.8 -3.6 0.0500965 0.242573 0.0500965 0.242573 0.0500965 0.242573 3.00659e-08 4.52794e-08 7.50957e-08
-4.8 -3.5 0.151502 0.19677 0.151502 0.19677 0.151502 0.19677 1.799e-08 4.56081e-08 5.94242e-08
-4.8 -3.4 0.220877 0.114879 0.220877 0.114879 0.220877 0.114879 6.98347e-08 4.57479e-08 8.30068e-08
-4.8 -3.3 0.249395 0.0156825 0.249395 0.0156825 0.249395 0.0156825 2.90339e-08 4.56469e-08 3.02692e-08
-4.8 -3.2 0.237487 -0.0827611 0.237487 -0.0827611 0.237487 -0.0827612 7.05587e-08 4.52627e-08 2.53802e-08
-4.8 -3.1 0.191978 -0.166663 0.191978 -0.166663 0.191978 -0.166663 9.25063e-09 4.45762e-08 4.80217e-08
-4.8 -3 0.122576 -0.227638 0.122576 -0.227638 0.122576 -0.227638 2.24185e-08 4.36079e-08 2.33505e-08
-4.8 -2.9 0.0391012 -0.261921 0.0391012 -0.261921 0.0391012 -0.261921 4.85459e-08 4.24295e-08 7.07004e-08
-4.8 -2.8 -0.0498418 -0.268748 -0.0498418 -0.268748 -0.0498418 -0.268748 2.97724e-08 4.11624e-08 4.05762e-08
-4.8 -2.7 -0.136923 -0.248955 -0.136923 -0.248955 -0.136923 -0.248955 4.03855e-08 3.99562e-08 5.28336e-08
-4.8 -2.6 -0.215534 -0.20439 -0.215534 -0.20439 -0.215534 -0.20439 2.42823e-08 3.89533e-08 2.28858e-08
-4.8 -2.5 -0.279403 -0.138109 -0.279403 -0.138109 -0.279403 -0.138109 6.09628e-09 3.82527e-08 3.90845e-08
-4.8 -2.4 -0.322828 -0.0548747 -0.322828 -0.0548747 -0.322828 -0.0548747 3.69445e-08 3.78897e-08 5.45202e-08
-4.8 -2.3 -0.341521 0.0386225 -0.341521 0.0386225 -0.341521 0.0386225 3.46137e-08 3.78366e-08 5.53552e-08
-4.8 -2.2 -0.333667 0.134241 -0.333667 0.134241 -0.333667 0.134241 1.51367e-08 3.80186e-08 4.75359e-08
-4.8 -2.1 -0.300658 0.223558 -0.300658 0.223558 -0.300658 0.223558 7.38323e-09 3.83316e-08 4.50422e-08
-4.8 -2 -0.247092 0.299403 -0.247092 0.299403 -0.247092 0.299403 2.1044e-08 3.8654e-08 3.88582e-08
-4.8 -1.9 -0.179928 0.357253 -0.179928 0.357253 -0.179928 0.357253 2.90345e-08 3.88496e-08 6.20342e-08
-4.8 -1.8 -0.107021 0.396015 -0.107021 0.396015 -0.107021 0.396015 1.30975e-08 3.87639e-08 2.90398e-08
-4.8 -1.7 -0.0354723 0.417978 -0.0354723 0.417978 -0.0354723 0.417978 1.93992e-08 3.82208e-08 4.54105e-08
-4.8 -1.6 0.0297371 0.427968 0.0297371 0.427968 0.0297371 0.427968 2.84596e-08 3.70289e-08 6.48549e-08
-4.8 -1.5 0.0864822 0.432 0.0864822 0.432 0.0864822 0.432 3.16966e-08 3.50115e-08 6.62234e-08
-4.8 -1.4 0.135478 0.435838 0.135478 0.435838 0.135478 0.435838 3.75295e-09 3.20675e-08 3.12933e-08
-4.8 -1.3 0.179608 0.443818 0.179608 0.443818 0.179608 0.443818 1.12984e-08 2.82495e-08 2.69451e-08
-4.8 -1.2 0.222862 0.458189 0.222862 0.458189 0.222862 0.458189 3.03069e-08 2.3811e-08 5.30967e-08
-4.8 -1.1 0.269185 0.479038 0.269185 0.479038 0.269185 0.479038 1.44991e-08 1.91788e-08 7.19206e-09
-4.8 -1 0.321524 0.504698 0.321524 0.504698 0.321524 0.504698 2.37078e-09 1.48686e-08 1.63982e-08
-4.8 -0.9 0.381224 0.53247 0.381224 0.53247 0.381224 0.53247 2.19841e-08 1.14192e-08 3.05652e-08
-4.8 -0.8 0.447849 0.559407 0.447849 0.559407 0.447849 0.559407 2.21834e-09 9.34089e-09 1.15504e-08
-4.8 -0.7 0.519353 0.583003 0.519353 0.583003 0.519353 0.583003 6.48504e-09 8.84192e-09 1.15855e-08
-4.8 -0.6 0.592499 0.601636 0.592499 0.601636 0.592499 0.601636 2.65787e-08 9.49233e-09 2.16692e-08
-4.8 -0.5 0.663384 0.614744 0.663384 0.614744 0.663384 0.614744 1.63366e-08 1.06116e-08 1.45285e-08
-4.8 -0.4 0.727962 0.622736 0.727962 0.622735 0.727962 0.622736 6.60264e-09 1.17573e-08 5.93079e-09
-4.8 -0.3 0.782476 0.626719 0.782476 0.626719 0.782476 0.626719 8.23034e-09 1.27288e-08 1.41545e-08
-4.8 -0.2 0.823778 0.628125 0.823778 0.628125 0.823778 0.628125 1.58935e-08 1.34469e-08 9.57693e-09
-4.8 -0.1 0.849518 0.62832 0.849518 0.62832 0.849518 0.62832 5.69141e-09 1.38834e-08 1.50597e-08
-4.8 -1.02696e-15 0.858259 0.628269 0.858259 0.628269 0.858259 0.628269 1.28165e-08 1.40295e-08 1.85322e-08
-4.8 0.1 0.849518 0.62832 0.849518 0.62832 0.849518 0.62832 5.69141e-09 1.38834e-08 1.50597e-08
-4.8 0.2 0.823778 0.628125 0.823778 0.628125 0.823778 0.628125 1.58935e-08 1.34469e-08 9.57692e-09
-4.8 0.3 0.782476 0.626719 0.782476 0.626719 0.782476 0.626719 8.23033e-09 1.27288e-08 1.41545e-08
-4.8 0.4 0.727962 0.622736 0.727962 0.622735 0.727962 0.622736 6.60265e-09 1.17573e-08 5.93078e-09
-4.8 0.5 0.663384 0.614744 0.663384 0.614744 0.663384 0.614744 1.63366e-08 1.06116e-08 1.45285e-08
-4.8 0.6 0.592499 0.601636 0.592499 0.601636 0.592499 0.601636 2.65787e-08 9.49233e-09 2.16692e-08
-4.8 0.7 0.519353 0.583003 0.519353 0.583003 0.519353 0.583003 6.48504e-09 8.84192e-09 1.15855e-08
-4.8 0.8 0.447849 0.559407 0.447849 0.559407 0.447849 0.559407 2.21836e-09 9.34087e-09 1.15504e-08
-4.8 0.9 0.381224 0.53247 0.381224 0.53247 0.381224 0.53247 2.19841e-08 1.14192e-08 3.05653e-08
-4.8 1 0.321524 0.504698 0.321524 0.504698 0.321524 0.504698 2.3708e-09 1.48686e-08 1.63982e-08
-4.8 1.1 0.269185 0.479038 0.269185 0.479038 0.269185 0.479038 1.44991e-08 1.91788e-08 7.19207e-09
-4.8 1.2 0.222862 0.458189 0.222862 0.458189 0.222862 0.458189 3.03069e-08 2.3811e-08 5.30967e-08
-4.8 1.3 0.179608 0.443818 0.179608 0.443818 0.179608 0.443818 1.12983e-08 2.82495e-08 2.69451e-08
-4.8 1.4 0.135478 0.435838 0.135478 0.435838 0.135478 0.435838 3.75294e-09 3.20675e-08 3.12933e-08
-4.8 1.5 0.0864822 0.432 0.0864822 0.432 0.0864822 0.432 3.16966e-08 3.50115e-08 6.62234e-08
-4.8 1.6 0.0297371 0.427968 0.0297371 0.427968 0.0297371 0.427968 2.84596e-08 3.70289e-08 6.48549e-08
-4.8 1.7 -0.0354723 0.417978 -0.0354723 0.417978 -0.0354723 0.417978 1.93992e-08 3.82208e-08 4.54105e-08
-4.8 1.8 -0.107021 0.396015 -0.107021 0.396015 -0.107021 0.396015 1.30975e-08 3.87639e-08 2.90398e-08
-4.8 1.9 -0.179928 0.357253 -0.179928 0.357253 -0.179928 0.357253 2.90345e-08 3.88496e-08 6.20342e-08
-4.8 2 -0.247092 0.299403 -0.247092 0.299403 -0.247092 0.299403 2.1044e-08 3.8654e-08 3.88582e-08
-4.8 2.1 -0.300658 0.223558 -0.300658 0.223558 -0.300658 0.223558 7.38323e-09 3.83316e-08 4.50422e-08
-4.8 2.2 -0.333667 0.134241 -0.333667 0.134241 -0.333667 0.134241 1.51367e-08 3.80186e-08 4.75359e-08
-4.8 2.3 -0.341521 0.0386225 -0.341521 0.0386225 -0.341521 0.0386225 3.46137e-08 3.78366e-08 5.53552e-08
-4.8 2.4 -0.322828 -0.0548747 -0.322828 -0.0548747 -0.322828 -0.0548747 3.69445e-08 3.78897e-08 5.45202e-08
-4.8 2.5 -0.279403 -0.138109 -0.279403 -0.138109 -0.279403 -0.138109 6.09626e-09 3.82527e-08 3.90845e-08
-4.8 2.6 -0.215534 -0.20439 -0.215534 -0.20439 -0.215534 -0.20439 2.42822e-08 3.89533e-08 2.28858e-08
-4.8 2.7 -0.136923 -0.248955 -0.136923 -0.248955 -0.136923 -0.248955 4.03855e-08 3.99562e-08 5.28336e-08
-4.8 2.8 -0.0498418 -0.268748 -0.0498418 -0.268748 -0.0498418 -0.268748 2.97724e-08 4.11624e-08 4.05762e-08
-4.8 2.9 0.0391012 -0.261921 0.0391012 -0.261921 0.0391012 -0.261921 4.85459e-08 4.24295e-08 7.07004e-08
-4.8 3 0.122576 -0.227638 0.122576 -0.227638 0.122576 -0.227638 2.24185e-08 4.36079e-08 2.33505e-08
-4.8 3.1 0.191978 -0.166663 0.191978 -0.166663 0.191978 -0.166663 9.25062e-09 4.45762e-08 4.80217e-08
-4.8 3.2 0.237487 -0.0827611 0.237487 -0.0827611 0.237487 -0.0827612 7.05587e-08 4.52627e-08 2.53802e-08
-4.8 3.3 0.249395 0.0156825 0.249395 0.0156825 0.249395 0.0156825 2.90338e-08 4.56469e-08 3.02692e-08
-4.8 3.4 0.220877 0.114879 0.220877 0.114879 0.220877 0.114879 6.98347e-08 4.57479e-08 8.30068e-08
-4.8 3.5 0.151502 0.19677 0.151502 0.19677 0.151502 0.19677 1.799e-08 4.56081e-08 5.94242e-08
-4.8 3.6 0.0500965 0.242573 0.0500965 0.242573 0.0500965 0.242573 3.00659e-08 4.52794e-08 7.50957e-08
-4.8 3.7 -0.0646922 0.238178 -0.0646922 0.238178 -0.0646922 0.238178 4.46871e-08 4.48139e-08 8.46202e-08
-4.8 3.8 -0.167254 0.179774 -0.167254 0.179774 -0.167254 0.179774 2.17335e-08 4.42591e-08 6.33046e-08
-4.8 3.9 -0.231213 0.0774505 -0.231213 0.0774505 -0.231213 0.0774505 1.05742e-08 4.36563e-08 3.53717e-08
-4.8 4 -0.237424 -0.0451824 -0.237424 -0.0451824 -0.237424 -0.0451824 3.58718e-08 4.30404e-08 1.2235e-08
-4.8 4.1 -0.181116 -0.15612 -0.181116 -0.15612 -0.181116 -0.15612 5.69251e-08 4.24404e-08 8.52131e-08
-4.8 4.2 -0.0753764 -0.223855 -0.0753763 -0.223855 -0.0753763 -0.223855 1.80649e-08 4.188e-08 4.64086e-08
-4.8 4.3 0.0509237 -0.227405 0.0509237 -0.227405 0.0509237 -0.227405 4.14965e-08 4.13784e-08 6.95708e-08
-4.8 4.4 0.160782 -0.164062 0.160782 -0.164062 0.160782 -0.164062 7.12005e-08 4.09495e-08 6.63412e-08
-4.8 4.5 0.220309 -0.0518291 0.220309 -0.0518291 0.220309 -0.0518291 3.2041e-08 4.06026e-08 6.38657e-08
-4.8 4.6 0.210019 0.074873 0.210019 0.074873 0.210019 0.074873 2.46026e-08 4.0342e-08 6.46615e-08
-4.8 4.7 0.132272 0.175446 0.132272 0.175446 0.132272 0.175446 5.90668e-08 4.01667e-08 5.72173e-08
-4.8 4.8 0.011915 0.216327 0.011915 0.216327 0.011915 0.216327 3.86307e-08 4.0071e-08 7.18993e-08
-4.8 4.9 -0.110759 0.182896 -0.110759 0.182896 -0.110759 0.182896 3.757e-08 4.00451e-08 7.75379e-08
-4.8 5 -0.193041 0.0857987 -0.193041 0.0857987 -0.193041 0.0857987 1.54685e-08 4.00759e-08 4.46425e-08
-4.7 -5 -0.0749748 0.197511 -0.0749748 0.197511 -0.0749748 0.197511 1.66279e-09 4.02098e-08 3.88811e-08
-4.7 -4.9 0.0532046 0.206873 0.0532046 0.206873 0.0532046 0.206873 4.90784e-08 4.01354e-08 4.67972e-08
-4.7 -4.8 0.163531 0.141494 0.163531 0.141494 0.163531 0.141494 2.25997e-08 4.01027e-08 6.22749e-08
-4.7 -4.7 0.217691 0.0254163 0.217691 0.0254163 0.217691 0.0254163 6.08202e-08 4.01275e-08 8.21107e-08
-4.7 -4.6 0.198022 -0.101096 0.198022 -0.101096 0.198022 -0.101096 3.35441e-08 4.02235e-08 6.19172e-08
-4.7 -4.5 0.11202 -0.195928 0.11202 -0.195928 0.11202 -0.195928 2.0093e-08 4.04013e-08 5.82e-08
-4.7 -4.4 -0.0116677 -0.228866 -0.0116677 -0.228866 -0.0116677 -0.228866 5.01175e-08 4.06667e-08 2.33731e-08
-4.7 -4.3 -0.133654 -0.190449 -0.133654 -0.190449 -0.133654 -0.190449 5.43254e-08 4.10205e-08 8.07818e-08
-4.7 -4.2 -0.216761 -0.0935949 -0.216761 -0.0935949 -0.216761 -0.0935949 6.38922e-08 4.14578e-08 7.06339e-08
-4.7 -4.1 -0.237244 0.0318469 -0.237244 0.0318469 -0.237244 0.0318469 4.29249e-08 4.19686e-08 4.17292e-08
-4.7 -4 -0.190928 0.149292 -0.190928 0.149292 -0.190928 0.149292 2.14117e-08 4.25374e-08 3.6975e-08
-4.7 -3.9 -0.0928348 0.226729 -0.0928348 0.226729 -0.0928348 0.226729 3.44549e-08 4.31435e-08 4.74309e-08
-4.7 -3.8 0.0289477 0.245499 0.0289477 0.245499 0.0289477 0.245499 1.227e-08 4.37609e-08 3.27326e-08
-4.7 -3.7 0.142566 0.20407 0.142566 0.20407 0.142566 0.20407 5.91462e-08 4.43577e-08 4.37499e-08
-4.7 -3.6 0.221571 0.116281 0.221571 0.116281 0.221571 0.116281 4.12874e-08 4.48959e-08 3.87111e-08
-4.7 -3.5 0.251107 0.00539572 0.251107 0.00539572 0.251107 0.00539572 1.53465e-08 4.53305e-08 5.89314e-08
-4.7 -3.4 0.229681 -0.103466 0.229681 -0.103466 0.229681 -0.103466 1.4877e-08 4.56102e-08 5.80349e-08
-4.7 -3.3 0.166819 -0.189846 0.166819 -0.189846 0.166819 -0.189846 3.76046e-08 4.56798e-08 3.17897e-08
-4.7 -3.2 0.0782407 -0.241615 0.0782407 -0.241615 0.0782407 -0.241615 4.5786e-08 4.5487e-08 6.6095e-08
-4.7 -3.1 -0.0193055 -0.255341 -0.0193055 -0.255341 -0.0193055 -0.255341 7.50317e-08 4.49934e-08 6.70281e-08
-4.7 -3 -0.111793 -0.2342 -0.111793 -0.2342 -0.111793 -0.2342 3.58514e-08 4.41909e-08 6.5426e-08
-4.7 -2.9 -0.189493 -0.184907 -0.189493 -0.184907 -0.189493 -0.184907 1.88073e-08 4.31186e-08 2.92177e-08
-4.7 -2.8 -0.246642 -0.115114 -0.246642 -0.115114 -0.246642 -0.115114 3.07779e-08 4.18708e-08 4.91492e-08
-4.7 -2.7 -0.280155 -0.0320375 -0.280155 -0.0320375 -0.280155 -0.0320375 7.63747e-09 4.0588e-08 4.78396e-08
-4.7 -2.6 -0.288418 0.0576748 -0.288418 0.0576748 -0.288418 0.0576748 3.7279e-08 3.94271e-08 7.63839e-08
-4.7 -2.5 -0.27081 0.14744 -0.27081 0.14744 -0.27081 0.14744 3.16774e-08 3.85207e-08 3.85645e-08
-4.7 -2.4 -0.228026 0.230351 -0.228026 0.230351 -0.228026 0.230351 2.84394e-08 3.7944e-08 5.36632e-08
-4.7 -2.3 -0.162757 0.299421 -0.162757 0.299421 -0.162757 0.299421 3.34087e-08 3.77028e-08 5.99839e-08
-4.7 -2.2 -0.0801198 0.348504 -0.0801198 0.348504 -0.0801198 0.348504 6.09014e-09 3.77424e-08 3.56402e-08
-4.7 -2.1 0.0125985 0.373554 0.0125985 0.373554 0.0125985 0.373554 1.52268e-08 3.79671e-08 3.77071e-08
-4.7 -2 0.106997 0.373653 0.106997 0.373653 0.106997 0.373653 2.31514e-08 3.82571e-08 4.53181e-08
-4.7 -1.9 0.195124 0.351356 0.195124 0.351356 0.195124 0.351356 2.26958e-08 3.84763e-08 3.96173e-08
-4.7 -1.8 0.271051 0.312151 0.271051 0.312151 0.271051 0.312151 1.41849e-08 3.84716e-08 4.80373e-08
-4.7 -1.7 0.331962 0.263179 0.331962 0.263179 0.331962 0.263179 2.37059e-08 3.80694e-08 6.07436e-08
-4.7 -1.6 0.378448 0.211616 0.378448 0.211616 0.378448 0.211616 1.90327e-08 3.70777e-08 2.17499e-08
-4.7 -1.5 0.413962 0.163171 0.413962 0.163171 0.413962 0.163171 5.30506e-08 3.53071e-08 7.60955e-08
-4.7 -1.4 0.443673 0.121115 0.443673 0.121115 0.443673 0.121115 2.83569e-08 3.26241e-08 4.41507e-08
-4.7 -1.3 0.473074 0.0860067 0.473074 0.0860067 0.473074 0.0860067 2.13308e-08 2.90281e-08 4.99203e-08
-4.7 -1.2 0.506721 0.0560993 0.506721 0.0560993 0.506721 0.0560993 1.43708e-08 2.4717e-08 3.18985e-08
-4.7 -1.1 0.547393 0.0282236 0.547393 0.0282236 0.547393 0.0282236 1.72767e-08 2.0084e-08 2.69119e-08
-4.7 -1 0.595777 -0.00114723 0.595777 -0.00114722 0.595777 -0.00114724 2.00056e-08 1.56432e-08 1.22003e-08
-4.7 -0.9 0.650658 -0.0349197 0.650658 -0.0349197 0.650658 -0.0349197 1.95769e-08 1.19521e-08 1.35061e-08
-4.7 -0.8 0.709447 -0.0746891 0.709447 -0.0746891 0.709447 -0.0746891 7.51474e-09 9.56368e-09 1.58983e-08
-4.7 -0.7 0.768871 -0.120424 0.768871 -0.120424 0.768871 -0.120424 2.51609e-08 8.79781e-09 3.00204e-08
-4.7 -0.6 0.825626 -0.170512 0.825626 -0.170512 0.825626 -0.170512 1.20461e-08 9.32308e-09 1.43642e-08
-4.7 -0.5 0.876864 -0.22209 0.876864 -0.22209 0.876864 -0.22209 1.16381e-08 1.04261e-08 7.11126e-09
-4.7 -0.4 0.920466 -0.271532 0.920466 -0.271532 0.920466 -0.271532 4.79563e-09 1.15991e-08 1.55088e-08
-4.7 -0.3 0.955083 -0.314998 0.955083 -0.314998 0.955083 -0.314998 2.5976e-09 1.26061e-08 1.03e-08
-4.7 -0.2 0.980016 -0.348941 0.980016 -0.348941 0.980016 -0.348941 5.02292e-09 1.33539e-08 1.24535e-08
-4.7 -0.1 0.995002 -0.370525 0.995002 -0.370525 0.995002 -0.370525 6.28165e-09 1.38093e-08 1.18991e-08
-4.7 -1.02696e-15 0.999996 -0.377928 0.999996 -0.377928 0.999996 -0.377928 1.077e-08 1.39618e-08 8.58459e-09
-4.7 0.1 0.995002 -0.370525 0.995002 -0.370525 0.995002 -0.370525 6.28164e-09 1.38093e-08 1.18991e-08
-4.7 0.2 0.980016 -0.348941 0.980016 -0.348941 0.980016 -0.348941 5.02292e-09 1.33539e-08 1.24535e-08
-4.7 0.3 0.955083 -0.314998 0.955083 -0.314998 0.955083 -0.314998 2.5976e-09 1.26061e-08 1.03e-08
-4.7 0.4 0.920466 -0.271532 0.920466 -0.271532 0.920466 -0.271532 4.79563e-09 1.15991e-08 1.55088e-08
-4.7 0.5 0.876864 -0.22209 0.876864 -0.22209 0.876864 -0.22209 1.16381e-08 1.04261e-08 7.11126e-09
-4.7 0.6 0.825626 -0.170512 0.825626 -0.170512 0.825626 -0.170512 1.20461e-08 9.32309e-09 1.43642e-08
-4.7 0.7 0.768871 -0.120424 0.768871 -0.120424 0.768871 -0.120424 2.51609e-08 8.7978e-09 3.00204e-08
-4.7 0.8 0.709447 -0.0746891 0.709447 -0.0746891 0.709447 -0.0746891 7.51474e-09 9.56369e-09 1.58983e-08
-4.7 0.9 0.650658 -0.0349197 0.650658 -0.0349197 0.650658 -0.0349197 1.95769e-08 1.19521e-08 1.35061e-08
-4.7 1 0.595777 -0.00114723 0.595777 -0.00114722 0.595777 -0.00114724 2.00056e-08 1.56432e-08 1.22003e-08
-4.7 1.1 0.547393 0.0282236 0.547393 0.0282236 0.547393 0.0282236 1.72767e-08 2.0084e-08 2.69119e-08
-4.7 1.2 0.506721 0.0560993 0.506721 0.0560993 0.506721 0.0560993 1.43708e-08 2.4717e-08 3.18985e-08
-4.7 1.3 0.473074 0.0860067 0.473074 0.0860067 0.473074 0.0860067 2.13308e-08 2.90281e-08 4.99203e-08
-4.7 1.4 0.443673 0.121115 0.443673 0.121115 0.443673 0.121115 2.83569e-08 3.26241e-08 4.41507e-08
-4.7 1.5 0.413962 0.163171 0.413962 0.163171 0.413962 0.163171 5.30506e-08 3.53071e-08 7.60955e-08
-4.7 1.6 0.378448 0.211616 0.378448 0.211616 0.378448 0.211616 1.90327e-08 3.70776e-08 2.17499e-08
-4.7 1.7 0.331962 0.263179 0.331962 0.263179 0.331962 0.263179 2.37058e-08 3.80695e-08 6.07436e-08
-4.7 1.8 0.271051 0.312151 0.271051 0.312151 0.271051 0.312151 1.41848e-08 3.84717e-08 4.80373e-08
-4.7 1.9 0.195124 0.351356 0.195124 0.351356 0.195124 0.351356 2.26958e-08 3.84763e-08 3.96173e-08
-4.7 2 0.106997 0.373653 0.106997 0.373653 0.106997 0.373653 2.31514e-08 3.82571e-08 4.53181e-08
-4.7 2.1 0.0125985 0.373554 0.0125985 0.373554 0.0125985 0.373554 1.52269e-08 3.79671e-08 3.77071e-08
-4.7 2.2 -0.0801198 0.348504 -0.0801198 0.348504 -0.0801198 0.348504 6.09014e-09 3.77424e-08 3.56402e-08
-4.7 2.3 -0.162757 0.299421 -0.162757 0.299421 -0.162757 0.299421 3.34087e-08 3.77028e-08 5.99839e-08
-4.7 2.4 -0.228026 0.230351 -0.228026 0.230351 -0.228026 0.230351 2.84394e-08 3.7944e-08 5.36632e-08
-4.7 2.5 -0.27081 0.14744 -0.27081 0.14744 -0.27081 0.14744 3.16774e-08 3.85207e-08 3.85645e-08
-4.7 2.6 -0.288418 0.0576748 -0.288418 0.0576748 -0.288418 0.0576748 3.7279e-08 3.94271e-08 7.63838e-08
-4.7 2.7 -0.280155 -0.0320375 -0.280155 -0.0320375 -0.280155 -0.0320375 7.63745e-09 4.0588e-08 4.78396e-08
-4.7 2.8 -0.246642 -0.115114 -0.246642 -0.115114 -0.246642 -0.115114 3.0778e-08 4.18708e-08 4.91492e-08
-4.7 2.9 -0.189493 -0.184907 -0.189493 -0.184907 -0.189493 -0.184907 1.88073e-08 4.31186e-08 2.92177e-08
-4.7 3 -0.111793 -0.2342 -0.111793 -0.2342 -0.111793 -0.2342 3.58513e-08 4.41909e-08 6.54259e-08
-4.7 3.1 -0.0193055 -0.255341 -0.0193055 -0.255341 -0.0193055 -0.255341 7.50317e-08 4.49934e-08 6.70281e-08
-4.7 3.2 0.0782407 -0.241615 0.0782407 -0.241615 0.0782407 -0.241615 4.5786e-08 4.5487e-08 6.6095e-08
-4.7 3.3 0.166819 -0.189846 0.166819 -0.189846 0.166819 -0.189846 3.76046e-08 4.56798e-08 3.17897e-08
-4.7 3.4 0.229681 -0.103466 0.229681 -0.103466 0.229681 -0.103466 1.4877e-08 4.56102e-08 5.80349e-08
-4.7 3.5 0.251107 0.00539572 0.251107 0.00539572 0.251107 0.00539572 1.53466e-08 4.53305e-08 5.89314e-08
-4.7 3.6 0.221571 0.116281 0.221571 0.116281 0.221571 0.116281 4.12875e-08 4.48959e-08 3.87111e-08
-4.7 3.7 0.142566 0.20407 0.142566 0.20407 0.142566 0.20407 5.91462e-08 4.43577e-08 4.37499e-08
-4.7 3.8 0.0289477 0.245499 0.0289477 0.245499 0.0289477 0.245499 1.227e-08 4.37609e-08 3.27326e-08
-4.7 3.9 -0.0928348 0.226729 -0.0928348 0.226729 -0.0928348 0.226729 3.44549e-08 4.31435e-08 4.74309e-08
-4.7 4 -0.190928 0.149292 -0.190928 0.149292 -0.190928 0.149292 2.14117e-08 4.25374e-08 3.6975e-08
-4.7 4.1 -0.237244 0.0318469 -0.237244 0.0318469 -0.237244 0.0318469 4.29248e-08 4.19686e-08 4.17293e-08
-4.7 4.2 -0.216761 -0.0935949 -0.216761 -0.0935949 -0.216761 -0.0935949 6.38922e-08 4.14578e-08 7.06339e-08
-4.7 4.3 -0.133654 -0.190449 -0.133654 -0.190449 -0.133654 -0.190449 5.43254e-08 4.10204e-08 8.07818e-08
-4.7 4.4 -0.0116677 -0.228866 -0.0116677 -0.228866 -0.0116677 -0.228866 5.01175e-08 4.06667e-08 2.33731e-08
-4.7 4.5 0.11202 -0.195928 0.11202 -0.195928 0.11202 -0.195928 2.00931e-08 4.04013e-08 5.82001e-08
-4.7 4.6 0.198022 -0.101096 0.198022 -0.101096 0.198022 -0.101096 3.35442e-08 4.02235e-08 6.19172e-08
-4.7 4.7 0.217691 0.0254163 0.217691 0.0254163 0.217691 0.0254163 6.08202e-08 4.01275e-08 8.21107e-08
-4.7 4.8 0.163531 0.141494 0.163531 0.141494 0.163531 0.141494 2.25997e-08 4.01027e-08 6.22749e-08
-4.7 4.9 0.0532046 0.206873 0.0532046 0.206873 0.0532046 0.206873 4.90783e-08 4.01354e-08 4.67972e-08
-4.7 5 -0.0749748 0.197511 -0.0749748 0.197511 -0.0749748 0.197511 1.66279e-09 4.02098e-08 3.88811e-08
-4.6 -5 0.0866071 0.19302 0.0866071 0.19302 0.0866071 0.19302 7.1135e-08 4.03734e-08 4.69568e-08
-4.6 -4.9 0.184589 0.107566 0.184589 0.107566 0.184589 0.107566 4.08068e-08 4.0273e-08 1.47205e-08
-4.6 -4.8 0.21527 -0.0182953 0.21527 -0.0182953 0.21527 -0.0182953 3.39482e-08 4.01967e-08 6.46536e-08
-4.6 -4.7 0.168969 -0.13895 0.168969 -0.13895 0.168969 -0.13895 3.33514e-08 4.0162e-08 6.15522e-08
-4.6 -4.6 0.0630219 -0.212636 0.0630219 -0.212636 0.0630219 -0.212636 2.64546e-08 4.01856e-08 6.53432e-08
-4.6 -4.5 -0.0659218 -0.215179 -0.0659218 -0.215179 -0.0659218 -0.215179 5.22043e-08 4.02819e-08 3.7442e-08
-4.6 -4.4 -0.175191 -0.146734 -0.17519 -0.146734 -0.17519 -0.146734 1.06037e-08 4.04621e-08 3.88666e-08
-4.6 -4.3 -0.230152 -0.0301514 -0.230152 -0.0301514 -0.230152 -0.0301514 3.80896e-09 4.07323e-08 3.72201e-08
-4.6 -4.2 -0.21457 0.0976536 -0.21457 0.0976536 -0.21457 0.0976536 1.35712e-08 4.10929e-08 5.298e-08
-4.6 -4.1 -0.134399 0.197996 -0.134399 0.197996 -0.134399 0.197996 2.87293e-08 4.15387e-08 5.50591e-08
-4.6 -4 -0.014446 0.242245 -0.014446 0.242245 -0.0144459 0.242245 5.73168e-08 4.20585e-08 7.73619e-08
-4.6 -3.9 0.11042 0.219557 0.11042 0.219557 0.11042 0.219557 4.19191e-08 4.26353e-08 4.00753e-08
-4.6 -3.8 0.206271 0.138511 0.206271 0.138511 0.206271 0.138511 2.3721e-08 4.32464e-08 4.63843e-08
-4.6 -3.7 0.249677 0.0227626 0.249677 0.0227626 0.249677 0.0227626 3.97683e-08 4.38634e-08 7.44956e-08
-4.6 -3.6 0.233012 -0.0972439 0.233012 -0.0972439 0.233012 -0.0972439 2.07327e-08 4.44515e-08 2.65275e-08
-4.6 -3.5 0.164393 -0.193397 0.164393 -0.193397 0.164393 -0.193397 1.64822e-08 4.49689e-08 6.13287e-08
-4.6 -3.4 0.0630903 -0.246899 0.0630903 -0.246898 0.0630903 -0.246898 3.8004e-08 4.53666e-08 6.04687e-08
-4.6 -3.3 -0.0473791 -0.251283 -0.0473791 -0.251283 -0.0473791 -0.251283 1.52258e-08 4.55894e-08 5.94879e-08
-4.6 -3.2 -0.145848 -0.211324 -0.145848 -0.211324 -0.145848 -0.211324 3.38842e-08 4.55795e-08 7.94036e-08
-4.6 -3.1 -0.217771 -0.139102 -0.217771 -0.139102 -0.217771 -0.139102 3.44105e-08 4.52852e-08 5.72454e-08
-4.6 -3 -0.256424 -0.0492288 -0.256424 -0.0492288 -0.256424 -0.0492288 4.42184e-08 4.46746e-08 6.44566e-08
-4.6 -2.9 -0.261546 0.0449553 -0.261546 0.0449553 -0.261546 0.0449553 1.93777e-08 4.37542e-08 5.80821e-08
-4.6 -2.8 -0.236762 0.133276 -0.236762 0.133276 -0.236762 0.133276 3.15759e-08 4.25845e-08 6.05135e-08
-4.6 -2.7 -0.187186 0.208757 -0.187186 0.208757 -0.187186 0.208757 4.96664e-08 4.12835e-08 2.95728e-08
-4.6 -2.6 -0.118082 0.266605 -0.118082 0.266605 -0.118082 0.266605 2.3689e-08 4.00079e-08 3.47285e-08
-4.6 -2.5 -0.0347159 0.303169 -0.0347159 0.303169 -0.0347159 0.303169 2.43821e-08 3.8915e-08 6.18177e-08
-4.6 -2.4 0.0571289 0.315554 0.0571289 0.315554 0.0571288 0.315554 1.82867e-08 3.81202e-08 4.01772e-08
-4.6 -2.3 0.150695 0.302062 0.150695 0.302062 0.150695 0.302062 2.8604e-08 3.76697e-08 5.69302e-08
-4.6 -2.2 0.23843 0.263051 0.23843 0.263051 0.23843 0.263051 2.43507e-08 3.75383e-08 3.5381e-08
-4.6 -2.1 0.312923 0.201629 0.312923 0.201629 0.312923 0.201629 1.56477e-08 3.76454e-08 5.24994e-08
-4.6 -2 0.368299 0.123658 0.368299 0.123658 0.368299 0.123658 5.51541e-08 3.78761e-08 9.29645e-08
-4.6 -1.9 0.40152 0.0369015 0.40152 0.0369015 0.40152 0.0369015 1.02209e-08 3.80948e-08 4.82418e-08
-4.6 -1.8 0.413071 -0.0504844 0.413071 -0.0504844 0.413071 -0.0504844 2.43849e-08 3.81489e-08 5.26179e-08
-4.6 -1.7 0.406763 -0.13163 0.406763 -0.13163 0.406763 -0.13163 3.18862e-08 3.78669e-08 3.97327e-08
-4.6 -1.6 0.388703 -0.202292 0.388703 -0.202292 0.388703 -0.202292 1.77768e-08 3.70572e-08 3.25134e-08
-4.6 -1.5 0.365773 -0.261464 0.365773 -0.261464 0.365773 -0.261464 1.68671e-08 3.55224e-08 4.69066e-08
-4.6 -1.4 0.344072 -0.311153 0.344072 -0.311153 0.344072 -0.311153 3.99926e-08 3.31021e-08 5.698e-08
-4.6 -1.3 0.327752 -0.355467 0.327752 -0.355467 0.327752 -0.355467 4.56299e-08 2.97469e-08 2.61703e-08
-4.6 -1.2 0.318476 -0.399327 0.318476 -0.399327 0.318476 -0.399327 2.6106e-08 2.55956e-08 4.44435e-08
-4.6 -1.1 0.315554 -0.447183 0.315554 -0.447183 0.315554 -0.447183 1.14741e-08 2.09977e-08 2.02381e-08
-4.6 -1 0.316607 -0.502034 0.316607 -0.502034 0.316607 -0.502034 8.54205e-09 1.64562e-08 2.46627e-08
-4.6 -0.9 0.318493 -0.564912 0.318493 -0.564912 0.318493 -0.564912 1.76106e-08 1.25424e-08 3.00448e-08
-4.6 -0.8 0.318248 -0.63486 0.318248 -0.63486 0.318248 -0.63486 1.19515e-08 9.84492e-09 1.58892e-08
-4.6 -0.7 0.313812 -0.709283 0.313812 -0.709283 0.313812 -0.709283 1.70382e-08 8.7872e-09 1.59551e-08
-4.6 -0.6 0.304429 -0.784527 0.304429 -0.784527 0.304429 -0.784527 1.77644e-08 9.15987e-09 1.52902e-08
-4.6 -0.5 0.290702 -0.856502 0.290702 -0.856502 0.290702 -0.856502 1.39406e-08 1.02348e-08 2.04774e-08
-4.6 -0.4 0.274356 -0.921228 0.274356 -0.921228 0.274356 -0.921228 1.7392e-08 1.14331e-08 7.18569e-09
-4.6 -0.3 0.257804 -0.975228 0.257804 -0.975228 0.257804 -0.975228 8.66168e-09 1.24768e-08 8.95834e-09
-4.6 -0.2 0.243631 -1.01574 0.243631 -1.01574 0.243631 -1.01574 1.57381e-08 1.3256e-08 1.0375e-08
-4.6 -0.1 0.234099 -1.04082 0.234099 -1.04082 0.234099 -1.04082 5.8671e-09 1.37315e-08 1.60002e-08
-4.6 -1.02696e-15 0.230742 -1.0493 0.230742 -1.0493 0.230742 -1.0493 2.71016e-08 1.38909e-08 3.80045e-08
-4.6 0.1 0.234099 -1.04082 0.234099 -1.04082 0.234099 -1.04082 5.8671e-09 1.37315e-08 1.60002e-08
-4.6 0.2 0.243631 -1.01574 0.243631 -1.01574 0.243631 -1.01574 1.57382e-08 1.3256e-08 1.0375e-08
-4.6 0.3 0.257804 -0.975228 0.257804 -0.975228 0.257804 -0.975228 8.66167e-09 1.24768e-08 8.95835e-09
-4.6 0.4 0.274356 -0.921228 0.274356 -0.921228 0.274356 -0.921228 1.7392e-08 1.14331e-08 7.1857e-09
-4.6 0.5 0.290702 -0.856502 0.290702 -0.856502 0.290702 -0.856502 1.39406e-08 1.02348e-08 2.04774e-08
-4.6 0.6 0.304429 -0.784527 0.304429 -0.784527 0.304429 -0.784527 1.77644e-08 9.15987e-09 1.52902e-08
-4.6 0.7 0.313812 -0.709283 0.313812 -0.709283 0.313812 -0.709283 1.70382e-08 8.78722e-09 1.59551e-08
-4.6 0.8 0.318248 -0.63486 0.318248 -0.63486 0.318248 -0.63486 1.19515e-08 9.84491e-09 1.58892e-08
-4.6 0.9 0.318493 -0.564912 0.318493 -0.564912 0.318493 -0.564912 1.76107e-08 1.25424e-08 3.00448e-08
-4.6 1 0.316607 -0.502034 0.316607 -0.502034 0.316607 -0.502034 8.54204e-09 1.64562e-08 2.46627e-08
-4.6 1.1 0.315554 -0.447183 0.315554 -0.447183 0.315554 -0.447183 1.14741e-08 2.09977e-08 2.0238e-08
-4.6 1.2 0.318476 -0.399327 0.318476 -0.399327 0.318476 -0.399327 2.6106e-08 2.55956e-08 4.44435e-08
-4.6 1.3 0.327752 -0.355467 0.327752 -0.355467 0.327752 -0.355467 4.56299e-08 2.97469e-08 2.61703e-08
-4.6 1.4 0.344072 -0.311153 0.344072 -0.311153 0.344072 -0.311153 3.99926e-08 3.31021e-08 5.698e-08
-4.6 1.5 0.365773 -0.261464 0.365773 -0.261464 0.365773 -0.261464 1.68671e-08 3.55224e-08 4.69066e-08
-4.6 1.6 0.388703 -0.202292 0.388703 -0.202292 0.388703 -0.202292 1.77768e-08 3.70572e-08 3.25134e-08
-4.6 1.7 0.406763 -0.13163 0.406763 -0.13163 0.406763 -0.13163 3.18862e-08 3.78669e-08 3.97327e-08
-4.6 1.8 0.413071 -0.0504844 0.413071 -0.0504844 0.413071 -0.0504844 2.43849e-08 3.81489e-08 5.26179e-08
-4.6 1.9 0.40152 0.0369015 0.40152 0.0369015 0.40152 0.0369015 1.02209e-08 3.80948e-08 4.82419e-08
-4.6 2 0.368299 0.123658 0.368299 0.123658 0.368299 0.123658 5.51541e-08 3.78762e-08 9.29645e-08
-4.6 2.1 0.312923 0.201629 0.312923 0.201629 0.312923 0.201629 1.56477e-08 3.76454e-08 5.24994e-08
-4.6 2.2 0.23843 0.263051 0.23843 0.263051 0.23843 0.263051 2.43507e-08 3.75383e-08 3.5381e-08
-4.6 2.3 0.150695 0.302062 0.150695 0.302062 0.150695 0.302062 2.8604e-08 3.76697e-08 5.69302e-08
-4.6 2.4 0.0571289 0.315554 0.0571289 0.315554 0.0571288 0.315554 1.82867e-08 3.81202e-08 4.01773e-08
-4.6 2.5 -0.0347159 0.303169 -0.0347159 0.303169 -0.0347159 0.303169 2.43821e-08 3.8915e-08 6.18177e-08
-4.6 2.6 -0.118082 0.266605 -0.118082 0.266605 -0.118082 0.266605 2.36889e-08 4.00079e-08 3.47285e-08
-4.6 2.7 -0.187186 0.208757 -0.187186 0.208757 -0.187186 0.208757 4.96664e-08 4.12835e-08 2.95728e-08
-4.6 2.8 -0.236762 0.133276 -0.236762 0.133276 -0.236762 0.133276 3.15759e-08 4.25845e-08 6.05135e-08
-4.6 2.9 -0.261546 0.0449553 -0.261546 0.0449553 -0.261546 0.0449553 1.93778e-08 4.37542e-08 5.80821e-08
-4.6 3 -0.256424 -0.0492288 -0.256424 -0.0492288 -0.256424 -0.0492288 4.42184e-08 4.46747e-08 6.44566e-08
-4.6 3.1 -0.217771 -0.139102 -0.217771 -0.139102 -0.217771 -0.139102 3.44104e-08 4.52852e-08 5.72454e-08
-4.6 3.2 -0.145848 -0.211324 -0.145848 -0.211324 -0.145848 -0.211324 3.38842e-08 4.55795e-08 7.94036e-08
-4.6 3.3 -0.0473791 -0.251283 -0.0473791 -0.251283 -0.0473791 -0.251283 1.52258e-08 4.55894e-08 5.94879e-08
-4.6 3.4 0.0630903 -0.246899 0.0630903 -0.246898 0.0630903 -0.246898 3.8004e-08 4.53666e-08 6.04687e-08
-4.6 3.5 0.164393 -0.193397 0.164393 -0.193397 0.164393 -0.193397 1.64822e-08 4.49689e-08 6.13287e-08
-4.6 3.6 0.233012 -0.0972439 0.233012 -0.0972439 0.233012 -0.0972439 2.07327e-08 4.44515e-08 2.65275e-08
-4.6 3.7 0.249677 0.0227626 0.249677 0.0227626 0.249677 0.0227626 3.97683e-08 4.38634e-08 7.44955e-08
-4.6 3.8 0.206271 0.138511 0.206271 0.138511 0.206271 0.138511 2.3721e-08 4.32464e-08 4.63843e-08
-4.6 3.9 0.11042 0.219557 0.11042 0.219557 0.11042 0.219557 4.19191e-08 4.26353e-08 4.00753e-08
-4.6 4 -0.014446 0.242245 -0.014446 0.242245 -0.0144459 0.242245 5.73168e-08 4.20585e-08 7.73619e-08
-4.6 4.1 -0.134399 0.197996 -0.134399 0.197996 -0.134399 0.197996 2.87293e-08 4.15387e-08 5.50591e-08
-4.6 4.2 -0.21457 0.0976536 -0.21457 0.0976536 -0.21457 0.0976536 1.35712e-08 4.10929e-08 5.298e-08
-4.6 4.3 -0.230152 -0.0301514 -0.230152 -0.0301514 -0.230152 -0.0301514 3.80893e-09 4.07323e-08 3.72202e-08
-4.6 4.4 -0.175191 -0.146734 -0.17519 -0.146734 -0.17519 -0.146734 1.06038e-08 4.04621e-08 3.88666e-08
-4.6 4.5 -0.0659218 -0.215179 -0.0659218 -0.215179 -0.0659218 -0.215179 5.22043e-08 4.02819e-08 3.7442e-08
-4.6 4.6 0.0630219 -0.212636 0.0630219 -0.212636 0.0630219 -0.212636 2.64546e-08 4.01855e-08 6.53432e-08
-4.6 4.7 0.168969 -0.13895 0.168969 -0.13895 0.168969 -0.13895 3.33514e-08 4.0162e-08 6.15522e-08
-4.6 4.8 0.21527 -0.0182953 0.21527 -0.0182953 0.21527 -0.0182953 3.39482e-08 4.01967e-08 6.46536e-08
-4.6 4.9 0.184589 0.107566 0.184589 0.107566 0.184589 0.107566 4.08068e-08 4.0273e-08 1.47205e-08
-4.6 5 0.0866071 0.19302 0.0866071 0.19302 0.0866071 0.19302 7.1135e-08 4.03734e-08 4.69568e-08
-4.5 -5 0.197796 0.0767627 0.197796 0.0767627 0.197796 0.0767627 8.2807e-09 4.05466e-08 4.26953e-08
-4.5 -4.9 0.20687 -0.0547019 0.20687 -0.0547019 0.20687 -0.0547019 5.0973e-08 4.04393e-08 1.4543e-08
-4.5 -4.8 0.138034 -0.166285 0.138034 -0.166285 0.138034 -0.166285 2.80348e-08 4.0338e-08 5.43291e-08
-4.5 -4.7 0.0180406 -0.217832 0.0180406 -0.217832 0.0180406 -0.217832 2.22056e-08 4.02599e-08 1.87878e-08
-4.5 -4.6 -0.109677 -0.192298 -0.109677 -0.192298 -0.109677 -0.192298 5.18045e-08 4.02231e-08 6.32748e-08
-4.5 -4.5 -0.201079 -0.0998115 -0.201079 -0.0998115 -0.201079 -0.0998115 2.68693e-08 4.02453e-08 5.99884e-08
-4.5 -4.4 -0.226188 0.0276601 -0.226188 0.0276601 -0.226188 0.0276601 8.36833e-09 4.03419e-08 4.04261e-08
-4.5 -4.3 -0.177822 0.148181 -0.177822 0.148181 -0.177822 0.148181 1.27572e-08 4.05244e-08 5.2562e-08
-4.5 -4.2 -0.0723363 0.223798 -0.0723363 0.223798 -0.0723363 0.223798 1.2977e-08 4.07992e-08 2.97043e-08
-4.5 -4.1 0.0570177 0.232056 0.0570177 0.232056 0.0570177 0.232056 3.88107e-08 4.11668e-08 6.91402e-08
-4.5 -4 0.17136 0.171786 0.17136 0.171786 0.17136 0.171786 3.90191e-08 4.1621e-08 6.7811e-08
-4.5 -3.9 0.23821 0.0619252 0.23821 0.0619252 0.23821 0.0619252 8.00397e-08 4.21495e-08 9.06102e-08
-4.5 -3.8 0.240518 -0.0656153 0.240518 -0.0656153 0.240518 -0.0656153 1.21336e-08 4.27337e-08 3.51633e-08
-4.5 -3.7 0.180192 -0.176287 0.180192 -0.176287 0.180192 -0.176287 2.62226e-08 4.33486e-08 6.92798e-08
-4.5 -3.6 0.0756208 -0.242894 0.0756208 -0.242894 0.0756208 -0.242894 8.05865e-08 4.39631e-08 1.0463e-07
-4.5 -3.5 -0.0453542 -0.252173 -0.0453542 -0.252173 -0.0453542 -0.252173 2.97921e-08 4.45391e-08 7.26303e-08
-4.5 -3.4 -0.154196 -0.206371 -0.154196 -0.206371 -0.154196 -0.206371 3.71234e-08 4.50306e-08 6.89063e-08
-4.5 -3.3 -0.22916 -0.120088 -0.22916 -0.120088 -0.22916 -0.120088 3.17388e-08 4.53846e-08 7.42167e-08
-4.5 -3.2 -0.259385 -0.0142332 -0.259385 -0.0142332 -0.259385 -0.0142332 4.16523e-08 4.55417e-08 4.26347e-08
-4.5 -3.1 -0.244986 0.0904133 -0.244986 0.0904133 -0.244986 0.0904133 3.40646e-08 4.54422e-08 5.98085e-08
-4.5 -3 -0.194074 0.177884 -0.194074 0.177884 -0.194074 0.177884 1.1164e-08 4.50367e-08 4.13264e-08
-4.5 -2.9 -0.118486 0.238911 -0.118486 0.238911 -0.118486 0.238911 3.0906e-08 4.43028e-08 6.68099e-08
-4.5 -2.8 -0.0300566 0.270255 -0.0300566 0.270255 -0.0300567 0.270255 5.20854e-08 4.32651e-08 8.14391e-08
-4.5 -2.7 0.0614675 0.272604 0.0614675 0.272604 0.0614675 0.272604 2.47217e-08 4.20086e-08 2.0636e-08
-4.5 -2.6 0.148737 0.248419 0.148737 0.248419 0.148737 0.248419 2.4411e-08 4.06743e-08 3.98075e-08
-4.5 -2.5 0.226002 0.200673 0.226002 0.200673 0.226002 0.200673 1.82537e-08 3.94301e-08 5.62597e-08
-4.5 -2.4 0.288175 0.132718 0.288175 0.132718 0.288175 0.132718 2.19633e-08 3.8426e-08 4.21341e-08
-4.5 -2.3 0.330514 0.0488805 0.330514 0.0488805 0.330514 0.0488805 1.13302e-08 3.77527e-08 3.07118e-08
-4.5 -2.2 0.349137 -0.0449684 0.349136 -0.0449684 0.349136 -0.0449684 1.79211e-08 3.74235e-08 3.72427e-08
-4.5 -2.1 0.342062 -0.141454 0.342062 -0.141454 0.342062 -0.141454 2.31749e-08 3.73821e-08 2.47774e-08
-4.5 -2 0.310167 -0.232572 0.310167 -0.232572 0.310167 -0.232572 2.81475e-08 3.75238e-08 9.80272e-09
-4.5 -1.9 0.257499 -0.311147 0.257499 -0.311147 0.257499 -0.311147 2.41172e-08 3.77152e-08 5.58189e-08
-4.5 -1.8 0.19069 -0.372356 0.19069 -0.372356 0.19069 -0.372356 2.69957e-08 3.78041e-08 1.81045e-08
-4.5 -1.7 0.11759 -0.414735 0.11759 -0.414735 0.11759 -0.414735 2.25793e-08 3.76201e-08 5.29843e-08
-4.5 -1.6 0.0455616 -0.440339 0.0455616 -0.440339 0.0455616 -0.440339 1.84455e-08 3.69725e-08 2.86981e-08
-4.5 -1.5 -0.0200417 -0.454003 -0.0200416 -0.454003 -0.0200416 -0.454003 2.37285e-08 3.5659e-08 5.66842e-08
-4.5 -1.4 -0.0767734 -0.46199 -0.0767734 -0.46199 -0.0767734 -0.46199 2.96035e-08 3.34985e-08 5.56195e-08
-4.5 -1.3 -0.125185 -0.470432 -0.125185 -0.470432 -0.125185 -0.470432 1.98675e-08 3.0398e-08 1.69391e-08
-4.5 -1.2 -0.168175 -0.484028 -0.168175 -0.484028 -0.168175 -0.484028 2.03521e-08 2.64362e-08 2.20361e-08
-4.5 -1.1 -0.209858 -0.505268 -0.209858 -0.505268 -0.209858 -0.505268 1.06613e-08 2.19104e-08 3.2436e-08
-4.5 -1 -0.254321 -0.534298 -0.254321 -0.534298 -0.254321 -0.534298 8.82335e-09 1.73012e-08 1.71193e-08
-4.5 -0.9 -0.30456 -0.569335 -0.30456 -0.569335 -0.30456 -0.569335 7.12925e-09 1.31877e-08 7.38672e-09
-4.5 -0.8 -0.361821 -0.607423 -0.361821 -0.607423 -0.361821 -0.607423 1.47211e-08 1.01876e-08 2.38625e-08
-4.5 -0.7 -0.425397 -0.64528 -0.425397 -0.64528 -0.425397 -0.64528 2.3191e-09 8.81642e-09 7.52043e-09
-4.5 -0.6 -0.492836 -0.680022 -0.492836 -0.680022 -0.492836 -0.680022 6.04828e-09 9.00602e-09 1.40377e-08
-4.5 -0.5 -0.560424 -0.709626 -0.560424 -0.709626 -0.560424 -0.709626 9.27482e-09 1.00384e-08 1.10896e-08
-4.5 -0.4 -0.623797 -0.733086 -0.623797 -0.733086 -0.623797 -0.733086 1.41536e-08 1.12589e-08 1.25821e-08
-4.5 -0.3 -0.678552 -0.750303 -0.678552 -0.750303 -0.678552 -0.750303 1.68418e-08 1.23404e-08 9.88041e-09
-4.5 -0.2 -0.720763 -0.761784 -0.720763 -0.761784 -0.720763 -0.761784 1.31703e-08 1.31529e-08 2.47135e-08
-4.5 -0.1 -0.747377 -0.768262 -0.747377 -0.768262 -0.747377 -0.768262 1.65778e-08 1.36498e-08 2.80821e-08
-4.5 -1.02696e-15 -0.756467 -0.770344 -0.756467 -0.770344 -0.756467 -0.770344 5.68176e-09 1.38165e-08 1.25028e-08
-4.5 0.1 -0.747377 -0.768262 -0.747377 -0.768262 -0.747377 -0.768262 1.65778e-08 1.36498e-08 2.80821e-08
-4.5 0.2 -0.720763 -0.761784 -0.720763 -0.761784 -0.720763 -0.761784 1.31703e-08 1.31529e-08 2.47135e-08
-4.5 0.3 -0.678552 -0.750303 -0.678552 -0.750303 -0.678552 -0.750303 1.68418e-08 1.23404e-08 9.88041e-09
-4.5 0.4 -0.623797 -0.733086 -0.623797 -0.733086 -0.623797 -0.733086 1.41536e-08 1.12589e-08 1.25821e-08
-4.5 0.5 -0.560424 -0.709626 -0.560424 -0.709626 -0.560424 -0.709626 9.27482e-09 1.00384e-08 1.10896e-08
-4.5 0.6 -0.492836 -0.680022 -0.492836 -0.680022 -0.492836 -0.680022 6.04829e-09 9.00602e-09 1.40377e-08
-4.5 0.7 -0.425397 -0.64528 -0.425397 -0.64528 -0.425397 -0.64528 2.31914e-09 8.81643e-09 7.52043e-09
-4.5 0.8 -0.361821 -0.607423 -0.361821 -0.607423 -0.361821 -0.607423 1.47211e-08 1.01876e-08 2.38625e-08
-4.5 0.9 -0.30456 -0.569335 -0.30456 -0.569335 -0.30456 -0.569335 7.12925e-09 1.31877e-08 7.38673e-09
-4.5 1 -0.254321 -0.534298 -0.254321 -0.534298 -0.254321 -0.534298 8.82335e-09 1.73012e-08 1.71193e-08
-4.5 1.1 -0.209858 -0.505268 -0.209858 -0.505268 -0.209858 -0.505268 1.06613e-08 2.19104e-08 3.2436e-08
-4.5 1.2 -0.168175 -0.484028 -0.168175 -0.484028 -0.168175 -0.484028 2.03521e-08 2.64362e-08 2.20361e-08
-4.5 1.3 -0.125185 -0.470432 -0.125185 -0.470432 -0.125185 -0.470432 1.98675e-08 3.03981e-08 1.69391e-08
-4.5 1.4 -0.0767734 -0.46199 -0.0767734 -0.46199 -0.0767734 -0.46199 2.96035e-08 3.34985e-08 5.56195e-08
-4.5 1.5 -0.0200417 -0.454003 -0.0200416 -0.454003 -0.0200416 -0.454003 2.37285e-08 3.5659e-08 5.66842e-08
-4.5 1.6 0.0455616 -0.440339 0.0455616 -0.440339 0.0455616 -0.440339 1.84455e-08 3.69725e-08 2.86981e-08
-4.5 1.7 0.11759 -0.414735 0.11759 -0.414735 0.11759 -0.414735 2.25793e-08 3.76201e-08 5.29843e-08
-4.5 1.8 0.19069 -0.372356 0.19069 -0.372356 0.19069 -0.372356 2.69956e-08 3.78042e-08 1.81045e-08
-4.5 1.9 0.257499 -0.311147 0.257499 -0.311147 0.257499 -0.311147 2.41172e-08 3.77152e-08 5.58189e-08
-4.5 2 0.310167 -0.232572 0.310167 -0.232572 0.310167 -0.232572 2.81475e-08 3.75238e-08 9.80271e-09
-4.5 2.1 0.342062 -0.141454 0.342062 -0.141454 0.342062 -0.141454 2.31749e-08 3.7382e-08 2.47775e-08
-4.5 2.2 0.349137 -0.0449684 0.349136 -0.0449684 0.349136 -0.0449684 1.79211e-08 3.74235e-08 3.72428e-08
-4.5 2.3 0.330514 0.0488805 0.330514 0.0488805 0.330514 0.0488805 1.13302e-08 3.77527e-08 3.07118e-08
-4.5 2.4 0.288175 0.132718 0.288175 0.132718 0.288175 0.132718 2.19633e-08 3.84261e-08 4.21341e-08
-4.5 2.5 0.226002 0.200673 0.226002 0.200673 0.226002 0.200673 1.82538e-08 3.94301e-08 5.62597e-08
-4.5 2.6 0.148737 0.248419 0.148737 0.248419 0.148737 0.248419 2.4411e-08 4.06743e-08 3.98074e-08
-4.5 2.7 0.0614675 0.272604 0.0614675 0.272604 0.0614675 0.272604 2.47217e-08 4.20086e-08 2.0636e-08
-4.5 2.8 -0.0300566 0.270255 -0.0300566 0.270255 -0.0300567 0.270255 5.20854e-08 4.32651e-08 8.14391e-08
-4.5 2.9 -0.118486 0.238911 -0.118486 0.238911 -0.118486 0.238911 3.09061e-08 4.43028e-08 6.68099e-08
-4.5 3 -0.194074 0.177884 -0.194074 0.177884 -0.194074 0.177884 1.1164e-08 4.50367e-08 4.13264e-08
-4.5 3.1 -0.244986 0.0904133 -0.244986 0.0904133 -0.244986 0.0904133 3.40646e-08 4.54422e-08 5.98085e-08
-4.5 3.2 -0.259385 -0.0142332 -0.259385 -0.0142332 -0.259385 -0.0142332 4.16523e-08 4.55417e-08 4.26347e-08
-4.5 3.3 -0.22916 -0.120088 -0.22916 -0.120088 -0.22916 -0.120088 3.17388e-08 4.53846e-08 7.42167e-08
-4.5 3.4 -0.154196 -0.206371 -0.154196 -0.206371 -0.154196 -0.206371 3.71234e-08 4.50306e-08 6.89063e-08
-4.5 3.5 -0.0453542 -0.252173 -0.0453542 -0.252173 -0.0453542 -0.252173 2.97921e-08 4.45391e-08 7.26303e-08
-4.5 3.6 0.0756208 -0.242894 0.0756208 -0.242894 0.0756208 -0.242894 8.05865e-08 4.39632e-08 1.0463e-07
-4.5 3.7 0.180192 -0.176287 0.180192 -0.176287 0.180192 -0.176287 2.62226e-08 4.33486e-08 6.92798e-08
-4.5 3.8 0.240518 -0.0656153 0.240518 -0.0656153 0.240518 -0.0656153 1.21336e-08 4.27337e-08 3.51633e-08
-4.5 3.9 0.23821 0.0619252 0.23821 0.0619252 0.23821 0.0619252 8.00398e-08 4.21495e-08 9.06103e-08
-4.5 4 0.17136 0.171786 0.17136 0.171786 0.17136 0.171786 3.90191e-08 4.1621e-08 6.7811e-08
-4.5 4.1 0.0570177 0.232056 0.0570177 0.232056 0.0570177 0.232056 3.88107e-08 4.11668e-08 6.91402e-08
-4.5 4.2 -0.0723363 0.223798 -0.0723363 0.223798 -0.0723363 0.223798 1.2977e-08 4.07992e-08 2.97043e-08
-4.5 4.3 -0.177822 0.148181 -0.177822 0.148181 -0.177822 0.148181 1.27572e-08 4.05244e-08 5.2562e-08
-4.5 4.4 -0.226188 0.0276601 -0.226188 0.0276601 -0.226188 0.0276601 8.36836e-09 4.03419e-08 4.04261e-08
-4.5 4.5 -0.201079 -0.0998115 -0.201079 -0.0998115 -0.201079 -0.0998115 2.68693e-08 4.02453e-08 5.99884e-08
-4.5 4.6 -0.109677 -0.192298 -0.109677 -0.192298 -0.109677 -0.192298 5.18045e-08 4.02231e-08 6.32748e-08
-4.5 4.7 0.0180406 -0.217832 0.0180406 -0.217832 0.0180406 -0.217832 2.22056e-08 4.02599e-08 1.87879e-08
-4.5 4.8 0.138034 -0.166285 0.138034 -0.166285 0.138034 -0.166285 2.80348e-08 4.0338e-08 5.4329e-08
-4.5 4.9 0.20687 -0.0547019 0.20687 -0.0547019 0.20687 -0.0547019 5.0973e-08 4.04393e-08 1.4543e-08
-4.5 5 0.197796 0.0767627 0.197796 0.0767627 0.197796 0.0767627 8.2807e-09 4.05466e-08 4.26952e-08
-4.4 -5 0.196087 -0.0834433 0.196087 -0.0834433 0.196087 -0.0834433 5.14394e-08 4.07079e-08 2.43777e-08
-4.4 -4.9 0.108882 -0.184977 0.108882 -0.184977 0.108882 -0.184977 1.1178e-08 4.0613e-08 3.00593e-08
-4.4 -4.8 -0.0205226 -0.215516 -0.0205226 -0.215516 -0.0205226 -0.215516 6.09046e-08 4.05069e-08 4.65312e-08
-4.4 -4.7 -0.142929 -0.165496 -0.142929 -0.165496 -0.142929 -0.165496 5.26732e-08 4.0405e-08 8.13714e-08
-4.4 -4.6 -0.214299 -0.0548443 -0.214299 -0.0548443 -0.214299 -0.0548443 3.43839e-08 4.0325e-08 1.59004e-08
-4.4 -4.5 -0.210671 0.0763829 -0.210671 0.0763829 -0.210671 0.0763829 2.00202e-08 4.02861e-08 5.63219e-08
-4.4 -4.4 -0.13467 0.183117 -0.13467 0.183117 -0.13467 0.183117 2.20133e-08 4.03068e-08 6.16964e-08
-4.4 -4.3 -0.0126445 0.230464 -0.0126445 0.230464 -0.0126445 0.230464 2.54478e-08 4.04034e-08 3.0574e-08
-4.4 -4.2 0.115483 0.20414 0.115483 0.20414 0.115483 0.20414 5.01064e-08 4.05881e-08 6.8007e-08
-4.4 -4.1 0.209655 0.113508 0.209655 0.113508 0.209655 0.113508 3.20903e-08 4.08676e-08 7.25754e-08
-4.4 -4 0.241968 -0.0129171 0.241968 -0.0129171 0.241968 -0.012917 3.7953e-08 4.1242e-08 5.6907e-08
-4.4 -3.9 0.204216 -0.13739 0.204216 -0.13739 0.204216 -0.13739 1.16538e-08 4.17045e-08 4.48519e-08
-4.4 -3.8 0.108852 -0.224769 0.108852 -0.224769 0.108852 -0.224769 2.1068e-08 4.22414e-08 5.64549e-08
-4.4 -3.7 -0.0163103 -0.252497 -0.0163103 -0.252497 -0.0163103 -0.252497 3.74283e-08 4.28321e-08 7.71852e-08
-4.4 -3.6 -0.137427 -0.215846 -0.137427 -0.215846 -0.137427 -0.215846 3.59926e-08 4.34494e-08 2.16948e-08
-4.4 -3.5 -0.224691 -0.127323 -0.224691 -0.127323 -0.224691 -0.127323 4.69859e-08 4.40588e-08 3.64894e-08
-4.4 -3.4 -0.259909 -0.0110951 -0.259909 -0.0110951 -0.259909 -0.0110951 1.71505e-08 4.46187e-08 4.97607e-08
-4.4 -3.3 -0.239575 0.105114 -0.239575 0.105114 -0.239575 0.105114 3.55692e-08 4.50787e-08 1.06469e-08
-4.4 -3.2 -0.173188 0.197735 -0.173188 0.197735 -0.173188 0.197735 4.37112e-08 4.53809e-08 1.28142e-08
-4.4 -3.1 -0.0782124 0.252297 -0.0782124 0.252297 -0.0782124 0.252297 2.0455e-08 4.54626e-08 5.94718e-08
-4.4 -3 0.0259893 0.264615 0.0259893 0.264615 0.0259893 0.264615 4.51985e-08 4.52627e-08 4.43044e-08
-4.4 -2.9 0.123055 0.238762 0.123055 0.238762 0.123055 0.238762 1.71959e-08 4.47365e-08 5.97963e-08
-4.4 -2.8 0.202055 0.183392 0.202055 0.183392 0.202055 0.183392 3.96012e-08 4.38747e-08 1.08199e-08
-4.4 -2.7 0.257422 0.108191 0.257422 0.108191 0.257422 0.108191 5.86422e-08 4.27238e-08 2.26795e-08
-4.4 -2.6 0.287306 0.0217018 0.287306 0.0217018 0.287306 0.0217018 3.92244e-09 4.13952e-08 4.14813e-08
-4.4 -2.5 0.291661 -0.069175 0.291661 -0.069175 0.291661 -0.069175 1.37803e-08 4.00506e-08 4.42212e-08
-4.4 -2.4 0.271075 -0.158532 0.271075 -0.158532 0.271075 -0.158532 3.03891e-08 3.88623e-08 2.7097e-08
-4.4 -2.3 0.226694 -0.240576 0.226694 -0.240576 0.226694 -0.240576 2.73492e-08 3.79641e-08 6.28471e-08
-4.4 -2.2 0.160905 -0.309318 0.160905 -0.309318 0.160905 -0.309318 1.75303e-08 3.74155e-08 5.24447e-08
-4.4 -2.1 0.0780825 -0.359122 0.0780825 -0.359122 0.0780825 -0.359122 2.75242e-08 3.71945e-08 6.10945e-08
-4.4 -2 -0.0152558 -0.385885 -0.0152558 -0.385885 -0.0152558 -0.385885 3.03965e-08 3.72149e-08 4.93979e-08
-4.4 -1.9 -0.111179 -0.388254 -0.111179 -0.388254 -0.111179 -0.388254 2.35733e-08 3.73495e-08 2.61781e-08
-4.4 -1.8 -0.201793 -0.368264 -0.201793 -0.368264 -0.201793 -0.368264 1.96524e-08 3.74468e-08 4.36366e-08
-4.4 -1.7 -0.280904 -0.33107 -0.280904 -0.33107 -0.280904 -0.33107 2.60452e-08 3.73367e-08 4.6586e-08
-4.4 -1.6 -0.34532 -0.283798 -0.34532 -0.283798 -0.34532 -0.283798 2.53062e-08 3.68295e-08 3.78594e-08
-4.4 -1.5 -0.39535 -0.233888 -0.39535 -0.233888 -0.39535 -0.233888 2.95949e-08 3.57202e-08 4.35217e-08
-4.4 -1.4 -0.434388 -0.187469 -0.434388 -0.187469 -0.434388 -0.187469 8.6403e-09 3.38121e-08 3.10543e-08
-4.4 -1.3 -0.467771 -0.148209 -0.467771 -0.148209 -0.467771 -0.148209 3.72868e-08 3.09748e-08 5.16817e-08
-4.4 -1.2 -0.501296 -0.116929 -0.501296 -0.116929 -0.501296 -0.116929 1.65729e-08 2.72288e-08 2.94999e-08
-4.4 -1.1 -0.53982 -0.0919681 -0.53982 -0.0919681 -0.53982 -0.0919681 2.06115e-08 2.28117e-08 4.17493e-08
-4.4 -1 -0.5863 -0.070104 -0.5863 -0.070104 -0.5863 -0.070104 2.4204e-08 1.81708e-08 3.6657e-08
-4.4 -0.9 -0.641399 -0.0477024 -0.641399 -0.0477024 -0.641399 -0.0477024 1.98011e-08 1.38846e-08 2.53553e-08
-4.4 -0.8 -0.703658 -0.0217824 -0.703658 -0.0217824 -0.703658 -0.0217824 2.80161e-08 1.05935e-08 2.35303e-08
-4.4 -0.7 -0.770061 0.00923674 -0.770061 0.00923674 -0.770061 0.00923674 5.92764e-09 8.89195e-09 1.43598e-08
-4.4 -0.6 -0.83677 0.0452128 -0.83677 0.0452128 -0.83677 0.0452128 8.77829e-09 8.86568e-09 1.21941e-08
-4.4 -0.5 -0.899842 0.0843707 -0.899842 0.0843707 -0.899842 0.0843707 6.13122e-09 9.8375e-09 1.59538e-08
-4.4 -0.4 -0.95576 0.123709 -0.95576 0.123709 -0.95576 0.123709 2.14439e-08 1.10761e-08 3.01582e-08
-4.4 -0.3 -1.00173 0.159587 -1.00173 0.159587 -1.00173 0.159587 1.04146e-09 1.21964e-08 1.11586e-08
-4.4 -0.2 -1.03578 0.188367 -1.03578 0.188367 -1.03578 0.188367 2.07586e-09 1.3044e-08 1.11733e-08
-4.4 -0.1 -1.05665 0.206991 -1.05665 0.206991 -1.05665 0.206991 4.3544e-09 1.35638e-08 1.3538e-08
-4.4 -1.02696e-15 -1.06368 0.213434 -1.06368 0.213434 -1.06368 0.213434 1.01025e-08 1.37383e-08 5.58994e-09
-4.4 0.1 -1.05665 0.206991 -1.05665 0.206991 -1.05665 0.206991 4.35441e-09 1.35638e-08 1.3538e-08
-4.4 0.2 -1.03578 0.188367 -1.03578 0.188367 -1.03578 0.188367 2.07584e-09 1.3044e-08 1.11733e-08
-4.4 0.3 -1.00173 0.159587 -1.00173 0.159587 -1.00173 0.159587 1.04147e-09 1.21964e-08 1.11586e-08
-4.4 0.4 -0.95576 0.123709 -0.95576 0.123709 -0.95576 0.123709 2.14439e-08 1.10761e-08 3.01582e-08
-4.4 0.5 -0.899842 0.0843707 -0.899842 0.0843707 -0.899842 0.0843707 6.13122e-09 9.8375e-09 1.59538e-08
-4.4 0.6 -0.83677 0.0452128 -0.83677 0.0452128 -0.83677 0.0452128 8.77829e-09 8.86568e-09 1.21941e-08
-4.4 0.7 -0.770061 0.00923674 -0.770061 0.00923674 -0.770061 0.00923674 5.92761e-09 8.89196e-09 1.43598e-08
-4.4 0.8 -0.703658 -0.0217824 -0.703658 -0.0217824 -0.703658 -0.0217824 2.80161e-08 1.05935e-08 2.35303e-08
-4.4 0.9 -0.641399 -0.0477024 -0.641399 -0.0477024 -0.641399 -0.0477024 1.9801e-08 1.38846e-08 2.53553e-08
-4.4 1 -0.5863 -0.070104 -0.5863 -0.070104 -0.5863 -0.070104 2.4204e-08 1.81708e-08 3.6657e-08
-4.4 1.1 -0.53982 -0.0919681 -0.53982 -0.0919681 -0.53982 -0.0919681 2.06116e-08 2.28117e-08 4.17493e-08
-4.4 1.2 -0.501296 -0.116929 -0.501296 -0.116929 -0.501296 -0.116929 1.65728e-08 2.72287e-08 2.94999e-08
-4.4 1.3 -0.467771 -0.148209 -0.467771 -0.148209 -0.467771 -0.148209 3.72868e-08 3.09748e-08 5.16816e-08
-4.4 1.4 -0.434388 -0.187469 -0.434388 -0.187469 -0.434388 -0.187469 8.6403e-09 3.38121e-08 3.10543e-08
-4.4 1.5 -0.39535 -0.233888 -0.39535 -0.233888 -0.39535 -0.233888 2.95949e-08 3.57202e-08 4.35217e-08
-4.4 1.6 -0.34532 -0.283798 -0.34532 -0.283798 -0.34532 -0.283798 2.53062e-08 3.68295e-08 3.78594e-08
-4.4 1.7 -0.280904 -0.33107 -0.280904 -0.33107 -0.280904 -0.33107 2.60452e-08 3.73367e-08 4.6586e-08
-4.4 1.8 -0.201793 -0.368264 -0.201793 -0.368264 -0.201793 -0.368264 1.96524e-08 3.74469e-08 4.36366e-08
-4.4 1.9 -0.111179 -0.388254 -0.111179 -0.388254 -0.111179 -0.388254 2.35733e-08 3.73495e-08 2.61781e-08
-4.4 2 -0.0152558 -0.385885 -0.0152558 -0.385885 -0.0152558 -0.385885 3.03965e-08 3.72149e-08 4.93979e-08
-4.4 2.1 0.0780825 -0.359122 0.0780825 -0.359122 0.0780825 -0.359122 2.75242e-08 3.71945e-08 6.10946e-08
-4.4 2.2 0.160905 -0.309318 0.160905 -0.309318 0.160905 -0.309318 1.75303e-08 3.74155e-08 5.24447e-08
-4.4 2.3 0.226694 -0.240576 0.226694 -0.240576 0.226694 -0.240576 2.73492e-08 3.79641e-08 6.28471e-08
-4.4 2.4 0.271075 -0.158532 0.271075 -0.158532 0.271075 -0.158532 3.03891e-08 3.88623e-08 2.7097e-08
-4.4 2.5 0.291661 -0.069175 0.291661 -0.069175 0.291661 -0.069175 1.37803e-08 4.00505e-08 4.42212e-08
-4.4 2.6 0.287306 0.0217018 0.287306 0.0217018 0.287306 0.0217018 3.92242e-09 4.13952e-08 4.14813e-08
-4.4 2.7 0.257422 0.108191 0.257422 0.108191 0.257422 0.108191 5.86422e-08 4.27238e-08 2.26795e-08
-4.4 2.8 0.202055 0.183392 0.202055 0.183392 0.202055 0.183392 3.96012e-08 4.38747e-08 1.08199e-08
-4.4 2.9 0.123055 0.238762 0.123055 0.238762 0.123055 0.238762 1.71959e-08 4.47365e-08 5.97963e-08
-4.4 3 0.0259893 0.264615 0.0259893 0.264615 0.0259893 0.264615 4.51985e-08 4.52627e-08 4.43045e-08
-4.4 3.1 -0.0782124 0.252297 -0.0782124 0.252297 -0.0782124 0.252297 2.0455e-08 4.54625e-08 5.94718e-08
-4.4 3.2 -0.173188 0.197735 -0.173188 0.197735 -0.173188 0.197735 4.37112e-08 4.53809e-08 1.28142e-08
-4.4 3.3 -0.239575 0.105114 -0.239575 0.105114 -0.239575 0.105114 3.55692e-08 4.50787e-08 1.06469e-08
-4.4 3.4 -0.259909 -0.0110951 -0.259909 -0.0110951 -0.259909 -0.0110951 1.71505e-08 4.46186e-08 4.97608e-08
-4.4 3.5 -0.224691 -0.127323 -0.224691 -0.127323 -0.224691 -0.127323 4.69859e-08 4.40588e-08 3.64894e-08
-4.4 3.6 -0.137427 -0.215846 -0.137427 -0.215846 -0.137427 -0.215846 3.59926e-08 4.34493e-08 2.16949e-08
-4.4 3.7 -0.0163103 -0.252497 -0.0163103 -0.252497 -0.0163103 -0.252497 3.74283e-08 4.28321e-08 7.71851e-08
-4.4 3.8 0.108852 -0.224769 0.108852 -0.224769 0.108852 -0.224769 2.1068e-08 4.22414e-08 5.64549e-08
-4.4 3.9 0.204216 -0.13739 0.204216 -0.13739 0.204216 -0.13739 1.16538e-08 4.17045e-08 4.48519e-08
-4.4 4 0.241968 -0.0129171 0.241968 -0.0129171 0.241968 -0.012917 3.7953e-08 4.1242e-08 5.6907e-08
-4.4 4.1 0.209655 0.113508 0.209655 0.113508 0.209655 0.113508 3.20903e-08 4.08676e-08 7.25754e-08
-4.4 4.2 0.115483 0.20414 0.115483 0.20414 0.115483 0.20414 5.01064e-08 4.05881e-08 6.8007e-08
-4.4 4.3 -0.0126445 0.230464 -0.0126445 0.230464 -0.0126445 0.230464 2.54478e-08 4.04034e-08 3.0574e-08
-4.4 4.4 -0.13467 0.183117 -0.13467 0.183117 -0.13467 0.183117 2.20133e-08 4.03068e-08 6.16964e-08
-4.4 4.5 -0.210671 0.0763829 -0.210671 0.0763829 -0.210671 0.0763829 2.00203e-08 4.02861e-08 5.63219e-08
-4.4 4.6 -0.214299 -0.0548443 -0.214299 -0.0548443 -0.214299 -0.0548443 3.43839e-08 4.0325e-08 1.59004e-08
-4.4 4.7 -0.142929 -0.165496 -0.142929 -0.165496 -0.142929 -0.165496 5.26732e-08 4.0405e-08 8.13713e-08
-4.4 4.8 -0.0205226 -0.215516 -0.0205226 -0.215516 -0.0205226 -0.215516 6.09046e-08 4.0507e-08 4.65312e-08
-4.4 4.9 0.108882 -0.184977 0.108882 -0.184977 0.108882 -0.184977 1.1178e-08 4.0613e-08 3.00593e-08
-4.4 5 0.196087 -0.0834433 0.196087 -0.0834433 0.196087 -0.0834433 5.14393e-08 4.07079e-08 2.43776e-08
-4.3 -5 0.084031 -0.197198 0.084031 -0.197198 0.084031 -0.197198 5.98313e-08 4.08365e-08 8.54455e-08
-4.3 -4.9 -0.0516376 -0.209372 -0.0516376 -0.209372 -0.0516375 -0.209372 3.69818e-08 4.07716e-08 7.6295e-08
-4.3 -4.8 -0.166959 -0.138947 -0.166959 -0.138947 -0.166959 -0.138947 7.11193e-08 4.06808e-08 4.12693e-08
-4.3 -4.7 -0.218577 -0.0150984 -0.218577 -0.0150984 -0.218577 -0.0150984 1.71563e-08 4.05763e-08 5.65089e-08
-4.3 -4.6 -0.189116 0.114994 -0.189116 0.114994 -0.189116 0.114994 6.04291e-08 4.0474e-08 4.30208e-08
-4.3 -4.5 -0.0911082 0.204567 -0.0911082 0.204567 -0.0911082 0.204567 4.711e-08 4.03922e-08 2.33938e-08
-4.3 -4.4 0.0398792 0.223381 0.0398792 0.223381 0.0398792 0.223381 5.05549e-08 4.0351e-08 1.91713e-08
-4.3 -4.3 0.159036 0.166485 0.159036 0.166485 0.159036 0.166485 5.47279e-08 4.037e-08 7.45693e-08
-4.3 -4.2 0.227592 0.0538338 0.227592 0.0538338 0.227592 0.0538338 8.72138e-08 4.04664e-08 6.42009e-08
-4.3 -4.1 0.224624 -0.077889 0.224624 -0.077889 0.224624 -0.077889 4.83364e-08 4.06533e-08 6.64817e-08
-4.3 -4 0.152236 -0.187815 0.152236 -0.187815 0.152236 -0.187815 6.36407e-08 4.09373e-08 1.02059e-07
-4.3 -3.9 0.0332825 -0.243557 0.0332825 -0.243557 0.0332825 -0.243557 7.49226e-09 4.13185e-08 4.61416e-08
-4.3 -3.8 -0.0969245 -0.230212 -0.0969245 -0.230212 -0.0969245 -0.230212 3.87287e-08 4.1789e-08 7.97885e-08
-4.3 -3.7 -0.201874 -0.153368 -0.201874 -0.153368 -0.201874 -0.153368 4.35067e-08 4.23337e-08 4.2472e-08
-4.3 -3.6 -0.25442 -0.0357613 -0.25442 -0.0357613 -0.25442 -0.0357613 6.44563e-08 4.29299e-08 7.71221e-08
-4.3 -3.5 -0.243504 0.0907723 -0.243504 0.0907723 -0.243504 0.0907723 1.07618e-08 4.35477e-08 4.47437e-08
-4.3 -3.4 -0.175385 0.195076 -0.175385 0.195076 -0.175385 0.195076 2.35151e-08 4.41491e-08 4.14874e-08
-4.3 -3.3 -0.0696619 0.254944 -0.0696619 0.254944 -0.0696619 0.254944 1.69407e-08 4.46881e-08 3.92008e-08
-4.3 -3.2 0.0479388 0.261512 0.0479388 0.261512 0.0479388 0.261512 6.10326e-08 4.51099e-08 6.17277e-08
-4.3 -3.1 0.153208 0.219009 0.153208 0.219009 0.153208 0.219009 2.43029e-08 4.53516e-08 6.90132e-08
-4.3 -3 0.229019 0.140839 0.229019 0.140839 0.229019 0.140839 3.32874e-08 4.5347e-08 4.58929e-08
-4.3 -2.9 0.26748 0.0440463 0.26748 0.0440463 0.26748 0.0440463 4.78956e-09 4.50355e-08 4.80325e-08
-4.3 -2.8 0.26883 -0.0556042 0.26883 -0.0556042 0.26883 -0.0556042 4.90347e-08 4.43799e-08 6.96038e-08
-4.3 -2.7 0.238388 -0.146462 0.238388 -0.146462 0.238388 -0.146462 1.35217e-08 4.3388e-08 3.65978e-08
-4.3 -2.6 0.183272 -0.221425 0.183272 -0.221425 0.183272 -0.221425 8.93255e-08 4.21319e-08 8.41663e-08
-4.3 -2.5 0.110216 -0.276703 0.110216 -0.276703 0.110216 -0.276703 2.62877e-08 4.07501e-08 3.95283e-08
-4.3 -2.4 0.0249523 -0.310128 0.0249523 -0.310128 0.0249523 -0.310128 3.0755e-08 3.94204e-08 5.62677e-08
-4.3 -2.3 -0.067227 -0.320077 -0.067227 -0.320077 -0.067227 -0.320077 2.07891e-08 3.83109e-08 5.15809e-08
-4.3 -2.2 -0.160593 -0.30544 -0.160593 -0.30544 -0.160593 -0.30544 5.68866e-09 3.75302e-08 3.49097e-08
-4.3 -2.1 -0.248612 -0.266417 -0.248612 -0.266417 -0.248612 -0.266417 8.5834e-09 3.71013e-08 2.97879e-08
-4.3 -2 -0.324477 -0.205462 -0.324477 -0.205462 -0.324477 -0.205462 3.83597e-08 3.69666e-08 3.25282e-08
-4.3 -1.9 -0.382365 -0.127692 -0.382365 -0.127692 -0.382365 -0.127692 1.11813e-08 3.70117e-08 3.27208e-08
-4.3 -1.8 -0.418884 -0.0403678 -0.418884 -0.0403678 -0.418884 -0.0403678 3.27455e-08 3.70881e-08 6.22897e-08
-4.3 -1.7 -0.434035 0.0484518 -0.434035 0.0484518 -0.434035 0.0484518 2.74021e-08 3.70257e-08 6.44036e-08
-4.3 -1.6 -0.43129 0.131651 -0.43129 0.13165 -0.43129 0.13165 1.08461e-08 3.66352e-08 4.74781e-08
-4.3 -1.5 -0.416715 0.204577 -0.416715 0.204577 -0.416715 0.204577 1.52162e-08 3.57101e-08 2.25828e-08
-4.3 -1.4 -0.39745 0.265868 -0.39745 0.265868 -0.39745 0.265868 1.68301e-08 3.40428e-08 4.93379e-08
-4.3 -1.3 -0.380025 0.317366 -0.380025 0.317366 -0.380025 0.317366 5.74489e-08 3.1472e-08 4.79717e-08
-4.3 -1.2 -0.369028 0.363224 -0.369028 0.363224 -0.369028 0.363224 3.93575e-08 2.79633e-08 4.50563e-08
-4.3 -1.1 -0.366432 0.40855 -0.366432 0.40855 -0.366432 0.40855 1.20935e-08 2.36907e-08 2.73937e-08
-4.3 -1 -0.371666 0.457988 -0.371666 0.457988 -0.371667 0.457988 2.38881e-08 1.90564e-08 3.26309e-08
-4.3 -0.9 -0.382283 0.514612 -0.382283 0.514612 -0.382283 0.514612 9.78063e-09 1.46284e-08 5.12832e-09
-4.3 -0.8 -0.394952 0.579333 -0.394952 0.579333 -0.394952 0.579333 1.01617e-08 1.10633e-08 1.37467e-08
-4.3 -0.7 -0.406465 0.650845 -0.406465 0.650845 -0.406465 0.650845 1.54184e-08 9.02018e-09 2.24444e-08
-4.3 -0.6 -0.414511 0.726019 -0.414511 0.726019 -0.414511 0.726019 5.07918e-09 8.74376e-09 5.97328e-09
-4.3 -0.5 -0.418082 0.800552 -0.418082 0.800552 -0.418082 0.800552 6.01797e-09 9.63345e-09 3.6234e-09
-4.3 -0.4 -0.41749 0.869679 -0.41749 0.869679 -0.41749 0.869679 9.22039e-09 1.08845e-08 2.51498e-09
-4.3 -0.3 -0.41407 0.928815 -0.41407 0.928815 -0.41407 0.928815 5.05565e-09 1.20442e-08 1.59469e-08
-4.3 -0.2 -0.409682 0.974035 -0.409682 0.974035 -0.409682 0.974035 8.66135e-09 1.29289e-08 4.60189e-09
-4.3 -0.1 -0.40616 1.00238 -0.40616 1.00238 -0.40616 1.00238 3.04418e-09 1.34731e-08 1.48849e-08
-4.3 -1.02696e-15 -0.404826 1.01204 -0.404826 1.01204 -0.404826 1.01204 1.11239e-08 1.3656e-08 1.8292e-08
-4.3 0.1 -0.40616 1.00238 -0.40616 1.00238 -0.40616 1.00238 3.04419e-09 1.34731e-08 1.48849e-08
-4.3 0.2 -0.409682 0.974035 -0.409682 0.974035 -0.409682 0.974035 8.66135e-09 1.29289e-08 4.6019e-09
-4.3 0.3 -0.41407 0.928815 -0.41407 0.928815 -0.41407 0.928815 5.05566e-09 1.20442e-08 1.59469e-08
-4.3 0.4 -0.41749 0.869679 -0.41749 0.869679 -0.41749 0.869679 9.22039e-09 1.08845e-08 2.51496e-09
-4.3 0.5 -0.418082 0.800552 -0.418082 0.800552 -0.418082 0.800552 6.01797e-09 9.63346e-09 3.62341e-09
-4.3 0.6 -0.414511 0.726019 -0.414511 0.726019 -0.414511 0.726019 5.07916e-09 8.74374e-09 5.97327e-09
-4.3 0.7 -0.406465 0.650845 -0.406465 0.650845 -0.406465 0.650845 1.54184e-08 9.02019e-09 2.24444e-08
-4.3 0.8 -0.394952 0.579333 -0.394952 0.579333 -0.394952 0.579333 1.01617e-08 1.10633e-08 1.37467e-08
-4.3 0.9 -0.382283 0.514612 -0.382283 0.514612 -0.382283 0.514612 9.78064e-09 1.46284e-08 5.12831e-09
-4.3 1 -0.371666 0.457988 -0.371666 0.457988 -0.371667 0.457988 2.38881e-08 1.90564e-08 3.26309e-08
-4.3 1.1 -0.366432 0.40855 -0.366432 0.40855 -0.366432 0.40855 1.20935e-08 2.36907e-08 2.73937e-08
-4.3 1.2 -0.369028 0.363224 -0.369028 0.363224 -0.369028 0.363224 3.93575e-08 2.79633e-08 4.50563e-08
-4.3 1.3 -0.380025 0.317366 -0.380025 0.317366 -0.380025 0.317366 5.74489e-08 3.1472e-08 4.79717e-08
-4.3 1.4 -0.39745 0.265868 -0.39745 0.265868 -0.39745 0.265868 1.68301e-08 3.40428e-08 4.9338e-08
-4.3 1.5 -0.416715 0.204577 -0.416715 0.204577 -0.416715 0.204577 1.52162e-08 3.57101e-08 2.25828e-08
-4.3 1.6 -0.43129 0.131651 -0.43129 0.13165 -0.43129 0.13165 1.08461e-08 3.66352e-08 4.74781e-08
-4.3 1.7 -0.434035 0.0484518 -0.434035 0.0484518 -0.434035 0.0484518 2.74021e-08 3.70257e-08 6.44036e-08
-4.3 1.8 -0.418884 -0.0403678 -0.418884 -0.0403678 -0.418884 -0.0403678 3.27455e-08 3.70881e-08 6.22897e-08
-4.3 1.9 -0.382365 -0.127692 -0.382365 -0.127692 -0.382365 -0.127692 1.11813e-08 3.70117e-08 3.27207e-08
-4.3 2 -0.324477 -0.205462 -0.324477 -0.205462 -0.324477 -0.205462 3.83598e-08 3.69667e-08 3.25282e-08
-4.3 2.1 -0.248612 -0.266417 -0.248612 -0.266417 -0.248612 -0.266417 8.58339e-09 3.71013e-08 2.97879e-08
-4.3 2.2 -0.160593 -0.30544 -0.160593 -0.30544 -0.160593 -0.30544 5.68869e-09 3.75302e-08 3.49097e-08
-4.3 2.3 -0.067227 -0.320077 -0.067227 -0.320077 -0.067227 -0.320077 2.07891e-08 3.83109e-08 5.15809e-08
-4.3 2.4 0.0249523 -0.310128 0.0249523 -0.310128 0.0249523 -0.310128 3.0755e-08 3.94204e-08 5.62677e-08
-4.3 2.5 0.110216 -0.276703 0.110216 -0.276703 0.110216 -0.276703 2.62877e-08 4.07501e-08 3.95284e-08
-4.3 2.6 0.183272 -0.221425 0.183272 -0.221425 0.183272 -0.221425 8.93255e-08 4.21319e-08 8.41664e-08
-4.3 2.7 0.238388 -0.146462 0.238388 -0.146462 0.238388 -0.146462 1.35217e-08 4.3388e-08 3.65978e-08
-4.3 2.8 0.26883 -0.0556042 0.26883 -0.0556042 0.26883 -0.0556042 4.90347e-08 4.43799e-08 6.96038e-08
-4.3 2.9 0.26748 0.0440463 0.26748 0.0440463 0.26748 0.0440463 4.78956e-09 4.50355e-08 4.80325e-08
-4.3 3 0.229019 0.140839 0.229019 0.140839 0.229019 0.140839 3.32875e-08 4.5347e-08 4.5893e-08
-4.3 3.1 0.153208 0.219009 0.153208 0.219009 0.153208 0.219009 2.43029e-08 4.53516e-08 6.90132e-08
-4.3 3.2 0.0479388 0.261512 0.0479388 0.261512 0.0479388 0.261512 6.10326e-08 4.51099e-08 6.17277e-08
-4.3 3.3 -0.0696619 0.254944 -0.0696619 0.254944 -0.0696619 0.254944 1.69407e-08 4.46881e-08 3.92008e-08
-4.3 3.4 -0.175385 0.195076 -0.175385 0.195076 -0.175385 0.195076 2.35151e-08 4.41491e-08 4.14873e-08
-4.3 3.5 -0.243504 0.0907723 -0.243504 0.0907723 -0.243504 0.0907723 1.07618e-08 4.35477e-08 4.47437e-08
-4.3 3.6 -0.25442 -0.0357613 -0.25442 -0.0357613 -0.25442 -0.0357613 6.44563e-08 4.29299e-08 7.71221e-08
-4.3 3.7 -0.201874 -0.153368 -0.201874 -0.153368 -0.201874 -0.153368 4.35068e-08 4.23337e-08 4.2472e-08
-4.3 3.8 -0.0969245 -0.230212 -0.0969245 -0.230212 -0.0969245 -0.230212 3.87288e-08 4.1789e-08 7.97885e-08
-4.3 3.9 0.0332825 -0.243557 0.0332825 -0.243557 0.0332825 -0.243557 7.49225e-09 4.13185e-08 4.61416e-08
-4.3 4 0.152236 -0.187815 0.152236 -0.187815 0.152236 -0.187815 6.36407e-08 4.09373e-08 1.02059e-07
-4.3 4.1 0.224624 -0.077889 0.224624 -0.077889 0.224624 -0.077889 4.83363e-08 4.06533e-08 6.64817e-08
-4.3 4.2 0.227592 0.0538338 0.227592 0.0538338 0.227592 0.0538338 8.72138e-08 4.04664e-08 6.42009e-08
-4.3 4.3 0.159036 0.166485 0.159036 0.166485 0.159036 0.166485 5.47279e-08 4.037e-08 7.45693e-08
-4.3 4.4 0.0398792 0.223381 0.0398792 0.223381 0.0398792 0.223381 5.05549e-08 4.0351e-08 1.91713e-08
-4.3 4.5 -0.0911082 0.204567 -0.0911082 0.204567 -0.0911082 0.204567 4.711e-08 4.03922e-08 2.33938e-08
-4.3 4.6 -0.189116 0.114994 -0.189116 0.114994 -0.189116 0.114994 6.04291e-08 4.0474e-08 4.30208e-08
-4.3 4.7 -0.218577 -0.0150984 -0.218577 -0.0150984 -0.218577 -0.0150984 1.71563e-08 4.05763e-08 5.65089e-08
-4.3 4.8 -0.166959 -0.138947 -0.166959 -0.138947 -0.166959 -0.138947 7.11194e-08 4.06808e-08 4.12693e-08
-4.3 4.9 -0.0516376 -0.209372 -0.0516376 -0.209372 -0.0516375 -0.209372 3.69818e-08 4.07716e-08 7.6295e-08
-4.3 5 0.084031 -0.197198 0.084031 -0.197198 0.084031 -0.197198 5.98313e-08 4.08365e-08 8.54455e-08
-4.2 -5 -0.0751202 -0.202409 -0.0751202 -0.202409 -0.0751202 -0.202409 7.36386e-08 4.09142e-08 8.06707e-08
-4.2 -4.9 -0.183575 -0.115666 -0.183575 -0.115666 -0.183575 -0.115666 3.40108e-08 4.08935e-08 7.24866e-08
-4.2 -4.8 -0.21757 0.0176769 -0.21757 0.0176769 -0.21757 0.0176769 1.22501e-08 4.0836e-08 3.86485e-08
-4.2 -4.7 -0.166124 0.144054 -0.166124 0.144054 -0.166124 0.144054 3.01041e-08 4.07499e-08 4.88568e-08
-4.2 -4.6 -0.0512651 0.215803 -0.0512651 0.215803 -0.0512651 0.215803 4.36878e-08 4.06475e-08 5.08469e-08
-4.2 -4.5 0.0830893 0.208128 0.0830893 0.208128 0.0830893 0.208128 8.11755e-08 4.05449e-08 6.94495e-08
-4.2 -4.4 0.18869 0.1258 0.18869 0.1258 0.18869 0.1258 5.69931e-08 4.04614e-08 9.68405e-08
-4.2 -4.3 0.229849 -0.00110062 0.229849 -0.00110062 0.229849 -0.00110061 4.53371e-08 4.04178e-08 6.45812e-08
-4.2 -4.2 0.19418 -0.129309 0.19418 -0.129309 0.19418 -0.129309 1.26916e-08 4.04349e-08 3.32092e-08
-4.2 -4.1 0.0946618 -0.217346 0.0946618 -0.217346 0.0946618 -0.217346 4.4768e-08 4.0531e-08 7.96445e-08
-4.2 -4 -0.0363896 -0.23833 -0.0363896 -0.23833 -0.0363896 -0.23833 4.53355e-08 4.07198e-08 6.70481e-08
-4.2 -3.9 -0.158626 -0.187076 -0.158626 -0.187076 -0.158626 -0.187076 5.18692e-08 4.10083e-08 8.46945e-08
-4.2 -3.8 -0.236305 -0.0800472 -0.236305 -0.0800472 -0.236305 -0.0800472 7.86031e-08 4.1396e-08 8.84289e-08
-4.2 -3.7 -0.248415 0.0510978 -0.248415 0.0510978 -0.248415 0.0510978 2.34275e-08 4.18742e-08 3.2439e-08
-4.2 -3.6 -0.193555 0.169831 -0.193555 0.169831 -0.193555 0.169831 1.02668e-08 4.24261e-08 3.66229e-08
-4.2 -3.5 -0.0885972 0.245522 -0.0885972 0.245522 -0.0885972 0.245522 1.74302e-08 4.30266e-08 4.29749e-08
-4.2 -3.4 0.0378441 0.261347 0.0378441 0.261347 0.0378441 0.261347 8.62731e-08 4.36425e-08 1.03753e-07
-4.2 -3.3 0.154581 0.21723 0.154581 0.21723 0.154581 0.21723 1.68623e-08 4.42323e-08 3.4333e-08
-4.2 -3.2 0.236488 0.127522 0.236488 0.127522 0.236488 0.127522 5.0377e-08 4.4745e-08 7.66759e-08
-4.2 -3.1 0.269986 0.0148901 0.269986 0.0148901 0.269986 0.0148901 1.77433e-08 4.51208e-08 4.28447e-08
-4.2 -3 0.25415 -0.0969963 0.25415 -0.0969963 0.25415 -0.0969963 1.22688e-08 4.52919e-08 5.41282e-08
-4.2 -2.9 0.197956 -0.189423 0.197956 -0.189423 0.197956 -0.189423 1.4138e-08 4.51893e-08 5.65937e-08
-4.2 -2.8 0.115428 -0.251581 0.115428 -0.251581 0.115428 -0.251581 3.3036e-08 4.47548e-08 5.29657e-08
-4.2 -2.7 0.0208451 -0.280325 0.0208451 -0.280325 0.0208451 -0.280325 1.88081e-08 4.39623e-08 6.24988e-08
-4.2 -2.6 -0.074343 -0.277758 -0.074343 -0.277758 -0.074343 -0.277758 1.78731e-08 4.28412e-08 5.99007e-08
-4.2 -2.5 -0.16236 -0.248269 -0.16236 -0.248269 -0.16236 -0.248269 5.59941e-08 4.14926e-08 8.34149e-08
-4.2 -2.4 -0.238214 -0.196402 -0.238214 -0.196402 -0.238214 -0.196402 5.13929e-09 4.00803e-08 4.13835e-08
-4.2 -2.3 -0.2982 -0.126175 -0.2982 -0.126175 -0.2982 -0.126175 9.51486e-09 3.87916e-08 4.61964e-08
-4.2 -2.2 -0.338882 -0.0416046 -0.338882 -0.0416046 -0.338882 -0.0416046 5.13556e-08 3.77802e-08 2.18143e-08
-4.2 -2.1 -0.357102 0.0523642 -0.357102 0.0523642 -0.357102 0.0523642 3.10329e-08 3.71212e-08 1.74147e-08
-4.2 -2 -0.350866 0.149377 -0.350866 0.149377 -0.350866 0.149377 2.97736e-08 3.6798e-08 3.99352e-08
-4.2 -1.9 -0.320506 0.242104 -0.320506 0.242104 -0.320506 0.242104 6.29669e-09 3.67181e-08 4.29463e-08
-4.2 -1.8 -0.269366 0.323526 -0.269366 0.323526 -0.269366 0.323526 1.58332e-08 3.67409e-08 3.16092e-08
-4.2 -1.7 -0.20357 0.388535 -0.20357 0.388535 -0.20357 0.388535 2.29592e-08 3.66972e-08 4.2779e-08
-4.2 -1.6 -0.130846 0.435206 -0.130846 0.435206 -0.130846 0.435206 1.35914e-08 3.63976e-08 2.45858e-08
-4.2 -1.5 -0.0588048 0.465232 -0.0588048 0.465232 -0.0588048 0.465232 3.88953e-09 3.56345e-08 3.18981e-08
-4.2 -1.4 0.00674985 0.483357 0.00674984 0.483357 0.00674984 0.483357 1.70207e-08 3.41926e-08 1.95001e-08
-4.2 -1.3 0.0629239 0.496041 0.0629239 0.496041 0.0629239 0.496041 1.49177e-08 3.1886e-08 3.94288e-08
-4.2 -1.2 0.109978 0.509804 0.109977 0.509804 0.109977 0.509804 4.04898e-08 2.86311e-08 6.69271e-08
-4.2 -1.1 0.150721 0.529747 0.150721 0.529747 0.150721 0.529747 2.34026e-08 2.45361e-08 7.96318e-09
-4.2 -1 0.189333 0.558631 0.189333 0.558631 0.189333 0.558631 2.09112e-08 1.99481e-08 3.38346e-09
-4.2 -0.9 0.230005 0.596649 0.230005 0.596649 0.230005 0.596649 1.43681e-08 1.54131e-08 2.40272e-08
-4.2 -0.8 0.275759 0.641826 0.275759 0.641826 0.275759 0.641826 9.68523e-09 1.15961e-08 2.02205e-08
-4.2 -0.7 0.327716 0.690815 0.327716 0.690815 0.327716 0.690815 3.42547e-09 9.20699e-09 6.95442e-09
-4.2 -0.6 0.384882 0.739802 0.384882 0.739802 0.384882 0.739802 6.95522e-09 8.64613e-09 1.55179e-08
-4.2 -0.5 0.444406 0.785288 0.444406 0.785288 0.444406 0.785288 8.49006e-09 9.42784e-09 1.42247e-08
-4.2 -0.4 0.50216 0.824578 0.50216 0.824578 0.50216 0.824578 2.31535e-09 1.06838e-08 1.29952e-08
-4.2 -0.3 0.553479 0.855949 0.553479 0.855949 0.553479 0.855949 1.57275e-08 1.18832e-08 5.92683e-09
-4.2 -0.2 0.593886 0.878545 0.593886 0.878545 0.593886 0.878545 7.60778e-09 1.28071e-08 8.52083e-09
-4.2 -0.1 0.619722 0.892096 0.619722 0.892096 0.619722 0.892096 1.46293e-08 1.33774e-08 6.73417e-09
-4.2 -1.02696e-15 0.628609 0.896603 0.628609 0.896603 0.628609 0.896603 1.56733e-08 1.35693e-08 8.52428e-09
-4.2 0.1 0.619722 0.892096 0.619722 0.892096 0.619722 0.892096 1.46293e-08 1.33774e-08 6.73418e-09
-4.2 0.2 0.593886 0.878545 0.593886 0.878545 0.593886 0.878545 7.60779e-09 1.28071e-08 8.52083e-09
-4.2 0.3 0.553479 0.855949 0.553479 0.855949 0.553479 0.855949 1.57275e-08 1.18832e-08 5.92685e-09
-4.2 0.4 0.50216 0.824578 0.50216 0.824578 0.50216 0.824578 2.31535e-09 1.06838e-08 1.29952e-08
-4.2 0.5 0.444406 0.785288 0.444406 0.785288 0.444406 0.785288 8.49007e-09 9.42783e-09 1.42247e-08
-4.2 0.6 0.384882 0.739802 0.384882 0.739802 0.384882 0.739802 6.95523e-09 8.64613e-09 1.55179e-08
-4.2 0.7 0.327716 0.690815 0.327716 0.690815 0.327716 0.690815 3.42547e-09 9.20699e-09 6.95441e-09
-4.2 0.8 0.275759 0.641826 0.275759 0.641826 0.275759 0.641826 9.68523e-09 1.15961e-08 2.02205e-08
-4.2 0.9 0.230005 0.596649 0.230005 0.596649 0.230005 0.596649 1.43681e-08 1.54131e-08 2.40272e-08
-4.2 1 0.189333 0.558631 0.189333 0.558631 0.189333 0.558631 2.09112e-08 1.99481e-08 3.38345e-09
-4.2 1.1 0.150721 0.529747 0.150721 0.529747 0.150721 0.529747 2.34026e-08 2.45361e-08 7.96319e-09
-4.2 1.2 0.109978 0.509804 0.109977 0.509804 0.109977 0.509804 4.04898e-08 2.8631e-08 6.6927e-08
-4.2 1.3 0.0629239 0.496041 0.0629239 0.496041 0.0629239 0.496041 1.49177e-08 3.1886e-08 3.94288e-08
-4.2 1.4 0.00674985 0.483357 0.00674984 0.483357 0.00674984 0.483357 1.70207e-08 3.41926e-08 1.95001e-08
-4.2 1.5 -0.0588048 0.465232 -0.0588048 0.465232 -0.0588048 0.465232 3.88954e-09 3.56345e-08 3.18981e-08
-4.2 1.6 -0.130846 0.435206 -0.130846 0.435206 -0.130846 0.435206 1.35914e-08 3.63976e-08 2.45858e-08
-4.2 1.7 -0.20357 0.388535 -0.20357 0.388535 -0.20357 0.388535 2.29592e-08 3.66972e-08 4.2779e-08
-4.2 1.8 -0.269366 0.323526 -0.269366 0.323526 -0.269366 0.323526 1.58332e-08 3.67409e-08 3.16092e-08
-4.2 1.9 -0.320506 0.242104 -0.320506 0.242104 -0.320506 0.242104 6.2967e-09 3.67181e-08 4.29463e-08
-4.2 2 -0.350866 0.149377 -0.350866 0.149377 -0.350866 0.149377 2.97736e-08 3.6798e-08 3.99352e-08
-4.2 2.1 -0.357102 0.0523642 -0.357102 0.0523642 -0.357102 0.0523642 3.10329e-08 3.71212e-08 1.74147e-08
-4.2 2.2 -0.338882 -0.0416046 -0.338882 -0.0416046 -0.338882 -0.0416046 5.13556e-08 3.77802e-08 2.18143e-08
-4.2 2.3 -0.2982 -0.126175 -0.2982 -0.126175 -0.2982 -0.126175 9.51486e-09 3.87916e-08 4.61964e-08
-4.2 2.4 -0.238214 -0.196402 -0.238214 -0.196402 -0.238214 -0.196402 5.13933e-09 4.00803e-08 4.13835e-08
-4.2 2.5 -0.16236 -0.248269 -0.16236 -0.248269 -0.16236 -0.248269 5.59942e-08 4.14926e-08 8.34149e-08
-4.2 2.6 -0.074343 -0.277758 -0.074343 -0.277758 -0.074343 -0.277758 1.78732e-08 4.28412e-08 5.99007e-08
-4.2 2.7 0.0208451 -0.280325 0.0208451 -0.280325 0.0208451 -0.280325 1.88081e-08 4.39623e-08 6.24988e-08
-4.2 2.8 0.115428 -0.251581 0.115428 -0.251581 0.115428 -0.251581 3.3036e-08 4.47548e-08 5.29657e-08
-4.2 2.9 0.197956 -0.189423 0.197956 -0.189423 0.197956 -0.189423 1.4138e-08 4.51892e-08 5.65937e-08
-4.2 3 0.25415 -0.0969963 0.25415 -0.0969963 0.25415 -0.0969963 1.22688e-08 4.52919e-08 5.41282e-08
-4.2 3.1 0.269986 0.0148901 0.269986 0.0148901 0.269986 0.0148901 1.77433e-08 4.51208e-08 4.28447e-08
-4.2 3.2 0.236488 0.127522 0.236488 0.127522 0.236488 0.127522 5.0377e-08 4.4745e-08 7.66759e-08
-4.2 3.3 0.154581 0.21723 0.154581 0.21723 0.154581 0.21723 1.68623e-08 4.42323e-08 3.4333e-08
-4.2 3.4 0.0378441 0.261347 0.0378441 0.261347 0.0378441 0.261347 8.62731e-08 4.36425e-08 1.03753e-07
-4.2 3.5 -0.0885972 0.245522 -0.0885972 0.245522 -0.0885972 0.245522 1.74302e-08 4.30266e-08 4.29749e-08
-4.2 3.6 -0.193555 0.169831 -0.193555 0.169831 -0.193555 0.169831 1.02668e-08 4.24261e-08 3.66229e-08
-4.2 3.7 -0.248415 0.0510978 -0.248415 0.0510978 -0.248415 0.0510978 2.34274e-08 4.18742e-08 3.24391e-08
-4.2 3.8 -0.236305 -0.0800472 -0.236305 -0.0800472 -0.236305 -0.0800472 7.86031e-08 4.1396e-08 8.84289e-08
-4.2 3.9 -0.158626 -0.187076 -0.158626 -0.187076 -0.158626 -0.187076 5.18692e-08 4.10083e-08 8.46945e-08
-4.2 4 -0.0363896 -0.23833 -0.0363896 -0.23833 -0.0363896 -0.23833 4.53354e-08 4.07198e-08 6.70481e-08
-4.2 4.1 0.0946618 -0.217346 0.0946618 -0.217346 0.0946618 -0.217346 4.4768e-08 4.05311e-08 7.96445e-08
-4.2 4.2 0.19418 -0.129309 0.19418 -0.129309 0.19418 -0.129309 1.26916e-08 4.04349e-08 3.32092e-08
-4.2 4.3 0.229849 -0.00110062 0.229849 -0.00110062 0.229849 -0.00110061 4.53371e-08 4.04178e-08 6.45812e-08
-4.2 4.4 0.18869 0.1258 0.18869 0.1258 0.18869 0.1258 5.69931e-08 4.04614e-08 9.68405e-08
-4.2 4.5 0.0830893 0.208128 0.0830893 0.208128 0.0830893 0.208128 8.11755e-08 4.05449e-08 6.94495e-08
-4.2 4.6 -0.0512651 0.215803 -0.0512651 0.215803 -0.0512651 0.215803 4.36878e-08 4.06475e-08 5.0847e-08
-4.2 4.7 -0.166124 0.144054 -0.166124 0.144054 -0.166124 0.144054 3.01041e-08 4.07499e-08 4.88568e-08
-4.2 4.8 -0.21757 0.0176769 -0.21757 0.0176769 -0.21757 0.0176769 1.22501e-08 4.0836e-08 3.86485e-08
-4.2 4.9 -0.183575 -0.115666 -0.183575 -0.115666 -0.183575 -0.115666 3.40108e-08 4.08935e-08 7.24866e-08
-4.2 5 -0.0751202 -0.202409 -0.0751202 -0.202409 -0.0751202 -0.202409 7.36386e-08 4.09142e-08 8.06707e-08
-4.1 -5 -0.194558 -0.0976545 -0.194558 -0.0976545 -0.194558 -0.0976545 6.39446e-08 4.09269e-08 7.80707e-08
-4.1 -4.9 -0.21438 0.0427578 -0.21438 0.0427578 -0.21438 0.0427577 4.90865e-08 4.09603e-08 7.56071e-08
-4.1 -4.8 -0.145168 0.164905 -0.145168 0.164905 -0.145168 0.164905 4.43561e-08 4.09503e-08 2.97278e-08
-4.1 -4.7 -0.0176411 0.220329 -0.0176411 0.220329 -0.0176411 0.220329 6.593e-08 4.0901e-08 8.66151e-08
-4.1 -4.6 0.116708 0.189624 0.116708 0.189624 0.116708 0.189624 1.81956e-08 4.08203e-08 5.8437e-08
-4.1 -4.5 0.207083 0.087037 0.207083 0.087037 0.207083 0.087037 6.50384e-08 4.07204e-08 8.40678e-08
-4.1 -4.4 0.221859 -0.0479494 0.221859 -0.0479494 0.221859 -0.0479494 6.21623e-09 4.06179e-08 3.80784e-08
-4.1 -4.3 0.157886 -0.166892 0.157886 -0.166892 0.157886 -0.166892 5.34995e-08 4.05326e-08 8.66912e-08
-4.1 -4.2 0.0389117 -0.229642 0.0389117 -0.229642 0.0389117 -0.229642 7.00414e-08 4.04866e-08 9.22537e-08
-4.1 -4.1 -0.094597 -0.216741 -0.094597 -0.216741 -0.094597 -0.216741 3.09847e-08 4.05016e-08 5.89529e-08
-4.1 -4 -0.199712 -0.133824 -0.199712 -0.133824 -0.199712 -0.133824 6.16061e-08 4.05972e-08 2.39414e-08
-4.1 -3.9 -0.244469 -0.00784129 -0.244469 -0.00784129 -0.244469 -0.0078413 6.76285e-08 4.07876e-08 6.7096e-08
-4.1 -3.8 -0.216614 0.122702 -0.216614 0.122702 -0.216614 0.122702 1.49977e-08 4.10803e-08 4.65176e-08
-4.1 -3.7 -0.125709 0.219962 -0.125709 0.219962 -0.125709 0.219962 9.02367e-09 4.14743e-08 4.87036e-08
-4.1 -3.6 0.00133272 0.257638 0.00133272 0.257638 0.00133272 0.257638 1.54974e-08 4.19598e-08 3.23827e-08
-4.1 -3.5 0.129329 0.227489 0.129329 0.227489 0.129329 0.227489 1.53424e-08 4.25179e-08 3.08573e-08
-4.1 -3.4 0.225412 0.139971 0.225412 0.139971 0.225412 0.139971 7.2685e-08 4.3121e-08 1.10601e-07
-4.1 -3.3 0.267803 0.0193998 0.267803 0.0193998 0.267803 0.0193998 4.71249e-08 4.37325e-08 8.82991e-08
-4.1 -3.2 0.250288 -0.104316 0.250288 -0.104316 0.250288 -0.104316 4.84284e-08 4.43062e-08 6.10763e-08
-4.1 -3.1 0.181546 -0.204346 0.181546 -0.204346 0.181546 -0.204346 4.55249e-08 4.47863e-08 9.03033e-08
-4.1 -3 0.0803056 -0.263263 0.0803056 -0.263263 0.0803056 -0.263263 1.18112e-08 4.51072e-08 5.47082e-08
-4.1 -2.9 -0.0314174 -0.275376 -0.0314174 -0.275376 -0.0314174 -0.275376 2.48561e-08 4.51964e-08 3.93222e-08
-4.1 -2.8 -0.134428 -0.245149 -0.134428 -0.245149 -0.134428 -0.245149 3.00958e-08 4.49832e-08 6.40966e-08
-4.1 -2.7 -0.215932 -0.183114 -0.215932 -0.183114 -0.215932 -0.183114 3.3768e-08 4.44146e-08 7.51258e-08
-4.1 -2.6 -0.27006 -0.101358 -0.27006 -0.101358 -0.27006 -0.101358 1.19184e-08 4.34798e-08 3.15761e-08
-4.1 -2.5 -0.296072 -0.0103002 -0.296072 -0.0103002 -0.296072 -0.0103002 2.34032e-08 4.22346e-08 2.47077e-08
-4.1 -2.4 -0.295731 0.0824559 -0.295731 0.0824559 -0.295731 0.0824559 3.58626e-08 4.08107e-08 6.95472e-08
-4.1 -2.3 -0.271268 0.171515 -0.271268 0.171515 -0.271268 0.171515 3.07333e-08 3.93937e-08 1.32756e-08
-4.1 -2.2 -0.224669 0.252343 -0.224669 0.252343 -0.224669 0.252343 6.20847e-08 3.81709e-08 4.95561e-08
-4.1 -2.1 -0.158202 0.320276 -0.158202 0.320276 -0.158202 0.320276 1.38132e-08 3.72711e-08 5.03145e-08
-4.1 -2 -0.0754343 0.370521 -0.0754343 0.370521 -0.0754343 0.370521 3.35032e-08 3.67292e-08 6.42295e-09
-4.1 -1.9 0.0181099 0.399112 0.0181099 0.399112 0.0181099 0.399112 6.04662e-08 3.64874e-08 7.6766e-08
-4.1 -1.8 0.115226 0.404269 0.115226 0.404269 0.115226 0.404269 2.55337e-08 3.64205e-08 5.5231e-08
-4.1 -1.7 0.208247 0.387382 0.208247 0.387382 0.208247 0.387382 1.50476e-08 3.63633e-08 2.1521e-08
-4.1 -1.6 0.290748 0.353106 0.290748 0.353106 0.290748 0.353106 2.58326e-09 3.6126e-08 3.87093e-08
-4.1 -1.5 0.359075 0.308427 0.359075 0.308427 0.359075 0.308427 7.39261e-09 3.55e-08 2.81339e-08
-4.1 -1.4 0.413118 0.261031 0.413118 0.261031 0.413118 0.261031 1.39717e-08 3.42646e-08 2.02994e-08
-4.1 -1.3 0.45608 0.21753 0.45608 0.21753 0.45608 0.21753 7.47953e-09 3.22149e-08 3.13194e-08
-4.1 -1.2 0.493384 0.182112 0.493384 0.182112 0.493384 0.182112 1.11171e-08 2.92243e-08 2.21346e-08
-4.1 -1.1 0.53109 0.155985 0.53109 0.155985 0.53109 0.155985 2.72035e-08 2.53366e-08 3.25556e-09
-4.1 -1 0.574348 0.137661 0.574348 0.137661 0.574348 0.137661 2.40895e-08 2.0835e-08 2.41734e-08
-4.1 -0.9 0.626261 0.123903 0.626261 0.123903 0.626261 0.123903 1.48692e-08 1.62312e-08 2.47696e-08
-4.1 -0.8 0.6874 0.110956 0.6874 0.110956 0.6874 0.110956 8.38687e-09 1.21895e-08 1.73721e-08
-4.1 -0.7 0.755935 0.0957067 0.755935 0.0957067 0.755935 0.0957067 8.16285e-09 9.45735e-09 1.39959e-08
-4.1 -0.6 0.828243 0.0764867 0.828243 0.0764867 0.828243 0.0764867 2.06632e-08 8.57956e-09 2.24491e-08
-4.1 -0.5 0.899718 0.0533968 0.899718 0.0533968 0.899718 0.0533968 1.31748e-08 9.22288e-09 8.78784e-09
-4.1 -0.4 0.965573 0.0281562 0.965573 0.0281562 0.965573 0.0281561 1.52796e-08 1.04739e-08 1.54317e-08
-4.1 -0.3 1.02147 0.0035979 1.02147 0.00359789 1.02147 0.00359787 1.5581e-08 1.17128e-08 2.59721e-08
-4.1 -0.2 1.06389 -0.0170269 1.06389 -0.0170269 1.06389 -0.0170269 9.88399e-09 1.2678e-08 2.0966e-08
-4.1 -0.1 1.09033 -0.0307695 1.09033 -0.0307695 1.09033 -0.0307695 4.7577e-09 1.32762e-08 1.77081e-08
-4.1 -1.02696e-15 1.0993 -0.0355923 1.0993 -0.0355923 1.0993 -0.0355923 1.11715e-08 1.34778e-08 1.1e-08
-4.1 0.1 1.09033 -0.0307695 1.09033 -0.0307695 1.09033 -0.0307695 4.75769e-09 1.32762e-08 1.77081e-08
-4.1 0.2 1.06389 -0.0170269 1.06389 -0.0170269 1.06389 -0.0170269 9.884e-09 1.2678e-08 2.0966e-08
-4.1 0.3 1.02147 0.0035979 1.02147 0.00359789 1.02147 0.00359787 1.5581e-08 1.17128e-08 2.59721e-08
-4.1 0.4 0.965573 0.0281562 0.965573 0.0281562 0.965573 0.0281561 1.52796e-08 1.04739e-08 1.54317e-08
-4.1 0.5 0.899718 0.0533968 0.899718 0.0533968 0.899718 0.0533968 1.31748e-08 9.22288e-09 8.78785e-09
-4.1 0.6 0.828243 0.0764867 0.828243 0.0764867 0.828243 0.0764867 2.06632e-08 8.57956e-09 2.24491e-08
-4.1 0.7 0.755935 0.0957067 0.755935 0.0957067 0.755935 0.0957067 8.16283e-09 9.45734e-09 1.39959e-08
-4.1 0.8 0.6874 0.110956 0.6874 0.110956 0.6874 0.110956 8.38688e-09 1.21895e-08 1.73721e-08
-4.1 0.9 0.626261 0.123903 0.626261 0.123903 0.626261 0.123903 1.48692e-08 1.62311e-08 2.47696e-08
-4.1 1 0.574348 0.137661 0.574348 0.137661 0.574348 0.137661 2.40895e-08 2.08351e-08 2.41734e-08
-4.1 1.1 0.53109 0.155985 0.53109 0.155985 0.53109 0.155985 2.72035e-08 2.53366e-08 3.25556e-09
-4.1 1.2 0.493384 0.182112 0.493384 0.182112 0.493384 0.182112 1.11171e-08 2.92243e-08 2.21346e-08
-4.1 1.3 0.45608 0.21753 0.45608 0.21753 0.45608 0.21753 7.47953e-09 3.22149e-08 3.13194e-08
-4.1 1.4 0.413118 0.261031 0.413118 0.261031 0.413118 0.261031 1.39717e-08 3.42646e-08 2.02994e-08
-4.1 1.5 0.359075 0.308427 0.359075 0.308427 0.359075 0.308427 7.39259e-09 3.54999e-08 2.81339e-08
-4.1 1.6 0.290748 0.353106 0.290748 0.353106 0.290748 0.353106 2.58327e-09 3.6126e-08 3.87093e-08
-4.1 1.7 0.208247 0.387382 0.208247 0.387382 0.208247 0.387382 1.50476e-08 3.63633e-08 2.1521e-08
-4.1 1.8 0.115226 0.404269 0.115226 0.404269 0.115226 0.404269 2.55337e-08 3.64205e-08 5.5231e-08
-4.1 1.9 0.0181099 0.399112 0.0181099 0.399112 0.0181099 0.399112 6.04662e-08 3.64874e-08 7.6766e-08
-4.1 2 -0.0754343 0.370521 -0.0754343 0.370521 -0.0754343 0.370521 3.35032e-08 3.67292e-08 6.42294e-09
-4.1 2.1 -0.158202 0.320276 -0.158202 0.320276 -0.158202 0.320276 1.38132e-08 3.72711e-08 5.03145e-08
-4.1 2.2 -0.224669 0.252343 -0.224669 0.252343 -0.224669 0.252343 6.20846e-08 3.81709e-08 4.95561e-08
-4.1 2.3 -0.271268 0.171515 -0.271268 0.171515 -0.271268 0.171515 3.07333e-08 3.93937e-08 1.32756e-08
-4.1 2.4 -0.295731 0.0824559 -0.295731 0.0824559 -0.295731 0.0824559 3.58626e-08 4.08107e-08 6.95472e-08
-4.1 2.5 -0.296072 -0.0103002 -0.296072 -0.0103002 -0.296072 -0.0103002 2.34032e-08 4.22346e-08 2.47077e-08
-4.1 2.6 -0.27006 -0.101358 -0.27006 -0.101358 -0.27006 -0.101358 1.19185e-08 4.34798e-08 3.15761e-08
-4.1 2.7 -0.215932 -0.183114 -0.215932 -0.183114 -0.215932 -0.183114 3.3768e-08 4.44146e-08 7.51258e-08
-4.1 2.8 -0.134428 -0.245149 -0.134428 -0.245149 -0.134428 -0.245149 3.00958e-08 4.49832e-08 6.40966e-08
-4.1 2.9 -0.0314174 -0.275376 -0.0314174 -0.275376 -0.0314174 -0.275376 2.48561e-08 4.51964e-08 3.93223e-08
-4.1 3 0.0803056 -0.263263 0.0803056 -0.263263 0.0803056 -0.263263 1.18111e-08 4.51072e-08 5.47082e-08
-4.1 3.1 0.181546 -0.204346 0.181546 -0.204346 0.181546 -0.204346 4.55249e-08 4.47864e-08 9.03033e-08
-4.1 3.2 0.250288 -0.104316 0.250288 -0.104316 0.250288 -0.104316 4.84284e-08 4.43062e-08 6.10763e-08
-4.1 3.3 0.267803 0.0193998 0.267803 0.0193998 0.267803 0.0193998 4.71249e-08 4.37325e-08 8.82991e-08
-4.1 3.4 0.225412 0.139971 0.225412 0.139971 0.225412 0.139971 7.2685e-08 4.3121e-08 1.10601e-07
-4.1 3.5 0.129329 0.227489 0.129329 0.227489 0.129329 0.227489 1.53424e-08 4.25179e-08 3.08573e-08
-4.1 3.6 0.00133272 0.257638 0.00133272 0.257638 0.00133272 0.257638 1.54974e-08 4.19598e-08 3.23827e-08
-4.1 3.7 -0.125709 0.219962 -0.125709 0.219962 -0.125709 0.219962 9.02368e-09 4.14743e-08 4.87036e-08
-4.1 3.8 -0.216614 0.122702 -0.216614 0.122702 -0.216614 0.122702 1.49976e-08 4.10803e-08 4.65176e-08
-4.1 3.9 -0.244469 -0.00784129 -0.244469 -0.00784129 -0.244469 -0.0078413 6.76285e-08 4.07876e-08 6.7096e-08
-4.1 4 -0.199712 -0.133824 -0.199712 -0.133824 -0.199712 -0.133824 6.16061e-08 4.05972e-08 2.39414e-08
-4.1 4.1 -0.094597 -0.216741 -0.094597 -0.216741 -0.094597 -0.216741 3.09847e-08 4.05016e-08 5.89529e-08
-4.1 4.2 0.0389117 -0.229642 0.0389117 -0.229642 0.0389117 -0.229642 7.00414e-08 4.04866e-08 9.22537e-08
-4.1 4.3 0.157886 -0.166892 0.157886 -0.166892 0.157886 -0.166892 5.34995e-08 4.05326e-08 8.66912e-08
-4.1 4.4 0.221859 -0.0479494 0.221859 -0.0479494 0.221859 -0.0479494 6.2162e-09 4.06179e-08 3.80784e-08
-4.1 4.5 0.207083 0.087037 0.207083 0.087037 0.207083 0.087037 6.50384e-08 4.07204e-08 8.40678e-08
-4.1 4.6 0.116708 0.189624 0.116708 0.189624 0.116708 0.189624 1.81955e-08 4.08203e-08 5.84371e-08
-4.1 4.7 -0.0176411 0.220329 -0.0176411 0.220329 -0.0176411 0.220329 6.593e-08 4.0901e-08 8.66151e-08
-4.1 4.8 -0.145168 0.164905 -0.145168 0.164905 -0.145168 0.164905 4.43561e-08 4.09503e-08 2.97278e-08
-4.1 4.9 -0.21438 0.0427578 -0.21438 0.0427578 -0.21438 0.0427577 4.90865e-08 4.09603e-08 7.56071e-08
-4.1 5 -0.194558 -0.0976545 -0.194558 -0.0976545 -0.194558 -0.0976545 6.39446e-08 4.09269e-08 7.80707e-08
-4 -5 -0.211318 0.0599934 -0.211318 0.0599933 -0.211318 0.0599934 2.48804e-08 4.08654e-08 5.57226e-08
-4 -4.9 -0.128643 0.179055 -0.128643 0.179055 -0.128643 0.179055 4.73565e-08 4.0958e-08 7.94821e-08
-4 -4.8 0.00845807 0.221251 0.00845807 0.221251 0.00845805 0.221251 6.31212e-08 4.10051e-08 6.96541e-08
-4 -4.7 0.14151 0.171743 0.14151 0.171743 0.14151 0.171743 5.08103e-08 4.10068e-08 8.15451e-08
-4 -4.6 0.217417 0.0534615 0.217417 0.0534615 0.217417 0.0534615 6.10348e-08 4.09665e-08 6.6889e-08
-4 -4.5 0.208725 -0.0854913 0.208725 -0.0854913 0.208725 -0.0854913 1.43371e-08 4.08919e-08 4.75285e-08
-4 -4.4 0.12145 -0.192452 0.12145 -0.192452 0.12145 -0.192452 3.09626e-08 4.07951e-08 6.4491e-08
-4 -4.3 -0.0104231 -0.229748 -0.0104231 -0.229748 -0.0104231 -0.229748 1.62993e-08 4.06929e-08 3.78023e-08
-4 -4.2 -0.139569 -0.18636 -0.139569 -0.18636 -0.139569 -0.18636 3.95913e-08 4.0606e-08 2.70106e-08
-4 -4.1 -0.222493 -0.0790327 -0.222493 -0.0790327 -0.222493 -0.0790327 1.85787e-08 4.05574e-08 3.31048e-08
-4 -4 -0.23325 0.0557403 -0.23325 0.0557403 -0.23325 0.0557404 3.71178e-08 4.05701e-08 4.76968e-08
-4 -3.9 -0.169988 0.174897 -0.169988 0.174897 -0.169988 0.174897 2.80448e-08 4.06648e-08 6.85678e-08
-4 -3.8 -0.0534664 0.242439 -0.0534664 0.242439 -0.0534664 0.242439 2.13497e-08 4.08566e-08 2.66606e-08
-4 -3.7 0.0809235 0.239511 0.0809235 0.239511 0.0809235 0.239511 8.32122e-08 4.11532e-08 8.75009e-08
-4 -3.6 0.194578 0.168509 0.194578 0.168509 0.194578 0.168509 2.1354e-08 4.15531e-08 2.38413e-08
-4 -3.5 0.256929 0.0506785 0.256929 0.0506785 0.256929 0.0506785 4.95111e-08 4.20453e-08 7.79667e-09
-4 -3.4 0.253314 -0.0814552 0.253314 -0.0814552 0.253314 -0.0814552 4.61217e-08 4.26086e-08 4.45811e-08
-4 -3.3 0.187494 -0.194133 0.187494 -0.194133 0.187494 -0.194133 4.74345e-08 4.32123e-08 5.73919e-08
-4 -3.2 0.0785898 -0.261647 0.0785898 -0.261647 0.0785898 -0.261647 4.66078e-08 4.3816e-08 7.69006e-08
-4 -3.1 -0.0460025 -0.272115 -0.0460025 -0.272115 -0.0460025 -0.272115 2.62572e-08 4.43685e-08 6.88964e-08
-4 -3 -0.159028 -0.22841 -0.159028 -0.22841 -0.159028 -0.22841 2.00908e-08 4.48085e-08 4.104e-08
-4 -2.9 -0.24025 -0.14467 -0.24025 -0.14467 -0.24025 -0.14467 6.7697e-08 4.50642e-08 6.60738e-08
-4 -2.8 -0.279854 -0.0402816 -0.279854 -0.0402816 -0.279854 -0.0402816 4.09176e-08 4.5059e-08 8.41757e-08
-4 -2.7 -0.277985 0.0661541 -0.277985 0.0661541 -0.277985 0.0661541 4.53695e-08 4.4722e-08 8.67304e-08
-4 -2.6 -0.241492 0.160858 -0.241492 0.160858 -0.241492 0.160858 2.78328e-08 4.40088e-08 1.76127e-08
-4 -2.5 -0.179781 0.23605 -0.179781 0.23605 -0.179781 0.23605 4.51086e-08 4.29292e-08 2.30061e-09
-4 -2.4 -0.101585 0.28873 -0.101585 0.28873 -0.101585 0.28873 8.8416e-09 4.15696e-08 3.83655e-08
-4 -2.3 -0.0135881 0.318394 -0.0135881 0.318394 -0.0135881 0.318394 1.73692e-08 4.00924e-08 3.62021e-08
-4 -2.2 0.0791848 0.325093 0.0791848 0.325093 0.0791848 0.325093 2.43699e-08 3.86982e-08 2.82244e-08
-4 -2.1 0.172123 0.308724 0.172123 0.308724 0.172123 0.308724 2.68985e-08 3.75629e-08 5.98224e-08
-4 -2 0.260013 0.269557 0.260013 0.269557 0.260013 0.269557 3.10928e-08 3.67802e-08 4.11351e-08
-4 -1.9 0.33699 0.209383 0.33699 0.209383 0.33699 0.209383 2.44417e-08 3.63403e-08 2.66032e-08
-4 -1.8 0.397512 0.132379 0.397512 0.132379 0.397512 0.132379 5.53518e-08 3.61448e-08 4.83682e-08
-4 -1.7 0.437876 0.0450629 0.437876 0.0450629 0.437876 0.045063 2.45625e-08 3.6038e-08 2.79918e-08
-4 -1.6 0.457498 -0.0447797 0.457498 -0.0447796 0.457498 -0.0447797 3.2208e-08 3.58313e-08 4.78468e-08
-4 -1.5 0.459348 -0.129826 0.459348 -0.129826 0.459348 -0.129826 5.54622e-09 3.53148e-08 3.97593e-08
-4 -1.4 0.449325 -0.204936 0.449325 -0.204936 0.449325 -0.204936 6.9006e-09 3.42638e-08 3.55882e-08
-4 -1.3 0.434773 -0.268235 0.434773 -0.268235 0.434773 -0.268235 3.62205e-08 3.24586e-08 8.84622e-09
-4 -1.2 0.422692 -0.321237 0.422692 -0.321237 0.422692 -0.321237 2.04335e-08 2.9737e-08 3.93545e-08
-4 -1.1 0.418193 -0.368018 0.418193 -0.368018 0.418193 -0.368018 2.14657e-08 2.60813e-08 4.33752e-08
-4 -1 0.423641 -0.41379 0.423641 -0.41379 0.423641 -0.41379 6.78788e-09 2.17055e-08 2.49895e-08
-4 -0.9 0.438613 -0.463339 0.438613 -0.463339 0.438613 -0.463339 1.5051e-08 1.70739e-08 1.71045e-08
-4 -0.8 0.460557 -0.519766 0.460557 -0.519766 0.460557 -0.519766 2.44877e-08 1.28395e-08 2.79979e-08
-4 -0.7 0.485834 -0.583784 0.485834 -0.583784 0.485834 -0.583784 1.37469e-08 9.77488e-09 1.54847e-08
-4 -0.6 0.510801 -0.65365 0.510801 -0.65365 0.510801 -0.65365 2.89476e-08 8.55151e-09 2.57018e-08
-4 -0.5 0.532634 -0.725611 0.532634 -0.725611 0.532634 -0.725611 1.00045e-08 9.02152e-09 1.50922e-08
-4 -0.4 0.549752 -0.794665 0.549752 -0.794665 0.549752 -0.794665 9.77036e-09 1.02546e-08 1.69152e-08
-4 -0.3 0.561808 -0.855418 0.561808 -0.855418 0.561808 -0.855418 2.80453e-09 1.15322e-08 1.42815e-08
-4 -0.2 0.569355 -0.902873 0.569355 -0.902873 0.569355 -0.902873 1.09844e-09 1.25409e-08 1.14459e-08
-4 -0.1 0.573331 -0.933049 0.573331 -0.933049 0.573331 -0.933049 8.3037e-09 1.31691e-08 1.96788e-08
-4 -1.02696e-15 0.574551 -0.943398 0.574551 -0.943398 0.574551 -0.943398 1.32899e-08 1.33811e-08 2.62343e-08
-4 0.1 0.573331 -0.933049 0.573331 -0.933049 0.573331 -0.933049 8.3037e-09 1.31691e-08 1.96788e-08
-4 0.2 0.569355 -0.902873 0.569355 -0.902873 0.569355 -0.902873 1.09844e-09 1.25409e-08 1.14459e-08
-4 0.3 0.561808 -0.855418 0.561808 -0.855418 0.561808 -0.855418 2.80453e-09 1.15322e-08 1.42815e-08
-4 0.4 0.549752 -0.794665 0.549752 -0.794665 0.549752 -0.794665 9.77035e-09 1.02546e-08 1.69152e-08
-4 0.5 0.532634 -0.725611 0.532634 -0.725611 0.532634 -0.725611 1.00045e-08 9.02152e-09 1.50922e-08
-4 0.6 0.510801 -0.65365 0.510801 -0.65365 0.510801 -0.65365 2.89476e-08 8.55151e-09 2.57018e-08
-4 0.7 0.485834 -0.583784 0.485834 -0.583784 0.485834 -0.583784 1.37469e-08 9.77488e-09 1.54847e-08
-4 0.8 0.460557 -0.519766 0.460557 -0.519766 0.460557 -0.519766 2.44877e-08 1.28395e-08 2.79979e-08
-4 0.9 0.438613 -0.463339 0.438613 -0.463339 0.438613 -0.463339 1.5051e-08 1.70739e-08 1.71045e-08
-4 1 0.423641 -0.41379 0.423641 -0.41379 0.423641 -0.41379 6.78788e-09 2.17055e-08 2.49895e-08
-4 1.1 0.418193 -0.368018 0.418193 -0.368018 0.418193 -0.368018 2.14657e-08 2.60813e-08 4.33752e-08
-4 1.2 0.422692 -0.321237 0.422692 -0.321237 0.422692 -0.321237 2.04335e-08 2.9737e-08 3.93545e-08
-4 1.3 0.434773 -0.268235 0.434773 -0.268235 0.434773 -0.268235 3.62205e-08 3.24586e-08 8.84621e-09
-4 1.4 0.449325 -0.204936 0.449325 -0.204936 0.449325 -0.204936 6.90058e-09 3.42637e-08 3.55881e-08
-4 1.5 0.459348 -0.129826 0.459348 -0.129826 0.459348 -0.129826 5.54622e-09 3.53148e-08 3.97593e-08
-4 1.6 0.457498 -0.0447797 0.457498 -0.0447796 0.457498 -0.0447797 3.2208e-08 3.58313e-08 4.78468e-08
-4 1.7 0.437876 0.0450629 0.437876 0.0450629 0.437876 0.045063 2.45625e-08 3.6038e-08 2.79918e-08
-4 1.8 0.397512 0.132379 0.397512 0.132379 0.397512 0.132379 5.53518e-08 3.61448e-08 4.83682e-08
-4 1.9 0.33699 0.209383 0.33699 0.209383 0.33699 0.209383 2.44417e-08 3.63403e-08 2.66032e-08
-4 2 0.260013 0.269557 0.260013 0.269557 0.260013 0.269557 3.10928e-08 3.67803e-08 4.11351e-08
-4 2.1 0.172123 0.308724 0.172123 0.308724 0.172123 0.308724 2.68985e-08 3.75629e-08 5.98224e-08
-4 2.2 0.0791848 0.325093 0.0791848 0.325093 0.0791848 0.325093 2.43699e-08 3.86982e-08 2.82245e-08
-4 2.3 -0.0135881 0.318394 -0.0135881 0.318394 -0.0135881 0.318394 1.73692e-08 4.00924e-08 3.62021e-08
-4 2.4 -0.101585 0.28873 -0.101585 0.28873 -0.101585 0.28873 8.8416e-09 4.15696e-08 3.83655e-08
-4 2.5 -0.179781 0.23605 -0.179781 0.23605 -0.179781 0.23605 4.51086e-08 4.29292e-08 2.30062e-09
-4 2.6 -0.241492 0.160858 -0.241492 0.160858 -0.241492 0.160858 2.78328e-08 4.40088e-08 1.76127e-08
-4 2.7 -0.277985 0.0661541 -0.277985 0.0661541 -0.277985 0.0661541 4.53696e-08 4.4722e-08 8.67304e-08
-4 2.8 -0.279854 -0.0402816 -0.279854 -0.0402816 -0.279854 -0.0402816 4.09176e-08 4.5059e-08 8.41757e-08
-4 2.9 -0.24025 -0.14467 -0.24025 -0.14467 -0.24025 -0.14467 6.76971e-08 4.50642e-08 6.60738e-08
-4 3 -0.159028 -0.22841 -0.159028 -0.22841 -0.159028 -0.22841 2.00908e-08 4.48085e-08 4.10401e-08
-4 3.1 -0.0460025 -0.272115 -0.0460025 -0.272115 -0.0460025 -0.272115 2.62572e-08 4.43686e-08 6.88964e-08
-4 3.2 0.0785898 -0.261647 0.0785898 -0.261647 0.0785898 -0.261647 4.66079e-08 4.3816e-08 7.69007e-08
-4 3.3 0.187494 -0.194133 0.187494 -0.194133 0.187494 -0.194133 4.74346e-08 4.32123e-08 5.73919e-08
-4 3.4 0.253314 -0.0814552 0.253314 -0.0814552 0.253314 -0.0814552 4.61217e-08 4.26085e-08 4.45811e-08
-4 3.5 0.256929 0.0506785 0.256929 0.0506785 0.256929 0.0506785 4.9511e-08 4.20453e-08 7.79664e-09
-4 3.6 0.194578 0.168509 0.194578 0.168509 0.194578 0.168509 2.1354e-08 4.15531e-08 2.38413e-08
-4 3.7 0.0809235 0.239511 0.0809235 0.239511 0.0809235 0.239511 8.32123e-08 4.11532e-08 8.7501e-08
-4 3.8 -0.0534664 0.242439 -0.0534664 0.242439 -0.0534664 0.242439 2.13497e-08 4.08566e-08 2.66606e-08
-4 3.9 -0.169988 0.174897 -0.169988 0.174897 -0.169988 0.174897 2.80448e-08 4.06648e-08 6.85678e-08
-4 4 -0.23325 0.0557403 -0.23325 0.0557403 -0.23325 0.0557404 3.71178e-08 4.05701e-08 4.76968e-08
-4 4.1 -0.222493 -0.0790327 -0.222493 -0.0790327 -0.222493 -0.0790327 1.85787e-08 4.05574e-08 3.31048e-08
-4 4.2 -0.139569 -0.18636 -0.139569 -0.18636 -0.139569 -0.18636 3.95913e-08 4.0606e-08 2.70106e-08
-4 4.3 -0.0104231 -0.229748 -0.0104231 -0.229748 -0.0104231 -0.229748 1.62993e-08 4.06929e-08 3.78022e-08
-4 4.4 0.12145 -0.192452 0.12145 -0.192452 0.12145 -0.192452 3.09625e-08 4.07951e-08 6.4491e-08
-4 4.5 0.208725 -0.0854913 0.208725 -0.0854913 0.208725 -0.0854913 1.43371e-08 4.08919e-08 4.75285e-08
-4 4.6 0.217417 0.0534615 0.217417 0.0534615 0.217417 0.0534615 6.10348e-08 4.09665e-08 6.6889e-08
-4 4.7 0.14151 0.171743 0.14151 0.171743 0.14151 0.171743 5.08103e-08 4.10068e-08 8.15451e-08
-4 4.8 0.00845807 0.221251 0.00845807 0.221251 0.00845805 0.221251 6.31212e-08 4.10051e-08 6.96541e-08
-4 4.9 -0.128643 0.179055 -0.128643 0.179055 -0.128643 0.179055 4.73564e-08 4.0958e-08 7.94821e-08
-4 5 -0.211318 0.0599934 -0.211318 0.0599933 -0.211318 0.0599934 2.48804e-08 4.08654e-08 5.57226e-08
-3.9 -5 -0.118015 0.187756 -0.118015 0.187756 -0.118015 0.187756 7.1936e-08 4.0726e-08 4.91339e-08
-3.9 -4.9 0.0264829 0.22095 0.0264829 0.22095 0.0264829 0.22095 7.20905e-08 4.08782e-08 7.14861e-08
-3.9 -4.8 0.158649 0.157242 0.158649 0.157242 0.158649 0.157242 3.1247e-08 4.09867e-08 7.15765e-08
-3.9 -4.7 0.222706 0.0269906 0.222706 0.0269906 0.222706 0.0269906 5.59195e-08 4.10484e-08 8.01151e-08
-3.9 -4.6 0.194639 -0.113832 0.194639 -0.113832 0.194639 -0.113832 3.7445e-08 4.10627e-08 3.25169e-08
-3.9 -4.5 0.0888901 -0.208734 0.0888901 -0.208734 0.0888901 -0.208734 2.35242e-08 4.10324e-08 1.90634e-08
-3.9 -4.4 -0.0510902 -0.222788 -0.0510902 -0.222788 -0.0510902 -0.222788 7.66311e-08 4.09647e-08 6.88198e-08
-3.9 -4.3 -0.172099 -0.153541 -0.172099 -0.153541 -0.172099 -0.153541 3.74213e-08 4.08716e-08 3.23482e-08
-3.9 -4.2 -0.231364 -0.0285436 -0.231364 -0.0285436 -0.231364 -0.0285436 5.2347e-08 4.07701e-08 9.08304e-08
-3.9 -4.1 -0.210268 0.10728 -0.210268 0.10728 -0.210268 0.10728 7.79932e-08 4.06816e-08 8.86149e-08
-3.9 -4 -0.118078 0.208319 -0.118078 0.208319 -0.118078 0.208319 1.57007e-08 4.06303e-08 3.54052e-08
-3.9 -3.9 0.0137485 0.242917 0.0137485 0.242917 0.0137485 0.242917 3.52468e-08 4.06404e-08 7.41064e-08
-3.9 -3.8 0.143341 0.201833 0.143341 0.201833 0.143341 0.201833 2.35606e-08 4.07338e-08 1.74593e-08
-3.9 -3.7 0.231861 0.0990117 0.231861 0.0990117 0.231861 0.0990117 1.06717e-07 4.09266e-08 1.17921e-07
-3.9 -3.6 0.254552 -0.0344381 0.254552 -0.0344381 0.254552 -0.0344381 2.77306e-08 4.12268e-08 6.87762e-08
-3.9 -3.5 0.206642 -0.160531 0.206642 -0.160531 0.206642 -0.160531 8.39071e-09 4.16321e-08 3.49599e-08
-3.9 -3.4 0.103004 -0.245627 0.103004 -0.245627 0.103004 -0.245627 2.52813e-08 4.213e-08 2.01679e-08
-3.9 -3.3 -0.0277079 -0.269324 -0.0277079 -0.269324 -0.0277079 -0.269324 1.04641e-08 4.26971e-08 4.44833e-08
-3.9 -3.2 -0.152224 -0.228684 -0.152224 -0.228684 -0.152224 -0.228684 3.32812e-08 4.3299e-08 5.79823e-08
-3.9 -3.1 -0.242102 -0.136988 -0.242102 -0.136988 -0.242102 -0.136988 4.99586e-08 4.38909e-08 7.4252e-09
-3.9 -3 -0.280532 -0.0180099 -0.280532 -0.0180099 -0.280532 -0.0180099 3.66728e-08 4.44162e-08 5.29619e-08
-3.9 -2.9 -0.264737 0.10184 -0.264737 0.10184 -0.264737 0.10184 2.91133e-08 4.48072e-08 4.20895e-08
-3.9 -2.8 -0.203878 0.200675 -0.203878 0.200675 -0.203878 0.200675 9.87198e-09 4.49863e-08 4.42942e-08
-3.9 -2.7 -0.113942 0.265408 -0.113942 0.265408 -0.113942 0.265408 4.43823e-08 4.48728e-08 4.00946e-08
-3.9 -2.6 -0.0119666 0.292324 -0.0119666 0.292324 -0.0119666 0.292324 2.72456e-08 4.43984e-08 5.24573e-08
-3.9 -2.5 0.0882719 0.284671 0.0882719 0.284671 0.0882719 0.284671 3.07999e-08 4.35319e-08 6.4645e-08
-3.9 -2.4 0.177975 0.248962 0.177975 0.248962 0.177975 0.248962 3.46687e-08 4.23089e-08 7.52673e-08
-3.9 -2.3 0.252618 0.19181 0.252618 0.19181 0.252618 0.19181 2.84941e-08 4.08499e-08 6.65173e-08
-3.9 -2.2 0.309984 0.118405 0.309984 0.118405 0.309984 0.118405 9.21861e-09 3.93451e-08 4.60715e-08
-3.9 -2.1 0.348322 0.0327433 0.348322 0.0327433 0.348322 0.0327433 6.0273e-08 3.80007e-08 5.83212e-08
-3.9 -2 0.365623 -0.0611878 0.365623 -0.0611878 0.365623 -0.0611878 4.75353e-08 3.69687e-08 3.32056e-08
-3.9 -1.9 0.360162 -0.158321 0.360162 -0.158321 0.360162 -0.158321 1.25934e-08 3.62988e-08 3.73841e-08
-3.9 -1.8 0.331766 -0.252342 0.331766 -0.252342 0.331766 -0.252342 2.26071e-08 3.59341e-08 5.76491e-08
-3.9 -1.7 0.282924 -0.336628 0.282924 -0.336628 0.282924 -0.336628 2.07309e-09 3.5738e-08 3.77601e-08
-3.9 -1.6 0.219028 -0.405864 0.219028 -0.405864 0.219027 -0.405864 1.04926e-08 3.55265e-08 3.18004e-08
-3.9 -1.5 0.14751 -0.45758 0.14751 -0.45758 0.14751 -0.45758 3.25396e-08 3.50886e-08 2.55181e-08
-3.9 -1.4 0.0761773 -0.49294 0.0761773 -0.49294 0.0761773 -0.49294 1.62771e-08 3.41964e-08 3.71914e-08
-3.9 -1.3 0.0113663 -0.516439 0.0113663 -0.516439 0.0113663 -0.516439 1.81852e-08 3.2619e-08 4.91324e-08
-3.9 -1.2 -0.0434221 -0.534646 -0.0434221 -0.534646 -0.0434221 -0.534646 1.41066e-08 3.01647e-08 2.07322e-08
-3.9 -1.1 -0.0879814 -0.554446 -0.0879814 -0.554446 -0.0879814 -0.554446 1.48645e-08 2.67602e-08 1.36401e-08
-3.9 -1 -0.124894 -0.581365 -0.124894 -0.581365 -0.124894 -0.581365 8.62181e-09 2.25473e-08 1.98287e-08
-3.9 -0.9 -0.15832 -0.618439 -0.15832 -0.618439 -0.15832 -0.618439 4.5777e-09 1.7931e-08 2.00938e-08
-3.9 -0.8 -0.192519 -0.665859 -0.192519 -0.665859 -0.192519 -0.665859 1.0274e-08 1.35407e-08 1.35573e-08
-3.9 -0.7 -0.230548 -0.721325 -0.230548 -0.721325 -0.230548 -0.721325 2.36473e-08 1.01616e-08 3.0227e-08
-3.9 -0.6 -0.273441 -0.780877 -0.273441 -0.780877 -0.273441 -0.780877 1.79117e-08 8.56999e-09 1.36355e-08
-3.9 -0.5 -0.319996 -0.839887 -0.319996 -0.839887 -0.319996 -0.839887 1.37394e-08 8.82761e-09 2.17853e-08
-3.9 -0.4 -0.367115 -0.893922 -0.367115 -0.893922 -0.367115 -0.893922 1.06086e-08 1.00263e-08 1.21992e-08
-3.9 -0.3 -0.410523 -0.939309 -0.410523 -0.939309 -0.410523 -0.939309 9.24713e-09 1.13407e-08 1.87135e-08
-3.9 -0.2 -0.445658 -0.973376 -0.445658 -0.973376 -0.445658 -0.973376 1.31169e-08 1.23952e-08 1.95429e-08
-3.9 -0.1 -0.468543 -0.994417 -0.468543 -0.994417 -0.468543 -0.994417 1.62828e-08 1.30554e-08 1.31563e-08
-3.9 -1.02696e-15 -0.476487 -1.00152 -0.476487 -1.00152 -0.476487 -1.00152 1.15108e-08 1.32786e-08 2.22602e-08
-3.9 0.1 -0.468543 -0.994417 -0.468543 -0.994417 -0.468543 -0.994417 1.62828e-08 1.30554e-08 1.31563e-08
-3.9 0.2 -0.445658 -0.973376 -0.445658 -0.973376 -0.445658 -0.973376 1.31169e-08 1.23952e-08 1.95429e-08
-3.9 0.3 -0.410523 -0.939309 -0.410523 -0.939309 -0.410523 -0.939309 9.24712e-09 1.13407e-08 1.87135e-08
-3.9 0.4 -0.367115 -0.893922 -0.367115 -0.893922 -0.367115 -0.893922 1.06086e-08 1.00263e-08 1.21992e-08
-3.9 0.5 -0.319996 -0.839887 -0.319996 -0.839887 -0.319996 -0.839887 1.37394e-08 8.8276e-09 2.17853e-08
-3.9 0.6 -0.273441 -0.780877 -0.273441 -0.780877 -0.273441 -0.780877 1.79117e-08 8.56999e-09 1.36355e-08
-3.9 0.7 -0.230548 -0.721325 -0.230548 -0.721325 -0.230548 -0.721325 2.36473e-08 1.01616e-08 3.02269e-08
-3.9 0.8 -0.192519 -0.665859 -0.192519 -0.665859 -0.192519 -0.665859 1.0274e-08 1.35407e-08 1.35573e-08
-3.9 0.9 -0.15832 -0.618439 -0.15832 -0.618439 -0.15832 -0.618439 4.57771e-09 1.7931e-08 2.00938e-08
-3.9 1 -0.124894 -0.581365 -0.124894 -0.581365 -0.124894 -0.581365 8.6218e-09 2.25473e-08 1.98287e-08
-3.9 1.1 -0.0879814 -0.554446 -0.0879814 -0.554446 -0.0879814 -0.554446 1.48645e-08 2.67602e-08 1.36401e-08
-3.9 1.2 -0.0434221 -0.534646 -0.0434221 -0.534646 -0.0434221 -0.534646 1.41066e-08 3.01648e-08 2.07322e-08
-3.9 1.3 0.0113663 -0.516439 0.0113663 -0.516439 0.0113663 -0.516439 1.81852e-08 3.2619e-08 4.91324e-08
-3.9 1.4 0.0761773 -0.49294 0.0761773 -0.49294 0.0761773 -0.49294 1.62771e-08 3.41964e-08 3.71914e-08
-3.9 1.5 0.14751 -0.45758 0.14751 -0.45758 0.14751 -0.45758 3.25397e-08 3.50887e-08 2.55181e-08
-3.9 1.6 0.219028 -0.405864 0.219028 -0.405864 0.219027 -0.405864 1.04926e-08 3.55265e-08 3.18004e-08
-3.9 1.7 0.282924 -0.336628 0.282924 -0.336628 0.282924 -0.336628 2.0731e-09 3.5738e-08 3.77601e-08
-3.9 1.8 0.331766 -0.252342 0.331766 -0.252342 0.331766 -0.252342 2.26071e-08 3.59341e-08 5.76491e-08
-3.9 1.9 0.360162 -0.158321 0.360162 -0.158321 0.360162 -0.158321 1.25934e-08 3.62988e-08 3.73841e-08
-3.9 2 0.365623 -0.0611878 0.365623 -0.0611878 0.365623 -0.0611878 4.75353e-08 3.69687e-08 3.32056e-08
-3.9 2.1 0.348322 0.0327433 0.348322 0.0327433 0.348322 0.0327433 6.0273e-08 3.80007e-08 5.83212e-08
-3.9 2.2 0.309984 0.118405 0.309984 0.118405 0.309984 0.118405 9.21861e-09 3.93451e-08 4.60715e-08
-3.9 2.3 0.252618 0.19181 0.252618 0.19181 0.252618 0.19181 2.84941e-08 4.08499e-08 6.65173e-08
-3.9 2.4 0.177975 0.248962 0.177975 0.248962 0.177975 0.248962 3.46687e-08 4.23089e-08 7.52674e-08
-3.9 2.5 0.0882719 0.284671 0.0882719 0.284671 0.0882719 0.284671 3.07999e-08 4.35319e-08 6.4645e-08
-3.9 2.6 -0.0119666 0.292324 -0.0119666 0.292324 -0.0119666 0.292324 2.72456e-08 4.43984e-08 5.24573e-08
-3.9 2.7 -0.113942 0.265408 -0.113942 0.265408 -0.113942 0.265408 4.43823e-08 4.48728e-08 4.00946e-08
-3.9 2.8 -0.203878 0.200675 -0.203878 0.200675 -0.203878 0.200675 9.87197e-09 4.49863e-08 4.42942e-08
-3.9 2.9 -0.264737 0.10184 -0.264737 0.10184 -0.264737 0.10184 2.91133e-08 4.48072e-08 4.20895e-08
-3.9 3 -0.280532 -0.0180099 -0.280532 -0.0180099 -0.280532 -0.0180099 3.66728e-08 4.44162e-08 5.29619e-08
-3.9 3.1 -0.242102 -0.136988 -0.242102 -0.136988 -0.242102 -0.136988 4.99587e-08 4.38909e-08 7.42519e-09
-3.9 3.2 -0.152224 -0.228684 -0.152224 -0.228684 -0.152224 -0.228684 3.32812e-08 4.3299e-08 5.79824e-08
-3.9 3.3 -0.0277079 -0.269324 -0.0277079 -0.269324 -0.0277079 -0.269324 1.04641e-08 4.26971e-08 4.44833e-08
-3.9 3.4 0.103004 -0.245627 0.103004 -0.245627 0.103004 -0.245627 2.52813e-08 4.213e-08 2.01679e-08
-3.9 3.5 0.206642 -0.160531 0.206642 -0.160531 0.206642 -0.160531 8.3907e-09 4.16321e-08 3.49598e-08
-3.9 3.6 0.254552 -0.0344381 0.254552 -0.0344381 0.254552 -0.0344381 2.77306e-08 4.12268e-08 6.87762e-08
-3.9 3.7 0.231861 0.0990117 0.231861 0.0990117 0.231861 0.0990117 1.06717e-07 4.09266e-08 1.17921e-07
-3.9 3.8 0.143341 0.201833 0.143341 0.201833 0.143341 0.201833 2.35606e-08 4.07338e-08 1.74593e-08
-3.9 3.9 0.0137485 0.242917 0.0137485 0.242917 0.0137485 0.242917 3.52468e-08 4.06404e-08 7.41064e-08
-3.9 4 -0.118078 0.208319 -0.118078 0.208319 -0.118078 0.208319 1.57008e-08 4.06302e-08 3.54052e-08
-3.9 4.1 -0.210268 0.10728 -0.210268 0.10728 -0.210268 0.10728 7.79932e-08 4.06816e-08 8.86149e-08
-3.9 4.2 -0.231364 -0.0285436 -0.231364 -0.0285436 -0.231364 -0.0285436 5.2347e-08 4.07701e-08 9.08304e-08
-3.9 4.3 -0.172099 -0.153541 -0.172099 -0.153541 -0.172099 -0.153541 3.74213e-08 4.08716e-08 3.23482e-08
-3.9 4.4 -0.0510902 -0.222788 -0.0510902 -0.222788 -0.0510902 -0.222788 7.66311e-08 4.09647e-08 6.88198e-08
-3.9 4.5 0.0888901 -0.208734 0.0888901 -0.208734 0.0888901 -0.208734 2.35242e-08 4.10324e-08 1.90634e-08
-3.9 4.6 0.194639 -0.113832 0.194639 -0.113832 0.194639 -0.113832 3.7445e-08 4.10627e-08 3.25169e-08
-3.9 4.7 0.222706 0.0269906 0.222706 0.0269906 0.222706 0.0269906 5.59195e-08 4.10484e-08 8.01151e-08
-3.9 4.8 0.158649 0.157242 0.158649 0.157242 0.158649 0.157242 3.1247e-08 4.09867e-08 7.15765e-08
-3.9 4.9 0.0264829 0.22095 0.0264829 0.22095 0.0264829 0.22095 7.20905e-08 4.08782e-08 7.14861e-08
-3.9 5 -0.118015 0.187756 -0.118015 0.187756 -0.118015 0.187756 7.1936e-08 4.0726e-08 4.91339e-08
-3.8 -5 0.0362909 0.220943 0.0362909 0.220943 0.0362909 0.220943 4.84788e-08 4.051e-08 8.28963e-08
-3.8 -4.9 0.169188 0.147855 0.169188 0.147855 0.169188 0.147855 3.00392e-08 4.07179e-08 1.8277e-08
-3.8 -4.8 0.225338 0.00860151 0.225338 0.00860151 0.225338 0.00860152 3.22813e-08 4.08872e-08 2.44573e-08
-3.8 -4.7 0.182685 -0.133696 0.182685 -0.133696 0.182685 -0.133696 6.29825e-08 4.10124e-08 3.9941e-08
-3.8 -4.6 0.0627491 -0.218549 0.0627491 -0.218549 0.0627491 -0.218549 3.51702e-08 4.10898e-08 2.05947e-08
-3.8 -4.5 -0.0824329 -0.213174 -0.0824329 -0.213174 -0.0824329 -0.213174 4.29519e-08 4.11177e-08 5.79911e-08
-3.8 -4.4 -0.194317 -0.123013 -0.194317 -0.123013 -0.194317 -0.123013 5.75403e-08 4.10984e-08 3.68778e-08
-3.8 -4.3 -0.231278 0.0142939 -0.231278 0.0142939 -0.231278 0.0142939 5.00963e-08 4.10385e-08 4.20327e-08
-3.8 -4.2 -0.182366 0.146365 -0.182366 0.146365 -0.182366 0.146365 5.74651e-08 4.09498e-08 5.15201e-08
-3.8 -4.1 -0.0679269 0.226424 -0.0679269 0.226424 -0.0679269 0.226424 3.3844e-08 4.08494e-08 4.80531e-08
-3.8 -4 0.0707496 0.228735 0.0707496 0.228735 0.0707496 0.228735 4.24102e-08 4.07594e-08 2.01151e-08
-3.8 -3.9 0.187229 0.154831 0.187229 0.154831 0.187229 0.154831 9.5738e-08 4.07052e-08 8.05423e-08
-3.8 -3.8 0.245106 0.0302173 0.245106 0.0302173 0.245106 0.0302173 3.68015e-08 4.07123e-08 1.70345e-08
-3.8 -3.7 0.228085 -0.105723 0.228085 -0.105723 0.228085 -0.105723 4.26729e-08 4.08041e-08 4.23422e-08
-3.8 -3.6 0.142899 -0.212606 0.142899 -0.212606 0.142899 -0.212606 2.38509e-08 4.09975e-08 2.65765e-08
-3.8 -3.5 0.0153529 -0.260694 0.0153529 -0.260694 0.0153529 -0.260694 3.30141e-08 4.13006e-08 2.50475e-08
-3.8 -3.4 -0.11855 -0.238316 -0.11855 -0.238316 -0.11855 -0.238316 2.07491e-08 4.17108e-08 4.65065e-08
-3.8 -3.3 -0.223419 -0.153512 -0.223419 -0.153512 -0.223419 -0.153512 4.05801e-08 4.22134e-08 7.45063e-08
-3.8 -3.2 -0.274039 -0.0300127 -0.274039 -0.0300127 -0.274039 -0.0300127 2.12941e-08 4.27824e-08 6.3392e-08
-3.8 -3.1 -0.261065 0.100763 -0.261065 0.100763 -0.261065 0.100763 8.70568e-09 4.33795e-08 3.74601e-08
-3.8 -3 -0.191557 0.208951 -0.191557 0.208951 -0.191557 0.208951 1.12453e-08 4.39548e-08 5.5166e-08
-3.8 -2.9 -0.084756 0.273779 -0.084756 0.273779 -0.084756 0.273779 7.3587e-08 4.44457e-08 7.28526e-08
-3.8 -2.8 0.0349642 0.287269 0.0349642 0.287269 0.0349642 0.287269 3.99508e-08 4.47775e-08 9.25286e-09
-3.8 -2.7 0.145273 0.253512 0.145273 0.253512 0.145272 0.253512 2.52875e-08 4.48667e-08 6.68139e-08
-3.8 -2.6 0.230809 0.184576 0.230809 0.184576 0.230809 0.184576 7.05133e-08 4.46301e-08 9.37478e-08
-3.8 -2.5 0.284688 0.0951432 0.284688 0.0951432 0.284688 0.0951432 2.02699e-08 4.40051e-08 5.40049e-08
-3.8 -2.4 0.306906 -0.00190903 0.306906 -0.00190902 0.306906 -0.00190902 3.74727e-08 4.29788e-08 4.00444e-08
-3.8 -2.3 0.301145 -0.0976472 0.301145 -0.0976472 0.301145 -0.0976472 2.61826e-08 4.16186e-08 2.52591e-08
-3.8 -2.2 0.271724 -0.186826 0.271724 -0.186826 0.271724 -0.186826 1.3754e-08 4.00804e-08 2.71258e-08
-3.8 -2.1 0.222 -0.2662 0.222 -0.2662 0.222 -0.2662 1.93039e-08 3.85765e-08 5.35628e-08
-3.8 -2 0.154464 -0.332771 0.154464 -0.332771 0.154464 -0.332771 1.72788e-08 3.7306e-08 5.40154e-08
-3.8 -1.9 0.0719127 -0.383021 0.0719127 -0.383021 0.0719127 -0.383021 6.46822e-09 3.63845e-08 3.41808e-08
-3.8 -1.8 -0.0213474 -0.413443 -0.0213474 -0.413443 -0.0213474 -0.413443 2.37167e-08 3.58114e-08 4.46828e-08
-3.8 -1.7 -0.119161 -0.421924 -0.119161 -0.421924 -0.119161 -0.421924 9.272e-09 3.54828e-08 3.02356e-08
-3.8 -1.6 -0.214344 -0.409098 -0.214344 -0.409098 -0.214344 -0.409098 8.82229e-09 3.52267e-08 4.39401e-08
-3.8 -1.5 -0.300332 -0.37891 -0.300332 -0.37891 -0.300332 -0.37891 1.67093e-08 3.4833e-08 3.994e-08
-3.8 -1.4 -0.372931 -0.338032 -0.372931 -0.338032 -0.372931 -0.338032 2.67902e-08 3.40704e-08 5.28602e-08
-3.8 -1.3 -0.431429 -0.294328 -0.431429 -0.294328 -0.431429 -0.294328 3.59649e-08 3.26997e-08 5.72276e-08
-3.8 -1.2 -0.478645 -0.254951 -0.478645 -0.254951 -0.478645 -0.254951 1.74264e-08 3.05053e-08 3.70987e-08
-3.8 -1.1 -0.519937 -0.224747 -0.519937 -0.224747 -0.519937 -0.224747 1.6281e-08 2.73647e-08 4.07408e-08
-3.8 -1 -0.561545 -0.205457 -0.561545 -0.205457 -0.561545 -0.205457 6.65287e-09 2.3348e-08 2.92181e-08
-3.8 -0.9 -0.608855 -0.19587 -0.608855 -0.19587 -0.608855 -0.19587 1.96644e-08 1.8791e-08 2.8044e-08
-3.8 -0.8 -0.665062 -0.192751 -0.665062 -0.192751 -0.665062 -0.192751 1.15756e-08 1.42858e-08 2.50285e-08
-3.8 -0.7 -0.730535 -0.192151 -0.730535 -0.192151 -0.730535 -0.192151 1.16912e-08 1.06174e-08 1.62391e-08
-3.8 -0.6 -0.802916 -0.190661 -0.802916 -0.190661 -0.802916 -0.190661 2.00677e-09 8.64308e-09 1.06275e-08
-3.8 -0.5 -0.877773 -0.186282 -0.877773 -0.186282 -0.877773 -0.186282 1.06739e-08 8.64602e-09 7.84285e-09
-3.8 -0.4 -0.94954 -0.178739 -0.94954 -0.178739 -0.94954 -0.178739 5.07924e-09 9.78938e-09 8.60753e-09
-3.8 -0.3 -1.01247 -0.169273 -1.01247 -0.169273 -1.01247 -0.169273 8.29681e-09 1.11375e-08 4.23342e-09
-3.8 -0.2 -1.06144 -0.160038 -1.06144 -0.160038 -1.06144 -0.160038 1.6015e-08 1.224e-08 2.72565e-08
-3.8 -0.1 -1.09247 -0.153337 -1.09247 -0.153337 -1.09247 -0.153337 8.3609e-09 1.29346e-08 6.10578e-09
-3.8 -1.02696e-15 -1.1031 -0.150891 -1.1031 -0.150891 -1.1031 -0.150891 3.21642e-08 1.31699e-08 2.29047e-08
-3.8 0.1 -1.09247 -0.153337 -1.09247 -0.153337 -1.09247 -0.153337 8.36091e-09 1.29346e-08 6.10578e-09
-3.8 0.2 -1.06144 -0.160038 -1.06144 -0.160038 -1.06144 -0.160038 1.6015e-08 1.224e-08 2.72565e-08
-3.8 0.3 -1.01247 -0.169273 -1.01247 -0.169273 -1.01247 -0.169273 8.29681e-09 1.11375e-08 4.23342e-09
-3.8 0.4 -0.94954 -0.178739 -0.94954 -0.178739 -0.94954 -0.178739 5.07925e-09 9.78939e-09 8.60752e-09
-3.8 0.5 -0.877773 -0.186282 -0.877773 -0.186282 -0.877773 -0.186282 1.06739e-08 8.64602e-09 7.84284e-09
-3.8 0.6 -0.802916 -0.190661 -0.802916 -0.190661 -0.802916 -0.190661 2.00678e-09 8.64308e-09 1.06275e-08
-3.8 0.7 -0.730535 -0.192151 -0.730535 -0.192151 -0.730535 -0.192151 1.16912e-08 1.06174e-08 1.62391e-08
-3.8 0.8 -0.665062 -0.192751 -0.665062 -0.192751 -0.665062 -0.192751 1.15756e-08 1.42858e-08 2.50285e-08
-3.8 0.9 -0.608855 -0.19587 -0.608855 -0.19587 -0.608855 -0.19587 1.96644e-08 1.8791e-08 2.8044e-08
-3.8 1 -0.561545 -0.205457 -0.561545 -0.205457 -0.561545 -0.205457 6.65284e-09 2.3348e-08 2.9218e-08
-3.8 1.1 -0.519937 -0.224747 -0.519937 -0.224747 -0.519937 -0.224747 1.6281e-08 2.73647e-08 4.07408e-08
-3.8 1.2 -0.478645 -0.254951 -0.478645 -0.254951 -0.478645 -0.254951 1.74264e-08 3.05053e-08 3.70987e-08
-3.8 1.3 -0.431429 -0.294328 -0.431429 -0.294328 -0.431429 -0.294328 3.59649e-08 3.26997e-08 5.72276e-08
-3.8 1.4 -0.372931 -0.338032 -0.372931 -0.338032 -0.372931 -0.338032 2.67902e-08 3.40704e-08 5.28602e-08
-3.8 1.5 -0.300332 -0.37891 -0.300332 -0.37891 -0.300332 -0.37891 1.67093e-08 3.4833e-08 3.994e-08
-3.8 1.6 -0.214344 -0.409098 -0.214344 -0.409098 -0.214344 -0.409098 8.82231e-09 3.52267e-08 4.39401e-08
-3.8 1.7 -0.119161 -0.421924 -0.119161 -0.421924 -0.119161 -0.421924 9.27202e-09 3.54829e-08 3.02356e-08
-3.8 1.8 -0.0213474 -0.413443 -0.0213474 -0.413443 -0.0213474 -0.413443 2.37168e-08 3.58114e-08 4.46828e-08
-3.8 1.9 0.0719127 -0.383021 0.0719127 -0.383021 0.0719127 -0.383021 6.46821e-09 3.63845e-08 3.41808e-08
-3.8 2 0.154464 -0.332771 0.154464 -0.332771 0.154464 -0.332771 1.72788e-08 3.7306e-08 5.40154e-08
-3.8 2.1 0.222 -0.2662 0.222 -0.2662 0.222 -0.2662 1.93039e-08 3.85765e-08 5.35628e-08
-3.8 2.2 0.271724 -0.186826 0.271724 -0.186826 0.271724 -0.186826 1.3754e-08 4.00804e-08 2.71258e-08
-3.8 2.3 0.301145 -0.0976472 0.301145 -0.0976472 0.301145 -0.0976472 2.61826e-08 4.16186e-08 2.52591e-08
-3.8 2.4 0.306906 -0.00190903 0.306906 -0.00190902 0.306906 -0.00190902 3.74727e-08 4.29788e-08 4.00444e-08
-3.8 2.5 0.284688 0.0951432 0.284688 0.0951432 0.284688 0.0951432 2.02699e-08 4.40051e-08 5.40049e-08
-3.8 2.6 0.230809 0.184576 0.230809 0.184576 0.230809 0.184576 7.05133e-08 4.46301e-08 9.37478e-08
-3.8 2.7 0.145273 0.253512 0.145273 0.253512 0.145272 0.253512 2.52875e-08 4.48667e-08 6.68139e-08
-3.8 2.8 0.0349642 0.287269 0.0349642 0.287269 0.0349642 0.287269 3.99508e-08 4.47775e-08 9.25285e-09
-3.8 2.9 -0.084756 0.273779 -0.084756 0.273779 -0.084756 0.273779 7.3587e-08 4.44457e-08 7.28526e-08
-3.8 3 -0.191557 0.208951 -0.191557 0.208951 -0.191557 0.208951 1.12453e-08 4.39548e-08 5.5166e-08
-3.8 3.1 -0.261065 0.100763 -0.261065 0.100763 -0.261065 0.100763 8.70568e-09 4.33795e-08 3.74601e-08
-3.8 3.2 -0.274039 -0.0300127 -0.274039 -0.0300127 -0.274039 -0.0300127 2.12941e-08 4.27824e-08 6.3392e-08
-3.8 3.3 -0.223419 -0.153512 -0.223419 -0.153512 -0.223419 -0.153512 4.05801e-08 4.22134e-08 7.45063e-08
-3.8 3.4 -0.11855 -0.238316 -0.11855 -0.238316 -0.11855 -0.238316 2.07491e-08 4.17107e-08 4.65065e-08
-3.8 3.5 0.0153529 -0.260694 0.0153529 -0.260694 0.0153529 -0.260694 3.30141e-08 4.13007e-08 2.50475e-08
-3.8 3.6 0.142899 -0.212606 0.142899 -0.212606 0.142899 -0.212606 2.38509e-08 4.09975e-08 2.65765e-08
-3.8 3.7 0.228085 -0.105723 0.228085 -0.105723 0.228085 -0.105723 4.26729e-08 4.08041e-08 4.23422e-08
-3.8 3.8 0.245106 0.0302173 0.245106 0.0302173 0.245106 0.0302173 3.68015e-08 4.07123e-08 1.70345e-08
-3.8 3.9 0.187229 0.154831 0.187229 0.154831 0.187229 0.154831 9.5738e-08 4.07051e-08 8.05423e-08
-3.8 4 0.0707496 0.228735 0.0707496 0.228735 0.0707496 0.228735 4.24102e-08 4.07594e-08 2.01151e-08
-3.8 4.1 -0.0679269 0.226424 -0.0679269 0.226424 -0.0679269 0.226424 3.3844e-08 4.08494e-08 4.80531e-08
-3.8 4.2 -0.182366 0.146365 -0.182366 0.146365 -0.182366 0.146365 5.74651e-08 4.09498e-08 5.15201e-08
-3.8 4.3 -0.231278 0.0142939 -0.231278 0.0142939 -0.231278 0.0142939 5.00963e-08 4.10385e-08 4.20327e-08
-3.8 4.4 -0.194317 -0.123013 -0.194317 -0.123013 -0.194317 -0.123013 5.75403e-08 4.10985e-08 3.68778e-08
-3.8 4.5 -0.0824329 -0.213174 -0.0824329 -0.213174 -0.0824329 -0.213174 4.29519e-08 4.11177e-08 5.7991e-08
-3.8 4.6 0.0627491 -0.218549 0.0627491 -0.218549 0.0627491 -0.218549 3.51702e-08 4.10898e-08 2.05947e-08
-3.8 4.7 0.182685 -0.133696 0.182685 -0.133696 0.182685 -0.133696 6.29825e-08 4.10124e-08 3.9941e-08
-3.8 4.8 0.225338 0.00860151 0.225338 0.00860151 0.225338 0.00860152 3.22813e-08 4.08872e-08 2.44573e-08
-3.8 4.9 0.169188 0.147855 0.169188 0.147855 0.169188 0.147855 3.00392e-08 4.07179e-08 1.8277e-08
-3.8 5 0.0362909 0.220943 0.0362909 0.220943 0.0362909 0.220943 4.84788e-08 4.051e-08 8.28963e-08
-3.7 -5 0.173829 0.144438 0.173829 0.144438 0.173829 0.144438 3.11725e-08 4.02237e-08 4.0912e-08
-3.7 -4.9 0.226869 -0.00131838 0.226869 -0.00131838 0.226869 -0.00131838 2.76111e-08 4.04799e-08 6.78582e-08
-3.7 -4.8 0.174842 -0.145904 0.174842 -0.145904 0.174842 -0.145904 4.09971e-08 4.07051e-08 4.32682e-08
-3.7 -4.7 0.0444538 -0.224224 0.0444538 -0.224224 0.0444538 -0.224224 2.1823e-08 4.08922e-08 4.89641e-08
-3.7 -4.6 -0.104669 -0.204256 -0.104669 -0.204256 -0.104669 -0.204256 5.89175e-08 4.10351e-08 9.59049e-08
-3.7 -4.5 -0.208711 -0.0979454 -0.208711 -0.0979454 -0.208711 -0.0979454 3.20403e-08 4.1129e-08 2.46242e-08
-3.7 -4.4 -0.226745 0.0479789 -0.226745 0.0479789 -0.226745 0.0479789 2.50134e-08 4.11718e-08 1.79854e-08
-3.7 -4.3 -0.154916 0.174344 -0.154916 0.174344 -0.154916 0.174344 2.99394e-08 4.11645e-08 1.18512e-08
-3.7 -4.2 -0.0240193 0.233779 -0.0240193 0.233779 -0.0240193 0.233779 8.54167e-08 4.11133e-08 5.90842e-08
-3.7 -4.1 0.115745 0.207028 0.115745 0.207028 0.115745 0.207028 6.20002e-08 4.10296e-08 9.29096e-08
-3.7 -4 0.214804 0.106646 0.214804 0.106646 0.214804 0.106646 2.6781e-08 4.09307e-08 6.74565e-08
-3.7 -3.9 0.240993 -0.0308525 0.240993 -0.0308525 0.240993 -0.0308525 2.97171e-08 4.08394e-08 6.3627e-08
-3.7 -3.8 0.188072 -0.159537 0.188072 -0.159537 0.188072 -0.159537 2.87999e-08 4.07821e-08 6.53418e-08
-3.7 -3.7 0.0748652 -0.239366 0.0748652 -0.239366 0.0748651 -0.239366 7.1343e-08 4.0786e-08 7.04211e-08
-3.7 -3.6 -0.062958 -0.247556 -0.062958 -0.247556 -0.062958 -0.247556 5.28718e-08 4.08756e-08 8.99413e-08
-3.7 -3.5 -0.184825 -0.183483 -0.184825 -0.183483 -0.184825 -0.183483 6.17024e-08 4.1069e-08 1.02766e-07
-3.7 -3.4 -0.25712 -0.066813 -0.25712 -0.066813 -0.25712 -0.066813 2.08971e-08 4.13745e-08 4.20162e-08
-3.7 -3.3 -0.261812 0.0697284 -0.261812 0.0697284 -0.261812 0.0697284 3.75496e-08 4.17884e-08 5.46388e-08
-3.7 -3.2 -0.199925 0.190401 -0.199925 0.190401 -0.199925 0.190401 4.41943e-08 4.22945e-08 8.28236e-08
-3.7 -3.1 -0.0894213 0.266304 -0.0894213 0.266304 -0.0894213 0.266304 2.29088e-08 4.28631e-08 4.14956e-08
-3.7 -3 0.0414049 0.282267 0.0414049 0.282267 0.0414049 0.282267 3.72171e-08 4.34518e-08 6.04949e-08
-3.7 -2.9 0.162636 0.23905 0.162636 0.23905 0.162636 0.23905 3.72381e-08 4.40047e-08 8.08995e-08
-3.7 -2.8 0.250685 0.150696 0.250685 0.150696 0.250685 0.150696 5.20036e-08 4.44525e-08 9.59283e-08
-3.7 -2.7 0.293082 0.0384953 0.293082 0.0384953 0.293082 0.0384953 3.93035e-08 4.47134e-08 8.33225e-08
-3.7 -2.6 0.289062 -0.0759484 0.289062 -0.0759484 0.289062 -0.0759484 1.72086e-08 4.4698e-08 6.18965e-08
-3.7 -2.5 0.246532 -0.176084 0.246532 -0.176084 0.246532 -0.176084 4.39461e-08 4.43226e-08 8.49975e-08
-3.7 -2.4 0.177268 -0.252704 0.177268 -0.252704 0.177268 -0.252704 1.78383e-08 4.35345e-08 6.01878e-08
-3.7 -2.3 0.0925218 -0.303138 0.0925218 -0.303138 0.0925218 -0.303138 5.65759e-08 4.23456e-08 6.35549e-08
-3.7 -2.2 0.000571854 -0.328548 0.000571859 -0.328548 0.000571867 -0.328548 3.55682e-08 4.08599e-08 4.36244e-08
-3.7 -2.1 -0.0933929 -0.331064 -0.0933929 -0.331064 -0.0933929 -0.331064 1.58794e-08 3.92678e-08 4.24701e-08
-3.7 -2 -0.185831 -0.31212 -0.185831 -0.31212 -0.185831 -0.31212 3.19762e-08 3.77936e-08 6.96454e-08
-3.7 -1.9 -0.273141 -0.272459 -0.273141 -0.272459 -0.273141 -0.272459 4.08261e-08 3.66152e-08 3.97949e-08
-3.7 -1.8 -0.350831 -0.213312 -0.350831 -0.213312 -0.350831 -0.213312 3.43093e-08 3.58005e-08 6.71452e-08
-3.7 -1.7 -0.413991 -0.137747 -0.413991 -0.137747 -0.413991 -0.137747 2.15718e-08 3.52951e-08 4.08429e-08
-3.7 -1.6 -0.458747 -0.0512405 -0.458747 -0.0512405 -0.458747 -0.0512405 3.12661e-08 3.49502e-08 4.03733e-08
-3.7 -1.5 -0.483851 0.0389499 -0.483851 0.0389499 -0.483851 0.0389499 9.5452e-09 3.45617e-08 3.06385e-08
-3.7 -1.4 -0.491575 0.125395 -0.491575 0.125395 -0.491575 0.125395 2.18113e-08 3.38959e-08 5.00864e-08
-3.7 -1.3 -0.487448 0.202385 -0.487448 0.202385 -0.487448 0.202385 8.46089e-09 3.27062e-08 2.94147e-08
-3.7 -1.2 -0.478921 0.26734 -0.478921 0.26734 -0.478921 0.26734 2.37149e-08 3.07583e-08 3.38634e-08
-3.7 -1.1 -0.473462 0.321216 -0.473462 0.321216 -0.473462 0.321216 2.60543e-08 2.78877e-08 4.45848e-08
-3.7 -1 -0.476779 0.367815 -0.476779 0.367815 -0.476779 0.367815 1.55641e-08 2.40954e-08 2.77001e-08
-3.7 -0.9 -0.491696 0.412327 -0.491696 0.412327 -0.491696 0.412327 1.07535e-08 1.96413e-08 2.98378e-08
-3.7 -0.8 -0.517941 0.459603 -0.517941 0.459603 -0.517941 0.459603 7.01743e-09 1.50658e-08 8.21199e-09
-3.7 -0.7 -0.552749 0.512718 -0.552749 0.512718 -0.552749 0.512718 1.03721e-08 1.11404e-08 1.11146e-08
-3.7 -0.6 -0.591944 0.572151 -0.591944 0.572151 -0.591944 0.572151 2.78857e-08 8.77836e-09 3.2866e-08
-3.7 -0.5 -0.631109 0.635699 -0.631109 0.635699 -0.631109 0.635699 1.54168e-08 8.48285e-09 7.77635e-09
-3.7 -0.4 -0.666492 0.699019 -0.666492 0.699019 -0.666492 0.699019 1.07974e-08 9.54469e-09 1.18698e-08
-3.7 -0.3 -0.695485 0.756566 -0.695485 0.756566 -0.695485 0.756566 1.98717e-08 1.09219e-08 3.04847e-08
-3.7 -0.2 -0.716645 0.802659 -0.716645 0.802659 -0.716645 0.802659 4.8105e-09 1.20744e-08 8.69087e-09
-3.7 -0.1 -0.729404 0.832469 -0.729404 0.832469 -0.729404 0.832469 5.45706e-09 1.2806e-08 7.38641e-09
-3.7 -1.02696e-15 -0.733654 0.84278 -0.733654 0.84278 -0.733654 0.84278 1.9399e-08 1.30544e-08 1.44806e-08
-3.7 0.1 -0.729404 0.832469 -0.729404 0.832469 -0.729404 0.832469 5.45706e-09 1.2806e-08 7.38641e-09
-3.7 0.2 -0.716645 0.802659 -0.716645 0.802659 -0.716645 0.802659 4.8105e-09 1.20744e-08 8.69086e-09
-3.7 0.3 -0.695485 0.756566 -0.695485 0.756566 -0.695485 0.756566 1.98717e-08 1.09219e-08 3.04847e-08
-3.7 0.4 -0.666492 0.699019 -0.666492 0.699019 -0.666492 0.699019 1.07974e-08 9.54469e-09 1.18698e-08
-3.7 0.5 -0.631109 0.635699 -0.631109 0.635699 -0.631109 0.635699 1.54168e-08 8.48285e-09 7.77635e-09
-3.7 0.6 -0.591944 0.572151 -0.591944 0.572151 -0.591944 0.572151 2.78857e-08 8.77836e-09 3.2866e-08
-3.7 0.7 -0.552749 0.512718 -0.552749 0.512718 -0.552749 0.512718 1.03721e-08 1.11404e-08 1.11146e-08
-3.7 0.8 -0.517941 0.459603 -0.517941 0.459603 -0.517941 0.459603 7.01744e-09 1.50659e-08 8.21198e-09
-3.7 0.9 -0.491696 0.412327 -0.491696 0.412327 -0.491696 0.412327 1.07535e-08 1.96413e-08 2.98378e-08
-3.7 1 -0.476779 0.367815 -0.476779 0.367815 -0.476779 0.367815 1.55641e-08 2.40954e-08 2.77001e-08
-3.7 1.1 -0.473462 0.321216 -0.473462 0.321216 -0.473462 0.321216 2.60543e-08 2.78877e-08 4.45848e-08
-3.7 1.2 -0.478921 0.26734 -0.478921 0.26734 -0.478921 0.26734 2.37148e-08 3.07583e-08 3.38634e-08
-3.7 1.3 -0.487448 0.202385 -0.487448 0.202385 -0.487448 0.202385 8.46085e-09 3.27061e-08 2.94147e-08
-3.7 1.4 -0.491575 0.125395 -0.491575 0.125395 -0.491575 0.125395 2.18113e-08 3.38959e-08 5.00864e-08
-3.7 1.5 -0.483851 0.0389499 -0.483851 0.0389499 -0.483851 0.0389499 9.5452e-09 3.45617e-08 3.06385e-08
-3.7 1.6 -0.458747 -0.0512405 -0.458747 -0.0512405 -0.458747 -0.0512405 3.12661e-08 3.49502e-08 4.03733e-08
-3.7 1.7 -0.413991 -0.137747 -0.413991 -0.137747 -0.413991 -0.137747 2.15718e-08 3.52951e-08 4.08429e-08
-3.7 1.8 -0.350831 -0.213312 -0.350831 -0.213312 -0.350831 -0.213312 3.43093e-08 3.58005e-08 6.71452e-08
-3.7 1.9 -0.273141 -0.272459 -0.273141 -0.272459 -0.273141 -0.272459 4.08261e-08 3.66152e-08 3.97949e-08
-3.7 2 -0.185831 -0.31212 -0.185831 -0.31212 -0.185831 -0.31212 3.19762e-08 3.77936e-08 6.96454e-08
-3.7 2.1 -0.0933929 -0.331064 -0.0933929 -0.331064 -0.0933929 -0.331064 1.58794e-08 3.92678e-08 4.24701e-08
-3.7 2.2 0.000571854 -0.328548 0.000571859 -0.328548 0.000571867 -0.328548 3.55682e-08 4.08599e-08 4.36244e-08
-3.7 2.3 0.0925218 -0.303138 0.0925218 -0.303138 0.0925218 -0.303138 5.65759e-08 4.23456e-08 6.35549e-08
-3.7 2.4 0.177268 -0.252704 0.177268 -0.252704 0.177268 -0.252704 1.78384e-08 4.35345e-08 6.01878e-08
-3.7 2.5 0.246532 -0.176084 0.246532 -0.176084 0.246532 -0.176084 4.39461e-08 4.43226e-08 8.49976e-08
-3.7 2.6 0.289062 -0.0759484 0.289062 -0.0759484 0.289062 -0.0759484 1.72086e-08 4.4698e-08 6.18965e-08
-3.7 2.7 0.293082 0.0384953 0.293082 0.0384953 0.293082 0.0384953 3.93035e-08 4.47134e-08 8.33225e-08
-3.7 2.8 0.250685 0.150696 0.250685 0.150696 0.250685 0.150696 5.20036e-08 4.44525e-08 9.59284e-08
-3.7 2.9 0.162636 0.23905 0.162636 0.23905 0.162636 0.23905 3.72381e-08 4.40047e-08 8.08995e-08
-3.7 3 0.0414049 0.282267 0.0414049 0.282267 0.0414049 0.282267 3.72171e-08 4.34518e-08 6.04949e-08
-3.7 3.1 -0.0894213 0.266304 -0.0894213 0.266304 -0.0894213 0.266304 2.29088e-08 4.28631e-08 4.14957e-08
-3.7 3.2 -0.199925 0.190401 -0.199925 0.190401 -0.199925 0.190401 4.41942e-08 4.22945e-08 8.28236e-08
-3.7 3.3 -0.261812 0.0697284 -0.261812 0.0697284 -0.261812 0.0697284 3.75496e-08 4.17885e-08 5.46388e-08
-3.7 3.4 -0.25712 -0.066813 -0.25712 -0.066813 -0.25712 -0.066813 2.08971e-08 4.13745e-08 4.20162e-08
-3.7 3.5 -0.184825 -0.183483 -0.184825 -0.183483 -0.184825 -0.183483 6.17024e-08 4.1069e-08 1.02766e-07
-3.7 3.6 -0.062958 -0.247556 -0.062958 -0.247556 -0.062958 -0.247556 5.28718e-08 4.08756e-08 8.99413e-08
-3.7 3.7 0.0748652 -0.239366 0.0748652 -0.239366 0.0748651 -0.239366 7.13429e-08 4.0786e-08 7.04211e-08
-3.7 3.8 0.188072 -0.159537 0.188072 -0.159537 0.188072 -0.159537 2.87999e-08 4.07821e-08 6.53418e-08
-3.7 3.9 0.240993 -0.0308525 0.240993 -0.0308525 0.240993 -0.0308525 2.97171e-08 4.08394e-08 6.3627e-08
-3.7 4 0.214804 0.106646 0.214804 0.106646 0.214804 0.106646 2.6781e-08 4.09307e-08 6.74565e-08
-3.7 4.1 0.115745 0.207028 0.115745 0.207028 0.115745 0.207028 6.20003e-08 4.10296e-08 9.29096e-08
-3.7 4.2 -0.0240193 0.233779 -0.0240193 0.233779 -0.0240193 0.233779 8.54167e-08 4.11133e-08 5.90842e-08
-3.7 4.3 -0.154916 0.174344 -0.154916 0.174344 -0.154916 0.174344 2.99394e-08 4.11645e-08 1.18512e-08
-3.7 4.4 -0.226745 0.0479789 -0.226745 0.0479789 -0.226745 0.0479789 2.50134e-08 4.11718e-08 1.79854e-08
-3.7 4.5 -0.208711 -0.0979454 -0.208711 -0.0979454 -0.208711 -0.0979454 3.20403e-08 4.1129e-08 2.46242e-08
-3.7 4.6 -0.104669 -0.204256 -0.104669 -0.204256 -0.104669 -0.204256 5.89175e-08 4.10351e-08 9.59049e-08
-3.7 4.7 0.0444538 -0.224224 0.0444538 -0.224224 0.0444538 -0.224224 2.1823e-08 4.08922e-08 4.89642e-08
-3.7 4.8 0.174842 -0.145904 0.174842 -0.145904 0.174842 -0.145904 4.0997e-08 4.07051e-08 4.32682e-08
-3.7 4.9 0.226869 -0.00131838 0.226869 -0.00131838 0.226869 -0.00131838 2.76112e-08 4.04799e-08 6.78582e-08
-3.7 5 0.173829 0.144438 0.173829 0.144438 0.173829 0.144438 3.11725e-08 4.02237e-08 4.0912e-08
-3.6 -5 0.227988 -0.00273323 0.227987 -0.00273322 0.227987 -0.00273323 2.45037e-08 3.98773e-08 5.12667e-08
-3.6 -4.9 0.172106 -0.151065 0.172106 -0.151065 0.172106 -0.151065 5.90947e-08 4.0172e-08 7.41635e-08
-3.6 -4.8 0.0346523 -0.227321 0.0346523 -0.227321 0.0346523 -0.227321 9.18868e-08 4.04446e-08 1.0313e-07
-3.6 -4.7 -0.118331 -0.198237 -0.118331 -0.198237 -0.118331 -0.198237 4.57227e-08 4.06873e-08 2.48945e-08
-3.6 -4.6 -0.21747 -0.0802255 -0.217469 -0.0802255 -0.217469 -0.0802255 6.12566e-08 4.08929e-08 8.18976e-08
-3.6 -4.5 -0.221309 0.0721521 -0.221309 0.0721521 -0.221309 0.0721521 5.05007e-08 4.10542e-08 6.69949e-08
-3.6 -4.4 -0.131692 0.193254 -0.131692 0.193254 -0.131692 0.193254 4.87166e-08 4.11658e-08 9.66217e-09
-3.6 -4.3 0.0112332 0.234847 0.0112332 0.234847 0.0112332 0.234847 7.77439e-08 4.12244e-08 7.43233e-08
-3.6 -4.2 0.149134 0.183707 0.149134 0.183707 0.149134 0.183707 1.11872e-08 4.12304e-08 5.24039e-08
-3.6 -4.1 0.230008 0.0628996 0.230008 0.0628996 0.230008 0.0628996 1.53737e-08 4.11889e-08 2.99251e-08
-3.6 -4 0.226699 -0.080877 0.226699 -0.080877 0.226699 -0.080877 2.95422e-08 4.11111e-08 6.80691e-08
-3.6 -3.9 0.143588 -0.196551 0.143588 -0.196551 0.143588 -0.196551 1.08054e-07 4.10142e-08 1.03118e-07
-3.6 -3.8 0.0113976 -0.246402 0.0113976 -0.246402 0.0113976 -0.246402 7.05325e-08 4.09216e-08 6.90358e-08
-3.6 -3.7 -0.125765 -0.216615 -0.125765 -0.216615 -0.125765 -0.216615 1.53585e-08 4.0861e-08 5.56692e-08
-3.6 -3.6 -0.225454 -0.118798 -0.225454 -0.118798 -0.225454 -0.118798 2.01843e-08 4.08611e-08 3.83055e-08
-3.6 -3.5 -0.259188 0.0161913 -0.259188 0.0161913 -0.259188 0.0161913 2.15456e-08 4.0948e-08 3.69669e-08
-3.6 -3.4 -0.219097 0.148965 -0.219097 0.148965 -0.219097 0.148965 1.8212e-08 4.11407e-08 5.86335e-08
-3.6 -3.3 -0.118098 0.243285 -0.118098 0.243285 -0.118098 0.243285 3.16828e-08 4.14477e-08 6.43565e-08
-3.6 -3.2 0.0155315 0.275553 0.0155315 0.275552 0.0155315 0.275552 2.99119e-08 4.18644e-08 7.0376e-08
-3.6 -3.1 0.147121 0.239886 0.147121 0.239886 0.147121 0.239886 4.23319e-08 4.23721e-08 8.2934e-08
-3.6 -3 0.245377 0.147884 0.245377 0.147884 0.245377 0.147884 1.78532e-08 4.29377e-08 5.48435e-08
-3.6 -2.9 0.290152 0.0235974 0.290152 0.0235974 0.290152 0.0235974 5.71036e-08 4.35133e-08 9.91139e-08
-3.6 -2.8 0.276138 -0.104358 0.276138 -0.104358 0.276138 -0.104358 2.01472e-08 4.40369e-08 4.67567e-08
-3.6 -2.7 0.211797 -0.210843 0.211797 -0.210843 0.211797 -0.210843 6.61586e-08 4.44316e-08 1.10554e-07
-3.6 -2.6 0.114507 -0.279836 0.114507 -0.279836 0.114507 -0.279836 2.59271e-08 4.4608e-08 1.87016e-08
-3.6 -2.5 0.00408064 -0.306206 0.00408065 -0.306206 0.00408064 -0.306206 2.43132e-08 4.44716e-08 3.94767e-08
-3.6 -2.4 -0.102814 -0.293759 -0.102814 -0.293759 -0.102814 -0.293759 3.76148e-08 4.39411e-08 7.38722e-08
-3.6 -2.3 -0.195594 -0.251089 -0.195594 -0.251089 -0.195594 -0.251089 5.12567e-08 4.29794e-08 3.95141e-08
-3.6 -2.2 -0.269655 -0.187323 -0.269655 -0.187323 -0.269655 -0.187323 5.11625e-08 4.16298e-08 9.06206e-08
-3.6 -2.1 -0.324173 -0.109474 -0.324173 -0.109474 -0.324173 -0.109474 3.74515e-08 4.00363e-08 7.55937e-08
-3.6 -2 -0.359422 -0.0220073 -0.359422 -0.0220073 -0.359422 -0.0220073 4.21316e-08 3.84191e-08 1.05497e-08
-3.6 -1.9 -0.375079 0.0719133 -0.375079 0.0719133 -0.375079 0.0719133 1.5045e-08 3.70014e-08 2.19708e-08
-3.6 -1.8 -0.370135 0.168739 -0.370135 0.168739 -0.370135 0.168739 1.05454e-08 3.59243e-08 4.58734e-08
-3.6 -1.7 -0.344088 0.263584 -0.344088 0.263584 -0.344088 0.263584 4.92094e-08 3.51996e-08 2.10668e-08
-3.6 -1.6 -0.29846 0.350595 -0.29846 0.350595 -0.29846 0.350595 2.2107e-08 3.47185e-08 2.40646e-08
-3.6 -1.5 -0.237646 0.424415 -0.237646 0.424415 -0.237646 0.424415 1.38167e-08 3.42912e-08 3.16704e-08
-3.6 -1.4 -0.168532 0.481972 -0.168532 0.481972 -0.168532 0.481972 6.83842e-08 3.36846e-08 6.19667e-08
-3.6 -1.3 -0.0990132 0.523696 -0.0990132 0.523696 -0.0990133 0.523696 2.35648e-08 3.2646e-08 5.02874e-08
-3.6 -1.2 -0.0360228 0.553598 -0.0360229 0.553598 -0.0360228 0.553598 6.36664e-09 3.09257e-08 3.03364e-08
-3.6 -1.1 0.0161382 0.578184 0.0161382 0.578184 0.0161382 0.578184 1.12485e-08 2.83239e-08 1.8211e-08
-3.6 -1 0.0565673 0.604621 0.0565673 0.604621 0.0565673 0.604621 2.30396e-08 2.47784e-08 2.33922e-09
-3.6 -0.9 0.0874342 0.63883 0.0874342 0.63883 0.0874342 0.63883 3.31021e-08 2.04687e-08 2.68133e-08
-3.6 -0.8 0.112783 0.68409 0.112783 0.68409 0.112783 0.68409 2.35528e-08 1.58701e-08 2.7672e-08
-3.6 -0.7 0.136951 0.740474 0.136951 0.740474 0.136951 0.740474 1.13019e-08 1.17263e-08 9.70644e-09
-3.6 -0.6 0.163123 0.805147 0.163123 0.805147 0.163123 0.805147 3.5175e-08 8.98225e-09 3.70803e-08
-3.6 -0.5 0.192435 0.873234 0.192435 0.873234 0.192435 0.873234 1.35446e-08 8.3455e-09 1.61929e-08
-3.6 -0.4 0.22377 0.938943 0.22377 0.938943 0.22377 0.938943 6.79229e-09 9.29363e-09 5.0453e-09
-3.6 -0.3 0.254206 0.99659 0.254206 0.99659 0.254206 0.99659 8.31629e-09 1.0693e-08 1.89483e-08
-3.6 -0.2 0.279895 1.04134 0.279895 1.04134 0.279895 1.04134 2.96062e-09 1.18975e-08 9.84409e-09
-3.6 -0.1 0.297105 1.06962 0.297105 1.06962 0.297105 1.06962 1.8503e-08 1.26687e-08 2.99556e-08
-3.6 -1.02696e-15 0.303164 1.07929 0.303164 1.07929 0.303164 1.07929 8.18677e-09 1.29313e-08 1.04332e-08
-3.6 0.1 0.297105 1.06962 0.297105 1.06962 0.297105 1.06962 1.8503e-08 1.26687e-08 2.99556e-08
-3.6 0.2 0.279895 1.04134 0.279895 1.04134 0.279895 1.04134 2.96061e-09 1.18975e-08 9.84409e-09
-3.6 0.3 0.254206 0.99659 0.254206 0.99659 0.254206 0.99659 8.3163e-09 1.0693e-08 1.89483e-08
-3.6 0.4 0.22377 0.938943 0.22377 0.938943 0.22377 0.938943 6.79231e-09 9.29364e-09 5.04529e-09
-3.6 0.5 0.192435 0.873234 0.192435 0.873234 0.192435 0.873234 1.35446e-08 8.3455e-09 1.61929e-08
-3.6 0.6 0.163123 0.805147 0.163123 0.805147 0.163123 0.805147 3.5175e-08 8.98226e-09 3.70803e-08
-3.6 0.7 0.136951 0.740474 0.136951 0.740474 0.136951 0.740474 1.13019e-08 1.17263e-08 9.70644e-09
-3.6 0.8 0.112783 0.68409 0.112783 0.68409 0.112783 0.68409 2.35528e-08 1.58701e-08 2.76719e-08
-3.6 0.9 0.0874342 0.63883 0.0874342 0.63883 0.0874342 0.63883 3.31021e-08 2.04687e-08 2.68133e-08
-3.6 1 0.0565673 0.604621 0.0565673 0.604621 0.0565673 0.604621 2.30396e-08 2.47784e-08 2.33924e-09
-3.6 1.1 0.0161382 0.578184 0.0161382 0.578184 0.0161382 0.578184 1.12485e-08 2.83239e-08 1.8211e-08
-3.6 1.2 -0.0360228 0.553598 -0.0360229 0.553598 -0.0360228 0.553598 6.36663e-09 3.09257e-08 3.03364e-08
-3.6 1.3 -0.0990132 0.523696 -0.0990132 0.523696 -0.0990133 0.523696 2.35648e-08 3.2646e-08 5.02874e-08
-3.6 1.4 -0.168532 0.481972 -0.168532 0.481972 -0.168532 0.481972 6.83842e-08 3.36846e-08 6.19667e-08
-3.6 1.5 -0.237646 0.424415 -0.237646 0.424415 -0.237646 0.424415 1.38167e-08 3.42912e-08 3.16704e-08
-3.6 1.6 -0.29846 0.350595 -0.29846 0.350595 -0.29846 0.350595 2.2107e-08 3.47186e-08 2.40646e-08
-3.6 1.7 -0.344088 0.263584 -0.344088 0.263584 -0.344088 0.263584 4.92094e-08 3.51996e-08 2.10668e-08
-3.6 1.8 -0.370135 0.168739 -0.370135 0.168739 -0.370135 0.168739 1.05454e-08 3.59243e-08 4.58734e-08
-3.6 1.9 -0.375079 0.0719133 -0.375079 0.0719133 -0.375079 0.0719133 1.5045e-08 3.70014e-08 2.19709e-08
-3.6 2 -0.359422 -0.0220073 -0.359422 -0.0220073 -0.359422 -0.0220073 4.21316e-08 3.84191e-08 1.05497e-08
-3.6 2.1 -0.324173 -0.109474 -0.324173 -0.109474 -0.324173 -0.109474 3.74515e-08 4.00363e-08 7.55937e-08
-3.6 2.2 -0.269655 -0.187323 -0.269655 -0.187323 -0.269655 -0.187323 5.11625e-08 4.16298e-08 9.06206e-08
-3.6 2.3 -0.195594 -0.251089 -0.195594 -0.251089 -0.195594 -0.251089 5.12567e-08 4.29794e-08 3.95141e-08
-3.6 2.4 -0.102814 -0.293759 -0.102814 -0.293759 -0.102814 -0.293759 3.76148e-08 4.39411e-08 7.38723e-08
-3.6 2.5 0.00408064 -0.306206 0.00408065 -0.306206 0.00408064 -0.306206 2.43132e-08 4.44716e-08 3.94767e-08
-3.6 2.6 0.114507 -0.279836 0.114507 -0.279836 0.114507 -0.279836 2.59271e-08 4.4608e-08 1.87016e-08
-3.6 2.7 0.211797 -0.210843 0.211797 -0.210843 0.211797 -0.210843 6.61586e-08 4.44316e-08 1.10554e-07
-3.6 2.8 0.276138 -0.104358 0.276138 -0.104358 0.276138 -0.104358 2.01472e-08 4.40369e-08 4.67567e-08
-3.6 2.9 0.290152 0.0235974 0.290152 0.0235974 0.290152 0.0235974 5.71036e-08 4.35133e-08 9.91139e-08
-3.6 3 0.245377 0.147884 0.245377 0.147884 0.245377 0.147884 1.78532e-08 4.29377e-08 5.48436e-08
-3.6 3.1 0.147121 0.239886 0.147121 0.239886 0.147121 0.239886 4.23319e-08 4.23721e-08 8.2934e-08
-3.6 3.2 0.0155315 0.275553 0.0155315 0.275552 0.0155315 0.275552 2.99119e-08 4.18644e-08 7.0376e-08
-3.6 3.3 -0.118098 0.243285 -0.118098 0.243285 -0.118098 0.243285 3.16828e-08 4.14477e-08 6.43565e-08
-3.6 3.4 -0.219097 0.148965 -0.219097 0.148965 -0.219097 0.148965 1.8212e-08 4.11407e-08 5.86335e-08
-3.6 3.5 -0.259188 0.0161913 -0.259188 0.0161913 -0.259188 0.0161913 2.15456e-08 4.0948e-08 3.69669e-08
-3.6 3.6 -0.225454 -0.118798 -0.225454 -0.118798 -0.225454 -0.118798 2.01843e-08 4.08611e-08 3.83055e-08
-3.6 3.7 -0.125765 -0.216615 -0.125765 -0.216615 -0.125765 -0.216615 1.53586e-08 4.0861e-08 5.56693e-08
-3.6 3.8 0.0113976 -0.246402 0.0113976 -0.246402 0.0113976 -0.246402 7.05325e-08 4.09217e-08 6.90358e-08
-3.6 3.9 0.143588 -0.196551 0.143588 -0.196551 0.143588 -0.196551 1.08054e-07 4.10142e-08 1.03118e-07
-3.6 4 0.226699 -0.080877 0.226699 -0.080877 0.226699 -0.080877 2.95421e-08 4.11111e-08 6.80691e-08
-3.6 4.1 0.230008 0.0628996 0.230008 0.0628996 0.230008 0.0628996 1.53737e-08 4.11889e-08 2.99251e-08
-3.6 4.2 0.149134 0.183707 0.149134 0.183707 0.149134 0.183707 1.11872e-08 4.12304e-08 5.24039e-08
-3.6 4.3 0.0112332 0.234847 0.0112332 0.234847 0.0112332 0.234847 7.77439e-08 4.12244e-08 7.43233e-08
-3.6 4.4 -0.131692 0.193254 -0.131692 0.193254 -0.131692 0.193254 4.87166e-08 4.11658e-08 9.66214e-09
-3.6 4.5 -0.221309 0.0721521 -0.221309 0.0721521 -0.221309 0.0721521 5.05007e-08 4.10542e-08 6.69949e-08
-3.6 4.6 -0.21747 -0.0802255 -0.217469 -0.0802255 -0.217469 -0.0802255 6.12566e-08 4.08928e-08 8.18976e-08
-3.6 4.7 -0.118331 -0.198237 -0.118331 -0.198237 -0.118331 -0.198237 4.57227e-08 4.06873e-08 2.48945e-08
-3.6 4.8 0.0346523 -0.227321 0.0346523 -0.227321 0.0346523 -0.227321 9.18868e-08 4.04446e-08 1.0313e-07
-3.6 4.9 0.172106 -0.151065 0.172106 -0.151065 0.172106 -0.151065 5.90947e-08 4.0172e-08 7.41635e-08
-3.6 5 0.227988 -0.00273323 0.227987 -0.00273322 0.227987 -0.00273323 2.45037e-08 3.98773e-08 5.12667e-08
-3.5 -5 0.174623 -0.149441 0.174623 -0.149441 0.174623 -0.149441 4.90351e-08 3.94842e-08 7.91432e-08
-3.5 -4.9 0.0334681 -0.228562 0.0334681 -0.228562 0.0334681 -0.228562 2.53967e-08 3.98059e-08 4.661e-08
-3.5 -4.8 -0.123911 -0.196246 -0.123911 -0.196246 -0.123911 -0.196246 3.12011e-08 4.01148e-08 4.30561e-08
-3.5 -4.7 -0.222126 -0.0707749 -0.222126 -0.0707749 -0.222126 -0.0707749 2.66927e-08 4.04036e-08 4.40185e-08
-3.5 -4.6 -0.217363 0.0870091 -0.217363 0.0870091 -0.217363 0.0870091 3.36694e-08 4.06643e-08 6.31264e-08
-3.5 -4.5 -0.115043 0.205065 -0.115043 0.205065 -0.115043 0.205065 4.36595e-08 4.08888e-08 7.73477e-08
-3.5 -4.4 0.0368305 0.233282 0.0368305 0.233282 0.0368305 0.233282 1.14423e-08 4.10695e-08 4.2699e-08
-3.5 -4.3 0.172374 0.163107 0.172374 0.163107 0.172374 0.163107 3.72493e-08 4.11997e-08 7.15248e-08
-3.5 -4.2 0.237091 0.0269599 0.237091 0.0269599 0.237091 0.0269599 4.21127e-08 4.12754e-08 2.51494e-08
-3.5 -4.1 0.208537 -0.119145 0.208537 -0.119145 0.208537 -0.119145 2.19797e-08 4.12958e-08 5.86228e-08
-3.5 -4 0.101345 -0.219825 0.101345 -0.219825 0.101345 -0.219825 4.80437e-08 4.12652e-08 3.36893e-08
-3.5 -3.9 -0.0425369 -0.240641 -0.0425369 -0.240641 -0.0425369 -0.240641 1.54403e-08 4.1194e-08 2.58135e-08
-3.5 -3.8 -0.171892 -0.177632 -0.171892 -0.177632 -0.171892 -0.177632 4.04151e-08 4.10997e-08 1.55611e-08
-3.5 -3.7 -0.244478 -0.0548663 -0.244478 -0.0548663 -0.244478 -0.0548663 4.80541e-08 4.1006e-08 8.17716e-08
-3.5 -3.6 -0.239331 0.0866424 -0.239331 0.0866424 -0.239331 0.0866424 5.39677e-08 4.09419e-08 8.63041e-08
-3.5 -3.5 -0.160542 0.20336 -0.160542 0.20336 -0.160542 0.20336 3.48463e-08 4.09377e-08 1.55915e-08
-3.5 -3.4 -0.033213 0.262093 -0.033213 0.262093 -0.033213 0.262093 2.67987e-08 4.10211e-08 4.77675e-08
-3.5 -3.3 0.105789 0.248097 0.105789 0.248097 0.105789 0.248097 3.00235e-08 4.12122e-08 5.37718e-08
-3.5 -3.2 0.218968 0.167191 0.218968 0.167191 0.218968 0.167191 3.32828e-08 4.15197e-08 4.62011e-08
-3.5 -3.1 0.278177 0.0422084 0.278177 0.0422084 0.278177 0.0422084 4.00292e-08 4.19377e-08 8.16395e-08
-3.5 -3 0.271035 -0.0946284 0.271035 -0.0946284 0.271035 -0.0946284 2.43921e-08 4.24449e-08 4.63208e-08
-3.5 -2.9 0.202476 -0.211033 0.202476 -0.211033 0.202476 -0.211033 3.17385e-08 4.30038e-08 1.40153e-08
-3.5 -2.8 0.0913943 -0.28296 0.0913943 -0.28296 0.0913943 -0.28296 1.59684e-08 4.3561e-08 5.9489e-08
-3.5 -2.7 -0.0361565 -0.299564 -0.0361565 -0.299564 -0.0361566 -0.299564 9.10123e-08 4.4047e-08 9.17473e-08
-3.5 -2.6 -0.1548 -0.263667 -0.1548 -0.263667 -0.1548 -0.263667 1.95855e-08 4.43767e-08 5.86871e-08
-3.5 -2.5 -0.246059 -0.188162 -0.246059 -0.188162 -0.246059 -0.188162 9.89328e-09 4.4453e-08 4.78624e-08
-3.5 -2.4 -0.301173 -0.0901986 -0.301172 -0.0901986 -0.301172 -0.0901986 4.6128e-08 4.41779e-08 8.60772e-08
-3.5 -2.3 -0.320193 0.0144257 -0.320193 0.0144257 -0.320193 0.0144257 1.30464e-08 4.34764e-08 4.48506e-08
-3.5 -2.2 -0.30854 0.114689 -0.30854 0.114689 -0.30854 0.114689 5.41964e-08 4.23335e-08 2.98795e-08
-3.5 -2.1 -0.272993 0.204874 -0.272993 0.204874 -0.272993 0.204874 2.45074e-08 4.08307e-08 6.37504e-08
-3.5 -2 -0.218914 0.28283 -0.218914 0.28283 -0.218914 0.28283 3.84019e-08 3.91531e-08 1.54573e-08
-3.5 -1.9 -0.149572 0.347494 -0.149572 0.347494 -0.149572 0.347494 1.99025e-08 3.75413e-08 1.84988e-08
-3.5 -1.8 -0.06721 0.397148 -0.06721 0.397148 -0.06721 0.397148 3.05546e-08 3.6201e-08 1.83488e-08
-3.5 -1.7 0.0252424 0.429234 0.0252424 0.429234 0.0252424 0.429234 6.32168e-08 3.52226e-08 5.03153e-08
-3.5 -1.6 0.123058 0.441542 0.123058 0.441542 0.123058 0.441542 2.85378e-08 3.45564e-08 5.99201e-08
-3.5 -1.5 0.219906 0.433899 0.219906 0.433899 0.219906 0.433899 2.60813e-08 3.40415e-08 4.22878e-08
-3.5 -1.4 0.309267 0.409302 0.309267 0.409302 0.309267 0.409302 3.69044e-08 3.34513e-08 4.81412e-08
-3.5 -1.3 0.386354 0.373852 0.386354 0.373852 0.386354 0.373852 1.17525e-08 3.25288e-08 4.29392e-08
-3.5 -1.2 0.44963 0.335452 0.44963 0.335452 0.44963 0.335452 1.7446e-08 3.10116e-08 4.83986e-08
-3.5 -1.1 0.501243 0.301819 0.501243 0.301819 0.501243 0.301819 1.56768e-08 2.86707e-08 2.21602e-08
-3.5 -1 0.546235 0.278594 0.546235 0.278594 0.546235 0.278594 1.01516e-08 2.5387e-08 3.36949e-08
-3.5 -0.9 0.590859 0.268211 0.590859 0.268211 0.590859 0.268211 1.67891e-08 2.12593e-08 2.90262e-08
-3.5 -0.8 0.640629 0.269827 0.640629 0.269827 0.640629 0.269827 5.6428e-09 1.66865e-08 1.68146e-08
-3.5 -0.7 0.698735 0.280167 0.698735 0.280167 0.698735 0.280167 5.67809e-09 1.23684e-08 1.13831e-08
-3.5 -0.6 0.76523 0.29489 0.76523 0.29489 0.76523 0.29489 1.19867e-08 9.25926e-09 1.55629e-08
-3.5 -0.5 0.837079 0.309946 0.837079 0.309946 0.837079 0.309946 1.92719e-08 8.24262e-09 2.726e-08
-3.5 -0.4 0.908917 0.322524 0.908917 0.322524 0.908917 0.322524 5.89438e-09 9.03831e-09 1.32364e-08
-3.5 -0.3 0.974195 0.331395 0.974195 0.331395 0.974195 0.331395 1.30183e-08 1.04501e-08 2.34649e-08
-3.5 -0.2 1.0264 0.336683 1.0264 0.336683 1.0264 0.336683 3.89101e-09 1.17081e-08 9.25253e-09
-3.5 -0.1 1.0601 0.339249 1.0601 0.339249 1.0601 0.339249 8.0382e-09 1.25219e-08 5.3866e-09
-3.5 -1.02696e-15 1.07174 0.339982 1.07174 0.339982 1.07174 0.339982 8.8042e-09 1.27999e-08 4.00629e-09
-3.5 0.1 1.0601 0.339249 1.0601 0.339249 1.0601 0.339249 8.0382e-09 1.25219e-08 5.3866e-09
-3.5 0.2 1.0264 0.336683 1.0264 0.336683 1.0264 0.336683 3.89101e-09 1.17081e-08 9.25253e-09
-3.5 0.3 0.974195 0.331395 0.974195 0.331395 0.974195 0.331395 1.30183e-08 1.04501e-08 2.34649e-08
-3.5 0.4 0.908917 0.322524 0.908917 0.322524 0.908917 0.322524 5.89436e-09 9.03832e-09 1.32364e-08
-3.5 0.5 0.837079 0.309946 0.837079 0.309946 0.837079 0.309946 1.92719e-08 8.24262e-09 2.726e-08
-3.5 0.6 0.76523 0.29489 0.76523 0.29489 0.76523 0.29489 1.19867e-08 9.25924e-09 1.55628e-08
-3.5 0.7 0.698735 0.280167 0.698735 0.280167 0.698735 0.280167 5.67808e-09 1.23684e-08 1.13831e-08
-3.5 0.8 0.640629 0.269827 0.640629 0.269827 0.640629 0.269827 5.64279e-09 1.66865e-08 1.68146e-08
-3.5 0.9 0.590859 0.268211 0.590859 0.268211 0.590859 0.268211 1.67891e-08 2.12593e-08 2.90262e-08
-3.5 1 0.546235 0.278594 0.546235 0.278594 0.546235 0.278594 1.01516e-08 2.5387e-08 3.36949e-08
-3.5 1.1 0.501243 0.301819 0.501243 0.301819 0.501243 0.301819 1.56768e-08 2.86707e-08 2.21602e-08
-3.5 1.2 0.44963 0.335452 0.44963 0.335452 0.44963 0.335452 1.7446e-08 3.10116e-08 4.83986e-08
-3.5 1.3 0.386354 0.373852 0.386354 0.373852 0.386354 0.373852 1.17525e-08 3.25289e-08 4.29392e-08
-3.5 1.4 0.309267 0.409302 0.309267 0.409302 0.309267 0.409302 3.69044e-08 3.34513e-08 4.81413e-08
-3.5 1.5 0.219906 0.433899 0.219906 0.433899 0.219906 0.433899 2.60813e-08 3.40415e-08 4.22878e-08
-3.5 1.6 0.123058 0.441542 0.123058 0.441542 0.123058 0.441542 2.85378e-08 3.45564e-08 5.99201e-08
-3.5 1.7 0.0252424 0.429234 0.0252424 0.429234 0.0252424 0.429234 6.32167e-08 3.52226e-08 5.03153e-08
-3.5 1.8 -0.06721 0.397148 -0.06721 0.397148 -0.06721 0.397148 3.05546e-08 3.6201e-08 1.83488e-08
-3.5 1.9 -0.149572 0.347494 -0.149572 0.347494 -0.149572 0.347494 1.99025e-08 3.75413e-08 1.84988e-08
-3.5 2 -0.218914 0.28283 -0.218914 0.28283 -0.218914 0.28283 3.84019e-08 3.91532e-08 1.54573e-08
-3.5 2.1 -0.272993 0.204874 -0.272993 0.204874 -0.272993 0.204874 2.45073e-08 4.08307e-08 6.37504e-08
-3.5 2.2 -0.30854 0.114689 -0.30854 0.114689 -0.30854 0.114689 5.41964e-08 4.23335e-08 2.98795e-08
-3.5 2.3 -0.320193 0.0144257 -0.320193 0.0144257 -0.320193 0.0144257 1.30464e-08 4.34764e-08 4.48506e-08
-3.5 2.4 -0.301173 -0.0901986 -0.301172 -0.0901986 -0.301172 -0.0901986 4.6128e-08 4.41779e-08 8.60772e-08
-3.5 2.5 -0.246059 -0.188162 -0.246059 -0.188162 -0.246059 -0.188162 9.89327e-09 4.4453e-08 4.78624e-08
-3.5 2.6 -0.1548 -0.263667 -0.1548 -0.263667 -0.1548 -0.263667 1.95855e-08 4.43767e-08 5.86871e-08
-3.5 2.7 -0.0361565 -0.299564 -0.0361565 -0.299564 -0.0361566 -0.299564 9.10122e-08 4.4047e-08 9.17473e-08
-3.5 2.8 0.0913943 -0.28296 0.0913943 -0.28296 0.0913943 -0.28296 1.59683e-08 4.35611e-08 5.9489e-08
-3.5 2.9 0.202476 -0.211033 0.202476 -0.211033 0.202476 -0.211033 3.17385e-08 4.30039e-08 1.40153e-08
-3.5 3 0.271035 -0.0946284 0.271035 -0.0946284 0.271035 -0.0946284 2.43921e-08 4.24449e-08 4.63208e-08
-3.5 3.1 0.278177 0.0422084 0.278177 0.0422084 0.278177 0.0422084 4.00292e-08 4.19377e-08 8.16395e-08
-3.5 3.2 0.218968 0.167191 0.218968 0.167191 0.218968 0.167191 3.32828e-08 4.15197e-08 4.62011e-08
-3.5 3.3 0.105789 0.248097 0.105789 0.248097 0.105789 0.248097 3.00235e-08 4.12122e-08 5.37718e-08
-3.5 3.4 -0.033213 0.262093 -0.033213 0.262093 -0.033213 0.262093 2.67987e-08 4.10211e-08 4.77674e-08
-3.5 3.5 -0.160542 0.20336 -0.160542 0.20336 -0.160542 0.20336 3.48463e-08 4.09377e-08 1.55914e-08
-3.5 3.6 -0.239331 0.0866424 -0.239331 0.0866424 -0.239331 0.0866424 5.39677e-08 4.09419e-08 8.63041e-08
-3.5 3.7 -0.244478 -0.0548663 -0.244478 -0.0548663 -0.244478 -0.0548663 4.80541e-08 4.1006e-08 8.17716e-08
-3.5 3.8 -0.171892 -0.177632 -0.171892 -0.177632 -0.171892 -0.177632 4.04151e-08 4.10997e-08 1.55611e-08
-3.5 3.9 -0.0425369 -0.240641 -0.0425369 -0.240641 -0.0425369 -0.240641 1.54403e-08 4.1194e-08 2.58135e-08
-3.5 4 0.101345 -0.219825 0.101345 -0.219825 0.101345 -0.219825 4.80437e-08 4.12652e-08 3.36893e-08
-3.5 4.1 0.208537 -0.119145 0.208537 -0.119145 0.208537 -0.119145 2.19797e-08 4.12958e-08 5.86228e-08
-3.5 4.2 0.237091 0.0269599 0.237091 0.0269599 0.237091 0.0269599 4.21127e-08 4.12754e-08 2.51494e-08
-3.5 4.3 0.172374 0.163107 0.172374 0.163107 0.172374 0.163107 3.72493e-08 4.11998e-08 7.15248e-08
-3.5 4.4 0.0368305 0.233282 0.0368305 0.233282 0.0368305 0.233282 1.14423e-08 4.10695e-08 4.2699e-08
-3.5 4.5 -0.115043 0.205065 -0.115043 0.205065 -0.115043 0.205065 4.36595e-08 4.08888e-08 7.73477e-08
-3.5 4.6 -0.217363 0.0870091 -0.217363 0.0870091 -0.217363 0.0870091 3.36694e-08 4.06643e-08 6.31264e-08
-3.5 4.7 -0.222126 -0.0707749 -0.222126 -0.0707749 -0.222126 -0.0707749 2.66927e-08 4.04036e-08 4.40185e-08
-3.5 4.8 -0.123911 -0.196246 -0.123911 -0.196246 -0.123911 -0.196246 3.12011e-08 4.01148e-08 4.30561e-08
-3.5 4.9 0.0334681 -0.228562 0.0334681 -0.228562 0.0334681 -0.228562 2.53966e-08 3.98059e-08 4.661e-08
-3.5 5 0.174623 -0.149441 0.174623 -0.149441 0.174623 -0.149441 4.90352e-08 3.94842e-08 7.91432e-08
-3.4 -5 0.0406513 -0.227869 0.0406513 -0.227869 0.0406513 -0.227869 2.91203e-08 3.90603e-08 2.17638e-08
-3.4 -4.9 -0.121695 -0.198475 -0.121695 -0.198475 -0.121695 -0.198475 1.80348e-08 3.93965e-08 3.27406e-08
-3.4 -4.8 -0.223431 -0.0698152 -0.223431 -0.0698152 -0.223431 -0.0698152 4.39492e-08 3.97294e-08 6.07581e-08
-3.4 -4.7 -0.216166 0.092905 -0.216166 0.092905 -0.216166 0.0929049 5.51606e-08 4.00521e-08 6.48896e-08
-3.4 -4.6 -0.106174 0.211241 -0.106174 0.211241 -0.106174 0.211241 4.64515e-09 4.0357e-08 4.44715e-08
-3.4 -4.5 0.0525858 0.231623 0.0525858 0.231623 0.0525858 0.231623 6.22198e-08 4.06358e-08 9.04386e-08
-3.4 -4.4 0.187131 0.148027 0.187131 0.148027 0.187131 0.148027 4.31879e-08 4.08798e-08 4.04688e-08
-3.4 -4.3 0.239714 0.000522408 0.239714 0.00052241 0.239714 0.000522405 5.14807e-08 4.10805e-08 8.66886e-08
-3.4 -4.2 0.191332 -0.146403 0.191332 -0.146403 0.191332 -0.146403 2.98832e-08 4.12305e-08 4.91814e-08
-3.4 -4.1 0.0656906 -0.233209 0.0656906 -0.233209 0.0656906 -0.233209 1.4589e-08 4.13244e-08 5.26004e-08
-3.4 -4 -0.08497 -0.228617 -0.08497 -0.228617 -0.08497 -0.228617 5.94405e-08 4.13605e-08 1.00434e-07
-3.4 -3.9 -0.203246 -0.13832 -0.203246 -0.13832 -0.203246 -0.13832 2.22199e-08 4.13419e-08 4.01137e-08
-3.4 -3.8 -0.248231 0.00162643 -0.248231 0.00162643 -0.248231 0.00162643 2.03058e-08 4.12783e-08 6.08529e-08
-3.4 -3.7 -0.207674 0.141234 -0.207674 0.141234 -0.207674 0.141234 2.61706e-08 4.11871e-08 2.33964e-08
-3.4 -3.6 -0.0983194 0.234913 -0.0983194 0.234913 -0.0983194 0.234913 5.18833e-08 4.10925e-08 2.04959e-08
-3.4 -3.5 0.0431034 0.255191 0.0431034 0.255191 0.0431034 0.255191 3.82719e-08 4.10246e-08 7.72573e-08
-3.4 -3.4 0.173326 0.198585 0.173326 0.198585 0.173326 0.198585 5.66946e-09 4.10155e-08 3.95944e-08
-3.4 -3.3 0.255593 0.0836916 0.255593 0.0836916 0.255593 0.0836916 1.23476e-08 4.10945e-08 3.39631e-08
-3.4 -3.2 0.268921 -0.0563875 0.268921 -0.0563875 0.268921 -0.0563875 4.30365e-08 4.1283e-08 6.04489e-09
-3.4 -3.1 0.211953 -0.184318 0.211953 -0.184318 0.211953 -0.184318 5.02305e-08 4.15896e-08 6.13725e-08
-3.4 -3 0.101307 -0.268618 0.101307 -0.268618 0.101307 -0.268618 6.83175e-08 4.20071e-08 5.41128e-08
-3.4 -2.9 -0.0345091 -0.291106 -0.0345091 -0.291106 -0.0345091 -0.291106 8.61447e-08 4.25111e-08 1.22296e-07
-3.4 -2.8 -0.163659 -0.250056 -0.163659 -0.250056 -0.163659 -0.250056 5.24129e-08 4.30591e-08 7.49371e-08
-3.4 -2.7 -0.259458 -0.158566 -0.259458 -0.158566 -0.259458 -0.158566 9.73747e-09 4.35912e-08 4.33466e-08
-3.4 -2.6 -0.306339 -0.0390234 -0.306339 -0.0390234 -0.306339 -0.0390234 1.96148e-08 4.40296e-08 4.84337e-08
-3.4 -2.5 -0.301737 0.0842334 -0.301737 0.0842334 -0.301737 0.0842333 9.01871e-08 4.42804e-08 1.173e-07
-3.4 -2.4 -0.253799 0.191458 -0.253799 0.191458 -0.253799 0.191458 5.55153e-09 4.42391e-08 4.58854e-08
-3.4 -2.3 -0.17638 0.271177 -0.17638 0.271177 -0.17638 0.271177 4.41385e-08 4.38063e-08 8.74015e-08
-3.4 -2.2 -0.0835991 0.320276 -0.0835991 0.320276 -0.0835991 0.320276 2.51705e-08 4.29187e-08 6.78515e-08
-3.4 -2.1 0.013935 0.341286 0.013935 0.341286 0.013935 0.341286 2.59333e-08 4.15914e-08 5.43266e-08
-3.4 -2 0.110182 0.338683 0.110182 0.338683 0.110182 0.338683 1.26184e-08 3.99498e-08 3.22027e-08
-3.4 -1.9 0.202378 0.316062 0.202378 0.316062 0.202378 0.316062 2.04772e-08 3.82167e-08 5.58107e-08
-3.4 -1.8 0.28872 0.275243 0.28872 0.275243 0.28872 0.275243 3.09452e-08 3.66394e-08 6.44475e-08
-3.4 -1.7 0.366586 0.2172 0.366586 0.2172 0.366586 0.2172 1.31936e-08 3.53882e-08 4.83994e-08
-3.4 -1.6 0.432211 0.14382 0.432211 0.14382 0.432211 0.14382 1.27004e-08 3.44913e-08 2.33874e-08
-3.4 -1.5 0.481841 0.059208 0.481841 0.059208 0.481841 0.059208 1.09235e-08 3.38361e-08 2.56182e-08
-3.4 -1.4 0.513555 -0.0302662 0.513555 -0.0302662 0.513555 -0.0302661 2.20175e-08 3.32139e-08 5.1441e-08
-3.4 -1.3 0.528701 -0.117257 0.5287 -0.117257 0.5287 -0.117257 1.85243e-08 3.23671e-08 4.52317e-08
-3.4 -1.2 0.532154 -0.19544 0.532154 -0.19544 0.532154 -0.19544 1.74755e-08 3.10228e-08 2.26789e-08
-3.4 -1.1 0.53126 -0.261288 0.53126 -0.261288 0.53126 -0.261288 1.85699e-08 2.89276e-08 3.62023e-08
-3.4 -1 0.533888 -0.314879 0.533888 -0.314879 0.533888 -0.314879 2.34707e-08 2.59129e-08 4.93698e-08
-3.4 -0.9 0.546362 -0.359462 0.546362 -0.359462 0.546362 -0.359462 1.38546e-08 2.19996e-08 2.10504e-08
-3.4 -0.8 0.571989 -0.40001 0.571989 -0.40001 0.571989 -0.40001 1.57085e-08 1.75012e-08 3.11109e-08
-3.4 -0.7 0.610581 -0.44136 0.610581 -0.44136 0.610581 -0.44136 3.36063e-09 1.30579e-08 1.04056e-08
-3.4 -0.6 0.658934 -0.486571 0.658934 -0.486571 0.658934 -0.486571 1.16737e-08 9.61142e-09 1.87011e-08
-3.4 -0.5 0.711952 -0.535974 0.711952 -0.535974 0.711952 -0.535974 1.57153e-08 8.18391e-09 2.04573e-08
-3.4 -0.4 0.76394 -0.587098 0.76394 -0.587098 0.76394 -0.587098 1.35899e-08 8.78174e-09 6.54886e-09
-3.4 -0.3 0.809683 -0.635357 0.809683 -0.635357 0.809683 -0.635357 5.58051e-09 1.01924e-08 4.99305e-09
-3.4 -0.2 0.84508 -0.675229 0.84508 -0.675229 0.84508 -0.675229 8.0585e-09 1.1505e-08 1.93579e-08
-3.4 -0.1 0.867348 -0.701574 0.867348 -0.701574 0.867348 -0.701574 3.45775e-09 1.23645e-08 1.57941e-08
-3.4 -1.02696e-15 0.874934 -0.710787 0.874934 -0.710787 0.874934 -0.710787 1.03286e-08 1.26592e-08 4.35929e-09
-3.4 0.1 0.867348 -0.701574 0.867348 -0.701574 0.867348 -0.701574 3.45776e-09 1.23645e-08 1.57941e-08
-3.4 0.2 0.84508 -0.675229 0.84508 -0.675229 0.84508 -0.675229 8.0585e-09 1.1505e-08 1.93578e-08
-3.4 0.3 0.809683 -0.635357 0.809683 -0.635357 0.809683 -0.635357 5.58051e-09 1.01924e-08 4.99305e-09
-3.4 0.4 0.76394 -0.587098 0.76394 -0.587098 0.76394 -0.587098 1.35899e-08 8.78174e-09 6.54886e-09
-3.4 0.5 0.711952 -0.535974 0.711952 -0.535974 0.711952 -0.535974 1.57153e-08 8.18391e-09 2.04573e-08
-3.4 0.6 0.658934 -0.486571 0.658934 -0.486571 0.658934 -0.486571 1.16737e-08 9.61142e-09 1.87011e-08
-3.4 0.7 0.610581 -0.44136 0.610581 -0.44136 0.610581 -0.44136 3.36063e-09 1.30579e-08 1.04056e-08
-3.4 0.8 0.571989 -0.40001 0.571989 -0.40001 0.571989 -0.40001 1.57085e-08 1.75012e-08 3.11109e-08
-3.4 0.9 0.546362 -0.359462 0.546362 -0.359462 0.546362 -0.359462 1.38546e-08 2.19996e-08 2.10504e-08
-3.4 1 0.533888 -0.314879 0.533888 -0.314879 0.533888 -0.314879 2.34707e-08 2.59129e-08 4.93698e-08
-3.4 1.1 0.53126 -0.261288 0.53126 -0.261288 0.53126 -0.261288 1.85699e-08 2.89276e-08 3.62023e-08
-3.4 1.2 0.532154 -0.19544 0.532154 -0.19544 0.532154 -0.19544 1.74755e-08 3.10228e-08 2.26789e-08
-3.4 1.3 0.528701 -0.117257 0.5287 -0.117257 0.5287 -0.117257 1.85242e-08 3.23671e-08 4.52317e-08
-3.4 1.4 0.513555 -0.0302662 0.513555 -0.0302662 0.513555 -0.0302661 2.20175e-08 3.32139e-08 5.1441e-08
-3.4 1.5 0.481841 0.059208 0.481841 0.059208 0.481841 0.059208 1.09234e-08 3.38361e-08 2.56182e-08
-3.4 1.6 0.432211 0.14382 0.432211 0.14382 0.432211 0.14382 1.27004e-08 3.44913e-08 2.33874e-08
-3.4 1.7 0.366586 0.2172 0.366586 0.2172 0.366586 0.2172 1.31936e-08 3.53882e-08 4.83994e-08
-3.4 1.8 0.28872 0.275243 0.28872 0.275243 0.28872 0.275243 3.09452e-08 3.66394e-08 6.44475e-08
-3.4 1.9 0.202378 0.316062 0.202378 0.316062 0.202378 0.316062 2.04772e-08 3.82167e-08 5.58107e-08
-3.4 2 0.110182 0.338683 0.110182 0.338683 0.110182 0.338683 1.26184e-08 3.99497e-08 3.22027e-08
-3.4 2.1 0.013935 0.341286 0.013935 0.341286 0.013935 0.341286 2.59333e-08 4.15914e-08 5.43266e-08
-3.4 2.2 -0.0835991 0.320276 -0.0835991 0.320276 -0.0835991 0.320276 2.51705e-08 4.29187e-08 6.78515e-08
-3.4 2.3 -0.17638 0.271177 -0.17638 0.271177 -0.17638 0.271177 4.41385e-08 4.38063e-08 8.74015e-08
-3.4 2.4 -0.253799 0.191458 -0.253799 0.191458 -0.253799 0.191458 5.55151e-09 4.42391e-08 4.58854e-08
-3.4 2.5 -0.301737 0.0842334 -0.301737 0.0842334 -0.301737 0.0842333 9.01871e-08 4.42804e-08 1.173e-07
-3.4 2.6 -0.306339 -0.0390234 -0.306339 -0.0390234 -0.306339 -0.0390234 1.96148e-08 4.40296e-08 4.84337e-08
-3.4 2.7 -0.259458 -0.158566 -0.259458 -0.158566 -0.259458 -0.158566 9.73746e-09 4.35912e-08 4.33466e-08
-3.4 2.8 -0.163659 -0.250056 -0.163659 -0.250056 -0.163659 -0.250056 5.24129e-08 4.30591e-08 7.49371e-08
-3.4 2.9 -0.0345091 -0.291106 -0.0345091 -0.291106 -0.0345091 -0.291106 8.61447e-08 4.25111e-08 1.22296e-07
-3.4 3 0.101307 -0.268618 0.101307 -0.268618 0.101307 -0.268618 6.83175e-08 4.20071e-08 5.41127e-08
-3.4 3.1 0.211953 -0.184318 0.211953 -0.184318 0.211953 -0.184318 5.02305e-08 4.15896e-08 6.13725e-08
-3.4 3.2 0.268921 -0.0563875 0.268921 -0.0563875 0.268921 -0.0563875 4.30365e-08 4.1283e-08 6.04485e-09
-3.4 3.3 0.255593 0.0836916 0.255593 0.0836916 0.255593 0.0836916 1.23476e-08 4.10945e-08 3.39631e-08
-3.4 3.4 0.173326 0.198585 0.173326 0.198585 0.173326 0.198585 5.66946e-09 4.10155e-08 3.95944e-08
-3.4 3.5 0.0431034 0.255191 0.0431034 0.255191 0.0431034 0.255191 3.82719e-08 4.10246e-08 7.72573e-08
-3.4 3.6 -0.0983194 0.234913 -0.0983194 0.234913 -0.0983194 0.234913 5.18833e-08 4.10925e-08 2.04959e-08
-3.4 3.7 -0.207674 0.141234 -0.207674 0.141234 -0.207674 0.141234 2.61705e-08 4.11871e-08 2.33964e-08
-3.4 3.8 -0.248231 0.00162643 -0.248231 0.00162643 -0.248231 0.00162643 2.03058e-08 4.12783e-08 6.08529e-08
-3.4 3.9 -0.203246 -0.13832 -0.203246 -0.13832 -0.203246 -0.13832 2.222e-08 4.13419e-08 4.01137e-08
-3.4 4 -0.08497 -0.228617 -0.08497 -0.228617 -0.08497 -0.228617 5.94405e-08 4.13605e-08 1.00434e-07
-3.4 4.1 0.0656906 -0.233209 0.0656906 -0.233209 0.0656906 -0.233209 1.45891e-08 4.13244e-08 5.26004e-08
-3.4 4.2 0.191332 -0.146403 0.191332 -0.146403 0.191332 -0.146403 2.98832e-08 4.12305e-08 4.91814e-08
-3.4 4.3 0.239714 0.000522408 0.239714 0.00052241 0.239714 0.000522405 5.14807e-08 4.10805e-08 8.66886e-08
-3.4 4.4 0.187131 0.148027 0.187131 0.148027 0.187131 0.148027 4.31879e-08 4.08798e-08 4.04689e-08
-3.4 4.5 0.0525858 0.231623 0.0525858 0.231623 0.0525858 0.231623 6.22198e-08 4.06358e-08 9.04386e-08
-3.4 4.6 -0.106174 0.211241 -0.106174 0.211241 -0.106174 0.211241 4.64513e-09 4.0357e-08 4.44715e-08
-3.4 4.7 -0.216166 0.092905 -0.216166 0.092905 -0.216166 0.0929049 5.51606e-08 4.00521e-08 6.48896e-08
-3.4 4.8 -0.223431 -0.0698152 -0.223431 -0.0698152 -0.223431 -0.0698152 4.39493e-08 3.97294e-08 6.07581e-08
-3.4 4.9 -0.121695 -0.198475 -0.121695 -0.198475 -0.121695 -0.198475 1.80348e-08 3.93965e-08 3.27406e-08
-3.4 5 0.0406513 -0.227869 0.0406513 -0.227869 0.0406513 -0.227869 2.91203e-08 3.90603e-08 2.17638e-08
-3.3 -5 -0.111731 -0.204313 -0.111731 -0.204313 -0.111731 -0.204313 1.567e-08 3.86231e-08 3.43162e-08
-3.3 -4.9 -0.221379 -0.0770479 -0.221379 -0.0770479 -0.221379 -0.0770479 5.36639e-08 3.89612e-08 5.49011e-08
-3.3 -4.8 -0.217966 0.0901452 -0.217966 0.0901452 -0.217966 0.0901453 4.73852e-08 3.93047e-08 3.31315e-08
-3.3 -4.7 -0.105416 0.212561 -0.105416 0.212561 -0.105416 0.212561 6.51196e-08 3.96479e-08 9.66212e-08
-3.3 -4.6 0.058693 0.231251 0.058693 0.231251 0.058693 0.231251 5.94622e-08 3.99838e-08 4.04712e-08
-3.3 -4.5 0.194759 0.139961 0.194759 0.139961 0.194759 0.139961 4.00312e-08 4.03046e-08 4.83811e-08
-3.3 -4.4 0.240515 -0.0158016 0.240515 -0.0158016 0.240515 -0.0158016 4.74774e-08 4.06015e-08 8.27978e-08
-3.3 -4.3 0.178312 -0.163925 0.178312 -0.163925 0.178312 -0.163925 7.51322e-08 4.08653e-08 7.6572e-08
-3.3 -4.2 0.0390581 -0.240257 0.0390581 -0.240257 0.0390581 -0.240257 6.65275e-08 4.10868e-08 3.38968e-08
-3.3 -4.1 -0.115806 -0.215552 -0.115806 -0.215552 -0.115806 -0.215552 4.08482e-08 4.12576e-08 2.58291e-08
-3.3 -4 -0.223073 -0.104001 -0.223073 -0.104001 -0.223073 -0.104001 2.53129e-08 4.1371e-08 3.04195e-08
-3.3 -3.9 -0.243243 0.0473266 -0.243243 0.0473266 -0.243243 0.0473266 7.67566e-08 4.1424e-08 5.4928e-08
-3.3 -3.8 -0.172783 0.180444 -0.172783 0.180444 -0.172783 0.180444 7.23915e-08 4.14187e-08 5.24885e-08
-3.3 -3.7 -0.0408425 0.248974 -0.0408425 0.248974 -0.0408425 0.248974 4.17237e-08 4.13639e-08 3.5201e-08
-3.3 -3.6 0.105169 0.23266 0.105169 0.23266 0.105169 0.23266 4.28335e-08 4.12764e-08 4.41304e-08
-3.3 -3.5 0.217593 0.140447 0.217593 0.140447 0.217593 0.140447 1.07918e-08 4.1181e-08 4.16319e-08
-3.3 -3.4 0.263295 0.00372322 0.263295 0.00372322 0.263295 0.00372322 3.39506e-08 4.1109e-08 2.12962e-08
-3.3 -3.3 0.23141 -0.135859 0.23141 -0.135859 0.23141 -0.135859 3.36034e-08 4.10942e-08 6.50924e-08
-3.3 -3.2 0.133508 -0.239265 0.133508 -0.239265 0.133508 -0.239265 2.21711e-08 4.11678e-08 6.29006e-08
-3.3 -3.1 -0.00218067 -0.280141 -0.00218067 -0.280141 -0.00218066 -0.280141 3.00647e-08 4.13523e-08 2.5445e-08
-3.3 -3 -0.139898 -0.250172 -0.139898 -0.250172 -0.139898 -0.250172 3.34516e-08 4.16564e-08 7.39947e-08
-3.3 -2.9 -0.246191 -0.159259 -0.246191 -0.159259 -0.246191 -0.159259 3.46934e-08 4.20711e-08 7.12841e-08
-3.3 -2.8 -0.298033 -0.0310921 -0.298033 -0.0310921 -0.298033 -0.0310921 3.22079e-08 4.25684e-08 1.36523e-08
-3.3 -2.7 -0.287376 0.104349 -0.287376 0.104349 -0.287376 0.104349 8.07535e-08 4.31002e-08 1.09165e-07
-3.3 -2.6 -0.221183 0.219117 -0.221183 0.219117 -0.221183 0.219117 1.23553e-08 4.3599e-08 5.39847e-08
-3.3 -2.5 -0.117304 0.293974 -0.117304 0.293974 -0.117304 0.293974 5.12581e-08 4.39781e-08 5.27939e-08
-3.3 -2.4 0.00211774 0.321522 0.00211774 0.321522 0.00211775 0.321522 5.97306e-08 4.41339e-08 8.40581e-08
-3.3 -2.3 0.117251 0.305221 0.117251 0.305221 0.117251 0.305221 3.74507e-08 4.39554e-08 8.19464e-09
-3.3 -2.2 0.21493 0.255296 0.21493 0.255296 0.21493 0.255296 1.67757e-08 4.33453e-08 5.98976e-08
-3.3 -2.1 0.289635 0.18361 0.289635 0.18361 0.289635 0.18361 6.13438e-08 4.22591e-08 6.11995e-08
-3.3 -2 0.341512 0.0996893 0.341512 0.0996893 0.341512 0.0996893 1.75172e-08 4.07499e-08 4.74937e-08
-3.3 -1.9 0.373027 0.00921388 0.373027 0.00921388 0.373027 0.00921389 2.83282e-08 3.89903e-08 3.02031e-08
-3.3 -1.8 0.386129 -0.0850827 0.386129 -0.0850827 0.386129 -0.0850827 2.35408e-08 3.72333e-08 3.76452e-08
-3.3 -1.7 0.381176 -0.181261 0.381176 -0.181261 0.381176 -0.181261 4.2229e-08 3.57145e-08 1.11168e-08
-3.3 -1.6 0.357728 -0.276312 0.357728 -0.276312 0.357728 -0.276312 2.75778e-08 3.45515e-08 4.53614e-08
-3.3 -1.5 0.316355 -0.365667 0.316355 -0.365667 0.316355 -0.365667 1.91475e-08 3.37023e-08 3.33139e-08
-3.3 -1.4 0.260175 -0.444251 0.260175 -0.444251 0.260175 -0.444251 1.8275e-08 3.29939e-08 4.93271e-08
-3.3 -1.3 0.195182 -0.508405 0.195182 -0.508405 0.195182 -0.508405 1.4917e-08 3.21761e-08 4.52263e-08
-3.3 -1.2 0.129154 -0.557583 0.129154 -0.557583 0.129154 -0.557583 2.02933e-08 3.09683e-08 2.4712e-08
-3.3 -1.1 0.069636 -0.594969 0.069636 -0.594969 0.069636 -0.594969 1.58033e-08 2.90967e-08 1.32989e-08
-3.3 -1 0.0219386 -0.626696 0.0219386 -0.626696 0.0219386 -0.626696 8.18812e-09 2.63502e-08 2.85229e-08
-3.3 -0.9 -0.0120607 -0.660016 -0.0120606 -0.660016 -0.0120606 -0.660016 1.8502e-08 2.26769e-08 3.14778e-08
-3.3 -0.8 -0.033898 -0.701127 -0.033898 -0.701127 -0.033898 -0.701127 2.41195e-08 1.82997e-08 2.99922e-08
-3.3 -0.7 -0.0474312 -0.753435 -0.0474312 -0.753435 -0.0474312 -0.753435 5.39889e-09 1.37839e-08 1.83101e-08
-3.3 -0.6 -0.0571886 -0.816726 -0.0571886 -0.816726 -0.0571886 -0.816726 2.35937e-08 1.00378e-08 2.92997e-08
-3.3 -0.5 -0.066794 -0.887355 -0.066794 -0.887355 -0.066794 -0.887355 3.60108e-08 8.17957e-09 3.64524e-08
-3.3 -0.4 -0.0779704 -0.959215 -0.0779704 -0.959215 -0.0779704 -0.959215 1.18171e-08 8.52814e-09 1.48396e-08
-3.3 -0.3 -0.0903426 -1.02508 -0.0903426 -1.02508 -0.0903426 -1.02508 3.0661e-09 9.91945e-09 1.10606e-08
-3.3 -0.2 -0.101971 -1.07796 -0.101971 -1.07796 -0.101971 -1.07796 1.88375e-09 1.12868e-08 1.18816e-08
-3.3 -0.1 -0.110333 -1.11214 -0.110333 -1.11214 -0.110333 -1.11214 1.30778e-08 1.21954e-08 3.44506e-09
-3.3 -1.02696e-15 -0.113381 -1.12396 -0.113381 -1.12396 -0.113381 -1.12396 2.81505e-09 1.25082e-08 1.51005e-08
-3.3 0.1 -0.110333 -1.11214 -0.110333 -1.11214 -0.110333 -1.11214 1.30778e-08 1.21954e-08 3.44507e-09
-3.3 0.2 -0.101971 -1.07796 -0.101971 -1.07796 -0.101971 -1.07796 1.88375e-09 1.12868e-08 1.18816e-08
-3.3 0.3 -0.0903426 -1.02508 -0.0903426 -1.02508 -0.0903426 -1.02508 3.06609e-09 9.91946e-09 1.10606e-08
-3.3 0.4 -0.0779704 -0.959215 -0.0779704 -0.959215 -0.0779704 -0.959215 1.18171e-08 8.52814e-09 1.48396e-08
-3.3 0.5 -0.066794 -0.887355 -0.066794 -0.887355 -0.066794 -0.887355 3.60108e-08 8.17955e-09 3.64524e-08
-3.3 0.6 -0.0571886 -0.816726 -0.0571886 -0.816726 -0.0571886 -0.816726 2.35937e-08 1.00378e-08 2.92997e-08
-3.3 0.7 -0.0474312 -0.753435 -0.0474312 -0.753435 -0.0474312 -0.753435 5.3989e-09 1.37839e-08 1.83101e-08
-3.3 0.8 -0.033898 -0.701127 -0.033898 -0.701127 -0.033898 -0.701127 2.41195e-08 1.82997e-08 2.99922e-08
-3.3 0.9 -0.0120607 -0.660016 -0.0120606 -0.660016 -0.0120606 -0.660016 1.8502e-08 2.26769e-08 3.14778e-08
-3.3 1 0.0219386 -0.626696 0.0219386 -0.626696 0.0219386 -0.626696 8.18812e-09 2.63502e-08 2.85229e-08
-3.3 1.1 0.069636 -0.594969 0.069636 -0.594969 0.069636 -0.594969 1.58033e-08 2.90967e-08 1.32989e-08
-3.3 1.2 0.129154 -0.557583 0.129154 -0.557583 0.129154 -0.557583 2.02933e-08 3.09683e-08 2.4712e-08
-3.3 1.3 0.195182 -0.508405 0.195182 -0.508405 0.195182 -0.508405 1.4917e-08 3.21761e-08 4.52263e-08
-3.3 1.4 0.260175 -0.444251 0.260175 -0.444251 0.260175 -0.444251 1.8275e-08 3.29939e-08 4.93271e-08
-3.3 1.5 0.316355 -0.365667 0.316355 -0.365667 0.316355 -0.365667 1.91476e-08 3.37024e-08 3.33139e-08
-3.3 1.6 0.357728 -0.276312 0.357728 -0.276312 0.357728 -0.276312 2.75778e-08 3.45515e-08 4.53614e-08
-3.3 1.7 0.381176 -0.181261 0.381176 -0.181261 0.381176 -0.181261 4.2229e-08 3.57145e-08 1.11167e-08
-3.3 1.8 0.386129 -0.0850827 0.386129 -0.0850827 0.386129 -0.0850827 2.35409e-08 3.72333e-08 3.76452e-08
-3.3 1.9 0.373027 0.00921388 0.373027 0.00921388 0.373027 0.00921389 2.83283e-08 3.89903e-08 3.02031e-08
-3.3 2 0.341512 0.0996893 0.341512 0.0996893 0.341512 0.0996893 1.75172e-08 4.07499e-08 4.74937e-08
-3.3 2.1 0.289635 0.18361 0.289635 0.18361 0.289635 0.18361 6.13438e-08 4.22591e-08 6.11995e-08
-3.3 2.2 0.21493 0.255296 0.21493 0.255296 0.21493 0.255296 1.67757e-08 4.33453e-08 5.98976e-08
-3.3 2.3 0.117251 0.305221 0.117251 0.305221 0.117251 0.305221 3.74507e-08 4.39554e-08 8.19465e-09
-3.3 2.4 0.00211774 0.321522 0.00211774 0.321522 0.00211775 0.321522 5.97306e-08 4.41339e-08 8.40581e-08
-3.3 2.5 -0.117304 0.293974 -0.117304 0.293974 -0.117304 0.293974 5.12581e-08 4.39781e-08 5.27938e-08
-3.3 2.6 -0.221183 0.219117 -0.221183 0.219117 -0.221183 0.219117 1.23553e-08 4.3599e-08 5.39847e-08
-3.3 2.7 -0.287376 0.104349 -0.287376 0.104349 -0.287376 0.104349 8.07535e-08 4.31002e-08 1.09165e-07
-3.3 2.8 -0.298033 -0.0310921 -0.298033 -0.0310921 -0.298033 -0.0310921 3.22079e-08 4.25684e-08 1.36523e-08
-3.3 2.9 -0.246191 -0.159259 -0.246191 -0.159259 -0.246191 -0.159259 3.46934e-08 4.20712e-08 7.12841e-08
-3.3 3 -0.139898 -0.250172 -0.139898 -0.250172 -0.139898 -0.250172 3.34516e-08 4.16564e-08 7.39947e-08
-3.3 3.1 -0.00218067 -0.280141 -0.00218067 -0.280141 -0.00218066 -0.280141 3.00647e-08 4.13523e-08 2.5445e-08
-3.3 3.2 0.133508 -0.239265 0.133508 -0.239265 0.133508 -0.239265 2.21711e-08 4.11678e-08 6.29006e-08
-3.3 3.3 0.23141 -0.135859 0.23141 -0.135859 0.23141 -0.135859 3.36034e-08 4.10942e-08 6.50924e-08
-3.3 3.4 0.263295 0.00372322 0.263295 0.00372322 0.263295 0.00372322 3.39506e-08 4.1109e-08 2.12962e-08
-3.3 3.5 0.217593 0.140447 0.217593 0.140447 0.217593 0.140447 1.07918e-08 4.1181e-08 4.16318e-08
-3.3 3.6 0.105169 0.23266 0.105169 0.23266 0.105169 0.23266 4.28335e-08 4.12764e-08 4.41304e-08
-3.3 3.7 -0.0408425 0.248974 -0.0408425 0.248974 -0.0408425 0.248974 4.17237e-08 4.13639e-08 3.5201e-08
-3.3 3.8 -0.172783 0.180444 -0.172783 0.180444 -0.172783 0.180444 7.23915e-08 4.14187e-08 5.24885e-08
-3.3 3.9 -0.243243 0.0473266 -0.243243 0.0473266 -0.243243 0.0473266 7.67565e-08 4.1424e-08 5.4928e-08
-3.3 4 -0.223073 -0.104001 -0.223073 -0.104001 -0.223073 -0.104001 2.53129e-08 4.1371e-08 3.04195e-08
-3.3 4.1 -0.115806 -0.215552 -0.115806 -0.215552 -0.115806 -0.215552 4.08481e-08 4.12576e-08 2.58291e-08
-3.3 4.2 0.0390581 -0.240257 0.0390581 -0.240257 0.0390581 -0.240257 6.65275e-08 4.10868e-08 3.38968e-08
-3.3 4.3 0.178312 -0.163925 0.178312 -0.163925 0.178312 -0.163925 7.51322e-08 4.08653e-08 7.6572e-08
-3.3 4.4 0.240515 -0.0158016 0.240515 -0.0158016 0.240515 -0.0158016 4.74774e-08 4.06015e-08 8.27978e-08
-3.3 4.5 0.194759 0.139961 0.194759 0.139961 0.194759 0.139961 4.00313e-08 4.03046e-08 4.83811e-08
-3.3 4.6 0.058693 0.231251 0.058693 0.231251 0.058693 0.231251 5.94622e-08 3.99838e-08 4.04712e-08
-3.3 4.7 -0.105416 0.212561 -0.105416 0.212561 -0.105416 0.212561 6.51197e-08 3.96479e-08 9.66212e-08
-3.3 4.8 -0.217966 0.0901452 -0.217966 0.0901452 -0.217966 0.0901453 4.73852e-08 3.93048e-08 3.31315e-08
-3.3 4.9 -0.221379 -0.0770479 -0.221379 -0.0770479 -0.221379 -0.0770479 5.36639e-08 3.89612e-08 5.49011e-08
-3.3 5 -0.111731 -0.204313 -0.111731 -0.204313 -0.111731 -0.204313 1.567e-08 3.86231e-08 3.43161e-08
-3.2 -5 -0.215307 -0.0917494 -0.215307 -0.0917494 -0.215307 -0.0917495 3.29376e-08 3.81902e-08 4.4592e-08
-3.2 -4.9 -0.222154 0.0789204 -0.222154 0.0789204 -0.222154 0.0789204 5.17331e-08 3.85184e-08 6.00445e-08
-3.2 -4.8 -0.112438 0.209106 -0.112438 0.209106 -0.112438 0.209106 2.67047e-08 3.88597e-08 1.23479e-08
-3.2 -4.7 0.055472 0.232491 0.055472 0.232491 0.055472 0.232491 6.26839e-08 3.92094e-08 2.62071e-08
-3.2 -4.6 0.196053 0.139368 0.196053 0.139368 0.196053 0.139368 3.25229e-08 3.95618e-08 6.16699e-08
-3.2 -4.5 0.240987 -0.0220193 0.240987 -0.0220193 0.240987 -0.0220193 4.76796e-08 3.99101e-08 1.74699e-08
-3.2 -4.4 0.171262 -0.172907 0.171262 -0.172907 0.171262 -0.172907 3.80932e-08 4.02463e-08 7.72769e-08
-3.2 -4.3 0.0225217 -0.243647 0.0225217 -0.243647 0.0225217 -0.243647 6.13612e-08 4.05612e-08 6.06272e-08
-3.2 -4.2 -0.135836 -0.205064 -0.135836 -0.205064 -0.135836 -0.205064 4.96603e-08 4.08452e-08 5.71848e-08
-3.2 -4.1 -0.23469 -0.0778695 -0.23469 -0.0778695 -0.23469 -0.0778695 2.64386e-08 4.10882e-08 2.04453e-08
-3.2 -4 -0.235016 0.0811725 -0.235016 0.0811725 -0.235016 0.0811725 2.35041e-08 4.12806e-08 2.8045e-08
-3.2 -3.9 -0.140905 0.206695 -0.140905 0.206695 -0.140905 0.206695 1.1018e-08 4.14147e-08 4.04149e-08
-3.2 -3.8 0.00704851 0.251812 0.00704851 0.251812 0.00704851 0.251812 1.06357e-08 4.14861e-08 3.87646e-08
-3.2 -3.7 0.151757 0.203702 0.151757 0.203702 0.151757 0.203702 3.34319e-08 4.14954e-08 6.8366e-08
-3.2 -3.6 0.242529 0.0837652 0.242529 0.0837652 0.242529 0.0837652 6.39237e-08 4.14504e-08 2.88343e-08
-3.2 -3.5 0.251607 -0.0644675 0.251607 -0.0644674 0.251607 -0.0644675 8.82823e-08 4.13673e-08 7.54606e-08
-3.2 -3.4 0.179889 -0.192614 0.179889 -0.192614 0.179889 -0.192614 7.38004e-08 4.12714e-08 1.05235e-07
-3.2 -3.3 0.0525268 -0.262906 0.0525268 -0.262906 0.0525268 -0.262906 3.7031e-08 4.11949e-08 7.72801e-08
-3.2 -3.2 -0.0917453 -0.257537 -0.0917453 -0.257537 -0.0917453 -0.257537 8.0997e-08 4.11735e-08 9.72389e-08
-3.2 -3.1 -0.212981 -0.180783 -0.212981 -0.180783 -0.212981 -0.180783 5.46075e-08 4.12403e-08 9.46217e-08
-3.2 -3 -0.280533 -0.0550859 -0.280533 -0.0550859 -0.280533 -0.0550859 2.01962e-08 4.14192e-08 2.12793e-08
-3.2 -2.9 -0.27964 0.0867256 -0.27964 0.0867256 -0.27964 0.0867255 4.7721e-08 4.17187e-08 5.99024e-08
-3.2 -2.8 -0.21328 0.210676 -0.21328 0.210676 -0.21328 0.210676 2.82836e-08 4.21278e-08 3.70475e-08
-3.2 -2.7 -0.0994622 0.29008 -0.0994622 0.29008 -0.0994622 0.29008 7.27196e-08 4.26141e-08 3.0429e-08
-3.2 -2.6 0.0349934 0.311216 0.0349934 0.311216 0.0349935 0.311216 4.11986e-08 4.31232e-08 3.90955e-08
-3.2 -2.5 0.162296 0.274907 0.162296 0.274907 0.162296 0.274907 8.36324e-08 4.3579e-08 1.15989e-07
-3.2 -2.4 0.260755 0.193888 0.260755 0.193888 0.260755 0.193888 3.20049e-08 4.38846e-08 6.80499e-08
-3.2 -2.3 0.318959 0.0871453 0.318959 0.0871453 0.318959 0.0871454 3.4228e-08 4.39269e-08 5.08317e-08
-3.2 -2.2 0.336045 -0.0264969 0.336045 -0.0264969 0.336045 -0.0264969 3.9032e-08 4.35896e-08 5.19802e-08
-3.2 -2.1 0.318577 -0.133206 0.318577 -0.133206 0.318577 -0.133206 4.99132e-08 4.27829e-08 5.97055e-08
-3.2 -2 0.275868 -0.225903 0.275868 -0.225903 0.275868 -0.225903 2.23043e-08 4.14891e-08 5.68136e-08
-3.2 -1.9 0.215928 -0.302996 0.215928 -0.302996 0.215928 -0.302996 3.66856e-08 3.98075e-08 6.32225e-08
-3.2 -1.8 0.143585 -0.365406 0.143585 -0.365406 0.143585 -0.365406 2.90799e-08 3.79573e-08 6.69843e-08
-3.2 -1.7 0.061031 -0.413752 0.0610311 -0.413752 0.0610311 -0.413752 1.88078e-08 3.62078e-08 3.91382e-08
-3.2 -1.6 -0.0301604 -0.447102 -0.0301604 -0.447102 -0.0301604 -0.447102 3.08892e-08 3.47625e-08 5.70111e-08
-3.2 -1.5 -0.127068 -0.463623 -0.127068 -0.463623 -0.127068 -0.463623 1.77604e-08 3.36704e-08 1.62239e-08
-3.2 -1.4 -0.224711 -0.46242 -0.224711 -0.46242 -0.224711 -0.46242 2.2783e-08 3.28173e-08 1.95586e-08
-3.2 -1.3 -0.316947 -0.445309 -0.316947 -0.445309 -0.316947 -0.445309 2.84194e-08 3.1975e-08 4.07689e-08
-3.2 -1.2 -0.398416 -0.417466 -0.398416 -0.417466 -0.398416 -0.417466 3.92108e-08 3.08605e-08 5.19435e-08
-3.2 -1.1 -0.466489 -0.386569 -0.466489 -0.386569 -0.466489 -0.386569 1.42603e-08 2.91832e-08 4.27154e-08
-3.2 -1 -0.522233 -0.360827 -0.522233 -0.360827 -0.522233 -0.360827 2.89801e-08 2.66955e-08 4.27874e-08
-3.2 -0.9 -0.56998 -0.346768 -0.56998 -0.346768 -0.56998 -0.346768 2.83985e-08 2.32796e-08 4.41173e-08
-3.2 -0.8 -0.615702 -0.347656 -0.615702 -0.347656 -0.615702 -0.347656 2.43882e-08 1.90664e-08 3.41786e-08
-3.2 -0.7 -0.664866 -0.363044 -0.664866 -0.363044 -0.664866 -0.363044 1.31292e-08 1.45332e-08 1.58748e-08
-3.2 -0.6 -0.720563 -0.389445 -0.720563 -0.389445 -0.720563 -0.389445 6.14425e-09 1.05341e-08 5.48139e-09
-3.2 -0.5 -0.782484 -0.42171 -0.782484 -0.42171 -0.782484 -0.42171 1.91211e-08 8.23948e-09 2.45448e-08
-3.2 -0.4 -0.84695 -0.454517 -0.84695 -0.454517 -0.84695 -0.454517 1.07118e-08 8.28321e-09 1.09537e-08
-3.2 -0.3 -0.907847 -0.483482 -0.907847 -0.483482 -0.907847 -0.483482 1.84457e-08 9.63079e-09 2.71905e-08
-3.2 -0.2 -0.958095 -0.505644 -0.958095 -0.505644 -0.958095 -0.505644 3.54112e-09 1.10519e-08 1.11141e-08
-3.2 -0.1 -0.991244 -0.519386 -0.991244 -0.519386 -0.991244 -0.519386 1.96998e-08 1.20131e-08 3.16383e-08
-3.2 -1.02696e-15 -1.00282 -0.524024 -1.00282 -0.524024 -1.00282 -0.524024 1.06006e-08 1.23457e-08 1.48691e-08
-3.2 0.1 -0.991244 -0.519386 -0.991244 -0.519386 -0.991244 -0.519386 1.96998e-08 1.20131e-08 3.16383e-08
-3.2 0.2 -0.958095 -0.505644 -0.958095 -0.505644 -0.958095 -0.505644 3.54113e-09 1.10519e-08 1.11141e-08
-3.2 0.3 -0.907847 -0.483482 -0.907847 -0.483482 -0.907847 -0.483482 1.84457e-08 9.63077e-09 2.71905e-08
-3.2 0.4 -0.84695 -0.454517 -0.84695 -0.454517 -0.84695 -0.454517 1.07118e-08 8.28321e-09 1.09537e-08
-3.2 0.5 -0.782484 -0.42171 -0.782484 -0.42171 -0.782484 -0.42171 1.91211e-08 8.23946e-09 2.45448e-08
-3.2 0.6 -0.720563 -0.389445 -0.720563 -0.389445 -0.720563 -0.389445 6.14422e-09 1.05341e-08 5.48137e-09
-3.2 0.7 -0.664866 -0.363044 -0.664866 -0.363044 -0.664866 -0.363044 1.31292e-08 1.45332e-08 1.58748e-08
-3.2 0.8 -0.615702 -0.347656 -0.615702 -0.347656 -0.615702 -0.347656 2.43882e-08 1.90664e-08 3.41786e-08
-3.2 0.9 -0.56998 -0.346768 -0.56998 -0.346768 -0.56998 -0.346768 2.83985e-08 2.32796e-08 4.41173e-08
-3.2 1 -0.522233 -0.360827 -0.522233 -0.360827 -0.522233 -0.360827 2.89801e-08 2.66955e-08 4.27874e-08
-3.2 1.1 -0.466489 -0.386569 -0.466489 -0.386569 -0.466489 -0.386569 1.42602e-08 2.91832e-08 4.27153e-08
-3.2 1.2 -0.398416 -0.417466 -0.398416 -0.417466 -0.398416 -0.417466 3.92108e-08 3.08605e-08 5.19435e-08
-3.2 1.3 -0.316947 -0.445309 -0.316947 -0.445309 -0.316947 -0.445309 2.84194e-08 3.1975e-08 4.07689e-08
-3.2 1.4 -0.224711 -0.46242 -0.224711 -0.46242 -0.224711 -0.46242 2.2783e-08 3.28173e-08 1.95586e-08
-3.2 1.5 -0.127068 -0.463623 -0.127068 -0.463623 -0.127068 -0.463623 1.77604e-08 3.36704e-08 1.62239e-08
-3.2 1.6 -0.0301604 -0.447102 -0.0301604 -0.447102 -0.0301604 -0.447102 3.08891e-08 3.47625e-08 5.70111e-08
-3.2 1.7 0.061031 -0.413752 0.0610311 -0.413752 0.0610311 -0.413752 1.88078e-08 3.62078e-08 3.91382e-08
-3.2 1.8 0.143585 -0.365406 0.143585 -0.365406 0.143585 -0.365406 2.90799e-08 3.79573e-08 6.69843e-08
-3.2 1.9 0.215928 -0.302996 0.215928 -0.302996 0.215928 -0.302996 3.66856e-08 3.98075e-08 6.32225e-08
-3.2 2 0.275868 -0.225903 0.275868 -0.225903 0.275868 -0.225903 2.23043e-08 4.14891e-08 5.68136e-08
-3.2 2.1 0.318577 -0.133206 0.318577 -0.133206 0.318577 -0.133206 4.99132e-08 4.27829e-08 5.97055e-08
-3.2 2.2 0.336045 -0.0264969 0.336045 -0.0264969 0.336045 -0.0264969 3.9032e-08 4.35896e-08 5.19802e-08
-3.2 2.3 0.318959 0.0871453 0.318959 0.0871453 0.318959 0.0871454 3.4228e-08 4.39269e-08 5.08318e-08
-3.2 2.4 0.260755 0.193888 0.260755 0.193888 0.260755 0.193888 3.20049e-08 4.38846e-08 6.80498e-08
-3.2 2.5 0.162296 0.274907 0.162296 0.274907 0.162296 0.274907 8.36325e-08 4.35789e-08 1.15989e-07
-3.2 2.6 0.0349934 0.311216 0.0349934 0.311216 0.0349935 0.311216 4.11986e-08 4.31232e-08 3.90955e-08
-3.2 2.7 -0.0994622 0.29008 -0.0994622 0.29008 -0.0994622 0.29008 7.27196e-08 4.26141e-08 3.0429e-08
-3.2 2.8 -0.21328 0.210676 -0.21328 0.210676 -0.21328 0.210676 2.82836e-08 4.21278e-08 3.70475e-08
-3.2 2.9 -0.27964 0.0867256 -0.27964 0.0867256 -0.27964 0.0867255 4.7721e-08 4.17187e-08 5.99024e-08
-3.2 3 -0.280533 -0.0550859 -0.280533 -0.0550859 -0.280533 -0.0550859 2.01962e-08 4.14192e-08 2.12793e-08
-3.2 3.1 -0.212981 -0.180783 -0.212981 -0.180783 -0.212981 -0.180783 5.46075e-08 4.12403e-08 9.46217e-08
-3.2 3.2 -0.0917453 -0.257537 -0.0917453 -0.257537 -0.0917453 -0.257537 8.0997e-08 4.11735e-08 9.72389e-08
-3.2 3.3 0.0525268 -0.262906 0.0525268 -0.262906 0.0525268 -0.262906 3.7031e-08 4.11949e-08 7.72802e-08
-3.2 3.4 0.179889 -0.192614 0.179889 -0.192614 0.179889 -0.192614 7.38005e-08 4.12714e-08 1.05235e-07
-3.2 3.5 0.251607 -0.0644675 0.251607 -0.0644674 0.251607 -0.0644675 8.82823e-08 4.13673e-08 7.54606e-08
-3.2 3.6 0.242529 0.0837652 0.242529 0.0837652 0.242529 0.0837652 6.39237e-08 4.14504e-08 2.88343e-08
-3.2 3.7 0.151757 0.203702 0.151757 0.203702 0.151757 0.203702 3.34319e-08 4.14954e-08 6.8366e-08
-3.2 3.8 0.00704851 0.251812 0.00704851 0.251812 0.00704851 0.251812 1.06357e-08 4.14861e-08 3.87646e-08
-3.2 3.9 -0.140905 0.206695 -0.140905 0.206695 -0.140905 0.206695 1.1018e-08 4.14147e-08 4.04149e-08
-3.2 4 -0.235016 0.0811725 -0.235016 0.0811725 -0.235016 0.0811725 2.35041e-08 4.12806e-08 2.80451e-08
-3.2 4.1 -0.23469 -0.0778695 -0.23469 -0.0778695 -0.23469 -0.0778695 2.64386e-08 4.10882e-08 2.04453e-08
-3.2 4.2 -0.135836 -0.205064 -0.135836 -0.205064 -0.135836 -0.205064 4.96603e-08 4.08452e-08 5.71848e-08
-3.2 4.3 0.0225217 -0.243647 0.0225217 -0.243647 0.0225217 -0.243647 6.13612e-08 4.05612e-08 6.06272e-08
-3.2 4.4 0.171262 -0.172907 0.171262 -0.172907 0.171262 -0.172907 3.80932e-08 4.02463e-08 7.7277e-08
-3.2 4.5 0.240987 -0.0220193 0.240987 -0.0220193 0.240987 -0.0220193 4.76796e-08 3.99101e-08 1.74698e-08
-3.2 4.6 0.196053 0.139368 0.196053 0.139368 0.196053 0.139368 3.2523e-08 3.95618e-08 6.16699e-08
-3.2 4.7 0.055472 0.232491 0.055472 0.232491 0.055472 0.232491 6.2684e-08 3.92094e-08 2.62072e-08
-3.2 4.8 -0.112438 0.209106 -0.112438 0.209106 -0.112438 0.209106 2.67047e-08 3.88597e-08 1.23479e-08
-3.2 4.9 -0.222154 0.0789204 -0.222154 0.0789204 -0.222154 0.0789204 5.1733e-08 3.85184e-08 6.00445e-08
-3.2 5 -0.215307 -0.0917494 -0.215307 -0.0917494 -0.215307 -0.0917495 3.29377e-08 3.81902e-08 4.4592e-08
-3.1 -5 -0.227394 0.0593371 -0.227394 0.0593371 -0.227394 0.0593371 1.57033e-08 3.77787e-08 5.34381e-08
-3.1 -4.9 -0.126379 0.200349 -0.126379 0.200349 -0.126379 0.200349 7.61946e-08 3.80868e-08 4.78932e-08
-3.1 -4.8 0.0432583 0.234766 0.0432583 0.234766 0.0432583 0.234766 9.18725e-08 3.84139e-08 1.13818e-07
-3.1 -4.7 0.191202 0.145907 0.191202 0.145907 0.191202 0.145907 1.76319e-08 3.87567e-08 3.49265e-08
-3.1 -4.6 0.241548 -0.0184523 0.241548 -0.0184523 0.241548 -0.0184523 6.25685e-08 3.91111e-08 8.03285e-08
-3.1 -4.5 0.170784 -0.174153 0.170784 -0.174153 0.170784 -0.174153 6.68953e-08 3.94716e-08 3.42475e-08
-3.1 -4.4 0.0162888 -0.24497 0.0162888 -0.24497 0.0162888 -0.24497 1.40188e-08 3.98313e-08 4.63753e-08
-3.1 -4.3 -0.14605 -0.199228 -0.14605 -0.199228 -0.14605 -0.199228 7.66596e-08 4.01822e-08 9.86776e-08
-3.1 -4.2 -0.240749 -0.0614971 -0.240749 -0.0614971 -0.240749 -0.0614972 5.33574e-08 4.05149e-08 3.2187e-08
-3.1 -4.1 -0.227504 0.103382 -0.227504 0.103382 -0.227504 0.103382 3.55828e-08 4.08192e-08 7.62556e-08
-3.1 -4 -0.116008 0.222926 -0.116008 0.222926 -0.116008 0.222926 4.18539e-08 4.10841e-08 7.97602e-08
-3.1 -3.9 0.0432127 0.249055 0.0432127 0.249055 0.0432127 0.249055 1.70585e-08 4.12991e-08 3.60838e-08
-3.1 -3.8 0.18424 0.175407 0.18424 0.175407 0.18424 0.175407 2.96065e-08 4.14552e-08 4.57935e-08
-3.1 -3.7 0.253841 0.034929 0.253841 0.034929 0.253841 0.034929 3.54549e-08 4.15463e-08 2.83403e-08
-3.1 -3.6 0.230083 -0.117685 0.230083 -0.117685 0.230083 -0.117685 4.97179e-08 4.15716e-08 5.32924e-08
-3.1 -3.5 0.125964 -0.228721 0.125964 -0.228721 0.125964 -0.228721 1.87063e-08 4.15376e-08 3.92996e-08
-3.1 -3.4 -0.0200708 -0.263635 -0.0200708 -0.263635 -0.0200708 -0.263635 5.99665e-08 4.14597e-08 9.49574e-08
-3.1 -3.3 -0.160297 -0.21527 -0.160297 -0.21527 -0.160297 -0.21527 2.50065e-08 4.13634e-08 5.57342e-08
-3.1 -3.2 -0.253487 -0.101833 -0.253487 -0.101833 -0.253487 -0.101833 5.89675e-08 4.12819e-08 9.3509e-08
-3.1 -3.1 -0.27557 0.0420562 -0.27557 0.0420562 -0.27557 0.0420562 7.74329e-08 4.12529e-08 6.58698e-08
-3.1 -3 -0.223536 0.17694 -0.223536 0.17694 -0.223536 0.17694 5.33846e-08 4.13114e-08 9.2574e-08
-3.1 -2.9 -0.113353 0.269136 -0.113353 0.269136 -0.113353 0.269136 1.1656e-08 4.14827e-08 3.17247e-08
-3.1 -2.8 0.0263046 0.298222 0.0263046 0.298222 0.0263046 0.298222 3.2965e-08 4.17749e-08 7.47374e-08
-3.1 -2.7 0.162409 0.260372 0.162409 0.260372 0.162409 0.260372 6.15506e-08 4.21747e-08 9.22066e-08
-3.1 -2.6 0.265979 0.167332 0.265979 0.167332 0.265979 0.167332 7.80533e-09 4.26447e-08 4.96962e-08
-3.1 -2.5 0.318551 0.0416433 0.318551 0.0416433 0.318551 0.0416433 2.19217e-08 4.31231e-08 2.38671e-08
-3.1 -2.4 0.31515 -0.0904289 0.31515 -0.0904289 0.31515 -0.0904289 4.59009e-08 4.3524e-08 7.22226e-08
-3.1 -2.3 0.263139 -0.206053 0.263139 -0.206053 0.263139 -0.206053 2.04225e-08 4.37396e-08 3.68777e-08
-3.1 -2.2 0.177658 -0.290826 0.177658 -0.290826 0.177658 -0.290826 3.8633e-08 4.36472e-08 2.32833e-08
-3.1 -2.1 0.0756101 -0.340184 0.0756101 -0.340184 0.0756102 -0.340184 7.6515e-08 4.31283e-08 8.23338e-08
-3.1 -2 -0.0294367 -0.357292 -0.0294367 -0.357292 -0.0294367 -0.357292 3.68459e-08 4.21068e-08 5.86871e-08
-3.1 -1.9 -0.129678 -0.348902 -0.129678 -0.348902 -0.129678 -0.348902 2.51167e-08 4.06019e-08 4.36161e-08
-3.1 -1.8 -0.222467 -0.321333 -0.222467 -0.321333 -0.222467 -0.321333 1.19661e-08 3.87651e-08 2.77987e-08
-3.1 -1.7 -0.307726 -0.278298 -0.307726 -0.278298 -0.307726 -0.278298 1.54178e-08 3.68562e-08 4.94863e-08
-3.1 -1.6 -0.385166 -0.221128 -0.385166 -0.221128 -0.385166 -0.221128 3.14966e-08 3.51417e-08 4.98616e-08
-3.1 -1.5 -0.45285 -0.150666 -0.45285 -0.150666 -0.45285 -0.150666 1.69219e-08 3.37709e-08 1.68779e-08
-3.1 -1.4 -0.507664 -0.0693564 -0.507664 -0.0693564 -0.507664 -0.0693564 2.10313e-08 3.27144e-08 4.80013e-08
-3.1 -1.3 -0.547159 0.0177786 -0.547159 0.0177786 -0.547159 0.0177786 4.51465e-08 3.17873e-08 3.49658e-08
-3.1 -1.2 -0.571533 0.103813 -0.571533 0.103813 -0.571533 0.103813 8.42907e-09 3.07154e-08 3.83177e-08
-3.1 -1.1 -0.584606 0.18184 -0.584606 0.18184 -0.584606 0.18184 2.25922e-08 2.91951e-08 3.14153e-08
-3.1 -1 -0.593245 0.247121 -0.593245 0.247121 -0.593245 0.247121 1.98913e-08 2.69483e-08 2.09939e-08
-3.1 -0.9 -0.605486 0.298444 -0.605486 0.298444 -0.605486 0.298444 2.23736e-08 2.37982e-08 2.37826e-08
-3.1 -0.8 -0.628169 0.338108 -0.628169 0.338108 -0.628169 0.338108 1.30964e-08 1.97862e-08 1.13415e-08
-3.1 -0.7 -0.665007 0.370639 -0.665007 0.370639 -0.665007 0.370639 8.20138e-09 1.52909e-08 2.1424e-08
-3.1 -0.6 -0.715704 0.40084 -0.715704 0.40084 -0.715704 0.40084 7.51398e-09 1.10929e-08 6.01809e-09
-3.1 -0.5 -0.776252 0.431958 -0.776252 0.431958 -0.776252 0.431958 2.53326e-08 8.37213e-09 2.37645e-08
-3.1 -0.4 -0.840109 0.464605 -0.840109 0.464605 -0.840109 0.464605 7.63624e-09 8.0544e-09 1.02021e-08
-3.1 -0.3 -0.899738 0.496701 -0.899738 0.496701 -0.899738 0.496701 2.06296e-08 9.32643e-09 2.85247e-08
-3.1 -0.2 -0.94804 0.524334 -0.94804 0.524334 -0.94804 0.524334 7.90746e-09 1.07986e-08 1.87055e-08
-3.1 -0.1 -0.979391 0.543158 -0.979391 0.543158 -0.979391 0.543158 1.09397e-08 1.18161e-08 2.22894e-08
-3.1 -1.02696e-15 -0.990243 0.549846 -0.990243 0.549846 -0.990243 0.549846 1.82703e-08 1.21704e-08 1.33288e-08
-3.1 0.1 -0.979391 0.543158 -0.979391 0.543158 -0.979391 0.543158 1.09397e-08 1.18161e-08 2.22894e-08
-3.1 0.2 -0.94804 0.524334 -0.94804 0.524334 -0.94804 0.524334 7.90747e-09 1.07987e-08 1.87055e-08
-3.1 0.3 -0.899738 0.496701 -0.899738 0.496701 -0.899738 0.496701 2.06296e-08 9.32642e-09 2.85247e-08
-3.1 0.4 -0.840109 0.464605 -0.840109 0.464605 -0.840109 0.464605 7.63624e-09 8.05441e-09 1.02021e-08
-3.1 0.5 -0.776252 0.431958 -0.776252 0.431958 -0.776252 0.431958 2.53326e-08 8.37212e-09 2.37645e-08
-3.1 0.6 -0.715704 0.40084 -0.715704 0.40084 -0.715704 0.40084 7.51398e-09 1.10929e-08 6.0181e-09
-3.1 0.7 -0.665007 0.370639 -0.665007 0.370639 -0.665007 0.370639 8.2014e-09 1.52909e-08 2.1424e-08
-3.1 0.8 -0.628169 0.338108 -0.628169 0.338108 -0.628169 0.338108 1.30964e-08 1.97862e-08 1.13415e-08
-3.1 0.9 -0.605486 0.298444 -0.605486 0.298444 -0.605486 0.298444 2.23737e-08 2.37982e-08 2.37826e-08
-3.1 1 -0.593245 0.247121 -0.593245 0.247121 -0.593245 0.247121 1.98913e-08 2.69483e-08 2.09939e-08
-3.1 1.1 -0.584606 0.18184 -0.584606 0.18184 -0.584606 0.18184 2.25922e-08 2.91952e-08 3.14153e-08
-3.1 1.2 -0.571533 0.103813 -0.571533 0.103813 -0.571533 0.103813 8.42908e-09 3.07154e-08 3.83177e-08
-3.1 1.3 -0.547159 0.0177786 -0.547159 0.0177786 -0.547159 0.0177786 4.51465e-08 3.17873e-08 3.49658e-08
-3.1 1.4 -0.507664 -0.0693564 -0.507664 -0.0693564 -0.507664 -0.0693564 2.10313e-08 3.27143e-08 4.80013e-08
-3.1 1.5 -0.45285 -0.150666 -0.45285 -0.150666 -0.45285 -0.150666 1.69219e-08 3.37709e-08 1.68779e-08
-3.1 1.6 -0.385166 -0.221128 -0.385166 -0.221128 -0.385166 -0.221128 3.14966e-08 3.51417e-08 4.98616e-08
-3.1 1.7 -0.307726 -0.278298 -0.307726 -0.278298 -0.307726 -0.278298 1.54178e-08 3.68562e-08 4.94863e-08
-3.1 1.8 -0.222467 -0.321333 -0.222467 -0.321333 -0.222467 -0.321333 1.19662e-08 3.87651e-08 2.77987e-08
-3.1 1.9 -0.129678 -0.348902 -0.129678 -0.348902 -0.129678 -0.348902 2.51167e-08 4.06019e-08 4.36161e-08
-3.1 2 -0.0294367 -0.357292 -0.0294367 -0.357292 -0.0294367 -0.357292 3.68459e-08 4.21068e-08 5.86871e-08
-3.1 2.1 0.0756101 -0.340184 0.0756101 -0.340184 0.0756102 -0.340184 7.65151e-08 4.31283e-08 8.23338e-08
-3.1 2.2 0.177658 -0.290826 0.177658 -0.290826 0.177658 -0.290826 3.8633e-08 4.36472e-08 2.32833e-08
-3.1 2.3 0.263139 -0.206053 0.263139 -0.206053 0.263139 -0.206053 2.04225e-08 4.37396e-08 3.68776e-08
-3.1 2.4 0.31515 -0.0904289 0.31515 -0.0904289 0.31515 -0.0904289 4.59009e-08 4.3524e-08 7.22226e-08
-3.1 2.5 0.318551 0.0416433 0.318551 0.0416433 0.318551 0.0416433 2.19217e-08 4.31231e-08 2.38671e-08
-3.1 2.6 0.265979 0.167332 0.265979 0.167332 0.265979 0.167332 7.80533e-09 4.26448e-08 4.96962e-08
-3.1 2.7 0.162409 0.260372 0.162409 0.260372 0.162409 0.260372 6.15506e-08 4.21747e-08 9.22066e-08
-3.1 2.8 0.0263046 0.298222 0.0263046 0.298222 0.0263046 0.298222 3.2965e-08 4.17749e-08 7.47374e-08
-3.1 2.9 -0.113353 0.269136 -0.113353 0.269136 -0.113353 0.269136 1.1656e-08 4.14826e-08 3.17247e-08
-3.1 3 -0.223536 0.17694 -0.223536 0.17694 -0.223536 0.17694 5.33846e-08 4.13114e-08 9.2574e-08
-3.1 3.1 -0.27557 0.0420562 -0.27557 0.0420562 -0.27557 0.0420562 7.74329e-08 4.12529e-08 6.58698e-08
-3.1 3.2 -0.253487 -0.101833 -0.253487 -0.101833 -0.253487 -0.101833 5.89675e-08 4.12819e-08 9.3509e-08
-3.1 3.3 -0.160297 -0.21527 -0.160297 -0.21527 -0.160297 -0.21527 2.50065e-08 4.13633e-08 5.57342e-08
-3.1 3.4 -0.0200708 -0.263635 -0.0200708 -0.263635 -0.0200708 -0.263635 5.99665e-08 4.14597e-08 9.49574e-08
-3.1 3.5 0.125964 -0.228721 0.125964 -0.228721 0.125964 -0.228721 1.87063e-08 4.15376e-08 3.92996e-08
-3.1 3.6 0.230083 -0.117685 0.230083 -0.117685 0.230083 -0.117685 4.97179e-08 4.15716e-08 5.32924e-08
-3.1 3.7 0.253841 0.034929 0.253841 0.034929 0.253841 0.034929 3.54549e-08 4.15463e-08 2.83403e-08
-3.1 3.8 0.18424 0.175407 0.18424 0.175407 0.18424 0.175407 2.96066e-08 4.14552e-08 4.57935e-08
-3.1 3.9 0.0432127 0.249055 0.0432127 0.249055 0.0432127 0.249055 1.70585e-08 4.12991e-08 3.60838e-08
-3.1 4 -0.116008 0.222926 -0.116008 0.222926 -0.116008 0.222926 4.18539e-08 4.10841e-08 7.97602e-08
-3.1 4.1 -0.227504 0.103382 -0.227504 0.103382 -0.227504 0.103382 3.55828e-08 4.08192e-08 7.62556e-08
-3.1 4.2 -0.240749 -0.0614971 -0.240749 -0.0614971 -0.240749 -0.0614972 5.33575e-08 4.05149e-08 3.21871e-08
-3.1 4.3 -0.14605 -0.199228 -0.14605 -0.199228 -0.14605 -0.199228 7.66596e-08 4.01822e-08 9.86776e-08
-3.1 4.4 0.0162888 -0.24497 0.0162888 -0.24497 0.0162888 -0.24497 1.40188e-08 3.98313e-08 4.63753e-08
-3.1 4.5 0.170784 -0.174153 0.170784 -0.174153 0.170784 -0.174153 6.68953e-08 3.94716e-08 3.42475e-08
-3.1 4.6 0.241548 -0.0184523 0.241548 -0.0184523 0.241548 -0.0184523 6.25685e-08 3.91111e-08 8.03285e-08
-3.1 4.7 0.191202 0.145907 0.191202 0.145907 0.191202 0.145907 1.76319e-08 3.87567e-08 3.49265e-08
-3.1 4.8 0.0432583 0.234766 0.0432583 0.234766 0.0432583 0.234766 9.18725e-08 3.84139e-08 1.13818e-07
-3.1 4.9 -0.126379 0.200349 -0.126379 0.200349 -0.126379 0.200349 7.61946e-08 3.80868e-08 4.78931e-08
-3.1 5 -0.227394 0.0593371 -0.227394 0.0593371 -0.227394 0.0593371 1.57033e-08 3.77787e-08 5.34381e-08
-3 -5 -0.145883 0.185275 -0.145883 0.185275 -0.145883 0.185275 1.67807e-08 3.74037e-08 4.143e-08
-3 -4.9 0.0223989 0.236745 0.0223989 0.236745 0.0223989 0.236745 4.69392e-08 3.76836e-08 3.26097e-08
-3 -4.8 0.179845 0.158603 0.179845 0.158603 0.179845 0.158603 1.0284e-07 3.79864e-08 1.00958e-07
-3 -4.7 0.241695 -0.00557569 0.241695 -0.00557569 0.241695 -0.00557569 3.36289e-08 3.83105e-08 1.40545e-08
-3 -4.6 0.17656 -0.167969 0.17656 -0.167969 0.17656 -0.167969 7.61419e-08 3.86533e-08 8.34018e-08
-3 -4.5 0.0200557 -0.244759 0.0200557 -0.244759 0.0200557 -0.244759 4.76118e-08 3.90108e-08 5.56202e-08
-3 -4.4 -0.147245 -0.198812 -0.147245 -0.198812 -0.147245 -0.198812 3.18542e-08 3.93779e-08 4.64477e-08
-3 -4.3 -0.242925 -0.0553375 -0.242925 -0.0553375 -0.242925 -0.0553375 4.02109e-08 3.97478e-08 2.9274e-09
-3 -4.2 -0.223064 0.114686 -0.223064 0.114686 -0.223064 0.114686 3.5325e-08 4.01126e-08 6.2368e-08
-3 -4.1 -0.100191 0.231687 -0.100191 0.231687 -0.100191 0.231687 3.27427e-08 4.04625e-08 7.79261e-09
-3 -4 0.0672035 0.244924 0.0672035 0.244924 0.0672034 0.244924 2.86908e-08 4.07869e-08 2.80119e-08
-3 -3.9 0.20502 0.152505 0.20502 0.152505 0.20502 0.152505 8.58069e-08 4.10742e-08 6.57653e-08
-3 -3.8 0.257099 -0.00274395 0.257099 -0.00274395 0.257099 -0.00274394 2.6607e-08 4.13127e-08 5.94948e-08
-3 -3.7 0.206526 -0.156021 0.206526 -0.156021 0.206526 -0.156021 4.2823e-08 4.14919e-08 7.74104e-08
-3 -3.6 0.0775842 -0.24898 0.0775842 -0.24898 0.0775842 -0.24898 7.61324e-08 4.16042e-08 5.45822e-08
-3 -3.5 -0.0788893 -0.250992 -0.0788893 -0.250992 -0.0788893 -0.250992 8.48677e-08 4.1647e-08 1.12266e-07
-3 -3.4 -0.207552 -0.166212 -0.207552 -0.166212 -0.207552 -0.166212 6.08043e-08 4.16251e-08 4.09301e-08
-3 -3.3 -0.267993 -0.0269157 -0.267993 -0.0269157 -0.267993 -0.0269157 3.26928e-08 4.15533e-08 4.17191e-08
-3 -3.2 -0.245224 0.121195 -0.245224 0.121195 -0.245224 0.121195 1.10493e-08 4.14566e-08 5.20733e-08
-3 -3.1 -0.150029 0.234728 -0.150029 0.234728 -0.150029 0.234728 3.74088e-08 4.13696e-08 2.2448e-08
-3 -3 -0.0118526 0.284243 -0.0118526 0.284243 -0.0118526 0.284243 4.7019e-08 4.13317e-08 3.471e-08
-3 -2.9 0.131715 0.259732 0.131715 0.259732 0.131715 0.259732 2.71049e-08 4.138e-08 4.93561e-08
-3 -2.8 0.245331 0.170271 0.245331 0.170271 0.245331 0.170271 4.86751e-08 4.15411e-08 8.03107e-08
-3 -2.7 0.303958 0.0393473 0.303958 0.0393473 0.303958 0.0393473 2.72934e-08 4.18228e-08 5.78129e-08
-3 -2.6 0.297408 -0.102378 0.297408 -0.102378 0.297408 -0.102378 6.80702e-08 4.22089e-08 7.48705e-08
-3 -2.5 0.230914 -0.225092 0.230914 -0.225092 0.230914 -0.225092 2.16564e-08 4.2656e-08 4.4967e-08
-3 -2.4 0.121871 -0.306767 0.121871 -0.306767 0.121871 -0.306767 6.88776e-08 4.30939e-08 5.62533e-08
-3 -2.3 -0.00621539 -0.337291 -0.00621539 -0.337291 -0.00621539 -0.337291 4.18203e-08 4.34256e-08 8.52261e-08
-3 -2.2 -0.130683 -0.318749 -0.130683 -0.318749 -0.130683 -0.318749 4.2453e-08 4.35318e-08 2.75521e-08
-3 -2.1 -0.235268 -0.262054 -0.235268 -0.262054 -0.235268 -0.262054 5.17309e-08 4.32809e-08 9.47978e-08
-3 -2 -0.312523 -0.181528 -0.312523 -0.181528 -0.312523 -0.181528 2.70774e-08 4.25566e-08 4.60741e-08
-3 -1.9 -0.362707 -0.0897227 -0.362707 -0.0897227 -0.362707 -0.0897227 4.80477e-08 4.13053e-08 7.78138e-08
-3 -1.8 -0.39025 0.00554726 -0.39025 0.00554725 -0.39025 0.00554725 1.03593e-08 3.95928e-08 4.89062e-08
-3 -1.7 -0.399849 0.101205 -0.399849 0.101205 -0.399849 0.101205 1.78067e-08 3.76257e-08 5.43737e-08
-3 -1.6 -0.394055 0.1967 -0.394055 0.1967 -0.394055 0.1967 4.06435e-08 3.56917e-08 4.45333e-08
-3 -1.5 -0.373206 0.291264 -0.373206 0.291264 -0.373206 0.291264 2.59771e-08 3.40305e-08 1.91519e-08
-3 -1.4 -0.337176 0.382261 -0.337176 0.382261 -0.337176 0.382262 3.94559e-08 3.27181e-08 2.50211e-08
-3 -1.3 -0.287608 0.465443 -0.287608 0.465443 -0.287608 0.465443 3.45008e-08 3.16416e-08 4.35321e-08
-3 -1.2 -0.229171 0.536724 -0.229171 0.536724 -0.229171 0.536724 2.84971e-08 3.05532e-08 5.87734e-08
-3 -1.1 -0.169153 0.59434 -0.169153 0.59434 -0.169153 0.59434 8.44169e-09 2.91445e-08 3.72425e-08
-3 -1 -0.115615 0.640157 -0.115615 0.640157 -0.115615 0.640157 1.74669e-08 2.71114e-08 3.37519e-08
-3 -0.9 -0.075041 0.67942 -0.0750411 0.67942 -0.075041 0.67942 3.62734e-08 2.42257e-08 4.47174e-08
-3 -0.8 -0.0505743 0.719056 -0.0505743 0.719056 -0.0505743 0.719056 1.56495e-08 2.04441e-08 3.19154e-08
-3 -0.7 -0.0415193 0.765272 -0.0415193 0.765272 -0.0415193 0.765272 1.17342e-08 1.60403e-08 2.1048e-08
-3 -0.6 -0.0441633 0.821412 -0.0441633 0.821412 -0.0441633 0.821412 8.82375e-09 1.17032e-08 1.85037e-08
-3 -0.5 -0.0534133 0.886784 -0.0534133 0.886784 -0.0534133 0.886784 2.04403e-08 8.58324e-09 1.915e-08
-3 -0.4 -0.0645074 0.956755 -0.0645074 0.956755 -0.0645074 0.956755 5.0919e-09 7.85111e-09 1.24124e-08
-3 -0.3 -0.0741723 1.02391 -0.0741723 1.02391 -0.0741724 1.02391 2.38706e-08 9.00693e-09 1.9581e-08
-3 -0.2 -0.0809352 1.07981 -0.0809352 1.07981 -0.0809352 1.07981 6.33095e-09 1.05251e-08 6.18761e-09
-3 -0.1 -0.0846849 1.11686 -0.0846849 1.11686 -0.0846849 1.11686 6.84473e-09 1.16026e-08 1.72662e-08
-3 -1.02696e-15 -0.0858544 1.12983 -0.0858544 1.12983 -0.0858544 1.12983 2.66099e-09 1.19804e-08 1.05048e-08
-3 0.1 -0.0846849 1.11686 -0.0846849 1.11686 -0.0846849 1.11686 6.84473e-09 1.16026e-08 1.72662e-08
-3 0.2 -0.0809352 1.07981 -0.0809352 1.07981 -0.0809352 1.07981 6.33094e-09 1.05251e-08 6.1876e-09
-3 0.3 -0.0741723 1.02391 -0.0741723 1.02391 -0.0741724 1.02391 2.38706e-08 9.00694e-09 1.9581e-08
-3 0.4 -0.0645074 0.956755 -0.0645074 0.956755 -0.0645074 0.956755 5.0919e-09 7.85112e-09 1.24124e-08
-3 0.5 -0.0534133 0.886784 -0.0534133 0.886784 -0.0534133 0.886784 2.04403e-08 8.58322e-09 1.915e-08
-3 0.6 -0.0441633 0.821412 -0.0441633 0.821412 -0.0441633 0.821412 8.82374e-09 1.17032e-08 1.85037e-08
-3 0.7 -0.0415193 0.765272 -0.0415193 0.765272 -0.0415193 0.765272 1.17342e-08 1.60403e-08 2.1048e-08
-3 0.8 -0.0505743 0.719056 -0.0505743 0.719056 -0.0505743 0.719056 1.56495e-08 2.04441e-08 3.19154e-08
-3 0.9 -0.075041 0.67942 -0.0750411 0.67942 -0.075041 0.67942 3.62734e-08 2.42257e-08 4.47173e-08
-3 1 -0.115615 0.640157 -0.115615 0.640157 -0.115615 0.640157 1.74669e-08 2.71114e-08 3.37519e-08
-3 1.1 -0.169153 0.59434 -0.169153 0.59434 -0.169153 0.59434 8.44169e-09 2.91445e-08 3.72425e-08
-3 1.2 -0.229171 0.536724 -0.229171 0.536724 -0.229171 0.536724 2.84971e-08 3.05532e-08 5.87733e-08
-3 1.3 -0.287608 0.465443 -0.287608 0.465443 -0.287608 0.465443 3.45008e-08 3.16416e-08 4.35321e-08
-3 1.4 -0.337176 0.382261 -0.337176 0.382261 -0.337176 0.382262 3.94558e-08 3.27181e-08 2.50211e-08
-3 1.5 -0.373206 0.291264 -0.373206 0.291264 -0.373206 0.291264 2.59772e-08 3.40305e-08 1.91519e-08
-3 1.6 -0.394055 0.1967 -0.394055 0.1967 -0.394055 0.1967 4.06435e-08 3.56917e-08 4.45334e-08
-3 1.7 -0.399849 0.101205 -0.399849 0.101205 -0.399849 0.101205 1.78067e-08 3.76257e-08 5.43737e-08
-3 1.8 -0.39025 0.00554726 -0.39025 0.00554725 -0.39025 0.00554725 1.03593e-08 3.95928e-08 4.89062e-08
-3 1.9 -0.362707 -0.0897227 -0.362707 -0.0897227 -0.362707 -0.0897227 4.80477e-08 4.13053e-08 7.78138e-08
-3 2 -0.312523 -0.181528 -0.312523 -0.181528 -0.312523 -0.181528 2.70774e-08 4.25566e-08 4.60742e-08
-3 2.1 -0.235268 -0.262054 -0.235268 -0.262054 -0.235268 -0.262054 5.17309e-08 4.32809e-08 9.47978e-08
-3 2.2 -0.130683 -0.318749 -0.130683 -0.318749 -0.130683 -0.318749 4.2453e-08 4.35318e-08 2.75521e-08
-3 2.3 -0.00621539 -0.337291 -0.00621539 -0.337291 -0.00621539 -0.337291 4.18203e-08 4.34256e-08 8.52261e-08
-3 2.4 0.121871 -0.306767 0.121871 -0.306767 0.121871 -0.306767 6.88776e-08 4.30939e-08 5.62533e-08
-3 2.5 0.230914 -0.225092 0.230914 -0.225092 0.230914 -0.225092 2.16564e-08 4.2656e-08 4.4967e-08
-3 2.6 0.297408 -0.102378 0.297408 -0.102378 0.297408 -0.102378 6.80702e-08 4.22089e-08 7.48705e-08
-3 2.7 0.303958 0.0393473 0.303958 0.0393473 0.303958 0.0393473 2.72934e-08 4.18228e-08 5.78129e-08
-3 2.8 0.245331 0.170271 0.245331 0.170271 0.245331 0.170271 4.86751e-08 4.15411e-08 8.03107e-08
-3 2.9 0.131715 0.259732 0.131715 0.259732 0.131715 0.259732 2.71048e-08 4.138e-08 4.93561e-08
-3 3 -0.0118526 0.284243 -0.0118526 0.284243 -0.0118526 0.284243 4.7019e-08 4.13317e-08 3.47101e-08
-3 3.1 -0.150029 0.234728 -0.150029 0.234728 -0.150029 0.234728 3.74088e-08 4.13696e-08 2.2448e-08
-3 3.2 -0.245224 0.121195 -0.245224 0.121195 -0.245224 0.121195 1.10493e-08 4.14566e-08 5.20733e-08
-3 3.3 -0.267993 -0.0269157 -0.267993 -0.0269157 -0.267993 -0.0269157 3.26928e-08 4.15533e-08 4.17191e-08
-3 3.4 -0.207552 -0.166212 -0.207552 -0.166212 -0.207552 -0.166212 6.08043e-08 4.16251e-08 4.09301e-08
-3 3.5 -0.0788893 -0.250992 -0.0788893 -0.250992 -0.0788893 -0.250992 8.48677e-08 4.1647e-08 1.12266e-07
-3 3.6 0.0775842 -0.24898 0.0775842 -0.24898 0.0775842 -0.24898 7.61324e-08 4.16042e-08 5.45822e-08
-3 3.7 0.206526 -0.156021 0.206526 -0.156021 0.206526 -0.156021 4.28229e-08 4.14919e-08 7.74104e-08
-3 3.8 0.257099 -0.00274395 0.257099 -0.00274395 0.257099 -0.00274394 2.66071e-08 4.13127e-08 5.94948e-08
-3 3.9 0.20502 0.152505 0.20502 0.152505 0.20502 0.152505 8.58069e-08 4.10742e-08 6.57653e-08
-3 4 0.0672035 0.244924 0.0672035 0.244924 0.0672034 0.244924 2.86908e-08 4.07869e-08 2.80119e-08
-3 4.1 -0.100191 0.231687 -0.100191 0.231687 -0.100191 0.231687 3.27427e-08 4.04625e-08 7.79262e-09
-3 4.2 -0.223064 0.114686 -0.223064 0.114686 -0.223064 0.114686 3.5325e-08 4.01126e-08 6.2368e-08
-3 4.3 -0.242925 -0.0553375 -0.242925 -0.0553375 -0.242925 -0.0553375 4.02109e-08 3.97478e-08 2.92743e-09
-3 4.4 -0.147245 -0.198812 -0.147245 -0.198812 -0.147245 -0.198812 3.18541e-08 3.93779e-08 4.64477e-08
-3 4.5 0.0200557 -0.244759 0.0200557 -0.244759 0.0200557 -0.244759 4.76118e-08 3.90108e-08 5.56202e-08
-3 4.6 0.17656 -0.167969 0.17656 -0.167969 0.17656 -0.167969 7.61419e-08 3.86533e-08 8.34019e-08
-3 4.7 0.241695 -0.00557569 0.241695 -0.00557569 0.241695 -0.00557569 3.36289e-08 3.83105e-08 1.40545e-08
-3 4.8 0.179845 0.158603 0.179845 0.158603 0.179845 0.158603 1.0284e-07 3.79864e-08 1.00958e-07
-3 4.9 0.0223989 0.236745 0.0223989 0.236745 0.0223989 0.236745 4.69392e-08 3.76836e-08 3.26097e-08
-3 5 -0.145883 0.185275 -0.145883 0.185275 -0.145883 0.185275 1.67807e-08 3.74037e-08 4.143e-08
-2.9 -5 -0.00665896 0.236425 -0.00665896 0.236425 -0.00665896 0.236425 2.27771e-08 3.70764e-08 4.22964e-08
-2.9 -4.9 0.161172 0.175914 0.161172 0.175914 0.161172 0.175914 3.14286e-08 3.73231e-08 3.04574e-08
-2.9 -4.8 0.240142 0.0160268 0.240142 0.0160268 0.240142 0.0160268 6.40741e-08 3.75944e-08 4.81615e-08
-2.9 -4.7 0.187539 -0.154182 0.187539 -0.154182 0.187539 -0.154182 3.1899e-08 3.78903e-08 2.66478e-08
-2.9 -4.6 0.0332242 -0.24262 0.0332242 -0.24262 0.0332242 -0.24262 7.14066e-08 3.82097e-08 8.41991e-08
-2.9 -4.5 -0.139849 -0.203553 -0.139849 -0.203553 -0.139849 -0.203553 1.79432e-08 3.85506e-08 4.99997e-08
-2.9 -4.4 -0.241883 -0.0591328 -0.241882 -0.0591328 -0.241882 -0.0591328 1.23968e-08 3.89094e-08 4.71492e-08
-2.9 -4.3 -0.222656 0.115849 -0.222656 0.115849 -0.222656 0.115849 2.81566e-08 3.92814e-08 6.44183e-08
-2.9 -4.2 -0.0941861 0.234716 -0.0941861 0.234716 -0.0941861 0.234716 3.60406e-08 3.96602e-08 5.54268e-08
-2.9 -4.1 0.0794357 0.242049 0.0794357 0.242049 0.0794357 0.242049 1.9252e-08 4.00377e-08 2.27729e-08
-2.9 -4 0.216467 0.137641 0.216467 0.137641 0.216467 0.137641 4.17136e-08 4.04041e-08 5.05496e-08
-2.9 -3.9 0.256708 -0.0280552 0.256708 -0.0280552 0.256708 -0.0280552 2.46396e-08 4.07484e-08 4.93875e-08
-2.9 -3.8 0.186388 -0.181176 0.186388 -0.181176 0.186388 -0.181176 3.28696e-08 4.10582e-08 6.02514e-08
-2.9 -3.7 0.0393209 -0.258695 0.0393209 -0.258695 0.0393209 -0.258695 6.25548e-08 4.13209e-08 1.01821e-07
-2.9 -3.6 -0.122505 -0.233312 -0.122505 -0.233312 -0.122505 -0.233312 3.637e-08 4.15243e-08 3.54288e-08
-2.9 -3.5 -0.23703 -0.119827 -0.23703 -0.119827 -0.23703 -0.119827 3.30738e-08 4.16592e-08 2.95335e-08
-2.9 -3.4 -0.265581 0.0361853 -0.265581 0.0361852 -0.265581 0.0361852 2.71867e-08 4.17209e-08 6.66446e-08
-2.9 -3.3 -0.203254 0.179218 -0.203254 0.179218 -0.203254 0.179218 5.78959e-08 4.17126e-08 9.09512e-08
-2.9 -3.2 -0.0752393 0.264086 -0.0752393 0.264086 -0.0752393 0.264086 3.60732e-08 4.16476e-08 5.75553e-08
-2.9 -3.1 0.0761043 0.268434 0.0761042 0.268434 0.0761042 0.268434 1.69651e-08 4.15508e-08 2.87287e-08
-2.9 -3 0.206581 0.195387 0.206581 0.195387 0.206581 0.195387 2.79142e-08 4.14575e-08 4.36684e-08
-2.9 -2.9 0.282474 0.0683432 0.282474 0.0683432 0.282474 0.0683433 1.92188e-08 4.14091e-08 5.13462e-08
-2.9 -2.8 0.287334 -0.078275 0.287334 -0.078275 0.287334 -0.078275 2.44331e-08 4.14448e-08 6.45199e-08
-2.9 -2.7 0.223233 -0.208912 0.223233 -0.208912 0.223233 -0.208912 2.68653e-08 4.15927e-08 6.08007e-08
-2.9 -2.6 0.107684 -0.295164 0.107684 -0.295164 0.107684 -0.295164 6.48742e-08 4.18598e-08 4.40955e-08
-2.9 -2.5 -0.0323092 -0.321246 -0.0323092 -0.321246 -0.0323092 -0.321246 3.08837e-08 4.22264e-08 4.88789e-08
-2.9 -2.4 -0.167589 -0.285974 -0.167589 -0.285974 -0.167589 -0.285974 3.22019e-08 4.26426e-08 6.54629e-08
-2.9 -2.3 -0.273914 -0.201052 -0.273914 -0.201052 -0.273914 -0.201052 3.33957e-08 4.30279e-08 6.12852e-08
-2.9 -2.2 -0.336982 -0.0862078 -0.336982 -0.0862078 -0.336982 -0.0862078 2.12954e-08 4.32736e-08 6.43383e-08
-2.9 -2.1 -0.354022 0.0372734 -0.354022 0.0372734 -0.354022 0.0372734 1.1094e-08 4.32477e-08 3.66567e-08
-2.9 -2 -0.331673 0.152407 -0.331673 0.152407 -0.331673 0.152407 1.65407e-08 4.28122e-08 4.08995e-08
-2.9 -1.9 -0.281313 0.24978 -0.281313 0.24978 -0.281313 0.24978 3.80498e-08 4.18589e-08 7.9547e-08
-2.9 -1.8 -0.213965 0.327382 -0.213965 0.327382 -0.213965 0.327382 3.3472e-08 4.03676e-08 1.09157e-08
-2.9 -1.7 -0.136932 0.387732 -0.136932 0.387732 -0.136932 0.387732 3.60917e-08 3.84596e-08 5.58971e-08
-2.9 -1.6 -0.0532431 0.434145 -0.0532432 0.434145 -0.0532432 0.434145 4.2347e-08 3.63934e-08 2.20947e-08
-2.9 -1.5 0.0365062 0.468132 0.0365062 0.468132 0.0365062 0.468132 2.84737e-08 3.44651e-08 3.98933e-08
-2.9 -1.4 0.131431 0.489021 0.131431 0.48902 0.131431 0.48902 2.56763e-08 3.28616e-08 4.36101e-08
-2.9 -1.3 0.228485 0.495558 0.228485 0.495558 0.228485 0.495558 2.73378e-08 3.15711e-08 5.36719e-08
-2.9 -1.2 0.322435 0.48824 0.322435 0.48824 0.322435 0.48824 1.13923e-08 3.03994e-08 3.29539e-08
-2.9 -1.1 0.407516 0.470864 0.407516 0.470864 0.407516 0.470864 1.23518e-08 2.90474e-08 1.66994e-08
-2.9 -1 0.479741 0.450413 0.479741 0.450413 0.479741 0.450413 9.0416e-09 2.71913e-08 2.6654e-08
-2.9 -0.9 0.538543 0.435315 0.538543 0.435315 0.538543 0.435315 9.14758e-09 2.45582e-08 2.34659e-08
-2.9 -0.8 0.586946 0.432926 0.586946 0.432926 0.586946 0.432926 2.81276e-08 2.10269e-08 4.21312e-08
-2.9 -0.7 0.630187 0.447349 0.630187 0.447349 0.630187 0.447349 9.88775e-09 1.6764e-08 2.06297e-08
-2.9 -0.6 0.673476 0.478412 0.673476 0.478412 0.673476 0.478412 1.39016e-08 1.23512e-08 1.00641e-08
-2.9 -0.5 0.719847 0.522014 0.719847 0.522014 0.719847 0.522014 8.98312e-09 8.87467e-09 3.41045e-10
-2.9 -0.4 0.768918 0.571489 0.768918 0.571489 0.768918 0.571489 4.19815e-09 7.68456e-09 8.61661e-09
-2.9 -0.3 0.816938 0.61934 0.816938 0.61934 0.816938 0.61934 1.77194e-08 8.67363e-09 1.05409e-08
-2.9 -0.2 0.857969 0.658742 0.857969 0.658742 0.857969 0.658742 1.80884e-08 1.02293e-08 2.82424e-08
-2.9 -0.1 0.885749 0.684494 0.885749 0.684494 0.885749 0.684494 1.84843e-08 1.13704e-08 7.20045e-09
-2.9 -1.02696e-15 0.895586 0.693429 0.895586 0.693429 0.895586 0.693429 2.77041e-09 1.1774e-08 9.04187e-09
-2.9 0.1 0.885749 0.684494 0.885749 0.684494 0.885749 0.684494 1.84843e-08 1.13704e-08 7.20045e-09
-2.9 0.2 0.857969 0.658742 0.857969 0.658742 0.857969 0.658742 1.80884e-08 1.02293e-08 2.82424e-08
-2.9 0.3 0.816938 0.61934 0.816938 0.61934 0.816938 0.61934 1.77194e-08 8.67364e-09 1.05409e-08
-2.9 0.4 0.768918 0.571489 0.768918 0.571489 0.768918 0.571489 4.19813e-09 7.68457e-09 8.61662e-09
-2.9 0.5 0.719847 0.522014 0.719847 0.522014 0.719847 0.522014 8.98312e-09 8.87468e-09 3.41045e-10
-2.9 0.6 0.673476 0.478412 0.673476 0.478412 0.673476 0.478412 1.39017e-08 1.23512e-08 1.00641e-08
-2.9 0.7 0.630187 0.447349 0.630187 0.447349 0.630187 0.447349 9.88775e-09 1.6764e-08 2.06297e-08
-2.9 0.8 0.586946 0.432926 0.586946 0.432926 0.586946 0.432926 2.81276e-08 2.10269e-08 4.21313e-08
-2.9 0.9 0.538543 0.435315 0.538543 0.435315 0.538543 0.435315 9.14757e-09 2.45582e-08 2.34659e-08
-2.9 1 0.479741 0.450413 0.479741 0.450413 0.479741 0.450413 9.04162e-09 2.71913e-08 2.6654e-08
-2.9 1.1 0.407516 0.470864 0.407516 0.470864 0.407516 0.470864 1.23518e-08 2.90474e-08 1.66994e-08
-2.9 1.2 0.322435 0.48824 0.322435 0.48824 0.322435 0.48824 1.13923e-08 3.03994e-08 3.29539e-08
-2.9 1.3 0.228485 0.495558 0.228485 0.495558 0.228485 0.495558 2.73378e-08 3.15711e-08 5.36719e-08
-2.9 1.4 0.131431 0.489021 0.131431 0.48902 0.131431 0.48902 2.56763e-08 3.28616e-08 4.36101e-08
-2.9 1.5 0.0365062 0.468132 0.0365062 0.468132 0.0365062 0.468132 2.84737e-08 3.44651e-08 3.98933e-08
-2.9 1.6 -0.0532431 0.434145 -0.0532432 0.434145 -0.0532432 0.434145 4.2347e-08 3.63934e-08 2.20947e-08
-2.9 1.7 -0.136932 0.387732 -0.136932 0.387732 -0.136932 0.387732 3.60917e-08 3.84596e-08 5.58971e-08
-2.9 1.8 -0.213965 0.327382 -0.213965 0.327382 -0.213965 0.327382 3.3472e-08 4.03676e-08 1.09157e-08
-2.9 1.9 -0.281313 0.24978 -0.281313 0.24978 -0.281313 0.24978 3.80498e-08 4.18589e-08 7.9547e-08
-2.9 2 -0.331673 0.152407 -0.331673 0.152407 -0.331673 0.152407 1.65407e-08 4.28122e-08 4.08995e-08
-2.9 2.1 -0.354022 0.0372734 -0.354022 0.0372734 -0.354022 0.0372734 1.1094e-08 4.32477e-08 3.66567e-08
-2.9 2.2 -0.336982 -0.0862078 -0.336982 -0.0862078 -0.336982 -0.0862078 2.12954e-08 4.32735e-08 6.43383e-08
-2.9 2.3 -0.273914 -0.201052 -0.273914 -0.201052 -0.273914 -0.201052 3.33957e-08 4.30279e-08 6.12852e-08
-2.9 2.4 -0.167589 -0.285974 -0.167589 -0.285974 -0.167589 -0.285974 3.22018e-08 4.26426e-08 6.54629e-08
-2.9 2.5 -0.0323092 -0.321246 -0.0323092 -0.321246 -0.0323092 -0.321246 3.08836e-08 4.22265e-08 4.88789e-08
-2.9 2.6 0.107684 -0.295164 0.107684 -0.295164 0.107684 -0.295164 6.48743e-08 4.18599e-08 4.40955e-08
-2.9 2.7 0.223233 -0.208912 0.223233 -0.208912 0.223233 -0.208912 2.68653e-08 4.15927e-08 6.08007e-08
-2.9 2.8 0.287334 -0.078275 0.287334 -0.078275 0.287334 -0.078275 2.44331e-08 4.14448e-08 6.45199e-08
-2.9 2.9 0.282474 0.0683432 0.282474 0.0683432 0.282474 0.0683433 1.92188e-08 4.14091e-08 5.13462e-08
-2.9 3 0.206581 0.195387 0.206581 0.195387 0.206581 0.195387 2.79142e-08 4.14575e-08 4.36684e-08
-2.9 3.1 0.0761043 0.268434 0.0761042 0.268434 0.0761042 0.268434 1.6965e-08 4.15508e-08 2.87287e-08
-2.9 3.2 -0.0752393 0.264086 -0.0752393 0.264086 -0.0752393 0.264086 3.60732e-08 4.16476e-08 5.75553e-08
-2.9 3.3 -0.203254 0.179218 -0.203254 0.179218 -0.203254 0.179218 5.78959e-08 4.17126e-08 9.09512e-08
-2.9 3.4 -0.265581 0.0361853 -0.265581 0.0361852 -0.265581 0.0361852 2.71867e-08 4.17209e-08 6.66446e-08
-2.9 3.5 -0.23703 -0.119827 -0.23703 -0.119827 -0.23703 -0.119827 3.30738e-08 4.16592e-08 2.95335e-08
-2.9 3.6 -0.122505 -0.233312 -0.122505 -0.233312 -0.122505 -0.233312 3.637e-08 4.15243e-08 3.54288e-08
-2.9 3.7 0.0393209 -0.258695 0.0393209 -0.258695 0.0393209 -0.258695 6.25548e-08 4.13209e-08 1.01821e-07
-2.9 3.8 0.186388 -0.181176 0.186388 -0.181176 0.186388 -0.181176 3.28696e-08 4.10582e-08 6.02514e-08
-2.9 3.9 0.256708 -0.0280552 0.256708 -0.0280552 0.256708 -0.0280552 2.46396e-08 4.07484e-08 4.93875e-08
-2.9 4 0.216467 0.137641 0.216467 0.137641 0.216467 0.137641 4.17136e-08 4.04041e-08 5.05495e-08
-2.9 4.1 0.0794357 0.242049 0.0794357 0.242049 0.0794357 0.242049 1.9252e-08 4.00376e-08 2.27729e-08
-2.9 4.2 -0.0941861 0.234716 -0.0941861 0.234716 -0.0941861 0.234716 3.60406e-08 3.96602e-08 5.54268e-08
-2.9 4.3 -0.222656 0.115849 -0.222656 0.115849 -0.222656 0.115849 2.81566e-08 3.92814e-08 6.44183e-08
-2.9 4.4 -0.241883 -0.0591328 -0.241882 -0.0591328 -0.241882 -0.0591328 1.23968e-08 3.89094e-08 4.71492e-08
-2.9 4.5 -0.139849 -0.203553 -0.139849 -0.203553 -0.139849 -0.203553 1.79432e-08 3.85506e-08 4.99997e-08
-2.9 4.6 0.0332242 -0.24262 0.0332242 -0.24262 0.0332242 -0.24262 7.14066e-08 3.82097e-08 8.41991e-08
-2.9 4.7 0.187539 -0.154182 0.187539 -0.154182 0.187539 -0.154182 3.18991e-08 3.78903e-08 2.66478e-08
-2.9 4.8 0.240142 0.0160268 0.240142 0.0160268 0.240142 0.0160268 6.40741e-08 3.75944e-08 4.81614e-08
-2.9 4.9 0.161172 0.175914 0.161172 0.175914 0.161172 0.175914 3.14286e-08 3.73231e-08 3.04574e-08
-2.9 5 -0.00665896 0.236425 -0.00665896 0.236425 -0.00665896 0.236425 2.27772e-08 3.70764e-08 4.22964e-08
-2.8 -5 0.134071 0.195667 0.134071 0.195667 0.134071 0.195667 2.58829e-08 3.68031e-08 3.88534e-08
-2.8 -4.9 0.234908 0.0455873 0.234908 0.0455873 0.234908 0.0455873 4.60205e-08 3.7015e-08 7.15051e-08
-2.8 -4.8 0.202025 -0.132216 0.202025 -0.132216 0.202024 -0.132216 2.42625e-08 3.72511e-08 5.99287e-08
-2.8 -4.7 0.0549867 -0.237353 0.0549867 -0.237353 0.0549867 -0.237353 4.58929e-08 3.75126e-08 7.08973e-08
-2.8 -4.6 -0.123889 -0.212369 -0.123889 -0.212369 -0.123889 -0.212369 5.55617e-08 3.78001e-08 7.16319e-08
-2.8 -4.5 -0.237366 -0.0721883 -0.237366 -0.0721883 -0.237366 -0.0721883 6.98528e-08 3.81131e-08 3.44764e-08
-2.8 -4.4 -0.226112 0.107419 -0.226112 0.107419 -0.226112 0.107418 3.292e-08 3.84502e-08 6.57366e-08
-2.8 -4.3 -0.0978201 0.23282 -0.0978201 0.23282 -0.0978201 0.23282 7.4088e-08 3.88084e-08 6.35461e-08
-2.8 -4.2 0.0806121 0.241602 0.0806121 0.241602 0.0806121 0.241602 3.03191e-08 3.91834e-08 5.26245e-08
-2.8 -4.1 0.220351 0.131868 0.220351 0.131868 0.220351 0.131868 3.78353e-08 3.95693e-08 3.68001e-08
-2.8 -4 0.25555 -0.04104 0.25555 -0.04104 0.25555 -0.04104 4.10602e-08 3.9958e-08 7.54654e-08
-2.8 -3.9 0.172879 -0.195244 0.172879 -0.195244 0.172879 -0.195244 2.69415e-08 4.03399e-08 6.44726e-08
-2.8 -3.8 0.0132081 -0.26235 0.0132081 -0.26235 0.0132081 -0.26235 4.31811e-08 4.07036e-08 7.30657e-08
-2.8 -3.7 -0.151745 -0.216706 -0.151745 -0.216706 -0.151745 -0.216706 2.9449e-08 4.10359e-08 4.29551e-08
-2.8 -3.6 -0.253522 -0.0819891 -0.253522 -0.0819891 -0.253522 -0.0819891 7.93183e-09 4.13232e-08 4.59734e-08
-2.8 -3.5 -0.254874 0.0843077 -0.254874 0.0843077 -0.254874 0.0843077 2.73349e-08 4.15519e-08 5.86208e-08
-2.8 -3.4 -0.160517 0.217951 -0.160517 0.217951 -0.160517 0.217951 6.08482e-08 4.17107e-08 2.67157e-08
-2.8 -3.3 -0.0094654 0.273104 -0.00946541 0.273104 -0.0094654 0.273104 1.58398e-08 4.17929e-08 5.35427e-08
-2.8 -3.2 0.144111 0.235835 0.144111 0.235835 0.144111 0.235835 6.65664e-08 4.17995e-08 8.77749e-08
-2.8 -3.1 0.251497 0.123516 0.251497 0.123516 0.251497 0.123516 7.06232e-08 4.17423e-08 7.37238e-08
-2.8 -3 0.283668 -0.0260603 0.283668 -0.0260603 0.283668 -0.0260603 4.95411e-08 4.16454e-08 9.17496e-09
-2.8 -2.9 0.236099 -0.169287 0.236099 -0.169287 0.236099 -0.169287 5.25147e-08 4.15449e-08 8.98439e-08
-2.8 -2.8 0.125507 -0.269413 0.125507 -0.269413 0.125507 -0.269413 7.57341e-09 4.1484e-08 4.34784e-08
-2.8 -2.7 -0.0180234 -0.30437 -0.0180234 -0.30437 -0.0180234 -0.30437 5.03011e-08 4.15043e-08 7.5236e-08
-2.8 -2.6 -0.160167 -0.269427 -0.160167 -0.269427 -0.160167 -0.269427 1.43485e-08 4.16351e-08 4.2343e-08
-2.8 -2.5 -0.27056 -0.17563 -0.27056 -0.17563 -0.27056 -0.17563 1.14787e-08 4.18826e-08 3.63859e-08
-2.8 -2.4 -0.328868 -0.045247 -0.328868 -0.045247 -0.328868 -0.045247 2.54913e-08 4.22227e-08 3.38601e-08
-2.8 -2.3 -0.327952 0.0946424 -0.327952 0.0946423 -0.327952 0.0946423 1.08373e-08 4.25977e-08 3.30432e-08
-2.8 -2.2 -0.27363 0.21902 -0.27363 0.21902 -0.27363 0.21902 1.5305e-08 4.2916e-08 5.02062e-08
-2.8 -2.1 -0.181132 0.310548 -0.181132 0.310548 -0.181132 0.310548 5.93437e-08 4.30552e-08 7.55057e-08
-2.8 -2 -0.0693559 0.362314 -0.0693559 0.362314 -0.0693559 0.362314 1.78113e-08 4.28716e-08 2.90788e-08
-2.8 -1.9 0.0450411 0.376952 0.045041 0.376952 0.0450411 0.376952 3.45676e-08 4.22235e-08 9.94906e-09
-2.8 -1.8 0.151576 0.362824 0.151576 0.362824 0.151576 0.362824 2.12273e-08 4.10197e-08 6.07013e-08
-2.8 -1.7 0.246653 0.329184 0.246653 0.329184 0.246653 0.329184 6.44886e-08 3.92848e-08 9.3314e-08
-2.8 -1.6 0.331355 0.282524 0.331355 0.282524 0.331355 0.282524 4.29588e-09 3.72024e-08 3.91933e-08
-2.8 -1.5 0.407935 0.225521 0.407935 0.225521 0.407935 0.225521 5.01909e-09 3.50722e-08 3.88007e-08
-2.8 -1.4 0.477044 0.158527 0.477044 0.158527 0.477044 0.158527 3.51636e-08 3.31722e-08 6.55682e-08
-2.8 -1.3 0.53703 0.0822447 0.53703 0.0822447 0.53703 0.0822447 3.06707e-08 3.16123e-08 5.92466e-08
-2.8 -1.2 0.585334 -0.000158592 0.585334 -0.000158585 0.585334 -0.000158589 6.24044e-09 3.02854e-08 2.96259e-08
-2.8 -1.1 0.620875 -0.082704 0.620875 -0.082704 0.620875 -0.082704 1.12082e-08 2.89251e-08 3.99886e-08
-2.8 -1 0.645881 -0.158108 0.645881 -0.158108 0.645881 -0.158108 4.38752e-09 2.71987e-08 2.31933e-08
-2.8 -0.9 0.666089 -0.220215 0.666089 -0.220215 0.666089 -0.220215 6.92601e-09 2.47953e-08 1.81893e-08
-2.8 -0.8 0.689167 -0.266039 0.689167 -0.266039 0.689167 -0.266039 1.66277e-08 2.15233e-08 1.95434e-08
-2.8 -0.7 0.722121 -0.296464 0.722121 -0.296464 0.722121 -0.296464 1.70541e-08 1.7444e-08 2.99173e-08
-2.8 -0.6 0.768801 -0.31537 0.768801 -0.31537 0.768801 -0.31537 1.48064e-08 1.30202e-08 1.60958e-08
-2.8 -0.5 0.828489 -0.327749 0.828489 -0.327749 0.828489 -0.327749 1.5257e-08 9.24347e-09 9.8152e-09
-2.8 -0.4 0.895955 -0.337722 0.895955 -0.337722 0.895955 -0.337722 1.17364e-08 7.56739e-09 1.21429e-08
-2.8 -0.3 0.962791 -0.347288 0.962791 -0.347288 0.962791 -0.347288 1.00446e-08 8.32901e-09 1.54805e-08
-2.8 -0.2 1.01945 -0.356183 1.01945 -0.356183 1.01945 -0.356183 1.18667e-08 9.90897e-09 8.32571e-09
-2.8 -0.1 1.05738 -0.362733 1.05738 -0.362733 1.05738 -0.362733 1.27979e-08 1.1117e-08 6.44132e-09
-2.8 -1.02696e-15 1.07071 -0.365162 1.07071 -0.365162 1.07071 -0.365162 9.64944e-09 1.15487e-08 3.84921e-09
-2.8 0.1 1.05738 -0.362733 1.05738 -0.362733 1.05738 -0.362733 1.27979e-08 1.1117e-08 6.44132e-09
-2.8 0.2 1.01945 -0.356183 1.01945 -0.356183 1.01945 -0.356183 1.18667e-08 9.90898e-09 8.32571e-09
-2.8 0.3 0.962791 -0.347288 0.962791 -0.347288 0.962791 -0.347288 1.00446e-08 8.32901e-09 1.54806e-08
-2.8 0.4 0.895955 -0.337722 0.895955 -0.337722 0.895955 -0.337722 1.17364e-08 7.5674e-09 1.21429e-08
-2.8 0.5 0.828489 -0.327749 0.828489 -0.327749 0.828489 -0.327749 1.5257e-08 9.24347e-09 9.81517e-09
-2.8 0.6 0.768801 -0.31537 0.768801 -0.31537 0.768801 -0.31537 1.48064e-08 1.30202e-08 1.60958e-08
-2.8 0.7 0.722121 -0.296464 0.722121 -0.296464 0.722121 -0.296464 1.70541e-08 1.7444e-08 2.99173e-08
-2.8 0.8 0.689167 -0.266039 0.689167 -0.266039 0.689167 -0.266039 1.66277e-08 2.15233e-08 1.95434e-08
-2.8 0.9 0.666089 -0.220215 0.666089 -0.220215 0.666089 -0.220215 6.92601e-09 2.47953e-08 1.81893e-08
-2.8 1 0.645881 -0.158108 0.645881 -0.158108 0.645881 -0.158108 4.38751e-09 2.71987e-08 2.31933e-08
-2.8 1.1 0.620875 -0.082704 0.620875 -0.082704 0.620875 -0.082704 1.12082e-08 2.89251e-08 3.99886e-08
-2.8 1.2 0.585334 -0.000158592 0.585334 -0.000158585 0.585334 -0.000158589 6.24043e-09 3.02854e-08 2.96259e-08
-2.8 1.3 0.53703 0.0822447 0.53703 0.0822447 0.53703 0.0822447 3.06707e-08 3.16123e-08 5.92466e-08
-2.8 1.4 0.477044 0.158527 0.477044 0.158527 0.477044 0.158527 3.51636e-08 3.31722e-08 6.55682e-08
-2.8 1.5 0.407935 0.225521 0.407935 0.225521 0.407935 0.225521 5.01908e-09 3.50722e-08 3.88007e-08
-2.8 1.6 0.331355 0.282524 0.331355 0.282524 0.331355 0.282524 4.29589e-09 3.72024e-08 3.91933e-08
-2.8 1.7 0.246653 0.329184 0.246653 0.329184 0.246653 0.329184 6.44886e-08 3.92848e-08 9.3314e-08
-2.8 1.8 0.151576 0.362824 0.151576 0.362824 0.151576 0.362824 2.12273e-08 4.10197e-08 6.07013e-08
-2.8 1.9 0.0450411 0.376952 0.045041 0.376952 0.0450411 0.376952 3.45676e-08 4.22235e-08 9.94906e-09
-2.8 2 -0.0693559 0.362314 -0.0693559 0.362314 -0.0693559 0.362314 1.78113e-08 4.28716e-08 2.90788e-08
-2.8 2.1 -0.181132 0.310548 -0.181132 0.310548 -0.181132 0.310548 5.93437e-08 4.30552e-08 7.55057e-08
-2.8 2.2 -0.27363 0.21902 -0.27363 0.21902 -0.27363 0.21902 1.5305e-08 4.2916e-08 5.02062e-08
-2.8 2.3 -0.327952 0.0946424 -0.327952 0.0946423 -0.327952 0.0946423 1.08373e-08 4.25977e-08 3.30432e-08
-2.8 2.4 -0.328868 -0.045247 -0.328868 -0.045247 -0.328868 -0.045247 2.54913e-08 4.22227e-08 3.38601e-08
-2.8 2.5 -0.27056 -0.17563 -0.27056 -0.17563 -0.27056 -0.17563 1.14787e-08 4.18826e-08 3.63859e-08
-2.8 2.6 -0.160167 -0.269427 -0.160167 -0.269427 -0.160167 -0.269427 1.43485e-08 4.16351e-08 4.2343e-08
-2.8 2.7 -0.0180234 -0.30437 -0.0180234 -0.30437 -0.0180234 -0.30437 5.03011e-08 4.15043e-08 7.5236e-08
-2.8 2.8 0.125507 -0.269413 0.125507 -0.269413 0.125507 -0.269413 7.57338e-09 4.1484e-08 4.34784e-08
-2.8 2.9 0.236099 -0.169287 0.236099 -0.169287 0.236099 -0.169287 5.25148e-08 4.15449e-08 8.98439e-08
-2.8 3 0.283668 -0.0260603 0.283668 -0.0260603 0.283668 -0.0260603 4.95412e-08 4.16454e-08 9.17496e-09
-2.8 3.1 0.251497 0.123516 0.251497 0.123516 0.251497 0.123516 7.06232e-08 4.17423e-08 7.37238e-08
-2.8 3.2 0.144111 0.235835 0.144111 0.235835 0.144111 0.235835 6.65664e-08 4.17995e-08 8.77749e-08
-2.8 3.3 -0.0094654 0.273104 -0.00946541 0.273104 -0.0094654 0.273104 1.58398e-08 4.17929e-08 5.35427e-08
-2.8 3.4 -0.160517 0.217951 -0.160517 0.217951 -0.160517 0.217951 6.08482e-08 4.17107e-08 2.67157e-08
-2.8 3.5 -0.254874 0.0843077 -0.254874 0.0843077 -0.254874 0.0843077 2.73349e-08 4.15519e-08 5.86208e-08
-2.8 3.6 -0.253522 -0.0819891 -0.253522 -0.0819891 -0.253522 -0.0819891 7.93183e-09 4.13232e-08 4.59734e-08
-2.8 3.7 -0.151745 -0.216706 -0.151745 -0.216706 -0.151745 -0.216706 2.9449e-08 4.10359e-08 4.29551e-08
-2.8 3.8 0.0132081 -0.26235 0.0132081 -0.26235 0.0132081 -0.26235 4.31811e-08 4.07036e-08 7.30657e-08
-2.8 3.9 0.172879 -0.195244 0.172879 -0.195244 0.172879 -0.195244 2.69415e-08 4.03399e-08 6.44726e-08
-2.8 4 0.25555 -0.04104 0.25555 -0.04104 0.25555 -0.04104 4.10603e-08 3.9958e-08 7.54654e-08
-2.8 4.1 0.220351 0.131868 0.220351 0.131868 0.220351 0.131868 3.78353e-08 3.95693e-08 3.68002e-08
-2.8 4.2 0.0806121 0.241602 0.0806121 0.241602 0.0806121 0.241602 3.0319e-08 3.91834e-08 5.26245e-08
-2.8 4.3 -0.0978201 0.23282 -0.0978201 0.23282 -0.0978201 0.23282 7.4088e-08 3.88084e-08 6.35461e-08
-2.8 4.4 -0.226112 0.107419 -0.226112 0.107419 -0.226112 0.107418 3.292e-08 3.84502e-08 6.57366e-08
-2.8 4.5 -0.237366 -0.0721883 -0.237366 -0.0721883 -0.237366 -0.0721883 6.98528e-08 3.81131e-08 3.44764e-08
-2.8 4.6 -0.123889 -0.212369 -0.123889 -0.212369 -0.123889 -0.212369 5.55617e-08 3.78001e-08 7.16319e-08
-2.8 4.7 0.0549867 -0.237353 0.0549867 -0.237353 0.0549867 -0.237353 4.58928e-08 3.75126e-08 7.08973e-08
-2.8 4.8 0.202025 -0.132216 0.202025 -0.132216 0.202024 -0.132216 2.42624e-08 3.72511e-08 5.99287e-08
-2.8 4.9 0.234908 0.0455873 0.234908 0.0455873 0.234908 0.0455873 4.60205e-08 3.7015e-08 7.15051e-08
-2.8 5 0.134071 0.195667 0.134071 0.195667 0.134071 0.195667 2.58829e-08 3.68031e-08 3.88534e-08
-2.7 -5 0.223365 0.0819215 0.223365 0.0819215 0.223365 0.0819215 1.04409e-07 3.65835e-08 9.5375e-08
-2.7 -4.9 0.217604 -0.101245 0.217604 -0.101245 0.217604 -0.101245 4.10294e-08 3.6763e-08 7.77347e-08
-2.7 -4.8 0.084258 -0.22704 0.084258 -0.22704 0.084258 -0.22704 2.05264e-08 3.69641e-08 3.629e-08
-2.7 -4.7 -0.09904 -0.223441 -0.09904 -0.223441 -0.09904 -0.223441 9.3361e-09 3.71891e-08 2.82324e-08
-2.7 -4.6 -0.2283 -0.0934942 -0.2283 -0.0934942 -0.2283 -0.0934942 2.33199e-08 3.74399e-08 5.38644e-08
-2.7 -4.5 -0.23236 0.0896222 -0.23236 0.0896222 -0.23236 0.0896222 3.75404e-08 3.77175e-08 7.15163e-08
-2.7 -4.4 -0.110338 0.225911 -0.110338 0.225911 -0.110338 0.225911 3.26897e-08 3.80224e-08 2.69219e-08
-2.7 -4.3 0.0713779 0.243557 0.0713779 0.243557 0.0713779 0.243557 3.38903e-08 3.83537e-08 6.09149e-09
-2.7 -4.2 0.217628 0.135143 0.217628 0.135143 0.217628 0.135143 6.44766e-08 3.87092e-08 6.82926e-08
-2.7 -4.1 0.255037 -0.0422956 0.255037 -0.0422956 0.255037 -0.0422956 3.67493e-08 3.90851e-08 6.54128e-08
-2.7 -4 0.167416 -0.199993 0.167416 -0.199993 0.167416 -0.199993 4.01854e-08 3.94761e-08 5.80681e-08
-2.7 -3.9 -0.00034022 -0.263051 -0.000340218 -0.263051 -0.000340221 -0.263051 1.60093e-08 3.98744e-08 5.08779e-08
-2.7 -3.8 -0.168326 -0.204955 -0.168326 -0.204955 -0.168326 -0.204955 1.86768e-08 4.02704e-08 4.80458e-08
-2.7 -3.7 -0.261467 -0.0556453 -0.261467 -0.0556453 -0.261467 -0.0556453 2.70124e-08 4.06525e-08 2.47774e-08
-2.7 -3.6 -0.24255 0.117228 -0.24255 0.117228 -0.24255 0.117228 5.23226e-08 4.10071e-08 9.29925e-08
-2.7 -3.5 -0.124205 0.241402 -0.124205 0.241402 -0.124205 0.241402 3.84078e-08 4.13193e-08 7.93287e-08
-2.7 -3.4 0.04219 0.270396 0.04219 0.270396 0.04219 0.270396 3.34924e-08 4.15741e-08 2.93742e-08
-2.7 -3.3 0.191875 0.198487 0.191875 0.198487 0.191875 0.198487 1.92808e-09 4.17581e-08 4.11863e-08
-2.7 -3.2 0.272948 0.0569658 0.272948 0.0569658 0.272948 0.0569658 3.02826e-08 4.18623e-08 4.57548e-08
-2.7 -3.1 0.262726 -0.102828 0.262726 -0.102828 0.262726 -0.102828 3.39921e-08 4.18852e-08 3.71066e-08
-2.7 -3 0.17025 -0.230018 0.17025 -0.230018 0.17025 -0.230018 1.07543e-07 4.18365e-08 1.35472e-07
-2.7 -2.9 0.0276574 -0.289811 0.0276574 -0.289811 0.0276573 -0.289811 6.35766e-08 4.17396e-08 3.12408e-08
-2.7 -2.8 -0.123406 -0.270316 -0.123406 -0.270316 -0.123406 -0.270316 2.51902e-08 4.16307e-08 5.01708e-08
-2.7 -2.7 -0.244506 -0.181179 -0.244506 -0.181179 -0.244506 -0.181179 2.54685e-08 4.1555e-08 3.60077e-08
-2.7 -2.6 -0.309008 -0.0471802 -0.309008 -0.0471802 -0.309008 -0.0471802 1.67188e-08 4.15563e-08 2.93045e-08
-2.7 -2.5 -0.305893 0.0999603 -0.305893 0.0999602 -0.305893 0.0999602 4.99033e-08 4.16652e-08 6.57808e-08
-2.7 -2.4 -0.239592 0.229411 -0.239592 0.229411 -0.239592 0.229411 2.09099e-08 4.18867e-08 4.44989e-08
-2.7 -2.3 -0.126838 0.317568 -0.126838 0.317568 -0.126838 0.317568 1.92591e-08 4.21916e-08 3.44568e-08
-2.7 -2.2 0.00863322 0.352135 0.00863321 0.352135 0.00863323 0.352135 6.08269e-08 4.2513e-08 9.1743e-08
-2.7 -2.1 0.142446 0.333231 0.142446 0.333231 0.142446 0.333231 3.54209e-09 4.27467e-08 4.62036e-08
-2.7 -2 0.255505 0.271214 0.255505 0.271214 0.255505 0.271214 4.17207e-08 4.27557e-08 7.9923e-08
-2.7 -1.9 0.33768 0.181857 0.33768 0.181857 0.33768 0.181857 2.39474e-08 4.23852e-08 3.47386e-08
-2.7 -1.8 0.388114 0.0806346 0.388113 0.0806346 0.388114 0.0806346 5.35467e-08 4.14957e-08 3.96979e-08
-2.7 -1.7 0.412347 -0.0216799 0.412347 -0.0216799 0.412347 -0.0216799 1.04424e-08 4.00238e-08 4.98947e-08
-2.7 -1.6 0.417851 -0.120516 0.417851 -0.120516 0.417851 -0.120516 1.63029e-08 3.80509e-08 4.69094e-08
-2.7 -1.5 0.410204 -0.215957 0.410204 -0.215957 0.410204 -0.215957 6.19869e-09 3.58234e-08 3.32343e-08
-2.7 -1.4 0.391586 -0.309491 0.391586 -0.309491 0.391586 -0.309491 3.49463e-08 3.36634e-08 3.48225e-08
-2.7 -1.3 0.361893 -0.401075 0.361893 -0.401075 0.361893 -0.401075 7.57838e-09 3.18005e-08 3.03921e-08
-2.7 -1.2 0.321345 -0.488078 0.321345 -0.488078 0.321345 -0.488078 2.65324e-08 3.02479e-08 4.96962e-08
-2.7 -1.1 0.272826 -0.566418 0.272826 -0.566418 0.272826 -0.566418 3.43233e-08 2.88052e-08 6.05702e-08
-2.7 -1 0.222548 -0.632954 0.222548 -0.632954 0.222548 -0.632954 1.83716e-08 2.71495e-08 3.49296e-08
-2.7 -0.9 0.178719 -0.687585 0.178719 -0.687585 0.178719 -0.687585 1.02047e-08 2.49408e-08 2.75253e-08
-2.7 -0.8 0.148974 -0.73383 0.148974 -0.73383 0.148974 -0.73383 2.24694e-08 2.1925e-08 7.81654e-10
-2.7 -0.7 0.137887 -0.777567 0.137887 -0.777567 0.137887 -0.777567 7.96674e-09 1.80631e-08 2.50434e-08
-2.7 -0.6 0.14566 -0.824549 0.14566 -0.824549 0.145659 -0.824549 9.87985e-09 1.36911e-08 1.94167e-08
-2.7 -0.5 0.168399 -0.877866 0.168399 -0.877866 0.168399 -0.877866 1.07097e-08 9.68143e-09 1.57197e-08
-2.7 -0.4 0.199619 -0.936421 0.199619 -0.936421 0.199619 -0.936421 1.07457e-08 7.51248e-09 1.77863e-08
-2.7 -0.3 0.232173 -0.994968 0.232173 -0.994968 0.232173 -0.994968 2.17748e-08 7.9771e-09 2.82731e-08
-2.7 -0.2 0.259831 -1.0456 0.259831 -1.0456 0.259831 -1.0456 9.40803e-09 9.56179e-09 4.52689e-09
-2.7 -0.1 0.278124 -1.0801 0.278124 -1.0801 0.278124 -1.0801 1.11916e-08 1.08395e-08 3.76096e-09
-2.7 -1.02696e-15 0.284494 -1.09235 0.284494 -1.09235 0.284494 -1.09235 1.29548e-08 1.1302e-08 1.16468e-08
-2.7 0.1 0.278124 -1.0801 0.278124 -1.0801 0.278124 -1.0801 1.11916e-08 1.08395e-08 3.76097e-09
-2.7 0.2 0.259831 -1.0456 0.259831 -1.0456 0.259831 -1.0456 9.40802e-09 9.56179e-09 4.5269e-09
-2.7 0.3 0.232173 -0.994968 0.232173 -0.994968 0.232173 -0.994968 2.17748e-08 7.9771e-09 2.82731e-08
-2.7 0.4 0.199619 -0.936421 0.199619 -0.936421 0.199619 -0.936421 1.07457e-08 7.51248e-09 1.77863e-08
-2.7 0.5 0.168399 -0.877866 0.168399 -0.877866 0.168399 -0.877866 1.07097e-08 9.68143e-09 1.57197e-08
-2.7 0.6 0.14566 -0.824549 0.14566 -0.824549 0.145659 -0.824549 9.87985e-09 1.36912e-08 1.94167e-08
-2.7 0.7 0.137887 -0.777567 0.137887 -0.777567 0.137887 -0.777567 7.96674e-09 1.80631e-08 2.50435e-08
-2.7 0.8 0.148974 -0.73383 0.148974 -0.73383 0.148974 -0.73383 2.24694e-08 2.1925e-08 7.81661e-10
-2.7 0.9 0.178719 -0.687585 0.178719 -0.687585 0.178719 -0.687585 1.02047e-08 2.49408e-08 2.75253e-08
-2.7 1 0.222548 -0.632954 0.222548 -0.632954 0.222548 -0.632954 1.83716e-08 2.71495e-08 3.49296e-08
-2.7 1.1 0.272826 -0.566418 0.272826 -0.566418 0.272826 -0.566418 3.43233e-08 2.88052e-08 6.05702e-08
-2.7 1.2 0.321345 -0.488078 0.321345 -0.488078 0.321345 -0.488078 2.65324e-08 3.02479e-08 4.96961e-08
-2.7 1.3 0.361893 -0.401075 0.361893 -0.401075 0.361893 -0.401075 7.57837e-09 3.18005e-08 3.0392e-08
-2.7 1.4 0.391586 -0.309491 0.391586 -0.309491 0.391586 -0.309491 3.49463e-08 3.36635e-08 3.48225e-08
-2.7 1.5 0.410204 -0.215957 0.410204 -0.215957 0.410204 -0.215957 6.19871e-09 3.58234e-08 3.32343e-08
-2.7 1.6 0.417851 -0.120516 0.417851 -0.120516 0.417851 -0.120516 1.63028e-08 3.80509e-08 4.69094e-08
-2.7 1.7 0.412347 -0.0216799 0.412347 -0.0216799 0.412347 -0.0216799 1.04424e-08 4.00237e-08 4.98947e-08
-2.7 1.8 0.388114 0.0806346 0.388113 0.0806346 0.388114 0.0806346 5.35467e-08 4.14957e-08 3.96979e-08
-2.7 1.9 0.33768 0.181857 0.33768 0.181857 0.33768 0.181857 2.39474e-08 4.23852e-08 3.47386e-08
-2.7 2 0.255505 0.271214 0.255505 0.271214 0.255505 0.271214 4.17207e-08 4.27557e-08 7.9923e-08
-2.7 2.1 0.142446 0.333231 0.142446 0.333231 0.142446 0.333231 3.54209e-09 4.27467e-08 4.62036e-08
-2.7 2.2 0.00863322 0.352135 0.00863321 0.352135 0.00863323 0.352135 6.08269e-08 4.2513e-08 9.1743e-08
-2.7 2.3 -0.126838 0.317568 -0.126838 0.317568 -0.126838 0.317568 1.92591e-08 4.21916e-08 3.44568e-08
-2.7 2.4 -0.239592 0.229411 -0.239592 0.229411 -0.239592 0.229411 2.09099e-08 4.18867e-08 4.44989e-08
-2.7 2.5 -0.305893 0.0999603 -0.305893 0.0999602 -0.305893 0.0999602 4.99034e-08 4.16652e-08 6.57808e-08
-2.7 2.6 -0.309008 -0.0471802 -0.309008 -0.0471802 -0.309008 -0.0471802 1.67188e-08 4.15563e-08 2.93045e-08
-2.7 2.7 -0.244506 -0.181179 -0.244506 -0.181179 -0.244506 -0.181179 2.54684e-08 4.1555e-08 3.60077e-08
-2.7 2.8 -0.123406 -0.270316 -0.123406 -0.270316 -0.123406 -0.270316 2.51902e-08 4.16307e-08 5.01708e-08
-2.7 2.9 0.0276574 -0.289811 0.0276574 -0.289811 0.0276573 -0.289811 6.35766e-08 4.17396e-08 3.12408e-08
-2.7 3 0.17025 -0.230018 0.17025 -0.230018 0.17025 -0.230018 1.07543e-07 4.18365e-08 1.35472e-07
-2.7 3.1 0.262726 -0.102828 0.262726 -0.102828 0.262726 -0.102828 3.39921e-08 4.18852e-08 3.71066e-08
-2.7 3.2 0.272948 0.0569658 0.272948 0.0569658 0.272948 0.0569658 3.02825e-08 4.18623e-08 4.57548e-08
-2.7 3.3 0.191875 0.198487 0.191875 0.198487 0.191875 0.198487 1.92808e-09 4.17581e-08 4.11864e-08
-2.7 3.4 0.04219 0.270396 0.04219 0.270396 0.04219 0.270396 3.34924e-08 4.15741e-08 2.93742e-08
-2.7 3.5 -0.124205 0.241402 -0.124205 0.241402 -0.124205 0.241402 3.84078e-08 4.13193e-08 7.93286e-08
-2.7 3.6 -0.24255 0.117228 -0.24255 0.117228 -0.24255 0.117228 5.23226e-08 4.10071e-08 9.29925e-08
-2.7 3.7 -0.261467 -0.0556453 -0.261467 -0.0556453 -0.261467 -0.0556453 2.70123e-08 4.06525e-08 2.47774e-08
-2.7 3.8 -0.168326 -0.204955 -0.168326 -0.204955 -0.168326 -0.204955 1.86768e-08 4.02704e-08 4.80458e-08
-2.7 3.9 -0.00034022 -0.263051 -0.000340218 -0.263051 -0.000340221 -0.263051 1.60093e-08 3.98744e-08 5.08779e-08
-2.7 4 0.167416 -0.199993 0.167416 -0.199993 0.167416 -0.199993 4.01854e-08 3.94761e-08 5.80681e-08
-2.7 4.1 0.255037 -0.0422956 0.255037 -0.0422956 0.255037 -0.0422956 3.67493e-08 3.90851e-08 6.54128e-08
-2.7 4.2 0.217628 0.135143 0.217628 0.135143 0.217628 0.135143 6.44766e-08 3.87092e-08 6.82926e-08
-2.7 4.3 0.0713779 0.243557 0.0713779 0.243557 0.0713779 0.243557 3.38903e-08 3.83537e-08 6.09152e-09
-2.7 4.4 -0.110338 0.225911 -0.110338 0.225911 -0.110338 0.225911 3.26897e-08 3.80224e-08 2.6922e-08
-2.7 4.5 -0.23236 0.0896222 -0.23236 0.0896222 -0.23236 0.0896222 3.75404e-08 3.77175e-08 7.15164e-08
-2.7 4.6 -0.2283 -0.0934942 -0.2283 -0.0934942 -0.2283 -0.0934942 2.33199e-08 3.74398e-08 5.38644e-08
-2.7 4.7 -0.09904 -0.223441 -0.09904 -0.223441 -0.09904 -0.223441 9.33611e-09 3.71891e-08 2.82324e-08
-2.7 4.8 0.084258 -0.22704 0.084258 -0.22704 0.084258 -0.22704 2.05264e-08 3.69641e-08 3.629e-08
-2.7 4.9 0.217604 -0.101245 0.217604 -0.101245 0.217604 -0.101245 4.10294e-08 3.6763e-08 7.77347e-08
-2.7 5 0.223365 0.0819215 0.223365 0.0819215 0.223365 0.0819215 1.04409e-07 3.65835e-08 9.53749e-08
-2.6 -5 0.230959 -0.0604988 0.230959 -0.0604988 0.230959 -0.0604988 2.94174e-08 3.64108e-08 6.18753e-08
-2.6 -4.9 0.119411 -0.209109 0.119411 -0.209109 0.119411 -0.209109 6.46177e-08 3.65635e-08 8.44988e-08
-2.6 -4.8 -0.0647945 -0.234143 -0.0647945 -0.234143 -0.0647945 -0.234143 2.90325e-08 3.67337e-08 4.85815e-08
-2.6 -4.7 -0.212863 -0.121654 -0.212863 -0.121654 -0.212863 -0.121654 7.1611e-08 3.69244e-08 9.30846e-08
-2.6 -4.6 -0.239495 0.0623951 -0.239495 0.0623951 -0.239495 0.0623951 6.30571e-08 3.71382e-08 9.9377e-08
-2.6 -4.5 -0.130556 0.213063 -0.130556 0.213063 -0.130556 0.213063 2.13119e-08 3.73775e-08 2.21658e-08
-2.6 -4.4 0.052152 0.24689 0.052152 0.24689 0.052152 0.24689 7.61959e-08 3.76442e-08 8.78934e-08
-2.6 -4.3 0.208389 0.146696 0.208389 0.146696 0.208389 0.146696 3.9251e-08 3.79394e-08 1.93822e-09
-2.6 -4.2 0.25532 -0.0325338 0.25532 -0.0325338 0.25532 -0.0325338 3.53062e-08 3.82629e-08 6.01522e-08
-2.6 -4.1 0.170138 -0.196517 0.170138 -0.196517 0.170138 -0.196517 6.49471e-08 3.86135e-08 3.26135e-08
-2.6 -4 -0.00175899 -0.262468 -0.00175899 -0.262468 -0.001759 -0.262468 5.84124e-08 3.89882e-08 8.91699e-08
-2.6 -3.9 -0.173958 -0.199884 -0.173958 -0.199884 -0.173958 -0.199884 1.26863e-08 3.93819e-08 5.13949e-08
-2.6 -3.8 -0.264161 -0.0417363 -0.264161 -0.0417363 -0.264161 -0.0417363 5.51285e-08 3.97878e-08 2.75639e-08
-2.6 -3.7 -0.232957 0.136166 -0.232957 0.136166 -0.232957 0.136166 6.1897e-08 4.01962e-08 2.70626e-08
-2.6 -3.6 -0.0982472 0.253819 -0.0982472 0.253819 -0.0982472 0.253819 2.12115e-08 4.05955e-08 2.27393e-08
-2.6 -3.5 0.0782699 0.263073 0.0782699 0.263073 0.0782699 0.263073 3.55471e-08 4.09717e-08 5.9463e-08
-2.6 -3.4 0.222315 0.164871 0.222315 0.164871 0.222315 0.164871 5.69747e-08 4.13088e-08 9.26657e-08
-2.6 -3.3 0.279161 0.00295199 0.279161 0.00295199 0.279161 0.002952 4.91173e-08 4.15903e-08 4.36379e-08
-2.6 -3.2 0.232561 -0.15911 0.232561 -0.15911 0.232561 -0.15911 8.34809e-08 4.18007e-08 1.12669e-07
-2.6 -3.1 0.105097 -0.264646 0.105097 -0.264646 0.105097 -0.264646 2.45644e-08 4.19284e-08 6.64913e-08
-2.6 -3 -0.0561757 -0.282751 -0.0561757 -0.282751 -0.0561757 -0.282751 3.95788e-08 4.19689e-08 5.64186e-08
-2.6 -2.9 -0.199666 -0.213857 -0.199666 -0.213857 -0.199666 -0.213857 5.83098e-08 4.19296e-08 7.70949e-08
-2.6 -2.8 -0.28591 -0.0835311 -0.28591 -0.0835311 -0.28591 -0.0835311 2.14304e-08 4.18324e-08 4.16689e-08
-2.6 -2.7 -0.296186 0.0698415 -0.296186 0.0698415 -0.296186 0.0698415 1.27081e-08 4.17137e-08 3.2984e-08
-2.6 -2.6 -0.232966 0.207552 -0.232966 0.207552 -0.232966 0.207552 4.43976e-08 4.16203e-08 8.58318e-08
-2.6 -2.5 -0.114998 0.299639 -0.114998 0.299639 -0.114998 0.299639 1.79717e-08 4.15982e-08 3.07906e-08
-2.6 -2.4 0.0298243 0.329615 0.0298243 0.329615 0.0298243 0.329615 2.99567e-08 4.16793e-08 3.18885e-08
-2.6 -2.3 0.171693 0.295508 0.171693 0.295508 0.171693 0.295508 9.05604e-09 4.18668e-08 3.30842e-08
-2.6 -2.2 0.285179 0.208051 0.285179 0.208051 0.285179 0.208051 4.73798e-08 4.21257e-08 8.6161e-08
-2.6 -2.1 0.353918 0.0866347 0.353918 0.0866347 0.353918 0.0866347 3.5483e-08 4.23783e-08 6.37801e-08
-2.6 -2 0.372879 -0.0463117 0.372878 -0.0463117 0.372879 -0.0463117 5.85162e-08 4.2506e-08 5.95996e-08
-2.6 -1.9 0.347538 -0.171215 0.347538 -0.171215 0.347538 -0.171215 6.95884e-08 4.2357e-08 9.36539e-08
-2.6 -1.8 0.290131 -0.275755 0.290131 -0.275755 0.290131 -0.275755 2.78925e-08 4.17678e-08 2.83599e-08
-2.6 -1.7 0.214352 -0.356261 0.214352 -0.356261 0.214352 -0.356261 2.99337e-08 4.06089e-08 4.7091e-08
-2.6 -1.6 0.130678 -0.415805 0.130678 -0.415805 0.130678 -0.415805 9.32698e-09 3.88575e-08 4.2848e-08
-2.6 -1.5 0.0441925 -0.460216 0.0441925 -0.460216 0.0441925 -0.460216 3.22145e-08 3.66624e-08 1.39222e-08
-2.6 -1.4 -0.0445197 -0.49417 -0.0445197 -0.49417 -0.0445197 -0.49417 1.0112e-08 3.43256e-08 4.00017e-08
-2.6 -1.3 -0.1364 -0.519259 -0.1364 -0.519259 -0.1364 -0.519259 3.31045e-08 3.21633e-08 3.62969e-08
-2.6 -1.2 -0.230841 -0.534695 -0.230841 -0.534695 -0.230841 -0.534695 5.2297e-09 3.03268e-08 2.51248e-08
-2.6 -1.1 -0.324255 -0.539788 -0.324255 -0.539788 -0.324255 -0.539787 1.16502e-08 2.8722e-08 3.07466e-08
-2.6 -1 -0.410907 -0.53646 -0.410907 -0.53646 -0.410907 -0.53646 5.90517e-09 2.70657e-08 3.08991e-08
-2.6 -0.9 -0.485294 -0.530223 -0.485294 -0.530223 -0.485294 -0.530223 1.33346e-08 2.50036e-08 3.44168e-08
-2.6 -0.8 -0.544564 -0.529034 -0.544564 -0.529034 -0.544564 -0.529034 1.3502e-08 2.22276e-08 2.64309e-08
-2.6 -0.7 -0.589617 -0.540633 -0.589617 -0.540633 -0.589617 -0.540633 4.39679e-09 1.86052e-08 1.47359e-08
-2.6 -0.6 -0.624382 -0.56966 -0.624382 -0.56966 -0.624382 -0.56966 4.74279e-09 1.43434e-08 1.29751e-08
-2.6 -0.5 -0.65374 -0.615828 -0.65374 -0.615828 -0.65374 -0.615828 8.64694e-09 1.01751e-08 9.49669e-09
-2.6 -0.4 -0.681213 -0.673778 -0.681213 -0.673778 -0.681213 -0.673778 1.41695e-08 7.53111e-09 1.74986e-08
-2.6 -0.3 -0.70751 -0.734493 -0.70751 -0.734493 -0.70751 -0.734493 5.81975e-09 7.62402e-09 9.36012e-09
-2.6 -0.2 -0.730511 -0.787594 -0.730511 -0.787594 -0.730512 -0.787594 1.0704e-08 9.18538e-09 1.89903e-08
-2.6 -0.1 -0.746555 -0.823741 -0.746555 -0.823741 -0.746555 -0.823741 4.93293e-09 1.05345e-08 6.6846e-09
-2.6 -1.02696e-15 -0.752339 -0.836543 -0.752339 -0.836543 -0.752339 -0.836543 1.3368e-08 1.10304e-08 2.21245e-08
-2.6 0.1 -0.746555 -0.823741 -0.746555 -0.823741 -0.746555 -0.823741 4.93294e-09 1.05345e-08 6.68459e-09
-2.6 0.2 -0.730511 -0.787594 -0.730511 -0.787594 -0.730512 -0.787594 1.0704e-08 9.18538e-09 1.89903e-08
-2.6 0.3 -0.70751 -0.734493 -0.70751 -0.734493 -0.70751 -0.734493 5.81976e-09 7.62403e-09 9.36013e-09
-2.6 0.4 -0.681213 -0.673778 -0.681213 -0.673778 -0.681213 -0.673778 1.41695e-08 7.53112e-09 1.74986e-08
-2.6 0.5 -0.65374 -0.615828 -0.65374 -0.615828 -0.65374 -0.615828 8.64694e-09 1.01751e-08 9.49668e-09
-2.6 0.6 -0.624382 -0.56966 -0.624382 -0.56966 -0.624382 -0.56966 4.74278e-09 1.43434e-08 1.29751e-08
-2.6 0.7 -0.589617 -0.540633 -0.589617 -0.540633 -0.589617 -0.540633 4.39678e-09 1.86052e-08 1.47359e-08
-2.6 0.8 -0.544564 -0.529034 -0.544564 -0.529034 -0.544564 -0.529034 1.3502e-08 2.22276e-08 2.64309e-08
-2.6 0.9 -0.485294 -0.530223 -0.485294 -0.530223 -0.485294 -0.530223 1.33346e-08 2.50036e-08 3.44168e-08
-2.6 1 -0.410907 -0.53646 -0.410907 -0.53646 -0.410907 -0.53646 5.90515e-09 2.70657e-08 3.08991e-08
-2.6 1.1 -0.324255 -0.539788 -0.324255 -0.539788 -0.324255 -0.539787 1.16502e-08 2.87219e-08 3.07466e-08
-2.6 1.2 -0.230841 -0.534695 -0.230841 -0.534695 -0.230841 -0.534695 5.22971e-09 3.03268e-08 2.51248e-08
-2.6 1.3 -0.1364 -0.519259 -0.1364 -0.519259 -0.1364 -0.519259 3.31045e-08 3.21633e-08 3.62969e-08
-2.6 1.4 -0.0445197 -0.49417 -0.0445197 -0.49417 -0.0445197 -0.49417 1.0112e-08 3.43256e-08 4.00018e-08
-2.6 1.5 0.0441925 -0.460216 0.0441925 -0.460216 0.0441925 -0.460216 3.22145e-08 3.66624e-08 1.39222e-08
-2.6 1.6 0.130678 -0.415805 0.130678 -0.415805 0.130678 -0.415805 9.32697e-09 3.88575e-08 4.2848e-08
-2.6 1.7 0.214352 -0.356261 0.214352 -0.356261 0.214352 -0.356261 2.99337e-08 4.06089e-08 4.7091e-08
-2.6 1.8 0.290131 -0.275755 0.290131 -0.275755 0.290131 -0.275755 2.78925e-08 4.17678e-08 2.83598e-08
-2.6 1.9 0.347538 -0.171215 0.347538 -0.171215 0.347538 -0.171215 6.95883e-08 4.2357e-08 9.36539e-08
-2.6 2 0.372879 -0.0463117 0.372878 -0.0463117 0.372879 -0.0463117 5.85162e-08 4.2506e-08 5.95996e-08
-2.6 2.1 0.353918 0.0866347 0.353918 0.0866347 0.353918 0.0866347 3.5483e-08 4.23783e-08 6.37801e-08
-2.6 2.2 0.285179 0.208051 0.285179 0.208051 0.285179 0.208051 4.73798e-08 4.21257e-08 8.6161e-08
-2.6 2.3 0.171693 0.295508 0.171693 0.295508 0.171693 0.295508 9.05603e-09 4.18668e-08 3.30842e-08
-2.6 2.4 0.0298243 0.329615 0.0298243 0.329615 0.0298243 0.329615 2.99567e-08 4.16793e-08 3.18885e-08
-2.6 2.5 -0.114998 0.299639 -0.114998 0.299639 -0.114998 0.299639 1.79716e-08 4.15982e-08 3.07906e-08
-2.6 2.6 -0.232966 0.207552 -0.232966 0.207552 -0.232966 0.207552 4.43976e-08 4.16203e-08 8.58318e-08
-2.6 2.7 -0.296186 0.0698415 -0.296186 0.0698415 -0.296186 0.0698415 1.27081e-08 4.17137e-08 3.2984e-08
-2.6 2.8 -0.28591 -0.0835311 -0.28591 -0.0835311 -0.28591 -0.0835311 2.14304e-08 4.18324e-08 4.16689e-08
-2.6 2.9 -0.199666 -0.213857 -0.199666 -0.213857 -0.199666 -0.213857 5.83098e-08 4.19297e-08 7.70948e-08
-2.6 3 -0.0561757 -0.282751 -0.0561757 -0.282751 -0.0561757 -0.282751 3.95788e-08 4.19689e-08 5.64186e-08
-2.6 3.1 0.105097 -0.264646 0.105097 -0.264646 0.105097 -0.264646 2.45644e-08 4.19284e-08 6.64913e-08
-2.6 3.2 0.232561 -0.15911 0.232561 -0.15911 0.232561 -0.15911 8.34809e-08 4.18007e-08 1.12669e-07
-2.6 3.3 0.279161 0.00295199 0.279161 0.00295199 0.279161 0.002952 4.91173e-08 4.15903e-08 4.36379e-08
-2.6 3.4 0.222315 0.164871 0.222315 0.164871 0.222315 0.164871 5.69747e-08 4.13088e-08 9.26657e-08
-2.6 3.5 0.0782699 0.263073 0.0782699 0.263073 0.0782699 0.263073 3.55471e-08 4.09717e-08 5.9463e-08
-2.6 3.6 -0.0982472 0.253819 -0.0982472 0.253819 -0.0982472 0.253819 2.12115e-08 4.05955e-08 2.27393e-08
-2.6 3.7 -0.232957 0.136166 -0.232957 0.136166 -0.232957 0.136166 6.1897e-08 4.01962e-08 2.70626e-08
-2.6 3.8 -0.264161 -0.0417363 -0.264161 -0.0417363 -0.264161 -0.0417363 5.51285e-08 3.97877e-08 2.75638e-08
-2.6 3.9 -0.173958 -0.199884 -0.173958 -0.199884 -0.173958 -0.199884 1.26863e-08 3.93819e-08 5.13949e-08
-2.6 4 -0.00175899 -0.262468 -0.00175899 -0.262468 -0.001759 -0.262468 5.84124e-08 3.89882e-08 8.91699e-08
-2.6 4.1 0.170138 -0.196517 0.170138 -0.196517 0.170138 -0.196517 6.49471e-08 3.86135e-08 3.26135e-08
-2.6 4.2 0.25532 -0.0325338 0.25532 -0.0325338 0.25532 -0.0325338 3.53062e-08 3.8263e-08 6.01522e-08
-2.6 4.3 0.208389 0.146696 0.208389 0.146696 0.208389 0.146696 3.92509e-08 3.79394e-08 1.93824e-09
-2.6 4.4 0.052152 0.24689 0.052152 0.24689 0.052152 0.24689 7.61959e-08 3.76442e-08 8.78934e-08
-2.6 4.5 -0.130556 0.213063 -0.130556 0.213063 -0.130556 0.213063 2.13119e-08 3.73775e-08 2.21658e-08
-2.6 4.6 -0.239495 0.0623951 -0.239495 0.0623951 -0.239495 0.0623951 6.30571e-08 3.71382e-08 9.9377e-08
-2.6 4.7 -0.212863 -0.121654 -0.212863 -0.121654 -0.212863 -0.121654 7.1611e-08 3.69244e-08 9.30846e-08
-2.6 4.8 -0.0647945 -0.234143 -0.0647945 -0.234143 -0.0647945 -0.234143 2.90325e-08 3.67337e-08 4.85815e-08
-2.6 4.9 0.119411 -0.209109 0.119411 -0.209109 0.119411 -0.209109 6.46176e-08 3.65635e-08 8.44988e-08
-2.6 5 0.230959 -0.0604988 0.230959 -0.0604988 0.230959 -0.0604988 2.94174e-08 3.64108e-08 6.18753e-08
-2.5 -5 0.157792 -0.180525 0.157792 -0.180525 0.157792 -0.180525 5.58473e-08 3.62719e-08 7.23109e-08
-2.5 -4.9 -0.0208447 -0.240854 -0.0208447 -0.240854 -0.0208447 -0.240854 3.37417e-08 3.6406e-08 2.79543e-08
-2.5 -4.8 -0.188586 -0.154577 -0.188586 -0.154577 -0.188586 -0.154576 5.99274e-08 3.65528e-08 6.53526e-08
-2.5 -4.7 -0.244696 0.0255797 -0.244696 0.0255797 -0.244696 0.0255797 5.60251e-08 3.67152e-08 8.89609e-08
-2.5 -4.6 -0.156769 0.192577 -0.156769 0.192577 -0.156769 0.192577 3.57445e-08 3.68963e-08 7.16613e-08
-2.5 -4.5 0.0231327 0.249639 0.0231327 0.249639 0.0231327 0.249639 1.59202e-08 3.70992e-08 5.21229e-08
-2.5 -4.4 0.191875 0.165197 0.191875 0.165197 0.191875 0.165197 3.49317e-08 3.7327e-08 6.45511e-08
-2.5 -4.3 0.255462 -0.0123419 0.255462 -0.0123419 0.255462 -0.0123419 8.32215e-08 3.7582e-08 1.2016e-07
-2.5 -4.2 0.180311 -0.18509 0.180311 -0.18509 0.180311 -0.18509 3.9732e-08 3.7866e-08 6.25777e-08
-2.5 -4.1 0.00822039 -0.260966 0.00822039 -0.260966 0.00822039 -0.260966 3.45882e-08 3.81801e-08 1.90366e-08
-2.5 -4 -0.169851 -0.201877 -0.169851 -0.201877 -0.169851 -0.201877 6.85141e-08 3.85236e-08 1.00083e-07
-2.5 -3.9 -0.263539 -0.0400604 -0.263539 -0.0400604 -0.263539 -0.0400603 5.14277e-08 3.88945e-08 8.10737e-08
-2.5 -3.8 -0.228374 0.142709 -0.228374 0.142709 -0.228374 0.142709 3.1698e-08 3.92886e-08 1.37304e-08
-2.5 -3.7 -0.0841963 0.258634 -0.0841963 0.258633 -0.0841963 0.258633 6.45657e-08 3.96995e-08 1.03767e-07
-2.5 -3.6 0.0993663 0.256036 0.0993663 0.256036 0.0993663 0.256036 5.02509e-08 4.01183e-08 4.45241e-08
-2.5 -3.5 0.239318 0.139956 0.239318 0.139956 0.239318 0.139956 2.18525e-08 4.05332e-08 2.2664e-08
-2.5 -3.4 0.277517 -0.0356522 0.277517 -0.0356522 0.277517 -0.0356522 2.31486e-08 4.09299e-08 6.01607e-08
-2.5 -3.3 0.202864 -0.196404 0.202864 -0.196404 0.202864 -0.196404 5.19273e-08 4.12916e-08 2.5339e-08
-2.5 -3.2 0.0500963 -0.280572 0.0500963 -0.280572 0.0500963 -0.280572 4.54125e-08 4.16001e-08 8.6995e-08
-2.5 -3.1 -0.120148 -0.261583 -0.120148 -0.261583 -0.120148 -0.261583 3.20601e-08 4.18379e-08 2.61633e-08
-2.5 -3 -0.247902 -0.152536 -0.247902 -0.152536 -0.247902 -0.152536 7.00659e-08 4.19902e-08 8.58079e-08
-2.5 -2.9 -0.294816 0.00516571 -0.294816 0.00516571 -0.294816 0.0051657 3.09182e-08 4.20497e-08 3.71984e-08
-2.5 -2.8 -0.252691 0.160709 -0.252691 0.160709 -0.252691 0.160709 2.83193e-08 4.20205e-08 7.0038e-08
-2.5 -2.7 -0.139812 0.271214 -0.139812 0.271214 -0.139812 0.271214 3.99022e-08 4.19227e-08 3.07304e-08
-2.5 -2.6 0.00986943 0.311904 0.00986943 0.311904 0.00986944 0.311904 5.05565e-08 4.17923e-08 3.91113e-08
-2.5 -2.5 0.158772 0.278272 0.158772 0.278272 0.158772 0.278272 1.4466e-08 4.16774e-08 2.94672e-08
-2.5 -2.4 0.274981 0.182601 0.274981 0.182601 0.274981 0.182601 2.86096e-08 4.16265e-08 4.14621e-08
-2.5 -2.3 0.337631 0.0479513 0.337631 0.0479513 0.337631 0.0479513 3.53478e-08 4.16724e-08 6.54785e-08
-2.5 -2.2 0.338912 -0.0982856 0.338912 -0.0982856 0.338912 -0.0982856 3.52245e-08 4.18161e-08 6.267e-08
-2.5 -2.1 0.283491 -0.230365 0.283491 -0.230365 0.283491 -0.230365 1.46648e-08 4.20154e-08 4.64252e-08
-2.5 -2 0.185732 -0.329161 0.185732 -0.329161 0.185732 -0.329161 3.49892e-08 4.21805e-08 7.54361e-08
-2.5 -1.9 0.0650508 -0.385353 0.0650508 -0.385353 0.0650509 -0.385353 3.11704e-08 4.21771e-08 4.29895e-08
-2.5 -1.8 -0.0596733 -0.399876 -0.0596733 -0.399876 -0.0596733 -0.399876 4.05727e-08 4.18384e-08 6.16995e-08
-2.5 -1.7 -0.174942 -0.381334 -0.174942 -0.381334 -0.174942 -0.381334 1.64611e-08 4.09966e-08 3.17327e-08
-2.5 -1.6 -0.274982 -0.341315 -0.274982 -0.341315 -0.274982 -0.341315 4.67201e-08 3.95429e-08 6.44359e-08
-2.5 -1.5 -0.360799 -0.289634 -0.360799 -0.289634 -0.360799 -0.289634 5.00725e-09 3.751e-08 3.61985e-08
-2.5 -1.4 -0.436757 -0.231577 -0.436757 -0.231577 -0.436757 -0.231577 3.2542e-08 3.51188e-08 4.1449e-08
-2.5 -1.3 -0.506637 -0.168176 -0.506637 -0.168176 -0.506637 -0.168176 1.75541e-08 3.27099e-08 5.00278e-08
-2.5 -1.2 -0.571304 -0.0988416 -0.571304 -0.0988416 -0.571304 -0.0988416 1.11405e-08 3.05598e-08 1.94401e-08
-2.5 -1.1 -0.62894 -0.0245431 -0.62894 -0.0245431 -0.62894 -0.0245432 3.2802e-08 2.87158e-08 6.14914e-08
-2.5 -1 -0.677319 0.0504089 -0.677319 0.0504088 -0.677319 0.0504088 3.34064e-08 2.69768e-08 4.81524e-08
-2.5 -0.9 -0.716447 0.118897 -0.716447 0.118897 -0.716447 0.118897 2.76365e-08 2.49985e-08 3.52052e-08
-2.5 -0.8 -0.74987 0.173392 -0.74987 0.173392 -0.74987 0.173392 4.41166e-09 2.2431e-08 1.90325e-08
-2.5 -0.7 -0.783831 0.208785 -0.783831 0.208785 -0.783831 0.208785 1.66481e-08 1.90568e-08 1.81781e-08
-2.5 -0.6 -0.824699 0.224173 -0.824698 0.224173 -0.824698 0.224173 3.38614e-10 1.49554e-08 1.52669e-08
-2.5 -0.5 -0.875972 0.222867 -0.875972 0.222867 -0.875972 0.222867 2.42483e-08 1.07064e-08 2.41656e-08
-2.5 -0.4 -0.936285 0.210859 -0.936285 0.210859 -0.936285 0.210859 1.38031e-08 7.63059e-09 1.15393e-08
-2.5 -0.3 -0.999245 0.194702 -0.999245 0.194702 -0.999245 0.194702 1.38255e-08 7.27852e-09 2.06531e-08
-2.5 -0.2 -1.05514 0.179807 -1.05514 0.179807 -1.05514 0.179807 1.14922e-08 8.77753e-09 2.71469e-09
-2.5 -0.1 -1.0938 0.169698 -1.0938 0.169698 -1.0938 0.169698 1.9257e-08 1.0198e-08 9.73563e-09
-2.5 -1.02696e-15 -1.10763 0.166157 -1.10763 0.166157 -1.10763 0.166157 2.50306e-08 1.07302e-08 1.43246e-08
-2.5 0.1 -1.0938 0.169698 -1.0938 0.169698 -1.0938 0.169698 1.9257e-08 1.0198e-08 9.73562e-09
-2.5 0.2 -1.05514 0.179807 -1.05514 0.179807 -1.05514 0.179807 1.14922e-08 8.77754e-09 2.71469e-09
-2.5 0.3 -0.999245 0.194702 -0.999245 0.194702 -0.999245 0.194702 1.38255e-08 7.27852e-09 2.06531e-08
-2.5 0.4 -0.936285 0.210859 -0.936285 0.210859 -0.936285 0.210859 1.3803e-08 7.63057e-09 1.15393e-08
-2.5 0.5 -0.875972 0.222867 -0.875972 0.222867 -0.875972 0.222867 2.42483e-08 1.07064e-08 2.41656e-08
-2.5 0.6 -0.824699 0.224173 -0.824698 0.224173 -0.824698 0.224173 3.38615e-10 1.49554e-08 1.52669e-08
-2.5 0.7 -0.783831 0.208785 -0.783831 0.208785 -0.783831 0.208785 1.66481e-08 1.90568e-08 1.81781e-08
-2.5 0.8 -0.74987 0.173392 -0.74987 0.173392 -0.74987 0.173392 4.41165e-09 2.2431e-08 1.90325e-08
-2.5 0.9 -0.716447 0.118897 -0.716447 0.118897 -0.716447 0.118897 2.76365e-08 2.49985e-08 3.52052e-08
-2.5 1 -0.677319 0.0504089 -0.677319 0.0504088 -0.677319 0.0504088 3.34063e-08 2.69768e-08 4.81524e-08
-2.5 1.1 -0.62894 -0.0245431 -0.62894 -0.0245431 -0.62894 -0.0245432 3.2802e-08 2.87158e-08 6.14914e-08
-2.5 1.2 -0.571304 -0.0988416 -0.571304 -0.0988416 -0.571304 -0.0988416 1.11404e-08 3.05598e-08 1.94401e-08
-2.5 1.3 -0.506637 -0.168176 -0.506637 -0.168176 -0.506637 -0.168176 1.75541e-08 3.271e-08 5.00278e-08
-2.5 1.4 -0.436757 -0.231577 -0.436757 -0.231577 -0.436757 -0.231577 3.2542e-08 3.51188e-08 4.1449e-08
-2.5 1.5 -0.360799 -0.289634 -0.360799 -0.289634 -0.360799 -0.289634 5.00724e-09 3.751e-08 3.61985e-08
-2.5 1.6 -0.274982 -0.341315 -0.274982 -0.341315 -0.274982 -0.341315 4.67201e-08 3.95429e-08 6.4436e-08
-2.5 1.7 -0.174942 -0.381334 -0.174942 -0.381334 -0.174942 -0.381334 1.64611e-08 4.09966e-08 3.17327e-08
-2.5 1.8 -0.0596733 -0.399876 -0.0596733 -0.399876 -0.0596733 -0.399876 4.05727e-08 4.18384e-08 6.16995e-08
-2.5 1.9 0.0650508 -0.385353 0.0650508 -0.385353 0.0650509 -0.385353 3.11704e-08 4.21771e-08 4.29895e-08
-2.5 2 0.185732 -0.329161 0.185732 -0.329161 0.185732 -0.329161 3.49892e-08 4.21805e-08 7.54361e-08
-2.5 2.1 0.283491 -0.230365 0.283491 -0.230365 0.283491 -0.230365 1.46647e-08 4.20154e-08 4.64252e-08
-2.5 2.2 0.338912 -0.0982856 0.338912 -0.0982856 0.338912 -0.0982856 3.52245e-08 4.18161e-08 6.267e-08
-2.5 2.3 0.337631 0.0479513 0.337631 0.0479513 0.337631 0.0479513 3.53477e-08 4.16724e-08 6.54785e-08
-2.5 2.4 0.274981 0.182601 0.274981 0.182601 0.274981 0.182601 2.86096e-08 4.16265e-08 4.14621e-08
-2.5 2.5 0.158772 0.278272 0.158772 0.278272 0.158772 0.278272 1.4466e-08 4.16774e-08 2.94672e-08
-2.5 2.6 0.00986943 0.311904 0.00986943 0.311904 0.00986944 0.311904 5.05565e-08 4.17923e-08 3.91113e-08
-2.5 2.7 -0.139812 0.271214 -0.139812 0.271214 -0.139812 0.271214 3.99021e-08 4.19227e-08 3.07304e-08
-2.5 2.8 -0.252691 0.160709 -0.252691 0.160709 -0.252691 0.160709 2.83193e-08 4.20205e-08 7.0038e-08
-2.5 2.9 -0.294816 0.00516571 -0.294816 0.00516571 -0.294816 0.0051657 3.09182e-08 4.20497e-08 3.71984e-08
-2.5 3 -0.247902 -0.152536 -0.247902 -0.152536 -0.247902 -0.152536 7.00659e-08 4.19902e-08 8.58079e-08
-2.5 3.1 -0.120148 -0.261583 -0.120148 -0.261583 -0.120148 -0.261583 3.20601e-08 4.18379e-08 2.61633e-08
-2.5 3.2 0.0500963 -0.280572 0.0500963 -0.280572 0.0500963 -0.280572 4.54125e-08 4.16001e-08 8.6995e-08
-2.5 3.3 0.202864 -0.196404 0.202864 -0.196404 0.202864 -0.196404 5.19272e-08 4.12915e-08 2.5339e-08
-2.5 3.4 0.277517 -0.0356522 0.277517 -0.0356522 0.277517 -0.0356522 2.31486e-08 4.09299e-08 6.01606e-08
-2.5 3.5 0.239318 0.139956 0.239318 0.139956 0.239318 0.139956 2.18525e-08 4.05332e-08 2.2664e-08
-2.5 3.6 0.0993663 0.256036 0.0993663 0.256036 0.0993663 0.256036 5.02508e-08 4.01183e-08 4.45241e-08
-2.5 3.7 -0.0841963 0.258634 -0.0841963 0.258633 -0.0841963 0.258633 6.45657e-08 3.96995e-08 1.03767e-07
-2.5 3.8 -0.228374 0.142709 -0.228374 0.142709 -0.228374 0.142709 3.1698e-08 3.92886e-08 1.37304e-08
-2.5 3.9 -0.263539 -0.0400604 -0.263539 -0.0400604 -0.263539 -0.0400603 5.14276e-08 3.88945e-08 8.10737e-08
-2.5 4 -0.169851 -0.201877 -0.169851 -0.201877 -0.169851 -0.201877 6.85141e-08 3.85236e-08 1.00083e-07
-2.5 4.1 0.00822039 -0.260966 0.00822039 -0.260966 0.00822039 -0.260966 3.45882e-08 3.81801e-08 1.90366e-08
-2.5 4.2 0.180311 -0.18509 0.180311 -0.18509 0.180311 -0.18509 3.9732e-08 3.78661e-08 6.25777e-08
-2.5 4.3 0.255462 -0.0123419 0.255462 -0.0123419 0.255462 -0.0123419 8.32215e-08 3.7582e-08 1.2016e-07
-2.5 4.4 0.191875 0.165197 0.191875 0.165197 0.191875 0.165197 3.49317e-08 3.7327e-08 6.45511e-08
-2.5 4.5 0.0231327 0.249639 0.0231327 0.249639 0.0231327 0.249639 1.59202e-08 3.70993e-08 5.21229e-08
-2.5 4.6 -0.156769 0.192577 -0.156769 0.192577 -0.156769 0.192577 3.57445e-08 3.68963e-08 7.16613e-08
-2.5 4.7 -0.244696 0.0255797 -0.244696 0.0255797 -0.244696 0.0255797 5.60251e-08 3.67152e-08 8.89609e-08
-2.5 4.8 -0.188586 -0.154577 -0.188586 -0.154577 -0.188586 -0.154576 5.99273e-08 3.65528e-08 6.53526e-08
-2.5 4.9 -0.0208447 -0.240854 -0.0208447 -0.240854 -0.0208447 -0.240854 3.37417e-08 3.6406e-08 2.79543e-08
-2.5 5 0.157792 -0.180525 0.157792 -0.180525 0.157792 -0.180525 5.58474e-08 3.62719e-08 7.23109e-08
-2.4 -5 0.032216 -0.238831 0.032216 -0.238831 0.032216 -0.238831 5.62406e-08 3.61492e-08 4.40093e-08
-2.4 -4.9 -0.152664 -0.188946 -0.152664 -0.188946 -0.152664 -0.188946 3.40242e-08 3.62742e-08 1.0088e-08
-2.4 -4.8 -0.244063 -0.0205933 -0.244063 -0.0205933 -0.244063 -0.0205933 2.33347e-08 3.64069e-08 5.0013e-08
-2.4 -4.7 -0.186398 0.162144 -0.186398 0.162144 -0.186398 0.162144 2.75665e-08 3.655e-08 3.81687e-08
-2.4 -4.6 -0.0154505 0.248804 -0.0154505 0.248804 -0.0154505 0.248804 1.27779e-08 3.67065e-08 2.75914e-08
-2.4 -4.5 0.166536 0.188633 0.166536 0.188633 0.166536 0.188633 4.24132e-08 3.68796e-08 5.38101e-08
-2.4 -4.4 0.25346 0.0178171 0.25346 0.0178171 0.25346 0.0178171 6.63788e-08 3.70727e-08 9.60733e-08
-2.4 -4.3 0.196486 -0.165121 0.196486 -0.165121 0.196486 -0.165121 7.31794e-08 3.72892e-08 8.16062e-08
-2.4 -4.2 0.0288731 -0.257717 0.0288731 -0.257717 0.0288731 -0.257717 1.90314e-08 3.75322e-08 2.6077e-08
-2.4 -4.1 -0.156448 -0.210285 -0.156448 -0.210285 -0.156448 -0.210285 5.65865e-08 3.78043e-08 7.45949e-08
-2.4 -4 -0.260203 -0.0499275 -0.260203 -0.0499275 -0.260203 -0.0499275 5.19398e-08 3.81072e-08 6.70516e-08
-2.4 -3.9 -0.229492 0.138141 -0.229492 0.138141 -0.229492 0.138141 2.32849e-08 3.84416e-08 5.4513e-08
-2.4 -3.8 -0.08217 0.258044 -0.08217 0.258044 -0.08217 0.258044 2.54502e-09 3.88062e-08 3.62741e-08
-2.4 -3.7 0.106857 0.252061 0.106857 0.252061 0.106857 0.252061 6.4425e-08 3.9198e-08 5.04928e-08
-2.4 -3.6 0.246379 0.126004 0.246379 0.126004 0.246379 0.126004 2.70197e-08 3.96114e-08 6.52442e-08
-2.4 -3.5 0.273432 -0.0586652 0.273432 -0.0586652 0.273432 -0.0586652 2.48976e-08 4.0038e-08 2.94646e-08
-2.4 -3.4 0.17969 -0.218037 0.17969 -0.218037 0.17969 -0.218037 5.95302e-08 4.04664e-08 6.70941e-08
-2.4 -3.3 0.00971509 -0.285229 0.00971509 -0.285229 0.0097151 -0.285229 3.68537e-08 4.08821e-08 6.96433e-08
-2.4 -3.2 -0.163984 -0.237066 -0.163984 -0.237066 -0.163984 -0.237066 4.5483e-08 4.12675e-08 8.67189e-08
-2.4 -3.1 -0.274168 -0.0981079 -0.274168 -0.0981079 -0.274168 -0.0981079 8.11898e-08 4.1603e-08 8.89182e-08
-2.4 -3 -0.284436 0.0756676 -0.284436 0.0756676 -0.284436 0.0756676 4.2367e-08 4.18687e-08 3.69452e-08
-2.4 -2.9 -0.197868 0.222607 -0.197868 0.222607 -0.197868 0.222607 4.04182e-08 4.20468e-08 7.6849e-09
-2.4 -2.8 -0.0489818 0.297938 -0.0489818 0.297938 -0.0489818 0.297938 7.34071e-08 4.21263e-08 1.10696e-07
-2.4 -2.7 0.113688 0.285067 0.113688 0.285067 0.113688 0.285067 3.25841e-08 4.21079e-08 5.03566e-08
-2.4 -2.6 0.245214 0.194531 0.245213 0.194531 0.245213 0.194531 4.12009e-08 4.20087e-08 7.89802e-08
-2.4 -2.5 0.31577 0.05484 0.31577 0.05484 0.31577 0.05484 3.34262e-08 4.18642e-08 6.58395e-08
-2.4 -2.4 0.314349 -0.0988812 0.314349 -0.0988812 0.314349 -0.0988812 4.59401e-08 4.17234e-08 7.95469e-08
-2.4 -2.3 0.24666 -0.234202 0.24666 -0.234202 0.24666 -0.234202 1.41093e-08 4.16368e-08 2.87343e-08
-2.4 -2.2 0.130225 -0.327178 0.130225 -0.327178 0.130225 -0.327178 6.05913e-08 4.16383e-08 8.1127e-08
-2.4 -2.1 -0.0111882 -0.36507 -0.0111882 -0.36507 -0.0111882 -0.36507 1.87476e-08 4.17258e-08 3.74894e-08
-2.4 -2 -0.152984 -0.346804 -0.152984 -0.346804 -0.152984 -0.346804 2.63462e-08 4.18489e-08 1.69582e-08
-2.4 -1.9 -0.27469 -0.281435 -0.27469 -0.281435 -0.27469 -0.281435 6.40536e-08 4.1904e-08 1.00015e-07
-2.4 -1.8 -0.363781 -0.184614 -0.363781 -0.184614 -0.363781 -0.184614 1.23626e-08 4.17396e-08 4.44062e-08
-2.4 -1.7 -0.417265 -0.073569 -0.417265 -0.073569 -0.417265 -0.073569 3.26192e-08 4.11756e-08 3.6443e-08
-2.4 -1.6 -0.440292 0.0379034 -0.440292 0.0379034 -0.440292 0.0379034 3.67811e-08 4.00468e-08 4.53417e-08
-2.4 -1.5 -0.442243 0.142556 -0.442243 0.142556 -0.442243 0.142556 2.73951e-08 3.8279e-08 6.08468e-08
-2.4 -1.4 -0.432059 0.239678 -0.432059 0.239678 -0.432059 0.239678 1.57791e-08 3.59735e-08 2.52559e-08
-2.4 -1.3 -0.415017 0.33227 -0.415017 0.33227 -0.415017 0.33227 3.33757e-08 3.34213e-08 2.76407e-08
-2.4 -1.2 -0.39236 0.423159 -0.39236 0.423159 -0.39236 0.423159 1.30083e-08 3.09735e-08 2.59666e-08
-2.4 -1.1 -0.363533 0.512258 -0.363533 0.512258 -0.363533 0.512258 1.85808e-08 2.88304e-08 4.03973e-08
-2.4 -1 -0.329365 0.5963 -0.329365 0.5963 -0.329365 0.5963 2.57196e-08 2.69202e-08 3.26746e-08
-2.4 -0.9 -0.29414 0.67086 -0.29414 0.67086 -0.29414 0.67086 7.5409e-09 2.49477e-08 3.24866e-08
-2.4 -0.8 -0.265326 0.733138 -0.265326 0.733138 -0.265326 0.733138 1.62523e-08 2.2541e-08 3.46301e-08
-2.4 -0.7 -0.25114 0.783733 -0.25114 0.783733 -0.25114 0.783733 9.35517e-09 1.94079e-08 2.72209e-08
-2.4 -0.6 -0.257276 0.826355 -0.257276 0.826355 -0.257276 0.826355 1.3865e-08 1.55058e-08 1.06468e-08
-2.4 -0.5 -0.284454 0.865734 -0.284454 0.865734 -0.284454 0.865734 1.22554e-08 1.12528e-08 2.30274e-08
-2.4 -0.4 -0.3278 0.904931 -0.3278 0.904931 -0.3278 0.904931 3.51465e-09 7.8117e-09 4.66795e-09
-2.4 -0.3 -0.378154 0.943531 -0.378154 0.943531 -0.378154 0.943531 7.47961e-09 6.95227e-09 1.0605e-08
-2.4 -0.2 -0.424574 0.977604 -0.424574 0.977604 -0.424574 0.977604 1.04546e-08 8.33632e-09 2.36708e-09
-2.4 -0.1 -0.457048 1.00141 -0.457048 1.00141 -0.457048 1.00141 3.15258e-09 9.82522e-09 1.11232e-08
-2.4 -1.02696e-15 -0.468687 1.01 -0.468687 1.01 -0.468687 1.01 1.56791e-08 1.03965e-08 9.00162e-09
-2.4 0.1 -0.457048 1.00141 -0.457048 1.00141 -0.457048 1.00141 3.15258e-09 9.82521e-09 1.11232e-08
-2.4 0.2 -0.424574 0.977604 -0.424574 0.977604 -0.424574 0.977604 1.04546e-08 8.33633e-09 2.36709e-09
-2.4 0.3 -0.378154 0.943531 -0.378154 0.943531 -0.378154 0.943531 7.47961e-09 6.95226e-09 1.0605e-08
-2.4 0.4 -0.3278 0.904931 -0.3278 0.904931 -0.3278 0.904931 3.51466e-09 7.8117e-09 4.66795e-09
-2.4 0.5 -0.284454 0.865734 -0.284454 0.865734 -0.284454 0.865734 1.22554e-08 1.12528e-08 2.30274e-08
-2.4 0.6 -0.257276 0.826355 -0.257276 0.826355 -0.257276 0.826355 1.3865e-08 1.55058e-08 1.06468e-08
-2.4 0.7 -0.25114 0.783733 -0.25114 0.783733 -0.25114 0.783733 9.35518e-09 1.94079e-08 2.72209e-08
-2.4 0.8 -0.265326 0.733138 -0.265326 0.733138 -0.265326 0.733138 1.62523e-08 2.25409e-08 3.46301e-08
-2.4 0.9 -0.29414 0.67086 -0.29414 0.67086 -0.29414 0.67086 7.5409e-09 2.49477e-08 3.24866e-08
-2.4 1 -0.329365 0.5963 -0.329365 0.5963 -0.329365 0.5963 2.57196e-08 2.69202e-08 3.26746e-08
-2.4 1.1 -0.363533 0.512258 -0.363533 0.512258 -0.363533 0.512258 1.85807e-08 2.88304e-08 4.03973e-08
-2.4 1.2 -0.39236 0.423159 -0.39236 0.423159 -0.39236 0.423159 1.30083e-08 3.09735e-08 2.59666e-08
-2.4 1.3 -0.415017 0.33227 -0.415017 0.33227 -0.415017 0.33227 3.33757e-08 3.34213e-08 2.76407e-08
-2.4 1.4 -0.432059 0.239678 -0.432059 0.239678 -0.432059 0.239678 1.57791e-08 3.59735e-08 2.52559e-08
-2.4 1.5 -0.442243 0.142556 -0.442243 0.142556 -0.442243 0.142556 2.73951e-08 3.8279e-08 6.08468e-08
-2.4 1.6 -0.440292 0.0379034 -0.440292 0.0379034 -0.440292 0.0379034 3.67811e-08 4.00468e-08 4.53417e-08
-2.4 1.7 -0.417265 -0.073569 -0.417265 -0.073569 -0.417265 -0.073569 3.26193e-08 4.11757e-08 3.6443e-08
-2.4 1.8 -0.363781 -0.184614 -0.363781 -0.184614 -0.363781 -0.184614 1.23626e-08 4.17396e-08 4.44062e-08
-2.4 1.9 -0.27469 -0.281435 -0.27469 -0.281435 -0.27469 -0.281435 6.40536e-08 4.1904e-08 1.00015e-07
-2.4 2 -0.152984 -0.346804 -0.152984 -0.346804 -0.152984 -0.346804 2.63462e-08 4.18489e-08 1.69582e-08
-2.4 2.1 -0.0111882 -0.36507 -0.0111882 -0.36507 -0.0111882 -0.36507 1.87476e-08 4.17258e-08 3.74895e-08
-2.4 2.2 0.130225 -0.327178 0.130225 -0.327178 0.130225 -0.327178 6.05913e-08 4.16383e-08 8.1127e-08
-2.4 2.3 0.24666 -0.234202 0.24666 -0.234202 0.24666 -0.234202 1.41093e-08 4.16369e-08 2.87343e-08
-2.4 2.4 0.314349 -0.0988812 0.314349 -0.0988812 0.314349 -0.0988812 4.59401e-08 4.17234e-08 7.95469e-08
-2.4 2.5 0.31577 0.05484 0.31577 0.05484 0.31577 0.05484 3.34262e-08 4.18642e-08 6.58395e-08
-2.4 2.6 0.245214 0.194531 0.245213 0.194531 0.245213 0.194531 4.12009e-08 4.20087e-08 7.89802e-08
-2.4 2.7 0.113688 0.285067 0.113688 0.285067 0.113688 0.285067 3.25841e-08 4.21079e-08 5.03565e-08
-2.4 2.8 -0.0489818 0.297938 -0.0489818 0.297938 -0.0489818 0.297938 7.3407e-08 4.21263e-08 1.10696e-07
-2.4 2.9 -0.197868 0.222607 -0.197868 0.222607 -0.197868 0.222607 4.04182e-08 4.20468e-08 7.68491e-09
-2.4 3 -0.284436 0.0756676 -0.284436 0.0756676 -0.284436 0.0756676 4.2367e-08 4.18687e-08 3.69452e-08
-2.4 3.1 -0.274168 -0.0981079 -0.274168 -0.0981079 -0.274168 -0.0981079 8.11898e-08 4.1603e-08 8.89181e-08
-2.4 3.2 -0.163984 -0.237066 -0.163984 -0.237066 -0.163984 -0.237066 4.54829e-08 4.12675e-08 8.67189e-08
-2.4 3.3 0.00971509 -0.285229 0.00971509 -0.285229 0.0097151 -0.285229 3.68537e-08 4.0882e-08 6.96433e-08
-2.4 3.4 0.17969 -0.218037 0.17969 -0.218037 0.17969 -0.218037 5.95303e-08 4.04664e-08 6.70941e-08
-2.4 3.5 0.273432 -0.0586652 0.273432 -0.0586652 0.273432 -0.0586652 2.48977e-08 4.0038e-08 2.94646e-08
-2.4 3.6 0.246379 0.126004 0.246379 0.126004 0.246379 0.126004 2.70197e-08 3.96114e-08 6.52442e-08
-2.4 3.7 0.106857 0.252061 0.106857 0.252061 0.106857 0.252061 6.4425e-08 3.9198e-08 5.04928e-08
-2.4 3.8 -0.08217 0.258044 -0.08217 0.258044 -0.08217 0.258044 2.54501e-09 3.88062e-08 3.62741e-08
-2.4 3.9 -0.229492 0.138141 -0.229492 0.138141 -0.229492 0.138141 2.32849e-08 3.84416e-08 5.4513e-08
-2.4 4 -0.260203 -0.0499275 -0.260203 -0.0499275 -0.260203 -0.0499275 5.19398e-08 3.81072e-08 6.70516e-08
-2.4 4.1 -0.156448 -0.210285 -0.156448 -0.210285 -0.156448 -0.210285 5.65864e-08 3.78043e-08 7.45948e-08
-2.4 4.2 0.0288731 -0.257717 0.0288731 -0.257717 0.0288731 -0.257717 1.90314e-08 3.75322e-08 2.6077e-08
-2.4 4.3 0.196486 -0.165121 0.196486 -0.165121 0.196486 -0.165121 7.31794e-08 3.72892e-08 8.16062e-08
-2.4 4.4 0.25346 0.0178171 0.25346 0.0178171 0.25346 0.0178171 6.63788e-08 3.70727e-08 9.60733e-08
-2.4 4.5 0.166536 0.188633 0.166536 0.188633 0.166536 0.188633 4.24132e-08 3.68796e-08 5.38101e-08
-2.4 4.6 -0.0154505 0.248804 -0.0154505 0.248804 -0.0154505 0.248804 1.27779e-08 3.67065e-08 2.75914e-08
-2.4 4.7 -0.186398 0.162144 -0.186398 0.162144 -0.186398 0.162144 2.75665e-08 3.655e-08 3.81687e-08
-2.4 4.8 -0.244063 -0.0205933 -0.244063 -0.0205933 -0.244063 -0.0205933 2.33347e-08 3.64069e-08 5.0013e-08
-2.4 4.9 -0.152664 -0.188946 -0.152664 -0.188946 -0.152664 -0.188946 3.40242e-08 3.62742e-08 1.00879e-08
-2.4 5 0.032216 -0.238831 0.032216 -0.238831 0.032216 -0.238831 5.62406e-08 3.61492e-08 4.40092e-08
-2.3 -5 -0.10269 -0.21963 -0.10269 -0.21963 -0.10269 -0.21963 7.01128e-08 3.60229e-08 5.83182e-08
-2.3 -4.9 -0.232617 -0.0746684 -0.232617 -0.0746684 -0.232617 -0.0746685 5.88616e-08 3.6148e-08 6.78959e-08
-2.3 -4.8 -0.215424 0.119304 -0.215424 0.119304 -0.215424 0.119304 5.403e-08 3.62767e-08 3.45552e-08
-2.3 -4.7 -0.0627378 0.240245 -0.0627378 0.240245 -0.0627378 0.240245 3.35436e-08 3.64109e-08 4.62751e-08
-2.3 -4.6 0.130286 0.213903 0.130286 0.213903 0.130286 0.213903 2.22627e-08 3.65531e-08 5.07872e-08
-2.3 -4.5 0.246153 0.0572792 0.246153 0.0572792 0.246153 0.0572792 3.13981e-08 3.67062e-08 4.56372e-08
-2.3 -4.4 0.216332 -0.135237 0.216332 -0.135237 0.216332 -0.135237 6.84326e-08 3.68735e-08 3.53524e-08
-2.3 -4.3 0.0594678 -0.250689 0.0594678 -0.250689 0.0594678 -0.250689 7.30187e-08 3.70584e-08 1.05632e-07
-2.3 -4.2 -0.133323 -0.223559 -0.133323 -0.223559 -0.133323 -0.223559 3.7113e-08 3.72647e-08 4.94907e-08
-2.3 -4.1 -0.253445 -0.070512 -0.253445 -0.070512 -0.253445 -0.070512 3.50004e-08 3.74961e-08 1.1135e-08
-2.3 -4 -0.235795 0.123038 -0.235795 0.123038 -0.235795 0.123038 6.16038e-08 3.77558e-08 7.91661e-08
-2.3 -3.9 -0.0915924 0.252892 -0.0915924 0.252892 -0.0915924 0.252892 4.79499e-08 3.80466e-08 5.07966e-08
-2.3 -3.8 0.102031 0.252205 0.102031 0.252205 0.102031 0.252205 3.0843e-08 3.83699e-08 3.48138e-08
-2.3 -3.7 0.245937 0.123549 0.245937 0.123549 0.245937 0.123549 6.94248e-08 3.87259e-08 7.5066e-08
-2.3 -3.6 0.270219 -0.0671407 0.270219 -0.0671407 0.270219 -0.0671407 1.57887e-08 3.91126e-08 2.33241e-08
-2.3 -3.5 0.166105 -0.227472 0.166105 -0.227472 0.166105 -0.227472 5.0143e-08 3.95254e-08 7.06385e-08
-2.3 -3.4 -0.0149251 -0.284497 -0.0149251 -0.284497 -0.0149251 -0.284497 9.48671e-08 3.9957e-08 6.17341e-08
-2.3 -3.3 -0.19022 -0.216366 -0.19022 -0.216365 -0.19022 -0.216365 3.42978e-08 4.03963e-08 7.41931e-08
-2.3 -3.2 -0.285688 -0.0568085 -0.285688 -0.0568085 -0.285688 -0.0568084 6.78015e-08 4.08289e-08 9.19484e-08
-2.3 -3.1 -0.26638 0.125545 -0.266379 0.125545 -0.266379 0.125545 4.96074e-08 4.12367e-08 4.99479e-08
-2.3 -3 -0.145755 0.259649 -0.145755 0.259649 -0.145755 0.259649 1.03752e-08 4.15987e-08 4.10485e-08
-2.3 -2.9 0.026532 0.300068 0.026532 0.300068 0.026532 0.300068 1.45059e-08 4.18925e-08 3.2045e-08
-2.3 -2.8 0.188861 0.239611 0.188861 0.239611 0.188861 0.239611 2.82728e-08 4.20972e-08 4.25566e-08
-2.3 -2.7 0.291273 0.104843 0.291273 0.104843 0.291273 0.104843 3.87462e-08 4.21975e-08 5.91054e-08
-2.3 -2.6 0.309297 -0.0594326 0.309297 -0.0594326 0.309297 -0.0594326 8.85488e-09 4.219e-08 4.3945e-08
-2.3 -2.5 0.24551 -0.207693 0.24551 -0.207693 0.24551 -0.207693 5.02127e-08 4.20885e-08 2.20807e-08
-2.3 -2.4 0.122196 -0.306245 0.122196 -0.306245 0.122196 -0.306245 5.39002e-08 4.19266e-08 4.77333e-08
-2.3 -2.3 -0.0291691 -0.338345 -0.0291691 -0.338345 -0.0291691 -0.338345 9.52435e-09 4.17541e-08 3.70526e-08
-2.3 -2.2 -0.17706 -0.303359 -0.17706 -0.303359 -0.17706 -0.303359 4.44722e-08 4.16234e-08 3.66979e-08
-2.3 -2.1 -0.295884 -0.212911 -0.295884 -0.212911 -0.295884 -0.212911 1.47549e-08 4.15689e-08 3.31307e-08
-2.3 -2 -0.369163 -0.0862314 -0.369162 -0.0862314 -0.369163 -0.0862314 3.54012e-08 4.1585e-08 2.36921e-08
-2.3 -1.9 -0.390792 0.0545336 -0.390792 0.0545336 -0.390792 0.0545336 1.7244e-08 4.16115e-08 3.26852e-08
-2.3 -1.8 -0.364646 0.188962 -0.364646 0.188962 -0.364646 0.188962 1.75995e-08 4.15293e-08 4.91026e-08
-2.3 -1.7 -0.30222 0.302511 -0.30222 0.302511 -0.30222 0.302511 3.20222e-08 4.11694e-08 3.46772e-08
-2.3 -1.6 -0.21843 0.389039 -0.21843 0.389039 -0.21843 0.389039 1.14811e-08 4.03416e-08 3.17962e-08
-2.3 -1.5 -0.126693 0.450584 -0.126693 0.450584 -0.126693 0.450584 3.01064e-08 3.88932e-08 5.0098e-08
-2.3 -1.4 -0.0352415 0.494329 -0.0352415 0.494329 -0.0352415 0.494329 1.75339e-08 3.68005e-08 3.59751e-08
-2.3 -1.3 0.0537297 0.528168 0.0537297 0.528168 0.0537297 0.528168 1.50351e-08 3.4244e-08 3.34556e-08
-2.3 -1.2 0.141894 0.557092 0.141894 0.557092 0.141894 0.557092 1.29239e-08 3.15708e-08 3.71004e-08
-2.3 -1.1 0.231043 0.582157 0.231043 0.582157 0.231043 0.582157 2.97043e-08 2.91055e-08 3.22778e-08
-2.3 -1 0.319995 0.602201 0.319995 0.602201 0.319995 0.602201 2.05375e-08 2.69404e-08 4.678e-08
-2.3 -0.9 0.403863 0.616922 0.403863 0.616922 0.403863 0.616922 9.26113e-09 2.48823e-08 3.32285e-08
-2.3 -0.8 0.475854 0.629174 0.475854 0.629174 0.475854 0.629174 1.18461e-08 2.25702e-08 1.14092e-08
-2.3 -0.7 0.530325 0.644992 0.530325 0.644992 0.530325 0.644992 2.96593e-08 1.96532e-08 4.03714e-08
-2.3 -0.6 0.565253 0.671253 0.565253 0.671253 0.565253 0.671253 7.0631e-09 1.59746e-08 2.29081e-08
-2.3 -0.5 0.582848 0.712248 0.582848 0.712248 0.582848 0.712248 4.27063e-09 1.1789e-08 7.5397e-09
-2.3 -0.4 0.588224 0.766959 0.588224 0.766959 0.588224 0.766959 6.7537e-09 8.06696e-09 1.33029e-08
-2.3 -0.3 0.587149 0.828404 0.587149 0.828404 0.587149 0.828404 1.08802e-08 6.65973e-09 1.10811e-08
-2.3 -0.2 0.584134 0.885355 0.584134 0.885355 0.584134 0.885355 9.44886e-09 7.86058e-09 2.85065e-09
-2.3 -0.1 0.581712 0.92572 0.581712 0.92572 0.581712 0.92572 2.60102e-09 9.41075e-09 9.84407e-09
-2.3 -1.02696e-15 0.580841 0.940314 0.580841 0.940314 0.580841 0.940314 9.97939e-09 1.00237e-08 4.90385e-09
-2.3 0.1 0.581712 0.92572 0.581712 0.92572 0.581712 0.92572 2.60103e-09 9.41076e-09 9.84408e-09
-2.3 0.2 0.584134 0.885355 0.584134 0.885355 0.584134 0.885355 9.44885e-09 7.86058e-09 2.85065e-09
-2.3 0.3 0.587149 0.828404 0.587149 0.828404 0.587149 0.828404 1.08802e-08 6.65974e-09 1.10811e-08
-2.3 0.4 0.588224 0.766959 0.588224 0.766959 0.588224 0.766959 6.75373e-09 8.06695e-09 1.3303e-08
-2.3 0.5 0.582848 0.712248 0.582848 0.712248 0.582848 0.712248 4.27063e-09 1.1789e-08 7.53971e-09
-2.3 0.6 0.565253 0.671253 0.565253 0.671253 0.565253 0.671253 7.0631e-09 1.59746e-08 2.29081e-08
-2.3 0.7 0.530325 0.644992 0.530325 0.644992 0.530325 0.644992 2.96593e-08 1.96532e-08 4.03714e-08
-2.3 0.8 0.475854 0.629174 0.475854 0.629174 0.475854 0.629174 1.18461e-08 2.25702e-08 1.14092e-08
-2.3 0.9 0.403863 0.616922 0.403863 0.616922 0.403863 0.616922 9.26111e-09 2.48823e-08 3.32285e-08
-2.3 1 0.319995 0.602201 0.319995 0.602201 0.319995 0.602201 2.05375e-08 2.69404e-08 4.678e-08
-2.3 1.1 0.231043 0.582157 0.231043 0.582157 0.231043 0.582157 2.97043e-08 2.91055e-08 3.22778e-08
-2.3 1.2 0.141894 0.557092 0.141894 0.557092 0.141894 0.557092 1.2924e-08 3.15708e-08 3.71004e-08
-2.3 1.3 0.0537297 0.528168 0.0537297 0.528168 0.0537297 0.528168 1.50351e-08 3.42441e-08 3.34556e-08
-2.3 1.4 -0.0352415 0.494329 -0.0352415 0.494329 -0.0352415 0.494329 1.75338e-08 3.68005e-08 3.59752e-08
-2.3 1.5 -0.126693 0.450584 -0.126693 0.450584 -0.126693 0.450584 3.01064e-08 3.88932e-08 5.00981e-08
-2.3 1.6 -0.21843 0.389039 -0.21843 0.389039 -0.21843 0.389039 1.14811e-08 4.03416e-08 3.17962e-08
-2.3 1.7 -0.30222 0.302511 -0.30222 0.302511 -0.30222 0.302511 3.20223e-08 4.11694e-08 3.46772e-08
-2.3 1.8 -0.364646 0.188962 -0.364646 0.188962 -0.364646 0.188962 1.75995e-08 4.15292e-08 4.91026e-08
-2.3 1.9 -0.390792 0.0545336 -0.390792 0.0545336 -0.390792 0.0545336 1.7244e-08 4.16115e-08 3.26852e-08
-2.3 2 -0.369163 -0.0862314 -0.369162 -0.0862314 -0.369163 -0.0862314 3.54012e-08 4.1585e-08 2.36921e-08
-2.3 2.1 -0.295884 -0.212911 -0.295884 -0.212911 -0.295884 -0.212911 1.47549e-08 4.15689e-08 3.31307e-08
-2.3 2.2 -0.17706 -0.303359 -0.17706 -0.303359 -0.17706 -0.303359 4.44722e-08 4.16234e-08 3.66979e-08
-2.3 2.3 -0.0291691 -0.338345 -0.0291691 -0.338345 -0.0291691 -0.338345 9.52434e-09 4.17541e-08 3.70526e-08
-2.3 2.4 0.122196 -0.306245 0.122196 -0.306245 0.122196 -0.306245 5.39002e-08 4.19266e-08 4.77333e-08
-2.3 2.5 0.24551 -0.207693 0.24551 -0.207693 0.24551 -0.207693 5.02127e-08 4.20884e-08 2.20807e-08
-2.3 2.6 0.309297 -0.0594326 0.309297 -0.0594326 0.309297 -0.0594326 8.85489e-09 4.219e-08 4.3945e-08
-2.3 2.7 0.291273 0.104843 0.291273 0.104843 0.291273 0.104843 3.87462e-08 4.21976e-08 5.91055e-08
-2.3 2.8 0.188861 0.239611 0.188861 0.239611 0.188861 0.239611 2.82728e-08 4.20972e-08 4.25566e-08
-2.3 2.9 0.026532 0.300068 0.026532 0.300068 0.026532 0.300068 1.45059e-08 4.18925e-08 3.2045e-08
-2.3 3 -0.145755 0.259649 -0.145755 0.259649 -0.145755 0.259649 1.03753e-08 4.15987e-08 4.10485e-08
-2.3 3.1 -0.26638 0.125545 -0.266379 0.125545 -0.266379 0.125545 4.96074e-08 4.12367e-08 4.99479e-08
-2.3 3.2 -0.285688 -0.0568085 -0.285688 -0.0568085 -0.285688 -0.0568084 6.78015e-08 4.08289e-08 9.19484e-08
-2.3 3.3 -0.19022 -0.216366 -0.19022 -0.216365 -0.19022 -0.216365 3.42978e-08 4.03963e-08 7.41931e-08
-2.3 3.4 -0.0149251 -0.284497 -0.0149251 -0.284497 -0.0149251 -0.284497 9.48671e-08 3.9957e-08 6.17341e-08
-2.3 3.5 0.166105 -0.227472 0.166105 -0.227472 0.166105 -0.227472 5.0143e-08 3.95255e-08 7.06385e-08
-2.3 3.6 0.270219 -0.0671407 0.270219 -0.0671407 0.270219 -0.0671407 1.57887e-08 3.91126e-08 2.33241e-08
-2.3 3.7 0.245937 0.123549 0.245937 0.123549 0.245937 0.123549 6.94248e-08 3.87259e-08 7.5066e-08
-2.3 3.8 0.102031 0.252205 0.102031 0.252205 0.102031 0.252205 3.0843e-08 3.83699e-08 3.48138e-08
-2.3 3.9 -0.0915924 0.252892 -0.0915924 0.252892 -0.0915924 0.252892 4.79499e-08 3.80466e-08 5.07966e-08
-2.3 4 -0.235795 0.123038 -0.235795 0.123038 -0.235795 0.123038 6.16038e-08 3.77558e-08 7.91661e-08
-2.3 4.1 -0.253445 -0.070512 -0.253445 -0.070512 -0.253445 -0.070512 3.50005e-08 3.74961e-08 1.11351e-08
-2.3 4.2 -0.133323 -0.223559 -0.133323 -0.223559 -0.133323 -0.223559 3.7113e-08 3.72647e-08 4.94907e-08
-2.3 4.3 0.0594678 -0.250689 0.0594678 -0.250689 0.0594678 -0.250689 7.30187e-08 3.70584e-08 1.05632e-07
-2.3 4.4 0.216332 -0.135237 0.216332 -0.135237 0.216332 -0.135237 6.84326e-08 3.68735e-08 3.53524e-08
-2.3 4.5 0.246153 0.0572792 0.246153 0.0572792 0.246153 0.0572792 3.13982e-08 3.67062e-08 4.56372e-08
-2.3 4.6 0.130286 0.213903 0.130286 0.213903 0.130286 0.213903 2.22626e-08 3.65531e-08 5.07872e-08
-2.3 4.7 -0.0627378 0.240245 -0.0627378 0.240245 -0.0627378 0.240245 3.35436e-08 3.64109e-08 4.6275e-08
-2.3 4.8 -0.215424 0.119304 -0.215424 0.119304 -0.215424 0.119304 5.40301e-08 3.62767e-08 3.45552e-08
-2.3 4.9 -0.232617 -0.0746684 -0.232617 -0.0746684 -0.232617 -0.0746685 5.88617e-08 3.61481e-08 6.7896e-08
-2.3 5 -0.10269 -0.21963 -0.10269 -0.21963 -0.10269 -0.21963 7.01128e-08 3.6023e-08 5.83182e-08
-2.2 -5 -0.204803 -0.132862 -0.204803 -0.132862 -0.204803 -0.132862 6.92323e-08 3.58743e-08 9.49542e-08
-2.2 -4.9 -0.237881 0.0624196 -0.237881 0.0624196 -0.237881 0.0624196 4.87071e-08 3.60071e-08 7.2576e-08
-2.2 -4.8 -0.116274 0.218855 -0.116274 0.218855 -0.116274 0.218855 2.77601e-08 3.61404e-08 3.3731e-08
-2.2 -4.7 0.0811564 0.236255 0.0811564 0.236255 0.0811564 0.236255 1.68496e-08 3.62757e-08 2.79015e-08
-2.2 -4.6 0.22921 0.104447 0.22921 0.104447 0.22921 0.104448 1.013e-07 3.64145e-08 1.00827e-07
-2.2 -4.5 0.236185 -0.0936599 0.236185 -0.0936599 0.236185 -0.0936599 8.2495e-08 3.6559e-08 7.62894e-08
-2.2 -4.4 0.0988413 -0.236573 0.0988413 -0.236573 0.0988413 -0.236573 3.3025e-08 3.67119e-08 5.89215e-08
-2.2 -4.3 -0.0993094 -0.239025 -0.0993094 -0.239025 -0.0993094 -0.239025 3.63484e-08 3.68761e-08 6.73454e-08
-2.2 -4.2 -0.241201 -0.100799 -0.241201 -0.100799 -0.241201 -0.100799 2.17538e-08 3.70553e-08 5.19337e-08
-2.2 -4.1 -0.245635 0.097128 -0.245635 0.097128 -0.245635 0.097128 7.4095e-08 3.72534e-08 8.11331e-08
-2.2 -4 -0.111572 0.242584 -0.111572 0.242584 -0.111572 0.242584 5.98627e-08 3.74743e-08 5.67965e-08
-2.2 -3.9 0.0855505 0.256115 0.0855505 0.256115 0.0855505 0.256115 2.92312e-08 3.7722e-08 2.79116e-08
-2.2 -3.8 0.239052 0.132209 0.239052 0.132209 0.239052 0.132209 3.05565e-08 3.8e-08 5.82552e-08
-2.2 -3.7 0.269344 -0.0622819 0.269344 -0.0622819 0.269344 -0.0622818 7.38926e-08 3.83111e-08 9.45551e-08
-2.2 -3.6 0.163175 -0.227331 0.163175 -0.227331 0.163175 -0.227331 5.50046e-08 3.86563e-08 7.93936e-08
-2.2 -3.5 -0.024412 -0.282239 -0.024412 -0.282239 -0.024412 -0.282239 6.00892e-08 3.90352e-08 6.55213e-08
-2.2 -3.4 -0.202152 -0.203459 -0.202152 -0.203459 -0.202152 -0.203459 4.38581e-08 3.94444e-08 8.00051e-08
-2.2 -3.3 -0.288712 -0.0308847 -0.288712 -0.0308847 -0.288712 -0.0308847 1.87895e-08 3.98776e-08 2.17945e-08
-2.2 -3.2 -0.248926 0.156281 -0.248926 0.156281 -0.248926 0.156281 2.77872e-08 4.03247e-08 4.32585e-08
-2.2 -3.1 -0.104508 0.27852 -0.104508 0.27852 -0.104508 0.27852 5.39963e-08 4.07716e-08 6.1731e-08
-2.2 -3 0.0817545 0.28976 0.0817545 0.28976 0.0817545 0.28976 6.0859e-08 4.11997e-08 5.91301e-08
-2.2 -2.9 0.236886 0.191724 0.236886 0.191724 0.236886 0.191724 1.46721e-08 4.1587e-08 2.77477e-08
-2.2 -2.8 0.307519 0.0262085 0.307519 0.0262085 0.307519 0.0262085 2.16572e-08 4.19086e-08 4.96586e-08
-2.2 -2.7 0.276234 -0.146985 0.276234 -0.146985 0.276234 -0.146985 6.1488e-08 4.214e-08 4.756e-08
-2.2 -2.6 0.160793 -0.274151 0.160793 -0.274151 0.160793 -0.274151 1.84801e-08 4.22616e-08 2.82806e-08
-2.2 -2.5 0.000908086 -0.323719 0.000908089 -0.323719 0.000908088 -0.323719 4.4791e-08 4.22648e-08 8.5927e-08
-2.2 -2.4 -0.15878 -0.290378 -0.15878 -0.290378 -0.15878 -0.290378 2.11527e-08 4.21591e-08 6.2079e-08
-2.2 -2.3 -0.282036 -0.189661 -0.282036 -0.189661 -0.282036 -0.189661 4.36923e-08 4.19757e-08 7.33062e-08
-2.2 -2.2 -0.347384 -0.0484055 -0.347384 -0.0484055 -0.347384 -0.0484054 7.96395e-08 4.17644e-08 7.94636e-08
-2.2 -2.1 -0.348418 0.104083 -0.348418 0.104083 -0.348418 0.104083 2.37558e-08 4.1579e-08 3.07057e-08
-2.2 -2 -0.290896 0.242028 -0.290896 0.242028 -0.290896 0.242028 2.78364e-08 4.14541e-08 1.77466e-08
-2.2 -1.9 -0.188964 0.346591 -0.188964 0.346591 -0.188964 0.346591 3.67237e-08 4.13798e-08 5.38599e-08
-2.2 -1.8 -0.061303 0.407672 -0.061303 0.407672 -0.061303 0.407672 1.31335e-08 4.12848e-08 4.06209e-08
-2.2 -1.7 0.0729555 0.424468 0.0729555 0.424468 0.0729555 0.424468 4.81319e-08 4.10329e-08 6.02424e-08
-2.2 -1.6 0.198399 0.404304 0.198399 0.404304 0.198399 0.404304 3.79504e-08 4.04384e-08 7.67278e-08
-2.2 -1.5 0.30654 0.359406 0.30654 0.359406 0.30654 0.359406 3.55691e-08 3.93066e-08 6.8198e-08
-2.2 -1.4 0.396668 0.302341 0.396668 0.302341 0.396668 0.302341 1.85233e-08 3.7511e-08 4.84221e-08
-2.2 -1.3 0.473754 0.241957 0.473754 0.241957 0.473754 0.241957 3.93671e-08 3.50948e-08 4.26977e-08
-2.2 -1.2 0.544367 0.181727 0.544367 0.181727 0.544367 0.181727 1.43405e-08 3.23203e-08 3.45037e-08
-2.2 -1.1 0.612756 0.121194 0.612756 0.121194 0.612756 0.121194 1.20413e-08 2.95648e-08 4.02533e-08
-2.2 -1 0.67912 0.0594428 0.67912 0.0594428 0.67912 0.0594428 1.68136e-08 2.70848e-08 3.54416e-08
-2.2 -0.9 0.740735 -0.00160661 0.740735 -0.0016066 0.740735 -0.00160663 4.28758e-08 2.4843e-08 2.74663e-08
-2.2 -0.8 0.794857 -0.056099 0.794857 -0.056099 0.794857 -0.056099 2.01462e-08 2.25403e-08 3.89977e-08
-2.2 -0.7 0.841322 -0.0959355 0.841322 -0.0959355 0.841322 -0.0959355 1.67996e-08 1.97936e-08 6.86729e-09
-2.2 -0.6 0.883126 -0.114221 0.883126 -0.114221 0.883126 -0.114221 1.28006e-08 1.63448e-08 2.91418e-08
-2.2 -0.5 0.924646 -0.108547 0.924646 -0.108547 0.924646 -0.108547 1.72e-08 1.22875e-08 2.63304e-08
-2.2 -0.4 0.968652 -0.0824791 0.968652 -0.0824791 0.968652 -0.0824791 1.31151e-08 8.37971e-09 4.9717e-09
-2.2 -0.3 1.01394 -0.0447067 1.01394 -0.0447067 1.01394 -0.0447067 1.09044e-08 6.41691e-09 8.50881e-09
-2.2 -0.2 1.05505 -0.00648195 1.05505 -0.00648196 1.05505 -0.00648194 1.64047e-08 7.3504e-09 9.0824e-09
-2.2 -0.1 1.08424 0.021496 1.08424 0.021496 1.08424 0.021496 1.34468e-08 8.94834e-09 2.21522e-08
-2.2 -1.02696e-15 1.09485 0.0317166 1.09485 0.0317166 1.09485 0.0317166 2.09132e-08 9.60495e-09 1.55544e-08
-2.2 0.1 1.08424 0.021496 1.08424 0.021496 1.08424 0.021496 1.34469e-08 8.94834e-09 2.21522e-08
-2.2 0.2 1.05505 -0.00648195 1.05505 -0.00648196 1.05505 -0.00648194 1.64047e-08 7.35039e-09 9.08241e-09
-2.2 0.3 1.01394 -0.0447067 1.01394 -0.0447067 1.01394 -0.0447067 1.09044e-08 6.41691e-09 8.50881e-09
-2.2 0.4 0.968652 -0.0824791 0.968652 -0.0824791 0.968652 -0.0824791 1.31151e-08 8.37973e-09 4.97171e-09
-2.2 0.5 0.924646 -0.108547 0.924646 -0.108547 0.924646 -0.108547 1.72e-08 1.22875e-08 2.63303e-08
-2.2 0.6 0.883126 -0.114221 0.883126 -0.114221 0.883126 -0.114221 1.28006e-08 1.63448e-08 2.91419e-08
-2.2 0.7 0.841322 -0.0959355 0.841322 -0.0959355 0.841322 -0.0959355 1.67996e-08 1.97936e-08 6.8673e-09
-2.2 0.8 0.794857 -0.056099 0.794857 -0.056099 0.794857 -0.056099 2.01462e-08 2.25403e-08 3.89977e-08
-2.2 0.9 0.740735 -0.00160661 0.740735 -0.0016066 0.740735 -0.00160663 4.28758e-08 2.4843e-08 2.74663e-08
-2.2 1 0.67912 0.0594428 0.67912 0.0594428 0.67912 0.0594428 1.68136e-08 2.70848e-08 3.54416e-08
-2.2 1.1 0.612756 0.121194 0.612756 0.121194 0.612756 0.121194 1.20413e-08 2.95648e-08 4.02533e-08
-2.2 1.2 0.544367 0.181727 0.544367 0.181727 0.544367 0.181727 1.43404e-08 3.23203e-08 3.45037e-08
-2.2 1.3 0.473754 0.241957 0.473754 0.241957 0.473754 0.241957 3.93671e-08 3.50947e-08 4.26977e-08
-2.2 1.4 0.396668 0.302341 0.396668 0.302341 0.396668 0.302341 1.85233e-08 3.7511e-08 4.84222e-08
-2.2 1.5 0.30654 0.359406 0.30654 0.359406 0.30654 0.359406 3.55691e-08 3.93066e-08 6.8198e-08
-2.2 1.6 0.198399 0.404304 0.198399 0.404304 0.198399 0.404304 3.79504e-08 4.04384e-08 7.67278e-08
-2.2 1.7 0.0729555 0.424468 0.0729555 0.424468 0.0729555 0.424468 4.81319e-08 4.10329e-08 6.02424e-08
-2.2 1.8 -0.061303 0.407672 -0.061303 0.407672 -0.061303 0.407672 1.31335e-08 4.12848e-08 4.06209e-08
-2.2 1.9 -0.188964 0.346591 -0.188964 0.346591 -0.188964 0.346591 3.67237e-08 4.13798e-08 5.38599e-08
-2.2 2 -0.290896 0.242028 -0.290896 0.242028 -0.290896 0.242028 2.78364e-08 4.14541e-08 1.77466e-08
-2.2 2.1 -0.348418 0.104083 -0.348418 0.104083 -0.348418 0.104083 2.37558e-08 4.1579e-08 3.07057e-08
-2.2 2.2 -0.347384 -0.0484055 -0.347384 -0.0484055 -0.347384 -0.0484054 7.96395e-08 4.17644e-08 7.94636e-08
-2.2 2.3 -0.282036 -0.189661 -0.282036 -0.189661 -0.282036 -0.189661 4.36923e-08 4.19757e-08 7.33063e-08
-2.2 2.4 -0.15878 -0.290378 -0.15878 -0.290378 -0.15878 -0.290378 2.11527e-08 4.21591e-08 6.2079e-08
-2.2 2.5 0.000908086 -0.323719 0.000908089 -0.323719 0.000908088 -0.323719 4.4791e-08 4.22648e-08 8.5927e-08
-2.2 2.6 0.160793 -0.274151 0.160793 -0.274151 0.160793 -0.274151 1.84801e-08 4.22616e-08 2.82806e-08
-2.2 2.7 0.276234 -0.146985 0.276234 -0.146985 0.276234 -0.146985 6.1488e-08 4.214e-08 4.756e-08
-2.2 2.8 0.307519 0.0262085 0.307519 0.0262085 0.307519 0.0262085 2.16572e-08 4.19086e-08 4.96586e-08
-2.2 2.9 0.236886 0.191724 0.236886 0.191724 0.236886 0.191724 1.46721e-08 4.1587e-08 2.77477e-08
-2.2 3 0.0817545 0.28976 0.0817545 0.28976 0.0817545 0.28976 6.08591e-08 4.11997e-08 5.91301e-08
-2.2 3.1 -0.104508 0.27852 -0.104508 0.27852 -0.104508 0.27852 5.39963e-08 4.07716e-08 6.1731e-08
-2.2 3.2 -0.248926 0.156281 -0.248926 0.156281 -0.248926 0.156281 2.77872e-08 4.03247e-08 4.32584e-08
-2.2 3.3 -0.288712 -0.0308847 -0.288712 -0.0308847 -0.288712 -0.0308847 1.87895e-08 3.98776e-08 2.17945e-08
-2.2 3.4 -0.202152 -0.203459 -0.202152 -0.203459 -0.202152 -0.203459 4.3858e-08 3.94444e-08 8.00051e-08
-2.2 3.5 -0.024412 -0.282239 -0.024412 -0.282239 -0.024412 -0.282239 6.00893e-08 3.90352e-08 6.55213e-08
-2.2 3.6 0.163175 -0.227331 0.163175 -0.227331 0.163175 -0.227331 5.50046e-08 3.86563e-08 7.93936e-08
-2.2 3.7 0.269344 -0.0622819 0.269344 -0.0622819 0.269344 -0.0622818 7.38926e-08 3.83111e-08 9.45551e-08
-2.2 3.8 0.239052 0.132209 0.239052 0.132209 0.239052 0.132209 3.05565e-08 3.8e-08 5.82552e-08
-2.2 3.9 0.0855505 0.256115 0.0855505 0.256115 0.0855505 0.256115 2.92312e-08 3.7722e-08 2.79116e-08
-2.2 4 -0.111572 0.242584 -0.111572 0.242584 -0.111572 0.242584 5.98627e-08 3.74743e-08 5.67965e-08
-2.2 4.1 -0.245635 0.097128 -0.245635 0.097128 -0.245635 0.097128 7.4095e-08 3.72534e-08 8.11331e-08
-2.2 4.2 -0.241201 -0.100799 -0.241201 -0.100799 -0.241201 -0.100799 2.17538e-08 3.70553e-08 5.19337e-08
-2.2 4.3 -0.0993094 -0.239025 -0.0993094 -0.239025 -0.0993094 -0.239025 3.63484e-08 3.68761e-08 6.73454e-08
-2.2 4.4 0.0988413 -0.236573 0.0988413 -0.236573 0.0988413 -0.236573 3.3025e-08 3.67119e-08 5.89215e-08
-2.2 4.5 0.236185 -0.0936599 0.236185 -0.0936599 0.236185 -0.0936599 8.2495e-08 3.6559e-08 7.62894e-08
-2.2 4.6 0.22921 0.104447 0.22921 0.104447 0.22921 0.104448 1.013e-07 3.64145e-08 1.00827e-07
-2.2 4.7 0.0811564 0.236255 0.0811564 0.236255 0.0811564 0.236255 1.68496e-08 3.62757e-08 2.79015e-08
-2.2 4.8 -0.116274 0.218855 -0.116274 0.218855 -0.116274 0.218855 2.77602e-08 3.61404e-08 3.3731e-08
-2.2 4.9 -0.237881 0.0624196 -0.237881 0.0624196 -0.237881 0.0624196 4.87071e-08 3.60071e-08 7.2576e-08
-2.2 5 -0.204803 -0.132862 -0.204803 -0.132862 -0.204803 -0.132862 6.92323e-08 3.58743e-08 9.49542e-08
-2.1 -5 -0.245853 -0.00778733 -0.245853 -0.00778733 -0.245853 -0.00778734 4.86149e-08 3.56879e-08 5.6421e-08
-2.1 -4.9 -0.170883 0.179408 -0.170883 0.179408 -0.170883 0.179408 3.74139e-08 3.58332e-08 6.94271e-08
-2.1 -4.8 0.0185262 0.248936 0.0185262 0.248936 0.0185262 0.248936 2.27345e-08 3.59777e-08 4.02549e-08
-2.1 -4.7 0.197565 0.155725 0.197565 0.155725 0.197565 0.155725 2.75072e-08 3.6122e-08 5.91876e-08
-2.1 -4.6 0.250551 -0.0390963 0.250551 -0.0390963 0.250551 -0.0390963 4.2769e-08 3.62669e-08 7.45631e-08
-2.1 -4.5 0.144535 -0.210938 0.144535 -0.210938 0.144535 -0.210938 5.83318e-08 3.64136e-08 9.08957e-08
-2.1 -4.4 -0.0530536 -0.252423 -0.0530536 -0.252423 -0.0530536 -0.252423 7.96965e-08 3.65639e-08 1.00691e-07
-2.1 -4.3 -0.220048 -0.139042 -0.220048 -0.139042 -0.220048 -0.139042 2.86575e-08 3.67201e-08 2.5676e-08
-2.1 -4.2 -0.255963 0.0595033 -0.255963 0.0595033 -0.255963 0.0595033 2.94502e-08 3.68848e-08 4.04451e-08
-2.1 -4.1 -0.140777 0.225019 -0.140777 0.225019 -0.140777 0.225019 5.61951e-08 3.70615e-08 3.66879e-08
-2.1 -4 0.0572894 0.262035 0.0572894 0.262035 0.0572894 0.262035 3.98842e-08 3.7254e-08 5.3643e-08
-2.1 -3.9 0.225221 0.151052 0.225221 0.151052 0.225221 0.151052 7.11694e-08 3.74666e-08 7.42162e-08
-2.1 -3.8 0.270634 -0.0447773 0.270634 -0.0447773 0.270634 -0.0447773 3.84666e-08 3.77036e-08 7.41379e-08
-2.1 -3.7 0.170788 -0.218853 0.170788 -0.218853 0.170788 -0.218853 8.79907e-08 3.79693e-08 7.31702e-08
-2.1 -3.6 -0.0197501 -0.280364 -0.0197501 -0.280364 -0.0197501 -0.280364 5.3549e-08 3.82674e-08 7.76978e-08
-2.1 -3.5 -0.202501 -0.200054 -0.202501 -0.200054 -0.202501 -0.200054 4.42086e-08 3.86003e-08 3.81292e-08
-2.1 -3.4 -0.287655 -0.020385 -0.287655 -0.020385 -0.287655 -0.020385 1.00542e-07 3.89688e-08 1.25309e-07
-2.1 -3.3 -0.237062 0.170826 -0.237062 0.170826 -0.237062 0.170826 3.38628e-08 3.93712e-08 1.54549e-08
-2.1 -3.2 -0.0777092 0.285714 -0.0777092 0.285714 -0.0777092 0.285714 4.36171e-08 3.98025e-08 7.96834e-08
-2.1 -3.1 0.116802 0.27637 0.116802 0.27637 0.116802 0.27637 7.71501e-08 4.02538e-08 6.59029e-08
-2.1 -3 0.263518 0.151618 0.263518 0.151618 0.263518 0.151618 1.51475e-08 4.07116e-08 4.10092e-08
-2.1 -2.9 0.306239 -0.0334521 0.306239 -0.0334521 0.306239 -0.0334521 6.76749e-08 4.11574e-08 1.0069e-07
-2.1 -2.8 0.234645 -0.205945 0.234645 -0.205945 0.234645 -0.205945 1.47382e-08 4.15679e-08 2.99455e-08
-2.1 -2.7 0.0813214 -0.305946 0.0813214 -0.305946 0.0813213 -0.305946 4.6706e-08 4.19161e-08 7.75932e-08
-2.1 -2.6 -0.0975427 -0.30618 -0.0975427 -0.30618 -0.0975427 -0.30618 1.23302e-08 4.21739e-08 4.40952e-08
-2.1 -2.5 -0.246106 -0.215011 -0.246106 -0.215011 -0.246106 -0.215011 3.1275e-08 4.23165e-08 6.52482e-08
-2.1 -2.4 -0.326735 -0.0658471 -0.326735 -0.0658471 -0.326735 -0.0658471 1.15768e-08 4.23296e-08 3.19121e-08
-2.1 -2.3 -0.326594 0.0990076 -0.326594 0.0990076 -0.326594 0.0990076 4.82946e-08 4.22171e-08 4.00357e-08
-2.1 -2.2 -0.254226 0.24218 -0.254226 0.24218 -0.254226 0.24218 2.47172e-08 4.20068e-08 5.81836e-08
-2.1 -2.1 -0.131109 0.338664 -0.131109 0.338664 -0.131109 0.338664 1.8583e-08 4.17473e-08 3.57459e-08
-2.1 -2 0.0167831 0.377157 0.016783 0.377157 0.016783 0.377157 5.43089e-08 4.14939e-08 9.54616e-08
-2.1 -1.9 0.164875 0.357976 0.164875 0.357976 0.164875 0.357976 7.18449e-08 4.12807e-08 7.7644e-08
-2.1 -1.8 0.293411 0.290072 0.293411 0.290072 0.293411 0.290072 1.46297e-09 4.10927e-08 4.04556e-08
-2.1 -1.7 0.389543 0.188022 0.389543 0.188022 0.389543 0.188022 1.66721e-08 4.0846e-08 3.0905e-08
-2.1 -1.6 0.44859 0.0687046 0.44859 0.0687046 0.44859 0.0687046 4.6342e-08 4.03867e-08 1.54444e-08
-2.1 -1.5 0.473979 -0.052576 0.473979 -0.052576 0.473979 -0.052576 4.51404e-08 3.95146e-08 1.32617e-08
-2.1 -1.4 0.475087 -0.165693 0.475087 -0.165693 0.475087 -0.165693 5.5771e-08 3.80394e-08 7.76802e-08
-2.1 -1.3 0.463259 -0.267465 0.463259 -0.267465 0.463259 -0.267465 1.23919e-08 3.58774e-08 4.16626e-08
-2.1 -1.2 0.447554 -0.360522 0.447554 -0.360522 0.447554 -0.360522 2.23204e-08 3.3153e-08 1.32017e-08
-2.1 -1.1 0.432335 -0.449696 0.432335 -0.449696 0.432335 -0.449696 1.20396e-08 3.02022e-08 2.24246e-08
-2.1 -1 0.417868 -0.537909 0.417868 -0.537909 0.417868 -0.537909 3.67712e-08 2.73943e-08 5.11342e-08
-2.1 -0.9 0.403315 -0.623802 0.403315 -0.623802 0.403315 -0.623802 2.40623e-08 2.48788e-08 4.19466e-08
-2.1 -0.8 0.39004 -0.702308 0.39004 -0.702308 0.39004 -0.702308 1.99926e-08 2.24835e-08 2.14271e-08
-2.1 -0.7 0.382969 -0.767497 0.382969 -0.767497 0.382969 -0.767497 1.47069e-08 1.9838e-08 1.74344e-08
-2.1 -0.6 0.389044 -0.815773 0.389044 -0.815773 0.389044 -0.815773 1.42249e-08 1.66034e-08 1.331e-08
-2.1 -0.5 0.413604 -0.847496 0.413604 -0.847496 0.413604 -0.847496 1.33129e-08 1.27202e-08 1.70469e-08
-2.1 -0.4 0.456739 -0.86632 0.456739 -0.86632 0.456739 -0.86632 1.0645e-08 8.72468e-09 9.54817e-09
-2.1 -0.3 0.511678 -0.877 0.511678 -0.877 0.511678 -0.877 1.06509e-08 6.23835e-09 9.04217e-09
-2.1 -0.2 0.566151 -0.883247 0.566151 -0.883247 0.566151 -0.883247 2.83014e-09 6.80787e-09 9.52987e-09
-2.1 -0.1 0.606207 -0.88682 0.606207 -0.88682 0.606207 -0.88682 2.30485e-08 8.43091e-09 3.1423e-08
-2.1 -1.02696e-15 0.62093 -0.888034 0.62093 -0.888034 0.62093 -0.888034 9.80431e-09 9.13201e-09 1.89329e-08
-2.1 0.1 0.606207 -0.88682 0.606207 -0.88682 0.606207 -0.88682 2.30485e-08 8.4309e-09 3.1423e-08
-2.1 0.2 0.566151 -0.883247 0.566151 -0.883247 0.566151 -0.883247 2.83014e-09 6.80787e-09 9.52987e-09
-2.1 0.3 0.511678 -0.877 0.511678 -0.877 0.511678 -0.877 1.06509e-08 6.23835e-09 9.04217e-09
-2.1 0.4 0.456739 -0.86632 0.456739 -0.86632 0.456739 -0.86632 1.0645e-08 8.72469e-09 9.54817e-09
-2.1 0.5 0.413604 -0.847496 0.413604 -0.847496 0.413604 -0.847496 1.33129e-08 1.27202e-08 1.70469e-08
-2.1 0.6 0.389044 -0.815773 0.389044 -0.815773 0.389044 -0.815773 1.42249e-08 1.66034e-08 1.331e-08
-2.1 0.7 0.382969 -0.767497 0.382969 -0.767497 0.382969 -0.767497 1.47069e-08 1.98381e-08 1.74344e-08
-2.1 0.8 0.39004 -0.702308 0.39004 -0.702308 0.39004 -0.702308 1.99927e-08 2.24835e-08 2.14271e-08
-2.1 0.9 0.403315 -0.623802 0.403315 -0.623802 0.403315 -0.623802 2.40622e-08 2.48788e-08 4.19466e-08
-2.1 1 0.417868 -0.537909 0.417868 -0.537909 0.417868 -0.537909 3.67713e-08 2.73943e-08 5.11342e-08
-2.1 1.1 0.432335 -0.449696 0.432335 -0.449696 0.432335 -0.449696 1.20396e-08 3.02022e-08 2.24246e-08
-2.1 1.2 0.447554 -0.360522 0.447554 -0.360522 0.447554 -0.360522 2.23204e-08 3.3153e-08 1.32016e-08
-2.1 1.3 0.463259 -0.267465 0.463259 -0.267465 0.463259 -0.267465 1.23919e-08 3.58774e-08 4.16626e-08
-2.1 1.4 0.475087 -0.165693 0.475087 -0.165693 0.475087 -0.165693 5.5771e-08 3.80394e-08 7.76802e-08
-2.1 1.5 0.473979 -0.052576 0.473979 -0.052576 0.473979 -0.052576 4.51404e-08 3.95146e-08 1.32617e-08
-2.1 1.6 0.44859 0.0687046 0.44859 0.0687046 0.44859 0.0687046 4.63419e-08 4.03867e-08 1.54444e-08
-2.1 1.7 0.389543 0.188022 0.389543 0.188022 0.389543 0.188022 1.66721e-08 4.0846e-08 3.0905e-08
-2.1 1.8 0.293411 0.290072 0.293411 0.290072 0.293411 0.290072 1.46295e-09 4.10927e-08 4.04556e-08
-2.1 1.9 0.164875 0.357976 0.164875 0.357976 0.164875 0.357976 7.18449e-08 4.12807e-08 7.7644e-08
-2.1 2 0.0167831 0.377157 0.016783 0.377157 0.016783 0.377157 5.4309e-08 4.14939e-08 9.54616e-08
-2.1 2.1 -0.131109 0.338664 -0.131109 0.338664 -0.131109 0.338664 1.8583e-08 4.17474e-08 3.57459e-08
-2.1 2.2 -0.254226 0.24218 -0.254226 0.24218 -0.254226 0.24218 2.47172e-08 4.20068e-08 5.81836e-08
-2.1 2.3 -0.326594 0.0990076 -0.326594 0.0990076 -0.326594 0.0990076 4.82945e-08 4.22171e-08 4.00357e-08
-2.1 2.4 -0.326735 -0.0658471 -0.326735 -0.0658471 -0.326735 -0.0658471 1.15767e-08 4.23296e-08 3.19121e-08
-2.1 2.5 -0.246106 -0.215011 -0.246106 -0.215011 -0.246106 -0.215011 3.1275e-08 4.23165e-08 6.52482e-08
-2.1 2.6 -0.0975427 -0.30618 -0.0975427 -0.30618 -0.0975427 -0.30618 1.23302e-08 4.21739e-08 4.40952e-08
-2.1 2.7 0.0813214 -0.305946 0.0813214 -0.305946 0.0813213 -0.305946 4.6706e-08 4.19161e-08 7.75932e-08
-2.1 2.8 0.234645 -0.205945 0.234645 -0.205945 0.234645 -0.205945 1.47381e-08 4.15679e-08 2.99455e-08
-2.1 2.9 0.306239 -0.0334521 0.306239 -0.0334521 0.306239 -0.0334521 6.7675e-08 4.11574e-08 1.0069e-07
-2.1 3 0.263518 0.151618 0.263518 0.151618 0.263518 0.151618 1.51475e-08 4.07116e-08 4.10092e-08
-2.1 3.1 0.116802 0.27637 0.116802 0.27637 0.116802 0.27637 7.715e-08 4.02538e-08 6.59028e-08
-2.1 3.2 -0.0777092 0.285714 -0.0777092 0.285714 -0.0777092 0.285714 4.36171e-08 3.98025e-08 7.96834e-08
-2.1 3.3 -0.237062 0.170826 -0.237062 0.170826 -0.237062 0.170826 3.38628e-08 3.93712e-08 1.54549e-08
-2.1 3.4 -0.287655 -0.020385 -0.287655 -0.020385 -0.287655 -0.020385 1.00542e-07 3.89688e-08 1.25309e-07
-2.1 3.5 -0.202501 -0.200054 -0.202501 -0.200054 -0.202501 -0.200054 4.42086e-08 3.86003e-08 3.81292e-08
-2.1 3.6 -0.0197501 -0.280364 -0.0197501 -0.280364 -0.0197501 -0.280364 5.3549e-08 3.82674e-08 7.76978e-08
-2.1 3.7 0.170788 -0.218853 0.170788 -0.218853 0.170788 -0.218853 8.79907e-08 3.79693e-08 7.31702e-08
-2.1 3.8 0.270634 -0.0447773 0.270634 -0.0447773 0.270634 -0.0447773 3.84666e-08 3.77036e-08 7.41379e-08
-2.1 3.9 0.225221 0.151052 0.225221 0.151052 0.225221 0.151052 7.11694e-08 3.74666e-08 7.42161e-08
-2.1 4 0.0572894 0.262035 0.0572894 0.262035 0.0572894 0.262035 3.98841e-08 3.7254e-08 5.3643e-08
-2.1 4.1 -0.140777 0.225019 -0.140777 0.225019 -0.140777 0.225019 5.61951e-08 3.70615e-08 3.66879e-08
-2.1 4.2 -0.255963 0.0595033 -0.255963 0.0595033 -0.255963 0.0595033 2.94502e-08 3.68848e-08 4.04451e-08
-2.1 4.3 -0.220048 -0.139042 -0.220048 -0.139042 -0.220048 -0.139042 2.86575e-08 3.672e-08 2.5676e-08
-2.1 4.4 -0.0530536 -0.252423 -0.0530536 -0.252423 -0.0530536 -0.252423 7.96965e-08 3.65639e-08 1.00691e-07
-2.1 4.5 0.144535 -0.210938 0.144535 -0.210938 0.144535 -0.210938 5.83317e-08 3.64136e-08 9.08957e-08
-2.1 4.6 0.250551 -0.0390963 0.250551 -0.0390963 0.250551 -0.0390963 4.2769e-08 3.62669e-08 7.45631e-08
-2.1 4.7 0.197565 0.155725 0.197565 0.155725 0.197565 0.155725 2.75072e-08 3.6122e-08 5.91876e-08
-2.1 4.8 0.0185262 0.248936 0.0185262 0.248936 0.0185262 0.248936 2.27345e-08 3.59777e-08 4.02549e-08
-2.1 4.9 -0.170883 0.179408 -0.170883 0.179408 -0.170883 0.179408 3.74139e-08 3.58332e-08 6.94271e-08
-2.1 5 -0.245853 -0.00778733 -0.245853 -0.00778733 -0.245853 -0.00778734 4.86149e-08 3.56879e-08 5.64211e-08
-2 -5 -0.217904 0.118315 -0.217904 0.118315 -0.217904 0.118315 9.37409e-08 3.54535e-08 1.20287e-07
-2 -4.9 -0.05516 0.243586 -0.05516 0.243586 -0.05516 0.243586 5.44616e-08 3.56134e-08 3.13998e-08
-2 -4.8 0.146643 0.204459 0.146643 0.204459 0.146643 0.204459 9.45247e-08 3.57725e-08 9.59984e-08
-2 -4.7 0.252003 0.0277859 0.252003 0.0277859 0.252003 0.0277859 8.60724e-08 3.59307e-08 9.23443e-08
-2 -4.6 0.191676 -0.168975 0.191676 -0.168975 0.191676 -0.168975 6.2283e-08 3.60882e-08 8.51822e-08
-2 -4.5 0.00584322 -0.257535 0.00584323 -0.257535 0.00584323 -0.257535 5.67755e-08 3.62455e-08 9.287e-08
-2 -4.4 -0.185578 -0.181781 -0.185578 -0.181781 -0.185578 -0.181781 1.67789e-08 3.64034e-08 2.08049e-08
-2 -4.3 -0.261891 0.00938413 -0.261891 0.00938412 -0.261891 0.00938413 3.66702e-08 3.65631e-08 3.54435e-08
-2 -4.2 -0.17677 0.196712 -0.17677 0.196712 -0.17677 0.196712 7.46295e-08 3.67264e-08 6.87423e-08
-2 -4.1 0.0166739 0.266493 0.0166739 0.266493 0.0166739 0.266493 7.38255e-08 3.68957e-08 4.36842e-08
-2 -4 0.202308 0.178374 0.202308 0.178374 0.202308 0.178374 2.94122e-08 3.70738e-08 4.62593e-08
-2 -3.9 0.272188 -0.0146494 0.272188 -0.0146494 0.272188 -0.0146494 3.45176e-08 3.72645e-08 6.84215e-08
-2 -3.8 0.187976 -0.201585 0.187976 -0.201584 0.187976 -0.201584 3.10348e-08 3.74719e-08 3.59758e-08
-2 -3.7 -0.0015869 -0.278861 -0.0015869 -0.278861 -0.00158692 -0.278861 8.88795e-08 3.77006e-08 1.07713e-07
-2 -3.6 -0.192611 -0.20638 -0.192611 -0.20638 -0.192611 -0.20638 3.86484e-08 3.79554e-08 6.75999e-09
-2 -3.5 -0.284859 -0.0246386 -0.284859 -0.0246386 -0.284859 -0.0246386 4.19892e-08 3.82408e-08 2.62681e-08
-2 -3.4 -0.233249 0.171874 -0.233249 0.171874 -0.233249 0.171874 2.59729e-08 3.85604e-08 5.02033e-08
-2 -3.3 -0.0662424 0.286151 -0.0662424 0.286151 -0.0662424 0.286151 2.09638e-08 3.89166e-08 5.98801e-08
-2 -3.2 0.134058 0.265982 0.134058 0.265982 0.134058 0.265982 6.38646e-08 3.93092e-08 5.20199e-08
-2 -3.1 0.275303 0.124435 0.275303 0.124435 0.275303 0.124435 3.31476e-08 3.9735e-08 3.05365e-08
-2 -3 0.297779 -0.0725297 0.297779 -0.0725297 0.297779 -0.0725297 1.72483e-08 4.01864e-08 5.3388e-08
-2 -2.9 0.196893 -0.240656 0.196893 -0.240656 0.196893 -0.240656 3.13982e-08 4.06512e-08 3.53965e-08
-2 -2.8 0.0183547 -0.31495 0.0183547 -0.31495 0.0183548 -0.31495 4.94408e-08 4.1111e-08 7.79901e-08
-2 -2.7 -0.167096 -0.27311 -0.167096 -0.27311 -0.167096 -0.27311 5.12508e-08 4.15419e-08 8.54932e-08
-2 -2.6 -0.294649 -0.137396 -0.294649 -0.137396 -0.294649 -0.137396 6.80835e-08 4.19147e-08 5.83294e-08
-2 -2.5 -0.327887 0.041358 -0.327887 0.041358 -0.327887 0.041358 1.57236e-08 4.21974e-08 3.68117e-08
-2 -2.4 -0.265486 0.206915 -0.265486 0.206915 -0.265486 0.206915 4.00034e-08 4.23599e-08 1.51375e-08
-2 -2.3 -0.133527 0.316853 -0.133527 0.316853 -0.133527 0.316853 2.49144e-08 4.23809e-08 5.22589e-08
-2 -2.2 0.029385 0.351466 0.029385 0.351466 0.029385 0.351466 2.56978e-08 4.22578e-08 2.89769e-08
-2 -2.1 0.186163 0.312381 0.186163 0.312381 0.186163 0.312381 3.80954e-08 4.20132e-08 3.04328e-08
-2 -2 0.309594 0.215308 0.309594 0.215308 0.309594 0.215308 3.3911e-08 4.16941e-08 3.26156e-08
-2 -1.9 0.3846 0.0820683 0.3846 0.0820683 0.3846 0.0820683 4.17447e-08 4.13558e-08 9.30448e-09
-2 -1.8 0.406853 -0.0651325 0.406853 -0.0651325 0.406853 -0.0651325 8.8456e-08 4.10321e-08 1.07321e-07
-2 -1.7 0.380425 -0.206993 0.380425 -0.206993 0.380425 -0.206993 4.56769e-08 4.07018e-08 5.54336e-08
-2 -1.6 0.315591 -0.329209 0.315591 -0.329209 0.315591 -0.329209 2.10471e-08 4.02674e-08 6.07404e-08
-2 -1.5 0.22637 -0.424179 0.22637 -0.424178 0.22637 -0.424178 2.20284e-08 3.95578e-08 5.78134e-08
-2 -1.4 0.127218 -0.491847 0.127218 -0.491847 0.127218 -0.491847 9.27843e-09 3.83626e-08 4.62385e-08
-2 -1.3 0.0293418 -0.538651 0.0293418 -0.538651 0.0293418 -0.538651 1.62183e-08 3.65087e-08 3.39938e-08
-2 -1.2 -0.0618088 -0.574248 -0.0618088 -0.574248 -0.0618088 -0.574248 1.71854e-08 3.39734e-08 4.80261e-08
-2 -1.1 -0.146373 -0.607245 -0.146373 -0.607245 -0.146373 -0.607245 1.95022e-08 3.09707e-08 4.54556e-08
-2 -1 -0.227126 -0.642059 -0.227126 -0.642059 -0.227126 -0.642059 2.24549e-08 2.78876e-08 4.04333e-08
-2 -0.9 -0.305387 -0.67856 -0.305387 -0.67856 -0.305387 -0.67856 2.28436e-08 2.50406e-08 3.54019e-08
-2 -0.8 -0.378247 -0.714408 -0.378247 -0.714408 -0.378247 -0.714408 1.2977e-08 2.24437e-08 2.72505e-08
-2 -0.7 -0.438781 -0.748295 -0.438781 -0.748295 -0.438781 -0.748295 1.26583e-08 1.9806e-08 2.50149e-08
-2 -0.6 -0.479096 -0.781755 -0.479096 -0.781755 -0.479096 -0.781755 7.54483e-09 1.67439e-08 1.84988e-08
-2 -0.5 -0.494411 -0.818275 -0.494411 -0.818275 -0.494411 -0.818275 1.65723e-08 1.30602e-08 2.64309e-08
-2 -0.4 -0.485895 -0.860333 -0.485895 -0.860333 -0.485895 -0.860333 1.00019e-08 9.06928e-09 6.81824e-09
-2 -0.3 -0.460896 -0.906391 -0.460896 -0.906391 -0.460896 -0.906391 8.48126e-09 6.13225e-09 2.35007e-09
-2 -0.2 -0.430668 -0.949984 -0.430668 -0.949984 -0.430668 -0.949984 1.25812e-08 6.23823e-09 6.35031e-09
-2 -0.1 -0.406808 -0.981744 -0.406808 -0.981744 -0.406808 -0.981744 6.10922e-09 7.85087e-09 1.97815e-09
-2 -1.02696e-15 -0.39782 -0.993423 -0.39782 -0.993423 -0.39782 -0.993423 2.67973e-08 8.59529e-09 3.49306e-08
-2 0.1 -0.406808 -0.981744 -0.406808 -0.981744 -0.406808 -0.981744 6.10921e-09 7.85087e-09 1.97817e-09
-2 0.2 -0.430668 -0.949984 -0.430668 -0.949984 -0.430668 -0.949984 1.25813e-08 6.23823e-09 6.35032e-09
-2 0.3 -0.460896 -0.906391 -0.460896 -0.906391 -0.460896 -0.906391 8.48128e-09 6.13227e-09 2.35008e-09
-2 0.4 -0.485895 -0.860333 -0.485895 -0.860333 -0.485895 -0.860333 1.00019e-08 9.06928e-09 6.81825e-09
-2 0.5 -0.494411 -0.818275 -0.494411 -0.818275 -0.494411 -0.818275 1.65723e-08 1.30602e-08 2.64309e-08
-2 0.6 -0.479096 -0.781755 -0.479096 -0.781755 -0.479096 -0.781755 7.54486e-09 1.67439e-08 1.84988e-08
-2 0.7 -0.438781 -0.748295 -0.438781 -0.748295 -0.438781 -0.748295 1.26582e-08 1.98059e-08 2.50149e-08
-2 0.8 -0.378247 -0.714408 -0.378247 -0.714408 -0.378247 -0.714408 1.2977e-08 2.24437e-08 2.72505e-08
-2 0.9 -0.305387 -0.67856 -0.305387 -0.67856 -0.305387 -0.67856 2.28436e-08 2.50407e-08 3.54018e-08
-2 1 -0.227126 -0.642059 -0.227126 -0.642059 -0.227126 -0.642059 2.24549e-08 2.78876e-08 4.04333e-08
-2 1.1 -0.146373 -0.607245 -0.146373 -0.607245 -0.146373 -0.607245 1.95022e-08 3.09707e-08 4.54557e-08
-2 1.2 -0.0618088 -0.574248 -0.0618088 -0.574248 -0.0618088 -0.574248 1.71854e-08 3.39734e-08 4.80261e-08
-2 1.3 0.0293418 -0.538651 0.0293418 -0.538651 0.0293418 -0.538651 1.62183e-08 3.65087e-08 3.39939e-08
-2 1.4 0.127218 -0.491847 0.127218 -0.491847 0.127218 -0.491847 9.27845e-09 3.83626e-08 4.62385e-08
-2 1.5 0.22637 -0.424179 0.22637 -0.424178 0.22637 -0.424178 2.20284e-08 3.95578e-08 5.78134e-08
-2 1.6 0.315591 -0.329209 0.315591 -0.329209 0.315591 -0.329209 2.10471e-08 4.02675e-08 6.07404e-08
-2 1.7 0.380425 -0.206993 0.380425 -0.206993 0.380425 -0.206993 4.56769e-08 4.07018e-08 5.54336e-08
-2 1.8 0.406853 -0.0651325 0.406853 -0.0651325 0.406853 -0.0651325 8.84561e-08 4.10321e-08 1.07321e-07
-2 1.9 0.3846 0.0820683 0.3846 0.0820683 0.3846 0.0820683 4.17447e-08 4.13558e-08 9.30448e-09
-2 2 0.309594 0.215308 0.309594 0.215308 0.309594 0.215308 3.39109e-08 4.16941e-08 3.26156e-08
-2 2.1 0.186163 0.312381 0.186163 0.312381 0.186163 0.312381 3.80955e-08 4.20132e-08 3.04328e-08
-2 2.2 0.029385 0.351466 0.029385 0.351466 0.029385 0.351466 2.56978e-08 4.22578e-08 2.89769e-08
-2 2.3 -0.133527 0.316853 -0.133527 0.316853 -0.133527 0.316853 2.49144e-08 4.23809e-08 5.22589e-08
-2 2.4 -0.265486 0.206915 -0.265486 0.206915 -0.265486 0.206915 4.00034e-08 4.23599e-08 1.51374e-08
-2 2.5 -0.327887 0.041358 -0.327887 0.041358 -0.327887 0.041358 1.57236e-08 4.21974e-08 3.68117e-08
-2 2.6 -0.294649 -0.137396 -0.294649 -0.137396 -0.294649 -0.137396 6.80835e-08 4.19147e-08 5.83294e-08
-2 2.7 -0.167096 -0.27311 -0.167096 -0.27311 -0.167096 -0.27311 5.12508e-08 4.15419e-08 8.54932e-08
-2 2.8 0.0183547 -0.31495 0.0183547 -0.31495 0.0183548 -0.31495 4.94408e-08 4.1111e-08 7.79901e-08
-2 2.9 0.196893 -0.240656 0.196893 -0.240656 0.196893 -0.240656 3.13981e-08 4.06512e-08 3.53965e-08
-2 3 0.297779 -0.0725297 0.297779 -0.0725297 0.297779 -0.0725297 1.72483e-08 4.01864e-08 5.3388e-08
-2 3.1 0.275303 0.124435 0.275303 0.124435 0.275303 0.124435 3.31475e-08 3.9735e-08 3.05365e-08
-2 3.2 0.134058 0.265982 0.134058 0.265982 0.134058 0.265982 6.38646e-08 3.93092e-08 5.20199e-08
-2 3.3 -0.0662424 0.286151 -0.0662424 0.286151 -0.0662424 0.286151 2.09638e-08 3.89166e-08 5.98801e-08
-2 3.4 -0.233249 0.171874 -0.233249 0.171874 -0.233249 0.171874 2.59728e-08 3.85604e-08 5.02033e-08
-2 3.5 -0.284859 -0.0246386 -0.284859 -0.0246386 -0.284859 -0.0246386 4.19892e-08 3.82407e-08 2.62681e-08
-2 3.6 -0.192611 -0.20638 -0.192611 -0.20638 -0.192611 -0.20638 3.86485e-08 3.79554e-08 6.75997e-09
-2 3.7 -0.0015869 -0.278861 -0.0015869 -0.278861 -0.00158692 -0.278861 8.88795e-08 3.77006e-08 1.07713e-07
-2 3.8 0.187976 -0.201585 0.187976 -0.201584 0.187976 -0.201584 3.10348e-08 3.74719e-08 3.59758e-08
-2 3.9 0.272188 -0.0146494 0.272188 -0.0146494 0.272188 -0.0146494 3.45176e-08 3.72645e-08 6.84214e-08
-2 4 0.202308 0.178374 0.202308 0.178374 0.202308 0.178374 2.94123e-08 3.70738e-08 4.62593e-08
-2 4.1 0.0166739 0.266493 0.0166739 0.266493 0.0166739 0.266493 7.38254e-08 3.68956e-08 4.36842e-08
-2 4.2 -0.17677 0.196712 -0.17677 0.196712 -0.17677 0.196712 7.46296e-08 3.67264e-08 6.87423e-08
-2 4.3 -0.261891 0.00938413 -0.261891 0.00938412 -0.261891 0.00938413 3.66702e-08 3.65631e-08 3.54435e-08
-2 4.4 -0.185578 -0.181781 -0.185578 -0.181781 -0.185578 -0.181781 1.67789e-08 3.64034e-08 2.08049e-08
-2 4.5 0.00584322 -0.257535 0.00584323 -0.257535 0.00584323 -0.257535 5.67755e-08 3.62455e-08 9.287e-08
-2 4.6 0.191676 -0.168975 0.191676 -0.168975 0.191676 -0.168975 6.2283e-08 3.60882e-08 8.51822e-08
-2 4.7 0.252003 0.0277859 0.252003 0.0277859 0.252003 0.0277859 8.60723e-08 3.59307e-08 9.23442e-08
-2 4.8 0.146643 0.204459 0.146643 0.204459 0.146643 0.204459 9.45247e-08 3.57725e-08 9.59984e-08
-2 4.9 -0.05516 0.243586 -0.05516 0.243586 -0.05516 0.243586 5.44616e-08 3.56134e-08 3.13998e-08
-2 5 -0.217904 0.118315 -0.217904 0.118315 -0.217904 0.118315 9.37409e-08 3.54535e-08 1.20287e-07
-1.9 -5 -0.13268 0.211872 -0.13268 0.211872 -0.13268 0.211872 1.27668e-08 3.51676e-08 2.9704e-08
-1.9 -4.9 0.0745128 0.240551 0.0745128 0.240551 0.0745128 0.240551 1.48842e-08 3.53412e-08 4.57497e-08
-1.9 -4.8 0.232071 0.102538 0.232071 0.102538 0.232071 0.102538 1.24958e-07 3.55149e-08 1.28663e-07
-1.9 -4.7 0.232113 -0.107155 0.232113 -0.107155 0.232113 -0.107155 1.36912e-08 3.56885e-08 2.2471e-08
-1.9 -4.6 0.0751299 -0.246456 0.0751299 -0.246456 0.0751299 -0.246456 4.39011e-08 3.58617e-08 1.15882e-08
-1.9 -4.5 -0.133536 -0.222764 -0.133536 -0.222764 -0.133536 -0.222764 4.05024e-08 3.60343e-08 7.02234e-08
-1.9 -4.4 -0.25656 -0.0524732 -0.25656 -0.0524732 -0.25656 -0.0524732 2.73715e-08 3.62065e-08 2.01844e-08
-1.9 -4.3 -0.214952 0.153465 -0.214952 0.153465 -0.214952 0.153465 3.78904e-08 3.63785e-08 2.70737e-08
-1.9 -4.2 -0.036306 0.263977 -0.036306 0.263977 -0.036306 0.263977 3.0896e-08 3.65511e-08 5.75414e-08
-1.9 -4.1 0.166853 0.210914 0.166853 0.210914 0.166853 0.210914 6.47051e-08 3.67256e-08 9.29463e-08
-1.9 -4 0.270071 0.0282268 0.270071 0.0282268 0.270071 0.0282268 1.61639e-08 3.69037e-08 4.34621e-08
-1.9 -3.9 0.212578 -0.173366 0.212578 -0.173366 0.212578 -0.173366 2.80131e-08 3.70878e-08 5.42511e-08
-1.9 -3.8 0.0298776 -0.275636 0.0298776 -0.275636 0.0298776 -0.275636 3.73155e-08 3.72812e-08 4.7e-08
-1.9 -3.7 -0.172029 -0.221409 -0.172029 -0.221409 -0.172029 -0.221409 1.3028e-08 3.74876e-08 4.11028e-08
-1.9 -3.6 -0.280437 -0.0430977 -0.280437 -0.0430977 -0.280437 -0.0430977 3.19837e-08 3.77115e-08 3.92541e-08
-1.9 -3.5 -0.238098 0.160769 -0.238098 0.160769 -0.238098 0.160769 5.01971e-08 3.79581e-08 3.10725e-08
-1.9 -3.4 -0.0699157 0.282566 -0.0699157 0.282566 -0.0699157 0.282566 7.40701e-08 3.82324e-08 9.14105e-08
-1.9 -3.3 0.13601 0.261902 0.13601 0.261902 0.13601 0.261902 5.27574e-09 3.8539e-08 3.881e-08
-1.9 -3.2 0.277574 0.112117 0.277574 0.112117 0.277574 0.112117 4.72977e-08 3.88818e-08 7.64047e-08
-1.9 -3.1 0.289383 -0.0925512 0.289383 -0.0925512 0.289383 -0.0925512 2.7828e-08 3.92622e-08 3.75012e-08
-1.9 -3 0.16992 -0.257457 0.16992 -0.257457 0.16992 -0.257457 8.67291e-08 3.96789e-08 6.72335e-08
-1.9 -2.9 -0.0243566 -0.312347 -0.0243566 -0.312347 -0.0243566 -0.312347 7.72999e-08 4.01263e-08 8.47346e-08
-1.9 -2.8 -0.210101 -0.239065 -0.210101 -0.239065 -0.210101 -0.239065 5.14284e-08 4.05933e-08 4.36349e-08
-1.9 -2.7 -0.315162 -0.0725028 -0.315162 -0.0725028 -0.315162 -0.0725028 6.41909e-08 4.10626e-08 7.51405e-08
-1.9 -2.6 -0.305701 0.120827 -0.305701 0.120827 -0.305701 0.120827 3.24906e-08 4.15098e-08 6.3077e-08
-1.9 -2.5 -0.192852 0.2731 -0.192852 0.2731 -0.192852 0.2731 1.34773e-09 4.19039e-08 4.315e-08
-1.9 -2.4 -0.0204654 0.339819 -0.0204654 0.339819 -0.0204654 0.339819 3.15011e-08 4.22089e-08 7.32426e-08
-1.9 -2.3 0.156639 0.310017 0.156639 0.310017 0.156639 0.310017 2.96798e-08 4.23887e-08 6.71926e-08
-1.9 -2.2 0.29274 0.201685 0.29274 0.201685 0.29274 0.201685 1.5501e-08 4.24144e-08 5.09135e-08
-1.9 -2.1 0.362191 0.04851 0.362191 0.04851 0.362191 0.04851 3.77275e-08 4.2275e-08 3.49686e-08
-1.9 -2 0.360091 -0.11407 0.360091 -0.11407 0.360091 -0.11407 4.67429e-08 4.19867e-08 6.37193e-08
-1.9 -1.9 0.296327 -0.257994 0.296327 -0.257994 0.296327 -0.257994 5.648e-08 4.1593e-08 7.78952e-08
-1.9 -1.8 0.188107 -0.365678 0.188107 -0.365678 0.188107 -0.365678 1.03654e-08 4.11489e-08 4.74778e-08
-1.9 -1.7 0.0544354 -0.42922 0.0544354 -0.42922 0.0544354 -0.42922 5.2798e-08 4.06871e-08 6.24981e-08
-1.9 -1.6 -0.0869612 -0.448525 -0.0869611 -0.448525 -0.0869611 -0.448525 5.27703e-09 4.01799e-08 3.64115e-08
-1.9 -1.5 -0.221508 -0.429772 -0.221508 -0.429772 -0.221508 -0.429772 4.36531e-08 3.95158e-08 7.07337e-08
-1.9 -1.4 -0.339599 -0.383856 -0.339599 -0.383856 -0.339599 -0.383856 2.74527e-08 3.85081e-08 5.45473e-08
-1.9 -1.3 -0.438101 -0.32385 -0.438101 -0.32385 -0.438101 -0.32385 3.49633e-08 3.69444e-08 3.8694e-08
-1.9 -1.2 -0.520302 -0.261515 -0.520302 -0.261515 -0.520302 -0.261515 2.83569e-08 3.46848e-08 6.09974e-08
-1.9 -1.1 -0.593467 -0.204229 -0.593466 -0.204229 -0.593466 -0.204229 3.33233e-08 3.17848e-08 5.26975e-08
-1.9 -1 -0.664699 -0.154139 -0.664699 -0.154139 -0.664699 -0.154139 2.75723e-08 2.85452e-08 4.32769e-08
-1.9 -0.9 -0.737201 -0.110192 -0.737201 -0.110192 -0.737201 -0.110192 2.0272e-08 2.53688e-08 5.11898e-09
-1.9 -0.8 -0.808981 -0.0718231 -0.808981 -0.0718231 -0.808981 -0.0718231 1.30735e-08 2.24743e-08 3.18591e-08
-1.9 -0.7 -0.874618 -0.0418176 -0.874618 -0.0418176 -0.874618 -0.0418176 2.80061e-08 1.97297e-08 4.01355e-08
-1.9 -0.6 -0.92873 -0.0262735 -0.92873 -0.0262735 -0.92873 -0.0262735 3.44322e-08 1.67688e-08 1.8919e-08
-1.9 -0.5 -0.968886 -0.0314337 -0.968886 -0.0314337 -0.968886 -0.0314337 1.10199e-08 1.32834e-08 7.01225e-09
-1.9 -0.4 -0.99627 -0.0591966 -0.99627 -0.0591966 -0.99627 -0.0591966 1.41546e-08 9.37555e-09 2.12683e-08
-1.9 -0.3 -1.01417 -0.104048 -1.01417 -0.104048 -1.01417 -0.104048 6.85197e-09 6.09478e-09 1.05408e-08
-1.9 -0.2 -1.0257 -0.153434 -1.0257 -0.153434 -1.0257 -0.153434 1.61349e-08 5.65079e-09 2.11105e-08
-1.9 -0.1 -1.03247 -0.191741 -1.03247 -0.191741 -1.03247 -0.191741 1.66798e-08 7.20063e-09 1.55243e-08
-1.9 -1.02696e-15 -1.03475 -0.206155 -1.03475 -0.206155 -1.03475 -0.206155 2.17524e-08 7.98384e-09 1.39092e-08
-1.9 0.1 -1.03247 -0.191741 -1.03247 -0.191741 -1.03247 -0.191741 1.66799e-08 7.20062e-09 1.55243e-08
-1.9 0.2 -1.0257 -0.153434 -1.0257 -0.153434 -1.0257 -0.153434 1.61349e-08 5.65079e-09 2.11105e-08
-1.9 0.3 -1.01417 -0.104048 -1.01417 -0.104048 -1.01417 -0.104048 6.85198e-09 6.09479e-09 1.05408e-08
-1.9 0.4 -0.99627 -0.0591966 -0.99627 -0.0591966 -0.99627 -0.0591966 1.41546e-08 9.37556e-09 2.12682e-08
-1.9 0.5 -0.968886 -0.0314337 -0.968886 -0.0314337 -0.968886 -0.0314337 1.10199e-08 1.32834e-08 7.01224e-09
-1.9 0.6 -0.92873 -0.0262735 -0.92873 -0.0262735 -0.92873 -0.0262735 3.44322e-08 1.67688e-08 1.8919e-08
-1.9 0.7 -0.874618 -0.0418176 -0.874618 -0.0418176 -0.874618 -0.0418176 2.80061e-08 1.97297e-08 4.01354e-08
-1.9 0.8 -0.808981 -0.0718231 -0.808981 -0.0718231 -0.808981 -0.0718231 1.30735e-08 2.24743e-08 3.18591e-08
-1.9 0.9 -0.737201 -0.110192 -0.737201 -0.110192 -0.737201 -0.110192 2.02719e-08 2.53688e-08 5.119e-09
-1.9 1 -0.664699 -0.154139 -0.664699 -0.154139 -0.664699 -0.154139 2.75723e-08 2.85452e-08 4.32769e-08
-1.9 1.1 -0.593467 -0.204229 -0.593466 -0.204229 -0.593466 -0.204229 3.33233e-08 3.17847e-08 5.26975e-08
-1.9 1.2 -0.520302 -0.261515 -0.520302 -0.261515 -0.520302 -0.261515 2.83569e-08 3.46848e-08 6.09974e-08
-1.9 1.3 -0.438101 -0.32385 -0.438101 -0.32385 -0.438101 -0.32385 3.49633e-08 3.69445e-08 3.8694e-08
-1.9 1.4 -0.339599 -0.383856 -0.339599 -0.383856 -0.339599 -0.383856 2.74527e-08 3.85081e-08 5.45473e-08
-1.9 1.5 -0.221508 -0.429772 -0.221508 -0.429772 -0.221508 -0.429772 4.36531e-08 3.95158e-08 7.07336e-08
-1.9 1.6 -0.0869612 -0.448525 -0.0869611 -0.448525 -0.0869611 -0.448525 5.27704e-09 4.01799e-08 3.64115e-08
-1.9 1.7 0.0544354 -0.42922 0.0544354 -0.42922 0.0544354 -0.42922 5.2798e-08 4.06871e-08 6.24981e-08
-1.9 1.8 0.188107 -0.365678 0.188107 -0.365678 0.188107 -0.365678 1.03654e-08 4.11489e-08 4.74778e-08
-1.9 1.9 0.296327 -0.257994 0.296327 -0.257994 0.296327 -0.257994 5.64801e-08 4.1593e-08 7.78952e-08
-1.9 2 0.360091 -0.11407 0.360091 -0.11407 0.360091 -0.11407 4.67429e-08 4.19867e-08 6.37193e-08
-1.9 2.1 0.362191 0.04851 0.362191 0.04851 0.362191 0.04851 3.77275e-08 4.2275e-08 3.49686e-08
-1.9 2.2 0.29274 0.201685 0.29274 0.201685 0.29274 0.201685 1.55009e-08 4.24144e-08 5.09135e-08
-1.9 2.3 0.156639 0.310017 0.156639 0.310017 0.156639 0.310017 2.96798e-08 4.23887e-08 6.71926e-08
-1.9 2.4 -0.0204654 0.339819 -0.0204654 0.339819 -0.0204654 0.339819 3.1501e-08 4.22089e-08 7.32426e-08
-1.9 2.5 -0.192852 0.2731 -0.192852 0.2731 -0.192852 0.2731 1.34772e-09 4.19039e-08 4.315e-08
-1.9 2.6 -0.305701 0.120827 -0.305701 0.120827 -0.305701 0.120827 3.24906e-08 4.15098e-08 6.3077e-08
-1.9 2.7 -0.315162 -0.0725028 -0.315162 -0.0725028 -0.315162 -0.0725028 6.41909e-08 4.10626e-08 7.51405e-08
-1.9 2.8 -0.210101 -0.239065 -0.210101 -0.239065 -0.210101 -0.239065 5.14285e-08 4.05933e-08 4.36349e-08
-1.9 2.9 -0.0243566 -0.312347 -0.0243566 -0.312347 -0.0243566 -0.312347 7.72999e-08 4.01263e-08 8.47346e-08
-1.9 3 0.16992 -0.257457 0.16992 -0.257457 0.16992 -0.257457 8.67291e-08 3.96789e-08 6.72336e-08
-1.9 3.1 0.289383 -0.0925512 0.289383 -0.0925512 0.289383 -0.0925512 2.7828e-08 3.92622e-08 3.75012e-08
-1.9 3.2 0.277574 0.112117 0.277574 0.112117 0.277574 0.112117 4.72978e-08 3.88818e-08 7.64047e-08
-1.9 3.3 0.13601 0.261902 0.13601 0.261902 0.13601 0.261902 5.27573e-09 3.8539e-08 3.881e-08
-1.9 3.4 -0.0699157 0.282566 -0.0699157 0.282566 -0.0699157 0.282566 7.407e-08 3.82324e-08 9.14105e-08
-1.9 3.5 -0.238098 0.160769 -0.238098 0.160769 -0.238098 0.160769 5.01971e-08 3.79581e-08 3.10725e-08
-1.9 3.6 -0.280437 -0.0430977 -0.280437 -0.0430977 -0.280437 -0.0430977 3.19837e-08 3.77116e-08 3.92541e-08
-1.9 3.7 -0.172029 -0.221409 -0.172029 -0.221409 -0.172029 -0.221409 1.3028e-08 3.74876e-08 4.11028e-08
-1.9 3.8 0.0298776 -0.275636 0.0298776 -0.275636 0.0298776 -0.275636 3.73155e-08 3.72812e-08 4.7e-08
-1.9 3.9 0.212578 -0.173366 0.212578 -0.173366 0.212578 -0.173366 2.80131e-08 3.70879e-08 5.42511e-08
-1.9 4 0.270071 0.0282268 0.270071 0.0282268 0.270071 0.0282268 1.61639e-08 3.69037e-08 4.34621e-08
-1.9 4.1 0.166853 0.210914 0.166853 0.210914 0.166853 0.210914 6.47052e-08 3.67256e-08 9.29463e-08
-1.9 4.2 -0.036306 0.263977 -0.036306 0.263977 -0.036306 0.263977 3.0896e-08 3.65512e-08 5.75414e-08
-1.9 4.3 -0.214952 0.153465 -0.214952 0.153465 -0.214952 0.153465 3.78904e-08 3.63785e-08 2.70736e-08
-1.9 4.4 -0.25656 -0.0524732 -0.25656 -0.0524732 -0.25656 -0.0524732 2.73715e-08 3.62065e-08 2.01844e-08
-1.9 4.5 -0.133536 -0.222764 -0.133536 -0.222764 -0.133536 -0.222764 4.05024e-08 3.60343e-08 7.02234e-08
-1.9 4.6 0.0751299 -0.246456 0.0751299 -0.246456 0.0751299 -0.246456 4.39011e-08 3.58617e-08 1.15882e-08
-1.9 4.7 0.232113 -0.107155 0.232113 -0.107155 0.232113 -0.107155 1.36912e-08 3.56885e-08 2.2471e-08
-1.9 4.8 0.232071 0.102538 0.232071 0.102538 0.232071 0.102538 1.24958e-07 3.55149e-08 1.28663e-07
-1.9 4.9 0.0745128 0.240551 0.0745128 0.240551 0.0745128 0.240551 1.48841e-08 3.53412e-08 4.57497e-08
-1.9 5 -0.13268 0.211872 -0.13268 0.211872 -0.13268 0.211872 1.27667e-08 3.51676e-08 2.9704e-08
-1.8 -5 -0.0154124 0.25154 -0.0154124 0.25154 -0.0154124 0.25154 4.74427e-08 3.48328e-08 7.21666e-08
-1.8 -4.9 0.18351 0.175493 0.18351 0.175493 0.18351 0.175493 4.22829e-08 3.50169e-08 1.34896e-08
-1.8 -4.8 0.254568 -0.0257088 0.254568 -0.0257088 0.254568 -0.0257088 5.20039e-08 3.52028e-08 5.39023e-08
-1.8 -4.7 0.148125 -0.211063 0.148125 -0.211063 0.148125 -0.211063 4.8397e-08 3.53902e-08 8.35573e-08
-1.8 -4.6 -0.0618893 -0.252418 -0.0618893 -0.252418 -0.0618893 -0.252418 1.78032e-08 3.55785e-08 4.17327e-08
-1.8 -4.5 -0.231882 -0.121947 -0.231882 -0.121947 -0.231882 -0.121947 1.41223e-08 3.57672e-08 2.40813e-08
-1.8 -4.4 -0.247641 0.0919424 -0.247641 0.0919424 -0.247641 0.0919424 4.35412e-08 3.59562e-08 5.90841e-08
-1.8 -4.3 -0.0994534 0.247139 -0.0994534 0.247139 -0.0994534 0.247139 4.60324e-08 3.61449e-08 8.13664e-08
-1.8 -4.2 0.115131 0.242817 0.115131 0.242817 0.115131 0.242817 2.79489e-08 3.63335e-08 4.55512e-08
-1.8 -4.1 0.258193 0.0828527 0.258193 0.0828527 0.258193 0.0828527 2.96674e-08 3.65223e-08 4.00534e-08
-1.8 -4 0.240372 -0.130918 0.240372 -0.130918 0.240372 -0.130918 2.95184e-08 3.67117e-08 3.02986e-08
-1.8 -3.9 0.0741581 -0.266266 0.0741581 -0.266266 0.0741581 -0.266266 4.75542e-08 3.6903e-08 8.40154e-08
-1.8 -3.8 -0.138627 -0.242407 -0.138627 -0.242407 -0.138627 -0.242407 5.17986e-08 3.7098e-08 5.91813e-08
-1.8 -3.7 -0.272038 -0.0753185 -0.272038 -0.0753185 -0.272038 -0.0753185 2.32983e-08 3.7299e-08 5.84025e-08
-1.8 -3.6 -0.250467 0.137028 -0.250467 0.137028 -0.250467 0.137028 8.87322e-09 3.75095e-08 3.16374e-08
-1.8 -3.5 -0.0883198 0.275123 -0.0883198 0.275123 -0.0883198 0.275123 3.13526e-08 3.77336e-08 5.30643e-08
-1.8 -3.4 0.123885 0.265134 0.123885 0.265134 0.123885 0.265134 2.01492e-08 3.7976e-08 5.78485e-08
-1.8 -3.3 0.273368 0.115097 0.273368 0.115097 0.273368 0.115097 5.36985e-08 3.82422e-08 6.80215e-08
-1.8 -3.2 0.285257 -0.0955829 0.285257 -0.0955829 0.285257 -0.0955829 4.65504e-08 3.85376e-08 7.43195e-08
-1.8 -3.1 0.156964 -0.261931 0.156964 -0.261931 0.156964 -0.261931 3.84299e-08 3.88671e-08 5.42945e-08
-1.8 -3 -0.0471312 -0.306552 -0.0471312 -0.306552 -0.0471312 -0.306552 3.6094e-08 3.92338e-08 6.46816e-08
-1.8 -2.9 -0.232332 -0.213027 -0.232332 -0.213027 -0.232332 -0.213027 3.85646e-08 3.96384e-08 3.60254e-08
-1.8 -2.8 -0.319408 -0.0266966 -0.319408 -0.0266966 -0.319408 -0.0266966 1.34993e-08 4.00774e-08 2.95254e-08
-1.8 -2.7 -0.276877 0.172217 -0.276877 0.172217 -0.276877 0.172217 6.84577e-08 4.05416e-08 9.18271e-08
-1.8 -2.6 -0.127689 0.306298 -0.127689 0.306298 -0.127689 0.306298 3.92338e-08 4.1015e-08 8.01941e-08
-1.8 -2.5 0.0678579 0.331016 0.0678579 0.331016 0.0678579 0.331016 7.37781e-08 4.14732e-08 1.064e-07
-1.8 -2.4 0.240976 0.245944 0.240976 0.245944 0.240976 0.245944 4.70203e-08 4.18837e-08 6.23742e-08
-1.8 -2.3 0.340491 0.0865213 0.340491 0.0865213 0.340491 0.0865213 3.80248e-08 4.22067e-08 7.08571e-08
-1.8 -2.2 0.346221 -0.095676 0.346221 -0.095676 0.346221 -0.095676 4.27818e-08 4.23994e-08 6.50976e-08
-1.8 -2.1 0.267606 -0.253282 0.267606 -0.253282 0.267606 -0.253282 4.46215e-08 4.24244e-08 7.26566e-08
-1.8 -2 0.132416 -0.355894 0.132416 -0.355894 0.132416 -0.355894 1.45029e-08 4.22608e-08 4.92561e-08
-1.8 -1.9 -0.0267891 -0.392778 -0.0267891 -0.392778 -0.0267891 -0.392778 4.83444e-08 4.1916e-08 8.8129e-08
-1.8 -1.8 -0.182379 -0.368282 -0.182379 -0.368282 -0.182379 -0.368282 1.13514e-08 4.14287e-08 4.17259e-08
-1.8 -1.7 -0.315555 -0.294961 -0.315555 -0.294961 -0.315555 -0.294961 2.22626e-08 4.08526e-08 5.22271e-08
-1.8 -1.6 -0.41605 -0.188208 -0.41605 -0.188207 -0.41605 -0.188208 2.80583e-08 4.0219e-08 6.11859e-08
-1.8 -1.5 -0.480561 -0.0634403 -0.480561 -0.0634403 -0.480561 -0.0634403 1.97655e-08 3.94935e-08 4.31998e-08
-1.8 -1.4 -0.511674 0.0653946 -0.511674 0.0653946 -0.511674 0.0653946 1.50152e-08 3.85516e-08 3.72508e-08
-1.8 -1.3 -0.517099 0.187434 -0.517099 0.187434 -0.517099 0.187434 1.35115e-08 3.71952e-08 4.88488e-08
-1.8 -1.2 -0.508004 0.296743 -0.508004 0.296743 -0.508004 0.296743 2.77524e-08 3.52213e-08 5.0621e-08
-1.8 -1.1 -0.495919 0.39312 -0.495919 0.39312 -0.495919 0.39312 1.59196e-08 3.25414e-08 3.53865e-08
-1.8 -1 -0.489244 0.480572 -0.489244 0.480572 -0.489244 0.480572 5.54692e-09 2.93014e-08 2.80714e-08
-1.8 -0.9 -0.491297 0.563613 -0.491297 0.563613 -0.491297 0.563613 1.48129e-08 2.58731e-08 1.11256e-08
-1.8 -0.8 -0.501135 0.643264 -0.501135 0.643264 -0.501135 0.643264 1.32581e-08 2.26295e-08 2.95933e-08
-1.8 -0.7 -0.516523 0.715218 -0.516523 0.715218 -0.516523 0.715218 1.10426e-08 1.96562e-08 2.53572e-08
-1.8 -0.6 -0.536827 0.771456 -0.536827 0.771456 -0.536827 0.771456 1.62052e-08 1.66924e-08 7.72241e-09
-1.8 -0.5 -0.563641 0.804498 -0.563641 0.804498 -0.563641 0.804498 2.36318e-09 1.33714e-08 1.27126e-08
-1.8 -0.4 -0.59861 0.811865 -0.59861 0.811865 -0.59861 0.811865 6.56072e-09 9.60241e-09 1.20188e-08
-1.8 -0.3 -0.640113 0.798268 -0.640113 0.798268 -0.640113 0.798268 2.16483e-08 6.10517e-09 2.16606e-08
-1.8 -0.2 -0.681494 0.774431 -0.681494 0.774431 -0.681494 0.774431 3.55253e-09 5.05971e-09 8.61223e-09
-1.8 -0.1 -0.712615 0.753215 -0.712615 0.753215 -0.712615 0.753215 7.05473e-09 6.47375e-09 9.99804e-09
-1.8 -1.02696e-15 -0.724234 0.744852 -0.724234 0.744852 -0.724234 0.744852 1.97116e-08 7.28608e-09 2.27612e-08
-1.8 0.1 -0.712615 0.753215 -0.712615 0.753215 -0.712615 0.753215 7.05474e-09 6.47376e-09 9.99803e-09
-1.8 0.2 -0.681494 0.774431 -0.681494 0.774431 -0.681494 0.774431 3.55253e-09 5.0597e-09 8.61222e-09
-1.8 0.3 -0.640113 0.798268 -0.640113 0.798268 -0.640113 0.798268 2.16482e-08 6.10516e-09 2.16606e-08
-1.8 0.4 -0.59861 0.811865 -0.59861 0.811865 -0.59861 0.811865 6.56072e-09 9.60242e-09 1.20188e-08
-1.8 0.5 -0.563641 0.804498 -0.563641 0.804498 -0.563641 0.804498 2.36319e-09 1.33714e-08 1.27126e-08
-1.8 0.6 -0.536827 0.771456 -0.536827 0.771456 -0.536827 0.771456 1.62052e-08 1.66924e-08 7.72241e-09
-1.8 0.7 -0.516523 0.715218 -0.516523 0.715218 -0.516523 0.715218 1.10426e-08 1.96562e-08 2.53572e-08
-1.8 0.8 -0.501135 0.643264 -0.501135 0.643264 -0.501135 0.643264 1.32581e-08 2.26295e-08 2.95934e-08
-1.8 0.9 -0.491297 0.563613 -0.491297 0.563613 -0.491297 0.563613 1.48129e-08 2.58731e-08 1.11256e-08
-1.8 1 -0.489244 0.480572 -0.489244 0.480572 -0.489244 0.480572 5.54693e-09 2.93014e-08 2.80714e-08
-1.8 1.1 -0.495919 0.39312 -0.495919 0.39312 -0.495919 0.39312 1.59196e-08 3.25414e-08 3.53865e-08
-1.8 1.2 -0.508004 0.296743 -0.508004 0.296743 -0.508004 0.296743 2.77524e-08 3.52213e-08 5.06209e-08
-1.8 1.3 -0.517099 0.187434 -0.517099 0.187434 -0.517099 0.187434 1.35115e-08 3.71952e-08 4.88488e-08
-1.8 1.4 -0.511674 0.0653946 -0.511674 0.0653946 -0.511674 0.0653946 1.50152e-08 3.85516e-08 3.72508e-08
-1.8 1.5 -0.480561 -0.0634403 -0.480561 -0.0634403 -0.480561 -0.0634403 1.97655e-08 3.94935e-08 4.31998e-08
-1.8 1.6 -0.41605 -0.188208 -0.41605 -0.188207 -0.41605 -0.188208 2.80584e-08 4.0219e-08 6.11859e-08
-1.8 1.7 -0.315555 -0.294961 -0.315555 -0.294961 -0.315555 -0.294961 2.22626e-08 4.08526e-08 5.22271e-08
-1.8 1.8 -0.182379 -0.368282 -0.182379 -0.368282 -0.182379 -0.368282 1.13514e-08 4.14287e-08 4.17259e-08
-1.8 1.9 -0.0267891 -0.392778 -0.0267891 -0.392778 -0.0267891 -0.392778 4.83444e-08 4.1916e-08 8.8129e-08
-1.8 2 0.132416 -0.355894 0.132416 -0.355894 0.132416 -0.355894 1.45029e-08 4.22608e-08 4.92561e-08
-1.8 2.1 0.267606 -0.253282 0.267606 -0.253282 0.267606 -0.253282 4.46215e-08 4.24245e-08 7.26566e-08
-1.8 2.2 0.346221 -0.095676 0.346221 -0.095676 0.346221 -0.095676 4.27818e-08 4.23994e-08 6.50976e-08
-1.8 2.3 0.340491 0.0865213 0.340491 0.0865213 0.340491 0.0865213 3.80247e-08 4.22067e-08 7.08571e-08
-1.8 2.4 0.240976 0.245944 0.240976 0.245944 0.240976 0.245944 4.70203e-08 4.18837e-08 6.23742e-08
-1.8 2.5 0.0678579 0.331016 0.0678579 0.331016 0.0678579 0.331016 7.37781e-08 4.14732e-08 1.064e-07
-1.8 2.6 -0.127689 0.306298 -0.127689 0.306298 -0.127689 0.306298 3.92338e-08 4.1015e-08 8.01941e-08
-1.8 2.7 -0.276877 0.172217 -0.276877 0.172217 -0.276877 0.172217 6.84577e-08 4.05416e-08 9.18271e-08
-1.8 2.8 -0.319408 -0.0266966 -0.319408 -0.0266966 -0.319408 -0.0266966 1.34993e-08 4.00774e-08 2.95254e-08
-1.8 2.9 -0.232332 -0.213027 -0.232332 -0.213027 -0.232332 -0.213027 3.85646e-08 3.96384e-08 3.60254e-08
-1.8 3 -0.0471312 -0.306552 -0.0471312 -0.306552 -0.0471312 -0.306552 3.6094e-08 3.92338e-08 6.46816e-08
-1.8 3.1 0.156964 -0.261931 0.156964 -0.261931 0.156964 -0.261931 3.84299e-08 3.88671e-08 5.42945e-08
-1.8 3.2 0.285257 -0.0955829 0.285257 -0.0955829 0.285257 -0.0955829 4.65504e-08 3.85376e-08 7.43195e-08
-1.8 3.3 0.273368 0.115097 0.273368 0.115097 0.273368 0.115097 5.36984e-08 3.82422e-08 6.80215e-08
-1.8 3.4 0.123885 0.265134 0.123885 0.265134 0.123885 0.265134 2.01492e-08 3.7976e-08 5.78485e-08
-1.8 3.5 -0.0883198 0.275123 -0.0883198 0.275123 -0.0883198 0.275123 3.13526e-08 3.77336e-08 5.30643e-08
-1.8 3.6 -0.250467 0.137028 -0.250467 0.137028 -0.250467 0.137028 8.87321e-09 3.75095e-08 3.16375e-08
-1.8 3.7 -0.272038 -0.0753185 -0.272038 -0.0753185 -0.272038 -0.0753185 2.32984e-08 3.7299e-08 5.84025e-08
-1.8 3.8 -0.138627 -0.242407 -0.138627 -0.242407 -0.138627 -0.242407 5.17986e-08 3.7098e-08 5.91813e-08
-1.8 3.9 0.0741581 -0.266266 0.0741581 -0.266266 0.0741581 -0.266266 4.75542e-08 3.6903e-08 8.40154e-08
-1.8 4 0.240372 -0.130918 0.240372 -0.130918 0.240372 -0.130918 2.95183e-08 3.67117e-08 3.02986e-08
-1.8 4.1 0.258193 0.0828527 0.258193 0.0828527 0.258193 0.0828527 2.96675e-08 3.65223e-08 4.00534e-08
-1.8 4.2 0.115131 0.242817 0.115131 0.242817 0.115131 0.242817 2.79489e-08 3.63335e-08 4.55511e-08
-1.8 4.3 -0.0994534 0.247139 -0.0994534 0.247139 -0.0994534 0.247139 4.60324e-08 3.61449e-08 8.13664e-08
-1.8 4.4 -0.247641 0.0919424 -0.247641 0.0919424 -0.247641 0.0919424 4.35412e-08 3.59561e-08 5.90841e-08
-1.8 4.5 -0.231882 -0.121947 -0.231882 -0.121947 -0.231882 -0.121947 1.41222e-08 3.57672e-08 2.40813e-08
-1.8 4.6 -0.0618893 -0.252418 -0.0618893 -0.252418 -0.0618893 -0.252418 1.78032e-08 3.55785e-08 4.17327e-08
-1.8 4.7 0.148125 -0.211063 0.148125 -0.211063 0.148125 -0.211063 4.8397e-08 3.53902e-08 8.35573e-08
-1.8 4.8 0.254568 -0.0257088 0.254568 -0.0257088 0.254568 -0.0257088 5.20039e-08 3.52028e-08 5.39023e-08
-1.8 4.9 0.18351 0.175493 0.18351 0.175493 0.18351 0.175493 4.22829e-08 3.50169e-08 1.34896e-08
-1.8 5 -0.0154124 0.25154 -0.0154124 0.25154 -0.0154124 0.25154 4.74427e-08 3.48328e-08 7.21667e-08
-1.7 -5 0.103833 0.23177 0.103833 0.23177 0.103833 0.23177 6.82827e-08 3.44574e-08 9.28016e-08
-1.7 -4.9 0.246557 0.0687173 0.246557 0.0687173 0.246557 0.0687173 7.70428e-08 3.46473e-08 6.12773e-08
-1.7 -4.8 0.212762 -0.145899 0.212762 -0.145899 0.212762 -0.145899 3.541e-08 3.4841e-08 2.08636e-08
-1.7 -4.7 0.0264771 -0.258697 0.0264771 -0.258697 0.0264771 -0.258697 5.49466e-08 3.5038e-08 7.5927e-08
-1.7 -4.6 -0.180651 -0.189985 -0.180651 -0.189985 -0.180651 -0.189985 4.96598e-08 3.5238e-08 4.8e-08
-1.7 -4.5 -0.264049 0.012102 -0.264049 0.012102 -0.264049 0.012102 3.15643e-08 3.54403e-08 5.44746e-08
-1.7 -4.4 -0.166526 0.208124 -0.166526 0.208124 -0.166526 0.208124 5.97566e-08 3.56444e-08 9.06287e-08
-1.7 -4.3 0.0451554 0.26501 0.0451554 0.26501 0.0451554 0.26501 1.52662e-08 3.585e-08 5.04743e-08
-1.7 -4.2 0.228977 0.145299 0.228977 0.145299 0.228977 0.145299 3.63465e-08 3.60563e-08 6.80555e-08
-1.7 -4.1 0.26417 -0.0713203 0.26417 -0.0713203 0.26417 -0.0713203 5.21561e-08 3.62633e-08 8.73998e-08
-1.7 -4 0.128973 -0.244203 0.128973 -0.244203 0.128973 -0.244203 2.98947e-08 3.64705e-08 6.6364e-08
-1.7 -3.9 -0.0895215 -0.264062 -0.0895215 -0.264062 -0.0895215 -0.264062 4.01488e-08 3.66782e-08 8.0741e-09
-1.7 -3.8 -0.25477 -0.119994 -0.25477 -0.119994 -0.25477 -0.119994 8.45041e-08 3.68868e-08 9.51831e-08
-1.7 -3.7 -0.266912 0.0986501 -0.266912 0.0986501 -0.266912 0.0986502 4.49384e-08 3.70974e-08 4.33622e-08
-1.7 -3.6 -0.12065 0.261163 -0.12065 0.261163 -0.12065 0.261163 4.89184e-08 3.73116e-08 6.57452e-08
-1.7 -3.5 0.0971563 0.274322 0.0971562 0.274322 0.0971563 0.274322 2.56013e-08 3.7532e-08 3.66323e-08
-1.7 -3.4 0.262803 0.133105 0.262803 0.133105 0.262803 0.133105 3.06173e-08 3.77619e-08 3.30692e-08
-1.7 -3.3 0.286763 -0.0826059 0.286763 -0.0826059 0.286763 -0.0826059 5.05079e-08 3.80058e-08 1.25157e-08
-1.7 -3.2 0.159208 -0.257276 0.159208 -0.257276 0.159208 -0.257276 3.85075e-08 3.82687e-08 4.95958e-08
-1.7 -3.1 -0.0513535 -0.302674 -0.0513535 -0.302674 -0.0513536 -0.302674 6.69752e-08 3.85563e-08 3.15526e-08
-1.7 -3 -0.23938 -0.199763 -0.23938 -0.199763 -0.23938 -0.199763 9.04741e-08 3.88743e-08 1.19053e-07
-1.7 -2.9 -0.316912 -0.0012872 -0.316912 -0.00128721 -0.316912 -0.0012872 3.42076e-08 3.92273e-08 3.69621e-08
-1.7 -2.8 -0.252658 0.20026 -0.252658 0.20026 -0.252658 0.20026 3.60894e-08 3.96179e-08 5.20159e-08
-1.7 -2.7 -0.0795095 0.318453 -0.0795095 0.318453 -0.0795095 0.318453 4.63782e-08 4.00446e-08 6.13204e-08
-1.7 -2.6 0.127565 0.309114 0.127565 0.309114 0.127565 0.309114 6.44254e-08 4.05007e-08 5.98658e-08
-1.7 -2.5 0.287964 0.182493 0.287964 0.182493 0.287964 0.182493 8.98483e-08 4.09719e-08 9.47501e-08
-1.7 -2.4 0.347702 -0.00914059 0.347702 -0.00914059 0.347702 -0.00914058 9.06776e-08 4.14344e-08 6.08203e-08
-1.7 -2.3 0.294776 -0.198184 0.294776 -0.198184 0.294776 -0.198184 5.81975e-08 4.18546e-08 8.39676e-08
-1.7 -2.2 0.155074 -0.328504 0.155074 -0.328504 0.155074 -0.328504 1.08569e-08 4.21889e-08 4.46369e-08
-1.7 -2.1 -0.0248247 -0.371531 -0.0248247 -0.371531 -0.0248246 -0.371531 5.29485e-08 4.23878e-08 9.15779e-08
-1.7 -2 -0.197673 -0.328064 -0.197673 -0.328064 -0.197673 -0.328064 9.54856e-09 4.24039e-08 5.14636e-08
-1.7 -1.9 -0.329709 -0.219232 -0.329709 -0.219232 -0.329709 -0.219232 2.33684e-08 4.22045e-08 6.525e-08
-1.7 -1.8 -0.405314 -0.0737164 -0.405314 -0.0737164 -0.405314 -0.0737164 3.35138e-08 4.17863e-08 7.53001e-08
-1.7 -1.7 -0.423914 0.0823834 -0.423914 0.0823834 -0.423914 0.0823834 4.4139e-08 4.11812e-08 8.27361e-08
-1.7 -1.6 -0.393749 0.230192 -0.393749 0.230192 -0.393749 0.230192 1.69991e-08 4.04404e-08 2.61501e-08
-1.7 -1.5 -0.326663 0.35823 -0.326663 0.35823 -0.326663 0.35823 2.44743e-08 3.9594e-08 3.31659e-08
-1.7 -1.4 -0.235479 0.460981 -0.235479 0.460981 -0.235479 0.460981 1.87476e-08 3.86018e-08 4.91998e-08
-1.7 -1.3 -0.132963 0.538003 -0.132963 0.538003 -0.132963 0.538003 9.4308e-09 3.73288e-08 4.22848e-08
-1.7 -1.2 -0.0306698 0.593734 -0.0306698 0.593734 -0.0306698 0.593734 8.01641e-09 3.55728e-08 4.33907e-08
-1.7 -1.1 0.0629422 0.63663 0.0629422 0.63663 0.0629422 0.63663 1.83511e-08 3.3155e-08 4.98704e-08
-1.7 -1 0.144044 0.676593 0.144044 0.676593 0.144044 0.676593 1.27414e-08 3.00562e-08 3.32487e-08
-1.7 -0.9 0.213042 0.721217 0.213042 0.721217 0.213042 0.721217 4.05145e-08 2.65157e-08 4.48368e-08
-1.7 -0.8 0.271824 0.772802 0.271824 0.772802 0.271824 0.772802 2.59637e-08 2.29459e-08 4.03861e-08
-1.7 -0.7 0.320194 0.827983 0.320194 0.827983 0.320194 0.827983 1.15406e-08 1.96432e-08 3.11796e-08
-1.7 -0.6 0.35407 0.88022 0.35407 0.88022 0.35407 0.88022 1.08025e-08 1.65454e-08 2.50655e-08
-1.7 -0.5 0.367193 0.923521 0.367193 0.923521 0.367193 0.923521 1.39264e-08 1.33145e-08 1.54863e-08
-1.7 -0.4 0.355733 0.955088 0.355733 0.955088 0.355733 0.955088 2.11923e-08 9.70812e-09 1.46746e-08
-1.7 -0.3 0.32294 0.975609 0.32294 0.975609 0.32294 0.975609 1.11619e-09 6.12412e-09 5.30147e-09
-1.7 -0.2 0.280518 0.987672 0.280518 0.987672 0.280518 0.987672 9.28328e-09 4.48304e-09 1.19609e-08
-1.7 -0.1 0.245124 0.993868 0.245124 0.993868 0.245124 0.993868 1.55527e-08 5.66719e-09 1.07176e-08
-1.7 -1.02696e-15 0.23139 0.995771 0.23139 0.995771 0.23139 0.995771 1.84524e-08 6.49154e-09 2.1568e-08
-1.7 0.1 0.245124 0.993868 0.245124 0.993868 0.245124 0.993868 1.55527e-08 5.6672e-09 1.07176e-08
-1.7 0.2 0.280518 0.987672 0.280518 0.987672 0.280518 0.987672 9.28327e-09 4.48305e-09 1.19609e-08
-1.7 0.3 0.32294 0.975609 0.32294 0.975609 0.32294 0.975609 1.11618e-09 6.12412e-09 5.30148e-09
-1.7 0.4 0.355733 0.955088 0.355733 0.955088 0.355733 0.955088 2.11923e-08 9.70812e-09 1.46747e-08
-1.7 0.5 0.367193 0.923521 0.367193 0.923521 0.367193 0.923521 1.39264e-08 1.33145e-08 1.54863e-08
-1.7 0.6 0.35407 0.88022 0.35407 0.88022 0.35407 0.88022 1.08025e-08 1.65454e-08 2.50655e-08
-1.7 0.7 0.320194 0.827983 0.320194 0.827983 0.320194 0.827983 1.15406e-08 1.96432e-08 3.11796e-08
-1.7 0.8 0.271824 0.772802 0.271824 0.772802 0.271824 0.772802 2.59637e-08 2.29459e-08 4.03861e-08
-1.7 0.9 0.213042 0.721217 0.213042 0.721217 0.213042 0.721217 4.05145e-08 2.65157e-08 4.48368e-08
-1.7 1 0.144044 0.676593 0.144044 0.676593 0.144044 0.676593 1.27414e-08 3.00562e-08 3.32487e-08
-1.7 1.1 0.0629422 0.63663 0.0629422 0.63663 0.0629422 0.63663 1.83511e-08 3.3155e-08 4.98704e-08
-1.7 1.2 -0.0306698 0.593734 -0.0306698 0.593734 -0.0306698 0.593734 8.01641e-09 3.55728e-08 4.33907e-08
-1.7 1.3 -0.132963 0.538003 -0.132963 0.538003 -0.132963 0.538003 9.43081e-09 3.73288e-08 4.22848e-08
-1.7 1.4 -0.235479 0.460981 -0.235479 0.460981 -0.235479 0.460981 1.87476e-08 3.86018e-08 4.91997e-08
-1.7 1.5 -0.326663 0.35823 -0.326663 0.35823 -0.326663 0.35823 2.44743e-08 3.9594e-08 3.31659e-08
-1.7 1.6 -0.393749 0.230192 -0.393749 0.230192 -0.393749 0.230192 1.69991e-08 4.04404e-08 2.61502e-08
-1.7 1.7 -0.423914 0.0823834 -0.423914 0.0823834 -0.423914 0.0823834 4.4139e-08 4.11812e-08 8.27361e-08
-1.7 1.8 -0.405314 -0.0737164 -0.405314 -0.0737164 -0.405314 -0.0737164 3.35138e-08 4.17863e-08 7.53001e-08
-1.7 1.9 -0.329709 -0.219232 -0.329709 -0.219232 -0.329709 -0.219232 2.33684e-08 4.22045e-08 6.525e-08
-1.7 2 -0.197673 -0.328064 -0.197673 -0.