-2 -2 0.309594 0.215308 0.309592 0.215308 0.309592 0.215307 1.38409e-06 4.16717e-06 5.36458e-06
-2 -1.9 0.3846 0.0820683 0.384599 0.0820684 0.384598 0.0820679 1.35874e-06 4.13336e-06 4.97747e-06
-2 -1.8 0.406853 -0.0651325 0.406852 -0.0651318 0.406852 -0.0651313 1.22558e-06 4.101e-06 4.50648e-06
-2 -1.7 0.380425 -0.206993 0.380424 -0.206991 0.380424 -0.206991 1.12871e-06 4.06799e-06 3.16536e-06
-2 -1.6 0.315591 -0.329209 0.31559 -0.329207 0.31559 -0.329207 6.87304e-07 4.02458e-06 4.68209e-06
-2 -1.5 0.22637 -0.424179 0.226369 -0.424177 0.226369 -0.424177 4.76405e-07 3.95365e-06 4.15627e-06
-2 -1.4 0.127218 -0.491847 0.127218 -0.491845 0.127218 -0.491845 8.62352e-07 3.8342e-06 4.57095e-06
-2 -1.3 0.0293418 -0.538651 0.0293424 -0.538649 0.0293424 -0.538649 1.59544e-07 3.64891e-06 3.52093e-06
-2 -1.2 -0.0618088 -0.574248 -0.0618079 -0.574246 -0.0618082 -0.574246 4.45701e-07 3.39551e-06 3.14055e-06
-2 -1.1 -0.146373 -0.607245 -0.146372 -0.607243 -0.146372 -0.607243 5.29306e-07 3.0954e-06 3.62468e-06
-2 -1 -0.227126 -0.642059 -0.227124 -0.642058 -0.227124 -0.642058 4.63592e-07 2.78725e-06 2.74641e-06
-2 -0.9 -0.305387 -0.67856 -0.305386 -0.678558 -0.305386 -0.678559 3.18848e-07 2.50271e-06 2.33806e-06
-2 -0.8 -0.378247 -0.714408 -0.378246 -0.714407 -0.378246 -0.714406 2.22689e-07 2.24315e-06 2.43126e-06
-2 -0.7 -0.438781 -0.748295 -0.43878 -0.748294 -0.43878 -0.748294 2.38907e-07 1.97953e-06 2.16882e-06
-2 -0.6 -0.479096 -0.781755 -0.479095 -0.781754 -0.479095 -0.781753 4.34154e-07 1.67349e-06 1.67168e-06
-2 -0.5 -0.494411 -0.818275 -0.494411 -0.818274 -0.494411 -0.818274 2.96064e-07 1.30532e-06 1.53441e-06
-2 -0.4 -0.485895 -0.860333 -0.485895 -0.860332 -0.485895 -0.860332 3.29216e-07 9.06438e-07 1.08701e-06
-2 -0.3 -0.460896 -0.906391 -0.460896 -0.906391 -0.460896 -0.906391 3.70813e-07 6.12895e-07 2.93603e-07
-2 -0.2 -0.430668 -0.949984 -0.430669 -0.949984 -0.430669 -0.949983 5.16476e-07 6.23486e-07 1.13736e-06
-2 -0.1 -0.406808 -0.981744 -0.406808 -0.981744 -0.406808 -0.981744 4.95505e-07 7.84662e-07 2.95832e-07
-2 6.38378e-16 -0.39782 -0.993423 -0.397821 -0.993422 -0.397821 -0.993422 3.13853e-07 8.59064e-07 1.15723e-06
-2 0.1 -0.406808 -0.981744 -0.406808 -0.981744 -0.406808 -0.981744 4.95505e-07 7.84662e-07 2.95832e-07
-2 0.2 -0.430668 -0.949984 -0.430669 -0.949984 -0.430669 -0.949983 5.16476e-07 6.23486e-07 1.13736e-06
-2 0.3 -0.460896 -0.906391 -0.460896 -0.906391 -0.460896 -0.906391 3.70813e-07 6.12895e-07 2.93603e-07
-2 0.4 -0.485895 -0.860333 -0.485895 -0.860332 -0.485895 -0.860332 3.29216e-07 9.06438e-07 1.08701e-06
-2 0.5 -0.494411 -0.818275 -0.494411 -0.818274 -0.494411 -0.818274 2.96064e-07 1.30532e-06 1.53441e-06
-2 0.6 -0.479096 -0.781755 -0.479095 -0.781754 -0.479095 -0.781753 4.34154e-07 1.67349e-06 1.67168e-06
-2 0.7 -0.438781 -0.748295 -0.43878 -0.748294 -0.43878 -0.748294 2.38907e-07 1.97953e-06 2.16882e-06
-2 0.8 -0.378247 -0.714408 -0.378246 -0.714407 -0.378246 -0.714406 2.22689e-07 2.24315e-06 2.43126e-06
-2 0.9 -0.305387 -0.67856 -0.305386 -0.678558 -0.305386 -0.678559 3.18848e-07 2.50271e-06 2.33806e-06
-2 1 -0.227126 -0.642059 -0.227124 -0.642058 -0.227124 -0.642058 4.63592e-07 2.78725e-06 2.74641e-06
-2 1.1 -0.146373 -0.607245 -0.146372 -0.607243 -0.146372 -0.607243 5.29306e-07 3.0954e-06 3.62468e-06
-2 1.2 -0.0618088 -0.574248 -0.0618079 -0.574246 -0.0618082 -0.574246 4.45701e-07 3.39551e-06 3.14055e-06
-2 1.3 0.0293418 -0.538651 0.0293424 -0.538649 0.0293424 -0.538649 1.59544e-07 3.64891e-06 3.52093e-06
-2 1.4 0.127218 -0.491847 0.127218 -0.491845 0.127218 -0.491845 8.62352e-07 3.8342e-06 4.57095e-06
-2 1.5 0.22637 -0.424179 0.226369 -0.424177 0.226369 -0.424177 4.76405e-07 3.95365e-06 4.15627e-06
-2 1.6 0.315591 -0.329209 0.31559 -0.329207 0.31559 -0.329207 6.87304e-07 4.02458e-06 4.68209e-06
-2 1.7 0.380425 -0.206993 0.380424 -0.206991 0.380424 -0.206991 1.12871e-06 4.06799e-06 3.16536e-06
-2 1.8 0.406853 -0.0651325 0.406852 -0.0651318 0.406852 -0.0651313 1.22558e-06 4.101e-06 4.50648e-06
-2 1.9 0.3846 0.0820683 0.384599 0.0820684 0.384598 0.0820679 1.35874e-06 4.13336e-06 4.97747e-06
-1.9 -2 0.360091 -0.11407 0.36009 -0.11407 0.36009 -0.11407 4.80975e-07 4.19641e-06 4.52186e-06
-1.9 -1.9 0.296327 -0.257994 0.296326 -0.257992 0.296326 -0.257992 1.27336e-06 4.15706e-06 3.63844e-06
-1.9 -1.8 0.188107 -0.365678 0.188107 -0.365676 0.188106 -0.365676 1.71188e-06 4.11268e-06 4.82074e-06
-1.9 -1.7 0.0544354 -0.42922 0.0544356 -0.429219 0.0544356 -0.429218 8.77493e-07 4.06652e-06 4.89992e-06
-1.9 -1.6 -0.0869612 -0.448525 -0.0869603 -0.448523 -0.0869604 -0.448523 2.79911e-07 4.01583e-06 3.73745e-06
-1.9 -1.5 -0.221508 -0.429772 -0.221507 -0.429771 -0.221507 -0.429771 1.59747e-07 3.94945e-06 3.79202e-06
-1.9 -1.4 -0.339599 -0.383856 -0.339597 -0.383855 -0.339597 -0.383855 1.38626e-07 3.84874e-06 3.87636e-06
-1.9 -1.3 -0.438101 -0.32385 -0.438099 -0.323849 -0.438099 -0.323849 7.215e-07 3.69246e-06 3.67867e-06
-1.9 -1.2 -0.520302 -0.261515 -0.5203 -0.261515 -0.5203 -0.261515 3.91332e-07 3.46661e-06 3.82863e-06
-1.9 -1.1 -0.593467 -0.204229 -0.593465 -0.20423 -0.593464 -0.204229 5.44523e-07 3.17676e-06 3.57714e-06
-1.9 -1 -0.664699 -0.154139 -0.664697 -0.154139 -0.664697 -0.154139 8.75398e-08 2.85298e-06 2.78227e-06
-1.9 -0.9 -0.737201 -0.110192 -0.737199 -0.110192 -0.737199 -0.110192 5.90138e-07 2.53551e-06 2.84099e-06
-1.9 -0.8 -0.808981 -0.0718231 -0.808979 -0.0718234 -0.80898 -0.0718232 5.67811e-07 2.24622e-06 1.70982e-06
-1.9 -0.7 -0.874618 -0.0418176 -0.874616 -0.0418179 -0.874616 -0.0418178 3.06384e-07 1.97191e-06 2.1853e-06
-1.9 -0.6 -0.92873 -0.0262735 -0.928729 -0.0262737 -0.928729 -0.0262741 3.92189e-07 1.67597e-06 1.90218e-06
-1.9 -0.5 -0.968886 -0.0314337 -0.968884 -0.0314338 -0.968884 -0.0314342 4.49696e-07 1.32763e-06 1.60549e-06
-1.9 -0.4 -0.99627 -0.0591966 -0.996269 -0.0591965 -0.996269 -0.0591962 3.42589e-07 9.37049e-07 1.13713e-06
-1.9 -0.3 -1.01417 -0.104048 -1.01417 -0.104048 -1.01417 -0.104047 1.05922e-06 6.09149e-07 1.53867e-06
-1.9 -0.2 -1.0257 -0.153434 -1.0257 -0.153434 -1.0257 -0.153433 3.88763e-07 5.64773e-07 8.70716e-07
-1.9 -0.1 -1.03247 -0.191741 -1.03247 -0.19174 -1.03247 -0.191741 5.02542e-07 7.19673e-07 2.68848e-07
-1.9 6.38378e-16 -1.03475 -0.206155 -1.03475 -0.206154 -1.03475 -0.206154 1.30832e-07 7.97952e-07 6.67124e-07
-1.9 0.1 -1.03247 -0.191741 -1.03247 -0.19174 -1.03247 -0.191741 5.02542e-07 7.19673e-07 2.68848e-07
-1.9 0.2 -1.0257 -0.153434 -1.0257 -0.153434 -1.0257 -0.153433 3.88763e-07 5.64773e-07 8.70716e-07
-1.9 0.3 -1.01417 -0.104048 -1.01417 -0.104048 -1.01417 -0.104047 1.05922e-06 6.09149e-07 1.53867e-06
-1.9 0.4 -0.99627 -0.0591966 -0.996269 -0.0591965 -0.996269 -0.0591962 3.42589e-07 9.37049e-07 1.13713e-06
-1.9 0.5 -0.968886 -0.0314337 -0.968884 -0.0314338 -0.968884 -0.0314342 4.49696e-07 1.32763e-06 1.60549e-06
-1.9 0.6 -0.92873 -0.0262735 -0.928729 -0.0262737 -0.928729 -0.0262741 3.92189e-07 1.67597e-06 1.90218e-06
-1.9 0.7 -0.874618 -0.0418176 -0.874616 -0.0418179 -0.874616 -0.0418178 3.06384e-07 1.97191e-06 2.1853e-06
-1.9 0.8 -0.808981 -0.0718231 -0.808979 -0.0718234 -0.80898 -0.0718232 5.67811e-07 2.24622e-06 1.70982e-06
-1.9 0.9 -0.737201 -0.110192 -0.737199 -0.110192 -0.737199 -0.110192 5.90138e-07 2.53551e-06 2.84099e-06
-1.9 1 -0.664699 -0.154139 -0.664697 -0.154139 -0.664697 -0.154139 8.75398e-08 2.85298e-06 2.78227e-06
-1.9 1.1 -0.593467 -0.204229 -0.593465 -0.20423 -0.593464 -0.204229 5.44523e-07 3.17676e-06 3.57714e-06
-1.9 1.2 -0.520302 -0.261515 -0.5203 -0.261515 -0.5203 -0.261515 3.91332e-07 3.46661e-06 3.82863e-06
-1.9 1.3 -0.438101 -0.32385 -0.438099 -0.323849 -0.438099 -0.323849 7.215e-07 3.69246e-06 3.67867e-06
-1.9 1.4 -0.339599 -0.383856 -0.339597 -0.383855 -0.339597 -0.383855 1.38626e-07 3.84874e-06 3.87636e-06
-1.9 1.5 -0.221508 -0.429772 -0.221507 -0.429771 -0.221507 -0.429771 1.59747e-07 3.94945e-06 3.79202e-06
-1.9 1.6 -0.0869612 -0.448525 -0.0869603 -0.448523 -0.0869604 -0.448523 2.79911e-07 4.01583e-06 3.73745e-06
-1.9 1.7 0.0544354 -0.42922 0.0544356 -0.429219 0.0544356 -0.429218 8.77493e-07 4.06652e-06 4.89992e-06
-1.9 1.8 0.188107 -0.365678 0.188107 -0.365676 0.188106 -0.365676 1.71188e-06 4.11268e-06 4.82074e-06
-1.9 1.9 0.296327 -0.257994 0.296326 -0.257992 0.296326 -0.257992 1.27336e-06 4.15706e-06 3.63844e-06
-1.8 -2 0.132416 -0.355894 0.132415 -0.355893 0.132415 -0.355893 1.45122e-06 4.2238e-06 4.94854e-06
-1.8 -1.9 -0.0267891 -0.392778 -0.0267886 -0.392776 -0.0267883 -0.392776 7.11636e-07 4.18934e-06 4.79682e-06
-1.8 -1.8 -0.182379 -0.368282 -0.182378 -0.368281 -0.182378 -0.368281 8.24498e-07 4.14064e-06 3.88367e-06
-1.8 -1.7 -0.315555 -0.294961 -0.315553 -0.29496 -0.315553 -0.29496 1.26099e-06 4.08306e-06 3.33784e-06
-1.8 -1.6 -0.41605 -0.188208 -0.416048 -0.188207 -0.416049 -0.188207 1.27488e-06 4.01973e-06 3.57686e-06
-1.8 -1.5 -0.480561 -0.0634403 -0.480559 -0.0634406 -0.480559 -0.0634402 9.01826e-07 3.94722e-06 3.86767e-06
-1.8 -1.4 -0.511674 0.0653946 -0.511672 0.0653938 -0.511672 0.0653931 1.25537e-06 3.85308e-06 4.33074e-06
-1.8 -1.3 -0.517099 0.187434 -0.517097 0.187433 -0.517097 0.187434 1.65083e-06 3.71752e-06 3.28348e-06
-1.8 -1.2 -0.508004 0.296743 -0.508003 0.296742 -0.508002 0.296742 1.25019e-06 3.52023e-06 4.50328e-06
-1.8 -1.1 -0.495919 0.39312 -0.495918 0.393118 -0.495919 0.393118 5.70452e-07 3.25239e-06 3.47805e-06
-1.8 -1 -0.489244 0.480572 -0.489243 0.48057 -0.489243 0.480571 9.43308e-07 2.92856e-06 2.46413e-06
-1.8 -0.9 -0.491297 0.563613 -0.491296 0.563611 -0.491296 0.563611 5.0155e-07 2.58592e-06 3.06719e-06
-1.8 -0.8 -0.501135 0.643264 -0.501135 0.643263 -0.501135 0.643263 6.58032e-07 2.26173e-06 2.04838e-06
-1.8 -0.7 -0.516523 0.715218 -0.516522 0.715216 -0.516522 0.715217 3.29943e-07 1.96456e-06 1.67425e-06
-1.8 -0.6 -0.536827 0.771456 -0.536826 0.771454 -0.536826 0.771454 5.88607e-07 1.66834e-06 2.178e-06
-1.8 -0.5 -0.563641 0.804498 -0.56364 0.804497 -0.563641 0.804498 4.59619e-07 1.33642e-06 9.66929e-07
-1.8 -0.4 -0.59861 0.811865 -0.59861 0.811864 -0.598609 0.811864 2.04846e-07 9.59723e-07 1.12489e-06
-1.8 -0.3 -0.640113 0.798268 -0.640113 0.798268 -0.640113 0.798268 3.20529e-07 6.10186e-07 3.05201e-07
-1.8 -0.2 -0.681494 0.774431 -0.681493 0.774431 -0.681494 0.774431 5.65324e-07 5.05697e-07 1.60421e-07
-1.8 -0.1 -0.712615 0.753215 -0.712615 0.753216 -0.712615 0.753215 1.50484e-07 6.47025e-07 5.00132e-07
-1.8 6.38378e-16 -0.724234 0.744852 -0.724234 0.744852 -0.724234 0.744852 7.54063e-07 7.28214e-07 1.49755e-07
-1.8 0.1 -0.712615 0.753215 -0.712615 0.753216 -0.712615 0.753215 1.50484e-07 6.47026e-07 5.00132e-07
-1.8 0.2 -0.681494 0.774431 -0.681493 0.774431 -0.681494 0.774431 5.65324e-07 5.05697e-07 1.60421e-07
-1.8 0.3 -0.640113 0.798268 -0.640113 0.798268 -0.640113 0.798268 3.20529e-07 6.10186e-07 3.05201e-07
-1.8 0.4 -0.59861 0.811865 -0.59861 0.811864 -0.598609 0.811864 2.04846e-07 9.59723e-07 1.12489e-06
-1.8 0.5 -0.563641 0.804498 -0.56364 0.804497 -0.563641 0.804498 4.59619e-07 1.33642e-06 9.66929e-07
-1.8 0.6 -0.536827 0.771456 -0.536826 0.771454 -0.536826 0.771454 5.88607e-07 1.66834e-06 2.178e-06
-1.8 0.7 -0.516523 0.715218 -0.516522 0.715216 -0.516522 0.715217 3.29943e-07 1.96456e-06 1.67425e-06
-1.8 0.8 -0.501135 0.643264 -0.501135 0.643263 -0.501135 0.643263 6.58032e-07 2.26173e-06 2.04838e-06
-1.8 0.9 -0.491297 0.563613 -0.491296 0.563611 -0.491296 0.563611 5.0155e-07 2.58592e-06 3.06719e-06
-1.8 1 -0.489244 0.480572 -0.489243 0.48057 -0.489243 0.480571 9.43308e-07 2.92856e-06 2.46413e-06
-1.8 1.1 -0.495919 0.39312 -0.495918 0.393118 -0.495919 0.393118 5.70452e-07 3.25239e-06 3.47805e-06
-1.8 1.2 -0.508004 0.296743 -0.508003 0.296742 -0.508002 0.296742 1.25019e-06 3.52023e-06 4.50328e-06
-1.8 1.3 -0.517099 0.187434 -0.517097 0.187433 -0.517097 0.187434 1.65083e-06 3.71752e-06 3.28348e-06
-1.8 1.4 -0.511674 0.0653946 -0.511672 0.0653938 -0.511672 0.0653931 1.25537e-06 3.85308e-06 4.33074e-06
-1.8 1.5 -0.480561 -0.0634403 -0.480559 -0.0634406 -0.480559 -0.0634402 9.01826e-07 3.94722e-06 3.86767e-06
-1.8 1.6 -0.41605 -0.188208 -0.416048 -0.188207 -0.416049 -0.188207 1.27488e-06 4.01973e-06 3.57686e-06
-1.8 1.7 -0.315555 -0.294961 -0.315553 -0.29496 -0.315553 -0.29496 1.26099e-06 4.08306e-06 3.33784e-06
-1.8 1.8 -0.182379 -0.368282 -0.182378 -0.368281 -0.182378 -0.368281 8.24498e-07 4.14064e-06 3.88367e-06
-1.8 1.9 -0.0267891 -0.392778 -0.0267886 -0.392776 -0.0267883 -0.392776 7.11636e-07 4.18934e-06 4.79682e-06
-1.7 -2 -0.197673 -0.328064 -0.197672 -0.328063 -0.197671 -0.328063 1.42871e-06 4.23811e-06 4.57156e-06
-1.7 -1.9 -0.329709 -0.219232 -0.329708 -0.219232 -0.329708 -0.219232 2.6846e-08 4.21818e-06 4.21965e-06
-1.7 -1.8 -0.405314 -0.0737164 -0.405312 -0.0737165 -0.405312 -0.0737166 6.01265e-08 4.17638e-06 4.1687e-06
-1.7 -1.7 -0.423914 0.0823834 -0.423912 0.0823827 -0.423912 0.0823827 8.27871e-07 4.1159e-06 4.78234e-06
-1.7 -1.6 -0.393749 0.230192 -0.393747 0.230191 -0.393748 0.23019 4.49416e-07 4.04186e-06 3.96759e-06
-1.7 -1.5 -0.326663 0.35823 -0.326663 0.358229 -0.326662 0.358229 1.67244e-06 3.95727e-06 3.11222e-06
-1.7 -1.4 -0.235479 0.460981 -0.235479 0.460979 -0.235478 0.460979 1.98751e-06 3.8581e-06 4.53826e-06
-1.7 -1.3 -0.132963 0.538003 -0.132963 0.538001 -0.132964 0.538002 1.31989e-06 3.73087e-06 2.89913e-06
-1.7 -1.2 -0.0306698 0.593734 -0.0306703 0.593732 -0.0306696 0.593732 1.16301e-06 3.55537e-06 3.45799e-06
-1.7 -1.1 0.0629422 0.63663 0.0629413 0.636628 0.0629416 0.636627 8.62008e-07 3.31371e-06 3.89444e-06
-1.7 -1 0.144044 0.676593 0.144043 0.676591 0.144043 0.676591 3.154e-07 3.004e-06 3.24978e-06
-1.7 -0.9 0.213042 0.721217 0.213041 0.721216 0.213041 0.721215 2.953e-07 2.65014e-06 2.93984e-06
-1.7 -0.8 0.271824 0.772802 0.271823 0.772801 0.271823 0.772801 8.77954e-08 2.29335e-06 2.27829e-06
-1.7 -0.7 0.320194 0.827983 0.320193 0.827981 0.320194 0.827981 9.08813e-07 1.96326e-06 1.99719e-06
-1.7 -0.6 0.35407 0.88022 0.354069 0.880218 0.354069 0.880218 5.45e-07 1.65365e-06 1.78113e-06
-1.7 -0.5 0.367193 0.923521 0.367192 0.92352 0.367192 0.92352 4.76494e-07 1.33073e-06 1.28945e-06
-1.7 -0.4 0.355733 0.955088 0.355732 0.955087 0.355732 0.955087 1.51402e-07 9.70287e-07 1.10404e-06
-1.7 -0.3 0.32294 0.975609 0.32294 0.975608 0.32294 0.975608 1.2478e-07 6.1208e-07 6.17525e-07
-1.7 -0.2 0.280518 0.987672 0.280518 0.987672 0.280519 0.987672 6.98329e-07 4.48062e-07 1.12717e-06
-1.7 -0.1 0.245124 0.993868 0.245125 0.993868 0.245125 0.993867 4.40297e-07 5.66413e-07 9.23323e-07
-1.7 6.38378e-16 0.23139 0.995771 0.23139 0.995771 0.23139 0.995771 5.73446e-07 6.48802e-07 4.52325e-07
-1.7 0.1 0.245124 0.993868 0.245125 0.993868 0.245125 0.993867 4.40297e-07 5.66413e-07 9.23323e-07
-1.7 0.2 0.280518 0.987672 0.280518 0.987672 0.280519 0.987672 6.98329e-07 4.48062e-07 1.12717e-06
-1.7 0.3 0.32294 0.975609 0.32294 0.975608 0.32294 0.975608 1.2478e-07 6.1208e-07 6.17525e-07
-1.7 0.4 0.355733 0.955088 0.355732 0.955087 0.355732 0.955087 1.51402e-07 9.70287e-07 1.10404e-06
-1.7 0.5 0.367193 0.923521 0.367192 0.92352 0.367192 0.92352 4.76494e-07 1.33073e-06 1.28945e-06
-1.7 0.6 0.35407 0.88022 0.354069 0.880218 0.354069 0.880218 5.45e-07 1.65365e-06 1.78113e-06
-1.7 0.7 0.320194 0.827983 0.320193 0.827981 0.320194 0.827981 9.08813e-07 1.96326e-06 1.99719e-06
-1.7 0.8 0.271824 0.772802 0.271823 0.772801 0.271823 0.772801 8.77954e-08 2.29335e-06 2.27829e-06
-1.7 0.9 0.213042 0.721217 0.213041 0.721216 0.213041 0.721215 2.953e-07 2.65014e-06 2.93984e-06
-1.7 1 0.144044 0.676593 0.144043 0.676591 0.144043 0.676591 3.154e-07 3.004e-06 3.24978e-06
-1.7 1.1 0.0629422 0.63663 0.0629413 0.636628 0.0629416 0.636627 8.62008e-07 3.31371e-06 3.89444e-06
-1.7 1.2 -0.0306698 0.593734 -0.0306703 0.593732 -0.0306696 0.593732 1.16301e-06 3.55537e-06 3.45799e-06
-1.7 1.3 -0.132963 0.538003 -0.132963 0.538001 -0.132964 0.538002 1.31989e-06 3.73087e-06 2.89913e-06
-1.7 1.4 -0.235479 0.460981 -0.235479 0.460979 -0.235478 0.460979 1.98751e-06 3.8581e-06 4.53826e-06
-1.7 1.5 -0.326663 0.35823 -0.326663 0.358229 -0.326662 0.358229 1.67244e-06 3.95727e-06 3.11222e-06
-1.7 1.6 -0.393749 0.230192 -0.393747 0.230191 -0.393748 0.23019 4.49416e-07 4.04186e-06 3.96759e-06
-1.7 1.7 -0.423914 0.0823834 -0.423912 0.0823827 -0.423912 0.0823827 8.27871e-07 4.1159e-06 4.78234e-06
-1.7 1.8 -0.405314 -0.0737164 -0.405312 -0.0737165 -0.405312 -0.0737166 6.01265e-08 4.17638e-06 4.1687e-06
-1.7 1.9 -0.329709 -0.219232 -0.329708 -0.219232 -0.329708 -0.219232 2.6846e-08 4.21818e-06 4.21965e-06
-1.6 -2 -0.383205 -0.054629 -0.383204 -0.0546292 -0.383203 -0.054629 1.40583e-06 4.23257e-06 5.53045e-06
-1.6 -1.9 -0.379243 0.125534 -0.379242 0.125533 -0.379242 0.125533 1.2962e-06 4.23207e-06 3.29605e-06
-1.6 -1.8 -0.304816 0.280887 -0.304815 0.280885 -0.304815 0.280886 6.46637e-07 4.20696e-06 3.68451e-06
-1.6 -1.7 -0.184011 0.392072 -0.184011 0.39207 -0.184011 0.392071 9.10395e-07 4.15558e-06 3.74507e-06
-1.6 -1.6 -0.0406033 0.454432 -0.0406036 0.45443 -0.0406036 0.45443 1.73843e-07 4.08022e-06 3.91272e-06
-1.6 -1.5 0.107287 0.472539 0.107286 0.472538 0.107286 0.472538 7.06295e-07 3.9857e-06 3.4866e-06
-1.6 -1.4 0.247829 0.45512 0.247827 0.455118 0.247828 0.455119 1.41748e-06 3.87496e-06 2.51556e-06
-1.6 -1.3 0.37406 0.412486 0.374059 0.412485 0.374059 0.412485 4.64776e-07 3.74361e-06 3.55243e-06
-1.6 -1.2 0.482895 0.355896 0.482893 0.355895 0.482892 0.355895 6.60741e-07 3.57762e-06 4.07342e-06
-1.6 -1.1 0.575145 0.296939 0.575143 0.296938 0.575143 0.296938 5.44363e-07 3.35743e-06 3.81065e-06
-1.6 -1 0.655326 0.245792 0.655324 0.245792 0.655324 0.245791 3.58791e-07 3.06925e-06 3.28391e-06
-1.6 -0.9 0.729755 0.208977 0.729753 0.208977 0.729754 0.208977 3.95698e-07 2.71953e-06 2.33643e-06
-1.6 -0.8 0.802968 0.18831 0.802966 0.18831 0.802967 0.188309 6.494e-07 2.34052e-06 2.24107e-06
-1.6 -0.7 0.874324 0.182091 0.874322 0.182091 0.874322 0.182091 1.13291e-06 1.97353e-06 2.66115e-06
-1.6 -0.6 0.937249 0.187765 0.937247 0.187764 0.937247 0.187765 2.00797e-07 1.63676e-06 1.77612e-06
-1.6 -0.5 0.982236 0.203895 0.982234 0.203895 0.982235 0.203895 1.80494e-07 1.311e-06 1.17006e-06
-1.6 -0.4 1.00233 0.229785 1.00233 0.229785 1.00233 0.229785 5.27205e-07 9.64822e-07 6.04598e-07
-1.6 -0.3 0.998005 0.263067 0.998004 0.263066 0.998005 0.263066 3.8341e-07 6.09242e-07 7.48944e-07
-1.6 -0.2 0.978409 0.297616 0.978409 0.297616 0.978408 0.297616 4.4763e-07 3.93599e-07 7.02011e-07
-1.6 -0.1 0.95788 0.324213 0.957881 0.324213 0.957881 0.324212 7.36736e-07 4.78227e-07 1.18197e-06
-1.6 6.38378e-16 0.949318 0.334255 0.949319 0.334255 0.949318 0.334255 7.72808e-07 5.59146e-07 3.44178e-07
-1.6 0.1 0.95788 0.324213 0.957881 0.324213 0.957881 0.324212 7.36736e-07 4.78227e-07 1.18197e-06
-1.6 0.2 0.978409 0.297616 0.978409 0.297616 0.978408 0.297616 4.4763e-07 3.93599e-07 7.02011e-07
-1.6 0.3 0.998005 0.263067 0.998004 0.263066 0.998005 0.263066 3.8341e-07 6.09242e-07 7.48944e-07
-1.6 0.4 1.00233 0.229785 1.00233 0.229785 1.00233 0.229785 5.27205e-07 9.64822e-07 6.04598e-07
-1.6 0.5 0.982236 0.203895 0.982234 0.203895 0.982235 0.203895 1.80494e-07 1.311e-06 1.17006e-06
-1.6 0.6 0.937249 0.187765 0.937247 0.187764 0.937247 0.187765 2.00797e-07 1.63676e-06 1.77612e-06
-1.6 0.7 0.874324 0.182091 0.874322 0.182091 0.874322 0.182091 1.13291e-06 1.97353e-06 2.66115e-06
-1.6 0.8 0.802968 0.18831 0.802966 0.18831 0.802967 0.188309 6.494e-07 2.34052e-06 2.24107e-06
-1.6 0.9 0.729755 0.208977 0.729753 0.208977 0.729754 0.208977 3.95698e-07 2.71953e-06 2.33643e-06
-1.6 1 0.655326 0.245792 0.655324 0.245792 0.655324 0.245791 3.58791e-07 3.06925e-06 3.28391e-06
-1.6 1.1 0.575145 0.296939 0.575143 0.296938 0.575143 0.296938 5.44363e-07 3.35743e-06 3.81065e-06
-1.6 1.2 0.482895 0.355896 0.482893 0.355895 0.482892 0.355895 6.60741e-07 3.57762e-06 4.07342e-06
-1.6 1.3 0.37406 0.412486 0.374059 0.412485 0.374059 0.412485 4.64776e-07 3.74361e-06 3.55243e-06
-1.6 1.4 0.247829 0.45512 0.247827 0.455118 0.247828 0.455119 1.41748e-06 3.87496e-06 2.51556e-06
-1.6 1.5 0.107287 0.472539 0.107286 0.472538 0.107286 0.472538 7.06295e-07 3.9857e-06 3.4866e-06
-1.6 1.6 -0.0406033 0.454432 -0.0406036 0.45443 -0.0406036 0.45443 1.73843e-07 4.08022e-06 3.91272e-06
-1.6 1.7 -0.184011 0.392072 -0.184011 0.39207 -0.184011 0.392071 9.10395e-07 4.15558e-06 3.74507e-06
-1.6 1.8 -0.304816 0.280887 -0.304815 0.280885 -0.304815 0.280886 6.46637e-07 4.20696e-06 3.68451e-06
-1.6 1.9 -0.379243 0.125534 -0.379242 0.125533 -0.379242 0.125533 1.2962e-06 4.23207e-06 3.29605e-06
-1.5 -2 -0.290867 0.261625 -0.290867 0.261624 -0.290867 0.261624 5.29756e-07 4.20765e-06 4.11677e-06
-1.5 -1.9 -0.140798 0.378332 -0.140798 0.37833 -0.140798 0.37833 4.30311e-07 4.22523e-06 4.65267e-06
-1.5 -1.8 0.0370899 0.416644 0.0370893 0.416643 0.0370892 0.416642 5.62743e-07 4.22084e-06 4.77918e-06
-1.5 -1.7 0.206998 0.383699 0.206997 0.383697 0.206996 0.383697 1.30198e-06 4.1883e-06 5.41559e-06
-1.5 -1.6 0.347065 0.298634 0.347064 0.298634 0.347064 0.298634 4.42962e-07 4.12436e-06 4.37653e-06
-1.5 -1.5 0.449468 0.18247 0.449466 0.18247 0.449466 0.18247 4.60805e-07 4.0302e-06 3.63214e-06
-1.5 -1.4 0.515854 0.052182 0.515852 0.0521824 0.515852 0.0521825 1.70311e-07 3.91028e-06 3.94972e-06
-1.5 -1.3 0.552386 -0.0804408 0.552384 -0.0804399 0.552385 -0.0804404 1.06261e-06 3.76765e-06 2.90059e-06
-1.5 -1.2 0.56703 -0.207347 0.567028 -0.207346 0.567029 -0.207346 1.2802e-06 3.598e-06 2.92917e-06
-1.5 -1.1 0.569031 -0.322893 0.569029 -0.322891 0.56903 -0.322891 2.30573e-07 3.38752e-06 3.47709e-06
-1.5 -1 0.568684 -0.423798 0.568683 -0.423796 0.568683 -0.423796 4.72193e-07 3.11863e-06 3.47558e-06
-1.5 -0.9 0.575735 -0.509538 0.575734 -0.509536 0.575734 -0.509536 2.77357e-07 2.78333e-06 2.79405e-06
-1.5 -0.8 0.596463 -0.581579 0.596462 -0.581577 0.596462 -0.581577 1.05979e-07 2.39696e-06 2.40359e-06
-1.5 -0.7 0.631203 -0.640988 0.631202 -0.640986 0.631202 -0.640986 5.81681e-07 1.99801e-06 2.14068e-06
-1.5 -0.6 0.674205 -0.685954 0.674204 -0.685952 0.674203 -0.685952 7.87436e-07 1.62377e-06 2.41106e-06
-1.5 -0.5 0.716341 -0.711653 0.71634 -0.711652 0.716341 -0.711652 3.46263e-07 1.27968e-06 1.14366e-06
-1.5 -0.4 0.749329 -0.713625 0.749328 -0.713624 0.749328 -0.713625 5.00121e-07 9.40146e-07 8.28339e-07
-1.5 -0.3 0.769199 -0.692945 0.769199 -0.692944 0.769198 -0.692945 3.56401e-07 5.94866e-07 8.78603e-07
-1.5 -0.2 0.777323 -0.659308 0.777323 -0.659308 0.777322 -0.659308 3.64371e-07 3.42896e-07 6.9808e-07
-1.5 -0.1 0.778669 -0.628783 0.778669 -0.628783 0.778669 -0.628783 1.68511e-07 3.84112e-07 2.96029e-07
-1.5 6.38378e-16 0.7784 -0.616535 0.7784 -0.616536 0.7784 -0.616535 6.73714e-07 4.59837e-07 2.43397e-07
-1.5 0.1 0.778669 -0.628783 0.778669 -0.628783 0.778669 -0.628783 1.68511e-07 3.84112e-07 2.96029e-07
-1.5 0.2 0.777323 -0.659308 0.777323 -0.659308 0.777322 -0.659308 3.64371e-07 3.42896e-07 6.9808e-07
-1.5 0.3 0.769199 -0.692945 0.769199 -0.692944 0.769198 -0.692945 3.56401e-07 5.94866e-07 8.78603e-07
-1.5 0.4 0.749329 -0.713625 0.749328 -0.713624 0.749328 -0.713625 5.00121e-07 9.40146e-07 8.28339e-07
-1.5 0.5 0.716341 -0.711653 0.71634 -0.711652 0.716341 -0.711652 3.46263e-07 1.27968e-06 1.14366e-06
-1.5 0.6 0.674205 -0.685954 0.674204 -0.685952 0.674203 -0.685952 7.87436e-07 1.62377e-06 2.41106e-06
-1.5 0.7 0.631203 -0.640988 0.631202 -0.640986 0.631202 -0.640986 5.81681e-07 1.99801e-06 2.14068e-06
-1.5 0.8 0.596463 -0.581579 0.596462 -0.581577 0.596462 -0.581577 1.05979e-07 2.39696e-06 2.40359e-06
-1.5 0.9 0.575735 -0.509538 0.575734 -0.509536 0.575734 -0.509536 2.77357e-07 2.78333e-06 2.79405e-06
-1.5 1 0.568684 -0.423798 0.568683 -0.423796 0.568683 -0.423796 4.72193e-07 3.11863e-06 3.47558e-06
-1.5 1.1 0.569031 -0.322893 0.569029 -0.322891 0.56903 -0.322891 2.30573e-07 3.38752e-06 3.47709e-06
-1.5 1.2 0.56703 -0.207347 0.567028 -0.207346 0.567029 -0.207346 1.2802e-06 3.598e-06 2.92917e-06
-1.5 1.3 0.552386 -0.0804408 0.552384 -0.0804399 0.552385 -0.0804404 1.06261e-06 3.76765e-06 2.90059e-06
-1.5 1.4 0.515854 0.052182 0.515852 0.0521824 0.515852 0.0521825 1.70311e-07 3.91028e-06 3.94972e-06
-1.5 1.5 0.449468 0.18247 0.449466 0.18247 0.449466 0.18247 4.60805e-07 4.0302e-06 3.63214e-06
-1.5 1.6 0.347065 0.298634 0.347064 0.298634 0.347064 0.298634 4.42962e-07 4.12436e-06 4.37653e-06
-1.5 1.7 0.206998 0.383699 0.206997 0.383697 0.206996 0.383697 1.30198e-06 4.1883e-06 5.41559e-06
-1.5 1.8 0.0370899 0.416644 0.0370893 0.416643 0.0370892 0.416642 5.62743e-07 4.22084e-06 4.77918e-06
-1.5 1.9 -0.140798 0.378332 -0.140798 0.37833 -0.140798 0.37833 4.30311e-07 4.22523e-06 4.65267e-06
-1.4 -2 0.00905635 0.394742 0.00905597 0.394741 0.00905577 0.39474 1.595e-06 4.17039e-06 5.76173e-06
-1.4 -1.9 0.204755 0.352644 0.204754 0.352643 0.204753 0.352643 1.97e-06 4.20004e-06 3.69531e-06
-1.4 -1.8 0.353848 0.231036 0.353847 0.231035 0.353847 0.231035 7.78197e-07 4.21365e-06 3.93621e-06
-1.4 -1.7 0.434964 0.0665629 0.434962 0.066563 0.434962 0.0665632 5.19278e-07 4.20286e-06 3.88405e-06
-1.4 -1.6 0.448716 -0.106275 0.448715 -0.106274 0.448715 -0.106274 1.15718e-06 4.15975e-06 3.00509e-06
-1.4 -1.5 0.409305 -0.264296 0.409303 -0.264294 0.409303 -0.264294 6.79022e-07 4.07928e-06 4.70931e-06
-1.4 -1.4 0.334928 -0.3973 0.334927 -0.397298 0.334927 -0.397297 1.12998e-06 3.96136e-06 5.0182e-06
-1.4 -1.3 0.241448 -0.504528 0.241448 -0.504526 0.241448 -0.504527 5.13188e-07 3.81014e-06 3.31687e-06
-1.4 -1.2 0.140676 -0.589845 0.140676 -0.589842 0.140676 -0.589842 4.52004e-07 3.62908e-06 3.92535e-06
-1.4 -1.1 0.0416884 -0.658613 0.0416888 -0.658611 0.0416888 -0.658611 3.8029e-07 3.41456e-06 3.03426e-06
-1.4 -1 -0.0475408 -0.71685 -0.04754 -0.716847 -0.04754 -0.716848 3.08716e-07 3.15407e-06 2.86347e-06
-1.4 -0.9 -0.120053 -0.771064 -0.120052 -0.771062 -0.120052 -0.771062 5.55917e-07 2.83354e-06 2.33588e-06
-1.4 -0.8 -0.171182 -0.826913 -0.171182 -0.826911 -0.171181 -0.826911 5.85836e-07 2.45203e-06 2.53646e-06
-1.4 -0.7 -0.199726 -0.886361 -0.199726 -0.886359 -0.199726 -0.886359 2.34271e-07 2.03346e-06 1.79976e-06
-1.4 -0.6 -0.207829 -0.945218 -0.207829 -0.945217 -0.207828 -0.945217 4.68346e-07 1.61975e-06 1.88627e-06
-1.4 -0.5 -0.19976 -0.993736 -0.19976 -0.993734 -0.199761 -0.993734 7.99485e-07 1.24157e-06 1.71667e-06
-1.4 -0.4 -0.180714 -1.02139 -0.180714 -1.02139 -0.180713 -1.02139 8.64295e-07 8.94696e-07 8.21778e-07
-1.4 -0.3 -0.156353 -1.02384 -0.156353 -1.02384 -0.156352 -1.02384 5.44821e-07 5.6161e-07 3.59108e-07
-1.4 -0.2 -0.132704 -1.00734 -0.132704 -1.00734 -0.132704 -1.00734 4.97993e-07 2.93866e-07 4.16622e-07
-1.4 -0.1 -0.115577 -0.98687 -0.115577 -0.986871 -0.115577 -0.986871 5.31756e-07 2.8766e-07 3.18427e-07
-1.4 6.38378e-16 -0.109326 -0.977872 -0.109326 -0.977872 -0.109325 -0.977872 1.07866e-06 3.53697e-07 1.01225e-06
-1.4 0.1 -0.115577 -0.98687 -0.115577 -0.986871 -0.115577 -0.986871 5.31756e-07 2.8766e-07 3.18427e-07
-1.4 0.2 -0.132704 -1.00734 -0.132704 -1.00734 -0.132704 -1.00734 4.97993e-07 2.93866e-07 4.16622e-07
-1.4 0.3 -0.156353 -1.02384 -0.156353 -1.02384 -0.156352 -1.02384 5.44821e-07 5.6161e-07 3.59108e-07
-1.4 0.4 -0.180714 -1.02139 -0.180714 -1.02139 -0.180713 -1.02139 8.64295e-07 8.94696e-07 8.21778e-07
-1.4 0.5 -0.19976 -0.993736 -0.19976 -0.993734 -0.199761 -0.993734 7.99485e-07 1.24157e-06 1.71667e-06
-1.4 0.6 -0.207829 -0.945218 -0.207829 -0.945217 -0.207828 -0.945217 4.68346e-07 1.61975e-06 1.88627e-06
-1.4 0.7 -0.199726 -0.886361 -0.199726 -0.886359 -0.199726 -0.886359 2.34271e-07 2.03346e-06 1.79976e-06
-1.4 0.8 -0.171182 -0.826913 -0.171182 -0.826911 -0.171181 -0.826911 5.85836e-07 2.45203e-06 2.53646e-06
-1.4 0.9 -0.120053 -0.771064 -0.120052 -0.771062 -0.120052 -0.771062 5.55917e-07 2.83354e-06 2.33588e-06
-1.4 1 -0.0475408 -0.71685 -0.04754 -0.716847 -0.04754 -0.716848 3.08716e-07 3.15407e-06 2.86347e-06
-1.4 1.1 0.0416884 -0.658613 0.0416888 -0.658611 0.0416888 -0.658611 3.8029e-07 3.41456e-06 3.03426e-06
-1.4 1.2 0.140676 -0.589845 0.140676 -0.589842 0.140676 -0.589842 4.52004e-07 3.62908e-06 3.92535e-06
-1.4 1.3 0.241448 -0.504528 0.241448 -0.504526 0.241448 -0.504527 5.13188e-07 3.81014e-06 3.31687e-06
-1.4 1.4 0.334928 -0.3973 0.334927 -0.397298 0.334927 -0.397297 1.12998e-06 3.96136e-06 5.0182e-06
-1.4 1.5 0.409305 -0.264296 0.409303 -0.264294 0.409303 -0.264294 6.79022e-07 4.07928e-06 4.70931e-06
-1.4 1.6 0.448716 -0.106275 0.448715 -0.106274 0.448715 -0.106274 1.15718e-06 4.15975e-06 3.00509e-06
-1.4 1.7 0.434964 0.0665629 0.434962 0.066563 0.434962 0.0665632 5.19278e-07 4.20286e-06 3.88405e-06
-1.4 1.8 0.353848 0.231036 0.353847 0.231035 0.353847 0.231035 7.78197e-07 4.21365e-06 3.93621e-06
-1.4 1.9 0.204755 0.352644 0.204754 0.352643 0.204753 0.352643 1.97e-06 4.20004e-06 3.69531e-06
-1.3 -2 0.304465 0.256014 0.304464 0.256013 0.304464 0.256014 1.22827e-06 4.13108e-06 3.2e-06
-1.3 -1.9 0.404974 0.0715277 0.404972 0.0715277 0.404972 0.0715277 4.59807e-07 4.16549e-06 3.70595e-06
-1.3 -1.8 0.405856 -0.131399 0.405855 -0.131398 0.405855 -0.131397 2.0842e-06 4.19002e-06 5.95872e-06
-1.3 -1.7 0.321708 -0.306579 0.321707 -0.306578 0.321707 -0.306577 1.02199e-06 4.19678e-06 4.76525e-06
-1.3 -1.6 0.183042 -0.427965 0.183041 -0.427963 0.183041 -0.427963 1.57804e-06 4.17605e-06 4.52959e-06
-1.3 -1.5 0.021784 -0.490521 0.0217844 -0.490519 0.0217842 -0.490519 7.354e-07 4.11806e-06 3.48581e-06
-1.3 -1.4 -0.138526 -0.503812 -0.138525 -0.50381 -0.138525 -0.50381 6.42645e-07 4.01583e-06 4.35305e-06
-1.3 -1.3 -0.285737 -0.483346 -0.285736 -0.483345 -0.285736 -0.483345 6.68492e-07 3.86795e-06 3.21006e-06
-1.3 -1.2 -0.416632 -0.444042 -0.41663 -0.444041 -0.41663 -0.444041 3.47808e-07 3.67842e-06 3.67112e-06
-1.3 -1.1 -0.5323 -0.39778 -0.532298 -0.397779 -0.532298 -0.397779 4.19802e-07 3.45158e-06 3.35771e-06
-1.3 -1 -0.634462 -0.354141 -0.634459 -0.35414 -0.634459 -0.35414 9.52659e-07 3.18534e-06 3.82226e-06
-1.3 -0.9 -0.724001 -0.321761 -0.723999 -0.32176 -0.723999 -0.32176 7.15427e-07 2.86973e-06 3.14867e-06
-1.3 -0.8 -0.800967 -0.307981 -0.800965 -0.307981 -0.800965 -0.307981 7.50117e-07 2.49569e-06 2.85455e-06
-1.3 -0.7 -0.864535 -0.316387 -0.864533 -0.316387 -0.864533 -0.316388 1.03501e-06 2.07016e-06 1.87136e-06
-1.3 -0.6 -0.912504 -0.343977 -0.912502 -0.343977 -0.912502 -0.343977 3.09921e-07 1.62472e-06 1.31483e-06
-1.3 -0.5 -0.941498 -0.380691 -0.941496 -0.380691 -0.941496 -0.380691 2.23253e-07 1.20285e-06 1.42052e-06
-1.3 -0.4 -0.94915 -0.413042 -0.949149 -0.413042 -0.949149 -0.413043 1.07722e-06 8.30032e-07 1.01008e-06
-1.3 -0.3 -0.937545 -0.430798 -0.937544 -0.430798 -0.937545 -0.430798 2.73361e-07 5.02943e-07 3.61514e-07
-1.3 -0.2 -0.915024 -0.432686 -0.915024 -0.432686 -0.915024 -0.432685 6.37675e-07 2.40722e-07 8.73515e-07
-1.3 -0.1 -0.893994 -0.426534 -0.893994 -0.426534 -0.893994 -0.426534 1.56362e-07 1.95074e-07 1.12075e-07
-1.3 6.38378e-16 -0.885516 -0.422882 -0.885516 -0.422882 -0.885516 -0.422883 3.84161e-07 2.47076e-07 4.23239e-07
-1.3 0.1 -0.893994 -0.426534 -0.893994 -0.426534 -0.893994 -0.426534 1.56362e-07 1.95074e-07 1.12075e-07
-1.3 0.2 -0.915024 -0.432686 -0.915024 -0.432686 -0.915024 -0.432685 6.37675e-07 2.40722e-07 8.73515e-07
-1.3 0.3 -0.937545 -0.430798 -0.937544 -0.430798 -0.937545 -0.430798 2.73361e-07 5.02943e-07 3.61514e-07
-1.3 0.4 -0.94915 -0.413042 -0.949149 -0.413042 -0.949149 -0.413043 1.07722e-06 8.30032e-07 1.01008e-06
-1.3 0.5 -0.941498 -0.380691 -0.941496 -0.380691 -0.941496 -0.380691 2.23253e-07 1.20285e-06 1.42052e-06
-1.3 0.6 -0.912504 -0.343977 -0.912502 -0.343977 -0.912502 -0.343977 3.09921e-07 1.62472e-06 1.31483e-06
-1.3 0.7 -0.864535 -0.316387 -0.864533 -0.316387 -0.864533 -0.316388 1.03501e-06 2.07016e-06 1.87136e-06
-1.3 0.8 -0.800967 -0.307981 -0.800965 -0.307981 -0.800965 -0.307981 7.50117e-07 2.49569e-06 2.85455e-06
-1.3 0.9 -0.724001 -0.321761 -0.723999 -0.32176 -0.723999 -0.32176 7.15427e-07 2.86973e-06 3.14867e-06
-1.3 1 -0.634462 -0.354141 -0.634459 -0.35414 -0.634459 -0.35414 9.52659e-07 3.18534e-06 3.82226e-06
-1.3 1.1 -0.5323 -0.39778 -0.532298 -0.397779 -0.532298 -0.397779 4.19802e-07 3.45158e-06 3.35771e-06
-1.3 1.2 -0.416632 -0.444042 -0.41663 -0.444041 -0.41663 -0.444041 3.47808e-07 3.67842e-06 3.67112e-06
-1.3 1.3 -0.285737 -0.483346 -0.285736 -0.483345 -0.285736 -0.483345 6.68492e-07 3.86795e-06 3.21006e-06
-1.3 1.4 -0.138526 -0.503812 -0.138525 -0.50381 -0.138525 -0.50381 6.42645e-07 4.01583e-06 4.35305e-06
-1.3 1.5 0.021784 -0.490521 0.0217844 -0.490519 0.0217842 -0.490519 7.354e-07 4.11806e-06 3.48581e-06
-1.3 1.6 0.183042 -0.427965 0.183041 -0.427963 0.183041 -0.427963 1.57804e-06 4.17605e-06 4.52959e-06
-1.3 1.7 0.321708 -0.306579 0.321707 -0.306578 0.321707 -0.306577 1.02199e-06 4.19678e-06 4.76525e-06
-1.3 1.8 0.405856 -0.131399 0.405855 -0.131398 0.405855 -0.131397 2.0842e-06 4.19002e-06 5.95872e-06
-1.3 1.9 0.404974 0.0715277 0.404972 0.0715277 0.404972 0.0715277 4.59807e-07 4.16549e-06 3.70595e-06
-1.2 -2 0.396667 -0.0546674 0.396665 -0.0546668 0.396665 -0.054667 4.2893e-07 4.09797e-06 3.77918e-06
-1.2 -1.9 0.321193 -0.261369 0.321192 -0.261368 0.321192 -0.261368 1.31246e-06 4.13227e-06 4.3649e-06
-1.2 -1.8 0.158601 -0.399576 0.158601 -0.399575 0.158601 -0.399575 9.26364e-07 4.16064e-06 3.92311e-06
-1.2 -1.7 -0.0413763 -0.446363 -0.0413757 -0.446361 -0.0413762 -0.446362 1.31057e-06 4.17718e-06 3.34509e-06
-1.2 -1.6 -0.233313 -0.407865 -0.233311 -0.407864 -0.233311 -0.407864 1.05211e-06 4.1732e-06 5.12337e-06
-1.2 -1.5 -0.388361 -0.308017 -0.388359 -0.308016 -0.388359 -0.308016 5.1202e-07 4.13765e-06 4.63522e-06
-1.2 -1.4 -0.496993 -0.175329 -0.496991 -0.175329 -0.49699 -0.175329 7.87946e-07 4.05886e-06 4.84238e-06
-1.2 -1.3 -0.564542 -0.033101 -0.564539 -0.0331015 -0.56454 -0.0331007 1.34887e-06 3.92799e-06 3.67425e-06
-1.2 -1.2 -0.603728 0.104503 -0.603726 0.104502 -0.603726 0.104502 1.54897e-07 3.74246e-06 3.65564e-06
-1.2 -1.1 -0.6281 0.231065 -0.628098 0.231063 -0.628098 0.231064 5.15041e-07 3.50639e-06 3.42107e-06
-1.2 -1 -0.648567 0.343762 -0.648565 0.343761 -0.648565 0.343761 5.47792e-07 3.22558e-06 3.76353e-06
-1.2 -0.9 -0.672779 0.439552 -0.672778 0.43955 -0.672778 0.43955 8.86044e-07 2.90034e-06 2.97921e-06
-1.2 -0.8 -0.705406 0.513796 -0.705404 0.513795 -0.705405 0.513795 5.92637e-07 2.52467e-06 2.31787e-06
-1.2 -0.7 -0.747389 0.561753 -0.747388 0.561752 -0.747389 0.561751 1.61292e-06 2.09604e-06 2.4504e-06
-1.2 -0.6 -0.794297 0.581782 -0.794295 0.581781 -0.794296 0.581781 2.18587e-07 1.63026e-06 1.58211e-06
-1.2 -0.5 -0.836275 0.578194 -0.836273 0.578193 -0.836273 0.578194 2.90444e-07 1.16673e-06 1.17163e-06
-1.2 -0.4 -0.862172 0.561322 -0.862171 0.561322 -0.862171 0.561322 4.4302e-07 7.52638e-07 3.738e-07
-1.2 -0.3 -0.86663 0.54345 -0.86663 0.54345 -0.86663 0.54345 4.13392e-07 4.17022e-07 3.79189e-07
-1.2 -0.2 -0.854621 0.532557 -0.854621 0.532557 -0.854621 0.532557 3.1676e-07 1.7554e-07 1.57165e-07
-1.2 -0.1 -0.838858 0.529026 -0.838858 0.529026 -0.838859 0.529026 7.39511e-07 1.15373e-07 8.08874e-07
-1.2 6.38378e-16 -0.831904 0.528667 -0.831904 0.528667 -0.831904 0.528667 3.30971e-07 1.50935e-07 2.89415e-07
-1.2 0.1 -0.838858 0.529026 -0.838858 0.529026 -0.838859 0.529026 7.39511e-07 1.15373e-07 8.08874e-07
-1.2 0.2 -0.854621 0.532557 -0.854621 0.532557 -0.854621 0.532557 3.1676e-07 1.7554e-07 1.57165e-07
-1.2 0.3 -0.86663 0.54345 -0.86663 0.54345 -0.86663 0.54345 4.13392e-07 4.17022e-07 3.79189e-07
-1.2 0.4 -0.862172 0.561322 -0.862171 0.561322 -0.862171 0.561322 4.4302e-07 7.52638e-07 3.738e-07
-1.2 0.5 -0.836275 0.578194 -0.836273 0.578193 -0.836273 0.578194 2.90444e-07 1.16673e-06 1.17163e-06
-1.2 0.6 -0.794297 0.581782 -0.794295 0.581781 -0.794296 0.581781 2.18587e-07 1.63026e-06 1.58211e-06
-1.2 0.7 -0.747389 0.561753 -0.747388 0.561752 -0.747389 0.561751 1.61292e-06 2.09604e-06 2.4504e-06
-1.2 0.8 -0.705406 0.513796 -0.705404 0.513795 -0.705405 0.513795 5.92637e-07 2.52467e-06 2.31787e-06
-1.2 0.9 -0.672779 0.439552 -0.672778 0.43955 -0.672778 0.43955 8.86044e-07 2.90034e-06 2.97921e-06
-1.2 1 -0.648567 0.343762 -0.648565 0.343761 -0.648565 0.343761 5.47792e-07 3.22558e-06 3.76353e-06
-1.2 1.1 -0.6281 0.231065 -0.628098 0.231063 -0.628098 0.231064 5.15041e-07 3.50639e-06 3.42107e-06
-1.2 1.2 -0.603728 0.104503 -0.603726 0.104502 -0.603726 0.104502 1.54897e-07 3.74246e-06 3.65564e-06
-1.2 1.3 -0.564542 -0.033101 -0.564539 -0.0331015 -0.56454 -0.0331007 1.34887e-06 3.92799e-06 3.67425e-06
-1.2 1.4 -0.496993 -0.175329 -0.496991 -0.175329 -0.49699 -0.175329 7.87946e-07 4.05886e-06 4.84238e-06
-1.2 1.5 -0.388361 -0.308017 -0.388359 -0.308016 -0.388359 -0.308016 5.1202e-07 4.13765e-06 4.63522e-06
-1.2 1.6 -0.233313 -0.407865 -0.233311 -0.407864 -0.233311 -0.407864 1.05211e-06 4.1732e-06 5.12337e-06
-1.2 1.7 -0.0413763 -0.446363 -0.0413757 -0.446361 -0.0413762 -0.446362 1.31057e-06 4.17718e-06 3.34509e-06
-1.2 1.8 0.158601 -0.399576 0.158601 -0.399575 0.158601 -0.399575 9.26364e-07 4.16064e-06 3.92311e-06
-1.2 1.9 0.321193 -0.261369 0.321192 -0.261368 0.321192 -0.261368 1.31246e-06 4.13227e-06 4.3649e-06
-1.1 -2 0.231617 -0.330237 0.231617 -0.330235 0.231617 -0.330236 8.1424e-07 4.07251e-06 3.38263e-06
-1.1 -1.9 0.0176752 -0.416539 0.0176755 -0.416537 0.0176759 -0.416537 1.53125e-06 4.1065e-06 5.48343e-06
-1.1 -1.8 -0.203856 -0.381764 -0.203855 -0.381762 -0.203856 -0.381763 1.49687e-06 4.13557e-06 2.64501e-06
-1.1 -1.7 -0.375848 -0.250155 -0.375846 -0.250154 -0.375846 -0.250155 1.32275e-06 4.15581e-06 4.80672e-06
-1.1 -1.6 -0.469194 -0.0649677 -0.469192 -0.0649679 -0.469192 -0.0649684 1.2974e-06 4.16079e-06 5.08939e-06
-1.1 -1.5 -0.482741 0.130957 -0.482739 0.130956 -0.482739 0.130956 7.25566e-07 4.14095e-06 4.59276e-06
-1.1 -1.4 -0.434139 0.307792 -0.434138 0.30779 -0.434137 0.307791 1.17415e-06 4.08388e-06 4.39943e-06
-1.1 -1.3 -0.348209 0.452664 -0.348208 0.452662 -0.348208 0.452662 1.81081e-07 3.97628e-06 4.08471e-06
-1.1 -1.2 -0.247762 0.566771 -0.247761 0.566768 -0.247762 0.566768 3.83155e-07 3.80773e-06 3.65277e-06
-1.1 -1.1 -0.149219 0.659035 -0.149219 0.659032 -0.14922 0.659032 6.6934e-07 3.57493e-06 3.89673e-06
-1.1 -1 -0.0628325 0.739531 -0.0628328 0.739529 -0.0628328 0.739529 2.15979e-07 3.28252e-06 3.49703e-06
-1.1 -0.9 0.00457938 0.81481 0.00457889 0.814808 0.00457855 0.814808 4.2935e-07 2.93811e-06 2.92802e-06
-1.1 -0.8 0.047396 0.88577 0.0473955 0.885768 0.0473953 0.885768 1.02545e-06 2.54536e-06 1.62079e-06
-1.1 -0.7 0.0619546 0.947858 0.0619543 0.947856 0.0619544 0.947856 6.52041e-07 2.10406e-06 1.45393e-06
-1.1 -0.6 0.0503225 0.993521 0.0503224 0.993519 0.0503223 0.99352 4.50379e-07 1.62142e-06 1.19361e-06
-1.1 -0.5 0.0233759 1.01703 0.0233759 1.01702 0.0233754 1.01702 5.69198e-07 1.12675e-06 1.08825e-06
-1.1 -0.4 -0.0022704 1.01974 -0.00227025 1.01974 -0.00227068 1.01974 4.28144e-07 6.73602e-07 6.61734e-07
-1.1 -0.3 -0.0140772 1.01089 -0.014077 1.01089 -0.0140776 1.01089 7.63501e-07 3.19372e-07 8.72305e-07
-1.1 -0.2 -0.0115884 1.00121 -0.0115883 1.00121 -0.0115881 1.00121 3.56545e-07 9.81482e-08 4.45485e-07
-1.1 -0.1 -0.00385449 0.995882 -0.00385447 0.995882 -0.00385479 0.995882 3.35776e-07 5.96133e-08 3.01189e-07
-1.1 0.1 -0.00385449 0.995882 -0.00385447 0.995882 -0.00385479 0.995882 3.35776e-07 5.96133e-08 3.01189e-07
-1.1 0.2 -0.0115884 1.00121 -0.0115883 1.00121 -0.0115881 1.00121 3.56545e-07 9.81482e-08 4.45485e-07
-1.1 0.3 -0.0140772 1.01089 -0.014077 1.01089 -0.0140776 1.01089 7.63501e-07 3.19372e-07 8.72305e-07
-1.1 0.4 -0.0022704 1.01974 -0.00227025 1.01974 -0.00227068 1.01974 4.28144e-07 6.73602e-07 6.61734e-07
-1.1 0.5 0.0233759 1.01703 0.0233759 1.01702 0.0233754 1.01702 5.69198e-07 1.12675e-06 1.08825e-06
-1.1 0.6 0.0503225 0.993521 0.0503224 0.993519 0.0503223 0.99352 4.50379e-07 1.62142e-06 1.19361e-06
-1.1 0.7 0.0619546 0.947858 0.0619543 0.947856 0.0619544 0.947856 6.52041e-07 2.10406e-06 1.45393e-06
-1.1 0.8 0.047396 0.88577 0.0473955 0.885768 0.0473953 0.885768 1.02545e-06 2.54536e-06 1.62079e-06
-1.1 0.9 0.00457938 0.81481 0.00457889 0.814808 0.00457855 0.814808 4.2935e-07 2.93811e-06 2.92802e-06
-1.1 1 -0.0628325 0.739531 -0.0628328 0.739529 -0.0628328 0.739529 2.15979e-07 3.28252e-06 3.49703e-06
-1.1 1.1 -0.149219 0.659035 -0.149219 0.659032 -0.14922 0.659032 6.6934e-07 3.57493e-06 3.89673e-06
-1.1 1.2 -0.247762 0.566771 -0.247761 0.566768 -0.247762 0.566768 3.83155e-07 3.80773e-06 3.65277e-06
-1.1 1.3 -0.348209 0.452664 -0.348208 0.452662 -0.348208 0.452662 1.81081e-07 3.97628e-06 4.08471e-06
-1.1 1.4 -0.434139 0.307792 -0.434138 0.30779 -0.434137 0.307791 1.17415e-06 4.08388e-06 4.39943e-06
-1.1 1.5 -0.482741 0.130957 -0.482739 0.130956 -0.482739 0.130956 7.25566e-07 4.14095e-06 4.59276e-06
-1.1 1.6 -0.469194 -0.0649677 -0.469192 -0.0649679 -0.469192 -0.0649684 1.2974e-06 4.16079e-06 5.08939e-06
-1.1 1.7 -0.375848 -0.250155 -0.375846 -0.250154 -0.375846 -0.250155 1.32275e-06 4.15581e-06 4.80672e-06
-1.1 1.8 -0.203856 -0.381764 -0.203855 -0.381762 -0.203856 -0.381763 1.49687e-06 4.13557e-06 2.64501e-06
-1.1 1.9 0.0176752 -0.416539 0.0176755 -0.416537 0.0176759 -0.416537 1.53125e-06 4.1065e-06 5.48343e-06
-1 -2 -0.0783961 -0.399589 -0.0783954 -0.399588 -0.0783955 -0.399587 8.32424e-07 4.04808e-06 4.75003e-06
-1 -1.9 -0.298092 -0.296462 -0.298091 -0.296461 -0.29809 -0.296461 1.47927e-06 4.08545e-06 5.54835e-06
-1 -1.8 -0.425027 -0.0971894 -0.425025 -0.0971894 -0.425025 -0.0971894 8.20485e-08 4.11728e-06 4.07383e-06
-1 -1.7 -0.435236 0.131211 -0.435235 0.13121 -0.435235 0.13121 1.08692e-06 4.14054e-06 3.48355e-06
-1 -1.6 -0.343637 0.330747 -0.343636 0.330745 -0.343636 0.330745 1.1596e-06 4.15041e-06 4.51679e-06
-1 -1.5 -0.186555 0.468232 -0.186555 0.46823 -0.186555 0.46823 7.93923e-07 4.13947e-06 4.26788e-06
-1 -1.4 -0.00313162 0.536956 -0.00313207 0.536954 -0.00313195 0.536953 7.38224e-07 4.09706e-06 4.7511e-06
-1 -1.3 0.177101 0.549263 0.177099 0.549261 0.177099 0.549261 6.83996e-07 4.0095e-06 4.34623e-06
-1 -1.2 0.338562 0.526447 0.33856 0.526445 0.33856 0.526445 6.0063e-07 3.86225e-06 4.1109e-06
-1 -1.1 0.477566 0.490413 0.477564 0.490411 0.477564 0.490411 6.73103e-07 3.64406e-06 4.28427e-06
-1 -1 0.596727 0.458893 0.596725 0.458892 0.596724 0.458891 7.00082e-07 3.35151e-06 4.02681e-06
-1 -0.9 0.698616 0.443726 0.698613 0.443725 0.698613 0.443725 4.0823e-07 2.98995e-06 2.89668e-06
-1 -0.8 0.781237 0.450333 0.781235 0.450332 0.781235 0.450332 3.93017e-07 2.5689e-06 2.64045e-06
-1 -0.7 0.837829 0.476559 0.837827 0.476558 0.837827 0.476557 5.01641e-07 2.09675e-06 2.38087e-06
-1 -0.6 0.862617 0.511617 0.862616 0.511616 0.862615 0.511616 4.03681e-07 1.58498e-06 1.91658e-06
-1 -0.5 0.859813 0.53967 0.859812 0.53967 0.859812 0.53967 2.00435e-07 1.06533e-06 1.25576e-06
-1 0.5 0.859813 0.53967 0.859812 0.53967 0.859812 0.53967 2.00435e-07 1.06533e-06 1.25576e-06
-1 0.6 0.862617 0.511617 0.862616 0.511616 0.862615 0.511616 4.03681e-07 1.58498e-06 1.91658e-06
-1 0.7 0.837829 0.476559 0.837827 0.476558 0.837827 0.476557 5.01641e-07 2.09675e-06 2.38087e-06
-1 0.8 0.781237 0.450333 0.781235 0.450332 0.781235 0.450332 3.93017e-07 2.5689e-06 2.64045e-06
-1 0.9 0.698616 0.443726 0.698613 0.443725 0.698613 0.443725 4.0823e-07 2.98995e-06 2.89668e-06
-1 1 0.596727 0.458893 0.596725 0.458892 0.596724 0.458891 7.00082e-07 3.35151e-06 4.02681e-06
-1 1.1 0.477566 0.490413 0.477564 0.490411 0.477564 0.490411 6.73103e-07 3.64406e-06 4.28427e-06
-1 1.2 0.338562 0.526447 0.33856 0.526445 0.33856 0.526445 6.0063e-07 3.86225e-06 4.1109e-06
-1 1.3 0.177101 0.549263 0.177099 0.549261 0.177099 0.549261 6.83996e-07 4.0095e-06 4.34623e-06
-1 1.4 -0.00313162 0.536956 -0.00313207 0.536954 -0.00313195 0.536953 7.38224e-07 4.09706e-06 4.7511e-06
-1 1.5 -0.186555 0.468232 -0.186555 0.46823 -0.186555 0.46823 7.93923e-07 4.13947e-06 4.26788e-06
-1 1.6 -0.343637 0.330747 -0.343636 0.330745 -0.343636 0.330745 1.1596e-06 4.15041e-06 4.51679e-06
-1 1.7 -0.435236 0.131211 -0.435235 0.13121 -0.435235 0.13121 1.08692e-06 4.14054e-06 3.48355e-06
-1 1.8 -0.425027 -0.0971894 -0.425025 -0.0971894 -0.425025 -0.0971894 8.20485e-08 4.11728e-06 4.07383e-06
-1 1.9 -0.298092 -0.296462 -0.298091 -0.296461 -0.29809 -0.296461 1.47927e-06 4.08545e-06 5.54835e-06
-0.9 -2 -0.34185 -0.230035 -0.341849 -0.230034 -0.341849 -0.230034 1.42994e-06 4.01453e-06 2.59083e-06
-0.9 -1.9 -0.424806 0.0125056 -0.424804 0.0125052 -0.424804 0.0125056 9.05721e-07 4.05925e-06 4.21307e-06
-0.9 -1.8 -0.359618 0.253906 -0.359617 0.253904 -0.359616 0.253904 1.03639e-06 4.09843e-06 4.8806e-06
-0.9 -1.7 -0.183257 0.420214 -0.183257 0.420213 -0.183258 0.420212 1.76258e-06 4.12881e-06 4.57814e-06
-0.9 -1.6 0.0425265 0.478662 0.0425259 0.47866 0.0425261 0.47866 4.69044e-07 4.14577e-06 4.31227e-06
-0.9 -1.5 0.260592 0.435706 0.26059 0.435704 0.26059 0.435704 1.93007e-07 4.14275e-06 4.01224e-06
-0.9 -1.4 0.435631 0.321162 0.435629 0.321161 0.435629 0.321162 1.56383e-06 4.11056e-06 4.57195e-06
-0.9 -1.3 0.557195 0.17042 0.557193 0.170419 0.557193 0.170419 5.19597e-07 4.0369e-06 3.58451e-06
-0.9 -1.2 0.633442 0.0125434 0.63344 0.0125439 0.63344 0.0125437 3.59128e-07 3.90685e-06 3.65398e-06
-0.9 -1.1 0.681928 -0.133778 0.681926 -0.133777 0.681926 -0.133778 1.14165e-06 3.70523e-06 3.38877e-06
-0.9 -1 0.721421 -0.258317 0.721419 -0.258316 0.721419 -0.258317 7.89849e-07 3.42078e-06 3.15516e-06
-0.9 -0.9 0.765705 -0.354721 0.765703 -0.35472 0.765703 -0.35472 5.4058e-07 3.05026e-06 2.66532e-06
-0.9 -0.8 0.818737 -0.417015 0.818735 -0.417013 0.818735 -0.417013 6.64517e-07 2.59921e-06 2.20156e-06
-0.9 -0.7 0.871774 -0.441298 0.871773 -0.441297 0.871773 -0.441297 2.88518e-07 2.07965e-06 1.79531e-06
-0.9 0.7 0.871774 -0.441298 0.871773 -0.441297 0.871773 -0.441297 2.88518e-07 2.07965e-06 1.79531e-06
-0.9 0.8 0.818737 -0.417015 0.818735 -0.417013 0.818735 -0.417013 6.64517e-07 2.59921e-06 2.20156e-06
-0.9 0.9 0.765705 -0.354721 0.765703 -0.35472 0.765703 -0.35472 5.4058e-07 3.05026e-06 2.66532e-06
-0.9 1 0.721421 -0.258317 0.721419 -0.258316 0.721419 -0.258317 7.89849e-07 3.42078e-06 3.15516e-06
-0.9 1.1 0.681928 -0.133778 0.681926 -0.133777 0.681926 -0.133778 1.14165e-06 3.70523e-06 3.38877e-06
-0.9 1.2 0.633442 0.0125434 0.63344 0.0125439 0.63344 0.0125437 3.59128e-07 3.90685e-06 3.65398e-06
-0.9 1.3 0.557195 0.17042 0.557193 0.170419 0.557193 0.170419 5.19597e-07 4.0369e-06 3.58451e-06
-0.9 1.4 0.435631 0.321162 0.435629 0.321161 0.435629 0.321162 1.56383e-06 4.11056e-06 4.57195e-06
-0.9 1.5 0.260592 0.435706 0.26059 0.435704 0.26059 0.435704 1.93007e-07 4.14275e-06 4.01224e-06
-0.9 1.6 0.0425265 0.478662 0.0425259 0.47866 0.0425261 0.47866 4.69044e-07 4.14577e-06 4.31227e-06
-0.9 1.7 -0.183257 0.420214 -0.183257 0.420213 -0.183258 0.420212 1.76258e-06 4.12881e-06 4.57814e-06
-0.9 1.8 -0.359618 0.253906 -0.359617 0.253904 -0.359616 0.253904 1.03639e-06 4.09843e-06 4.8806e-06
-0.9 1.9 -0.424806 0.0125056 -0.424804 0.0125052 -0.424804 0.0125056 9.05721e-07 4.05925e-06 4.21307e-06
-0.8 -2 -0.41157 0.0699104 -0.411569 0.0699098 -0.411569 0.0699101 1.15274e-06 3.96553e-06 4.48238e-06
-0.8 -1.9 -0.293949 0.314411 -0.293948 0.31441 -0.293948 0.31441 5.70819e-07 4.0186e-06 3.92459e-06
-0.8 -1.8 -0.0606983 0.441363 -0.0606984 0.441361 -0.0606982 0.441361 6.81745e-07 4.06781e-06 3.70695e-06
-0.8 -1.7 0.19664 0.41969 0.196639 0.419689 0.196639 0.419688 4.58937e-07 4.10958e-06 4.53851e-06
-0.8 -1.6 0.39964 0.275245 0.399639 0.275245 0.399639 0.275244 1.33894e-06 4.13884e-06 4.35123e-06
-0.8 -1.5 0.508203 0.0634701 0.508201 0.0634702 0.508202 0.0634708 2.1523e-06 4.1486e-06 2.74037e-06
-0.8 -1.4 0.52164 -0.160575 0.521638 -0.160574 0.521638 -0.160575 1.31847e-06 4.12942e-06 5.07734e-06
-0.8 -1.3 0.464465 -0.360763 0.464464 -0.360761 0.464464 -0.360761 1.12868e-06 4.06911e-06 4.30957e-06
-0.8 -1.2 0.369419 -0.523912 0.369418 -0.52391 0.369418 -0.523911 1.2086e-06 3.95279e-06 2.76299e-06
-0.8 -1.1 0.266142 -0.653842 0.266142 -0.653839 0.266142 -0.653839 9.47917e-07 3.76399e-06 4.70192e-06
-0.8 -1 0.177357 -0.76163 0.177357 -0.761627 0.177356 -0.761627 5.99472e-07 3.48698e-06 3.89007e-06
-0.8 -0.9 0.119454 -0.855835 0.119454 -0.855832 0.119454 -0.855832 1.39496e-07 3.10991e-06 3.07531e-06
-0.8 -0.8 0.101843 -0.93443 0.101843 -0.934428 0.101843 -0.934427 5.62503e-07 2.62743e-06 3.07652e-06
-0.8 0.8 0.101843 -0.93443 0.101843 -0.934428 0.101843 -0.934427 5.62503e-07 2.62743e-06 3.07652e-06
-0.8 0.9 0.119454 -0.855835 0.119454 -0.855832 0.119454 -0.855832 1.39496e-07 3.10991e-06 3.07531e-06
-0.8 1 0.177357 -0.76163 0.177357 -0.761627 0.177356 -0.761627 5.99472e-07 3.48698e-06 3.89007e-06
-0.8 1.1 0.266142 -0.653842 0.266142 -0.653839 0.266142 -0.653839 9.47917e-07 3.76399e-06 4.70192e-06
-0.8 1.2 0.369419 -0.523912 0.369418 -0.52391 0.369418 -0.523911 1.2086e-06 3.95279e-06 2.76299e-06
-0.8 1.3 0.464465 -0.360763 0.464464 -0.360761 0.464464 -0.360761 1.12868e-06 4.06911e-06 4.30957e-06
-0.8 1.4 0.52164 -0.160575 0.521638 -0.160574 0.521638 -0.160575 1.31847e-06 4.12942e-06 5.07734e-06
-0.8 1.5 0.508203 0.0634701 0.508201 0.0634702 0.508202 0.0634708 2.1523e-06 4.1486e-06 2.74037e-06
-0.8 1.6 0.39964 0.275245 0.399639 0.275245 0.399639 0.275244 1.33894e-06 4.13884e-06 4.35123e-06
-0.8 1.7 0.19664 0.41969 0.196639 0.419689 0.196639 0.419688 4.58937e-07 4.10958e-06 4.53851e-06
-0.8 1.8 -0.0606983 0.441363 -0.0606984 0.441361 -0.0606982 0.441361 6.81745e-07 4.06781e-06 3.70695e-06
-0.8 1.9 -0.293949 0.314411 -0.293948 0.31441 -0.293948 0.31441 5.70819e-07 4.0186e-06 3.92459e-06
-0.7 -2 -0.262232 0.331814 -0.262232 0.331813 -0.262231 0.331813 8.97109e-07 3.90251e-06 4.69847e-06
-0.7 -1.9 0.00525885 0.436079 0.00525845 0.436077 0.00525821 0.436078 6.92638e-07 3.96172e-06 3.72539e-06
-0.7 -1.8 0.276231 0.356964 0.27623 0.356963 0.276229 0.356963 1.15436e-06 4.01977e-06 3.88702e-06
-0.7 -1.7 0.447699 0.140945 0.447697 0.140944 0.447697 0.140944 7.30786e-07 4.0734e-06 4.33545e-06
-0.7 -1.6 0.474913 -0.124964 0.474911 -0.124963 0.474911 -0.124963 4.24439e-07 4.11759e-06 3.9185e-06
-0.7 -1.5 0.372328 -0.35994 0.372327 -0.359938 0.372327 -0.359938 6.49295e-07 4.145e-06 4.52879e-06
-0.7 -1.4 0.1885 -0.518342 0.188499 -0.51834 0.188499 -0.51834 1.43846e-06 4.14528e-06 4.36526e-06
-0.7 -1.3 -0.0240799 -0.593978 -0.0240794 -0.593976 -0.0240795 -0.593975 1.42681e-06 4.10474e-06 5.45464e-06
-0.7 -1.2 -0.228446 -0.607683 -0.228444 -0.60768 -0.228444 -0.607681 7.73501e-07 4.00653e-06 4.12596e-06
-0.7 -1.1 -0.40742 -0.591001 -0.407418 -0.590999 -0.407418 -0.591 9.26728e-07 3.83163e-06 3.84583e-06
-0.7 -1 -0.556582 -0.574483 -0.55658 -0.574481 -0.556579 -0.574481 8.01954e-07 3.56027e-06 4.33783e-06
-0.7 -0.9 -0.672402 -0.581004 -0.6724 -0.581002 -0.672399 -0.581002 3.93053e-07 3.1725e-06 3.22756e-06
-0.7 0.9 -0.672402 -0.581004 -0.6724 -0.581002 -0.672399 -0.581002 3.93053e-07 3.1725e-06 3.22756e-06
-0.7 1 -0.556582 -0.574483 -0.55658 -0.574481 -0.556579 -0.574481 8.01954e-07 3.56027e-06 4.33783e-06
-0.7 1.1 -0.40742 -0.591001 -0.407418 -0.590999 -0.407418 -0.591 9.26728e-07 3.83163e-06 3.84583e-06
-0.7 1.2 -0.228446 -0.607683 -0.228444 -0.60768 -0.228444 -0.607681 7.73501e-07 4.00653e-06 4.12596e-06
-0.7 1.3 -0.0240799 -0.593978 -0.0240794 -0.593976 -0.0240795 -0.593975 1.42681e-06 4.10474e-06 5.45464e-06
-0.7 1.4 0.1885 -0.518342 0.188499 -0.51834 0.188499 -0.51834 1.43846e-06 4.14528e-06 4.36526e-06
-0.7 1.5 0.372328 -0.35994 0.372327 -0.359938 0.372327 -0.359938 6.49295e-07 4.145e-06 4.52879e-06
-0.7 1.6 0.474913 -0.124964 0.474911 -0.124963 0.474911 -0.124963 4.24439e-07 4.11759e-06 3.9185e-06
-0.7 1.7 0.447699 0.140945 0.447697 0.140944 0.447697 0.140944 7.30786e-07 4.0734e-06 4.33545e-06
-0.7 1.8 0.276231 0.356964 0.27623 0.356963 0.276229 0.356963 1.15436e-06 4.01977e-06 3.88702e-06
-0.7 1.9 0.00525885 0.436079 0.00525845 0.436077 0.00525821 0.436078 6.92638e-07 3.96172e-06 3.72539e-06
-0.6 -2 0.0154386 0.427861 0.0154381 0.42786 0.0154382 0.427859 5.38221e-07 3.83219e-06 4.30068e-06
-0.6 -1.9 0.300294 0.323818 0.300293 0.323817 0.300292 0.323818 1.16814e-06 3.89428e-06 4.35539e-06
-0.6 -1.8 0.452434 0.0655978 0.452433 0.0655979 0.452433 0.0655981 3.78326e-07 3.95782e-06 3.9368e-06
-0.6 -1.7 0.417818 -0.22683 0.417817 -0.226829 0.417817 -0.226829 3.19628e-07 4.02033e-06 3.76306e-06
-0.6 -1.6 0.227826 -0.442103 0.227825 -0.442101 0.227825 -0.442101 1.5726e-06 4.07765e-06 5.566e-06
-0.6 -1.5 -0.0372463 -0.523023 -0.0372457 -0.523021 -0.0372454 -0.523021 6.81677e-07 4.12299e-06 4.623e-06
-0.6 -1.4 -0.296423 -0.473192 -0.296422 -0.473191 -0.296422 -0.473191 6.09937e-07 4.14604e-06 3.9003e-06
-0.6 -1.3 -0.500559 -0.334612 -0.500557 -0.334611 -0.500557 -0.334611 7.13447e-07 4.13191e-06 4.25545e-06
-0.6 -1.2 -0.639613 -0.15802 -0.63961 -0.15802 -0.63961 -0.158019 1.05379e-06 4.06092e-06 4.02311e-06
-0.6 -1.1 -0.731589 0.0164332 -0.731586 0.0164326 -0.731587 0.0164326 9.67649e-07 3.9093e-06 2.99295e-06
-0.6 -1 -0.805274 0.162259 -0.805271 0.162258 -0.805271 0.162259 7.22233e-07 3.65046e-06 3.88941e-06
-0.6 1 -0.805274 0.162259 -0.805271 0.162258 -0.805271 0.162259 7.22233e-07 3.65046e-06 3.88941e-06
-0.6 1.1 -0.731589 0.0164332 -0.731586 0.0164326 -0.731587 0.0164326 9.67649e-07 3.9093e-06 2.99295e-06
-0.6 1.2 -0.639613 -0.15802 -0.63961 -0.15802 -0.63961 -0.158019 1.05379e-06 4.06092e-06 4.02311e-06
-0.6 1.3 -0.500559 -0.334612 -0.500557 -0.334611 -0.500557 -0.334611 7.13447e-07 4.13191e-06 4.25545e-06
-0.6 1.4 -0.296423 -0.473192 -0.296422 -0.473191 -0.296422 -0.473191 6.09937e-07 4.14604e-06 3.9003e-06
-0.6 1.5 -0.0372463 -0.523023 -0.0372457 -0.523021 -0.0372454 -0.523021 6.81677e-07 4.12299e-06 4.623e-06
-0.6 1.6 0.227826 -0.442103 0.227825 -0.442101 0.227825 -0.442101 1.5726e-06 4.07765e-06 5.566e-06
-0.6 1.7 0.417818 -0.22683 0.417817 -0.226829 0.417817 -0.226829 3.19628e-07 4.02033e-06 3.76306e-06
-0.6 1.8 0.452434 0.0655978 0.452433 0.0655979 0.452433 0.0655981 3.78326e-07 3.95782e-06 3.9368e-06
-0.6 1.9 0.300294 0.323818 0.300293 0.323817 0.300292 0.323818 1.16814e-06 3.89428e-06 4.35539e-06
-0.5 -2 0.282284 0.328655 0.282283 0.328654 0.282283 0.328654 3.68882e-07 3.76031e-06 3.39181e-06
-0.5 -1.9 0.443884 0.0526676 0.443882 0.0526679 0.443882 0.0526681 1.00777e-06 3.82305e-06 4.70821e-06
-0.5 -1.8 0.383395 -0.259228 0.383394 -0.259227 0.383394 -0.259227 3.76925e-07 3.8892e-06 3.73759e-06
-0.5 -1.7 0.141915 -0.459942 0.141915 -0.45994 0.141915 -0.45994 3.20101e-07 3.95722e-06 4.08728e-06
-0.5 -1.6 -0.165928 -0.475434 -0.165927 -0.475433 -0.165927 -0.475432 7.88032e-07 4.02408e-06 4.72519e-06
-0.5 -1.5 -0.422863 -0.320998 -0.422861 -0.320997 -0.42286 -0.320997 5.19201e-07 4.08435e-06 4.54088e-06
-0.5 -1.4 -0.56129 -0.0686302 -0.561288 -0.0686303 -0.561288 -0.0686307 6.6813e-07 4.1289e-06 4.07956e-06
-0.5 -1.3 -0.57579 0.202393 -0.575788 0.202392 -0.575789 0.202392 9.19955e-07 4.14325e-06 3.43011e-06
-0.5 -1.2 -0.503847 0.44103 -0.503846 0.441028 -0.503845 0.441028 7.0418e-07 4.10625e-06 4.23753e-06
-0.5 -1.1 -0.397668 0.633589 -0.397667 0.633586 -0.397667 0.633585 1.37952e-06 3.98972e-06 5.25205e-06
-0.5 -1 -0.30649 0.791104 -0.306489 0.791101 -0.30649 0.791101 4.6358e-07 3.75897e-06 4.03491e-06
-0.5 1 -0.30649 0.791104 -0.306489 0.791101 -0.30649 0.791101 4.6358e-07 3.75897e-06 4.03491e-06
-0.5 1.1 -0.397668 0.633589 -0.397667 0.633586 -0.397667 0.633585 1.37952e-06 3.98972e-06 5.25205e-06
-0.5 1.2 -0.503847 0.44103 -0.503846 0.441028 -0.503845 0.441028 7.0418e-07 4.10625e-06 4.23753e-06
-0.5 1.3 -0.57579 0.202393 -0.575788 0.202392 -0.575789 0.202392 9.19955e-07 4.14325e-06 3.43011e-06
-0.5 1.4 -0.56129 -0.0686302 -0.561288 -0.0686303 -0.561288 -0.0686307 6.6813e-07 4.1289e-06 4.07956e-06
-0.5 1.5 -0.422863 -0.320998 -0.422861 -0.320997 -0.42286 -0.320997 5.19201e-07 4.08435e-06 4.54088e-06
-0.5 1.6 -0.165928 -0.475434 -0.165927 -0.475433 -0.165927 -0.475432 7.88032e-07 4.02408e-06 4.72519e-06
-0.5 1.7 0.141915 -0.459942 0.141915 -0.45994 0.141915 -0.45994 3.20101e-07 3.95722e-06 4.08728e-06
-0.5 1.8 0.383395 -0.259228 0.383394 -0.259227 0.383394 -0.259227 3.76925e-07 3.8892e-06 3.73759e-06
-0.5 1.9 0.443884 0.0526676 0.443882 0.0526679 0.443882 0.0526681 1.00777e-06 3.82305e-06 4.70821e-06
-0.4 -2 0.427751 0.0966974 0.42775 0.0966975 0.42775 0.0966974 2.54026e-07 3.68717e-06 3.63232e-06
-0.4 -1.9 0.385195 -0.237533 0.385194 -0.237532 0.385194 -0.237532 1.38637e-06 3.74957e-06 3.37268e-06
-0.4 -1.8 0.125527 -0.451469 0.125527 -0.451467 0.125527 -0.451467 1.01807e-06 3.81688e-06 2.82697e-06
-0.4 -1.7 -0.208822 -0.440351 -0.208821 -0.44035 -0.208821 -0.440349 1.27826e-06 3.88835e-06 5.04444e-06
-0.4 -1.6 -0.458312 -0.223285 -0.45831 -0.223284 -0.45831 -0.223284 8.02202e-07 3.96216e-06 4.68875e-06
-0.4 -1.5 -0.529308 0.0931269 -0.529306 0.0931261 -0.529306 0.0931254 1.13405e-06 4.03447e-06 4.51748e-06
-0.4 -1.4 -0.420823 0.388169 -0.420821 0.388167 -0.420821 0.388167 3.51898e-07 4.09807e-06 4.02665e-06
-0.4 -1.3 -0.196197 0.586553 -0.196196 0.58655 -0.196196 0.58655 2.88456e-07 4.14038e-06 4.13527e-06
-0.4 -1.2 0.0672381 0.677243 0.0672373 0.67724 0.0672377 0.67724 6.41003e-07 4.14107e-06 4.19664e-06
-0.4 -1.1 0.315375 0.697812 0.315373 0.69781 0.315373 0.69781 8.62876e-07 4.07042e-06 4.58811e-06
-0.4 1.1 0.315375 0.697812 0.315373 0.69781 0.315373 0.69781 8.62876e-07 4.07042e-06 4.58811e-06
-0.4 1.2 0.0672381 0.677243 0.0672373 0.67724 0.0672377 0.67724 6.41003e-07 4.14107e-06 4.19664e-06
-0.4 1.3 -0.196197 0.586553 -0.196196 0.58655 -0.196196 0.58655 2.88456e-07 4.14038e-06 4.13527e-06
-0.4 1.4 -0.420823 0.388169 -0.420821 0.388167 -0.420821 0.388167 3.51898e-07 4.09807e-06 4.02665e-06
-0.4 1.5 -0.529308 0.0931269 -0.529306 0.0931261 -0.529306 0.0931254 1.13405e-06 4.03447e-06 4.51748e-06
-0.4 1.6 -0.458312 -0.223285 -0.45831 -0.223284 -0.45831 -0.223284 8.02202e-07 3.96216e-06 4.68875e-06
-0.4 1.7 -0.208822 -0.440351 -0.208821 -0.44035 -0.208821 -0.440349 1.27826e-06 3.88835e-06 5.04444e-06
-0.4 1.8 0.125527 -0.451469 0.125527 -0.451467 0.125527 -0.451467 1.01807e-06 3.81688e-06 2.82697e-06
-0.4 1.9 0.385195 -0.237533 0.385194 -0.237532 0.385194 -0.237532 1.38637e-06 3.74957e-06 3.37268e-06
-0.3 -2 0.412909 -0.163701 0.412908 -0.1637 0.412908 -0.1637 1.27355e-06 3.6086e-06 2.34369e-06
-0.3 -1.9 0.172833 -0.424627 0.172833 -0.424625 0.172833 -0.424624 1.20757e-06 3.66996e-06 4.86023e-06
-0.3 -1.8 -0.182843 -0.438148 -0.182842 -0.438146 -0.182842 -0.438146 1.30943e-06 3.73739e-06 4.88333e-06
-0.3 -1.7 -0.450172 -0.202877 -0.45017 -0.202877 -0.450171 -0.202876 2.10574e-06 3.81092e-06 3.63276e-06
-0.3 -1.6 -0.494498 0.148975 -0.494497 0.148974 -0.494497 0.148975 2.00634e-06 3.88985e-06 2.38916e-06
-0.3 -1.5 -0.310031 0.447383 -0.31003 0.447381 -0.31003 0.447382 6.56814e-07 3.97205e-06 3.46324e-06
-0.3 -1.4 0.00720531 0.579694 0.00720482 0.579691 0.0072046 0.579692 5.29049e-07 4.05269e-06 3.7979e-06
-0.3 -1.3 0.335331 0.529351 0.335329 0.529349 0.335328 0.529349 1.0177e-06 4.12221e-06 4.12888e-06
-0.3 -1.2 0.594506 0.352782 0.594503 0.352781 0.594503 0.352781 1.14721e-07 4.16348e-06 4.26141e-06
-0.3 -1.1 0.77311 0.129301 0.773107 0.129301 0.773107 0.129302 1.07034e-06 4.14943e-06 4.26462e-06
-0.3 1.1 0.77311 0.129301 0.773107 0.129301 0.773107 0.129302 1.07034e-06 4.14943e-06 4.26462e-06
-0.3 1.2 0.594506 0.352782 0.594503 0.352781 0.594503 0.352781 1.14721e-07 4.16348e-06 4.26141e-06
-0.3 1.3 0.335331 0.529351 0.335329 0.529349 0.335328 0.529349 1.0177e-06 4.12221e-06 4.12888e-06
-0.3 1.4 0.00720531 0.579694 0.00720482 0.579691 0.0072046 0.579692 5.29049e-07 4.05269e-06 3.7979e-06
-0.3 1.5 -0.310031 0.447383 -0.31003 0.447381 -0.31003 0.447382 6.56814e-07 3.97205e-06 3.46324e-06
-0.3 1.6 -0.494498 0.148975 -0.494497 0.148974 -0.494497 0.148975 2.00634e-06 3.88985e-06 2.38916e-06
-0.3 1.7 -0.450172 -0.202877 -0.45017 -0.202877 -0.450171 -0.202876 2.10574e-06 3.81092e-06 3.63276e-06
-0.3 1.8 -0.182843 -0.438148 -0.182842 -0.438146 -0.182842 -0.438146 1.30943e-06 3.73739e-06 4.88333e-06
-0.3 1.9 0.172833 -0.424627 0.172833 -0.424625 0.172833 -0.424624 1.20757e-06 3.66996e-06 4.86023e-06
-0.2 -2 0.267619 -0.361691 0.267619 -0.36169 0.267619 -0.36169 3.75303e-07 3.52112e-06 3.20173e-06
-0.2 -1.9 -0.0928091 -0.45517 -0.0928083 -0.455168 -0.0928084 -0.455169 1.74033e-06 3.58022e-06 2.09097e-06
-0.2 -1.8 -0.409422 -0.252777 -0.409421 -0.252776 -0.409421 -0.252776 7.42651e-07 3.64625e-06 3.31347e-06
-0.2 -1.7 -0.486446 0.117647 -0.486445 0.117646 -0.486444 0.117646 1.04561e-06 3.7199e-06 4.39925e-06
-0.2 -1.6 -0.284657 0.439229 -0.284656 0.439227 -0.284657 0.439227 5.06284e-07 3.80154e-06 4.03515e-06
-0.2 -1.5 0.079138 0.545769 0.0791372 0.545767 0.0791375 0.545767 8.47903e-07 3.89075e-06 3.07645e-06
-0.2 -1.4 0.426775 0.403245 0.426773 0.403244 0.426773 0.403244 3.14978e-07 3.98536e-06 3.72042e-06
-0.2 -1.3 0.627521 0.094532 0.627518 0.0945321 0.627519 0.0945318 1.35732e-06 4.07979e-06 2.77794e-06
-0.2 -1.2 0.651499 -0.259348 0.651496 -0.259347 0.651496 -0.259347 4.59737e-07 4.16241e-06 3.8204e-06
-0.2 -1.1 0.554377 -0.577444 0.554375 -0.577442 0.554374 -0.577442 2.05238e-06 4.21342e-06 5.50533e-06
-0.2 1.1 0.554377 -0.577444 0.554375 -0.577442 0.554374 -0.577442 2.05238e-06 4.21342e-06 5.50533e-06
-0.2 1.2 0.651499 -0.259348 0.651496 -0.259347 0.651496 -0.259347 4.59737e-07 4.16241e-06 3.8204e-06
-0.2 1.3 0.627521 0.094532 0.627518 0.0945321 0.627519 0.0945318 1.35732e-06 4.07979e-06 2.77794e-06
-0.2 1.4 0.426775 0.403245 0.426773 0.403244 0.426773 0.403244 3.14978e-07 3.98536e-06 3.72042e-06
-0.2 1.5 0.079138 0.545769 0.0791372 0.545767 0.0791375 0.545767 8.47903e-07 3.89075e-06 3.07645e-06
-0.2 1.6 -0.284657 0.439229 -0.284656 0.439227 -0.284657 0.439227 5.06284e-07 3.80154e-06 4.03515e-06
-0.2 1.7 -0.486446 0.117647 -0.486445 0.117646 -0.486444 0.117646 1.04561e-06 3.7199e-06 4.39925e-06
-0.2 1.8 -0.409422 -0.252777 -0.409421 -0.252776 -0.409421 -0.252776 7.42651e-07 3.64625e-06 3.31347e-06
-0.2 1.9 -0.0928091 -0.45517 -0.0928083 -0.455168 -0.0928084 -0.455169 1.74033e-06 3.58022e-06 2.09097e-06
-0.1 -2 0.0581134 -0.451752 0.0581137 -0.45175 0.0581134 -0.45175 9.42951e-07 3.4254e-06 2.71761e-06
-0.1 -1.9 -0.317326 -0.347262 -0.317324 -0.347261 -0.317324 -0.347261 5.73251e-07 3.48078e-06 2.92973e-06
-0.1 -1.8 -0.487282 0.0096542 -0.48728 0.00965367 -0.487279 0.00965301 1.95926e-06 3.54354e-06 5.37231e-06
-0.1 -1.7 -0.335376 0.380215 -0.335376 0.380213 -0.335375 0.380213 5.97619e-07 3.61489e-06 3.49745e-06
-0.1 -1.6 0.0413773 0.52857 0.0413766 0.528568 0.0413766 0.528568 4.06181e-07 3.69608e-06 3.3203e-06
-0.1 -1.5 0.417693 0.370653 0.417691 0.370652 0.417691 0.370652 1.20454e-06 3.78822e-06 3.34779e-06
-0.1 -1.4 0.594183 0.001304 0.594181 0.00130451 0.594181 0.00130502 8.97773e-07 3.89178e-06 3.95381e-06
-0.1 -1.3 0.504748 -0.396298 0.504747 -0.396296 0.504746 -0.396296 6.81931e-07 4.00557e-06 4.6873e-06
-0.1 -1.2 0.216581 -0.675264 0.216581 -0.675261 0.216581 -0.675261 4.08937e-07 4.12508e-06 4.46751e-06
-0.1 -1.1 -0.151688 -0.798385 -0.151687 -0.798382 -0.151687 -0.798382 8.9782e-07 4.24154e-06 4.68419e-06
-0.1 1.1 -0.151688 -0.798385 -0.151687 -0.798382 -0.151687 -0.798382 8.9782e-07 4.24154e-06 4.68419e-06
-0.1 1.2 0.216581 -0.675264 0.216581 -0.675261 0.216581 -0.675261 4.08937e-07 4.12508e-06 4.46751e-06
-0.1 1.3 0.504748 -0.396298 0.504747 -0.396296 0.504746 -0.396296 6.81931e-07 4.00557e-06 4.6873e-06
-0.1 1.4 0.594183 0.001304 0.594181 0.00130451 0.594181 0.00130502 8.97773e-07 3.89178e-06 3.95381e-06
-0.1 1.5 0.417693 0.370653 0.417691 0.370652 0.417691 0.370652 1.20454e-06 3.78822e-06 3.34779e-06
-0.1 1.6 0.0413773 0.52857 0.0413766 0.528568 0.0413766 0.528568 4.06181e-07 3.69608e-06 3.3203e-06
-0.1 1.7 -0.335376 0.380215 -0.335376 0.380213 -0.335375 0.380213 5.97619e-07 3.61489e-06 3.49745e-06
-0.1 1.8 -0.487282 0.0096542 -0.48728 0.00965367 -0.487279 0.00965301 1.95926e-06 3.54354e-06 5.37231e-06
-0.1 1.9 -0.317326 -0.347262 -0.317324 -0.347261 -0.317324 -0.347261 5.73251e-07 3.48078e-06 2.92973e-06
6.38378e-16 -2 -0.14951 -0.435612 -0.149509 -0.435611 -0.14951 -0.43561 1.00683e-06 3.32533e-06 3.65682e-06
6.38378e-16 -1.9 -0.448011 -0.160245 -0.448009 -0.160245 -0.448009 -0.160245 1.22766e-06 3.37576e-06 4.58296e-06
6.38378e-16 -1.8 -0.423265 0.252944 -0.423263 0.252942 -0.423263 0.252943 1.23089e-06 3.43355e-06 2.74208e-06
6.38378e-16 -1.7 -0.0856696 0.505782 -0.0856699 0.50578 -0.0856703 0.50578 7.99626e-07 3.50023e-06 3.47238e-06
6.38378e-16 -1.6 0.334953 0.418965 0.334952 0.418964 0.334952 0.418965 1.14273e-06 3.57765e-06 2.43535e-06
6.38378e-16 -1.5 0.562829 0.0463435 0.562827 0.0463439 0.562827 0.0463436 8.19324e-07 3.66806e-06 4.20504e-06
6.38378e-16 -1.4 0.460683 -0.384928 0.460681 -0.384927 0.460681 -0.384926 3.42987e-07 3.77407e-06 4.03544e-06
6.38378e-16 -1.3 0.0927532 -0.640704 0.0927534 -0.640701 0.0927539 -0.640701 8.30413e-07 3.89841e-06 4.07005e-06
6.38378e-16 -1.2 -0.357289 -0.618182 -0.357287 -0.61818 -0.357286 -0.61818 4.77785e-07 4.04368e-06 3.97586e-06
6.38378e-16 1.1 -0.730853 -0.366404 -0.73085 -0.366403 -0.730849 -0.366403 9.6095e-07 4.21318e-06 4.43642e-06
6.38378e-16 1.2 -0.357289 -0.618182 -0.357287 -0.61818 -0.357286 -0.61818 4.77785e-07 4.04368e-06 3.97586e-06
6.38378e-16 1.3 0.0927532 -0.640704 0.0927534 -0.640701 0.0927539 -0.640701 8.30413e-07 3.89841e-06 4.07005e-06
6.38378e-16 1.4 0.460683 -0.384928 0.460681 -0.384927 0.460681 -0.384926 3.42987e-07 3.77407e-06 4.03544e-06
6.38378e-16 1.5 0.562829 0.0463435 0.562827 0.0463439 0.562827 0.0463436 8.19324e-07 3.66806e-06 4.20504e-06
6.38378e-16 1.6 0.334953 0.418965 0.334952 0.418964 0.334952 0.418965 1.14273e-06 3.57765e-06 2.43535e-06
6.38378e-16 1.7 -0.0856696 0.505782 -0.0856699 0.50578 -0.0856703 0.50578 7.99626e-07 3.50023e-06 3.47238e-06
6.38378e-16 1.8 -0.423265 0.252944 -0.423263 0.252942 -0.423263 0.252943 1.23089e-06 3.43355e-06 2.74208e-06
6.38378e-16 1.9 -0.448011 -0.160245 -0.448009 -0.160245 -0.448009 -0.160245 1.22766e-06 3.37576e-06 4.58296e-06
0.1 -2 -0.312132 -0.344838 -0.312131 -0.344838 -0.31213 -0.344838 1.34734e-06 3.2247e-06 3.53103e-06
0.1 -1.9 -0.478822 0.0419744 -0.47882 0.0419737 -0.47882 0.041974 1.26991e-06 3.26915e-06 4.09247e-06
0.1 -1.8 -0.269615 0.418954 -0.269615 0.418953 -0.269614 0.418952 1.75031e-06 3.32046e-06 5.04729e-06
0.1 -1.7 0.166062 0.491031 0.166061 0.491029 0.166061 0.49103 7.94497e-07 3.38026e-06 2.70795e-06
0.1 -1.6 0.506457 0.192802 0.506455 0.192802 0.506455 0.192802 7.50201e-07 3.45067e-06 2.72055e-06
0.1 -1.5 0.501615 -0.271143 0.501613 -0.271142 0.501613 -0.271141 1.03675e-06 3.53454e-06 4.30159e-06
0.1 -1.4 0.146262 -0.587455 0.146262 -0.587453 0.146263 -0.587453 3.87341e-07 3.63577e-06 3.49771e-06
0.1 -1.3 -0.340426 -0.555256 -0.340424 -0.555254 -0.340424 -0.555254 3.11421e-07 3.75978e-06 3.91662e-06
0.1 -1.2 -0.688122 -0.195827 -0.688119 -0.195827 -0.68812 -0.195826 1.42423e-06 3.9145e-06 3.78391e-06
0.1 -1.1 -0.750897 0.314478 -0.750895 0.314476 -0.750894 0.314476 1.01212e-06 4.1129e-06 4.98524e-06
0.1 1.1 -0.750897 0.314478 -0.750895 0.314476 -0.750894 0.314476 1.01212e-06 4.1129e-06 4.98524e-06
0.1 1.2 -0.688122 -0.195827 -0.688119 -0.195827 -0.68812 -0.195826 1.42423e-06 3.9145e-06 3.78391e-06
0.1 1.3 -0.340426 -0.555256 -0.340424 -0.555254 -0.340424 -0.555254 3.11421e-07 3.75978e-06 3.91662e-06
0.1 1.4 0.146262 -0.587455 0.146262 -0.587453 0.146263 -0.587453 3.87341e-07 3.63577e-06 3.49771e-06
0.1 1.5 0.501615 -0.271143 0.501613 -0.271142 0.501613 -0.271141 1.03675e-06 3.53454e-06 4.30159e-06
0.1 1.6 0.506457 0.192802 0.506455 0.192802 0.506455 0.192802 7.50201e-07 3.45067e-06 2.72055e-06
0.1 1.7 0.166062 0.491031 0.166061 0.491029 0.166061 0.49103 7.94497e-07 3.38026e-06 2.70795e-06
0.1 1.8 -0.269615 0.418954 -0.269615 0.418953 -0.269614 0.418952 1.75031e-06 3.32046e-06 5.04729e-06
0.1 1.9 -0.478822 0.0419744 -0.47882 0.0419737 -0.47882 0.041974 1.26991e-06 3.26915e-06 4.09247e-06
0.2 -2 -0.414759 -0.219386 -0.414757 -0.219386 -0.414757 -0.219386 1.40191e-07 3.1251e-06 3.23304e-06
0.2 -1.9 -0.434807 0.214818 -0.434806 0.214817 -0.434806 0.214816 5.30685e-07 3.1626e-06 3.65622e-06
0.2 -1.8 -0.0872103 0.495125 -0.0872106 0.495124 -0.0872107 0.495123 6.38857e-07 3.20605e-06 3.84433e-06
0.2 -1.7 0.357879 0.381443 0.357878 0.381442 0.357878 0.381442 1.12915e-06 3.25696e-06 2.45008e-06
0.2 -1.6 0.543994 -0.0537558 0.543992 -0.053755 0.543992 -0.0537553 5.15609e-07 3.31743e-06 3.04837e-06
0.2 -1.5 0.311112 -0.483233 0.311111 -0.483231 0.311112 -0.483231 7.16213e-07 3.39041e-06 2.69046e-06
0.2 -1.4 -0.184757 -0.580495 -0.184755 -0.580493 -0.184755 -0.580493 4.97162e-07 3.48019e-06 3.6256e-06
0.2 -1.3 -0.599398 -0.260022 -0.599396 -0.260021 -0.599395 -0.260021 9.8435e-07 3.59331e-06 4.49012e-06
0.2 -1.2 -0.655154 0.282846 -0.655152 0.282844 -0.655152 0.282844 6.40706e-07 3.74018e-06 4.31444e-06
0.2 -1.1 -0.310659 0.740887 -0.310658 0.740884 -0.310658 0.740883 1.37303e-06 3.93858e-06 5.27649e-06
0.2 1.1 -0.310659 0.740887 -0.310658 0.740884 -0.310658 0.740883 1.37303e-06 3.93858e-06 5.27649e-06
0.2 1.2 -0.655154 0.282846 -0.655152 0.282844 -0.655152 0.282844 6.40706e-07 3.74018e-06 4.31444e-06
0.2 1.3 -0.599398 -0.260022 -0.599396 -0.260021 -0.599395 -0.260021 9.8435e-07 3.59331e-06 4.49012e-06
0.2 1.4 -0.184757 -0.580495 -0.184755 -0.580493 -0.184755 -0.580493 4.97162e-07 3.48019e-06 3.6256e-06
0.2 1.5 0.311112 -0.483233 0.311111 -0.483231 0.311112 -0.483231 7.16213e-07 3.39041e-06 2.69046e-06
0.2 1.6 0.543994 -0.0537558 0.543992 -0.053755 0.543992 -0.0537553 5.15609e-07 3.31743e-06 3.04837e-06
0.2 1.7 0.357879 0.381443 0.357878 0.381442 0.357878 0.381442 1.12915e-06 3.25696e-06 2.45008e-06
0.2 1.8 -0.0872103 0.495125 -0.0872106 0.495124 -0.0872107 0.495123 6.38857e-07 3.20605e-06 3.84433e-06
0.2 1.9 -0.434807 0.214818 -0.434806 0.214817 -0.434806 0.214816 5.30685e-07 3.1626e-06 3.65622e-06
0.3 -2 -0.463642 -0.0925311 -0.463641 -0.0925315 -0.463641 -0.0925315 4.83376e-07 3.0266e-06 3.50996e-06
0.3 -1.9 -0.351644 0.339394 -0.351643 0.339393 -0.351644 0.339393 7.52976e-07 3.05639e-06 2.72909e-06
0.3 -1.8 0.0789383 0.50041 0.0789375 0.500409 0.0789368 0.500409 1.33323e-06 3.09096e-06 4.12926e-06
0.3 -1.7 0.471915 0.234405 0.471913 0.234405 0.471913 0.234405 1.00069e-06 3.13163e-06 4.009e-06
0.3 -1.6 0.487046 -0.256348 0.487045 -0.256347 0.487044 -0.256347 1.17196e-06 3.18023e-06 3.89429e-06
0.3 -1.5 0.0868091 -0.571471 0.0868095 -0.571469 0.0868105 -0.57147 1.83649e-06 3.23941e-06 3.25482e-06
0.3 -1.4 -0.426493 -0.438169 -0.426491 -0.438168 -0.426491 -0.438168 2.08611e-07 3.31314e-06 3.12509e-06
0.3 -1.3 -0.649721 0.0695511 -0.649719 0.0695501 -0.649719 0.0695498 7.1527e-07 3.40756e-06 3.24694e-06
0.3 -1.2 -0.389553 0.592289 -0.389552 0.592287 -0.389552 0.592287 2.34322e-07 3.53266e-06 3.30794e-06
0.3 -1.1 0.209199 0.759648 0.209197 0.759645 0.209198 0.759646 1.39261e-06 3.70562e-06 2.39753e-06
0.3 1.1 0.209199 0.759648 0.209197 0.759645 0.209198 0.759646 1.39261e-06 3.70562e-06 2.39753e-06
0.3 1.2 -0.389553 0.592289 -0.389552 0.592287 -0.389552 0.592287 2.34322e-07 3.53266e-06 3.30794e-06
0.3 1.3 -0.649721 0.0695511 -0.649719 0.0695501 -0.649719 0.0695498 7.1527e-07 3.40756e-06 3.24694e-06
0.3 1.4 -0.426493 -0.438169 -0.426491 -0.438168 -0.426491 -0.438168 2.08611e-07 3.31314e-06 3.12509e-06
0.3 1.5 0.0868091 -0.571471 0.0868095 -0.571469 0.0868105 -0.57147 1.83649e-06 3.23941e-06 3.25482e-06
0.3 1.6 0.487046 -0.256348 0.487045 -0.256347 0.487044 -0.256347 1.17196e-06 3.18023e-06 3.89429e-06
0.3 1.7 0.471915 0.234405 0.471913 0.234405 0.471913 0.234405 1.00069e-06 3.13163e-06 4.009e-06
0.3 1.8 0.0789383 0.50041 0.0789375 0.500409 0.0789368 0.500409 1.33323e-06 3.09096e-06 4.12926e-06
0.3 1.9 -0.351644 0.339394 -0.351643 0.339393 -0.351644 0.339393 7.52976e-07 3.05639e-06 2.72909e-06
0.4 -2 -0.475523 0.0149879 -0.475521 0.0149872 -0.475521 0.0149883 2.23181e-06 2.92947e-06 2.68414e-06
0.4 -1.9 -0.260931 0.416795 -0.26093 0.416793 -0.260931 0.416793 9.08795e-07 2.95136e-06 2.76628e-06
0.4 -1.8 0.206746 0.465773 0.206745 0.465772 0.206745 0.465773 1.07943e-06 2.97685e-06 2.83631e-06
0.4 -1.7 0.521283 0.0945476 0.521282 0.094548 0.521282 0.0945477 1.04617e-06 3.00697e-06 2.1478e-06
0.4 -1.6 0.389219 -0.392724 0.389219 -0.392722 0.389219 -0.392722 7.21191e-07 3.04318e-06 3.0665e-06
0.4 -1.5 -0.105496 -0.570212 -0.105495 -0.570211 -0.105495 -0.570211 5.12845e-07 3.08757e-06 2.61755e-06
0.4 -1.4 -0.556065 -0.255685 -0.556063 -0.255685 -0.556063 -0.255685 2.93309e-07 3.1432e-06 3.11204e-06
0.4 -1.3 -0.566433 0.32188 -0.566431 0.321878 -0.566431 0.321879 3.42414e-07 3.21481e-06 3.21206e-06
0.4 -1.2 -0.0829514 0.697051 -0.082952 0.697049 -0.0829509 0.697048 1.56235e-06 3.31001e-06 3.8344e-06
0.4 -1.1 0.553033 0.536149 0.553031 0.536148 0.553031 0.536148 7.74087e-07 3.44175e-06 3.82187e-06
0.4 1.1 0.553033 0.536149 0.553031 0.536148 0.553031 0.536148 7.74087e-07 3.44175e-06 3.82187e-06
0.4 1.2 -0.0829514 0.697051 -0.082952 0.697049 -0.0829509 0.697048 1.56235e-06 3.31001e-06 3.8344e-06
0.4 1.3 -0.566433 0.32188 -0.566431 0.321878 -0.566431 0.321879 3.42414e-07 3.21481e-06 3.21206e-06
0.4 1.4 -0.556065 -0.255685 -0.556063 -0.255685 -0.556063 -0.255685 2.93309e-07 3.1432e-06 3.11204e-06
0.4 1.5 -0.105496 -0.570212 -0.105495 -0.570211 -0.105495 -0.570211 5.12845e-07 3.08757e-06 2.61755e-06
0.4 1.6 0.389219 -0.392724 0.389219 -0.392722 0.389219 -0.392722 7.21191e-07 3.04318e-06 3.0665e-06
0.4 1.7 0.521283 0.0945476 0.521282 0.094548 0.521282 0.0945477 1.04617e-06 3.00697e-06 2.1478e-06
0.4 1.8 0.206746 0.465773 0.206745 0.465772 0.206745 0.465773 1.07943e-06 2.97685e-06 2.83631e-06
0.4 1.9 -0.260931 0.416795 -0.26093 0.416793 -0.260931 0.416793 9.08794e-07 2.95136e-06 2.76628e-06
0.5 -2 -0.468692 0.09391 -0.468691 0.0939091 -0.468691 0.0939084 1.38129e-06 2.8351e-06 3.87035e-06
0.5 -1.9 -0.184115 0.458307 -0.184115 0.458306 -0.184114 0.458306 1.95799e-06 2.8496e-06 2.72947e-06
0.5 -1.8 0.29218 0.419966 0.292178 0.419965 0.292178 0.419965 1.2242e-06 2.86661e-06 3.68619e-06
0.5 -1.7 0.531328 -0.0135201 0.531327 -0.0135193 0.531326 -0.0135197 1.02314e-06 2.88686e-06 3.32912e-06
0.5 -1.6 0.293755 -0.469852 0.293755 -0.46985 0.293756 -0.46985 1.07801e-06 2.91134e-06 2.82947e-06
0.5 -1.5 -0.239584 -0.528449 -0.239582 -0.528448 -0.239583 -0.528448 7.11101e-07 2.94141e-06 2.25635e-06
0.5 -1.4 -0.60273 -0.0994352 -0.602728 -0.0994358 -0.602728 -0.099436 4.23638e-07 2.97904e-06 3.30951e-06
0.5 -1.3 -0.444412 0.471198 -0.444411 0.471196 -0.444412 0.471196 1.2969e-06 3.0272e-06 3.97436e-06
0.5 -1.2 0.149663 0.676959 0.149662 0.676957 0.149663 0.676956 1.7426e-06 3.09061e-06 3.82618e-06
0.5 -1.1 0.696983 0.282381 0.69698 0.282381 0.696981 0.282381 4.62348e-07 3.17713e-06 2.76524e-06
0.5 -1 0.697003 -0.453783 0.697002 -0.453781 0.697001 -0.453781 1.03497e-06 3.2999e-06 3.54453e-06
0.5 1 0.697003 -0.453783 0.697002 -0.453781 0.697001 -0.453781 1.03497e-06 3.2999e-06 3.54453e-06
0.5 1.1 0.696983 0.282381 0.69698 0.282381 0.696981 0.282381 4.62348e-07 3.17713e-06 2.76524e-06
0.5 1.2 0.149663 0.676959 0.149662 0.676957 0.149663 0.676956 1.7426e-06 3.09061e-06 3.82618e-06
0.5 1.3 -0.444412 0.471198 -0.444411 0.471196 -0.444412 0.471196 1.2969e-06 3.0272e-06 3.97436e-06
0.5 1.4 -0.60273 -0.0994352 -0.602728 -0.0994358 -0.602728 -0.099436 4.23638e-07 2.97904e-06 3.30951e-06
0.5 1.5 -0.239584 -0.528449 -0.239582 -0.528448 -0.239583 -0.528448 7.11101e-07 2.94141e-06 2.25635e-06
0.5 1.6 0.293755 -0.469852 0.293755 -0.46985 0.293756 -0.46985 1.07801e-06 2.91134e-06 2.82947e-06
0.5 1.7 0.531328 -0.0135201 0.531327 -0.0135193 0.531326 -0.0135197 1.02314e-06 2.88686e-06 3.32912e-06
0.5 1.8 0.29218 0.419966 0.292178 0.419965 0.292178 0.419965 1.2242e-06 2.86661e-06 3.68619e-06
0.5 1.9 -0.184115 0.458307 -0.184115 0.458306 -0.184114 0.458306 1.95799e-06 2.8496e-06 2.72947e-06
0.6 -2 -0.457855 0.142305 -0.457854 0.142304 -0.457853 0.142304 1.48598e-06 2.74561e-06 3.67563e-06
0.6 -1.9 -0.132804 0.477027 -0.132805 0.477026 -0.132805 0.477025 1.50551e-06 2.75367e-06 3.85654e-06
0.6 -1.8 0.340365 0.38326 0.340364 0.38326 0.340363 0.38326 1.40971e-06 2.76329e-06 4.03528e-06
0.6 -1.7 0.525833 -0.0810125 0.525831 -0.0810115 0.525832 -0.0810114 2.88517e-07 2.77486e-06 2.68405e-06
0.6 -1.6 0.226272 -0.505681 0.226272 -0.50568 0.226272 -0.50568 5.60913e-07 2.78889e-06 2.88666e-06
0.6 -1.5 -0.315474 -0.48559 -0.315473 -0.485589 -0.315472 -0.485589 1.01704e-06 2.80607e-06 3.8007e-06
0.6 -1.4 -0.60809 0.00115536 -0.608089 0.00115447 -0.608089 0.00115431 2.90478e-07 2.82738e-06 2.87725e-06
0.6 -1.3 -0.348012 0.539788 -0.348012 0.539787 -0.348011 0.539787 2.12157e-06 2.85434e-06 3.67821e-06
0.6 -1.2 0.280747 0.622943 0.280745 0.622942 0.280747 0.622942 2.41457e-06 2.88934e-06 1.8171e-06
0.6 -1.1 0.725499 0.110437 0.725497 0.110438 0.725497 0.110438 4.1288e-07 2.93619e-06 2.94104e-06
0.6 -1 0.528864 -0.597838 0.528864 -0.597836 0.528865 -0.597836 1.1261e-06 3.00076e-06 2.41892e-06
0.6 1 0.528864 -0.597838 0.528864 -0.597836 0.528865 -0.597836 1.1261e-06 3.00076e-06 2.41892e-06
0.6 1.1 0.725499 0.110437 0.725497 0.110438 0.725497 0.110438 4.1288e-07 2.93619e-06 2.94104e-06
0.6 1.2 0.280747 0.622943 0.280745 0.622942 0.280747 0.622942 2.41457e-06 2.88934e-06 1.8171e-06
0.6 1.3 -0.348012 0.539788 -0.348012 0.539787 -0.348011 0.539787 2.12157e-06 2.85434e-06 3.67821e-06
0.6 1.4 -0.60809 0.00115536 -0.608089 0.00115447 -0.608089 0.00115431 2.90478e-07 2.82738e-06 2.87725e-06
0.6 1.5 -0.315474 -0.48559 -0.315473 -0.485589 -0.315472 -0.485589 1.01704e-06 2.80607e-06 3.8007e-06
0.6 1.6 0.226272 -0.505681 0.226272 -0.50568 0.226272 -0.50568 5.60913e-07 2.78889e-06 2.88666e-06
0.6 1.7 0.525833 -0.0810125 0.525831 -0.0810115 0.525832 -0.0810114 2.88517e-07 2.77486e-06 2.68405e-06
0.6 1.8 0.340365 0.38326 0.340364 0.38326 0.340363 0.38326 1.40971e-06 2.76329e-06 4.03528e-06
0.6 1.9 -0.132804 0.477027 -0.132805 0.477026 -0.132805 0.477025 1.50551e-06 2.75367e-06 3.85654e-06
0.7 -2 -0.452203 0.161292 -0.452202 0.161291 -0.452202 0.161291 7.66397e-07 2.66289e-06 3.25939e-06
0.7 -1.9 -0.111795 0.482755 -0.111795 0.482754 -0.111794 0.482753 1.76589e-06 2.66561e-06 2.9864e-06
0.7 -1.8 0.357977 0.366819 0.357975 0.366819 0.357975 0.366819 6.1411e-07 2.66903e-06 2.08938e-06
0.7 -1.7 0.520499 -0.107328 0.520498 -0.107327 0.520498 -0.107327 2.93941e-07 2.67326e-06 2.92658e-06
0.7 -1.6 0.197903 -0.515963 0.197904 -0.515962 0.197903 -0.515962 1.46154e-06 2.67844e-06 1.21962e-06
0.7 -1.5 -0.342099 -0.464057 -0.342098 -0.464057 -0.342098 -0.464057 5.81267e-07 2.6848e-06 2.1038e-06
0.7 -1.4 -0.602477 0.040071 -0.602476 0.04007 -0.602476 0.0400701 2.95441e-07 2.6927e-06 2.82569e-06
0.7 -1.3 -0.305567 0.55699 -0.305567 0.556989 -0.305567 0.556989 1.0124e-06 2.70276e-06 1.80461e-06
0.7 -1.2 0.323338 0.589268 0.323337 0.589267 0.323336 0.589267 9.62943e-07 2.71594e-06 3.59194e-06
0.7 -1.1 0.714475 0.0455878 0.714473 0.0455888 0.714474 0.0455888 5.44914e-07 2.73362e-06 2.34004e-06
0.7 -1 0.45091 -0.622728 0.45091 -0.622726 0.450909 -0.622727 1.26891e-06 2.75753e-06 1.50202e-06
0.7 -0.9 -0.313418 -0.772726 -0.313416 -0.772724 -0.313417 -0.772724 6.41294e-07 2.78952e-06 2.65698e-06
0.7 0.9 -0.313418 -0.772726 -0.313416 -0.772724 -0.313417 -0.772724 6.41294e-07 2.78952e-06 2.65698e-06
0.7 1 0.45091 -0.622728 0.45091 -0.622726 0.450909 -0.622727 1.26891e-06 2.75753e-06 1.50202e-06
0.7 1.1 0.714475 0.0455878 0.714473 0.0455888 0.714474 0.0455888 5.44914e-07 2.73362e-06 2.34004e-06
0.7 1.2 0.323338 0.589268 0.323337 0.589267 0.323336 0.589267 9.62943e-07 2.71594e-06 3.59194e-06
0.7 1.3 -0.305567 0.55699 -0.305567 0.556989 -0.305567 0.556989 1.0124e-06 2.70276e-06 1.80461e-06
0.7 1.4 -0.602477 0.040071 -0.602476 0.04007 -0.602476 0.0400701 2.95441e-07 2.6927e-06 2.82569e-06
0.7 1.5 -0.342099 -0.464057 -0.342098 -0.464057 -0.342098 -0.464057 5.81267e-07 2.6848e-06 2.1038e-06
0.7 1.6 0.197903 -0.515963 0.197904 -0.515962 0.197903 -0.515962 1.46154e-06 2.67844e-06 1.21962e-06
0.7 1.7 0.520499 -0.107328 0.520498 -0.107327 0.520498 -0.107327 2.93941e-07 2.67326e-06 2.92658e-06
0.7 1.8 0.357977 0.366819 0.357975 0.366819 0.357975 0.366819 6.1411e-07 2.66903e-06 2.08938e-06
0.7 1.9 -0.111795 0.482755 -0.111795 0.482754 -0.111794 0.482753 1.76589e-06 2.66561e-06 2.9864e-06
0.8 -2 -0.455243 0.152121 -0.455243 0.15212 -0.455243 0.15212 5.31282e-07 2.58806e-06 2.09203e-06
0.8 -1.9 -0.122009 0.479774 -0.12201 0.479773 -0.12201 0.479773 6.49632e-07 2.58645e-06 3.2031e-06
0.8 -1.8 0.34878 0.374247 0.348778 0.374247 0.348778 0.374246 6.29265e-07 2.58482e-06 3.14205e-06
0.8 -1.7 0.521396 -0.0940852 0.521396 -0.0940841 0.521395 -0.0940839 1.11228e-06 2.58313e-06 3.58808e-06
0.8 -1.6 0.210778 -0.508088 0.210778 -0.508087 0.210777 -0.508087 1.0066e-06 2.58132e-06 2.11042e-06
0.8 -1.5 -0.326053 -0.470836 -0.326052 -0.470836 -0.326052 -0.470836 2.35059e-07 2.57942e-06 2.53933e-06
0.8 -1.4 -0.597848 0.0201269 -0.597847 0.0201259 -0.597847 0.0201264 9.47686e-07 2.57754e-06 2.66948e-06
0.8 -1.3 -0.321601 0.538331 -0.321602 0.53833 -0.321601 0.53833 6.66764e-07 2.57588e-06 2.45108e-06
0.8 -1.2 0.293045 0.591504 0.293044 0.591504 0.293042 0.591504 1.79962e-06 2.57473e-06 4.19225e-06
0.8 -1.1 0.693797 0.0783791 0.693795 0.0783801 0.693795 0.0783802 2.1975e-07 2.57437e-06 2.42353e-06
0.8 -1 0.469859 -0.574878 0.469859 -0.574876 0.469859 -0.574877 1.4279e-06 2.57498e-06 1.72471e-06
0.8 -0.9 -0.244046 -0.755671 -0.244044 -0.75567 -0.244045 -0.75567 8.71746e-07 2.57656e-06 1.84887e-06
0.8 -0.8 -0.825088 -0.221254 -0.825086 -0.221255 -0.825086 -0.221256 1.1986e-06 2.57872e-06 3.75631e-06
0.8 0.8 -0.825088 -0.221254 -0.825086 -0.221255 -0.825086 -0.221256 1.1986e-06 2.57872e-06 3.75631e-06
0.8 0.9 -0.244046 -0.755671 -0.244044 -0.75567 -0.244045 -0.75567 8.71746e-07 2.57656e-06 1.84887e-06
0.8 1 0.469859 -0.574878 0.469859 -0.574876 0.469859 -0.574877 1.4279e-06 2.57498e-06 1.72471e-06
0.8 1.1 0.693797 0.0783791 0.693795 0.0783801 0.693795 0.0783802 2.1975e-07 2.57437e-06 2.42353e-06
0.8 1.2 0.293045 0.591504 0.293044 0.591504 0.293042 0.591504 1.79962e-06 2.57473e-06 4.19225e-06
0.8 1.3 -0.321601 0.538331 -0.321602 0.53833 -0.321601 0.53833 6.66764e-07 2.57588e-06 2.45108e-06
0.8 1.4 -0.597848 0.0201269 -0.597847 0.0201259 -0.597847 0.0201264 9.47686e-07 2.57754e-06 2.66948e-06
0.8 1.5 -0.326053 -0.470836 -0.326052 -0.470836 -0.326052 -0.470836 2.35059e-07 2.57942e-06 2.53933e-06
0.8 1.6 0.210778 -0.508088 0.210778 -0.508087 0.210777 -0.508087 1.0066e-06 2.58132e-06 2.11042e-06
0.8 1.7 0.521396 -0.0940852 0.521396 -0.0940841 0.521395 -0.0940839 1.11228e-06 2.58313e-06 3.58808e-06
0.8 1.8 0.34878 0.374247 0.348778 0.374247 0.348778 0.374246 6.29265e-07 2.58482e-06 3.14205e-06
0.8 1.9 -0.122009 0.479774 -0.12201 0.479773 -0.12201 0.479773 6.49632e-07 2.58645e-06 3.2031e-06
0.9 -2 -0.465147 0.11502 -0.465146 0.115019 -0.465146 0.11502 4.74181e-07 2.52145e-06 2.32325e-06
0.9 -1.9 -0.161957 0.466461 -0.161957 0.46646 -0.161956 0.46646 1.15249e-06 2.51643e-06 2.47514e-06
0.9 -1.8 0.31223 0.402918 0.312229 0.402918 0.312229 0.402918 1.15612e-06 2.51091e-06 1.47647e-06
0.9 -1.7 0.525499 -0.0426497 0.525498 -0.0426488 0.525498 -0.0426487 3.17136e-07 2.5048e-06 2.5444e-06
0.9 -1.6 0.261239 -0.479994 0.26124 -0.479993 0.26124 -0.479993 7.38226e-07 2.49804e-06 2.12674e-06
0.9 -1.5 -0.267999 -0.500538 -0.267997 -0.500537 -0.267998 -0.500537 8.01711e-07 2.49063e-06 1.74332e-06
0.9 -1.4 -0.588974 -0.0537092 -0.588972 -0.0537101 -0.588973 -0.05371 6.96467e-07 2.48265e-06 1.87158e-06
0.9 -1.3 -0.386385 0.482078 -0.386385 0.482076 -0.386386 0.482076 1.10896e-06 2.4742e-06 3.31568e-06
0.9 -1.2 0.196002 0.617022 0.196 0.617022 0.196 0.617022 8.09857e-07 2.46535e-06 2.99263e-06
0.9 -1.1 0.653468 0.190596 0.653467 0.190597 0.653466 0.190598 9.96146e-07 2.45615e-06 3.44928e-06
0.9 -1 0.553732 -0.457369 0.553732 -0.457367 0.553733 -0.457366 9.47756e-07 2.44666e-06 3.28992e-06
0.9 -0.9 -0.0655256 -0.757495 -0.065524 -0.757494 -0.0655239 -0.757493 8.11081e-07 2.43709e-06 3.08806e-06
0.9 -0.8 -0.696964 -0.407258 -0.696962 -0.407259 -0.696962 -0.407259 7.58511e-07 2.42797e-06 1.77159e-06
0.9 -0.7 -0.78732 0.342225 -0.787319 0.342223 -0.787319 0.342223 7.42538e-07 2.42026e-06 1.67777e-06
0.9 0.7 -0.78732 0.342225 -0.787319 0.342223 -0.787319 0.342223 7.42538e-07 2.42026e-06 1.67777e-06
0.9 0.8 -0.696964 -0.407258 -0.696962 -0.407259 -0.696962 -0.407259 7.58511e-07 2.42797e-06 1.77159e-06
0.9 0.9 -0.0655256 -0.757495 -0.065524 -0.757494 -0.0655239 -0.757493 8.11081e-07 2.43709e-06 3.08806e-06
0.9 1 0.553732 -0.457369 0.553732 -0.457367 0.553733 -0.457366 9.47756e-07 2.44666e-06 3.28992e-06
0.9 1.1 0.653468 0.190596 0.653467 0.190597 0.653466 0.190598 9.96146e-07 2.45615e-06 3.44928e-06
0.9 1.2 0.196002 0.617022 0.196 0.617022 0.196 0.617022 8.09857e-07 2.46535e-06 2.99263e-06
0.9 1.3 -0.386385 0.482078 -0.386385 0.482076 -0.386386 0.482076 1.10896e-06 2.4742e-06 3.31568e-06
0.9 1.4 -0.588974 -0.0537092 -0.588972 -0.0537101 -0.588973 -0.05371 6.96467e-07 2.48265e-06 1.87158e-06
0.9 1.5 -0.267999 -0.500538 -0.267997 -0.500537 -0.267998 -0.500537 8.01711e-07 2.49063e-06 1.74332e-06
0.9 1.6 0.261239 -0.479994 0.26124 -0.479993 0.26124 -0.479993 7.38226e-07 2.49804e-06 2.12674e-06
0.9 1.7 0.525499 -0.0426497 0.525498 -0.0426488 0.525498 -0.0426487 3.17136e-07 2.5048e-06 2.5444e-06
0.9 1.8 0.31223 0.402918 0.312229 0.402918 0.312229 0.402918 1.15612e-06 2.51091e-06 1.47647e-06
0.9 1.9 -0.161957 0.466461 -0.161957 0.46646 -0.161956 0.46646 1.15249e-06 2.51643e-06 2.47514e-06
1 -2 -0.475077 0.049738 -0.475076 0.0497371 -0.475076 0.0497372 3.00632e-07 2.4629e-06 2.5353e-06
1 -1.9 -0.22742 0.436049 -0.227421 0.436048 -0.227421 0.436048 2.18746e-07 2.45538e-06 2.2447e-06
1 -1.8 0.244532 0.444254 0.244531 0.444254 0.244532 0.444253 1.97195e-06 2.44715e-06 2.61881e-06
1 -1.7 0.521841 0.044938 0.52184 0.0449388 0.521839 0.0449392 8.23433e-07 2.43817e-06 3.24493e-06
1 -1.6 0.33978 -0.422218 0.33978 -0.422217 0.33978 -0.422217 7.28394e-07 2.42847e-06 1.71638e-06
1 -1.5 -0.165077 -0.537065 -0.165076 -0.537065 -0.165076 -0.537065 6.44595e-07 2.41812e-06 1.88885e-06
1 -1.4 -0.557509 -0.172919 -0.557507 -0.17292 -0.557507 -0.17292 5.31358e-07 2.40723e-06 2.82097e-06
1 -1.3 -0.477845 0.375528 -0.477845 0.375527 -0.477845 0.375526 6.2894e-07 2.39593e-06 3.02268e-06
1 -1.2 0.0353117 0.633254 0.0353105 0.633253 0.0353105 0.633253 4.52247e-08 2.38435e-06 2.3545e-06
1 -1.1 0.561045 0.354073 0.561043 0.354073 0.561043 0.354073 3.56949e-07 2.37269e-06 2.59105e-06
1 -1 0.646367 -0.256792 0.646367 -0.25679 0.646367 -0.256791 1.61591e-06 2.36138e-06 7.98126e-07
1 -0.9 0.192247 -0.704776 0.192248 -0.704775 0.192249 -0.704776 1.81555e-06 2.35123e-06 3.42247e-06
1 -0.8 -0.458661 -0.616351 -0.458659 -0.616351 -0.45866 -0.616351 1.27392e-06 2.34363e-06 1.07403e-06
1 -0.7 -0.807034 -0.0430276 -0.807033 -0.0430293 -0.807032 -0.0430287 1.17365e-06 2.34051e-06 2.48081e-06
1 -0.6 -0.600793 0.599954 -0.600794 0.599953 -0.600793 0.599953 9.97611e-07 2.34449e-06 1.49988e-06
1 -0.5 -0.00382469 0.889091 -0.00382668 0.88909 -0.00382695 0.88909 4.53125e-07 2.3585e-06 2.57297e-06
1 0.5 -0.00382469 0.889091 -0.00382668 0.88909 -0.00382695 0.88909 4.53125e-07 2.3585e-06 2.57297e-06
1 0.6 -0.600793 0.599954 -0.600794 0.599953 -0.600793 0.599953 9.97611e-07 2.34449e-06 1.49988e-06
1 0.7 -0.807034 -0.0430276 -0.807033 -0.0430293 -0.807032 -0.0430287 1.17365e-06 2.34051e-06 2.48081e-06
1 0.8 -0.458661 -0.616351 -0.458659 -0.616351 -0.45866 -0.616351 1.27392e-06 2.34363e-06 1.07403e-06
1 0.9 0.192247 -0.704776 0.192248 -0.704775 0.192249 -0.704776 1.81555e-06 2.35123e-06 3.42247e-06
1 1 0.646367 -0.256792 0.646367 -0.25679 0.646367 -0.256791 1.61591e-06 2.36138e-06 7.98126e-07
1 1.1 0.561045 0.354073 0.561043 0.354073 0.561043 0.354073 3.56949e-07 2.37269e-06 2.59105e-06
1 1.2 0.0353117 0.633254 0.0353105 0.633253 0.0353105 0.633253 4.52247e-08 2.38435e-06 2.3545e-06
1 1.3 -0.477845 0.375528 -0.477845 0.375527 -0.477845 0.375526 6.2894e-07 2.39593e-06 3.02268e-06
1 1.4 -0.557509 -0.172919 -0.557507 -0.17292 -0.557507 -0.17292 5.31358e-07 2.40723e-06 2.82097e-06
1 1.5 -0.165077 -0.537065 -0.165076 -0.537065 -0.165076 -0.537065 6.44595e-07 2.41812e-06 1.88885e-06
1 1.6 0.33978 -0.422218 0.33978 -0.422217 0.33978 -0.422217 7.28394e-07 2.42847e-06 1.71638e-06
1 1.7 0.521841 0.044938 0.52184 0.0449388 0.521839 0.0449392 8.23433e-07 2.43817e-06 3.24493e-06
1 1.8 0.244532 0.444254 0.244531 0.444254 0.244532 0.444253 1.97195e-06 2.44715e-06 2.61881e-06
1 1.9 -0.22742 0.436049 -0.227421 0.436048 -0.227421 0.436048 2.18746e-07 2.45538e-06 2.2447e-06
1.1 -2 -0.473689 -0.042509 -0.473688 -0.0425098 -0.473688 -0.0425107 1.94614e-06 2.41205e-06 4.14055e-06
1.1 -1.9 -0.309836 0.378511 -0.309836 0.37851 -0.309836 0.378509 1.2322e-06 2.40294e-06 3.62854e-06
1.1 -1.8 0.141738 0.483418 0.141737 0.483417 0.141736 0.483417 9.70536e-07 2.39317e-06 3.30027e-06
1.1 -1.7 0.493478 0.162543 0.493476 0.162544 0.493476 0.162544 8.90257e-07 2.38279e-06 3.25875e-06
1.1 -1.6 0.428928 -0.322504 0.428928 -0.322503 0.428928 -0.322503 4.33365e-07 2.37191e-06 1.98706e-06
1.1 -1.5 -0.0174143 -0.554895 -0.0174133 -0.554895 -0.017413 -0.554894 1.09928e-06 2.36069e-06 3.39433e-06
1.1 -1.4 -0.47847 -0.319388 -0.478468 -0.319389 -0.478469 -0.319389 7.76877e-07 2.34928e-06 2.35946e-06
1.1 -1.3 -0.560081 0.207017 -0.560081 0.207016 -0.56008 0.207015 1.05998e-06 2.3379e-06 3.32469e-06
1.1 -1.2 -0.174161 0.595892 -0.174162 0.595891 -0.174162 0.595891 9.08187e-08 2.32681e-06 2.31019e-06
1.1 -1.1 0.383532 0.520429 0.383531 0.520429 0.38353 0.52043 1.84217e-06 2.31645e-06 3.31994e-06
1.1 -1 0.673757 0.0221206 0.673756 0.0221219 0.673756 0.0221222 4.81945e-07 2.30759e-06 2.51517e-06
1.1 -0.9 0.465098 -0.527967 0.465099 -0.527965 0.465097 -0.527965 1.94479e-06 2.30139e-06 2.43788e-06
1.1 -0.8 -0.0961621 -0.72832 -0.0961605 -0.728319 -0.0961593 -0.72832 1.69724e-06 2.2994e-06 3.84724e-06
1.1 -0.7 -0.622658 -0.447245 -0.622656 -0.447246 -0.622655 -0.447246 1.72173e-06 2.30346e-06 4.00284e-06
1.1 -0.6 -0.790274 0.115571 -0.790274 0.115569 -0.790274 0.115569 1.16781e-07 2.31543e-06 2.40624e-06
1.1 -0.5 -0.547676 0.623012 -0.547677 0.623011 -0.547677 0.623011 2.0798e-07 2.33663e-06 2.54426e-06
1.1 -0.4 -0.0847863 0.853414 -0.0847882 0.853413 -0.0847878 0.853414 1.32873e-06 2.36683e-06 1.80686e-06
1.1 -0.3 0.358727 0.80509 0.358725 0.805091 0.358725 0.805091 7.56048e-07 2.40294e-06 3.08877e-06
1.1 -0.2 0.651973 0.619603 0.651971 0.619604 0.651971 0.619604 8.99419e-07 2.43852e-06 1.68637e-06
1.1 -0.1 0.792449 0.448705 0.792448 0.448707 0.792448 0.448708 9.44659e-07 2.465e-06 3.36809e-06
1.1 6.38378e-16 0.830506 0.38279 0.830505 0.382792 0.830505 0.38279 2.29737e-06 2.47484e-06 8.37027e-07
1.1 0.1 0.792449 0.448705 0.792448 0.448707 0.792448 0.448708 9.44659e-07 2.465e-06 3.36809e-06
1.1 0.2 0.651973 0.619603 0.651971 0.619604 0.651971 0.619604 8.99419e-07 2.43852e-06 1.68637e-06
1.1 0.3 0.358727 0.80509 0.358725 0.805091 0.358725 0.805091 7.56048e-07 2.40294e-06 3.08877e-06
1.1 0.4 -0.0847863 0.853414 -0.0847882 0.853413 -0.0847878 0.853414 1.32873e-06 2.36683e-06 1.80686e-06
1.1 0.5 -0.547676 0.623012 -0.547677 0.623011 -0.547677 0.623011 2.0798e-07 2.33663e-06 2.54426e-06
1.1 0.6 -0.790274 0.115571 -0.790274 0.115569 -0.790274 0.115569 1.16781e-07 2.31543e-06 2.40624e-06
1.1 0.7 -0.622658 -0.447245 -0.622656 -0.447246 -0.622655 -0.447246 1.72173e-06 2.30346e-06 4.00284e-06
1.1 0.8 -0.0961621 -0.72832 -0.0961605 -0.728319 -0.0961593 -0.72832 1.69724e-06 2.2994e-06 3.84724e-06
1.1 0.9 0.465098 -0.527967 0.465099 -0.527965 0.465097 -0.527965 1.94479e-06 2.30139e-06 2.43788e-06
1.1 1 0.673757 0.0221206 0.673756 0.0221219 0.673756 0.0221222 4.81944e-07 2.30759e-06 2.51517e-06
1.1 1.1 0.383532 0.520429 0.383531 0.520429 0.38353 0.52043 1.84217e-06 2.31645e-06 3.31994e-06
1.1 1.2 -0.174161 0.595892 -0.174162 0.595891 -0.174162 0.595891 9.08187e-08 2.32681e-06 2.31019e-06
1.1 1.3 -0.560081 0.207017 -0.560081 0.207016 -0.56008 0.207015 1.05998e-06 2.3379e-06 3.32469e-06
1.1 1.4 -0.47847 -0.319388 -0.478468 -0.319389 -0.478469 -0.319389 7.76877e-07 2.34928e-06 2.35946e-06
1.1 1.5 -0.0174143 -0.554895 -0.0174133 -0.554895 -0.017413 -0.554894 1.09928e-06 2.36069e-06 3.39433e-06
1.1 1.6 0.428928 -0.322504 0.428928 -0.322503 0.428928 -0.322503 4.33365e-07 2.37191e-06 1.98706e-06
1.1 1.7 0.493478 0.162543 0.493476 0.162544 0.493476 0.162544 8.90257e-07 2.38279e-06 3.25875e-06
1.1 1.8 0.141738 0.483418 0.141737 0.483417 0.141736 0.483417 9.70536e-07 2.39317e-06 3.30027e-06
1.1 1.9 -0.309836 0.378511 -0.309836 0.37851 -0.309836 0.378509 1.2322e-06 2.40294e-06 3.62854e-06
1.2 -2 -0.446455 -0.156128 -0.446454 -0.156129 -0.446454 -0.156129 3.25734e-07 2.36849e-06 2.49956e-06
1.2 -1.9 -0.394346 0.283927 -0.394346 0.283926 -0.394346 0.283926 7.86905e-07 2.35868e-06 2.34641e-06
1.2 -1.8 0.00448082 0.499787 0.00447991 0.499786 0.00448017 0.499786 5.65727e-07 2.34843e-06 2.14087e-06
1.2 -1.7 0.421397 0.29553 0.421396 0.29553 0.421396 0.295531 1.07063e-06 2.33787e-06 2.92855e-06
1.2 -1.6 0.501689 -0.173013 0.501689 -0.173012 0.501689 -0.173012 7.64096e-07 2.32718e-06 1.56722e-06
1.2 -1.5 0.163376 -0.522933 0.163377 -0.522932 0.163378 -0.522932 1.28377e-06 2.31655e-06 2.9305e-06
1.2 -1.4 -0.330742 -0.459697 -0.330741 -0.459697 -0.330741 -0.459697 3.76295e-07 2.3062e-06 2.20577e-06
1.2 -1.3 -0.585823 -0.018778 -0.585822 -0.0187791 -0.585822 -0.0187786 1.07471e-06 2.29642e-06 1.28002e-06
1.2 -1.2 -0.392077 0.463825 -0.392077 0.463824 -0.392077 0.463823 9.95951e-07 2.28759e-06 3.17157e-06
1.2 -1.1 0.114025 0.619545 0.114024 0.619544 0.114024 0.619544 1.02522e-06 2.28034e-06 2.85165e-06
1.2 -1 0.56532 0.328606 0.565318 0.328606 0.565319 0.328607 8.15165e-07 2.27556e-06 2.42645e-06
1.2 -0.9 0.646853 -0.206317 0.646853 -0.206315 0.646853 -0.206315 7.61404e-07 2.2744e-06 2.95019e-06
1.2 -0.8 0.313332 -0.631363 0.313333 -0.631362 0.313334 -0.631362 5.36028e-07 2.27818e-06 2.49067e-06
1.2 -0.7 -0.214604 -0.698799 -0.214603 -0.698799 -0.214601 -0.6988 2.23773e-06 2.28813e-06 4.39367e-06
1.2 -0.6 -0.637947 -0.407066 -0.637945 -0.407067 -0.637945 -0.407067 3.72725e-07 2.30514e-06 2.4808e-06
1.2 -0.5 -0.779249 0.0545405 -0.779249 0.0545387 -0.779248 0.0545381 9.40597e-07 2.32928e-06 3.15105e-06
1.2 -0.4 -0.651187 0.470115 -0.651187 0.470114 -0.651187 0.470113 1.12118e-06 2.35915e-06 3.09715e-06
1.2 -0.3 -0.386071 0.725301 -0.386073 0.7253 -0.386073 0.7253 9.26125e-07 2.39141e-06 2.65185e-06
1.2 -0.2 -0.123505 0.826486 -0.123507 0.826485 -0.123507 0.826485 1.2905e-06 2.4209e-06 3.64633e-06
1.2 -0.1 0.0529032 0.842739 0.0529011 0.842739 0.0529004 0.84274 1.51726e-06 2.44178e-06 3.516e-06
1.2 6.38378e-16 0.113371 0.839747 0.113369 0.839748 0.11337 0.839748 2.13744e-06 2.44934e-06 8.88496e-07
1.2 0.1 0.0529032 0.842739 0.0529011 0.842739 0.0529004 0.84274 1.51726e-06 2.44178e-06 3.516e-06
1.2 0.2 -0.123505 0.826486 -0.123507 0.826485 -0.123507 0.826485 1.2905e-06 2.4209e-06 3.64633e-06
1.2 0.3 -0.386071 0.725301 -0.386073 0.7253 -0.386073 0.7253 9.26125e-07 2.39141e-06 2.65185e-06
1.2 0.4 -0.651187 0.470115 -0.651187 0.470114 -0.651187 0.470113 1.12118e-06 2.35915e-06 3.09715e-06
1.2 0.5 -0.779249 0.0545405 -0.779249 0.0545387 -0.779248 0.0545381 9.40597e-07 2.32928e-06 3.15105e-06
1.2 0.6 -0.637947 -0.407066 -0.637945 -0.407067 -0.637945 -0.407067 3.72725e-07 2.30514e-06 2.4808e-06
1.2 0.7 -0.214604 -0.698799 -0.214603 -0.698799 -0.214601 -0.6988 2.23773e-06 2.28813e-06 4.39367e-06
1.2 0.8 0.313332 -0.631363 0.313333 -0.631362 0.313334 -0.631362 5.36028e-07 2.27818e-06 2.49067e-06
1.2 0.9 0.646853 -0.206317 0.646853 -0.206315 0.646853 -0.206315 7.61404e-07 2.2744e-06 2.95019e-06
1.2 1 0.56532 0.328606 0.565318 0.328606 0.565319 0.328607 8.15165e-07 2.27556e-06 2.42645e-06
1.2 1.1 0.114025 0.619545 0.114024 0.619544 0.114024 0.619544 1.02522e-06 2.28034e-06 2.85165e-06
1.2 1.2 -0.392077 0.463825 -0.392077 0.463824 -0.392077 0.463823 9.95951e-07 2.28759e-06 3.17157e-06
1.2 1.3 -0.585823 -0.018778 -0.585822 -0.0187791 -0.585822 -0.0187786 1.07471e-06 2.29642e-06 1.28002e-06
1.2 1.4 -0.330742 -0.459697 -0.330741 -0.459697 -0.330741 -0.459697 3.76295e-07 2.3062e-06 2.20577e-06
1.2 1.5 0.163376 -0.522933 0.163377 -0.522932 0.163378 -0.522932 1.28377e-06 2.31655e-06 2.9305e-06
1.2 1.6 0.501689 -0.173013 0.501689 -0.173012 0.501689 -0.173012 7.64096e-07 2.32718e-06 1.56722e-06
1.2 1.7 0.421397 0.29553 0.421396 0.29553 0.421396 0.295531 1.07063e-06 2.33787e-06 2.92855e-06
1.2 1.8 0.00448082 0.499787 0.00447991 0.499786 0.00448017 0.499786 5.65727e-07 2.34843e-06 2.14087e-06
1.2 1.9 -0.394346 0.283927 -0.394346 0.283926 -0.394346 0.283926 7.86905e-07 2.35868e-06 2.34641e-06
1.3 -2 -0.378659 -0.278176 -0.378658 -0.278176 -0.378658 -0.278176 5.9581e-07 2.33176e-06 2.31437e-06
1.3 -1.9 -0.459073 0.147498 -0.459073 0.147497 -0.459072 0.147497 8.3027e-07 2.32202e-06 2.57402e-06
1.3 -1.8 -0.156631 0.469899 -0.156632 0.469898 -0.156632 0.469898 2.07613e-07 2.31215e-06 2.26195e-06
1.3 -1.7 0.29138 0.41772 0.291378 0.41772 0.291379 0.41772 1.72398e-06 2.30232e-06 1.23787e-06
1.3 -1.6 0.523804 0.0207082 0.523804 0.0207092 0.523804 0.0207101 1.80759e-06 2.29274e-06 3.89798e-06
1.3 -1.5 0.347232 -0.413683 0.347232 -0.413682 0.347232 -0.413682 5.33598e-07 2.28362e-06 2.74765e-06
1.3 -1.4 -0.111545 -0.545716 -0.111543 -0.545715 -0.111543 -0.545715 1.64605e-07 2.27522e-06 2.37747e-06
1.3 -1.3 -0.508975 -0.267413 -0.508974 -0.267413 -0.508974 -0.267413 1.208e-06 2.26788e-06 1.64638e-06
1.3 -1.2 -0.550634 0.222624 -0.550634 0.222623 -0.550633 0.222622 1.47377e-06 2.26207e-06 3.20048e-06
1.3 -1.1 -0.204575 0.578816 -0.204576 0.578815 -0.204576 0.578816 8.73905e-07 2.25846e-06 2.27307e-06
1.3 -1 0.293926 0.562578 0.293924 0.562578 0.293924 0.562578 9.83362e-07 2.2579e-06 3.23946e-06
1.3 -0.9 0.627014 0.193573 0.627013 0.193575 0.627014 0.193575 1.36358e-06 2.26134e-06 2.77818e-06
1.3 -0.8 0.609864 -0.296304 0.609864 -0.296303 0.609864 -0.296302 1.55858e-06 2.26966e-06 3.80684e-06
1.3 -0.7 0.281104 -0.640811 0.281105 -0.64081 0.281104 -0.640809 1.2432e-06 2.28348e-06 2.07004e-06
1.3 -0.6 -0.168013 -0.700952 -0.168011 -0.700952 -0.168011 -0.700952 5.87745e-07 2.30297e-06 2.75616e-06
1.3 -0.5 -0.539387 -0.507344 -0.539386 -0.507346 -0.539386 -0.507345 9.30196e-07 2.32745e-06 2.49687e-06
1.3 -0.4 -0.733651 -0.190834 -0.73365 -0.190835 -0.73365 -0.190836 3.62324e-07 2.35518e-06 2.71602e-06
1.3 -0.3 -0.763763 0.117358 -0.763763 0.117356 -0.763763 0.117356 5.10666e-07 2.38316e-06 2.71674e-06
1.3 -0.2 -0.704469 0.343557 -0.70447 0.343555 -0.70447 0.343555 9.70902e-07 2.40748e-06 3.24976e-06
1.3 -0.1 -0.6346 0.471608 -0.634601 0.471606 -0.634602 0.471607 1.15156e-06 2.42413e-06 2.76774e-06
1.3 6.38378e-16 -0.60564 0.511885 -0.605641 0.511884 -0.605641 0.511885 1.54266e-06 2.43006e-06 1.19411e-06
1.3 0.1 -0.6346 0.471608 -0.634601 0.471606 -0.634602 0.471607 1.15156e-06 2.42413e-06 2.76774e-06
1.3 0.2 -0.704469 0.343557 -0.70447 0.343555 -0.70447 0.343555 9.70902e-07 2.40748e-06 3.24976e-06
1.3 0.3 -0.763763 0.117358 -0.763763 0.117356 -0.763763 0.117356 5.10666e-07 2.38316e-06 2.71674e-06
1.3 0.4 -0.733651 -0.190834 -0.73365 -0.190835 -0.73365 -0.190836 3.62324e-07 2.35518e-06 2.71602e-06
1.3 0.5 -0.539387 -0.507344 -0.539386 -0.507346 -0.539386 -0.507345 9.30196e-07 2.32745e-06 2.49687e-06
1.3 0.6 -0.168013 -0.700952 -0.168011 -0.700952 -0.168011 -0.700952 5.87745e-07 2.30297e-06 2.75616e-06
1.3 0.7 0.281104 -0.640811 0.281105 -0.64081 0.281104 -0.640809 1.2432e-06 2.28348e-06 2.07004e-06
1.3 0.8 0.609864 -0.296304 0.609864 -0.296303 0.609864 -0.296302 1.55858e-06 2.26966e-06 3.80684e-06
1.3 0.9 0.627014 0.193573 0.627013 0.193575 0.627014 0.193575 1.36358e-06 2.26134e-06 2.77818e-06
1.3 1 0.293926 0.562578 0.293924 0.562578 0.293924 0.562578 9.83362e-07 2.2579e-06 3.23946e-06
1.3 1.1 -0.204575 0.578816 -0.204576 0.578815 -0.204576 0.578816 8.73905e-07 2.25846e-06 2.27307e-06
1.3 1.2 -0.550634 0.222624 -0.550634 0.222623 -0.550633 0.222622 1.47377e-06 2.26207e-06 3.20048e-06
1.3 1.3 -0.508975 -0.267413 -0.508974 -0.267413 -0.508974 -0.267413 1.208e-06 2.26788e-06 1.64638e-06
1.3 1.4 -0.111545 -0.545716 -0.111543 -0.545715 -0.111543 -0.545715 1.64605e-07 2.27522e-06 2.37747e-06
1.3 1.5 0.347232 -0.413683 0.347232 -0.413682 0.347232 -0.413682 5.33598e-07 2.28362e-06 2.74765e-06
1.3 1.6 0.523804 0.0207082 0.523804 0.0207092 0.523804 0.0207101 1.80759e-06 2.29274e-06 3.89798e-06
1.3 1.7 0.29138 0.41772 0.291378 0.41772 0.291379 0.41772 1.72398e-06 2.30232e-06 1.23787e-06
1.3 1.8 -0.156631 0.469899 -0.156632 0.469898 -0.156632 0.469898 2.07613e-07 2.31215e-06 2.26195e-06
1.3 1.9 -0.459073 0.147498 -0.459073 0.147497 -0.459072 0.147497 8.3027e-07 2.32202e-06 2.57402e-06
1.4 -2 -0.260487 -0.386782 -0.260485 -0.386782 -0.260485 -0.386783 9.12896e-07 2.30136e-06 3.1603e-06
1.4 -1.9 -0.477385 -0.0244745 -0.477384 -0.0244753 -0.477384 -0.0244748 1.09758e-06 2.2923e-06 1.54625e-06
1.4 -1.8 -0.317071 0.374097 -0.317071 0.374096 -0.317072 0.374096 1.10284e-06 2.28341e-06 2.35964e-06
1.4 -1.7 0.103326 0.492778 0.103325 0.492778 0.103324 0.492778 1.55616e-06 2.2749e-06 3.6937e-06
1.4 -1.6 0.462424 0.232004 0.462423 0.232004 0.462424 0.232005 1.81499e-06 2.26696e-06 2.21809e-06
1.4 -1.5 0.48543 -0.217716 0.48543 -0.217715 0.48543 -0.217715 3.56179e-07 2.25982e-06 2.37875e-06
1.4 -1.4 0.149832 -0.526576 0.149832 -0.526575 0.149833 -0.526575 9.61511e-07 2.25376e-06 3.15255e-06
1.4 -1.3 -0.30775 -0.472318 -0.307749 -0.472318 -0.307748 -0.472319 8.55853e-07 2.24913e-06 3.05599e-06
1.4 -1.2 -0.573405 -0.0920019 -0.573405 -0.092003 -0.573405 -0.0920036 1.057e-06 2.24645e-06 3.17888e-06
1.4 -1.1 -0.476092 0.362538 -0.476093 0.362536 -0.476094 0.362536 1.60666e-06 2.24632e-06 3.37495e-06
1.4 -1 -0.0854572 0.610662 -0.0854584 0.610662 -0.0854581 0.610662 6.93884e-07 2.24944e-06 1.62515e-06
1.4 -0.9 0.36249 0.521535 0.362489 0.521535 0.362488 0.521536 2.34273e-06 2.25647e-06 4.47388e-06
1.4 -0.8 0.632051 0.166836 0.63205 0.166837 0.63205 0.166838 1.43667e-06 2.2679e-06 3.70384e-06
1.4 -0.7 0.619293 -0.260714 0.619293 -0.260713 0.619293 -0.260713 7.57971e-07 2.28387e-06 1.62606e-06
1.4 -0.6 0.373951 -0.579149 0.373952 -0.579147 0.373952 -0.579148 6.49944e-07 2.30409e-06 1.75649e-06
1.4 -0.5 0.02932 -0.704916 0.0293216 -0.704916 0.0293226 -0.704916 1.47874e-06 2.32757e-06 3.69414e-06
1.4 -0.4 -0.288738 -0.659334 -0.288736 -0.659335 -0.288737 -0.659335 7.16195e-07 2.35258e-06 1.64537e-06
1.4 -0.3 -0.514253 -0.520368 -0.514251 -0.520369 -0.514252 -0.520369 9.65558e-07 2.37663e-06 2.87649e-06
1.4 -0.2 -0.642013 -0.368911 -0.642012 -0.368912 -0.642012 -0.368913 5.88514e-07 2.3968e-06 2.62438e-06
1.4 -0.1 -0.699084 -0.260226 -0.699083 -0.260227 -0.699084 -0.260228 1.00529e-06 2.41027e-06 2.97721e-06
1.4 6.38378e-16 -0.714252 -0.221492 -0.714251 -0.221494 -0.714252 -0.221494 5.88313e-07 2.41502e-06 2.33008e-06
1.4 0.1 -0.699084 -0.260226 -0.699083 -0.260227 -0.699084 -0.260228 1.00529e-06 2.41027e-06 2.97721e-06
1.4 0.2 -0.642013 -0.368911 -0.642012 -0.368912 -0.642012 -0.368913 5.88514e-07 2.3968e-06 2.62438e-06
1.4 0.3 -0.514253 -0.520368 -0.514251 -0.520369 -0.514252 -0.520369 9.65558e-07 2.37663e-06 2.87649e-06
1.4 0.4 -0.288738 -0.659334 -0.288736 -0.659335 -0.288737 -0.659335 7.16195e-07 2.35258e-06 1.64537e-06
1.4 0.5 0.02932 -0.704916 0.0293216 -0.704916 0.0293226 -0.704916 1.47874e-06 2.32757e-06 3.69414e-06
1.4 0.6 0.373951 -0.579149 0.373952 -0.579147 0.373952 -0.579148 6.49944e-07 2.30409e-06 1.75649e-06
1.4 0.7 0.619293 -0.260714 0.619293 -0.260713 0.619293 -0.260713 7.57971e-07 2.28387e-06 1.62606e-06
1.4 0.8 0.632051 0.166836 0.63205 0.166837 0.63205 0.166838 1.43667e-06 2.2679e-06 3.70384e-06
1.4 0.9 0.36249 0.521535 0.362489 0.521535 0.362488 0.521536 2.34273e-06 2.25647e-06 4.47388e-06
1.4 1 -0.0854572 0.610662 -0.0854584 0.610662 -0.0854581 0.610662 6.93884e-07 2.24944e-06 1.62515e-06
1.4 1.1 -0.476092 0.362538 -0.476093 0.362536 -0.476094 0.362536 1.60666e-06 2.24632e-06 3.37495e-06
1.4 1.2 -0.573405 -0.0920019 -0.573405 -0.092003 -0.573405 -0.0920036 1.057e-06 2.24645e-06 3.17888e-06
1.4 1.3 -0.30775 -0.472318 -0.307749 -0.472318 -0.307748 -0.472319 8.55853e-07 2.24913e-06 3.05599e-06
1.4 1.4 0.149832 -0.526576 0.149832 -0.526575 0.149833 -0.526575 9.61511e-07 2.25376e-06 3.15255e-06
1.4 1.5 0.48543 -0.217716 0.48543 -0.217715 0.48543 -0.217715 3.56179e-07 2.25982e-06 2.37875e-06
1.4 1.6 0.462424 0.232004 0.462423 0.232004 0.462424 0.232005 1.81499e-06 2.26696e-06 2.21809e-06
1.4 1.7 0.103326 0.492778 0.103325 0.492778 0.103324 0.492778 1.55616e-06 2.2749e-06 3.6937e-06
1.4 1.8 -0.317071 0.374097 -0.317071 0.374096 -0.317072 0.374096 1.10284e-06 2.28341e-06 2.35964e-06
1.4 1.9 -0.477385 -0.0244745 -0.477384 -0.0244753 -0.477384 -0.0244748 1.09758e-06 2.2923e-06 1.54625e-06
1.5 -2 -0.0936166 -0.452846 -0.0936156 -0.452846 -0.0936156 -0.452846 7.25893e-07 2.27668e-06 2.18938e-06
1.5 -1.9 -0.424488 -0.209737 -0.424487 -0.209738 -0.424487 -0.209738 3.71548e-07 2.26872e-06 1.93035e-06
1.5 -1.8 -0.438997 0.206444 -0.438997 0.206443 -0.438997 0.206443 5.4304e-07 2.2612e-06 2.79353e-06
1.5 -1.7 -0.12 0.48267 -0.120001 0.482669 -0.12 0.482669 1.6014e-06 2.25432e-06 1.77904e-06
1.5 -1.6 0.301121 0.411908 0.301119 0.411908 0.301119 0.411908 4.80156e-07 2.24826e-06 2.52608e-06
1.5 -1.5 0.522101 0.0414374 0.522101 0.0414384 0.522101 0.0414389 9.45582e-07 2.24325e-06 2.82016e-06
1.5 -1.4 0.388309 -0.372187 0.388309 -0.372186 0.388309 -0.372186 3.3171e-07 2.23958e-06 1.90869e-06
1.5 -1.3 -0.00944176 -0.552511 -0.00944062 -0.552511 -0.00944067 -0.552511 2.40999e-07 2.2376e-06 2.24519e-06
1.5 -1.2 -0.414301 -0.388325 -0.4143 -0.388326 -0.4143 -0.388325 8.57886e-07 2.23778e-06 1.70058e-06
1.5 -1.1 -0.583393 0.0120839 -0.583392 0.0120826 -0.583392 0.0120824 6.72177e-07 2.24063e-06 2.82462e-06
1.5 -1 -0.433291 0.414296 -0.433292 0.414294 -0.433291 0.414295 1.64676e-06 2.24666e-06 1.96276e-06
1.5 -0.9 -0.0628747 0.61233 -0.0628759 0.61233 -0.0628749 0.612329 1.88588e-06 2.25625e-06 1.73641e-06
1.5 -0.8 0.335553 0.534932 0.335552 0.534932 0.335552 0.534932 7.57179e-07 2.26956e-06 1.52073e-06
1.5 -0.7 0.596396 0.250638 0.596395 0.25064 0.596395 0.250641 1.60153e-06 2.28645e-06 3.70015e-06
1.5 -0.6 0.65338 -0.103686 0.65338 -0.103684 0.65338 -0.103684 1.05832e-06 2.30635e-06 3.01602e-06
1.5 -0.5 0.538567 -0.406834 0.538568 -0.406832 0.538568 -0.406832 1.34172e-06 2.32822e-06 3.33334e-06
1.5 -0.4 0.334207 -0.599884 0.334208 -0.599883 0.33421 -0.599883 2.26884e-06 2.35049e-06 4.46311e-06
1.5 -0.3 0.121136 -0.685741 0.121138 -0.685741 0.121137 -0.685741 3.03415e-07 2.37115e-06 2.17994e-06
1.5 -0.2 -0.0486791 -0.701876 -0.0486774 -0.701876 -0.0486777 -0.701877 6.21729e-07 2.38803e-06 2.01788e-06
1.5 -0.1 -0.153266 -0.691224 -0.153264 -0.691225 -0.153265 -0.691225 8.18489e-07 2.39911e-06 1.62305e-06
1.5 6.38378e-16 -0.188077 -0.684136 -0.188076 -0.684137 -0.188075 -0.684139 2.70683e-06 2.40297e-06 4.58411e-06
1.5 0.1 -0.153266 -0.691224 -0.153264 -0.691225 -0.153265 -0.691225 8.18489e-07 2.39911e-06 1.62305e-06
1.5 0.2 -0.0486791 -0.701876 -0.0486774 -0.701876 -0.0486777 -0.701877 6.21729e-07 2.38803e-06 2.01788e-06
1.5 0.3 0.121136 -0.685741 0.121138 -0.685741 0.121137 -0.685741 3.03415e-07 2.37115e-06 2.17994e-06
1.5 0.4 0.334207 -0.599884 0.334208 -0.599883 0.33421 -0.599883 2.26884e-06 2.35049e-06 4.46311e-06
1.5 0.5 0.538567 -0.406834 0.538568 -0.406832 0.538568 -0.406832 1.34172e-06 2.32822e-06 3.33334e-06
1.5 0.6 0.65338 -0.103686 0.65338 -0.103684 0.65338 -0.103684 1.05832e-06 2.30635e-06 3.01602e-06
1.5 0.7 0.596396 0.250638 0.596395 0.25064 0.596395 0.250641 1.60153e-06 2.28645e-06 3.70015e-06
1.5 0.8 0.335553 0.534932 0.335552 0.534932 0.335552 0.534932 7.57179e-07 2.26956e-06 1.52073e-06
1.5 0.9 -0.0628747 0.61233 -0.0628759 0.61233 -0.0628749 0.612329 1.88588e-06 2.25625e-06 1.73641e-06
1.5 1 -0.433291 0.414296 -0.433292 0.414294 -0.433291 0.414295 1.64676e-06 2.24666e-06 1.96276e-06
1.5 1.1 -0.583393 0.0120839 -0.583392 0.0120826 -0.583392 0.0120824 6.72177e-07 2.24063e-06 2.82462e-06
1.5 1.2 -0.414301 -0.388325 -0.4143 -0.388326 -0.4143 -0.388325 8.57886e-07 2.23778e-06 1.70058e-06
1.5 1.3 -0.00944176 -0.552511 -0.00944062 -0.552511 -0.00944067 -0.552511 2.40999e-07 2.2376e-06 2.24519e-06
1.5 1.4 0.388309 -0.372187 0.388309 -0.372186 0.388309 -0.372186 3.3171e-07 2.23958e-06 1.90869e-06
1.5 1.5 0.522101 0.0414374 0.522101 0.0414384 0.522101 0.0414389 9.45582e-07 2.24325e-06 2.82016e-06
1.5 1.6 0.301121 0.411908 0.301119 0.411908 0.301119 0.411908 4.80156e-07 2.24826e-06 2.52608e-06
1.5 1.7 -0.12 0.48267 -0.120001 0.482669 -0.12 0.482669 1.6014e-06 2.25432e-06 1.77904e-06
1.5 1.8 -0.438997 0.206444 -0.438997 0.206443 -0.438997 0.206443 5.4304e-07 2.2612e-06 2.79353e-06
1.5 1.9 -0.424488 -0.209737 -0.424487 -0.209738 -0.424487 -0.209738 3.71548e-07 2.26872e-06 1.93035e-06
1.6 -2 0.10284 -0.446534 0.102841 -0.446533 0.102841 -0.446533 1.33253e-06 2.25708e-06 3.48934e-06
1.6 -1.9 -0.288045 -0.369682 -0.288044 -0.369682 -0.288043 -0.369682 1.17333e-06 2.25045e-06 2.5412e-06
1.6 -1.8 -0.479334 -0.0151951 -0.479334 -0.015196 -0.479334 -0.015196 1.26174e-06 2.24448e-06 1.78557e-06
1.6 -1.7 -0.330313 0.363286 -0.330314 0.363285 -0.330314 0.363285 9.2913e-07 2.23933e-06 2.59195e-06
1.6 -1.6 0.0563584 0.499771 0.0563574 0.49977 0.0563576 0.49977 4.60643e-07 2.23519e-06 1.77495e-06
1.6 -1.5 0.418005 0.301464 0.418004 0.301464 0.418004 0.301465 4.27509e-07 2.23227e-06 2.64055e-06
1.6 -1.4 0.51878 -0.0997376 0.518779 -0.0997365 0.518779 -0.0997368 8.15708e-07 2.23084e-06 1.84883e-06
1.6 -1.3 0.30039 -0.450679 0.30039 -0.450678 0.30039 -0.450678 5.93348e-07 2.23125e-06 2.57252e-06
1.6 -1.2 -0.0993871 -0.546337 -0.0993858 -0.546337 -0.0993856 -0.546337 4.32852e-07 2.23387e-06 2.59871e-06
1.6 -1.1 -0.452505 -0.34537 -0.452504 -0.34537 -0.452505 -0.34537 1.55633e-06 2.23911e-06 8.01668e-07
1.6 -1 -0.582467 0.0313041 -0.582467 0.0313028 -0.582467 0.0313024 9.68457e-07 2.24727e-06 2.96907e-06
1.6 -0.9 -0.448673 0.394308 -0.448674 0.394306 -0.448675 0.394306 2.05847e-06 2.25852e-06 4.08003e-06
1.6 -0.8 -0.137169 0.595459 -0.137171 0.595459 -0.137171 0.595459 7.95302e-07 2.27281e-06 2.36819e-06
1.6 -0.7 0.212242 0.587081 0.212241 0.587081 0.212241 0.587081 7.42689e-07 2.28979e-06 2.17575e-06
1.6 -0.6 0.483943 0.413688 0.483942 0.413689 0.483942 0.413691 1.93545e-06 2.30881e-06 3.61762e-06
1.6 -0.5 0.627082 0.162988 0.627081 0.16299 0.627082 0.16299 5.51793e-07 2.32886e-06 2.2153e-06
1.6 -0.4 0.652304 -0.0841043 0.652304 -0.0841028 0.652304 -0.0841018 1.73688e-06 2.3486e-06 3.86036e-06
1.6 -0.3 0.604062 -0.279777 0.604062 -0.279775 0.604062 -0.279774 1.7523e-06 2.36642e-06 3.93299e-06
1.6 -0.2 0.532016 -0.409962 0.532017 -0.409961 0.532016 -0.409961 1.37049e-06 2.38068e-06 1.02163e-06
1.6 -0.1 0.47428 -0.480723 0.474282 -0.480722 0.474283 -0.480722 1.97302e-06 2.38991e-06 4.07573e-06
1.6 6.38378e-16 0.452736 -0.502729 0.452737 -0.502728 0.452735 -0.502729 3.39347e-06 2.39311e-06 1.48743e-06
1.6 0.1 0.47428 -0.480723 0.474282 -0.480722 0.474283 -0.480722 1.97302e-06 2.38991e-06 4.07573e-06
1.6 0.2 0.532016 -0.409962 0.532017 -0.409961 0.532016 -0.409961 1.37049e-06 2.38068e-06 1.02163e-06
1.6 0.3 0.604062 -0.279777 0.604062 -0.279775 0.604062 -0.279774 1.7523e-06 2.36642e-06 3.93299e-06
1.6 0.4 0.652304 -0.0841043 0.652304 -0.0841028 0.652304 -0.0841018 1.73688e-06 2.3486e-06 3.86036e-06
1.6 0.5 0.627082 0.162988 0.627081 0.16299 0.627082 0.16299 5.51793e-07 2.32886e-06 2.2153e-06
1.6 0.6 0.483943 0.413688 0.483942 0.413689 0.483942 0.413691 1.93545e-06 2.30881e-06 3.61762e-06
1.6 0.7 0.212242 0.587081 0.212241 0.587081 0.212241 0.587081 7.42689e-07 2.28979e-06 2.17575e-06
1.6 0.8 -0.137169 0.595459 -0.137171 0.595459 -0.137171 0.595459 7.95302e-07 2.27281e-06 2.36819e-06
1.6 0.9 -0.448673 0.394308 -0.448674 0.394306 -0.448675 0.394306 2.05847e-06 2.25852e-06 4.08003e-06
1.6 1 -0.582467 0.0313041 -0.582467 0.0313028 -0.582467 0.0313024 9.68457e-07 2.24727e-06 2.96907e-06
1.6 1.1 -0.452505 -0.34537 -0.452504 -0.34537 -0.452505 -0.34537 1.55633e-06 2.23911e-06 8.01668e-07
1.6 1.2 -0.0993871 -0.546337 -0.0993858 -0.546337 -0.0993856 -0.546337 4.32852e-07 2.23387e-06 2.59871e-06
1.6 1.3 0.30039 -0.450679 0.30039 -0.450678 0.30039 -0.450678 5.93348e-07 2.23125e-06 2.57252e-06
1.6 1.4 0.51878 -0.0997376 0.518779 -0.0997365 0.518779 -0.0997368 8.15708e-07 2.23084e-06 1.84883e-06
1.6 1.5 0.418005 0.301464 0.418004 0.301464 0.418004 0.301465 4.27509e-07 2.23227e-06 2.64055e-06
1.6 1.6 0.0563584 0.499771 0.0563574 0.49977 0.0563576 0.49977 4.60643e-07 2.23519e-06 1.77495e-06
1.6 1.7 -0.330313 0.363286 -0.330314 0.363285 -0.330314 0.363285 9.2913e-07 2.23933e-06 2.59195e-06
1.6 1.8 -0.479334 -0.0151951 -0.479334 -0.015196 -0.479334 -0.015196 1.26174e-06 2.24448e-06 1.78557e-06
1.6 1.9 -0.288045 -0.369682 -0.288044 -0.369682 -0.288043 -0.369682 1.17333e-06 2.25045e-06 2.5412e-06
1.7 -2 0.29062 -0.348509 0.290621 -0.348508 0.290621 -0.348507 1.33888e-06 2.24186e-06 3.40577e-06
1.7 -1.9 -0.0797268 -0.456697 -0.0797258 -0.456697 -0.079726 -0.456697 6.1862e-07 2.23667e-06 1.80693e-06
1.7 -1.8 -0.405789 -0.24466 -0.405788 -0.244661 -0.405789 -0.244661 5.52477e-07 2.23228e-06 1.81707e-06
1.7 -1.7 -0.463036 0.142573 -0.463036 0.142572 -0.463036 0.142572 1.74144e-06 2.22884e-06 3.06223e-06
1.7 -1.6 -0.214135 0.44689 -0.214136 0.446889 -0.214136 0.446889 7.42091e-07 2.22652e-06 2.01007e-06
1.7 -1.5 0.178711 0.474444 0.178709 0.474444 0.17871 0.474443 1.28875e-06 2.22552e-06 2.08456e-06
1.7 -1.4 0.472811 0.213494 0.47281 0.213495 0.47281 0.213495 7.4452e-07 2.22609e-06 1.66397e-06
1.7 -1.3 0.500691 -0.176427 0.500691 -0.176425 0.500691 -0.176426 5.54501e-07 2.22853e-06 1.94995e-06
1.7 -1.2 0.258432 -0.477757 0.258433 -0.477756 0.258433 -0.477756 5.74434e-07 2.23314e-06 2.50587e-06
1.7 -1.1 -0.115753 -0.543416 -0.115752 -0.543416 -0.115752 -0.543416 1.03141e-06 2.24018e-06 2.68706e-06
1.7 -1 -0.438175 -0.361484 -0.438174 -0.361485 -0.438174 -0.361485 2.31492e-07 2.24981e-06 2.42906e-06
1.7 -0.9 -0.579342 -0.0335579 -0.579342 -0.0335591 -0.579341 -0.0335589 9.94416e-07 2.26203e-06 2.33789e-06
1.7 -0.8 -0.51106 0.299292 -0.511061 0.299291 -0.51106 0.299291 6.16469e-07 2.27664e-06 1.75837e-06
1.7 -0.7 -0.291039 0.528834 -0.29104 0.528833 -0.291041 0.528834 8.97426e-07 2.29321e-06 2.64966e-06
1.7 -0.6 -0.0126982 0.61409 -0.0126996 0.61409 -0.0126996 0.61409 3.73767e-07 2.31108e-06 2.29851e-06
1.7 -0.5 0.243161 0.574421 0.24316 0.574421 0.24316 0.574421 1.14503e-06 2.32932e-06 1.73746e-06
1.7 -0.4 0.432902 0.460479 0.4329 0.46048 0.4329 0.46048 1.2216e-06 2.3468e-06 3.53672e-06
1.7 -0.3 0.549644 0.325363 0.549643 0.325365 0.549642 0.325366 2.13139e-06 2.36226e-06 4.45635e-06
1.7 -0.2 0.609034 0.208342 0.609033 0.208343 0.609033 0.208343 1.21617e-06 2.37442e-06 1.3518e-06
1.7 -0.1 0.633163 0.131766 0.633162 0.131767 0.633163 0.131768 8.49549e-07 2.38222e-06 2.6038e-06
1.7 6.38378e-16 0.639122 0.105402 0.639122 0.105404 0.639122 0.105404 1.07465e-07 2.3849e-06 2.47175e-06
1.7 0.1 0.633163 0.131766 0.633162 0.131767 0.633163 0.131768 8.49549e-07 2.38222e-06 2.6038e-06
1.7 0.2 0.609034 0.208342 0.609033 0.208343 0.609033 0.208343 1.21617e-06 2.37442e-06 1.3518e-06
1.7 0.3 0.549644 0.325363 0.549643 0.325365 0.549642 0.325366 2.13139e-06 2.36226e-06 4.45635e-06
1.7 0.4 0.432902 0.460479 0.4329 0.46048 0.4329 0.46048 1.2216e-06 2.3468e-06 3.53672e-06
1.7 0.5 0.243161 0.574421 0.24316 0.574421 0.24316 0.574421 1.14503e-06 2.32932e-06 1.73746e-06
1.7 0.6 -0.0126982 0.61409 -0.0126996 0.61409 -0.0126996 0.61409 3.73767e-07 2.31108e-06 2.29851e-06
1.7 0.7 -0.291039 0.528834 -0.29104 0.528833 -0.291041 0.528834 8.97426e-07 2.29321e-06 2.64966e-06
1.7 0.8 -0.51106 0.299292 -0.511061 0.299291 -0.51106 0.299291 6.16469e-07 2.27664e-06 1.75837e-06
1.7 0.9 -0.579342 -0.0335579 -0.579342 -0.0335591 -0.579341 -0.0335589 9.94416e-07 2.26203e-06 2.33789e-06
1.7 1 -0.438175 -0.361484 -0.438174 -0.361485 -0.438174 -0.361485 2.31492e-07 2.24981e-06 2.42906e-06
1.7 1.1 -0.115753 -0.543416 -0.115752 -0.543416 -0.115752 -0.543416 1.03141e-06 2.24018e-06 2.68706e-06
1.7 1.2 0.258432 -0.477757 0.258433 -0.477756 0.258433 -0.477756 5.74434e-07 2.23314e-06 2.50587e-06
1.7 1.3 0.500691 -0.176427 0.500691 -0.176425 0.500691 -0.176426 5.54501e-07 2.22853e-06 1.94995e-06
1.7 1.4 0.472811 0.213494 0.47281 0.213495 0.47281 0.213495 7.4452e-07 2.22609e-06 1.66397e-06
1.7 1.5 0.178711 0.474444 0.178709 0.474444 0.17871 0.474443 1.28875e-06 2.22552e-06 2.08456e-06
1.7 1.6 -0.214135 0.44689 -0.214136 0.446889 -0.214136 0.446889 7.42091e-07 2.22652e-06 2.01007e-06
1.7 1.7 -0.463036 0.142573 -0.463036 0.142572 -0.463036 0.142572 1.74144e-06 2.22884e-06 3.06223e-06
1.7 1.8 -0.405789 -0.24466 -0.405788 -0.244661 -0.405789 -0.244661 5.52477e-07 2.23228e-06 1.81707e-06
1.7 1.9 -0.0797268 -0.456697 -0.0797258 -0.456697 -0.079726 -0.456697 6.1862e-07 2.23667e-06 1.80693e-06
1.8 -2 0.418547 -0.162964 0.418547 -0.162963 0.418547 -0.162963 1.14797e-06 2.23036e-06 3.04869e-06
1.8 -1.9 0.158178 -0.430234 0.158179 -0.430233 0.158179 -0.430233 4.05719e-07 2.2266e-06 2.14438e-06
1.8 -1.8 -0.216534 -0.414861 -0.216533 -0.414861 -0.216533 -0.414861 5.10948e-07 2.22373e-06 2.44119e-06
1.8 -1.7 -0.460331 -0.128337 -0.46033 -0.128338 -0.460331 -0.128338 1.60452e-06 2.22189e-06 2.9296e-06
1.8 -1.6 -0.421513 0.246147 -0.421513 0.246146 -0.421513 0.246147 1.54569e-06 2.22122e-06 7.01202e-07
1.8 -1.5 -0.128884 0.481703 -0.128885 0.481702 -0.128885 0.481702 3.20267e-07 2.22192e-06 2.26809e-06
1.8 -1.4 0.243019 0.447721 0.243018 0.447721 0.243018 0.447721 7.03146e-07 2.22421e-06 2.07605e-06
1.8 -1.3 0.490662 0.173377 0.490662 0.173378 0.490662 0.173377 1.50376e-06 2.22832e-06 7.24849e-07
1.8 -1.2 0.496249 -0.190291 0.496249 -0.190289 0.496249 -0.19029 1.31606e-06 2.23447e-06 2.15594e-06
1.8 -1.1 0.274457 -0.468067 0.274458 -0.468066 0.274458 -0.468066 8.40381e-07 2.2428e-06 3.07261e-06
1.8 -1 -0.0599882 -0.550369 -0.059987 -0.550369 -0.0599879 -0.550369 1.63485e-06 2.25336e-06 7.25031e-07
1.8 -0.9 -0.36699 -0.428843 -0.366989 -0.428844 -0.366989 -0.428844 7.15459e-07 2.26603e-06 2.83455e-06
1.8 -0.8 -0.547832 -0.174215 -0.547831 -0.174216 -0.547831 -0.174217 2.00188e-06 2.28053e-06 4.04454e-06
1.8 -0.7 -0.573294 0.115116 -0.573295 0.115114 -0.573294 0.115116 2.23444e-06 2.29641e-06 2.06937e-07
1.8 -0.6 -0.472676 0.35951 -0.472676 0.359509 -0.472676 0.35951 2.06291e-06 2.31301e-06 7.8927e-07
1.8 -0.5 -0.303002 0.520223 -0.303003 0.520222 -0.303002 0.520223 1.42659e-06 2.32955e-06 1.28734e-06
1.8 -0.4 -0.119792 0.597154 -0.119793 0.597154 -0.119793 0.597154 9.03928e-07 2.34506e-06 1.47342e-06
1.8 -0.3 0.0389422 0.6135 0.0389408 0.6135 0.0389409 0.613499 1.47321e-06 2.35855e-06 2.63083e-06
1.8 -0.2 0.154906 0.599221 0.154904 0.599222 0.154904 0.599222 1.05644e-07 2.36903e-06 2.27094e-06
1.8 -0.1 0.223533 0.579892 0.223532 0.579892 0.223532 0.579893 3.60723e-07 2.37568e-06 2.55861e-06
1.8 6.38378e-16 0.246041 0.571646 0.24604 0.571647 0.24604 0.571647 1.10312e-06 2.37796e-06 1.48229e-06
1.8 0.1 0.223533 0.579892 0.223532 0.579892 0.223532 0.579893 3.60723e-07 2.37568e-06 2.55861e-06
1.8 0.2 0.154906 0.599221 0.154904 0.599222 0.154904 0.599222 1.05644e-07 2.36903e-06 2.27094e-06
1.8 0.3 0.0389422 0.6135 0.0389408 0.6135 0.0389409 0.613499 1.47321e-06 2.35855e-06 2.63083e-06
1.8 0.4 -0.119792 0.597154 -0.119793 0.597154 -0.119793 0.597154 9.03928e-07 2.34506e-06 1.47342e-06
1.8 0.5 -0.303002 0.520223 -0.303003 0.520222 -0.303002 0.520223 1.42659e-06 2.32955e-06 1.28734e-06
1.8 0.6 -0.472676 0.35951 -0.472676 0.359509 -0.472676 0.35951 2.06291e-06 2.31301e-06 7.8927e-07
1.8 0.7 -0.573294 0.115116 -0.573295 0.115114 -0.573294 0.115116 2.23444e-06 2.29641e-06 2.06937e-07
1.8 0.8 -0.547832 -0.174215 -0.547831 -0.174216 -0.547831 -0.174217 2.00188e-06 2.28053e-06 4.04454e-06
1.8 0.9 -0.36699 -0.428843 -0.366989 -0.428844 -0.366989 -0.428844 7.15459e-07 2.26603e-06 2.83455e-06
1.8 1 -0.0599882 -0.550369 -0.059987 -0.550369 -0.0599879 -0.550369 1.63485e-06 2.25336e-06 7.25031e-07
1.8 1.1 0.274457 -0.468067 0.274458 -0.468066 0.274458 -0.468066 8.40381e-07 2.2428e-06 3.07261e-06
1.8 1.2 0.496249 -0.190291 0.496249 -0.190289 0.496249 -0.19029 1.31606e-06 2.23447e-06 2.15594e-06
1.8 1.3 0.490662 0.173377 0.490662 0.173378 0.490662 0.173377 1.50376e-06 2.22832e-06 7.24849e-07
1.8 1.4 0.243019 0.447721 0.243018 0.447721 0.243018 0.447721 7.03146e-07 2.22421e-06 2.07605e-06
1.8 1.5 -0.128884 0.481703 -0.128885 0.481702 -0.128885 0.481702 3.20267e-07 2.22192e-06 2.26809e-06
1.8 1.6 -0.421513 0.246147 -0.421513 0.246146 -0.421513 0.246147 1.54569e-06 2.22122e-06 7.01202e-07
1.8 1.7 -0.460331 -0.128337 -0.46033 -0.128338 -0.460331 -0.128338 1.60452e-06 2.22189e-06 2.9296e-06
1.8 1.8 -0.216534 -0.414861 -0.216533 -0.414861 -0.216533 -0.414861 5.10948e-07 2.22373e-06 2.44119e-06
1.8 1.9 0.158178 -0.430234 0.158179 -0.430233 0.158179 -0.430233 4.05719e-07 2.2266e-06 2.14438e-06
1.9 -2 0.438259 0.0735199 0.438258 0.0735207 0.438257 0.0735208 1.37665e-06 2.22195e-06 3.25458e-06
1.9 -1.9 0.357882 -0.277823 0.357882 -0.277822 0.357882 -0.277821 2.18293e-06 2.21955e-06 4.3561e-06
1.9 -1.8 0.045826 -0.459743 0.0458269 -0.459742 0.0458264 -0.459742 1.19812e-06 2.21809e-06 1.82418e-06
1.9 -1.7 -0.301874 -0.361866 -0.301873 -0.361866 -0.301873 -0.361866 2.7256e-07 2.21768e-06 1.99099e-06
1.9 -1.6 -0.478339 -0.0477928 -0.478339 -0.0477937 -0.478339 -0.0477933 1.21475e-06 2.21847e-06 1.10031e-06
1.9 -1.5 -0.388753 0.298947 -0.388754 0.298946 -0.388754 0.298946 7.31821e-07 2.22063e-06 2.91989e-06
1.9 -1.4 -0.0912248 0.491874 -0.0912258 0.491873 -0.0912252 0.491873 1.05707e-06 2.22434e-06 1.58834e-06
1.9 -1.3 0.254643 0.442144 0.254642 0.442144 0.254641 0.442144 1.54085e-07 2.22977e-06 2.36677e-06
1.9 -1.2 0.484786 0.188763 0.484786 0.188764 0.484786 0.188764 1.27651e-06 2.23706e-06 1.99086e-06
1.9 -1.1 0.510516 -0.143154 0.510516 -0.143153 0.510516 -0.143152 5.16469e-07 2.24627e-06 2.75876e-06
1.9 -1 0.343142 -0.416995 0.343143 -0.416994 0.343143 -0.416993 1.23518e-06 2.25734e-06 2.96598e-06
1.9 -0.9 0.0654544 -0.545677 0.0654556 -0.545676 0.0654553 -0.545676 1.20516e-06 2.2701e-06 2.40447e-06
1.9 -0.8 -0.220671 -0.513329 -0.22067 -0.51333 -0.220671 -0.513329 1.7733e-06 2.28422e-06 7.54226e-07
1.9 -0.7 -0.438501 -0.360033 -0.438501 -0.360034 -0.438501 -0.360035 5.63253e-07 2.29925e-06 2.29794e-06
1.9 -0.6 -0.555587 -0.149246 -0.555587 -0.149247 -0.555587 -0.149247 5.26319e-07 2.3146e-06 2.81555e-06
1.9 -0.5 -0.579065 0.0616198 -0.579065 0.0616184 -0.579065 0.0616178 1.12986e-06 2.32957e-06 3.45628e-06
1.9 -0.4 -0.538687 0.236616 -0.538687 0.236614 -0.538687 0.236614 8.84157e-07 2.34338e-06 1.92943e-06
1.9 -0.3 -0.469539 0.362555 -0.46954 0.362554 -0.469541 0.362553 1.97903e-06 2.35521e-06 4.28978e-06
1.9 -0.2 -0.401031 0.441965 -0.401032 0.441964 -0.401033 0.441964 5.98513e-07 2.36432e-06 2.39872e-06
1.9 -0.1 -0.352917 0.48396 -0.352918 0.483959 -0.352917 0.483959 1.95277e-06 2.37005e-06 4.60107e-07
1.9 6.38378e-16 -0.335796 0.496878 -0.335797 0.496877 -0.335797 0.496878 7.15477e-07 2.37202e-06 2.02412e-06
1.9 0.1 -0.352917 0.48396 -0.352918 0.483959 -0.352917 0.483959 1.95277e-06 2.37005e-06 4.60107e-07
1.9 0.2 -0.401031 0.441965 -0.401032 0.441964 -0.401033 0.441964 5.98513e-07 2.36432e-06 2.39872e-06
1.9 0.3 -0.469539 0.362555 -0.46954 0.362554 -0.469541 0.362553 1.97903e-06 2.35521e-06 4.28978e-06
1.9 0.4 -0.538687 0.236616 -0.538687 0.236614 -0.538687 0.236614 8.84157e-07 2.34338e-06 1.92943e-06
1.9 0.5 -0.579065 0.0616198 -0.579065 0.0616184 -0.579065 0.0616178 1.12986e-06 2.32957e-06 3.45628e-06
1.9 0.6 -0.555587 -0.149246 -0.555587 -0.149247 -0.555587 -0.149247 5.26319e-07 2.3146e-06 2.81555e-06
1.9 0.7 -0.438501 -0.360033 -0.438501 -0.360034 -0.438501 -0.360035 5.63253e-07 2.29925e-06 2.29794e-06
1.9 0.8 -0.220671 -0.513329 -0.22067 -0.51333 -0.220671 -0.513329 1.7733e-06 2.28422e-06 7.54226e-07
1.9 0.9 0.0654544 -0.545677 0.0654556 -0.545676 0.0654553 -0.545676 1.20516e-06 2.2701e-06 2.40447e-06
1.9 1 0.343142 -0.416995 0.343143 -0.416994 0.343143 -0.416993 1.23518e-06 2.25734e-06 2.96598e-06
1.9 1.1 0.510516 -0.143154 0.510516 -0.143153 0.510516 -0.143152 5.16469e-07 2.24627e-06 2.75876e-06
1.9 1.2 0.484786 0.188763 0.484786 0.188764 0.484786 0.188764 1.27651e-06 2.23706e-06 1.99086e-06
1.9 1.3 0.254643 0.442144 0.254642 0.442144 0.254641 0.442144 1.54085e-07 2.22977e-06 2.36677e-06
1.9 1.4 -0.0912248 0.491874 -0.0912258 0.491873 -0.0912252 0.491873 1.05707e-06 2.22434e-06 1.58834e-06
1.9 1.5 -0.388753 0.298947 -0.388754 0.298946 -0.388754 0.298946 7.31821e-07 2.22063e-06 2.91989e-06
1.9 1.6 -0.478339 -0.0477928 -0.478339 -0.0477937 -0.478339 -0.0477933 1.21475e-06 2.21847e-06 1.10031e-06
1.9 1.7 -0.301874 -0.361866 -0.301873 -0.361866 -0.301873 -0.361866 2.7256e-07 2.21768e-06 1.99099e-06
1.9 1.8 0.045826 -0.459743 0.0458269 -0.459742 0.0458264 -0.459742 1.19812e-06 2.21809e-06 1.82418e-06
1.9 1.9 0.357882 -0.277823 0.357882 -0.277822 0.357882 -0.277821 2.18293e-06 2.21955e-06 4.3561e-06
