-2 -2 0.309594 0.215308 0.295572 0.210068 0.295398 0.210062 0.000480926 0.041279 0.0401324
-2 -1.9 0.3846 0.0820683 0.369125 0.0827121 0.368925 0.0829644 0.000850677 0.040946 0.0399251
-2 -1.8 0.406853 -0.0651325 0.392099 -0.0586697 0.391712 -0.0586153 0.000987252 0.0406277 0.0400079
-2 -1.7 0.380425 -0.206993 0.368223 -0.195445 0.368257 -0.195433 8.52413e-05 0.0402986 0.0387533
-2 -1.6 0.315591 -0.329209 0.307297 -0.313794 0.307381 -0.314086 0.000693698 0.0398562 0.0377315
-2 -1.5 0.22637 -0.424179 0.222744 -0.406412 0.223242 -0.406677 0.0012166 0.0391251 0.0369771
-2 -1.4 0.127218 -0.491847 0.12834 -0.473298 0.128273 -0.4733 0.000135289 0.0378944 0.0365676
-2 -1.3 0.0293418 -0.538651 0.0346364 -0.52063 0.0346612 -0.520341 0.000555453 0.0359975 0.0353452
-2 -1.2 -0.0618088 -0.574248 -0.0533586 -0.557542 -0.0533717 -0.557674 0.000236959 0.0334261 0.0322005
-2 -1.1 -0.146373 -0.607245 -0.135894 -0.592034 -0.135396 -0.592156 0.000843115 0.0304089 0.0298727
-2 -1 -0.227126 -0.642059 -0.215551 -0.628077 -0.215509 -0.628026 9.9591e-05 0.0273353 0.0267496
-2 -0.9 -0.305387 -0.67856 -0.293346 -0.665418 -0.293912 -0.664996 0.000969859 0.0245099 0.0238771
-2 -0.8 -0.378247 -0.714408 -0.366195 -0.701908 -0.365812 -0.702262 0.000657565 0.0219328 0.0215039
-2 -0.7 -0.438781 -0.748295 -0.427256 -0.736566 -0.427637 -0.736233 0.000595118 0.0193119 0.0189316
-2 -0.6 -0.479096 -0.781755 -0.468926 -0.771155 -0.469059 -0.770727 0.000496702 0.0162759 0.016263
-2 -0.5 -0.494411 -0.818275 -0.486689 -0.809166 -0.487288 -0.808595 0.000876206 0.0126467 0.012571
-2 -0.4 -0.485895 -0.860333 -0.481697 -0.852862 -0.482106 -0.852274 0.000731422 0.00874907 0.00901322
-2 -0.3 -0.460896 -0.906391 -0.460856 -0.900415 -0.461071 -0.900275 0.000253188 0.0059084 0.00601742
-2 -0.2 -0.430668 -0.949984 -0.434616 -0.945137 -0.434505 -0.945271 0.000167364 0.00600936 0.00582649
-2 -0.1 -0.406808 -0.981744 -0.413644 -0.977571 -0.413607 -0.977222 0.000330799 0.00754571 0.00768406
-2 6.38378e-16 -0.39782 -0.993423 -0.405712 -0.989469 -0.405905 -0.989789 0.000349699 0.00825383 0.00828318
-2 0.1 -0.406808 -0.981744 -0.413644 -0.977571 -0.413607 -0.977222 0.000330799 0.00754571 0.00768406
-2 0.2 -0.430668 -0.949984 -0.434616 -0.945137 -0.434505 -0.945271 0.000167364 0.00600936 0.00582649
-2 0.3 -0.460896 -0.906391 -0.460856 -0.900415 -0.461071 -0.900275 0.000253188 0.0059084 0.00601742
-2 0.4 -0.485895 -0.860333 -0.481697 -0.852862 -0.482106 -0.852274 0.000731422 0.00874907 0.00901322
-2 0.5 -0.494411 -0.818275 -0.486689 -0.809166 -0.487288 -0.808595 0.000876206 0.0126467 0.012571
-2 0.6 -0.479096 -0.781755 -0.468926 -0.771155 -0.469059 -0.770727 0.000496702 0.0162759 0.016263
-2 0.7 -0.438781 -0.748295 -0.427256 -0.736566 -0.427637 -0.736233 0.000595118 0.0193119 0.0189316
-2 0.8 -0.378247 -0.714408 -0.366195 -0.701908 -0.365812 -0.702262 0.000657565 0.0219328 0.0215039
-2 0.9 -0.305387 -0.67856 -0.293346 -0.665418 -0.293912 -0.664996 0.000969859 0.0245099 0.0238771
-2 1 -0.227126 -0.642059 -0.215551 -0.628077 -0.215509 -0.628026 9.9591e-05 0.0273353 0.0267496
-2 1.1 -0.146373 -0.607245 -0.135894 -0.592034 -0.135396 -0.592156 0.000843115 0.0304089 0.0298727
-2 1.2 -0.0618088 -0.574248 -0.0533586 -0.557542 -0.0533717 -0.557674 0.000236959 0.0334261 0.0322005
-2 1.3 0.0293418 -0.538651 0.0346364 -0.52063 0.0346612 -0.520341 0.000555453 0.0359975 0.0353452
-2 1.4 0.127218 -0.491847 0.12834 -0.473298 0.128273 -0.4733 0.000135289 0.0378944 0.0365676
-2 1.5 0.22637 -0.424179 0.222744 -0.406412 0.223242 -0.406677 0.0012166 0.0391251 0.0369771
-2 1.6 0.315591 -0.329209 0.307297 -0.313794 0.307381 -0.314086 0.000693698 0.0398562 0.0377315
-2 1.7 0.380425 -0.206993 0.368223 -0.195445 0.368257 -0.195433 8.52413e-05 0.0402986 0.0387533
-2 1.8 0.406853 -0.0651325 0.392099 -0.0586697 0.391712 -0.0586153 0.000987252 0.0406277 0.0400079
-2 1.9 0.3846 0.0820683 0.369125 0.0827121 0.368925 0.0829644 0.000850677 0.040946 0.0399251
-1.9 -2 0.360091 -0.11407 0.34726 -0.106121 0.346921 -0.106601 0.00161738 0.0415698 0.0400849
-1.9 -1.9 0.296327 -0.257994 0.287511 -0.245174 0.287511 -0.244576 0.00158256 0.0411766 0.0408622
-1.9 -1.8 0.188107 -0.365678 0.184587 -0.349951 0.183843 -0.350299 0.00207599 0.0407351 0.0388085
-1.9 -1.7 0.0544354 -0.42922 0.0566429 -0.412593 0.0569323 -0.412309 0.000973706 0.0402755 0.0395109
-1.9 -1.6 -0.0869612 -0.448525 -0.0792563 -0.432815 -0.0792728 -0.432758 0.000135961 0.0397654 0.0383946
-1.9 -1.5 -0.221508 -0.429772 -0.209061 -0.416473 -0.208849 -0.416234 0.000684809 0.0390885 0.0383337
-1.9 -1.4 -0.339599 -0.383856 -0.323568 -0.373997 -0.323721 -0.374302 0.000689033 0.0380544 0.0361562
-1.9 -1.3 -0.438101 -0.32385 -0.419865 -0.317854 -0.419753 -0.318162 0.000621725 0.0364527 0.0352596
-1.9 -1.2 -0.520302 -0.261515 -0.50118 -0.259138 -0.501409 -0.259183 0.000414824 0.0341532 0.0326898
-1.9 -1.1 -0.593467 -0.204229 -0.574429 -0.204685 -0.573959 -0.204865 0.000825491 0.0312274 0.0310979
-1.9 -1 -0.664699 -0.154139 -0.646228 -0.156391 -0.646152 -0.156064 0.000505585 0.0279875 0.027327
-1.9 -0.9 -0.737201 -0.110192 -0.719384 -0.113284 -0.719792 -0.113043 0.000650897 0.0248318 0.0236669
-1.9 -0.8 -0.808981 -0.0718231 -0.791817 -0.0750722 -0.792139 -0.075565 0.000740368 0.0219641 0.0212433
-1.9 -0.7 -0.874618 -0.0418176 -0.858345 -0.0447813 -0.858161 -0.0448785 0.000242516 0.0192434 0.0191166
-1.9 -0.6 -0.92873 -0.0262735 -0.913993 -0.0285613 -0.913733 -0.0286353 0.000295771 0.0163098 0.0163413
-1.9 -0.5 -0.968886 -0.0314337 -0.956613 -0.0325353 -0.956346 -0.0320203 0.000606058 0.0128731 0.0129495
-1.9 -0.4 -0.99627 -0.0591966 -0.987347 -0.0584915 -0.987113 -0.0585302 0.000239881 0.00905029 0.00920007
-1.9 -0.3 -1.01417 -0.104048 -1.00903 -0.101032 -1.00908 -0.101061 4.94547e-05 0.00587108 0.00579086
-1.9 -0.2 -1.0257 -0.153434 -1.02408 -0.148038 -1.02374 -0.148041 0.000333055 0.00544385 0.00553314
-1.9 -0.1 -1.03247 -0.191741 -1.03334 -0.184531 -1.0333 -0.18499 0.000439205 0.00691948 0.00647788
-1.9 6.38378e-16 -1.03475 -0.206155 -1.03652 -0.198264 -1.03638 -0.198495 0.000257161 0.00766372 0.00742293
-1.9 0.1 -1.03247 -0.191741 -1.03334 -0.184531 -1.0333 -0.18499 0.000439205 0.00691948 0.00647788
-1.9 0.2 -1.0257 -0.153434 -1.02408 -0.148038 -1.02374 -0.148041 0.000333055 0.00544385 0.00553314
-1.9 0.3 -1.01417 -0.104048 -1.00903 -0.101032 -1.00908 -0.101061 4.94547e-05 0.00587108 0.00579086
-1.9 0.4 -0.99627 -0.0591966 -0.987347 -0.0584915 -0.987113 -0.0585302 0.000239881 0.00905029 0.00920007
-1.9 0.5 -0.968886 -0.0314337 -0.956613 -0.0325353 -0.956346 -0.0320203 0.000606058 0.0128731 0.0129495
-1.9 0.6 -0.92873 -0.0262735 -0.913993 -0.0285613 -0.913733 -0.0286353 0.000295771 0.0163098 0.0163413
-1.9 0.7 -0.874618 -0.0418176 -0.858345 -0.0447813 -0.858161 -0.0448785 0.000242516 0.0192434 0.0191166
-1.9 0.8 -0.808981 -0.0718231 -0.791817 -0.0750722 -0.792139 -0.075565 0.000740368 0.0219641 0.0212433
-1.9 0.9 -0.737201 -0.110192 -0.719384 -0.113284 -0.719792 -0.113043 0.000650897 0.0248318 0.0236669
-1.9 1 -0.664699 -0.154139 -0.646228 -0.156391 -0.646152 -0.156064 0.000505585 0.0279875 0.027327
-1.9 1.1 -0.593467 -0.204229 -0.574429 -0.204685 -0.573959 -0.204865 0.000825491 0.0312274 0.0310979
-1.9 1.2 -0.520302 -0.261515 -0.50118 -0.259138 -0.501409 -0.259183 0.000414824 0.0341532 0.0326898
-1.9 1.3 -0.438101 -0.32385 -0.419865 -0.317854 -0.419753 -0.318162 0.000621725 0.0364527 0.0352596
-1.9 1.4 -0.339599 -0.383856 -0.323568 -0.373997 -0.323721 -0.374302 0.000689033 0.0380544 0.0361562
-1.9 1.5 -0.221508 -0.429772 -0.209061 -0.416473 -0.208849 -0.416234 0.000684809 0.0390885 0.0383337
-1.9 1.6 -0.0869612 -0.448525 -0.0792563 -0.432815 -0.0792728 -0.432758 0.000135961 0.0397654 0.0383946
-1.9 1.7 0.0544354 -0.42922 0.0566429 -0.412593 0.0569323 -0.412309 0.000973706 0.0402755 0.0395109
-1.9 1.8 0.188107 -0.365678 0.184587 -0.349951 0.183843 -0.350299 0.00207599 0.0407351 0.0388085
-1.9 1.9 0.296327 -0.257994 0.287511 -0.245174 0.287511 -0.244576 0.00158256 0.0411766 0.0408622
-1.8 -2 0.132416 -0.355894 0.13067 -0.340723 0.129866 -0.339928 0.00309854 0.041848 0.0425785
-1.8 -1.9 -0.0267891 -0.392778 -0.0218953 -0.377853 -0.0216119 -0.377535 0.00112501 0.0414993 0.0408902
-1.8 -1.8 -0.182379 -0.368282 -0.171765 -0.35603 -0.171928 -0.356377 0.000970583 0.0410098 0.0385484
-1.8 -1.7 -0.315555 -0.294961 -0.300754 -0.286994 -0.300393 -0.287486 0.00146602 0.0404332 0.0391336
-1.8 -1.6 -0.41605 -0.188208 -0.39878 -0.185371 -0.398934 -0.185051 0.000806164 0.039798 0.038114
-1.8 -1.5 -0.480561 -0.0634403 -0.462484 -0.0659455 -0.462217 -0.0656753 0.000812519 0.0390653 0.0381228
-1.8 -1.4 -0.511674 0.0653946 -0.49427 0.0578645 -0.494386 0.0576238 0.000537065 0.0381057 0.0367442
-1.8 -1.3 -0.517099 0.187434 -0.501532 0.175669 -0.501711 0.176057 0.000804831 0.0367193 0.034793
-1.8 -1.2 -0.508004 0.296743 -0.494949 0.281898 -0.494909 0.28218 0.000500968 0.0347075 0.0332889
-1.8 -1.1 -0.495919 0.39312 -0.485438 0.376492 -0.484752 0.37638 0.00113157 0.0319949 0.0317983
-1.8 -1 -0.489244 0.480572 -0.480833 0.463321 -0.480745 0.462933 0.000594856 0.028743 0.0285501
-1.8 -0.9 -0.491297 0.563613 -0.484139 0.54656 -0.48398 0.546266 0.000457493 0.0253294 0.0251801
-1.8 -0.8 -0.501135 0.643264 -0.494464 0.626914 -0.494567 0.626736 0.000257547 0.0221164 0.0218113
-1.8 -0.7 -0.516523 0.715218 -0.509906 0.699987 -0.509949 0.699767 0.000258692 0.0191751 0.0190327
-1.8 -0.6 -0.536827 0.771456 -0.530235 0.757954 -0.52981 0.757831 0.000478178 0.0162432 0.0163067
-1.8 -0.5 -0.563641 0.804498 -0.557296 0.793641 -0.556619 0.793661 0.000698711 0.0129677 0.0131462
-1.8 -0.4 -0.59861 0.811865 -0.592752 0.80468 -0.592257 0.804493 0.000529551 0.00927585 0.00964844
-1.8 -0.3 -0.640113 0.798268 -0.634829 0.795458 -0.634996 0.795385 0.000179291 0.00588087 0.00574026
-1.8 -0.2 -0.681494 0.774431 -0.676695 0.775902 -0.676332 0.77582 0.000361131 0.00487496 0.00518097
-1.8 -0.1 -0.712615 0.753215 -0.708118 0.757841 -0.708551 0.757475 0.000546828 0.00622085 0.00567851
-1.8 6.38378e-16 -0.724234 0.744852 -0.719835 0.750642 -0.720321 0.750415 0.00051606 0.00699214 0.0065471
-1.8 0.1 -0.712615 0.753215 -0.708118 0.757841 -0.708551 0.757475 0.000546828 0.00622085 0.00567851
-1.8 0.2 -0.681494 0.774431 -0.676695 0.775902 -0.676332 0.77582 0.000361131 0.00487496 0.00518097
-1.8 0.3 -0.640113 0.798268 -0.634829 0.795458 -0.634996 0.795385 0.000179291 0.00588087 0.00574026
-1.8 0.4 -0.59861 0.811865 -0.592752 0.80468 -0.592257 0.804493 0.000529551 0.00927585 0.00964844
-1.8 0.5 -0.563641 0.804498 -0.557296 0.793641 -0.556619 0.793661 0.000698711 0.0129677 0.0131462
-1.8 0.6 -0.536827 0.771456 -0.530235 0.757954 -0.52981 0.757831 0.000478178 0.0162432 0.0163067
-1.8 0.7 -0.516523 0.715218 -0.509906 0.699987 -0.509949 0.699767 0.000258692 0.0191751 0.0190327
-1.8 0.8 -0.501135 0.643264 -0.494464 0.626914 -0.494567 0.626736 0.000257547 0.0221164 0.0218113
-1.8 0.9 -0.491297 0.563613 -0.484139 0.54656 -0.48398 0.546266 0.000457493 0.0253294 0.0251801
-1.8 1 -0.489244 0.480572 -0.480833 0.463321 -0.480745 0.462933 0.000594856 0.028743 0.0285501
-1.8 1.1 -0.495919 0.39312 -0.485438 0.376492 -0.484752 0.37638 0.00113157 0.0319949 0.0317983
-1.8 1.2 -0.508004 0.296743 -0.494949 0.281898 -0.494909 0.28218 0.000500968 0.0347075 0.0332889
-1.8 1.3 -0.517099 0.187434 -0.501532 0.175669 -0.501711 0.176057 0.000804831 0.0367193 0.034793
-1.8 1.4 -0.511674 0.0653946 -0.49427 0.0578645 -0.494386 0.0576238 0.000537065 0.0381057 0.0367442
-1.8 1.5 -0.480561 -0.0634403 -0.462484 -0.0659455 -0.462217 -0.0656753 0.000812519 0.0390653 0.0381228
-1.8 1.6 -0.41605 -0.188208 -0.39878 -0.185371 -0.398934 -0.185051 0.000806164 0.039798 0.038114
-1.8 1.7 -0.315555 -0.294961 -0.300754 -0.286994 -0.300393 -0.287486 0.00146602 0.0404332 0.0391336
-1.8 1.8 -0.182379 -0.368282 -0.171765 -0.35603 -0.171928 -0.356377 0.000970583 0.0410098 0.0385484
-1.8 1.9 -0.0267891 -0.392778 -0.0218953 -0.377853 -0.0216119 -0.377535 0.00112501 0.0414993 0.0408902
-1.7 -2 -0.197673 -0.328064 -0.186864 -0.317017 -0.186968 -0.317037 0.000286524 0.0419981 0.0401249
-1.7 -1.9 -0.329709 -0.219232 -0.314746 -0.213847 -0.314871 -0.214287 0.00120264 0.0417932 0.0395019
-1.7 -1.8 -0.405314 -0.0737164 -0.388967 -0.0748568 -0.389153 -0.0747187 0.000585199 0.0413688 0.0393034
-1.7 -1.7 -0.423914 0.0823834 -0.40865 0.075049 -0.408229 0.0748354 0.00113718 0.0407584 0.0403081
-1.7 -1.6 -0.393749 0.230192 -0.381378 0.217713 -0.381085 0.218132 0.00116404 0.0400134 0.0383413
-1.7 -1.5 -0.326663 0.35823 -0.318313 0.341952 -0.318622 0.34204 0.000687921 0.0391614 0.0372883
-1.7 -1.4 -0.235479 0.460981 -0.231696 0.442307 -0.232071 0.442034 0.000929558 0.0381575 0.037189
-1.7 -1.3 -0.132963 0.538003 -0.133788 0.518289 -0.134361 0.518649 0.0012642 0.0368629 0.0350149
-1.7 -1.2 -0.0306698 0.593734 -0.0356382 0.574177 -0.0348319 0.574192 0.00140186 0.0350752 0.0336073
-1.7 -1.1 0.0629422 0.63663 0.0547665 0.61811 0.0545733 0.618557 0.000783689 0.0326233 0.0311328
-1.7 -1 0.144044 0.676593 0.133918 0.659514 0.133345 0.659723 0.00090534 0.0295034 0.0288777
-1.7 -0.9 0.213042 0.721217 0.202269 0.705496 0.203019 0.705185 0.00110651 0.0259677 0.0251423
-1.7 -0.8 0.271824 0.772802 0.261494 0.75808 0.261184 0.758267 0.000452517 0.0224274 0.0219889
-1.7 -0.7 0.320194 0.827983 0.311072 0.813995 0.310946 0.814045 0.000155555 0.0191642 0.0188422
-1.7 -0.6 0.35407 0.88022 0.346682 0.867119 0.346191 0.866671 0.000711596 0.0161056 0.0165193
-1.7 -0.5 0.367193 0.923521 0.362004 0.911954 0.361833 0.911892 0.000185527 0.0129207 0.0128844
-1.7 -0.4 0.355733 0.955088 0.353215 0.945952 0.353295 0.945807 0.000164468 0.00938486 0.00941514
-1.7 -0.3 0.32294 0.975609 0.323429 0.969598 0.323457 0.969426 0.000170788 0.00590024 0.00603767
-1.7 -0.2 0.280518 0.987672 0.283918 0.984837 0.283581 0.984782 0.000333441 0.00431989 0.00410215
-1.7 -0.1 0.245124 0.993868 0.250686 0.993414 0.250494 0.99389 0.000501047 0.00544702 0.00524562
-1.7 6.38378e-16 0.23139 0.995771 0.237755 0.996202 0.238263 0.9957 0.000697335 0.00622945 0.00672407
-1.7 0.1 0.245124 0.993868 0.250686 0.993414 0.250494 0.99389 0.000501047 0.00544702 0.00524562
-1.7 0.2 0.280518 0.987672 0.283918 0.984837 0.283581 0.984782 0.000333441 0.00431989 0.00410215
-1.7 0.3 0.32294 0.975609 0.323429 0.969598 0.323457 0.969426 0.000170788 0.00590024 0.00603767
-1.7 0.4 0.355733 0.955088 0.353215 0.945952 0.353295 0.945807 0.000164468 0.00938486 0.00941514
-1.7 0.5 0.367193 0.923521 0.362004 0.911954 0.361833 0.911892 0.000185527 0.0129207 0.0128844
-1.7 0.6 0.35407 0.88022 0.346682 0.867119 0.346191 0.866671 0.000711596 0.0161056 0.0165193
-1.7 0.7 0.320194 0.827983 0.311072 0.813995 0.310946 0.814045 0.000155555 0.0191642 0.0188422
-1.7 0.8 0.271824 0.772802 0.261494 0.75808 0.261184 0.758267 0.000452517 0.0224274 0.0219889
-1.7 0.9 0.213042 0.721217 0.202269 0.705496 0.203019 0.705185 0.00110651 0.0259677 0.0251423
-1.7 1 0.144044 0.676593 0.133918 0.659514 0.133345 0.659723 0.00090534 0.0295034 0.0288777
-1.7 1.1 0.0629422 0.63663 0.0547665 0.61811 0.0545733 0.618557 0.000783689 0.0326233 0.0311328
-1.7 1.2 -0.0306698 0.593734 -0.0356382 0.574177 -0.0348319 0.574192 0.00140186 0.0350752 0.0336073
-1.7 1.3 -0.132963 0.538003 -0.133788 0.518289 -0.134361 0.518649 0.0012642 0.0368629 0.0350149
-1.7 1.4 -0.235479 0.460981 -0.231696 0.442307 -0.232071 0.442034 0.000929558 0.0381575 0.037189
-1.7 1.5 -0.326663 0.35823 -0.318313 0.341952 -0.318622 0.34204 0.000687921 0.0391614 0.0372883
-1.7 1.6 -0.393749 0.230192 -0.381378 0.217713 -0.381085 0.218132 0.00116404 0.0400134 0.0383413
-1.7 1.7 -0.423914 0.0823834 -0.40865 0.075049 -0.408229 0.0748354 0.00113718 0.0407584 0.0403081
-1.7 1.8 -0.405314 -0.0737164 -0.388967 -0.0748568 -0.389153 -0.0747187 0.000585199 0.0413688 0.0393034
-1.7 1.9 -0.329709 -0.219232 -0.314746 -0.213847 -0.314871 -0.214287 0.00120264 0.0417932 0.0395019
-1.6 -2 -0.383205 -0.054629 -0.367656 -0.0558802 -0.368085 -0.0556652 0.00129057 0.0419482 0.0391541
-1.6 -1.9 -0.379243 0.125534 -0.365525 0.117111 -0.365834 0.117141 0.000809187 0.0419398 0.039599
-1.6 -1.8 -0.304816 0.280887 -0.295642 0.267045 -0.295625 0.267044 4.19432e-05 0.0416815 0.0400873
-1.6 -1.7 -0.184011 0.392072 -0.180797 0.375233 -0.180662 0.375059 0.000526977 0.0411586 0.040035
-1.6 -1.6 -0.0406033 0.454432 -0.0435773 0.436945 -0.0437932 0.437018 0.000519178 0.0403958 0.0388036
-1.6 -1.5 0.107287 0.472539 0.0986837 0.456261 0.0982845 0.455696 0.00148205 0.0394418 0.039413
-1.6 -1.4 0.247829 0.45512 0.234548 0.441318 0.234236 0.44145 0.000678377 0.0383238 0.0371993
-1.6 -1.3 0.37406 0.412486 0.357211 0.401912 0.357674 0.401517 0.00113243 0.036994 0.0354123
-1.6 -1.2 0.482895 0.355896 0.46366 0.348841 0.463265 0.349247 0.000976589 0.0353091 0.0345493
-1.6 -1.1 0.575145 0.296939 0.554729 0.29321 0.55508 0.292848 0.000804578 0.0330758 0.0316367
-1.6 -1 0.655326 0.245792 0.634832 0.244692 0.634319 0.244778 0.000763308 0.030167 0.0300489
-1.6 -0.9 0.729755 0.208977 0.710023 0.209401 0.709744 0.209174 0.00048574 0.0266627 0.0263632
-1.6 -0.8 0.802968 0.18831 0.784508 0.189026 0.784879 0.188684 0.000625134 0.0228939 0.0219377
-1.6 -0.7 0.874324 0.182091 0.857437 0.182091 0.857533 0.18182 0.000327987 0.0192656 0.018804
-1.6 -0.6 0.937249 0.187765 0.922296 0.186527 0.922499 0.186119 0.000484296 0.0159445 0.0155261
-1.6 -0.5 0.982236 0.203895 0.969864 0.201426 0.969233 0.201531 0.000646171 0.0127358 0.0131742
-1.6 -0.4 1.00233 0.229785 0.99342 0.226445 0.993608 0.225713 0.000741197 0.00933883 0.00936043
-1.6 -0.3 0.998005 0.263067 0.993289 0.259306 0.993213 0.259237 9.99122e-05 0.00587539 0.00594315
-1.6 -0.2 0.978409 0.297616 0.977923 0.293772 0.977499 0.293195 0.000700956 0.00379522 0.00441398
-1.6 -0.1 0.95788 0.324213 0.960593 0.320425 0.96081 0.320808 0.000434578 0.00460174 0.00444224
-1.6 6.38378e-16 0.949318 0.334255 0.953229 0.330505 0.953717 0.33143 0.0010366 0.00537046 0.00519417
-1.6 0.1 0.95788 0.324213 0.960593 0.320425 0.96081 0.320808 0.000434578 0.00460174 0.00444224
-1.6 0.2 0.978409 0.297616 0.977923 0.293772 0.977499 0.293195 0.000700956 0.00379522 0.00441398
-1.6 0.3 0.998005 0.263067 0.993289 0.259306 0.993213 0.259237 9.99122e-05 0.00587539 0.00594315
-1.6 0.4 1.00233 0.229785 0.99342 0.226445 0.993608 0.225713 0.000741197 0.00933883 0.00936043
-1.6 0.5 0.982236 0.203895 0.969864 0.201426 0.969233 0.201531 0.000646171 0.0127358 0.0131742
-1.6 0.6 0.937249 0.187765 0.922296 0.186527 0.922499 0.186119 0.000484296 0.0159445 0.0155261
-1.6 0.7 0.874324 0.182091 0.857437 0.182091 0.857533 0.18182 0.000327987 0.0192656 0.018804
-1.6 0.8 0.802968 0.18831 0.784508 0.189026 0.784879 0.188684 0.000625134 0.0228939 0.0219377
-1.6 0.9 0.729755 0.208977 0.710023 0.209401 0.709744 0.209174 0.00048574 0.0266627 0.0263632
-1.6 1 0.655326 0.245792 0.634832 0.244692 0.634319 0.244778 0.000763308 0.030167 0.0300489
-1.6 1.1 0.575145 0.296939 0.554729 0.29321 0.55508 0.292848 0.000804578 0.0330758 0.0316367
-1.6 1.2 0.482895 0.355896 0.46366 0.348841 0.463265 0.349247 0.000976589 0.0353091 0.0345493
-1.6 1.3 0.37406 0.412486 0.357211 0.401912 0.357674 0.401517 0.00113243 0.036994 0.0354123
-1.6 1.4 0.247829 0.45512 0.234548 0.441318 0.234236 0.44145 0.000678377 0.0383238 0.0371993
-1.6 1.5 0.107287 0.472539 0.0986837 0.456261 0.0982845 0.455696 0.00148205 0.0394418 0.039413
-1.6 1.6 -0.0406033 0.454432 -0.0435773 0.436945 -0.0437932 0.437018 0.000519178 0.0403958 0.0388036
-1.6 1.7 -0.184011 0.392072 -0.180797 0.375233 -0.180662 0.375059 0.000526977 0.0411586 0.040035
-1.6 1.8 -0.304816 0.280887 -0.295642 0.267045 -0.295625 0.267044 4.19432e-05 0.0416815 0.0400873
-1.6 1.9 -0.379243 0.125534 -0.365525 0.117111 -0.365834 0.117141 0.000809187 0.0419398 0.039599
-1.5 -2 -0.290867 0.261625 -0.281696 0.248913 -0.28181 0.249179 0.000770815 0.0416993 0.0393455
-1.5 -1.9 -0.140798 0.378332 -0.138598 0.36224 -0.138692 0.362488 0.000684786 0.0418765 0.0395935
-1.5 -1.8 0.0370899 0.416644 0.0318248 0.400677 0.0312415 0.400659 0.00145185 0.0418286 0.0406929
-1.5 -1.7 0.206998 0.383699 0.195336 0.370798 0.195714 0.370572 0.00105003 0.0414941 0.0397049
-1.5 -1.6 0.347065 0.298634 0.330948 0.290645 0.330504 0.290472 0.00108174 0.0408424 0.0403264
-1.5 -1.5 0.449468 0.18247 0.430987 0.180106 0.430744 0.180077 0.000523496 0.0398874 0.0389124
-1.5 -1.4 0.515854 0.052182 0.496779 0.05532 0.496853 0.0551269 0.000413546 0.0386751 0.0370856
-1.5 -1.3 0.552386 -0.0804408 0.534002 -0.0724016 0.534059 -0.0716097 0.00147329 0.0372342 0.0364448
-1.5 -1.2 0.56703 -0.207347 0.550182 -0.195259 0.550112 -0.19502 0.000426801 0.0355184 0.0346705
-1.5 -1.1 0.569031 -0.322893 0.554191 -0.307801 0.554019 -0.307761 0.000278815 0.0333885 0.0325799
-1.5 -1 0.568684 -0.423798 0.555943 -0.406937 0.556087 -0.40626 0.00100487 0.0306738 0.0304459
-1.5 -0.9 0.575735 -0.509538 0.564774 -0.492264 0.564713 -0.492273 8.15609e-05 0.0273072 0.0266417
-1.5 -0.8 0.596463 -0.581579 0.586635 -0.565192 0.585982 -0.564483 0.00118406 0.023456 0.0240711
-1.5 -0.7 0.631203 -0.640988 0.621811 -0.626555 0.622515 -0.626207 0.000890457 0.019507 0.0190585
-1.5 -0.6 0.674205 -0.685954 0.664887 -0.674224 0.664135 -0.67471 0.000945164 0.0158197 0.0156927
-1.5 -0.5 0.716341 -0.711653 0.707359 -0.7031 0.707174 -0.703438 0.000386736 0.0124364 0.0121904
-1.5 -0.4 0.749329 -0.713625 0.741514 -0.708511 0.741698 -0.70861 0.000203868 0.00910654 0.00882446
-1.5 -0.3 0.769199 -0.692945 0.763523 -0.69129 0.763435 -0.691103 0.000200957 0.00574063 0.00584495
-1.5 -0.2 0.777323 -0.659308 0.774276 -0.660738 0.774259 -0.660505 0.000229605 0.00330684 0.00322778
-1.5 -0.1 0.778669 -0.628783 0.777815 -0.632393 0.777395 -0.632332 0.000423186 0.0037004 0.00376802
-1.5 6.38378e-16 0.7784 -0.616535 0.778401 -0.620937 0.778673 -0.621337 0.000485645 0.00442075 0.00484335
-1.5 0.1 0.778669 -0.628783 0.777815 -0.632393 0.777395 -0.632332 0.000423186 0.0037004 0.00376802
-1.5 0.2 0.777323 -0.659308 0.774276 -0.660738 0.774259 -0.660505 0.000229605 0.00330684 0.00322778
-1.5 0.3 0.769199 -0.692945 0.763523 -0.69129 0.763435 -0.691103 0.000200957 0.00574063 0.00584495
-1.5 0.4 0.749329 -0.713625 0.741514 -0.708511 0.741698 -0.70861 0.000203868 0.00910654 0.00882446
-1.5 0.5 0.716341 -0.711653 0.707359 -0.7031 0.707174 -0.703438 0.000386736 0.0124364 0.0121904
-1.5 0.6 0.674205 -0.685954 0.664887 -0.674224 0.664135 -0.67471 0.000945164 0.0158197 0.0156927
-1.5 0.7 0.631203 -0.640988 0.621811 -0.626555 0.622515 -0.626207 0.000890457 0.019507 0.0190585
-1.5 0.8 0.596463 -0.581579 0.586635 -0.565192 0.585982 -0.564483 0.00118406 0.023456 0.0240711
-1.5 0.9 0.575735 -0.509538 0.564774 -0.492264 0.564713 -0.492273 8.15609e-05 0.0273072 0.0266417
-1.5 1 0.568684 -0.423798 0.555943 -0.406937 0.556087 -0.40626 0.00100487 0.0306738 0.0304459
-1.5 1.1 0.569031 -0.322893 0.554191 -0.307801 0.554019 -0.307761 0.000278815 0.0333885 0.0325799
-1.5 1.2 0.56703 -0.207347 0.550182 -0.195259 0.550112 -0.19502 0.000426801 0.0355184 0.0346705
-1.5 1.3 0.552386 -0.0804408 0.534002 -0.0724016 0.534059 -0.0716097 0.00147329 0.0372342 0.0364448
-1.5 1.4 0.515854 0.052182 0.496779 0.05532 0.496853 0.0551269 0.000413546 0.0386751 0.0370856
-1.5 1.5 0.449468 0.18247 0.430987 0.180106 0.430744 0.180077 0.000523496 0.0398874 0.0389124
-1.5 1.6 0.347065 0.298634 0.330948 0.290645 0.330504 0.290472 0.00108174 0.0408424 0.0403264
-1.5 1.7 0.206998 0.383699 0.195336 0.370798 0.195714 0.370572 0.00105003 0.0414941 0.0397049
-1.5 1.8 0.0370899 0.416644 0.0318248 0.400677 0.0312415 0.400659 0.00145185 0.0418286 0.0406929
-1.5 1.9 -0.140798 0.378332 -0.138598 0.36224 -0.138692 0.362488 0.000684786 0.0418765 0.0395935
-1.4 -2 0.00905635 0.394742 0.00546051 0.379478 0.00561487 0.379776 0.000882153 0.0413205 0.0388949
-1.4 -1.9 0.204755 0.352644 0.193779 0.340579 0.193779 0.340722 0.000365175 0.0416237 0.0397387
-1.4 -1.8 0.353848 0.231036 0.337975 0.22507 0.337903 0.22469 0.000950625 0.0417613 0.0406087
-1.4 -1.7 0.434964 0.0665629 0.417403 0.0679085 0.417347 0.0674886 0.00100171 0.0416485 0.0400913
-1.4 -1.6 0.448716 -0.106275 0.432441 -0.0979714 0.431666 -0.0979489 0.00174916 0.0412061 0.0411479
-1.4 -1.5 0.409305 -0.264296 0.396429 -0.250411 0.39697 -0.250226 0.00122027 0.0403855 0.0384041
-1.4 -1.4 0.334928 -0.3973 0.326525 -0.379568 0.326495 -0.379812 0.000490331 0.0391887 0.0373617
-1.4 -1.3 0.241448 -0.504528 0.237733 -0.484545 0.237906 -0.484383 0.000439015 0.037659 0.0365695
-1.4 -1.2 0.140676 -0.589845 0.141305 -0.568852 0.140991 -0.568779 0.000550135 0.0358307 0.0347429
-1.4 -1.1 0.0416884 -0.658613 0.0459823 -0.637527 0.0455136 -0.637921 0.000957269 0.0336656 0.0318866
-1.4 -1 -0.0475408 -0.71685 -0.0405364 -0.696362 -0.0405197 -0.696562 0.000286887 0.0310395 0.0298823
-1.4 -0.9 -0.120053 -0.771064 -0.111579 -0.751696 -0.111603 -0.751322 0.000493382 0.0278193 0.0275187
-1.4 -0.8 -0.171182 -0.826913 -0.162691 -0.809012 -0.163269 -0.808654 0.00082469 0.0240092 0.0235656
-1.4 -0.7 -0.199726 -0.886361 -0.192638 -0.870144 -0.193362 -0.869877 0.000866365 0.0198587 0.0194479
-1.4 -0.6 -0.207829 -0.945218 -0.20317 -0.930921 -0.203085 -0.931048 0.000161383 0.0157819 0.0154403
-1.4 -0.5 -0.19976 -0.993736 -0.197863 -0.981797 -0.197279 -0.981774 0.000583806 0.0120696 0.0120517
-1.4 -0.4 -0.180714 -1.02139 -0.181167 -1.01249 -0.182071 -1.01214 0.0009418 0.00867263 0.00901786
-1.4 -0.3 -0.156353 -1.02384 -0.158258 -1.01858 -0.158139 -1.01884 0.000277762 0.005425 0.0051238
-1.4 -0.2 -0.132704 -1.00734 -0.135139 -1.00581 -0.134692 -1.00606 0.000502082 0.00283523 0.00233153
-1.4 -0.1 -0.115577 -0.98687 -0.118002 -0.988195 -0.118995 -0.987644 0.00114168 0.0027766 0.00352718
-1.4 6.38378e-16 -0.109326 -0.977872 -0.111676 -0.980274 -0.111501 -0.980387 0.000211508 0.00340651 0.00337992
-1.4 0.1 -0.115577 -0.98687 -0.118002 -0.988195 -0.118995 -0.987644 0.00114168 0.0027766 0.00352718
-1.4 0.2 -0.132704 -1.00734 -0.135139 -1.00581 -0.134692 -1.00606 0.000502082 0.00283523 0.00233153
-1.4 0.3 -0.156353 -1.02384 -0.158258 -1.01858 -0.158139 -1.01884 0.000277762 0.005425 0.0051238
-1.4 0.4 -0.180714 -1.02139 -0.181167 -1.01249 -0.182071 -1.01214 0.0009418 0.00867263 0.00901786
-1.4 0.5 -0.19976 -0.993736 -0.197863 -0.981797 -0.197279 -0.981774 0.000583806 0.0120696 0.0120517
-1.4 0.6 -0.207829 -0.945218 -0.20317 -0.930921 -0.203085 -0.931048 0.000161383 0.0157819 0.0154403
-1.4 0.7 -0.199726 -0.886361 -0.192638 -0.870144 -0.193362 -0.869877 0.000866365 0.0198587 0.0194479
-1.4 0.8 -0.171182 -0.826913 -0.162691 -0.809012 -0.163269 -0.808654 0.00082469 0.0240092 0.0235656
-1.4 0.9 -0.120053 -0.771064 -0.111579 -0.751696 -0.111603 -0.751322 0.000493382 0.0278193 0.0275187
-1.4 1 -0.0475408 -0.71685 -0.0405364 -0.696362 -0.0405197 -0.696562 0.000286887 0.0310395 0.0298823
-1.4 1.1 0.0416884 -0.658613 0.0459823 -0.637527 0.0455136 -0.637921 0.000957269 0.0336656 0.0318866
-1.4 1.2 0.140676 -0.589845 0.141305 -0.568852 0.140991 -0.568779 0.000550135 0.0358307 0.0347429
-1.4 1.3 0.241448 -0.504528 0.237733 -0.484545 0.237906 -0.484383 0.000439015 0.037659 0.0365695
-1.4 1.4 0.334928 -0.3973 0.326525 -0.379568 0.326495 -0.379812 0.000490331 0.0391887 0.0373617
-1.4 1.5 0.409305 -0.264296 0.396429 -0.250411 0.39697 -0.250226 0.00122027 0.0403855 0.0384041
-1.4 1.6 0.448716 -0.106275 0.432441 -0.0979714 0.431666 -0.0979489 0.00174916 0.0412061 0.0411479
-1.4 1.7 0.434964 0.0665629 0.417403 0.0679085 0.417347 0.0674886 0.00100171 0.0416485 0.0400913
-1.4 1.8 0.353848 0.231036 0.337975 0.22507 0.337903 0.22469 0.000950625 0.0417613 0.0406087
-1.4 1.9 0.204755 0.352644 0.193779 0.340579 0.193779 0.340722 0.000365175 0.0416237 0.0397387
-1.3 -2 0.304465 0.256014 0.290667 0.24863 0.290741 0.248604 0.000207068 0.0409155 0.0392083
-1.3 -1.9 0.404974 0.0715277 0.388669 0.0720697 0.388808 0.071653 0.00111127 0.0412706 0.0393112
-1.3 -1.8 0.405856 -0.131399 0.39112 -0.122877 0.391112 -0.123055 0.000434629 0.041523 0.0397132
-1.3 -1.7 0.321708 -0.306579 0.311797 -0.291839 0.311528 -0.291611 0.000824902 0.0415918 0.040734
-1.3 -1.6 0.183042 -0.427965 0.179772 -0.409742 0.179829 -0.409148 0.00133405 0.0413783 0.0410127
-1.3 -1.5 0.021784 -0.490521 0.0254786 -0.471616 0.0250944 -0.471602 0.000814055 0.0407845 0.0391163
-1.3 -1.4 -0.138526 -0.503812 -0.12866 -0.486419 -0.128647 -0.486207 0.000421623 0.0397424 0.038635
-1.3 -1.3 -0.285737 -0.483346 -0.271045 -0.468754 -0.270746 -0.469164 0.000937271 0.0382418 0.0367529
-1.3 -1.2 -0.416632 -0.444042 -0.398526 -0.432693 -0.398044 -0.432554 0.000851932 0.0363256 0.0358862
-1.3 -1.1 -0.5323 -0.39778 -0.512023 -0.389511 -0.512178 -0.389738 0.000426743 0.0340385 0.0326103
-1.3 -1 -0.634462 -0.354141 -0.6131 -0.348422 -0.613023 -0.348153 0.000396116 0.0313591 0.0306345
-1.3 -0.9 -0.724001 -0.321761 -0.702622 -0.317817 -0.702272 -0.317968 0.000494434 0.0281909 0.027841
-1.3 -0.8 -0.800967 -0.307981 -0.780711 -0.304865 -0.781106 -0.304339 0.000784646 0.0244526 0.023531
-1.3 -0.7 -0.864535 -0.316387 -0.846571 -0.31313 -0.84697 -0.313228 0.000455392 0.0202266 0.0193858
-1.3 -0.6 -0.912504 -0.343977 -0.897862 -0.339895 -0.89775 -0.339888 0.000116248 0.015833 0.0156991
-1.3 -0.5 -0.941498 -0.380691 -0.930854 -0.375737 -0.930652 -0.375923 0.000273084 0.0116955 0.0116658
-1.3 -0.4 -0.94915 -0.413042 -0.942653 -0.407924 -0.942554 -0.408116 0.000209477 0.0080521 0.00795296
-1.3 -0.3 -0.937545 -0.430798 -0.934768 -0.426641 -0.934899 -0.426733 0.000156031 0.00486555 0.0047008
-1.3 -0.2 -0.915024 -0.432686 -0.915081 -0.430335 -0.915198 -0.43077 0.000444676 0.00232544 0.00190125
-1.3 -0.1 -0.893994 -0.426534 -0.89577 -0.425938 -0.895751 -0.425507 0.00043549 0.00188864 0.00205509
-1.3 6.38378e-16 -0.885516 -0.422882 -0.88786 -0.423012 -0.888117 -0.423532 0.000590107 0.002387 0.00273154
-1.3 0.1 -0.893994 -0.426534 -0.89577 -0.425938 -0.895751 -0.425507 0.00043549 0.00188864 0.00205509
-1.3 0.2 -0.915024 -0.432686 -0.915081 -0.430335 -0.915198 -0.43077 0.000444676 0.00232544 0.00190125
-1.3 0.3 -0.937545 -0.430798 -0.934768 -0.426641 -0.934899 -0.426733 0.000156031 0.00486555 0.0047008
-1.3 0.4 -0.94915 -0.413042 -0.942653 -0.407924 -0.942554 -0.408116 0.000209477 0.0080521 0.00795296
-1.3 0.5 -0.941498 -0.380691 -0.930854 -0.375737 -0.930652 -0.375923 0.000273084 0.0116955 0.0116658
-1.3 0.6 -0.912504 -0.343977 -0.897862 -0.339895 -0.89775 -0.339888 0.000116248 0.015833 0.0156991
-1.3 0.7 -0.864535 -0.316387 -0.846571 -0.31313 -0.84697 -0.313228 0.000455392 0.0202266 0.0193858
-1.3 0.8 -0.800967 -0.307981 -0.780711 -0.304865 -0.781106 -0.304339 0.000784646 0.0244526 0.023531
-1.3 0.9 -0.724001 -0.321761 -0.702622 -0.317817 -0.702272 -0.317968 0.000494434 0.0281909 0.027841
-1.3 1 -0.634462 -0.354141 -0.6131 -0.348422 -0.613023 -0.348153 0.000396116 0.0313591 0.0306345
-1.3 1.1 -0.5323 -0.39778 -0.512023 -0.389511 -0.512178 -0.389738 0.000426743 0.0340385 0.0326103
-1.3 1.2 -0.416632 -0.444042 -0.398526 -0.432693 -0.398044 -0.432554 0.000851932 0.0363256 0.0358862
-1.3 1.3 -0.285737 -0.483346 -0.271045 -0.468754 -0.270746 -0.469164 0.000937271 0.0382418 0.0367529
-1.3 1.4 -0.138526 -0.503812 -0.12866 -0.486419 -0.128647 -0.486207 0.000421623 0.0397424 0.038635
-1.3 1.5 0.021784 -0.490521 0.0254786 -0.471616 0.0250944 -0.471602 0.000814055 0.0407845 0.0391163
-1.3 1.6 0.183042 -0.427965 0.179772 -0.409742 0.179829 -0.409148 0.00133405 0.0413783 0.0410127
-1.3 1.7 0.321708 -0.306579 0.311797 -0.291839 0.311528 -0.291611 0.000824902 0.0415918 0.040734
-1.3 1.8 0.405856 -0.131399 0.39112 -0.122877 0.391112 -0.123055 0.000434629 0.041523 0.0397132
-1.3 1.9 0.404974 0.0715277 0.388669 0.0720697 0.388808 0.071653 0.00111127 0.0412706 0.0393112
-1.2 -2 0.396667 -0.0546674 0.381974 -0.0493494 0.382096 -0.0488652 0.00129664 0.0405703 0.0391679
-1.2 -1.9 0.321193 -0.261369 0.31095 -0.248696 0.310077 -0.248296 0.00241148 0.0409261 0.0414407
-1.2 -1.8 0.158601 -0.399576 0.155718 -0.382788 0.155522 -0.382829 0.000485044 0.0412207 0.0396099
-1.2 -1.7 -0.0413763 -0.446363 -0.0360589 -0.42934 -0.0354686 -0.429446 0.00139192 0.0413929 0.0399729
-1.2 -1.6 -0.233313 -0.407865 -0.22078 -0.394017 -0.220692 -0.393835 0.000446412 0.0413535 0.0401619
-1.2 -1.5 -0.388361 -0.308017 -0.370736 -0.299585 -0.370117 -0.299311 0.00142025 0.0409898 0.0407815
-1.2 -1.4 -0.496993 -0.175329 -0.476723 -0.173193 -0.476875 -0.173093 0.000359877 0.0401851 0.0384077
-1.2 -1.3 -0.564542 -0.033101 -0.543727 -0.0369853 -0.542929 -0.0370358 0.00146653 0.0388528 0.0388457
-1.2 -1.2 -0.603728 0.104503 -0.583752 0.0956007 -0.583354 0.0944585 0.00204458 0.0369721 0.0370737
-1.2 -1.1 -0.6281 0.231065 -0.609592 0.21845 -0.609445 0.218162 0.000499532 0.0345893 0.0338928
-1.2 -1 -0.648567 0.343762 -0.631606 0.328799 -0.631362 0.329215 0.000677819 0.0317648 0.0306944
-1.2 -0.9 -0.672779 0.439552 -0.657185 0.423629 -0.657381 0.423592 0.000254469 0.0285037 0.027596
-1.2 -0.8 -0.705406 0.513796 -0.690998 0.498399 -0.690261 0.499103 0.00119642 0.0247508 0.0241801
-1.2 -0.7 -0.747389 0.561753 -0.734165 0.548422 -0.734431 0.548806 0.000509917 0.020491 0.019592
-1.2 -0.6 -0.794297 0.581782 -0.782538 0.571834 -0.782643 0.571337 0.000523272 0.0158923 0.015895
-1.2 -0.5 -0.836275 0.578194 -0.826536 0.572255 -0.826381 0.572265 0.000153828 0.0113466 0.0113445
-1.2 -0.4 -0.862172 0.561322 -0.855076 0.559003 -0.854459 0.559057 0.000606235 0.00730744 0.00781351
-1.2 -0.3 -0.86663 0.54345 -0.862508 0.543501 -0.862543 0.543342 0.00015932 0.00404415 0.00399675
-1.2 -0.2 -0.854621 0.532557 -0.853217 0.533537 -0.853218 0.533798 0.000259226 0.00170159 0.00185983
-1.2 -0.1 -0.838858 0.529026 -0.839326 0.530037 -0.839184 0.530825 0.000806914 0.00112186 0.00184311
-1.2 6.38378e-16 -0.831904 0.528667 -0.833033 0.529571 -0.833766 0.529128 0.000867783 0.00146548 0.00194628
-1.2 0.1 -0.838858 0.529026 -0.839326 0.530037 -0.839184 0.530825 0.000806914 0.00112186 0.00184311
-1.2 0.2 -0.854621 0.532557 -0.853217 0.533537 -0.853218 0.533798 0.000259226 0.00170159 0.00185983
-1.2 0.3 -0.86663 0.54345 -0.862508 0.543501 -0.862543 0.543342 0.00015932 0.00404415 0.00399675
-1.2 0.4 -0.862172 0.561322 -0.855076 0.559003 -0.854459 0.559057 0.000606235 0.00730744 0.00781351
-1.2 0.5 -0.836275 0.578194 -0.826536 0.572255 -0.826381 0.572265 0.000153828 0.0113466 0.0113445
-1.2 0.6 -0.794297 0.581782 -0.782538 0.571834 -0.782643 0.571337 0.000523272 0.0158923 0.015895
-1.2 0.7 -0.747389 0.561753 -0.734165 0.548422 -0.734431 0.548806 0.000509917 0.020491 0.019592
-1.2 0.8 -0.705406 0.513796 -0.690998 0.498399 -0.690261 0.499103 0.00119642 0.0247508 0.0241801
-1.2 0.9 -0.672779 0.439552 -0.657185 0.423629 -0.657381 0.423592 0.000254469 0.0285037 0.027596
-1.2 1 -0.648567 0.343762 -0.631606 0.328799 -0.631362 0.329215 0.000677819 0.0317648 0.0306944
-1.2 1.1 -0.6281 0.231065 -0.609592 0.21845 -0.609445 0.218162 0.000499532 0.0345893 0.0338928
-1.2 1.2 -0.603728 0.104503 -0.583752 0.0956007 -0.583354 0.0944585 0.00204458 0.0369721 0.0370737
-1.2 1.3 -0.564542 -0.033101 -0.543727 -0.0369853 -0.542929 -0.0370358 0.00146653 0.0388528 0.0388457
-1.2 1.4 -0.496993 -0.175329 -0.476723 -0.173193 -0.476875 -0.173093 0.000359877 0.0401851 0.0384077
-1.2 1.5 -0.388361 -0.308017 -0.370736 -0.299585 -0.370117 -0.299311 0.00142025 0.0409898 0.0407815
-1.2 1.6 -0.233313 -0.407865 -0.22078 -0.394017 -0.220692 -0.393835 0.000446412 0.0413535 0.0401619
-1.2 1.7 -0.0413763 -0.446363 -0.0360589 -0.42934 -0.0354686 -0.429446 0.00139192 0.0413929 0.0399729
-1.2 1.8 0.158601 -0.399576 0.155718 -0.382788 0.155522 -0.382829 0.000485044 0.0412207 0.0396099
-1.2 1.9 0.321193 -0.261369 0.31095 -0.248696 0.310077 -0.248296 0.00241148 0.0409261 0.0414407
-1.1 -2 0.231617 -0.330237 0.225555 -0.315818 0.225847 -0.315334 0.00145762 0.0403027 0.0396203
-1.1 -1.9 0.0176752 -0.416539 0.0203964 -0.400466 0.0206118 -0.400293 0.000688641 0.0406552 0.0395994
-1.1 -1.8 -0.203856 -0.381764 -0.192899 -0.368709 -0.193116 -0.368246 0.00123026 0.0409581 0.0398927
-1.1 -1.7 -0.375848 -0.250155 -0.359253 -0.243529 -0.359664 -0.243765 0.00108951 0.0411705 0.0385408
-1.1 -1.6 -0.469194 -0.0649677 -0.450471 -0.0663122 -0.450072 -0.066375 0.000888462 0.041226 0.0404804
-1.1 -1.5 -0.482741 0.130957 -0.465229 0.121867 -0.465139 0.121552 0.000681154 0.0410263 0.0398989
-1.1 -1.4 -0.434139 0.307792 -0.42028 0.292407 -0.419983 0.29295 0.0012097 0.040445 0.0385405
-1.1 -1.3 -0.348209 0.452664 -0.339242 0.432965 -0.338545 0.433067 0.00127974 0.0393488 0.0382594
-1.1 -1.2 -0.247762 0.566771 -0.243786 0.544666 -0.244293 0.545097 0.00111474 0.0376366 0.0354856
-1.1 -1.1 -0.149219 0.659035 -0.149476 0.635986 -0.149237 0.63656 0.00095199 0.0352816 0.0332601
-1.1 -1 -0.0628325 0.739531 -0.0660551 0.716488 -0.0664631 0.715802 0.0011094 0.0323374 0.032344
-1.1 -0.9 0.00457938 0.81481 -0.000127051 0.792411 -0.000913087 0.792595 0.0010189 0.0288849 0.0280847
-1.1 -0.8 0.047396 0.88577 0.0426906 0.864676 0.042587 0.865763 0.00126114 0.0249645 0.0231975
-1.1 -0.7 0.0619546 0.947858 0.0585166 0.929011 0.0585289 0.928824 0.000201242 0.0205804 0.0203595
-1.1 -0.6 0.0503225 0.993521 0.048884 0.978101 0.0483572 0.9779 0.000575625 0.015814 0.0158263
-1.1 -0.5 0.0233759 1.01703 0.0238397 1.006 0.0240341 1.00585 0.000247625 0.0109619 0.011006
-1.1 -0.4 -0.0022704 1.01974 -0.000772224 1.01328 -0.00059161 1.01336 0.000193914 0.00654533 0.00647272
-1.1 -0.3 -0.0140772 1.01089 -0.0126142 1.00812 -0.0122022 1.00755 0.000698173 0.00310678 0.00378894
-1.1 -0.2 -0.0115884 1.00121 -0.0107671 1.00071 -0.0110202 1.00032 0.000464809 0.000959466 0.00105263
-1.1 -0.1 -0.00385449 0.995882 -0.0036423 0.996421 -0.00411144 0.9968 0.000604971 0.000581495 0.00095692
-1.1 0.1 -0.00385449 0.995882 -0.0036423 0.996421 -0.00411144 0.9968 0.000604971 0.000581495 0.00095692
-1.1 0.2 -0.0115884 1.00121 -0.0107671 1.00071 -0.0110202 1.00032 0.000464809 0.000959466 0.00105263
-1.1 0.3 -0.0140772 1.01089 -0.0126142 1.00812 -0.0122022 1.00755 0.000698173 0.00310678 0.00378894
-1.1 0.4 -0.0022704 1.01974 -0.000772224 1.01328 -0.00059161 1.01336 0.000193914 0.00654533 0.00647272
-1.1 0.5 0.0233759 1.01703 0.0238397 1.006 0.0240341 1.00585 0.000247625 0.0109619 0.011006
-1.1 0.6 0.0503225 0.993521 0.048884 0.978101 0.0483572 0.9779 0.000575625 0.015814 0.0158263
-1.1 0.7 0.0619546 0.947858 0.0585166 0.929011 0.0585289 0.928824 0.000201242 0.0205804 0.0203595
-1.1 0.8 0.047396 0.88577 0.0426906 0.864676 0.042587 0.865763 0.00126114 0.0249645 0.0231975
-1.1 0.9 0.00457938 0.81481 -0.000127051 0.792411 -0.000913087 0.792595 0.0010189 0.0288849 0.0280847
-1.1 1 -0.0628325 0.739531 -0.0660551 0.716488 -0.0664631 0.715802 0.0011094 0.0323374 0.032344
-1.1 1.1 -0.149219 0.659035 -0.149476 0.635986 -0.149237 0.63656 0.00095199 0.0352816 0.0332601
-1.1 1.2 -0.247762 0.566771 -0.243786 0.544666 -0.244293 0.545097 0.00111474 0.0376366 0.0354856
-1.1 1.3 -0.348209 0.452664 -0.339242 0.432965 -0.338545 0.433067 0.00127974 0.0393488 0.0382594
-1.1 1.4 -0.434139 0.307792 -0.42028 0.292407 -0.419983 0.29295 0.0012097 0.040445 0.0385405
-1.1 1.5 -0.482741 0.130957 -0.465229 0.121867 -0.465139 0.121552 0.000681154 0.0410263 0.0398989
-1.1 1.6 -0.469194 -0.0649677 -0.450471 -0.0663122 -0.450072 -0.066375 0.000888462 0.041226 0.0404804
-1.1 1.7 -0.375848 -0.250155 -0.359253 -0.243529 -0.359664 -0.243765 0.00108951 0.0411705 0.0385408
-1.1 1.8 -0.203856 -0.381764 -0.192899 -0.368709 -0.193116 -0.368246 0.00123026 0.0409581 0.0398927
-1.1 1.9 0.0176752 -0.416539 0.0203964 -0.400466 0.0206118 -0.400293 0.000688641 0.0406552 0.0395994
-1 -2 -0.0783961 -0.399589 -0.0721464 -0.385193 -0.0719345 -0.384952 0.000818835 0.0400484 0.0392929
-1 -1.9 -0.298092 -0.296462 -0.28433 -0.287628 -0.284017 -0.287759 0.000840284 0.0404337 0.0393637
-1 -1.8 -0.425027 -0.0971894 -0.407937 -0.0969178 -0.40805 -0.0965966 0.000812114 0.0407639 0.0389614
-1 -1.7 -0.435236 0.131211 -0.419505 0.122624 -0.419654 0.12246 0.000508857 0.0410074 0.039314
-1 -1.6 -0.343637 0.330747 -0.33302 0.315169 -0.333349 0.315533 0.001071 0.0411145 0.0385057
-1 -1.5 -0.186555 0.468232 -0.18316 0.448652 -0.18337 0.448361 0.000740171 0.0410087 0.0399293
-1 -1.4 -0.00313162 0.536956 -0.00739294 0.516434 -0.00739757 0.516526 0.000177814 0.0405804 0.0388674
-1 -1.3 0.177101 0.549263 0.166014 0.530201 0.166264 0.530264 0.000463803 0.039691 0.0378994
-1 -1.2 0.338562 0.526447 0.32219 0.510224 0.321971 0.509866 0.000694502 0.0381951 0.0374739
-1 -1.1 0.477566 0.490413 0.457672 0.477355 0.457279 0.478059 0.00122023 0.0359849 0.0346999
-1 -1 0.596727 0.458893 0.575008 0.448472 0.575053 0.448364 0.00016132 0.0330344 0.0320092
-1 -0.9 0.698616 0.443726 0.676658 0.43493 0.676613 0.43527 0.000426518 0.0294069 0.0284809
-1 -0.8 0.781237 0.450333 0.760631 0.442141 0.760381 0.442101 0.000287962 0.0252046 0.0248655
-1 -0.7 0.837829 0.476559 0.820221 0.468463 0.820343 0.468398 0.000146542 0.0205175 0.0200205
-1 -0.6 0.862617 0.511617 0.849387 0.50398 0.849495 0.5037 0.000303407 0.0154672 0.0152809
-1 -0.5 0.859813 0.53967 0.851401 0.533519 0.851577 0.533241 0.000327397 0.0103717 0.0102927
-1 0.5 0.859813 0.53967 0.851401 0.533519 0.851577 0.533241 0.000327397 0.0103717 0.0102927
-1 0.6 0.862617 0.511617 0.849387 0.50398 0.849495 0.5037 0.000303407 0.0154672 0.0152809
-1 0.7 0.837829 0.476559 0.820221 0.468463 0.820343 0.468398 0.000146542 0.0205175 0.0200205
-1 0.8 0.781237 0.450333 0.760631 0.442141 0.760381 0.442101 0.000287962 0.0252046 0.0248655
-1 0.9 0.698616 0.443726 0.676658 0.43493 0.676613 0.43527 0.000426518 0.0294069 0.0284809
-1 1 0.596727 0.458893 0.575008 0.448472 0.575053 0.448364 0.00016132 0.0330344 0.0320092
-1 1.1 0.477566 0.490413 0.457672 0.477355 0.457279 0.478059 0.00122023 0.0359849 0.0346999
-1 1.2 0.338562 0.526447 0.32219 0.510224 0.321971 0.509866 0.000694502 0.0381951 0.0374739
-1 1.3 0.177101 0.549263 0.166014 0.530201 0.166264 0.530264 0.000463803 0.039691 0.0378994
-1 1.4 -0.00313162 0.536956 -0.00739294 0.516434 -0.00739757 0.516526 0.000177814 0.0405804 0.0388674
-1 1.5 -0.186555 0.468232 -0.18316 0.448652 -0.18337 0.448361 0.000740171 0.0410087 0.0399293
-1 1.6 -0.343637 0.330747 -0.33302 0.315169 -0.333349 0.315533 0.001071 0.0411145 0.0385057
-1 1.7 -0.435236 0.131211 -0.419505 0.122624 -0.419654 0.12246 0.000508857 0.0410074 0.039314
-1 1.8 -0.425027 -0.0971894 -0.407937 -0.0969178 -0.40805 -0.0965966 0.000812114 0.0407639 0.0389614
-1 1.9 -0.298092 -0.296462 -0.28433 -0.287628 -0.284017 -0.287759 0.000840284 0.0404337 0.0393637
-0.9 -2 -0.34185 -0.230035 -0.327197 -0.22426 -0.327117 -0.224366 0.000333328 0.0397053 0.0383131
-0.9 -1.9 -0.424806 0.0125056 -0.40886 0.00856862 -0.408879 0.00956492 0.00243669 0.0401636 0.0381088
-0.9 -1.8 -0.359618 0.253906 -0.347947 0.241302 -0.348104 0.241458 0.000521394 0.0405668 0.0385186
-0.9 -1.7 -0.183257 0.420214 -0.179589 0.402571 -0.179145 0.402745 0.00108268 0.0408814 0.0391485
-0.9 -1.6 0.0425265 0.478662 0.0370468 0.460501 0.0370899 0.460125 0.000819366 0.0410603 0.0401991
-0.9 -1.5 0.260592 0.435706 0.247047 0.420951 0.247421 0.420226 0.00167151 0.041036 0.0400342
-0.9 -1.4 0.435631 0.321162 0.416381 0.312301 0.416718 0.312758 0.00109023 0.0407143 0.0382399
-0.9 -1.3 0.557195 0.17042 0.534877 0.168356 0.534616 0.168835 0.000972947 0.0399695 0.0388461
-0.9 -1.2 0.633442 0.0125434 0.610247 0.0168751 0.611019 0.017235 0.0013939 0.0386511 0.0361591
-0.9 -1.1 0.681928 -0.133778 0.659253 -0.124342 0.659246 -0.12419 0.000227358 0.0366094 0.0354361
-0.9 -1 0.721421 -0.258317 0.699863 -0.245611 0.69972 -0.245771 0.000289605 0.0337384 0.0327132
-0.9 -0.9 0.765705 -0.354721 0.745361 -0.340887 0.745235 -0.341478 0.000737004 0.030017 0.0288906
-0.9 -0.8 0.818737 -0.417015 0.799746 -0.404284 0.800031 -0.40365 0.000775617 0.025513 0.0250207
-0.9 -0.7 0.871774 -0.441298 0.854905 -0.431525 0.855105 -0.431508 0.00021017 0.0203588 0.0197849
-0.9 0.7 0.871774 -0.441298 0.854905 -0.431525 0.855105 -0.431508 0.00021017 0.0203588 0.0197849
-0.9 0.8 0.818737 -0.417015 0.799746 -0.404284 0.800031 -0.40365 0.000775617 0.025513 0.0250207
-0.9 0.9 0.765705 -0.354721 0.745361 -0.340887 0.745235 -0.341478 0.000737004 0.030017 0.0288906
-0.9 1 0.721421 -0.258317 0.699863 -0.245611 0.69972 -0.245771 0.000289605 0.0337384 0.0327132
-0.9 1.1 0.681928 -0.133778 0.659253 -0.124342 0.659246 -0.12419 0.000227358 0.0366094 0.0354361
-0.9 1.2 0.633442 0.0125434 0.610247 0.0168751 0.611019 0.017235 0.0013939 0.0386511 0.0361591
-0.9 1.3 0.557195 0.17042 0.534877 0.168356 0.534616 0.168835 0.000972947 0.0399695 0.0388461
-0.9 1.4 0.435631 0.321162 0.416381 0.312301 0.416718 0.312758 0.00109023 0.0407143 0.0382399
-0.9 1.5 0.260592 0.435706 0.247047 0.420951 0.247421 0.420226 0.00167151 0.041036 0.0400342
-0.9 1.6 0.0425265 0.478662 0.0370468 0.460501 0.0370899 0.460125 0.000819366 0.0410603 0.0401991
-0.9 1.7 -0.183257 0.420214 -0.179589 0.402571 -0.179145 0.402745 0.00108268 0.0408814 0.0391485
-0.9 1.8 -0.359618 0.253906 -0.347947 0.241302 -0.348104 0.241458 0.000521394 0.0405668 0.0385186
-0.9 1.9 -0.424806 0.0125056 -0.40886 0.00856862 -0.408879 0.00956492 0.00243669 0.0401636 0.0381088
-0.8 -2 -0.41157 0.0699104 -0.396971 0.0639614 -0.397118 0.064269 0.000847312 0.0392068 0.037164
-0.8 -1.9 -0.293949 0.314411 -0.285501 0.300274 -0.285311 0.300528 0.000765972 0.0397492 0.0379882
-0.8 -1.8 -0.0606983 0.441363 -0.0619351 0.424153 -0.0617625 0.424708 0.0013553 0.0402532 0.0374608
-0.8 -1.7 0.19664 0.41969 0.18577 0.405176 0.185779 0.405349 0.000389655 0.0406824 0.0388146
-0.8 -1.6 0.39964 0.275245 0.382038 0.267776 0.382773 0.267065 0.00219248 0.0409853 0.038632
-0.8 -1.5 0.508203 0.0634701 0.48803 0.0649988 0.48745 0.0654759 0.0015258 0.0410902 0.0407097
-0.8 -1.4 0.52164 -0.160575 0.502774 -0.15034 0.502645 -0.150096 0.00052628 0.0409011 0.0397485
-0.8 -1.3 0.464465 -0.360763 0.449543 -0.343528 0.449709 -0.343325 0.000462968 0.0402934 0.0388423
-0.8 -1.2 0.369419 -0.523912 0.359552 -0.50187 0.35967 -0.501479 0.000661209 0.0391169 0.0381554
-0.8 -1.1 0.266142 -0.653842 0.261074 -0.629014 0.260483 -0.629408 0.00104163 0.0372073 0.0355289
-0.8 -1 0.177357 -0.76163 0.175783 -0.735649 0.174723 -0.73577 0.00140984 0.0344121 0.0332391
-0.8 -0.9 0.119454 -0.855835 0.11941 -0.830151 0.119412 -0.829805 0.000412197 0.0306237 0.0301223
-0.8 -0.8 0.101843 -0.93443 0.101308 -0.910788 0.101042 -0.9105 0.000427034 0.0258056 0.0254722
-0.8 0.8 0.101843 -0.93443 0.101308 -0.910788 0.101042 -0.9105 0.000427034 0.0258056 0.0254722
-0.8 0.9 0.119454 -0.855835 0.11941 -0.830151 0.119412 -0.829805 0.000412197 0.0306237 0.0301223
-0.8 1 0.177357 -0.76163 0.175783 -0.735649 0.174723 -0.73577 0.00140984 0.0344121 0.0332391
-0.8 1.1 0.266142 -0.653842 0.261074 -0.629014 0.260483 -0.629408 0.00104163 0.0372073 0.0355289
-0.8 1.2 0.369419 -0.523912 0.359552 -0.50187 0.35967 -0.501479 0.000661209 0.0391169 0.0381554
-0.8 1.3 0.464465 -0.360763 0.449543 -0.343528 0.449709 -0.343325 0.000462968 0.0402934 0.0388423
-0.8 1.4 0.52164 -0.160575 0.502774 -0.15034 0.502645 -0.150096 0.00052628 0.0409011 0.0397485
-0.8 1.5 0.508203 0.0634701 0.48803 0.0649988 0.48745 0.0654759 0.0015258 0.0410902 0.0407097
-0.8 1.6 0.39964 0.275245 0.382038 0.267776 0.382773 0.267065 0.00219248 0.0409853 0.038632
-0.8 1.7 0.19664 0.41969 0.18577 0.405176 0.185779 0.405349 0.000389655 0.0406824 0.0388146
-0.8 1.8 -0.0606983 0.441363 -0.0619351 0.424153 -0.0617625 0.424708 0.0013553 0.0402532 0.0374608
-0.8 1.9 -0.293949 0.314411 -0.285501 0.300274 -0.285311 0.300528 0.000765972 0.0397492 0.0379882
-0.7 -2 -0.262232 0.331814 -0.255459 0.317629 -0.255458 0.318114 0.00118982 0.0385648 0.0361383
-0.7 -1.9 0.00525885 0.436079 0.00154048 0.420051 0.00187576 0.420416 0.00117875 0.0391696 0.0367442
-0.7 -1.8 0.276231 0.356964 0.26305 0.345795 0.262412 0.345688 0.00149005 0.0397633 0.0395148
-0.7 -1.7 0.447699 0.140945 0.429589 0.139102 0.429606 0.139022 0.000180828 0.0403128 0.0387644
-0.7 -1.6 0.474913 -0.124964 0.457631 -0.116482 0.457588 -0.116047 0.000925937 0.040767 0.039678
-0.7 -1.5 0.372328 -0.35994 0.360672 -0.343153 0.360968 -0.342894 0.000790726 0.041051 0.0395566
-0.7 -1.4 0.1885 -0.518342 0.185109 -0.496838 0.184538 -0.497161 0.00123807 0.0410593 0.0390688
-0.7 -1.3 -0.0240799 -0.593978 -0.0187922 -0.571348 -0.0188563 -0.57133 0.000116757 0.0406526 0.039099
-0.7 -1.2 -0.228446 -0.607683 -0.215646 -0.586462 -0.215588 -0.585862 0.000965502 0.0396604 0.0390128
-0.7 -1.1 -0.40742 -0.591001 -0.389074 -0.572267 -0.389351 -0.572126 0.000449568 0.0378925 0.0364011
-0.7 -1 -0.556582 -0.574483 -0.534994 -0.557977 -0.53471 -0.558101 0.000400269 0.0351554 0.0341638
-0.7 -0.9 -0.672402 -0.581004 -0.650246 -0.565677 -0.649908 -0.56578 0.000410632 0.0312583 0.0305651
-0.7 0.9 -0.672402 -0.581004 -0.650246 -0.565677 -0.649908 -0.56578 0.000410632 0.0312583 0.0305651
-0.7 1 -0.556582 -0.574483 -0.534994 -0.557977 -0.53471 -0.558101 0.000400269 0.0351554 0.0341638
-0.7 1.1 -0.40742 -0.591001 -0.389074 -0.572267 -0.389351 -0.572126 0.000449568 0.0378925 0.0364011
-0.7 1.2 -0.228446 -0.607683 -0.215646 -0.586462 -0.215588 -0.585862 0.000965502 0.0396604 0.0390128
-0.7 1.3 -0.0240799 -0.593978 -0.0187922 -0.571348 -0.0188563 -0.57133 0.000116757 0.0406526 0.039099
-0.7 1.4 0.1885 -0.518342 0.185109 -0.496838 0.184538 -0.497161 0.00123807 0.0410593 0.0390688
-0.7 1.5 0.372328 -0.35994 0.360672 -0.343153 0.360968 -0.342894 0.000790726 0.041051 0.0395566
-0.7 1.6 0.474913 -0.124964 0.457631 -0.116482 0.457588 -0.116047 0.000925937 0.040767 0.039678
-0.7 1.7 0.447699 0.140945 0.429589 0.139102 0.429606 0.139022 0.000180828 0.0403128 0.0387644
-0.7 1.8 0.276231 0.356964 0.26305 0.345795 0.262412 0.345688 0.00149005 0.0397633 0.0395148
-0.7 1.9 0.00525885 0.436079 0.00154048 0.420051 0.00187576 0.420416 0.00117875 0.0391696 0.0367442
-0.6 -2 0.0154386 0.427861 0.0113 0.412791 0.0119324 0.412207 0.00208314 0.0378463 0.0374681
-0.6 -1.9 0.300294 0.323818 0.28678 0.314563 0.287066 0.314285 0.000939394 0.0384803 0.0369209
-0.6 -1.8 0.452434 0.0655978 0.435246 0.0667993 0.435541 0.0668837 0.000698008 0.0391299 0.0370586
-0.6 -1.7 0.417818 -0.22683 0.403934 -0.215064 0.403741 -0.215863 0.00179702 0.0397699 0.0375348
-0.6 -1.6 0.227826 -0.442103 0.222538 -0.423533 0.222022 -0.423576 0.0010836 0.0403578 0.0390364
-0.6 -1.5 -0.0372463 -0.523023 -0.0318884 -0.50315 -0.0317963 -0.503073 0.000238342 0.0408247 0.039441
-0.6 -1.4 -0.296423 -0.473192 -0.281458 -0.457011 -0.281083 -0.456938 0.000711228 0.0410651 0.0400277
-0.6 -1.3 -0.500559 -0.334612 -0.478817 -0.325206 -0.47893 -0.325507 0.000554497 0.0409274 0.0389767
-0.6 -1.2 -0.639613 -0.15802 -0.61419 -0.156247 -0.613712 -0.156343 0.000768351 0.040212 0.0393937
-0.6 -1.1 -0.731589 0.0164332 -0.704764 0.011559 -0.704633 0.0111419 0.000620139 0.0386799 0.0375388
-0.6 -1 -0.805274 0.162259 -0.778182 0.153078 -0.777867 0.153966 0.00118686 0.0360675 0.0348573
-0.6 1 -0.805274 0.162259 -0.778182 0.153078 -0.777867 0.153966 0.00118686 0.0360675 0.0348573
-0.6 1.1 -0.731589 0.0164332 -0.704764 0.011559 -0.704633 0.0111419 0.000620139 0.0386799 0.0375388
-0.6 1.2 -0.639613 -0.15802 -0.61419 -0.156247 -0.613712 -0.156343 0.000768351 0.040212 0.0393937
-0.6 1.3 -0.500559 -0.334612 -0.478817 -0.325206 -0.47893 -0.325507 0.000554497 0.0409274 0.0389767
-0.6 1.4 -0.296423 -0.473192 -0.281458 -0.457011 -0.281083 -0.456938 0.000711228 0.0410651 0.0400277
-0.6 1.5 -0.0372463 -0.523023 -0.0318884 -0.50315 -0.0317963 -0.503073 0.000238342 0.0408247 0.039441
-0.6 1.6 0.227826 -0.442103 0.222538 -0.423533 0.222022 -0.423576 0.0010836 0.0403578 0.0390364
-0.6 1.7 0.417818 -0.22683 0.403934 -0.215064 0.403741 -0.215863 0.00179702 0.0397699 0.0375348
-0.6 1.8 0.452434 0.0655978 0.435246 0.0667993 0.435541 0.0668837 0.000698008 0.0391299 0.0370586
-0.6 1.9 0.300294 0.323818 0.28678 0.314563 0.287066 0.314285 0.000939394 0.0384803 0.0369209
-0.5 -2 0.282284 0.328655 0.269628 0.319673 0.269514 0.319877 0.000557519 0.0371105 0.0357667
-0.5 -1.9 0.443884 0.0526676 0.427714 0.0545362 0.427716 0.0544186 0.000272758 0.0377506 0.0363809
-0.5 -1.8 0.383395 -0.259228 0.371663 -0.24673 0.372202 -0.24678 0.00121412 0.0384263 0.0361711
-0.5 -1.7 0.141915 -0.459942 0.140335 -0.441873 0.140381 -0.441811 0.000166968 0.0391221 0.0378018
-0.5 -1.6 -0.165928 -0.475434 -0.156043 -0.458866 -0.15591 -0.458483 0.000836907 0.0398073 0.0391035
-0.5 -1.5 -0.422863 -0.320998 -0.404332 -0.3119 -0.403785 -0.312028 0.00109975 0.0404265 0.0397082
-0.5 -1.4 -0.56129 -0.0686302 -0.539106 -0.0700186 -0.539117 -0.0705078 0.000900141 0.0408866 0.0393516
-0.5 -1.3 -0.57579 0.202393 -0.554814 0.190577 -0.555182 0.190707 0.000665771 0.0410398 0.0388163
-0.5 -1.2 -0.503847 0.44103 -0.487208 0.420813 -0.486857 0.420688 0.000578396 0.0406711 0.0395812
-0.5 -1.1 -0.397668 0.633589 -0.386151 0.607593 -0.386832 0.607131 0.00114326 0.0394954 0.0382207
-0.5 -1 -0.30649 0.791104 -0.298562 0.761749 -0.298945 0.761512 0.000550546 0.0371647 0.0359967
-0.5 1 -0.30649 0.791104 -0.298562 0.761749 -0.298945 0.761512 0.000550546 0.0371647 0.0359967
-0.5 1.1 -0.397668 0.633589 -0.386151 0.607593 -0.386832 0.607131 0.00114326 0.0394954 0.0382207
-0.5 1.2 -0.503847 0.44103 -0.487208 0.420813 -0.486857 0.420688 0.000578396 0.0406711 0.0395812
-0.5 1.3 -0.57579 0.202393 -0.554814 0.190577 -0.555182 0.190707 0.000665771 0.0410398 0.0388163
-0.5 1.4 -0.56129 -0.0686302 -0.539106 -0.0700186 -0.539117 -0.0705078 0.000900141 0.0408866 0.0393516
-0.5 1.5 -0.422863 -0.320998 -0.404332 -0.3119 -0.403785 -0.312028 0.00109975 0.0404265 0.0397082
-0.5 1.6 -0.165928 -0.475434 -0.156043 -0.458866 -0.15591 -0.458483 0.000836907 0.0398073 0.0391035
-0.5 1.7 0.141915 -0.459942 0.140335 -0.441873 0.140381 -0.441811 0.000166968 0.0391221 0.0378018
-0.5 1.8 0.383395 -0.259228 0.371663 -0.24673 0.372202 -0.24678 0.00121412 0.0384263 0.0361711
-0.5 1.9 0.443884 0.0526676 0.427714 0.0545362 0.427716 0.0544186 0.000272758 0.0377506 0.0363809
-0.4 -2 0.427751 0.0966974 0.412356 0.0972488 0.412833 0.0973904 0.00117586 0.0363626 0.0340541
-0.4 -1.9 0.385195 -0.237533 0.37392 -0.225951 0.373683 -0.225602 0.000965455 0.0369984 0.0366361
-0.4 -1.8 0.125527 -0.451469 0.124896 -0.434445 0.125211 -0.4338 0.00158839 0.0376849 0.0377122
-0.4 -1.7 -0.208822 -0.440351 -0.19769 -0.426148 -0.197502 -0.426324 0.000547865 0.0384149 0.0369856
-0.4 -1.6 -0.458312 -0.223285 -0.439647 -0.218647 -0.43965 -0.218444 0.000414027 0.03917 0.0378174
-0.4 -1.5 -0.529308 0.0931269 -0.510077 0.085624 -0.510412 0.0858676 0.000800664 0.0399114 0.0376647
-0.4 -1.4 -0.420823 0.388169 -0.407487 0.370253 -0.407322 0.370398 0.000398105 0.0405656 0.0389821
-0.4 -1.3 -0.196197 0.586553 -0.192562 0.562448 -0.192488 0.562522 0.000174778 0.0410043 0.0393142
-0.4 -1.2 0.0672381 0.677243 0.0604376 0.651288 0.0604647 0.651304 4.81111e-05 0.0410203 0.0393912
-0.4 -1.1 0.315375 0.697812 0.299681 0.672617 0.299896 0.67269 0.000307815 0.0403105 0.0385343
-0.4 1.1 0.315375 0.697812 0.299681 0.672617 0.299896 0.67269 0.000307815 0.0403105 0.0385343
-0.4 1.2 0.0672381 0.677243 0.0604376 0.651288 0.0604647 0.651304 4.81111e-05 0.0410203 0.0393912
-0.4 1.3 -0.196197 0.586553 -0.192562 0.562448 -0.192488 0.562522 0.000174778 0.0410043 0.0393142
-0.4 1.4 -0.420823 0.388169 -0.407487 0.370253 -0.407322 0.370398 0.000398105 0.0405656 0.0389821
-0.4 1.5 -0.529308 0.0931269 -0.510077 0.085624 -0.510412 0.0858676 0.000800664 0.0399114 0.0376647
-0.4 1.6 -0.458312 -0.223285 -0.439647 -0.218647 -0.43965 -0.218444 0.000414027 0.03917 0.0378174
-0.4 1.7 -0.208822 -0.440351 -0.19769 -0.426148 -0.197502 -0.426324 0.000547865 0.0384149 0.0369856
-0.4 1.8 0.125527 -0.451469 0.124896 -0.434445 0.125211 -0.4338 0.00158839 0.0376849 0.0377122
-0.4 1.9 0.385195 -0.237533 0.37392 -0.225951 0.373683 -0.225602 0.000965455 0.0369984 0.0366361
-0.3 -2 0.412909 -0.163701 0.400761 -0.154443 0.400438 -0.154679 0.000931753 0.0355623 0.0346526
-0.3 -1.9 0.172833 -0.424627 0.170829 -0.408722 0.170522 -0.408922 0.000827114 0.0361863 0.0346245
-0.3 -1.8 -0.182843 -0.438148 -0.172703 -0.424625 -0.172604 -0.425253 0.00138816 0.0368728 0.0346817
-0.3 -1.7 -0.450172 -0.202877 -0.432569 -0.199511 -0.432907 -0.1997 0.00081321 0.0376224 0.0355525
-0.3 -1.6 -0.494498 0.148975 -0.477832 0.139585 -0.477819 0.140266 0.00136705 0.0384282 0.0364343
-0.3 -1.5 -0.310031 0.447383 -0.302017 0.428423 -0.301416 0.428692 0.00125597 0.0392689 0.0378116
-0.3 -1.4 0.00720531 0.579694 0.0026804 0.557791 0.00285317 0.557913 0.000378923 0.0400956 0.038313
-0.3 -1.3 0.335331 0.529351 0.318754 0.511194 0.318088 0.511426 0.00116913 0.040811 0.0396916
-0.3 -1.2 0.594506 0.352782 0.569064 0.342627 0.568696 0.342285 0.000756921 0.0412404 0.0403061
-0.3 -1.1 0.77311 0.129301 0.742172 0.128089 0.741467 0.127748 0.00103901 0.0411104 0.0404168
-0.3 1.1 0.77311 0.129301 0.742172 0.128089 0.741467 0.127748 0.00103901 0.0411104 0.0404168
-0.3 1.2 0.594506 0.352782 0.569064 0.342627 0.568696 0.342285 0.000756921 0.0412404 0.0403061
-0.3 1.3 0.335331 0.529351 0.318754 0.511194 0.318088 0.511426 0.00116913 0.040811 0.0396916
-0.3 1.4 0.00720531 0.579694 0.0026804 0.557791 0.00285317 0.557913 0.000378923 0.0400956 0.038313
-0.3 1.5 -0.310031 0.447383 -0.302017 0.428423 -0.301416 0.428692 0.00125597 0.0392689 0.0378116
-0.3 1.6 -0.494498 0.148975 -0.477832 0.139585 -0.477819 0.140266 0.00136705 0.0384282 0.0364343
-0.3 1.7 -0.450172 -0.202877 -0.432569 -0.199511 -0.432907 -0.1997 0.00081321 0.0376224 0.0355525
-0.3 1.8 -0.182843 -0.438148 -0.172703 -0.424625 -0.172604 -0.425253 0.00138816 0.0368728 0.0346817
-0.3 1.9 0.172833 -0.424627 0.170829 -0.408722 0.170522 -0.408922 0.000827114 0.0361863 0.0346245
-0.2 -2 0.267619 -0.361691 0.262506 -0.347483 0.262549 -0.346774 0.00163199 0.0346739 0.0350182
-0.2 -1.9 -0.0928091 -0.45517 -0.0854953 -0.441109 -0.0852069 -0.440742 0.00103859 0.0352738 0.0351059
-0.2 -1.8 -0.409422 -0.252777 -0.393397 -0.248021 -0.393108 -0.247957 0.00063613 0.0359448 0.0353543
-0.2 -1.7 -0.486446 0.117647 -0.470775 0.109344 -0.470993 0.110192 0.00181218 0.0366941 0.0342815
-0.2 -1.6 -0.284657 0.439229 -0.278326 0.421368 -0.278252 0.421129 0.000495828 0.0375258 0.0366837
-0.2 -1.5 0.079138 0.545769 0.071901 0.526663 0.0723521 0.526288 0.00110419 0.0384359 0.0374075
-0.2 -1.4 0.426775 0.403245 0.407858 0.391482 0.408239 0.391162 0.000881959 0.039403 0.0376841
-0.2 -1.3 0.627521 0.094532 0.602892 0.095328 0.602924 0.0951359 0.000319128 0.0403704 0.0387706
-0.2 -1.2 0.651499 -0.259348 0.627649 -0.245114 0.627934 -0.245383 0.000581771 0.0412202 0.0390634
-0.2 -1.1 0.554377 -0.577444 0.535253 -0.551651 0.535284 -0.551856 0.000269912 0.0417744 0.0398836
-0.2 1.1 0.554377 -0.577444 0.535253 -0.551651 0.535284 -0.551856 0.000269912 0.0417744 0.0398836
-0.2 1.2 0.651499 -0.259348 0.627649 -0.245114 0.627934 -0.245383 0.000581771 0.0412202 0.0390634
-0.2 1.3 0.627521 0.094532 0.602892 0.095328 0.602924 0.0951359 0.000319128 0.0403704 0.0387706
-0.2 1.4 0.426775 0.403245 0.407858 0.391482 0.408239 0.391162 0.000881959 0.039403 0.0376841
-0.2 1.5 0.079138 0.545769 0.071901 0.526663 0.0723521 0.526288 0.00110419 0.0384359 0.0374075
-0.2 1.6 -0.284657 0.439229 -0.278326 0.421368 -0.278252 0.421129 0.000495828 0.0375258 0.0366837
-0.2 1.7 -0.486446 0.117647 -0.470775 0.109344 -0.470993 0.110192 0.00181218 0.0366941 0.0342815
-0.2 1.8 -0.409422 -0.252777 -0.393397 -0.248021 -0.393108 -0.247957 0.00063613 0.0359448 0.0353543
-0.2 1.9 -0.0928091 -0.45517 -0.0854953 -0.441109 -0.0852069 -0.440742 0.00103859 0.0352738 0.0351059
-0.1 -2 0.0581134 -0.451752 0.0608477 -0.43713 0.0605879 -0.436804 0.000946255 0.0337029 0.0332654
-0.1 -1.9 -0.317326 -0.347262 -0.303866 -0.33936 -0.303664 -0.339863 0.00119087 0.0342642 0.033027
-0.1 -1.8 -0.487282 0.0096542 -0.471582 0.00471088 -0.471121 0.00421387 0.00143746 0.0349008 0.0349867
-0.1 -1.7 -0.335376 0.380215 -0.327734 0.364513 -0.327791 0.364564 0.000156421 0.0356251 0.0343044
-0.1 -1.6 0.0413773 0.52857 0.0353042 0.510918 0.0354208 0.511648 0.00144426 0.0364503 0.0338359
-0.1 -1.5 0.417693 0.370653 0.399921 0.361163 0.399574 0.361444 0.000827638 0.037388 0.0363956
-0.1 -1.4 0.594183 0.001304 0.572668 0.00597538 0.572585 0.0064817 0.000895812 0.0384436 0.037379
-0.1 -1.3 0.504748 -0.396298 0.488789 -0.377753 0.488935 -0.377988 0.000447669 0.0396055 0.0376994
-0.1 -1.2 0.216581 -0.675264 0.212674 -0.647705 0.211667 -0.648074 0.00157327 0.040829 0.0389632
-0.1 -1.1 -0.151688 -0.798385 -0.141224 -0.767269 -0.141448 -0.7665 0.00102666 0.0420793 0.0412092
-0.1 1.1 -0.151688 -0.798385 -0.141224 -0.767269 -0.141448 -0.7665 0.00102666 0.0420793 0.0412092
-0.1 1.2 0.216581 -0.675264 0.212674 -0.647705 0.211667 -0.648074 0.00157327 0.040829 0.0389632
-0.1 1.3 0.504748 -0.396298 0.488789 -0.377753 0.488935 -0.377988 0.000447669 0.0396055 0.0376994
-0.1 1.4 0.594183 0.001304 0.572668 0.00597538 0.572585 0.0064817 0.000895812 0.0384436 0.037379
-0.1 1.5 0.417693 0.370653 0.399921 0.361163 0.399574 0.361444 0.000827638 0.037388 0.0363956
-0.1 1.6 0.0413773 0.52857 0.0353042 0.510918 0.0354208 0.511648 0.00144426 0.0364503 0.0338359
-0.1 1.7 -0.335376 0.380215 -0.327734 0.364513 -0.327791 0.364564 0.000156421 0.0356251 0.0343044
-0.1 1.8 -0.487282 0.0096542 -0.471582 0.00471088 -0.471121 0.00421387 0.00143746 0.0349008 0.0349867
-0.1 1.9 -0.317326 -0.347262 -0.303866 -0.33936 -0.303664 -0.339863 0.00119087 0.0342642 0.033027
6.38378e-16 -2 -0.14951 -0.435612 -0.140455 -0.424153 -0.140837 -0.424147 0.000856327 0.0326881 0.0312141
6.38378e-16 -1.9 -0.448011 -0.160245 -0.432698 -0.159963 -0.432922 -0.15992 0.000493281 0.0331982 0.0317196
6.38378e-16 -1.8 -0.423265 0.252944 -0.412606 0.240824 -0.412623 0.241184 0.000754464 0.0337832 0.0321643
6.38378e-16 -1.7 -0.0856696 0.505782 -0.087843 0.488807 -0.0875508 0.489401 0.00133299 0.0344587 0.0321422
6.38378e-16 -1.6 0.334953 0.418965 0.320053 0.408365 0.319997 0.408464 0.000219722 0.0352437 0.0340695
6.38378e-16 -1.5 0.562829 0.0463435 0.543405 0.0498182 0.543586 0.0499805 0.000446124 0.0361617 0.0346777
6.38378e-16 -1.4 0.460683 -0.384928 0.44786 -0.367576 0.448203 -0.36786 0.000768956 0.0372393 0.0352202
6.38378e-16 -1.3 0.0927532 -0.640704 0.0944667 -0.61674 0.0942424 -0.617492 0.00125658 0.0385052 0.0359292
6.38378e-16 -1.2 -0.357289 -0.618182 -0.339329 -0.597393 -0.339345 -0.596609 0.00114114 0.0399867 0.0393003
6.38378e-16 1.1 -0.730853 -0.366404 -0.699602 -0.356459 -0.699176 -0.35669 0.000617436 0.0417678 0.040527
6.38378e-16 1.2 -0.357289 -0.618182 -0.339329 -0.597393 -0.339345 -0.596609 0.00114114 0.0399867 0.0393003
6.38378e-16 1.3 0.0927532 -0.640704 0.0944667 -0.61674 0.0942424 -0.617492 0.00125658 0.0385052 0.0359292
6.38378e-16 1.4 0.460683 -0.384928 0.44786 -0.367576 0.448203 -0.36786 0.000768956 0.0372393 0.0352202
6.38378e-16 1.5 0.562829 0.0463435 0.543405 0.0498182 0.543586 0.0499805 0.000446124 0.0361617 0.0346777
6.38378e-16 1.6 0.334953 0.418965 0.320053 0.408365 0.319997 0.408464 0.000219722 0.0352437 0.0340695
6.38378e-16 1.7 -0.0856696 0.505782 -0.087843 0.488807 -0.0875508 0.489401 0.00133299 0.0344587 0.0321422
6.38378e-16 1.8 -0.423265 0.252944 -0.412606 0.240824 -0.412623 0.241184 0.000754464 0.0337832 0.0321643
6.38378e-16 1.9 -0.448011 -0.160245 -0.432698 -0.159963 -0.432922 -0.15992 0.000493281 0.0331982 0.0317196
0.1 -2 -0.312132 -0.344838 -0.299361 -0.338387 -0.299516 -0.3385 0.000424098 0.0316679 0.0303544
0.1 -1.9 -0.478822 0.0419744 -0.465277 0.0355602 -0.46539 0.03548 0.000297107 0.0321167 0.0310394
0.1 -1.8 -0.269615 0.418954 -0.266006 0.403598 -0.266685 0.403945 0.00157819 0.0326352 0.030695
0.1 -1.7 0.166062 0.491031 0.155929 0.47775 0.155557 0.477277 0.00119666 0.0332397 0.0333867
0.1 -1.6 0.506457 0.192802 0.48866 0.191819 0.488247 0.191051 0.00166202 0.0339521 0.033758
0.1 -1.5 0.501615 -0.271143 0.488031 -0.257567 0.48742 -0.257703 0.00113549 0.0348016 0.0342835
0.1 -1.4 0.146262 -0.587455 0.146771 -0.566495 0.146139 -0.565805 0.0015981 0.035828 0.0357633
0.1 -1.3 -0.340426 -0.555256 -0.323795 -0.538914 -0.324141 -0.538897 0.000552156 0.0370869 0.0354408
0.1 -1.2 -0.688122 -0.195827 -0.661518 -0.194215 -0.661047 -0.194515 0.000810355 0.0386586 0.0378886
0.1 -1.1 -0.750897 0.314478 -0.724312 0.296951 -0.724506 0.296764 0.000344692 0.040678 0.0390437
0.1 1.1 -0.750897 0.314478 -0.724312 0.296951 -0.724506 0.296764 0.000344692 0.040678 0.0390437
0.1 1.2 -0.688122 -0.195827 -0.661518 -0.194215 -0.661047 -0.194515 0.000810355 0.0386586 0.0378886
0.1 1.3 -0.340426 -0.555256 -0.323795 -0.538914 -0.324141 -0.538897 0.000552156 0.0370869 0.0354408
0.1 1.4 0.146262 -0.587455 0.146771 -0.566495 0.146139 -0.565805 0.0015981 0.035828 0.0357633
0.1 1.5 0.501615 -0.271143 0.488031 -0.257567 0.48742 -0.257703 0.00113549 0.0348016 0.0342835
0.1 1.6 0.506457 0.192802 0.48866 0.191819 0.488247 0.191051 0.00166202 0.0339521 0.033758
0.1 1.7 0.166062 0.491031 0.155929 0.47775 0.155557 0.477277 0.00119666 0.0332397 0.0333867
0.1 1.8 -0.269615 0.418954 -0.266006 0.403598 -0.266685 0.403945 0.00157819 0.0326352 0.030695
0.1 1.9 -0.478822 0.0419744 -0.465277 0.0355602 -0.46539 0.03548 0.000297107 0.0321167 0.0310394
0.2 -2 -0.414759 -0.219386 -0.40082 -0.218175 -0.401011 -0.218576 0.00097287 0.0306595 0.0293518
0.2 -1.9 -0.434807 0.214818 -0.425118 0.203852 -0.425893 0.203291 0.00202995 0.0310375 0.0300445
0.2 -1.8 -0.0872103 0.495125 -0.0902797 0.48006 -0.0905064 0.480407 0.000849105 0.0314756 0.0300007
0.2 -1.7 0.357879 0.381443 0.343295 0.374283 0.3433 0.37422 0.000125306 0.0319894 0.0311061
0.2 -1.6 0.543994 -0.0537558 0.528374 -0.04634 0.527662 -0.0467993 0.00159648 0.0326 0.0324734
0.2 -1.5 0.311112 -0.483233 0.306597 -0.465216 0.307078 -0.465625 0.0011329 0.0333373 0.0314307
0.2 -1.4 -0.184757 -0.580495 -0.173117 -0.563981 -0.172568 -0.563494 0.00124543 0.0342451 0.0343389
0.2 -1.3 -0.599398 -0.260022 -0.577215 -0.257189 -0.57733 -0.257597 0.000670155 0.0353898 0.0339789
0.2 -1.2 -0.655154 0.282846 -0.635127 0.267206 -0.635069 0.267727 0.000759754 0.0368769 0.0352292
0.2 -1.1 -0.310659 0.740887 -0.305535 0.711248 -0.305463 0.711313 0.000125319 0.0388566 0.0373757
0.2 1.1 -0.310659 0.740887 -0.305535 0.711248 -0.305463 0.711313 0.000125319 0.0388566 0.0373757
0.2 1.2 -0.655154 0.282846 -0.635127 0.267206 -0.635069 0.267727 0.000759754 0.0368769 0.0352292
0.2 1.3 -0.599398 -0.260022 -0.577215 -0.257189 -0.57733 -0.257597 0.000670155 0.0353898 0.0339789
0.2 1.4 -0.184757 -0.580495 -0.173117 -0.563981 -0.172568 -0.563494 0.00124543 0.0342451 0.0343389
0.2 1.5 0.311112 -0.483233 0.306597 -0.465216 0.307078 -0.465625 0.0011329 0.0333373 0.0314307
0.2 1.6 0.543994 -0.0537558 0.528374 -0.04634 0.527662 -0.0467993 0.00159648 0.0326 0.0324734
0.2 1.7 0.357879 0.381443 0.343295 0.374283 0.3433 0.37422 0.000125306 0.0319894 0.0311061
0.2 1.8 -0.0872103 0.495125 -0.0902797 0.48006 -0.0905064 0.480407 0.000849105 0.0314756 0.0300007
0.2 1.9 -0.434807 0.214818 -0.425118 0.203852 -0.425893 0.203291 0.00202995 0.0310375 0.0300445
0.3 -2 -0.463642 -0.0925311 -0.450369 -0.0957521 -0.449886 -0.0953007 0.00143584 0.0296639 0.0296797
0.3 -1.9 -0.351644 0.339394 -0.34638 0.326146 -0.345847 0.326315 0.00117494 0.0299637 0.0292741
0.3 -1.8 0.0789383 0.50041 0.070875 0.48783 0.0712035 0.487954 0.000711948 0.0303117 0.0289429
0.3 -1.7 0.471915 0.234405 0.4562 0.233458 0.456293 0.233328 0.00031172 0.0307212 0.0297183
0.3 -1.6 0.487046 -0.256348 0.476292 -0.243576 0.476799 -0.243246 0.00113128 0.0312107 0.0302215
0.3 -1.5 0.0868091 -0.571471 0.0906953 -0.554042 0.0910854 -0.554249 0.00078653 0.031807 0.0306996
0.3 -1.4 -0.426493 -0.438169 -0.409079 -0.429814 -0.40973 -0.429485 0.00122857 0.0325501 0.0308745
0.3 -1.3 -0.649721 0.0695511 -0.630493 0.0605743 -0.630123 0.060487 0.000599644 0.0335021 0.0330441
0.3 -1.2 -0.389553 0.592289 -0.383049 0.569338 -0.383357 0.569187 0.000499757 0.0347646 0.03374
0.3 -1.1 0.209199 0.759648 0.194757 0.735917 0.194275 0.736043 0.000653489 0.0364925 0.0354433
0.3 1.1 0.209199 0.759648 0.194757 0.735917 0.194275 0.736043 0.000653489 0.0364925 0.0354433
0.3 1.2 -0.389553 0.592289 -0.383049 0.569338 -0.383357 0.569187 0.000499757 0.0347646 0.03374
0.3 1.3 -0.649721 0.0695511 -0.630493 0.0605743 -0.630123 0.060487 0.000599644 0.0335021 0.0330441
0.3 1.4 -0.426493 -0.438169 -0.409079 -0.429814 -0.40973 -0.429485 0.00122857 0.0325501 0.0308745
0.3 1.5 0.0868091 -0.571471 0.0906953 -0.554042 0.0910854 -0.554249 0.00078653 0.031807 0.0306996
0.3 1.6 0.487046 -0.256348 0.476292 -0.243576 0.476799 -0.243246 0.00113128 0.0312107 0.0302215
0.3 1.7 0.471915 0.234405 0.4562 0.233458 0.456293 0.233328 0.00031172 0.0307212 0.0297183
0.3 1.8 0.0789383 0.50041 0.070875 0.48783 0.0712035 0.487954 0.000711948 0.0303117 0.0289429
0.3 1.9 -0.351644 0.339394 -0.34638 0.326146 -0.345847 0.326315 0.00117494 0.0299637 0.0292741
0.4 -2 -0.475523 0.0149879 -0.463873 0.00855443 -0.464019 0.0087489 0.000523562 0.0286837 0.0275073
0.4 -1.9 -0.260931 0.416795 -0.259623 0.403 -0.259599 0.402752 0.000520339 0.0289036 0.0286852
0.4 -1.8 0.206746 0.465773 0.195645 0.456474 0.195524 0.45651 0.000255332 0.0291595 0.0285551
0.4 -1.7 0.521283 0.0945476 0.506612 0.098545 0.50646 0.0983912 0.000419724 0.0294619 0.0289048
0.4 -1.6 0.389219 -0.392724 0.383757 -0.377623 0.38356 -0.377005 0.00120605 0.0298255 0.0302153
0.4 -1.5 -0.105496 -0.570212 -0.0958005 -0.556147 -0.0957804 -0.556213 0.000122747 0.0302711 0.029385
0.4 -1.4 -0.556065 -0.255685 -0.537721 -0.255214 -0.537977 -0.254551 0.00119465 0.0308296 0.0296119
0.4 -1.3 -0.566433 0.32188 -0.554088 0.30618 -0.553862 0.306915 0.00121509 0.0315488 0.0299978
0.4 -1.2 -0.0829514 0.697051 -0.0884083 0.675586 -0.087747 0.675561 0.000971263 0.0325053 0.0313666
0.4 -1.1 0.553033 0.536149 0.530032 0.525723 0.53032 0.525585 0.000427958 0.0338286 0.0325207
0.4 1.1 0.553033 0.536149 0.530032 0.525723 0.53032 0.525585 0.000427958 0.0338286 0.0325207
0.4 1.2 -0.0829514 0.697051 -0.0884083 0.675586 -0.087747 0.675561 0.000971263 0.0325053 0.0313666
0.4 1.3 -0.566433 0.32188 -0.554088 0.30618 -0.553862 0.306915 0.00121509 0.0315488 0.0299978
0.4 1.4 -0.556065 -0.255685 -0.537721 -0.255214 -0.537977 -0.254551 0.00119465 0.0308296 0.0296119
0.4 1.5 -0.105496 -0.570212 -0.0958005 -0.556147 -0.0957804 -0.556213 0.000122747 0.0302711 0.029385
0.4 1.6 0.389219 -0.392724 0.383757 -0.377623 0.38356 -0.377005 0.00120605 0.0298255 0.0302153
0.4 1.7 0.521283 0.0945476 0.506612 0.098545 0.50646 0.0983912 0.000419724 0.0294619 0.0289048
0.4 1.8 0.206746 0.465773 0.195645 0.456474 0.195524 0.45651 0.000255332 0.0291595 0.0285551
0.4 1.9 -0.260931 0.416795 -0.259623 0.403 -0.259599 0.402752 0.000520339 0.0289036 0.0286852
0.5 -2 -0.468692 0.09391 -0.45889 0.0854554 -0.459416 0.0856918 0.0012356 0.0277325 0.0259269
0.5 -1.9 -0.184115 0.458307 -0.185807 0.444971 -0.185343 0.444506 0.00136378 0.0278776 0.0280534
0.5 -1.8 0.29218 0.419966 0.279636 0.413734 0.279752 0.413581 0.000383896 0.0280477 0.0273106
0.5 -1.7 0.531328 -0.0135201 0.518613 -0.00623867 0.518261 -0.00652444 0.000874426 0.0282501 0.0278863
0.5 -1.6 0.293755 -0.469852 0.292644 -0.454489 0.292292 -0.454695 0.000753913 0.0284947 0.0274798
0.5 -1.5 -0.239584 -0.528449 -0.226793 -0.518358 -0.22707 -0.518871 0.00103061 0.0287951 0.0271598
0.5 -1.4 -0.60273 -0.0994352 -0.586152 -0.104617 -0.586468 -0.105345 0.0013323 0.0291711 0.0283239
0.5 -1.3 -0.444412 0.471198 -0.438846 0.453336 -0.439489 0.453409 0.00102555 0.0296523 0.0284969
0.5 -1.2 0.149663 0.676959 0.137174 0.660779 0.137012 0.66106 0.000480812 0.0302861 0.0293062
0.5 -1.1 0.696983 0.282381 0.674219 0.283266 0.673878 0.283584 0.000637472 0.0311517 0.0307662
0.5 -1 0.697003 -0.453783 0.682545 -0.432039 0.681657 -0.432204 0.00111868 0.0323262 0.0318382
0.5 1 0.697003 -0.453783 0.682545 -0.432039 0.681657 -0.432204 0.00111868 0.0323262 0.0318382
0.5 1.1 0.696983 0.282381 0.674219 0.283266 0.673878 0.283584 0.000637472 0.0311517 0.0307662
0.5 1.2 0.149663 0.676959 0.137174 0.660779 0.137012 0.66106 0.000480812 0.0302861 0.0293062
0.5 1.3 -0.444412 0.471198 -0.438846 0.453336 -0.439489 0.453409 0.00102555 0.0296523 0.0284969
0.5 1.4 -0.60273 -0.0994352 -0.586152 -0.104617 -0.586468 -0.105345 0.0013323 0.0291711 0.0283239
0.5 1.5 -0.239584 -0.528449 -0.226793 -0.518358 -0.22707 -0.518871 0.00103061 0.0287951 0.0271598
0.5 1.6 0.293755 -0.469852 0.292644 -0.454489 0.292292 -0.454695 0.000753913 0.0284947 0.0274798
0.5 1.7 0.531328 -0.0135201 0.518613 -0.00623867 0.518261 -0.00652444 0.000874426 0.0282501 0.0278863
0.5 1.8 0.29218 0.419966 0.279636 0.413734 0.279752 0.413581 0.000383896 0.0280477 0.0273106
0.5 1.9 -0.184115 0.458307 -0.185807 0.444971 -0.185343 0.444506 0.00136378 0.0278776 0.0280534
0.6 -2 -0.457855 0.142305 -0.449637 0.132781 -0.449388 0.133108 0.000877686 0.026831 0.0260727
0.6 -1.9 -0.132804 0.477027 -0.136444 0.464517 -0.137025 0.463654 0.00214825 0.026911 0.0283194
0.6 -1.8 0.340365 0.38326 0.32741 0.379349 0.326517 0.379072 0.00186561 0.0270063 0.0282254
0.6 -1.7 0.525833 -0.0810125 0.51505 -0.0719199 0.514711 -0.0718726 0.000658815 0.027121 0.0270568
0.6 -1.6 0.226272 -0.505681 0.228081 -0.491033 0.228545 -0.490951 0.000871278 0.02726 0.0269037
0.6 -1.5 -0.315474 -0.48559 -0.301538 -0.478758 -0.302029 -0.479075 0.00103268 0.0274303 0.0258
0.6 -1.4 -0.60809 0.00115536 -0.593969 -0.00722191 -0.594239 -0.00758322 0.000759637 0.0276416 0.0269326
0.6 -1.3 -0.348012 0.539788 -0.347222 0.522302 -0.346897 0.522561 0.000662428 0.0279089 0.0268792
0.6 -1.2 0.280747 0.622943 0.265479 0.611893 0.264738 0.611988 0.00111968 0.0282558 0.0283892
0.6 -1.1 0.725499 0.110437 0.706274 0.117738 0.706499 0.117699 0.000317778 0.0287199 0.0277174
0.6 -1 0.528864 -0.597838 0.523952 -0.575521 0.52461 -0.576213 0.00122641 0.0293608 0.0276122
0.6 1 0.528864 -0.597838 0.523952 -0.575521 0.52461 -0.576213 0.00122641 0.0293608 0.0276122
0.6 1.1 0.725499 0.110437 0.706274 0.117738 0.706499 0.117699 0.000317778 0.0287199 0.0277174
0.6 1.2 0.280747 0.622943 0.265479 0.611893 0.264738 0.611988 0.00111968 0.0282558 0.0283892
0.6 1.3 -0.348012 0.539788 -0.347222 0.522302 -0.346897 0.522561 0.000662428 0.0279089 0.0268792
0.6 1.4 -0.60809 0.00115536 -0.593969 -0.00722191 -0.594239 -0.00758322 0.000759637 0.0276416 0.0269326
0.6 1.5 -0.315474 -0.48559 -0.301538 -0.478758 -0.302029 -0.479075 0.00103268 0.0274303 0.0258
0.6 1.6 0.226272 -0.505681 0.228081 -0.491033 0.228545 -0.490951 0.000871278 0.02726 0.0269037
0.6 1.7 0.525833 -0.0810125 0.51505 -0.0719199 0.514711 -0.0718726 0.000658815 0.027121 0.0270568
0.6 1.8 0.340365 0.38326 0.32741 0.379349 0.326517 0.379072 0.00186561 0.0270063 0.0282254
0.6 1.9 -0.132804 0.477027 -0.136444 0.464517 -0.137025 0.463654 0.00214825 0.026911 0.0283194
0.7 -2 -0.452203 0.161292 -0.445054 0.151379 -0.445064 0.151877 0.00105943 0.0259978 0.0246097
0.7 -1.9 -0.111795 0.482755 -0.11643 0.47101 -0.116526 0.470845 0.000393826 0.0260239 0.0258621
0.7 -1.8 0.357977 0.366819 0.345146 0.364297 0.344721 0.36368 0.00149233 0.0260567 0.0265767
0.7 -1.7 0.520499 -0.107328 0.511106 -0.097521 0.51081 -0.0968704 0.00137433 0.0260974 0.0268252
0.7 -1.6 0.197903 -0.515963 0.201232 -0.502214 0.20124 -0.502205 2.09923e-05 0.0261474 0.0256176
0.7 -1.5 -0.342099 -0.464057 -0.328112 -0.459244 -0.328143 -0.458564 0.00120585 0.0262089 0.0260148
0.7 -1.4 -0.602477 0.040071 -0.59031 0.0304089 -0.590006 0.0301205 0.000708608 0.0262853 0.0264228
0.7 -1.3 -0.305567 0.55699 -0.307271 0.540672 -0.308136 0.540253 0.00154506 0.0263826 0.0266545
0.7 -1.2 0.323338 0.589268 0.307718 0.581508 0.306843 0.581431 0.00133594 0.0265102 0.0271699
0.7 -1.1 0.714475 0.0455878 0.698513 0.0553217 0.699604 0.0552021 0.00156632 0.0266811 0.0247341
0.7 -1 0.45091 -0.622728 0.450721 -0.60248 0.450624 -0.603604 0.00150011 0.0269124 0.0248765
0.7 -0.9 -0.313418 -0.772726 -0.294584 -0.760974 -0.295434 -0.760431 0.00123615 0.0272057 0.0261256
0.7 0.9 -0.313418 -0.772726 -0.294584 -0.760974 -0.295434 -0.760431 0.00123615 0.0272057 0.0261256
0.7 1 0.45091 -0.622728 0.450721 -0.60248 0.450624 -0.603604 0.00150011 0.0269124 0.0248765
0.7 1.1 0.714475 0.0455878 0.698513 0.0553217 0.699604 0.0552021 0.00156632 0.0266811 0.0247341
0.7 1.2 0.323338 0.589268 0.307718 0.581508 0.306843 0.581431 0.00133594 0.0265102 0.0271699
0.7 1.3 -0.305567 0.55699 -0.307271 0.540672 -0.308136 0.540253 0.00154506 0.0263826 0.0266545
0.7 1.4 -0.602477 0.040071 -0.59031 0.0304089 -0.590006 0.0301205 0.000708608 0.0262853 0.0264228
0.7 1.5 -0.342099 -0.464057 -0.328112 -0.459244 -0.328143 -0.458564 0.00120585 0.0262089 0.0260148
0.7 1.6 0.197903 -0.515963 0.201232 -0.502214 0.20124 -0.502205 2.09923e-05 0.0261474 0.0256176
0.7 1.7 0.520499 -0.107328 0.511106 -0.097521 0.51081 -0.0968704 0.00137433 0.0260974 0.0268252
0.7 1.8 0.357977 0.366819 0.345146 0.364297 0.344721 0.36368 0.00149233 0.0260567 0.0265767
0.7 1.9 -0.111795 0.482755 -0.11643 0.47101 -0.116526 0.470845 0.000393826 0.0260239 0.0258621
0.8 -2 -0.455243 0.152121 -0.44856 0.142299 -0.448882 0.141831 0.00120677 0.0252441 0.0252031
0.8 -1.9 -0.122009 0.479774 -0.126832 0.46852 -0.12682 0.468374 0.000300879 0.0252265 0.0249951
0.8 -1.8 0.34878 0.374247 0.336303 0.372191 0.336659 0.372396 0.000819424 0.0252086 0.0239679
0.8 -1.7 0.521396 -0.0940852 0.512659 -0.0843417 0.512302 -0.0837727 0.00129242 0.0251898 0.0259514
0.8 -1.6 0.210778 -0.508088 0.214434 -0.495012 0.214989 -0.494882 0.00105743 0.0251697 0.0251995
0.8 -1.5 -0.326053 -0.470836 -0.312532 -0.466747 -0.311898 -0.466586 0.00116393 0.0251483 0.0258061
0.8 -1.4 -0.597848 0.0201269 -0.586685 0.0104963 -0.58708 0.0109573 0.00103492 0.0251264 0.023644
0.8 -1.3 -0.321601 0.538331 -0.32388 0.523055 -0.323865 0.523519 0.000755677 0.0251061 0.0238947
0.8 -1.2 0.293045 0.591504 0.278164 0.584972 0.277644 0.586127 0.00195546 0.0250898 0.0247122
0.8 -1.1 0.693797 0.0783791 0.679597 0.0880612 0.68006 0.0874885 0.00107497 0.02508 0.0236072
0.8 -1 0.469859 -0.574878 0.470659 -0.556615 0.470789 -0.556306 0.000458963 0.0250782 0.0250443
0.8 -0.9 -0.244046 -0.755671 -0.226924 -0.746205 -0.22826 -0.746016 0.00173074 0.0250843 0.0233019
0.8 -0.8 -0.825088 -0.221254 -0.806871 -0.231825 -0.805472 -0.232893 0.00209659 0.0250886 0.0267015
0.8 0.8 -0.825088 -0.221254 -0.806871 -0.231825 -0.805472 -0.232893 0.00209659 0.0250886 0.0267015
0.8 0.9 -0.244046 -0.755671 -0.226924 -0.746205 -0.22826 -0.746016 0.00173074 0.0250843 0.0233019
0.8 1 0.469859 -0.574878 0.470659 -0.556615 0.470789 -0.556306 0.000458963 0.0250782 0.0250443
0.8 1.1 0.693797 0.0783791 0.679597 0.0880612 0.68006 0.0874885 0.00107497 0.02508 0.0236072
0.8 1.2 0.293045 0.591504 0.278164 0.584972 0.277644 0.586127 0.00195546 0.0250898 0.0247122
0.8 1.3 -0.321601 0.538331 -0.32388 0.523055 -0.323865 0.523519 0.000755677 0.0251061 0.0238947
0.8 1.4 -0.597848 0.0201269 -0.586685 0.0104963 -0.58708 0.0109573 0.00103492 0.0251264 0.023644
0.8 1.5 -0.326053 -0.470836 -0.312532 -0.466747 -0.311898 -0.466586 0.00116393 0.0251483 0.0258061
0.8 1.6 0.210778 -0.508088 0.214434 -0.495012 0.214989 -0.494882 0.00105743 0.0251697 0.0251995
0.8 1.7 0.521396 -0.0940852 0.512659 -0.0843417 0.512302 -0.0837727 0.00129242 0.0251898 0.0259514
0.8 1.8 0.34878 0.374247 0.336303 0.372191 0.336659 0.372396 0.000819424 0.0252086 0.0239679
0.8 1.9 -0.122009 0.479774 -0.126832 0.46852 -0.12682 0.468374 0.000300879 0.0252265 0.0249951
0.9 -2 -0.465147 0.11502 -0.458343 0.105677 -0.459439 0.105316 0.00245416 0.0245731 0.0234956
0.9 -1.9 -0.161957 0.466461 -0.166264 0.455382 -0.166081 0.455843 0.00102351 0.0245213 0.0230699
0.9 -1.8 0.31223 0.402918 0.300228 0.400488 0.30089 0.40058 0.00133543 0.0244643 0.0227137
0.9 -1.7 0.525499 -0.0426497 0.516701 -0.0335818 0.516217 -0.0339798 0.00120922 0.0244012 0.0240902
0.9 -1.6 0.261239 -0.479994 0.264218 -0.467277 0.263537 -0.466678 0.00169058 0.0243314 0.0247277
0.9 -1.5 -0.267999 -0.500538 -0.255243 -0.496025 -0.254716 -0.496051 0.000946253 0.0242546 0.0246933
0.9 -1.4 -0.588974 -0.0537092 -0.577882 -0.0623324 -0.577593 -0.0616387 0.00129301 0.0241715 0.0234534
0.9 -1.3 -0.386385 0.482078 -0.387719 0.467512 -0.388463 0.468105 0.00156726 0.0240828 0.0228647
0.9 -1.2 0.196002 0.617022 0.182439 0.609999 0.182809 0.610805 0.00139367 0.0239893 0.0225275
0.9 -1.1 0.653468 0.190596 0.639616 0.198605 0.63986 0.198964 0.000647123 0.0238911 0.0234687
0.9 -1 0.553732 -0.457369 0.552988 -0.440566 0.553363 -0.439932 0.00104179 0.0237884 0.0242837
0.9 -0.9 -0.0655256 -0.757495 -0.0510147 -0.747291 -0.0513687 -0.747131 0.000518637 0.023683 0.0230756
0.9 -0.8 -0.696964 -0.407258 -0.679591 -0.414359 -0.679718 -0.413665 0.000886164 0.0235796 0.0227905
0.9 -0.7 -0.78732 0.342225 -0.783635 0.322655 -0.783667 0.323614 0.00113206 0.0234977 0.0220921
0.9 0.7 -0.78732 0.342225 -0.783635 0.322655 -0.783667 0.323614 0.00113206 0.0234977 0.0220921
0.9 0.8 -0.696964 -0.407258 -0.679591 -0.414359 -0.679718 -0.413665 0.000886164 0.0235796 0.0227905
0.9 0.9 -0.0655256 -0.757495 -0.0510147 -0.747291 -0.0513687 -0.747131 0.000518637 0.023683 0.0230756
0.9 1 0.553732 -0.457369 0.552988 -0.440566 0.553363 -0.439932 0.00104179 0.0237884 0.0242837
0.9 1.1 0.653468 0.190596 0.639616 0.198605 0.63986 0.198964 0.000647123 0.0238911 0.0234687
0.9 1.2 0.196002 0.617022 0.182439 0.609999 0.182809 0.610805 0.00139367 0.0239893 0.0225275
0.9 1.3 -0.386385 0.482078 -0.387719 0.467512 -0.388463 0.468105 0.00156726 0.0240828 0.0228647
0.9 1.4 -0.588974 -0.0537092 -0.577882 -0.0623324 -0.577593 -0.0616387 0.00129301 0.0241715 0.0234534
0.9 1.5 -0.267999 -0.500538 -0.255243 -0.496025 -0.254716 -0.496051 0.000946253 0.0242546 0.0246933
0.9 1.6 0.261239 -0.479994 0.264218 -0.467277 0.263537 -0.466678 0.00169058 0.0243314 0.0247277
0.9 1.7 0.525499 -0.0426497 0.516701 -0.0335818 0.516217 -0.0339798 0.00120922 0.0244012 0.0240902
0.9 1.8 0.31223 0.402918 0.300228 0.400488 0.30089 0.40058 0.00133543 0.0244643 0.0227137
0.9 1.9 -0.161957 0.466461 -0.166264 0.455382 -0.166081 0.455843 0.00102351 0.0245213 0.0230699
1 -2 -0.475077 0.049738 -0.467659 0.0412679 -0.468195 0.0414357 0.00119803 0.0239832 0.0225751
1 -1.9 -0.22742 0.436049 -0.230562 0.424927 -0.231037 0.424804 0.00101503 0.0239063 0.024019
1 -1.8 0.244532 0.444254 0.23319 0.440726 0.233225 0.440161 0.00113432 0.0238221 0.0237128
1 -1.7 0.521841 0.044938 0.512425 0.0527338 0.512785 0.051779 0.00198123 0.0237301 0.0216676
1 -1.6 0.33978 -0.422218 0.341201 -0.409699 0.341336 -0.409528 0.000408308 0.0236306 0.02359
1 -1.5 -0.165077 -0.537065 -0.153461 -0.531213 -0.153053 -0.531323 0.000763559 0.023524 0.023715
1 -1.4 -0.557509 -0.172919 -0.545853 -0.179638 -0.545652 -0.179598 0.000356377 0.0234114 0.0233129
1 -1.3 -0.477845 0.375528 -0.477007 0.36161 -0.477332 0.361294 0.000756724 0.0232939 0.0234362
1 -1.2 0.0353117 0.633254 0.0237449 0.624539 0.0230668 0.623809 0.00159371 0.0231727 0.0243825
1 -1.1 0.561045 0.354073 0.546809 0.359042 0.546293 0.358704 0.000943069 0.0230497 0.0233062
1 -1 0.646367 -0.256792 0.642345 -0.241579 0.642726 -0.240554 0.0015941 0.0229286 0.0239268
1 -0.9 0.192247 -0.704776 0.202981 -0.692297 0.203302 -0.692167 0.000479315 0.0228173 0.0229552
1 -0.8 -0.458661 -0.616351 -0.441479 -0.61802 -0.442574 -0.618694 0.00169225 0.0227288 0.0211597
1 -0.7 -0.807034 -0.0430276 -0.797782 -0.0586356 -0.797977 -0.0592795 0.000840956 0.0226818 0.0230212
1 -0.6 -0.600793 0.599954 -0.607778 0.58217 -0.606865 0.582797 0.00131578 0.0227028 0.0214361
1 -0.5 -0.00382469 0.889091 -0.0228706 0.882474 -0.0228958 0.883131 0.000744514 0.02284 0.0224729
1 0.5 -0.00382469 0.889091 -0.0228706 0.882474 -0.0228958 0.883131 0.000744514 0.02284 0.0224729
1 0.6 -0.600793 0.599954 -0.607778 0.58217 -0.606865 0.582797 0.00131578 0.0227028 0.0214361
1 0.7 -0.807034 -0.0430276 -0.797782 -0.0586356 -0.797977 -0.0592795 0.000840956 0.0226818 0.0230212
1 0.8 -0.458661 -0.616351 -0.441479 -0.61802 -0.442574 -0.618694 0.00169225 0.0227288 0.0211597
1 0.9 0.192247 -0.704776 0.202981 -0.692297 0.203302 -0.692167 0.000479315 0.0228173 0.0229552
1 1 0.646367 -0.256792 0.642345 -0.241579 0.642726 -0.240554 0.0015941 0.0229286 0.0239268
1 1.1 0.561045 0.354073 0.546809 0.359042 0.546293 0.358704 0.000943069 0.0230497 0.0233062
1 1.2 0.0353117 0.633254 0.0237449 0.624539 0.0230668 0.623809 0.00159371 0.0231727 0.0243825
1 1.3 -0.477845 0.375528 -0.477007 0.36161 -0.477332 0.361294 0.000756724 0.0232939 0.0234362
1 1.4 -0.557509 -0.172919 -0.545853 -0.179638 -0.545652 -0.179598 0.000356377 0.0234114 0.0233129
1 1.5 -0.165077 -0.537065 -0.153461 -0.531213 -0.153053 -0.531323 0.000763559 0.023524 0.023715
1 1.6 0.33978 -0.422218 0.341201 -0.409699 0.341336 -0.409528 0.000408308 0.0236306 0.02359
1 1.7 0.521841 0.044938 0.512425 0.0527338 0.512785 0.051779 0.00198123 0.0237301 0.0216676
1 1.8 0.244532 0.444254 0.23319 0.440726 0.233225 0.440161 0.00113432 0.0238221 0.0237128
1 1.9 -0.22742 0.436049 -0.230562 0.424927 -0.231037 0.424804 0.00101503 0.0239063 0.024019
1.1 -2 -0.473689 -0.042509 -0.465326 -0.0496301 -0.465424 -0.0497248 0.000290355 0.0234705 0.023069
1.1 -1.9 -0.309836 0.378511 -0.311189 0.367338 -0.310699 0.366893 0.00137503 0.0233776 0.023818
1.1 -1.8 0.141738 0.483418 0.131425 0.47823 0.13171 0.477892 0.000892143 0.0232778 0.0227282
1.1 -1.7 0.493478 0.162543 0.483165 0.168393 0.483642 0.168421 0.000932907 0.0231715 0.0220539
1.1 -1.6 0.428928 -0.322504 0.428013 -0.310347 0.428051 -0.310546 0.000383468 0.0230598 0.0223425
1.1 -1.5 -0.0174143 -0.554895 -0.00756792 -0.547107 -0.0085876 -0.54674 0.00198069 0.022944 0.0216463
1.1 -1.4 -0.47847 -0.319388 -0.466114 -0.32326 -0.466201 -0.323207 0.0001787 0.0228258 0.0223363
1.1 -1.3 -0.560081 0.207017 -0.55614 0.194235 -0.556601 0.194501 0.000905264 0.0227071 0.0217556
1.1 -1.2 -0.174161 0.595892 -0.182678 0.584977 -0.182931 0.584765 0.000538968 0.0225903 0.0228202
1.1 -1.1 0.383532 0.520429 0.369191 0.521079 0.369273 0.521452 0.000598032 0.0224797 0.0221132
1.1 -1 0.673757 0.0221206 0.665544 0.0345724 0.666358 0.0341993 0.00134456 0.0223826 0.021012
1.1 -0.9 0.465098 -0.527967 0.470339 -0.513345 0.468235 -0.513572 0.00303966 0.0223099 0.0209393
1.1 -0.8 -0.0961621 -0.72832 -0.0807766 -0.723212 -0.0824926 -0.722426 0.00259372 0.0222769 0.0202627
1.1 -0.7 -0.622658 -0.447245 -0.608253 -0.456189 -0.609116 -0.454974 0.00196057 0.0223011 0.0203384
1.1 -0.6 -0.790274 0.115571 -0.78707 0.0980952 -0.786191 0.0985865 0.00126999 0.0224007 0.021872
1.1 -0.5 -0.547676 0.623012 -0.558084 0.607555 -0.557618 0.608022 0.000799269 0.0225887 0.0216853
1.1 -0.4 -0.0847863 0.853414 -0.10352 0.847893 -0.101519 0.847851 0.00234353 0.022864 0.0205602
1.1 -0.3 0.358727 0.80509 0.339216 0.811029 0.340268 0.810054 0.00163162 0.0231995 0.0216868
1.1 -0.2 0.651973 0.619603 0.636351 0.633835 0.635003 0.632639 0.00200637 0.0235283 0.0237909
1.1 -0.1 0.792449 0.448705 0.781084 0.467103 0.780543 0.470548 0.00383277 0.0237604 0.0273175
1.1 6.38378e-16 0.830506 0.38279 0.820865 0.402336 0.821742 0.404633 0.00268892 0.0238412 0.0257368
1.1 0.1 0.792449 0.448705 0.781084 0.467103 0.780543 0.470548 0.00383277 0.0237604 0.0273175
1.1 0.2 0.651973 0.619603 0.636351 0.633835 0.635003 0.632639 0.00200637 0.0235283 0.0237909
1.1 0.3 0.358727 0.80509 0.339216 0.811029 0.340268 0.810054 0.00163162 0.0231995 0.0216868
1.1 0.4 -0.0847863 0.853414 -0.10352 0.847893 -0.101519 0.847851 0.00234353 0.022864 0.0205602
1.1 0.5 -0.547676 0.623012 -0.558084 0.607555 -0.557618 0.608022 0.000799269 0.0225887 0.0216853
1.1 0.6 -0.790274 0.115571 -0.78707 0.0980952 -0.786191 0.0985865 0.00126999 0.0224007 0.021872
1.1 0.7 -0.622658 -0.447245 -0.608253 -0.456189 -0.609116 -0.454974 0.00196057 0.0223011 0.0203384
1.1 0.8 -0.0961621 -0.72832 -0.0807766 -0.723212 -0.0824926 -0.722426 0.00259372 0.0222769 0.0202627
1.1 0.9 0.465098 -0.527967 0.470339 -0.513345 0.468235 -0.513572 0.00303966 0.0223099 0.0209393
1.1 1 0.673757 0.0221206 0.665544 0.0345724 0.666358 0.0341993 0.00134456 0.0223826 0.021012
1.1 1.1 0.383532 0.520429 0.369191 0.521079 0.369273 0.521452 0.000598032 0.0224797 0.0221132
1.1 1.2 -0.174161 0.595892 -0.182678 0.584977 -0.182931 0.584765 0.000538968 0.0225903 0.0228202
1.1 1.3 -0.560081 0.207017 -0.55614 0.194235 -0.556601 0.194501 0.000905264 0.0227071 0.0217556
1.1 1.4 -0.47847 -0.319388 -0.466114 -0.32326 -0.466201 -0.323207 0.0001787 0.0228258 0.0223363
1.1 1.5 -0.0174143 -0.554895 -0.00756792 -0.547107 -0.0085876 -0.54674 0.00198069 0.022944 0.0216463
1.1 1.6 0.428928 -0.322504 0.428013 -0.310347 0.428051 -0.310546 0.000383468 0.0230598 0.0223425
1.1 1.7 0.493478 0.162543 0.483165 0.168393 0.483642 0.168421 0.000932907 0.0231715 0.0220539
1.1 1.8 0.141738 0.483418 0.131425 0.47823 0.13171 0.477892 0.000892143 0.0232778 0.0227282
1.1 1.9 -0.309836 0.378511 -0.311189 0.367338 -0.310699 0.366893 0.00137503 0.0233776 0.023818
1.2 -2 -0.446455 -0.156128 -0.437066 -0.161322 -0.437386 -0.161516 0.000803667 0.0230309 0.0223036
1.2 -1.9 -0.394346 0.283927 -0.393347 0.272993 -0.39317 0.272994 0.000370334 0.0229307 0.0226281
1.2 -1.8 0.00448082 0.499787 -0.00418867 0.492626 -0.00390112 0.492269 0.000929479 0.0228257 0.0225277
1.2 -1.7 0.421397 0.29553 0.410308 0.298687 0.410262 0.298308 0.000752853 0.0227173 0.0222972
1.2 -1.6 0.501689 -0.173013 0.497855 -0.161816 0.497847 -0.161885 0.000131707 0.0226069 0.0221838
1.2 -1.5 0.163376 -0.522933 0.170526 -0.513092 0.170565 -0.512892 0.000377275 0.0224967 0.0225402
1.2 -1.4 -0.330742 -0.459697 -0.318223 -0.459812 -0.318614 -0.459871 0.000706329 0.0223885 0.0214185
1.2 -1.3 -0.585823 -0.018778 -0.578345 -0.0292959 -0.577612 -0.0286696 0.00166504 0.0222852 0.0219328
1.2 -1.2 -0.392077 0.463825 -0.396208 0.451158 -0.39625 0.451953 0.00132546 0.0221905 0.0207211
1.2 -1.1 0.114025 0.619545 0.101012 0.615012 0.101336 0.615268 0.000662809 0.0221102 0.0212569
1.2 -1 0.56532 0.328606 0.553285 0.336291 0.553529 0.336562 0.000563309 0.022053 0.021753
1.2 -0.9 0.646853 -0.206317 0.645065 -0.191601 0.64467 -0.191463 0.0006211 0.02203 0.0221132
1.2 -0.8 0.313332 -0.631363 0.323635 -0.619887 0.323467 -0.619957 0.000259892 0.0220539 0.0216476
1.2 -0.7 -0.214604 -0.698799 -0.198537 -0.698396 -0.199343 -0.698345 0.00111243 0.0221366 0.0208865
1.2 -0.6 -0.637947 -0.407066 -0.625541 -0.418353 -0.625267 -0.41799 0.000604889 0.0222869 0.022116
1.2 -0.5 -0.779249 0.0545405 -0.776883 0.0371967 -0.776451 0.0371879 0.000555994 0.0225057 0.0225009
1.2 -0.4 -0.651187 0.470115 -0.659552 0.453908 -0.659468 0.455823 0.00239394 0.0227799 0.0205667
1.2 -0.3 -0.386071 0.725301 -0.40182 0.714808 -0.402335 0.714748 0.000631899 0.0230781 0.0235952
1.2 -0.2 -0.123505 0.826486 -0.14258 0.822473 -0.142674 0.822941 0.000571939 0.0233517 0.0233285
1.2 -0.1 0.0529032 0.842739 0.0330397 0.843317 0.0321638 0.844103 0.00139495 0.0235458 0.0246142
1.2 6.38378e-16 0.113371 0.839747 0.0934848 0.84193 0.0949835 0.841713 0.0017877 0.0236162 0.0218229
1.2 0.1 0.0529032 0.842739 0.0330397 0.843317 0.0321638 0.844103 0.00139495 0.0235458 0.0246142
1.2 0.2 -0.123505 0.826486 -0.14258 0.822473 -0.142674 0.822941 0.000571939 0.0233517 0.0233285
1.2 0.3 -0.386071 0.725301 -0.40182 0.714808 -0.402335 0.714748 0.000631899 0.0230781 0.0235952
1.2 0.4 -0.651187 0.470115 -0.659552 0.453908 -0.659468 0.455823 0.00239394 0.0227799 0.0205667
1.2 0.5 -0.779249 0.0545405 -0.776883 0.0371967 -0.776451 0.0371879 0.000555994 0.0225057 0.0225009
1.2 0.6 -0.637947 -0.407066 -0.625541 -0.418353 -0.625267 -0.41799 0.000604889 0.0222869 0.022116
1.2 0.7 -0.214604 -0.698799 -0.198537 -0.698396 -0.199343 -0.698345 0.00111243 0.0221366 0.0208865
1.2 0.8 0.313332 -0.631363 0.323635 -0.619887 0.323467 -0.619957 0.000259892 0.0220539 0.0216476
1.2 0.9 0.646853 -0.206317 0.645065 -0.191601 0.64467 -0.191463 0.0006211 0.02203 0.0221132
1.2 1 0.56532 0.328606 0.553285 0.336291 0.553529 0.336562 0.000563309 0.022053 0.021753
1.2 1.1 0.114025 0.619545 0.101012 0.615012 0.101336 0.615268 0.000662809 0.0221102 0.0212569
1.2 1.2 -0.392077 0.463825 -0.396208 0.451158 -0.39625 0.451953 0.00132546 0.0221905 0.0207211
1.2 1.3 -0.585823 -0.018778 -0.578345 -0.0292959 -0.577612 -0.0286696 0.00166504 0.0222852 0.0219328
1.2 1.4 -0.330742 -0.459697 -0.318223 -0.459812 -0.318614 -0.459871 0.000706329 0.0223885 0.0214185
1.2 1.5 0.163376 -0.522933 0.170526 -0.513092 0.170565 -0.512892 0.000377275 0.0224967 0.0225402
1.2 1.6 0.501689 -0.173013 0.497855 -0.161816 0.497847 -0.161885 0.000131707 0.0226069 0.0221838
1.2 1.7 0.421397 0.29553 0.410308 0.298687 0.410262 0.298308 0.000752853 0.0227173 0.0222972
1.2 1.8 0.00448082 0.499787 -0.00418867 0.492626 -0.00390112 0.492269 0.000929479 0.0228257 0.0225277
1.2 1.9 -0.394346 0.283927 -0.393347 0.272993 -0.39317 0.272994 0.000370334 0.0229307 0.0226281
1.3 -2 -0.378659 -0.278176 -0.368496 -0.28081 -0.368462 -0.279978 0.00179609 0.0226594 0.0220379
1.3 -1.9 -0.459073 0.147498 -0.455327 0.137443 -0.455209 0.137592 0.000399694 0.0225596 0.0220511
1.3 -1.8 -0.156631 0.469899 -0.162825 0.460837 -0.162636 0.461321 0.00106385 0.022458 0.0211395
1.3 -1.7 0.29138 0.41772 0.280142 0.417489 0.280513 0.417116 0.00104729 0.0223564 0.0213688
1.3 -1.6 0.523804 0.0207082 0.516858 0.0299016 0.516982 0.0294153 0.000969724 0.0222567 0.0211009
1.3 -1.5 0.347232 -0.413683 0.350608 -0.402349 0.350609 -0.402597 0.000465754 0.022161 0.0214576
1.3 -1.4 -0.111545 -0.545716 -0.100144 -0.541502 -0.10007 -0.541568 0.000180324 0.0220718 0.021906
1.3 -1.3 -0.508975 -0.267413 -0.498389 -0.274076 -0.498422 -0.274021 0.000112607 0.0219923 0.0216574
1.3 -1.2 -0.550634 0.222624 -0.549254 0.209806 -0.549704 0.209381 0.0010529 0.021927 0.0223513
1.3 -1.1 -0.204575 0.578816 -0.213906 0.569327 -0.213544 0.569969 0.00121178 0.0218825 0.0205222
1.3 -1 0.293926 0.562578 0.280197 0.563521 0.280296 0.563796 0.000465216 0.0218668 0.0215582
1.3 -0.9 0.627014 0.193573 0.61819 0.204768 0.617759 0.204098 0.0012237 0.021889 0.021357
1.3 -0.8 0.609864 -0.296304 0.611814 -0.281644 0.612302 -0.28152 0.000747638 0.0219578 0.0220993
1.3 -0.7 0.281104 -0.640811 0.293021 -0.631114 0.292448 -0.630624 0.001083 0.0220794 0.0217891
1.3 -0.6 -0.168013 -0.700952 -0.152046 -0.701222 -0.152411 -0.700575 0.00103583 0.0222552 0.0216507
1.3 -0.5 -0.539387 -0.507344 -0.526161 -0.517355 -0.525874 -0.516078 0.00177425 0.0224792 0.021729
1.3 -0.4 -0.733651 -0.190834 -0.727339 -0.206825 -0.726542 -0.206486 0.00114581 0.022735 0.0226773
1.3 -0.3 -0.763763 0.117358 -0.765027 0.0996632 -0.764836 0.0992887 0.000544546 0.0229942 0.0234249
1.3 -0.2 -0.704469 0.343557 -0.711613 0.326836 -0.711524 0.327041 0.00028562 0.0232202 0.0229141
1.3 -0.1 -0.6346 0.471608 -0.645165 0.456453 -0.645635 0.455674 0.00115221 0.0233752 0.0245143
1.3 6.38378e-16 -0.60564 0.511885 -0.617293 0.497421 -0.616635 0.497567 0.000850695 0.0234304 0.0227652
1.3 0.1 -0.6346 0.471608 -0.645165 0.456453 -0.645635 0.455674 0.00115221 0.0233752 0.0245143
1.3 0.2 -0.704469 0.343557 -0.711613 0.326836 -0.711524 0.327041 0.00028562 0.0232202 0.0229141
1.3 0.3 -0.763763 0.117358 -0.765027 0.0996632 -0.764836 0.0992887 0.000544546 0.0229942 0.0234249
1.3 0.4 -0.733651 -0.190834 -0.727339 -0.206825 -0.726542 -0.206486 0.00114581 0.022735 0.0226773
1.3 0.5 -0.539387 -0.507344 -0.526161 -0.517355 -0.525874 -0.516078 0.00177425 0.0224792 0.021729
1.3 0.6 -0.168013 -0.700952 -0.152046 -0.701222 -0.152411 -0.700575 0.00103583 0.0222552 0.0216507
1.3 0.7 0.281104 -0.640811 0.293021 -0.631114 0.292448 -0.630624 0.001083 0.0220794 0.0217891
1.3 0.8 0.609864 -0.296304 0.611814 -0.281644 0.612302 -0.28152 0.000747638 0.0219578 0.0220993
1.3 0.9 0.627014 0.193573 0.61819 0.204768 0.617759 0.204098 0.0012237 0.021889 0.021357
1.3 1 0.293926 0.562578 0.280197 0.563521 0.280296 0.563796 0.000465216 0.0218668 0.0215582
1.3 1.1 -0.204575 0.578816 -0.213906 0.569327 -0.213544 0.569969 0.00121178 0.0218825 0.0205222
1.3 1.2 -0.550634 0.222624 -0.549254 0.209806 -0.549704 0.209381 0.0010529 0.021927 0.0223513
1.3 1.3 -0.508975 -0.267413 -0.498389 -0.274076 -0.498422 -0.274021 0.000112607 0.0219923 0.0216574
1.3 1.4 -0.111545 -0.545716 -0.100144 -0.541502 -0.10007 -0.541568 0.000180324 0.0220718 0.021906
1.3 1.5 0.347232 -0.413683 0.350608 -0.402349 0.350609 -0.402597 0.000465754 0.022161 0.0214576
1.3 1.6 0.523804 0.0207082 0.516858 0.0299016 0.516982 0.0294153 0.000969724 0.0222567 0.0211009
1.3 1.7 0.29138 0.41772 0.280142 0.417489 0.280513 0.417116 0.00104729 0.0223564 0.0213688
1.3 1.8 -0.156631 0.469899 -0.162825 0.460837 -0.162636 0.461321 0.00106385 0.022458 0.0211395
1.3 1.9 -0.459073 0.147498 -0.455327 0.137443 -0.455209 0.137592 0.000399694 0.0225596 0.0220511
1.4 -2 -0.260487 -0.386782 -0.250211 -0.386297 -0.251183 -0.386077 0.00216586 0.0223509 0.020008
1.4 -1.9 -0.477385 -0.0244745 -0.470835 -0.0326876 -0.470754 -0.0325839 0.000279814 0.0222575 0.0219148
1.4 -1.8 -0.317071 0.374097 -0.319888 0.363736 -0.319682 0.363638 0.000471143 0.0221654 0.0219826
1.4 -1.7 0.103326 0.492778 0.0931009 0.488765 0.0935556 0.489269 0.00136406 0.0220765 0.0206184
1.4 -1.6 0.462424 0.232004 0.452827 0.237873 0.452972 0.23782 0.000301548 0.0219927 0.0214517
1.4 -1.5 0.48543 -0.217716 0.484172 -0.206251 0.48436 -0.2058 0.000928334 0.0219163 0.0224881
1.4 -1.4 0.149832 -0.526576 0.158253 -0.518254 0.15811 -0.517979 0.000570676 0.0218499 0.0218
1.4 -1.3 -0.30775 -0.472318 -0.295649 -0.473611 -0.295253 -0.472776 0.00165637 0.021797 0.0221836
1.4 -1.2 -0.573405 -0.0920019 -0.566375 -0.102368 -0.566202 -0.102466 0.000345619 0.0217623 0.0218752
1.4 -1.1 -0.476092 0.362538 -0.479299 0.350032 -0.480128 0.350116 0.00140386 0.0217519 0.0218253
1.4 -1 -0.0854572 0.610662 -0.0971584 0.604286 -0.0975357 0.604164 0.000647892 0.0217724 0.0222434
1.4 -0.9 0.36249 0.521535 0.349291 0.525472 0.349868 0.525711 0.000989565 0.0218302 0.0209334
1.4 -0.8 0.632051 0.166836 0.624829 0.179126 0.625226 0.179221 0.000627718 0.02193 0.0216327
1.4 -0.7 0.619293 -0.260714 0.621797 -0.246167 0.6223 -0.245711 0.00101515 0.0220735 0.0227727
1.4 -0.6 0.373951 -0.579149 0.385067 -0.568656 0.384277 -0.569437 0.00161708 0.0222577 0.0205627
1.4 -0.5 0.02932 -0.704916 0.044869 -0.702055 0.0458965 -0.702946 0.00193331 0.0224737 0.0236605
1.4 -0.4 -0.288738 -0.659334 -0.273212 -0.664329 -0.27274 -0.664808 0.000936478 0.0227049 0.0234913
1.4 -0.3 -0.514253 -0.520368 -0.501559 -0.531299 -0.501652 -0.529966 0.00182915 0.0229281 0.0216512
1.4 -0.2 -0.642013 -0.368911 -0.632855 -0.383356 -0.632247 -0.38246 0.00146477 0.0231156 0.0225555
1.4 -0.1 -0.699084 -0.260226 -0.692591 -0.276293 -0.692741 -0.276339 0.000210197 0.0232411 0.0232147
1.4 6.38378e-16 -0.714252 -0.221492 -0.708726 -0.238 -0.710273 -0.238346 0.00212102 0.0232853 0.023157
1.4 0.1 -0.699084 -0.260226 -0.692591 -0.276293 -0.692741 -0.276339 0.000210197 0.0232411 0.0232147
1.4 0.2 -0.642013 -0.368911 -0.632855 -0.383356 -0.632247 -0.38246 0.00146477 0.0231156 0.0225555
1.4 0.3 -0.514253 -0.520368 -0.501559 -0.531299 -0.501652 -0.529966 0.00182915 0.0229281 0.0216512
1.4 0.4 -0.288738 -0.659334 -0.273212 -0.664329 -0.27274 -0.664808 0.000936478 0.0227049 0.0234913
1.4 0.5 0.02932 -0.704916 0.044869 -0.702055 0.0458965 -0.702946 0.00193331 0.0224737 0.0236605
1.4 0.6 0.373951 -0.579149 0.385067 -0.568656 0.384277 -0.569437 0.00161708 0.0222577 0.0205627
1.4 0.7 0.619293 -0.260714 0.621797 -0.246167 0.6223 -0.245711 0.00101515 0.0220735 0.0227727
1.4 0.8 0.632051 0.166836 0.624829 0.179126 0.625226 0.179221 0.000627718 0.02193 0.0216327
1.4 0.9 0.36249 0.521535 0.349291 0.525472 0.349868 0.525711 0.000989565 0.0218302 0.0209334
1.4 1 -0.0854572 0.610662 -0.0971584 0.604286 -0.0975357 0.604164 0.000647892 0.0217724 0.0222434
1.4 1.1 -0.476092 0.362538 -0.479299 0.350032 -0.480128 0.350116 0.00140386 0.0217519 0.0218253
1.4 1.2 -0.573405 -0.0920019 -0.566375 -0.102368 -0.566202 -0.102466 0.000345619 0.0217623 0.0218752
1.4 1.3 -0.30775 -0.472318 -0.295649 -0.473611 -0.295253 -0.472776 0.00165637 0.021797 0.0221836
1.4 1.4 0.149832 -0.526576 0.158253 -0.518254 0.15811 -0.517979 0.000570676 0.0218499 0.0218
1.4 1.5 0.48543 -0.217716 0.484172 -0.206251 0.48436 -0.2058 0.000928334 0.0219163 0.0224881
1.4 1.6 0.462424 0.232004 0.452827 0.237873 0.452972 0.23782 0.000301548 0.0219927 0.0214517
1.4 1.7 0.103326 0.492778 0.0931009 0.488765 0.0935556 0.489269 0.00136406 0.0220765 0.0206184
1.4 1.8 -0.317071 0.374097 -0.319888 0.363736 -0.319682 0.363638 0.000471143 0.0221654 0.0219826
1.4 1.9 -0.477385 -0.0244745 -0.470835 -0.0326876 -0.470754 -0.0325839 0.000279814 0.0222575 0.0219148
1.5 -2 -0.0936166 -0.452846 -0.0842957 -0.448968 -0.0842359 -0.449021 0.000173953 0.0220994 0.0219078
1.5 -1.9 -0.424488 -0.209737 -0.415616 -0.214972 -0.415102 -0.215471 0.00153026 0.0220165 0.0232307
1.5 -1.8 -0.438997 0.206444 -0.437755 0.195996 -0.437252 0.196036 0.001053 0.0219377 0.0217532
1.5 -1.7 -0.12 0.48267 -0.127657 0.475115 -0.127191 0.474741 0.00121453 0.0218646 0.0215227
1.5 -1.6 0.301121 0.411908 0.290193 0.413237 0.290216 0.412841 0.000784557 0.0217992 0.0214488
1.5 -1.5 0.522101 0.0414374 0.516087 0.0509755 0.515832 0.0500972 0.00176327 0.0217436 0.0204124
1.5 -1.4 0.388309 -0.372187 0.391835 -0.361173 0.392158 -0.361177 0.000607608 0.0217006 0.0216849
1.5 -1.3 -0.00944176 -0.552511 0.00146682 -0.547823 0.00255604 -0.547781 0.00198974 0.0216736 0.0233384
1.5 -1.2 -0.414301 -0.388325 -0.403199 -0.393396 -0.402856 -0.393473 0.000623923 0.0216671 0.0221004
1.5 -1.1 -0.583393 0.0120839 -0.57929 0.000209998 -0.578779 0.000432113 0.000962195 0.021686 0.0214763
1.5 -1 -0.433291 0.414296 -0.438894 0.402625 -0.438364 0.402484 0.000920968 0.0217351 0.0214426
1.5 -0.9 -0.0628747 0.61233 -0.0752846 0.607399 -0.0746804 0.607469 0.000993803 0.0218184 0.0207417
1.5 -0.8 0.335553 0.534932 0.322488 0.539329 0.322667 0.538508 0.00133829 0.0219373 0.0211774
1.5 -0.7 0.596396 0.250638 0.588441 0.262441 0.588156 0.263804 0.00216041 0.0220906 0.0240078
1.5 -0.6 0.65338 -0.103686 0.6534 -0.0889979 0.653908 -0.0884632 0.00111905 0.0222731 0.0230238
1.5 -0.5 0.538567 -0.406834 0.546186 -0.393759 0.546042 -0.393658 0.000261594 0.0224748 0.0224431
1.5 -0.4 0.334207 -0.599884 0.347085 -0.591171 0.346797 -0.590684 0.000825362 0.0226811 0.0227078
1.5 -0.3 0.121136 -0.685741 0.136613 -0.682052 0.136953 -0.681811 0.000600555 0.022873 0.0234055
1.5 -0.2 -0.0486791 -0.701876 -0.0324938 -0.702374 -0.032605 -0.702409 0.00016578 0.0230299 0.0228593
1.5 -0.1 -0.153266 -0.691224 -0.137195 -0.694358 -0.13749 -0.694182 0.0004848 0.0231331 0.0226698
1.5 6.38378e-16 -0.188077 -0.684136 -0.172141 -0.688155 -0.171382 -0.688568 0.0012186 0.023169 0.0243458
1.5 0.1 -0.153266 -0.691224 -0.137195 -0.694358 -0.13749 -0.694182 0.0004848 0.0231331 0.0226698
1.5 0.2 -0.0486791 -0.701876 -0.0324938 -0.702374 -0.032605 -0.702409 0.00016578 0.0230299 0.0228593
1.5 0.3 0.121136 -0.685741 0.136613 -0.682052 0.136953 -0.681811 0.000600555 0.022873 0.0234055
1.5 0.4 0.334207 -0.599884 0.347085 -0.591171 0.346797 -0.590684 0.000825362 0.0226811 0.0227078
1.5 0.5 0.538567 -0.406834 0.546186 -0.393759 0.546042 -0.393658 0.000261594 0.0224748 0.0224431
1.5 0.6 0.65338 -0.103686 0.6534 -0.0889979 0.653908 -0.0884632 0.00111905 0.0222731 0.0230238
1.5 0.7 0.596396 0.250638 0.588441 0.262441 0.588156 0.263804 0.00216041 0.0220906 0.0240078
1.5 0.8 0.335553 0.534932 0.322488 0.539329 0.322667 0.538508 0.00133829 0.0219373 0.0211774
1.5 0.9 -0.0628747 0.61233 -0.0752846 0.607399 -0.0746804 0.607469 0.000993803 0.0218184 0.0207417
1.5 1 -0.433291 0.414296 -0.438894 0.402625 -0.438364 0.402484 0.000920968 0.0217351 0.0214426
1.5 1.1 -0.583393 0.0120839 -0.57929 0.000209998 -0.578779 0.000432113 0.000962195 0.021686 0.0214763
1.5 1.2 -0.414301 -0.388325 -0.403199 -0.393396 -0.402856 -0.393473 0.000623923 0.0216671 0.0221004
1.5 1.3 -0.00944176 -0.552511 0.00146682 -0.547823 0.00255604 -0.547781 0.00198974 0.0216736 0.0233384
1.5 1.4 0.388309 -0.372187 0.391835 -0.361173 0.392158 -0.361177 0.000607608 0.0217006 0.0216849
1.5 1.5 0.522101 0.0414374 0.516087 0.0509755 0.515832 0.0500972 0.00176327 0.0217436 0.0204124
1.5 1.6 0.301121 0.411908 0.290193 0.413237 0.290216 0.412841 0.000784557 0.0217992 0.0214488
1.5 1.7 -0.12 0.48267 -0.127657 0.475115 -0.127191 0.474741 0.00121453 0.0218646 0.0215227
1.5 1.8 -0.438997 0.206444 -0.437755 0.195996 -0.437252 0.196036 0.001053 0.0219377 0.0217532
1.5 1.9 -0.424488 -0.209737 -0.415616 -0.214972 -0.415102 -0.215471 0.00153026 0.0220165 0.0232307
1.6 -2 0.10284 -0.446534 0.109859 -0.439522 0.109177 -0.439072 0.00180167 0.0218983 0.0213636
1.6 -1.9 -0.288045 -0.369682 -0.278003 -0.37093 -0.278327 -0.370655 0.00091638 0.0218284 0.0208383
1.6 -1.8 -0.479334 -0.0151951 -0.473952 -0.0240107 -0.474179 -0.0235862 0.00101424 0.0217646 0.0205351
1.6 -1.7 -0.330313 0.363286 -0.333832 0.353338 -0.333735 0.35355 0.000481351 0.0217085 0.021017
1.6 -1.6 0.0563584 0.499771 0.0462414 0.496016 0.0454245 0.495449 0.00199655 0.0216618 0.0233768
1.6 -1.5 0.418005 0.301464 0.40834 0.306812 0.408641 0.306567 0.000759361 0.0216266 0.0206932
1.6 -1.4 0.51878 -0.0997376 0.516292 -0.0886962 0.516561 -0.0885391 0.000595727 0.0216056 0.0216099
1.6 -1.3 0.30039 -0.450679 0.306966 -0.441112 0.306741 -0.441331 0.000583725 0.0216021 0.0208667
1.6 -1.2 -0.0993871 -0.546337 -0.087635 -0.544343 -0.087202 -0.5443 0.000789242 0.0216196 0.0222477
1.6 -1.1 -0.452505 -0.34537 -0.44243 -0.35234 -0.443164 -0.351807 0.00160413 0.021662 0.0199294
1.6 -1 -0.582467 0.0313041 -0.579663 0.0190157 -0.579722 0.0190291 0.000103682 0.0217324 0.0215636
1.6 -0.9 -0.448673 0.394308 -0.454658 0.382794 -0.454857 0.382333 0.000844997 0.0218324 0.0225625
1.6 -0.8 -0.137169 0.595459 -0.149308 0.589872 -0.149785 0.589291 0.00123517 0.0219615 0.0229818
1.6 -0.7 0.212242 0.587081 0.1987 0.589515 0.197898 0.590388 0.00190617 0.0221167 0.0235798
1.6 -0.6 0.483943 0.413688 0.473385 0.423114 0.473786 0.423494 0.000870806 0.0222917 0.0221745
1.6 -0.5 0.627082 0.162988 0.621999 0.176604 0.621394 0.176407 0.000984962 0.022477 0.022494
1.6 -0.4 0.652304 -0.0841043 0.653096 -0.0692433 0.6546 -0.0680199 0.00295171 0.02266 0.0247031
1.6 -0.3 0.604062 -0.279777 0.609718 -0.265689 0.609155 -0.266545 0.00154115 0.0228256 0.0212978
1.6 -0.2 0.532016 -0.409962 0.540994 -0.397436 0.54168 -0.397093 0.00114227 0.0229582 0.0239613
1.6 -0.1 0.47428 -0.480723 0.48509 -0.469534 0.485354 -0.469925 0.000698568 0.0230441 0.0229038
1.6 6.38378e-16 0.452736 -0.502729 0.464119 -0.492051 0.462378 -0.492374 0.00261702 0.0230739 0.020914
1.6 0.1 0.47428 -0.480723 0.48509 -0.469534 0.485354 -0.469925 0.000698568 0.0230441 0.0229038
1.6 0.2 0.532016 -0.409962 0.540994 -0.397436 0.54168 -0.397093 0.00114227 0.0229582 0.0239613
1.6 0.3 0.604062 -0.279777 0.609718 -0.265689 0.609155 -0.266545 0.00154115 0.0228256 0.0212978
1.6 0.4 0.652304 -0.0841043 0.653096 -0.0692433 0.6546 -0.0680199 0.00295171 0.02266 0.0247031
1.6 0.5 0.627082 0.162988 0.621999 0.176604 0.621394 0.176407 0.000984962 0.022477 0.022494
1.6 0.6 0.483943 0.413688 0.473385 0.423114 0.473786 0.423494 0.000870806 0.0222917 0.0221745
1.6 0.7 0.212242 0.587081 0.1987 0.589515 0.197898 0.590388 0.00190617 0.0221167 0.0235798
1.6 0.8 -0.137169 0.595459 -0.149308 0.589872 -0.149785 0.589291 0.00123517 0.0219615 0.0229818
1.6 0.9 -0.448673 0.394308 -0.454658 0.382794 -0.454857 0.382333 0.000844997 0.0218324 0.0225625
1.6 1 -0.582467 0.0313041 -0.579663 0.0190157 -0.579722 0.0190291 0.000103682 0.0217324 0.0215636
1.6 1.1 -0.452505 -0.34537 -0.44243 -0.35234 -0.443164 -0.351807 0.00160413 0.021662 0.0199294
1.6 1.2 -0.0993871 -0.546337 -0.087635 -0.544343 -0.087202 -0.5443 0.000789242 0.0216196 0.0222477
1.6 1.3 0.30039 -0.450679 0.306966 -0.441112 0.306741 -0.441331 0.000583725 0.0216021 0.0208667
1.6 1.4 0.51878 -0.0997376 0.516292 -0.0886962 0.516561 -0.0885391 0.000595727 0.0216056 0.0216099
1.6 1.5 0.418005 0.301464 0.40834 0.306812 0.408641 0.306567 0.000759361 0.0216266 0.0206932
1.6 1.6 0.0563584 0.499771 0.0462414 0.496016 0.0454245 0.495449 0.00199655 0.0216618 0.0233768
1.6 1.7 -0.330313 0.363286 -0.333832 0.353338 -0.333735 0.35355 0.000481351 0.0217085 0.021017
1.6 1.8 -0.479334 -0.0151951 -0.473952 -0.0240107 -0.474179 -0.0235862 0.00101424 0.0217646 0.0205351
1.6 1.9 -0.288045 -0.369682 -0.278003 -0.37093 -0.278327 -0.370655 0.00091638 0.0218284 0.0208383
1.7 -2 0.29062 -0.348509 0.294008 -0.339354 0.294175 -0.339347 0.000372649 0.0217409 0.0216568
1.7 -1.9 -0.0797268 -0.456697 -0.0703045 -0.453495 -0.0697367 -0.453762 0.00136725 0.021685 0.0224597
1.7 -1.8 -0.405789 -0.24466 -0.397134 -0.249969 -0.397323 -0.249725 0.000657136 0.0216366 0.0208199
1.7 -1.7 -0.463036 0.142573 -0.461429 0.132331 -0.46105 0.131711 0.00151511 0.0215972 0.0227921
1.7 -1.6 -0.214135 0.44689 -0.220921 0.438752 -0.220907 0.438776 5.49464e-05 0.0215683 0.0213271
1.7 -1.5 0.178711 0.474444 0.167883 0.473992 0.16778 0.474317 0.000678419 0.021552 0.0215619
1.7 -1.4 0.472811 0.213494 0.46487 0.221243 0.465541 0.220433 0.00204291 0.0215507 0.0193719
1.7 -1.3 0.500691 -0.176427 0.500637 -0.165058 0.501556 -0.164666 0.0018948 0.0215671 0.022214
1.7 -1.2 0.258432 -0.477757 0.266488 -0.469328 0.266168 -0.469774 0.00101768 0.0216042 0.0204655
1.7 -1.1 -0.115753 -0.543416 -0.103815 -0.54258 -0.104313 -0.542413 0.000951605 0.0216645 0.0206702
1.7 -1 -0.438175 -0.361484 -0.428275 -0.36877 -0.428745 -0.369163 0.00108574 0.0217496 0.021409
1.7 -0.9 -0.579342 -0.0335579 -0.575962 -0.0457269 -0.575273 -0.0454778 0.00126728 0.0218596 0.0217044
1.7 -0.8 -0.51106 0.299292 -0.515507 0.287101 -0.515293 0.287156 0.000375242 0.0219926 0.0217017
1.7 -0.7 -0.291039 0.528834 -0.30164 0.520758 -0.30181 0.521126 0.00067398 0.0221446 0.0219421
1.7 -0.6 -0.0126982 0.61409 -0.026238 0.612205 -0.0250631 0.6125 0.00197711 0.0223093 0.0202967
1.7 -0.5 0.243161 0.574421 0.229834 0.578696 0.22998 0.578416 0.000507857 0.0224782 0.0220802
1.7 -0.4 0.432902 0.460479 0.421866 0.46956 0.421736 0.469728 0.000337331 0.0226403 0.0229412
1.7 -0.3 0.549644 0.325363 0.541666 0.337521 0.541381 0.337894 0.000736359 0.022784 0.0234998
1.7 -0.2 0.609034 0.208342 0.603827 0.222123 0.603323 0.221989 0.000811608 0.0228972 0.0229827
1.7 -0.1 0.633163 0.131766 0.62981 0.146234 0.629751 0.146538 0.000479544 0.0229697 0.0234429
1.7 6.38378e-16 0.639122 0.105402 0.636413 0.120046 0.636552 0.119279 0.00120266 0.0229947 0.021788
1.7 0.1 0.633163 0.131766 0.62981 0.146234 0.629751 0.146538 0.000479544 0.0229697 0.0234429
1.7 0.2 0.609034 0.208342 0.603827 0.222123 0.603323 0.221989 0.000811608 0.0228972 0.0229827
1.7 0.3 0.549644 0.325363 0.541666 0.337521 0.541381 0.337894 0.000736359 0.022784 0.0234998
1.7 0.4 0.432902 0.460479 0.421866 0.46956 0.421736 0.469728 0.000337331 0.0226403 0.0229412
1.7 0.5 0.243161 0.574421 0.229834 0.578696 0.22998 0.578416 0.000507857 0.0224782 0.0220802
1.7 0.6 -0.0126982 0.61409 -0.026238 0.612205 -0.0250631 0.6125 0.00197711 0.0223093 0.0202967
1.7 0.7 -0.291039 0.528834 -0.30164 0.520758 -0.30181 0.521126 0.00067398 0.0221446 0.0219421
1.7 0.8 -0.51106 0.299292 -0.515507 0.287101 -0.515293 0.287156 0.000375242 0.0219926 0.0217017
1.7 0.9 -0.579342 -0.0335579 -0.575962 -0.0457269 -0.575273 -0.0454778 0.00126728 0.0218596 0.0217044
1.7 1 -0.438175 -0.361484 -0.428275 -0.36877 -0.428745 -0.369163 0.00108574 0.0217496 0.021409
1.7 1.1 -0.115753 -0.543416 -0.103815 -0.54258 -0.104313 -0.542413 0.000951605 0.0216645 0.0206702
1.7 1.2 0.258432 -0.477757 0.266488 -0.469328 0.266168 -0.469774 0.00101768 0.0216042 0.0204655
1.7 1.3 0.500691 -0.176427 0.500637 -0.165058 0.501556 -0.164666 0.0018948 0.0215671 0.022214
1.7 1.4 0.472811 0.213494 0.46487 0.221243 0.465541 0.220433 0.00204291 0.0215507 0.0193719
1.7 1.5 0.178711 0.474444 0.167883 0.473992 0.16778 0.474317 0.000678419 0.021552 0.0215619
1.7 1.6 -0.214135 0.44689 -0.220921 0.438752 -0.220907 0.438776 5.49464e-05 0.0215683 0.0213271
1.7 1.7 -0.463036 0.142573 -0.461429 0.132331 -0.46105 0.131711 0.00151511 0.0215972 0.0227921
1.7 1.8 -0.405789 -0.24466 -0.397134 -0.249969 -0.397323 -0.249725 0.000657136 0.0216366 0.0208199
1.7 1.9 -0.0797268 -0.456697 -0.0703045 -0.453495 -0.0697367 -0.453762 0.00136725 0.021685 0.0224597
1.8 -2 0.418547 -0.162964 0.417441 -0.153412 0.416791 -0.153229 0.00151766 0.0216205 0.0220226
1.8 -1.9 0.158178 -0.430234 0.16488 -0.423086 0.164245 -0.423517 0.0016912 0.0215786 0.0197445
1.8 -1.8 -0.216534 -0.414861 -0.206549 -0.415243 -0.205784 -0.415783 0.0020192 0.0215451 0.0230558
1.8 -1.7 -0.460331 -0.128337 -0.453833 -0.136196 -0.4539 -0.136069 0.000301696 0.0215213 0.0210458
1.8 -1.6 -0.421513 0.246147 -0.422912 0.235827 -0.42241 0.23587 0.00103955 0.0215087 0.0211351
1.8 -1.5 -0.128884 0.481703 -0.137493 0.475441 -0.137396 0.475441 0.000194946 0.0215091 0.0211915
1.8 -1.4 0.243019 0.447721 0.232265 0.449429 0.23296 0.449066 0.00154895 0.0215246 0.0199232
1.8 -1.3 0.490662 0.173377 0.483911 0.182247 0.484475 0.182684 0.00138034 0.0215575 0.0214772
1.8 -1.2 0.496249 -0.190291 0.497219 -0.178913 0.497225 -0.179024 0.000211141 0.0216098 0.0212778
1.8 -1.1 0.274457 -0.468067 0.28277 -0.459826 0.282755 -0.459968 0.000263505 0.0216831 0.0213699
1.8 -1 -0.0599882 -0.550369 -0.0480602 -0.549035 -0.0475549 -0.549383 0.001113 0.0217776 0.0225284
1.8 -0.9 -0.36699 -0.428843 -0.356299 -0.434944 -0.355997 -0.434699 0.000690317 0.0218925 0.0220667
1.8 -0.8 -0.547832 -0.174215 -0.542147 -0.185482 -0.541689 -0.185014 0.00114249 0.0220252 0.021613
1.8 -0.7 -0.573294 0.115116 -0.574167 0.102215 -0.574573 0.101913 0.000868379 0.0221712 0.022685
1.8 -0.6 -0.472676 0.35951 -0.47955 0.348206 -0.480183 0.348142 0.00107416 0.0223246 0.0229405
1.8 -0.5 -0.303002 0.520223 -0.314099 0.512515 -0.313588 0.512593 0.000859014 0.0224777 0.0216758
1.8 -0.4 -0.119792 0.597154 -0.133104 0.59366 -0.133387 0.593231 0.000845371 0.0226217 0.0232332
1.8 -0.3 0.0389422 0.6135 0.0249718 0.613803 0.0245142 0.61394 0.000777567 0.022747 0.0234813
1.8 -0.2 0.154906 0.599221 0.141125 0.602358 0.140342 0.602821 0.00147045 0.0228445 0.0242392
1.8 -0.1 0.223533 0.579892 0.210147 0.584726 0.210085 0.584705 0.000104304 0.0229065 0.0229834
1.8 6.38378e-16 0.246041 0.571646 0.232833 0.577039 0.232874 0.576468 0.000921304 0.0229277 0.0225303
1.8 0.1 0.223533 0.579892 0.210147 0.584726 0.210085 0.584705 0.000104304 0.0229065 0.0229834
1.8 0.2 0.154906 0.599221 0.141125 0.602358 0.140342 0.602821 0.00147045 0.0228445 0.0242392
1.8 0.3 0.0389422 0.6135 0.0249718 0.613803 0.0245142 0.61394 0.000777567 0.022747 0.0234813
1.8 0.4 -0.119792 0.597154 -0.133104 0.59366 -0.133387 0.593231 0.000845371 0.0226217 0.0232332
1.8 0.5 -0.303002 0.520223 -0.314099 0.512515 -0.313588 0.512593 0.000859014 0.0224777 0.0216758
1.8 0.6 -0.472676 0.35951 -0.47955 0.348206 -0.480183 0.348142 0.00107416 0.0223246 0.0229405
1.8 0.7 -0.573294 0.115116 -0.574167 0.102215 -0.574573 0.101913 0.000868379 0.0221712 0.022685
1.8 0.8 -0.547832 -0.174215 -0.542147 -0.185482 -0.541689 -0.185014 0.00114249 0.0220252 0.021613
1.8 0.9 -0.36699 -0.428843 -0.356299 -0.434944 -0.355997 -0.434699 0.000690317 0.0218925 0.0220667
1.8 1 -0.0599882 -0.550369 -0.0480602 -0.549035 -0.0475549 -0.549383 0.001113 0.0217776 0.0225284
1.8 1.1 0.274457 -0.468067 0.28277 -0.459826 0.282755 -0.459968 0.000263505 0.0216831 0.0213699
1.8 1.2 0.496249 -0.190291 0.497219 -0.178913 0.497225 -0.179024 0.000211141 0.0216098 0.0212778
1.8 1.3 0.490662 0.173377 0.483911 0.182247 0.484475 0.182684 0.00138034 0.0215575 0.0214772
1.8 1.4 0.243019 0.447721 0.232265 0.449429 0.23296 0.449066 0.00154895 0.0215246 0.0199232
1.8 1.5 -0.128884 0.481703 -0.137493 0.475441 -0.137396 0.475441 0.000194946 0.0215091 0.0211915
1.8 1.6 -0.421513 0.246147 -0.422912 0.235827 -0.42241 0.23587 0.00103955 0.0215087 0.0211351
1.8 1.7 -0.460331 -0.128337 -0.453833 -0.136196 -0.4539 -0.136069 0.000301696 0.0215213 0.0210458
1.8 1.8 -0.216534 -0.414861 -0.206549 -0.415243 -0.205784 -0.415783 0.0020192 0.0215451 0.0230558
1.8 1.9 0.158178 -0.430234 0.16488 -0.423086 0.164245 -0.423517 0.0016912 0.0215786 0.0197445
1.9 -2 0.438259 0.0735199 0.432747 0.0812334 0.432856 0.0812736 0.000263516 0.0215309 0.0212661
1.9 -1.9 0.357882 -0.277823 0.360057 -0.268414 0.359606 -0.268753 0.0012576 0.0215023 0.0203761
1.9 -1.8 0.045826 -0.459743 0.0544173 -0.45494 0.0542928 -0.45533 0.000894976 0.0214826 0.0206651
1.9 -1.7 -0.301874 -0.361866 -0.292308 -0.364913 -0.292401 -0.365048 0.000351406 0.0214729 0.0212054
1.9 -1.6 -0.478339 -0.0477928 -0.473773 -0.0569666 -0.474126 -0.0567615 0.000855987 0.0214746 0.0206126
1.9 -1.5 -0.388753 0.298947 -0.392036 0.289009 -0.391895 0.289222 0.000525 0.0214894 0.0208394
1.9 -1.4 -0.0912248 0.491874 -0.100647 0.486809 -0.100074 0.487011 0.00122241 0.0215189 0.0201836
1.9 -1.3 0.254643 0.442144 0.244017 0.444746 0.243845 0.445017 0.000631767 0.0215649 0.021898
1.9 -1.2 0.484786 0.188763 0.478232 0.197837 0.478795 0.197771 0.00109476 0.0216286 0.0207952
1.9 -1.1 0.510516 -0.143154 0.511061 -0.131709 0.511127 -0.131311 0.000762792 0.0217107 0.0223649
1.9 -1 0.343142 -0.416995 0.350564 -0.40791 0.350599 -0.40641 0.00278902 0.0218108 0.023976
1.9 -0.9 0.0654544 -0.545677 0.0769668 -0.542258 0.0769602 -0.54248 0.000405163 0.021927 0.0217285
1.9 -0.8 -0.220671 -0.513329 -0.208808 -0.516534 -0.208766 -0.51645 0.000168573 0.0220566 0.0220265
1.9 -0.7 -0.438501 -0.360033 -0.429456 -0.368752 -0.428925 -0.369013 0.00104449 0.0221951 0.0231383
1.9 -0.6 -0.555587 -0.149246 -0.551129 -0.161273 -0.551296 -0.160556 0.00128153 0.022337 0.021028
1.9 -0.5 -0.579065 0.0616198 -0.57952 0.0485569 -0.579905 0.0476403 0.00170973 0.0224758 0.0240493
1.9 -0.4 -0.538687 0.236616 -0.54338 0.224185 -0.543395 0.224346 0.000274672 0.022604 0.0223366
1.9 -0.3 -0.469539 0.362555 -0.477358 0.351591 -0.47667 0.35236 0.00174062 0.022714 0.0209723
1.9 -0.2 -0.401031 0.441965 -0.410853 0.432556 -0.410002 0.433023 0.0016268 0.0227987 0.021224
1.9 -0.1 -0.352917 0.48396 -0.363807 0.475673 -0.364051 0.475109 0.00102483 0.0228521 0.0237463
1.9 6.38378e-16 -0.335796 0.496878 -0.347017 0.488995 -0.34745 0.491387 0.00405499 0.0228703 0.0214816
1.9 0.1 -0.352917 0.48396 -0.363807 0.475673 -0.364051 0.475109 0.00102483 0.0228521 0.0237463
1.9 0.2 -0.401031 0.441965 -0.410853 0.432556 -0.410002 0.433023 0.0016268 0.0227987 0.021224
1.9 0.3 -0.469539 0.362555 -0.477358 0.351591 -0.47667 0.35236 0.00174062 0.022714 0.0209723
1.9 0.4 -0.538687 0.236616 -0.54338 0.224185 -0.543395 0.224346 0.000274672 0.022604 0.0223366
1.9 0.5 -0.579065 0.0616198 -0.57952 0.0485569 -0.579905 0.0476403 0.00170973 0.0224758 0.0240493
1.9 0.6 -0.555587 -0.149246 -0.551129 -0.161273 -0.551296 -0.160556 0.00128153 0.022337 0.021028
1.9 0.7 -0.438501 -0.360033 -0.429456 -0.368752 -0.428925 -0.369013 0.00104449 0.0221951 0.0231383
1.9 0.8 -0.220671 -0.513329 -0.208808 -0.516534 -0.208766 -0.51645 0.000168573 0.0220566 0.0220265
1.9 0.9 0.0654544 -0.545677 0.0769668 -0.542258 0.0769602 -0.54248 0.000405163 0.021927 0.0217285
1.9 1 0.343142 -0.416995 0.350564 -0.40791 0.350599 -0.40641 0.00278902 0.0218108 0.023976
1.9 1.1 0.510516 -0.143154 0.511061 -0.131709 0.511127 -0.131311 0.000762792 0.0217107 0.0223649
1.9 1.2 0.484786 0.188763 0.478232 0.197837 0.478795 0.197771 0.00109476 0.0216286 0.0207952
1.9 1.3 0.254643 0.442144 0.244017 0.444746 0.243845 0.445017 0.000631767 0.0215649 0.021898
1.9 1.4 -0.0912248 0.491874 -0.100647 0.486809 -0.100074 0.487011 0.00122241 0.0215189 0.0201836
1.9 1.5 -0.388753 0.298947 -0.392036 0.289009 -0.391895 0.289222 0.000525 0.0214894 0.0208394
1.9 1.6 -0.478339 -0.0477928 -0.473773 -0.0569666 -0.474126 -0.0567615 0.000855987 0.0214746 0.0206126
1.9 1.7 -0.301874 -0.361866 -0.292308 -0.364913 -0.292401 -0.365048 0.000351406 0.0214729 0.0212054
1.9 1.8 0.045826 -0.459743 0.0544173 -0.45494 0.0542928 -0.45533 0.000894976 0.0214826 0.0206651
1.9 1.9 0.357882 -0.277823 0.360057 -0.268414 0.359606 -0.268753 0.0012576 0.0215023 0.0203761
