-10 -10 0.113178 -0.0944852
-10 -9.8 -0.0623344 -0.135991
-10 -9.6 -0.150167 0.0225485
-10 -9.4 -0.0225762 0.152469
-10 -9.2 0.140193 0.0692544
-10 -9 0.112243 -0.111873
-10 -8.8 -0.0680744 -0.145202
-10 -8.6 -0.161507 0.0121409
-10 -8.4 -0.0493719 0.155529
-10 -8.2 0.124326 0.106869
-10 -8 0.148819 -0.0694296
-10 -7.8 0.00177425 -0.163973
-10 -7.6 -0.144596 -0.0758146
-10 -7.4 -0.134805 0.0901172
-10 -7.2 0.0100205 0.160483
-10 -7 0.140324 0.0756623
-10 -6.8 0.13985 -0.0742637
-10 -6.6 0.0207651 -0.156569
-10 -6.4 -0.112385 -0.111935
-10 -6.2 -0.159869 0.0169915
-10 -6 -0.0934 0.135639
-10 -5.8 0.039625 0.16582
-10 -5.6 0.154538 0.0884938
-10 -5.4 0.180031 -0.0511121
-10 -5.2 0.0973476 -0.171461
-10 -5 -0.049692 -0.201465
-10 -4.8 -0.180403 -0.121363
-10 -4.6 -0.22457 0.0271889
-10 -4.4 -0.161501 0.168197
-10 -4.2 -0.02642 0.236324
-10 -4 0.116261 0.209673
-10 -3.8 0.211114 0.112208
-10 -3.6 0.236183 -0.00934985
-10 -3.4 0.2029 -0.114384
-10 -3.2 0.138463 -0.184874
-10 -3 0.0661201 -0.224111
-10 -2.8 -0.00487695 -0.244382
-10 -2.6 -0.0774339 -0.254419
-10 -2.4 -0.15818 -0.253799
-10 -2.2 -0.249514 -0.235014
-10 -2 -0.346426 -0.189532
-10 -1.8 -0.438325 -0.113366
-10 -1.6 -0.51353 -0.00949479
-10 -1.4 -0.563594 0.113079
-10 -1.2 -0.585715 0.242269
-10 -1 -0.582858 0.366123
-10 -0.8 -0.562236 0.475098
-10 -0.6 -0.5331 0.562967
-10 -0.4 -0.504623 0.626547
-10 -0.2 -0.484307 0.664743
-10 0 -0.476981 0.677453
-10 0.2 -0.484307 0.664743
-10 0.4 -0.504623 0.626547
-10 0.6 -0.5331 0.562967
-10 0.8 -0.562236 0.475098
-10 1 -0.582858 0.366123
-10 1.2 -0.585715 0.242269
-10 1.4 -0.563594 0.113079
-10 1.6 -0.51353 -0.00949479
-10 1.8 -0.438325 -0.113366
-10 2 -0.346426 -0.189532
-10 2.2 -0.249514 -0.235014
-10 2.4 -0.15818 -0.253799
-10 2.6 -0.0774339 -0.254419
-10 2.8 -0.00487695 -0.244382
-10 3 0.0661201 -0.224111
-10 3.2 0.138463 -0.184874
-10 3.4 0.2029 -0.114384
-10 3.6 0.236183 -0.00934985
-10 3.8 0.211114 0.112208
-10 4 0.116261 0.209673
-10 4.2 -0.02642 0.236324
-10 4.4 -0.161501 0.168197
-10 4.6 -0.22457 0.0271889
-10 4.8 -0.180403 -0.121363
-10 5 -0.049692 -0.201465
-10 5.2 0.0973476 -0.171461
-10 5.4 0.180031 -0.0511121
-10 5.6 0.154538 0.0884938
-10 5.8 0.039625 0.16582
-10 6 -0.0934 0.135639
-10 6.2 -0.159869 0.0169915
-10 6.4 -0.112385 -0.111935
-10 6.6 0.0207651 -0.156569
-10 6.8 0.13985 -0.0742637
-10 7 0.140324 0.0756623
-10 7.2 0.0100205 0.160483
-10 7.4 -0.134805 0.0901172
-10 7.6 -0.144596 -0.0758146
-10 7.8 0.00177425 -0.163973
-10 8 0.148819 -0.0694296
-10 8.2 0.124326 0.106869
-10 8.4 -0.0493719 0.155529
-10 8.6 -0.161507 0.0121409
-10 8.8 -0.0680744 -0.145202
-10 9 0.112243 -0.111873
-10 9.2 0.140193 0.0692544
-10 9.4 -0.0225762 0.152469
-10 9.6 -0.150167 0.0225485
-10 9.8 -0.0623344 -0.135991
-9.8 -10 -0.0864388 -0.118759
-9.8 -9.8 -0.13856 0.0546922
-9.8 -9.6 0.0162605 0.150313
-9.8 -9.4 0.151148 0.0268298
-9.8 -9.2 0.0712464 -0.13862
-9.8 -9 -0.111316 -0.112345
-9.8 -8.8 -0.144438 0.0695491
-9.8 -8.6 0.0160535 0.16144
-9.8 -8.4 0.157944 0.0435524
-9.8 -8.2 0.100778 -0.130692
-9.8 -8 -0.0802218 -0.145049
-9.8 -7.8 -0.165499 0.0122865
-9.8 -7.6 -0.0615828 0.153751
-9.8 -7.4 0.107305 0.125092
-9.8 -7.2 0.160333 -0.0325978
-9.8 -7 0.0536869 -0.153077
-9.8 -6.8 -0.099213 -0.126663
-9.8 -6.6 -0.159674 0.0100953
-9.8 -6.4 -0.0864188 0.134576
-9.8 -6.2 0.0528476 0.152243
-9.8 -6 0.153438 0.0580247
-9.8 -5.8 0.149234 -0.0789871
-9.8 -5.6 0.0450083 -0.169749
-9.8 -5.4 -0.0954279 -0.157483
-9.8 -5.2 -0.188365 -0.04638
-9.8 -5 -0.177126 0.102308
-9.8 -4.8 -0.0640747 0.205316
-9.8 -4.6 0.0914465 0.205368
-9.8 -4.4 0.209093 0.102745
-9.8 -4.2 0.233766 -0.0493944
-9.8 -4 0.161958 -0.180116
-9.8 -3.8 0.0344336 -0.240278
-9.8 -3.6 -0.0940671 -0.221693
-9.8 -3.4 -0.184876 -0.149205
-9.8 -3.2 -0.227825 -0.0575826
-9.8 -3 -0.234301 0.0289948
-9.8 -2.8 -0.221238 0.104098
-9.8 -2.6 -0.198245 0.173467
-9.8 -2.4 -0.164055 0.244394
-9.8 -2.2 -0.111008 0.317886
-9.8 -2 -0.0323445 0.387083
-9.8 -1.8 0.0725726 0.440831
-9.8 -1.6 0.19717 0.469032
-9.8 -1.4 0.33003 0.466748
-9.8 -1.2 0.458672 0.435645
-9.8 -1 0.572834 0.382998
-9.8 -0.8 0.666202 0.319364
-9.8 -0.6 0.736483 0.256046
-9.8 -0.4 0.784327 0.20312
-9.8 -0.2 0.811747 0.168237
-9.8 0 0.820637 0.156086
-9.8 0.2 0.811747 0.168237
-9.8 0.4 0.784327 0.20312
-9.8 0.6 0.736483 0.256046
-9.8 0.8 0.666202 0.319364
-9.8 1 0.572834 0.382998
-9.8 1.2 0.458672 0.435645
-9.8 1.4 0.33003 0.466748
-9.8 1.6 0.19717 0.469032
-9.8 1.8 0.0725726 0.440831
-9.8 2 -0.0323445 0.387083
-9.8 2.2 -0.111008 0.317886
-9.8 2.4 -0.164055 0.244394
-9.8 2.6 -0.198245 0.173467
-9.8 2.8 -0.221238 0.104098
-9.8 3 -0.234301 0.0289948
-9.8 3.2 -0.227825 -0.0575826
-9.8 3.4 -0.184876 -0.149205
-9.8 3.6 -0.0940671 -0.221693
-9.8 3.8 0.0344336 -0.240278
-9.8 4 0.161958 -0.180116
-9.8 4.2 0.233766 -0.0493944
-9.8 4.4 0.209093 0.102745
-9.8 4.6 0.0914465 0.205368
-9.8 4.8 -0.0640747 0.205316
-9.8 5 -0.177126 0.102308
-9.8 5.2 -0.188365 -0.04638
-9.8 5.4 -0.0954279 -0.157483
-9.8 5.6 0.0450083 -0.169749
-9.8 5.8 0.149234 -0.0789871
-9.8 6 0.153438 0.0580247
-9.8 6.2 0.0528476 0.152243
-9.8 6.4 -0.0864188 0.134576
-9.8 6.6 -0.159674 0.0100953
-9.8 6.8 -0.099213 -0.126663
-9.8 7 0.0536869 -0.153077
-9.8 7.2 0.160333 -0.0325978
-9.8 7.4 0.107305 0.125092
-9.8 7.6 -0.0615828 0.153751
-9.8 7.8 -0.165499 0.0122865
-9.8 8 -0.0802218 -0.145049
-9.8 8.2 0.100778 -0.130692
-9.8 8.4 0.157944 0.0435524
-9.8 8.6 0.0160535 0.16144
-9.8 8.8 -0.144438 0.0695491
-9.8 9 -0.111316 -0.112345
-9.8 9.2 0.0712464 -0.13862
-9.8 9.4 0.151148 0.0268298
-9.8 9.6 0.0162605 0.150313
-9.8 9.8 -0.13856 0.0546922
-9.6 -10 -0.124745 0.0767574
-9.6 -9.8 0.0454611 0.141272
-9.6 -9.6 0.150307 -0.00842391
-9.6 -9.4 0.0325557 -0.149328
-9.6 -9.2 -0.136158 -0.0745418
-9.6 -9 -0.113432 0.109475
-9.6 -8.8 0.0694281 0.144155
-9.6 -8.6 0.161179 -0.0182566
-9.6 -8.4 0.0392367 -0.159409
-9.6 -8.2 -0.135444 -0.0955861
-9.6 -8 -0.141204 0.0890693
-9.6 -7.8 0.0246531 0.165793
-9.6 -7.6 0.160697 0.0480779
-9.6 -7.4 0.114527 -0.121964
-9.6 -7.2 -0.0534091 -0.157586
-9.6 -7 -0.162082 -0.0315204
-9.6 -6.8 -0.110581 0.120715
-9.6 -6.6 0.039775 0.157527
-9.6 -6.4 0.150984 0.0581898
-9.6 -6.2 0.137888 -0.0853811
-9.6 -6 0.0206349 -0.162744
-9.6 -5.8 -0.11247 -0.124494
-9.6 -5.6 -0.173554 -0.000233308
-9.6 -5.4 -0.124942 0.131417
-9.6 -5.2 0.00599663 0.190688
-9.6 -5 0.14493 0.13978
-9.6 -4.8 0.212294 0.00328039
-9.6 -4.6 0.168392 -0.14599
-9.6 -4.4 0.0351375 -0.229491
-9.6 -4.2 -0.119776 -0.207359
-9.6 -4 -0.224464 -0.0961253
-9.6 -3.8 -0.241153 0.0486589
-9.6 -3.6 -0.178012 0.16851
-9.6 -3.4 -0.0729282 0.2311
-9.6 -3.2 0.0341328 0.236961
-9.6 -3 0.120855 0.206399
-9.6 -2.8 0.185644 0.160431
-9.6 -2.6 0.237974 0.108639
-9.6 -2.4 0.286022 0.0484096
-9.6 -2.2 0.329618 -0.0280319
-9.6 -2 0.360685 -0.125487
-9.6 -1.8 0.368506 -0.241396
-9.6 -1.6 0.345583 -0.366366
-9.6 -1.4 0.291063 -0.487908
-9.6 -1.2 0.210941 -0.594755
-9.6 -1 0.115936 -0.679835
-9.6 -0.8 0.0185354 -0.741173
-9.6 -0.6 -0.069545 -0.781032
-9.6 -0.4 -0.138901 -0.804085
-9.6 -0.2 -0.182997 -0.815391
-9.6 0 -0.198097 -0.818702
-9.6 0.2 -0.182997 -0.815391
-9.6 0.4 -0.138901 -0.804085
-9.6 0.6 -0.069545 -0.781032
-9.6 0.8 0.0185354 -0.741173
-9.6 1 0.115936 -0.679835
-9.6 1.2 0.210941 -0.594755
-9.6 1.4 0.291063 -0.487908
-9.6 1.6 0.345583 -0.366366
-9.6 1.8 0.368506 -0.241396
-9.6 2 0.360685 -0.125487
-9.6 2.2 0.329618 -0.0280319
-9.6 2.4 0.286022 0.0484096
-9.6 2.6 0.237974 0.108639
-9.6 2.8 0.185644 0.160431
-9.6 3 0.120855 0.206399
-9.6 3.2 0.0341328 0.236961
-9.6 3.4 -0.0729282 0.2311
-9.6 3.6 -0.178012 0.16851
-9.6 3.8 -0.241153 0.0486589
-9.6 4 -0.224464 -0.0961253
-9.6 4.2 -0.119776 -0.207359
-9.6 4.4 0.0351375 -0.229491
-9.6 4.6 0.168392 -0.14599
-9.6 4.8 0.212294 0.00328039
-9.6 5 0.14493 0.13978
-9.6 5.2 0.00599663 0.190688
-9.6 5.4 -0.124942 0.131417
-9.6 5.6 -0.173554 -0.000233308
-9.6 5.8 -0.11247 -0.124494
-9.6 6 0.0206349 -0.162744
-9.6 6.2 0.137888 -0.0853811
-9.6 6.4 0.150984 0.0581898
-9.6 6.6 0.039775 0.157527
-9.6 6.8 -0.110581 0.120715
-9.6 7 -0.162082 -0.0315204
-9.6 7.2 -0.0534091 -0.157586
-9.6 7.4 0.114527 -0.121964
-9.6 7.6 0.160697 0.0480779
-9.6 7.8 0.0246531 0.165793
-9.6 8 -0.141204 0.0890693
-9.6 8.2 -0.135444 -0.0955861
-9.6 8.4 0.0392367 -0.159409
-9.6 8.6 0.161179 -0.0182566
-9.6 8.8 0.0694281 0.144155
-9.6 9 -0.113432 0.109475
-9.6 9.2 -0.136158 -0.0745418
-9.6 9.4 0.0325557 -0.149328
-9.6 9.6 0.150307 -0.00842391
-9.6 9.8 0.0454611 0.141272
-9.4 -10 0.0652218 0.130889
-9.4 -9.8 0.143907 -0.0345192
-9.4 -9.6 0.00100606 -0.149974
-9.4 -9.4 -0.146892 -0.0397483
-9.4 -9.2 -0.0791182 0.132748
-9.4 -9 0.106345 0.115501
-9.4 -8.8 0.144398 -0.0677289
-9.4 -8.6 -0.0187459 -0.160829
-9.4 -8.4 -0.160068 -0.0365023
-9.4 -8.2 -0.0914854 0.138712
-9.4 -8 0.0960078 0.137592
-9.4 -7.8 0.16522 -0.0351742
-9.4 -7.6 0.035692 -0.165729
-9.4 -7.4 -0.134149 -0.103706
-9.4 -7.2 -0.152874 0.0721151
-9.4 -7 -0.00992454 0.167721
-9.4 -6.8 0.13859 0.0925954
-9.4 -6.6 0.15092 -0.0673783
-9.4 -6.4 0.0286698 -0.161656
-9.4 -6.2 -0.113524 -0.118124
-9.4 -6 -0.16388 0.0167673
-9.4 -5.8 -0.0936113 0.138725
-9.4 -5.6 0.0430191 0.166561
-9.4 -5.4 0.157229 0.0852619
-9.4 -5.2 0.17917 -0.0558552
-9.4 -5 0.0931399 -0.174745
-9.4 -4.8 -0.0556406 -0.201672
-9.4 -4.6 -0.18627 -0.117837
-9.4 -4.4 -0.228179 0.0343716
-9.4 -4.2 -0.160567 0.177534
-9.4 -4 -0.0199041 0.244748
-9.4 -3.8 0.127049 0.213955
-9.4 -3.6 0.22313 0.110867
-9.4 -3.4 0.246617 -0.0154299
-9.4 -3.2 0.2108 -0.123155
-9.4 -3 0.144743 -0.195042
-9.4 -2.8 0.0721657 -0.236236
-9.4 -2.6 0.00121987 -0.260538
-9.4 -2.4 -0.0727873 -0.276966
-9.4 -2.2 -0.157883 -0.284233
-9.4 -2 -0.256939 -0.273566
-9.4 -1.8 -0.364629 -0.235506
-9.4 -1.6 -0.46976 -0.165806
-9.4 -1.4 -0.560192 -0.0677703
-9.4 -1.2 -0.627316 0.0489697
-9.4 -1 -0.668327 0.171623
-9.4 -0.8 -0.686097 0.28752
-9.4 -0.6 -0.687389 0.386332
-9.4 -0.4 -0.680466 0.460904
-9.4 -0.2 -0.672854 0.507004
-9.4 0 -0.66971 0.522569
-9.4 0.2 -0.672854 0.507004
-9.4 0.4 -0.680466 0.460904
-9.4 0.6 -0.687389 0.386332
-9.4 0.8 -0.686097 0.28752
-9.4 1 -0.668327 0.171623
-9.4 1.2 -0.627316 0.0489697
-9.4 1.4 -0.560192 -0.0677703
-9.4 1.6 -0.46976 -0.165806
-9.4 1.8 -0.364629 -0.235506
-9.4 2 -0.256939 -0.273566
-9.4 2.2 -0.157883 -0.284233
-9.4 2.4 -0.0727873 -0.276966
-9.4 2.6 0.00121987 -0.260538
-9.4 2.8 0.0721657 -0.236236
-9.4 3 0.144743 -0.195042
-9.4 3.2 0.2108 -0.123155
-9.4 3.4 0.246617 -0.0154299
-9.4 3.6 0.22313 0.110867
-9.4 3.8 0.127049 0.213955
-9.4 4 -0.0199041 0.244748
-9.4 4.2 -0.160567 0.177534
-9.4 4.4 -0.228179 0.0343716
-9.4 4.6 -0.18627 -0.117837
-9.4 4.8 -0.0556406 -0.201672
-9.4 5 0.0931399 -0.174745
-9.4 5.2 0.17917 -0.0558552
-9.4 5.4 0.157229 0.0852619
-9.4 5.6 0.0430191 0.166561
-9.4 5.8 -0.0936113 0.138725
-9.4 6 -0.16388 0.0167673
-9.4 6.2 -0.113524 -0.118124
-9.4 6.4 0.0286698 -0.161656
-9.4 6.6 0.15092 -0.0673783
-9.4 6.8 0.13859 0.0925954
-9.4 7 -0.00992454 0.167721
-9.4 7.2 -0.152874 0.0721151
-9.4 7.4 -0.134149 -0.103706
-9.4 7.6 0.035692 -0.165729
-9.4 7.8 0.16522 -0.0351742
-9.4 8 0.0960078 0.137592
-9.4 8.2 -0.0914854 0.138712
-9.4 8.4 -0.160068 -0.0365023
-9.4 8.6 -0.0187459 -0.160829
-9.4 8.8 0.144398 -0.0677289
-9.4 9 0.106345 0.115501
-9.4 9.2 -0.0791182 0.132748
-9.4 9.4 -0.146892 -0.0397483
-9.4 9.6 0.00100606 -0.149974
-9.4 9.8 0.143907 -0.0345192
-9.2 -10 0.136844 -0.0515837
-9.2 -9.8 -0.0217253 -0.146163
-9.2 -9.6 -0.14907 -0.0120838
-9.2 -9.4 -0.0484016 0.143665
-9.2 -9.2 0.12829 0.0849409
-9.2 -9 0.118523 -0.101888
-9.2 -8.8 -0.0644541 -0.145176
-9.2 -8.6 -0.160454 0.0175243
-9.2 -8.4 -0.0353955 0.160035
-9.2 -8.2 0.140622 0.0886162
-9.2 -8 0.134465 -0.1011
-9.2 -7.8 -0.0437625 -0.16411
-9.2 -7.6 -0.169159 -0.0247304
-9.2 -7.4 -0.09315 0.143995
-9.2 -7.2 0.0885124 0.146818
-9.2 -7 0.170475 -0.0104806
-9.2 -6.8 0.073641 -0.152873
-9.2 -6.6 -0.0922626 -0.140756
-9.2 -6.4 -0.166946 0.000872102
-9.2 -6.2 -0.0943767 0.136621
-9.2 -6 0.0524632 0.157603
-9.2 -5.8 0.157033 0.0587144
-9.2 -5.6 0.150019 -0.0823718
-9.2 -5.4 0.0414956 -0.171929
-9.2 -5.2 -0.0998376 -0.155526
-9.2 -5 -0.190227 -0.041358
-9.2 -4.8 -0.175301 0.107884
-9.2 -4.6 -0.0588901 0.209381
-9.2 -4.4 0.0990503 0.206189
-9.2 -4.2 0.217182 0.0988621
-9.2 -4 0.239338 -0.0581086
-9.2 -3.8 0.162305 -0.191612
-9.2 -3.6 0.0288735 -0.251175
-9.2 -3.4 -0.103899 -0.229321
-9.2 -3.2 -0.196539 -0.153023
-9.2 -3 -0.240033 -0.0587983
-9.2 -2.8 -0.247748 0.0291014
-9.2 -2.6 -0.237876 0.105726
-9.2 -2.4 -0.219821 0.178699
-9.2 -2.2 -0.191014 0.256484
-9.2 -2 -0.142327 0.340172
-9.2 -1.8 -0.0661157 0.422262
-9.2 -1.6 0.0383459 0.490867
-9.2 -1.4 0.164006 0.535517
-9.2 -1.2 0.298747 0.55134
-9.2 -1 0.429372 0.540307
-9.2 -0.8 0.544874 0.509951
-9.2 -0.6 0.637997 0.470789
-9.2 -0.4 0.705166 0.433621
-9.2 -0.2 0.745359 0.407425
-9.2 0 0.758697 0.398024
-9.2 0.2 0.745359 0.407425
-9.2 0.4 0.705166 0.433621
-9.2 0.6 0.637997 0.470789
-9.2 0.8 0.544874 0.509951
-9.2 1 0.429372 0.540307
-9.2 1.2 0.298747 0.55134
-9.2 1.4 0.164006 0.535517
-9.2 1.6 0.0383459 0.490867
-9.2 1.8 -0.0661157 0.422262
-9.2 2 -0.142327 0.340172
-9.2 2.2 -0.191014 0.256484
-9.2 2.4 -0.219821 0.178699
-9.2 2.6 -0.237876 0.105726
-9.2 2.8 -0.247748 0.0291014
-9.2 3 -0.240033 -0.0587983
-9.2 3.2 -0.196539 -0.153023
-9.2 3.4 -0.103899 -0.229321
-9.2 3.6 0.0288735 -0.251175
-9.2 3.8 0.162305 -0.191612
-9.2 4 0.239338 -0.0581086
-9.2 4.2 0.217182 0.0988621
-9.2 4.4 0.0990503 0.206189
-9.2 4.6 -0.0588901 0.209381
-9.2 4.8 -0.175301 0.107884
-9.2 5 -0.190227 -0.041358
-9.2 5.2 -0.0998376 -0.155526
-9.2 5.4 0.0414956 -0.171929
-9.2 5.6 0.150019 -0.0823718
-9.2 5.8 0.157033 0.0587144
-9.2 6 0.0524632 0.157603
-9.2 6.2 -0.0943767 0.136621
-9.2 6.4 -0.166946 0.000872102
-9.2 6.6 -0.0922626 -0.140756
-9.2 6.8 0.073641 -0.152873
-9.2 7 0.170475 -0.0104806
-9.2 7.2 0.0885124 0.146818
-9.2 7.4 -0.09315 0.143995
-9.2 7.6 -0.169159 -0.0247304
-9.2 7.8 -0.0437625 -0.16411
-9.2 8 0.134465 -0.1011
-9.2 8.2 0.140622 0.0886162
-9.2 8.4 -0.0353955 0.160035
-9.2 8.6 -0.160454 0.0175243
-9.2 8.8 -0.0644541 -0.145176
-9.2 9 0.118523 -0.101888
-9.2 9.2 0.12829 0.0849409
-9.2 9.4 -0.0484016 0.143665
-9.2 9.6 -0.14907 -0.0120838
-9.2 9.8 -0.0217253 -0.146163
-9 -10 -0.0355876 -0.142134
-9 -9.8 -0.147636 0.00693585
-9 -9.6 -0.0248615 0.147267
-9 -9.4 0.139403 0.0585011
-9 -9.2 0.091959 -0.122626
-9 -9 -0.0960255 -0.122443
-9 -8.8 -0.146464 0.0595821
-9 -8.6 0.0145923 0.160082
-9 -8.4 0.159393 0.0359414
-9 -8.2 0.0870762 -0.141283
-9 -8 -0.104423 -0.132023
-9 -7.8 -0.162755 0.0503825
-9 -7.6 -0.0154177 0.171292
-9 -7.4 0.15169 0.0833006
-9 -7.2 0.140005 -0.102515
-9 -7 -0.0292185 -0.170881
-9 -6.8 -0.163764 -0.054554
-9 -6.6 -0.127981 0.114029
-9 -6.4 0.0293683 0.167445
-9 -6.2 0.154401 0.0680776
-9 -6 0.144996 -0.0850889
-9 -5.8 0.0218848 -0.167259
-9 -5.6 -0.116 -0.125633
-9 -5.4 -0.175457 0.00337276
-9 -5.2 -0.122191 0.135364
-9 -5 0.0113881 0.191124
-9 -4.8 0.149609 0.136223
-9 -4.6 0.2142 -0.0028688
-9 -4.4 0.16652 -0.153063
-9 -4.2 0.0289855 -0.23543
-9 -4 -0.129501 -0.209551
-9 -3.8 -0.235198 -0.0926028
-9 -3.6 -0.249452 0.0577035
-9 -3.4 -0.181584 0.180739
-9 -3.2 -0.0717892 0.243781
-9 -3 0.0384119 0.248884
-9 -2.8 0.127045 0.21838
-9 -2.6 0.1943 0.174206
-9 -2.4 0.251498 0.125237
-9 -2.2 0.307634 0.0671922
-9 -2 0.362161 -0.00925817
-9 -1.8 0.406033 -0.109646
-9 -1.6 0.42772 -0.231279
-9 -1.4 0.419479 -0.364156
-9 -1.2 0.380774 -0.495102
-9 -1 0.318215 -0.612256
-9 -0.8 0.243132 -0.70793
-9 -0.6 0.168429 -0.779256
-9 -0.4 0.105925 -0.827095
-9 -0.2 0.0646989 -0.854097
-9 0 0.0503336 -0.862766
-9 0.2 0.0646989 -0.854097
-9 0.4 0.105925 -0.827095
-9 0.6 0.168429 -0.779256
-9 0.8 0.243132 -0.70793
-9 1 0.318215 -0.612256
-9 1.2 0.380774 -0.495102
-9 1.4 0.419479 -0.364156
-9 1.6 0.42772 -0.231279
-9 1.8 0.406033 -0.109646
-9 2 0.362161 -0.00925817
-9 2.2 0.307634 0.0671922
-9 2.4 0.251498 0.125237
-9 2.6 0.1943 0.174206
-9 2.8 0.127045 0.21838
-9 3 0.0384119 0.248884
-9 3.2 -0.0717892 0.243781
-9 3.4 -0.181584 0.180739
-9 3.6 -0.249452 0.0577035
-9 3.8 -0.235198 -0.0926028
-9 4 -0.129501 -0.209551
-9 4.2 0.0289855 -0.23543
-9 4.4 0.16652 -0.153063
-9 4.6 0.2142 -0.0028688
-9 4.8 0.149609 0.136223
-9 5 0.0113881 0.191124
-9 5.2 -0.122191 0.135364
-9 5.4 -0.175457 0.00337276
-9 5.6 -0.116 -0.125633
-9 5.8 0.0218848 -0.167259
-9 6 0.144996 -0.0850889
-9 6.2 0.154401 0.0680776
-9 6.4 0.0293683 0.167445
-9 6.6 -0.127981 0.114029
-9 6.8 -0.163764 -0.054554
-9 7 -0.0292185 -0.170881
-9 7.2 0.140005 -0.102515
-9 7.4 0.15169 0.0833006
-9 7.6 -0.0154177 0.171292
-9 7.8 -0.162755 0.0503825
-9 8 -0.104423 -0.132023
-9 8.2 0.0870762 -0.141283
-9 8.4 0.159393 0.0359414
-9 8.6 0.0145923 0.160082
-9 8.8 -0.146464 0.0595821
-9 9 -0.0960255 -0.122443
-9 9.2 0.091959 -0.122626
-9 9.4 0.139403 0.0585011
-9 9.6 -0.0248615 0.147267
-9 9.8 -0.147636 0.00693585
-8.8 -10 -0.146108 0.0170137
-8.8 -9.8 -0.00996217 0.147782
-8.8 -9.6 0.14413 0.0393638
-8.8 -9.4 0.0700059 -0.133777
-8.8 -9.2 -0.11553 -0.100094
-8.8 -9 -0.127177 0.0886262
-8.8 -8.8 0.0530583 0.148201
-8.8 -8.6 0.159699 -0.00993812
-8.8 -8.4 0.0381531 -0.158185
-8.8 -8.2 -0.14078 -0.0869291
-8.8 -8 -0.130416 0.106059
-8.8 -7.8 0.0550366 0.161395
-8.8 -7.6 0.172414 0.00790794
-8.8 -7.4 0.0745142 -0.157457
-8.8 -7.2 -0.114129 -0.132962
-8.8 -7 -0.169493 0.0459488
-8.8 -6.8 -0.0360514 0.171594
-8.8 -6.6 0.132499 0.113524
-8.8 -6.4 0.163907 -0.0559785
-8.8 -6.2 0.0405716 -0.166938
-8.8 -6 -0.11367 -0.12734
-8.8 -5.8 -0.169775 0.0149824
-8.8 -5.6 -0.0953798 0.142688
-8.8 -5.4 0.0466497 0.168508
-8.8 -5.2 0.160745 0.0820266
-8.8 -5 0.178336 -0.0612557
-8.8 -4.8 0.0882712 -0.178179
-8.8 -4.6 -0.0620362 -0.201323
-8.8 -4.4 -0.191989 -0.113662
-8.8 -4.2 -0.231376 0.0418737
-8.8 -4 -0.159313 0.186999
-8.8 -3.8 -0.0131101 0.253398
-8.8 -3.6 0.138348 0.218581
-8.8 -3.4 0.236029 0.109767
-8.8 -3.2 0.258253 -0.0215682
-8.8 -3 0.220156 -0.132357
-8.8 -2.8 0.152785 -0.206082
-8.8 -2.6 0.0803936 -0.249892
-8.8 -2.4 0.00995271 -0.279275
-8.8 -2.2 -0.0651649 -0.303604
-8.8 -2 -0.154481 -0.320729
-8.8 -1.8 -0.261332 -0.320616
-8.8 -1.6 -0.380001 -0.292968
-8.8 -1.4 -0.498587 -0.233463
-8.8 -1.2 -0.604371 -0.145965
-8.8 -1 -0.688392 -0.0409705
-8.8 -0.8 -0.747521 0.0678274
-8.8 -0.6 -0.783994 0.166938
-8.8 -0.4 -0.803332 0.245315
-8.8 -0.2 -0.811764 0.295253
-8.8 0 -0.813997 0.312367
-8.8 0.2 -0.811764 0.295253
-8.8 0.4 -0.803332 0.245315
-8.8 0.6 -0.783994 0.166938
-8.8 0.8 -0.747521 0.0678274
-8.8 1 -0.688392 -0.0409705
-8.8 1.2 -0.604371 -0.145965
-8.8 1.4 -0.498587 -0.233463
-8.8 1.6 -0.380001 -0.292968
-8.8 1.8 -0.261332 -0.320616
-8.8 2 -0.154481 -0.320729
-8.8 2.2 -0.0651649 -0.303604
-8.8 2.4 0.00995271 -0.279275
-8.8 2.6 0.0803936 -0.249892
-8.8 2.8 0.152785 -0.206082
-8.8 3 0.220156 -0.132357
-8.8 3.2 0.258253 -0.0215682
-8.8 3.4 0.236029 0.109767
-8.8 3.6 0.138348 0.218581
-8.8 3.8 -0.0131101 0.253398
-8.8 4 -0.159313 0.186999
-8.8 4.2 -0.231376 0.0418737
-8.8 4.4 -0.191989 -0.113662
-8.8 4.6 -0.0620362 -0.201323
-8.8 4.8 0.0882712 -0.178179
-8.8 5 0.178336 -0.0612557
-8.8 5.2 0.160745 0.0820266
-8.8 5.4 0.0466497 0.168508
-8.8 5.6 -0.0953798 0.142688
-8.8 5.8 -0.169775 0.0149824
-8.8 6 -0.11367 -0.12734
-8.8 6.2 0.0405716 -0.166938
-8.8 6.4 0.163907 -0.0559785
-8.8 6.6 0.132499 0.113524
-8.8 6.8 -0.0360514 0.171594
-8.8 7 -0.169493 0.0459488
-8.8 7.2 -0.114129 -0.132962
-8.8 7.4 0.0745142 -0.157457
-8.8 7.6 0.172414 0.00790794
-8.8 7.8 0.0550366 0.161395
-8.8 8 -0.130416 0.106059
-8.8 8.2 -0.14078 -0.0869291
-8.8 8.4 0.0381531 -0.158185
-8.8 8.6 0.159699 -0.00993812
-8.8 8.8 0.0530583 0.148201
-8.8 9 -0.127177 0.0886262
-8.8 9.2 -0.11553 -0.100094
-8.8 9.4 0.0700059 -0.133777
-8.8 9.6 0.14413 0.0393638
-8.8 9.8 -0.00996217 0.147782
-8.6 -10 -0.00425031 0.147908
-8.6 -9.8 0.145892 0.0289949
-8.6 -9.6 0.0555449 -0.13909
-8.6 -9.4 -0.126353 -0.0828167
-8.6 -9.2 -0.109214 0.106694
-8.6 -9 0.079498 0.13259
-8.6 -8.8 0.150277 -0.0447851
-8.6 -8.6 -0.00352807 -0.159246
-8.6 -8.4 -0.156415 -0.0420432
-8.6 -8.2 -0.0882143 0.13917
-8.6 -8 0.106078 0.129755
-8.6 -7.8 0.160228 -0.057752
-8.6 -7.6 0.00229587 -0.172784
-8.6 -7.4 -0.161531 -0.0670674
-8.6 -7.2 -0.126148 0.123435
-8.6 -7 0.0604542 0.166853
-8.6 -6.8 0.176774 0.0187194
-8.6 -6.6 0.0982521 -0.147681
-8.6 -6.4 -0.0800949 -0.15718
-8.6 -6.2 -0.174584 -0.0130544
-8.6 -6 -0.106007 0.13762
-8.6 -5.8 0.0502776 0.165363
-8.6 -5.6 0.161826 0.0613209
-8.6 -5.4 0.152377 -0.086097
-8.6 -5.2 0.0380376 -0.175202
-8.6 -5 -0.105022 -0.153694
-8.6 -4.8 -0.192268 -0.0356369
-8.6 -4.6 -0.172839 0.11388
-8.6 -4.4 -0.0530177 0.213142
-8.6 -4.2 0.106877 0.206414
-8.6 -4 0.225207 0.0945436
-8.6 -3.8 0.244911 -0.0671501
-8.6 -3.6 0.162734 -0.203634
-8.6 -3.4 0.0232091 -0.262925
-8.6 -3.2 -0.11425 -0.238013
-8.6 -3 -0.209204 -0.157974
-8.6 -2.8 -0.253779 -0.0611952
-8.6 -2.6 -0.263469 0.0279574
-8.6 -2.4 -0.257881 0.10613
-8.6 -2.2 -0.246254 0.183011
-8.6 -2 -0.224677 0.268354
-8.6 -1.8 -0.182545 0.363346
-8.6 -1.6 -0.111428 0.459809
-8.6 -1.4 -0.0107211 0.545096
-8.6 -1.2 0.111763 0.608342
-8.6 -1 0.242891 0.644667
-8.6 -0.8 0.368414 0.656131
-8.6 -0.6 0.476235 0.650065
-8.6 -0.4 0.557879 0.636161
-8.6 -0.2 0.608399 0.623555
-8.6 0 0.625457 0.618599
-8.6 0.2 0.608399 0.623555
-8.6 0.4 0.557879 0.636161
-8.6 0.6 0.476235 0.650065
-8.6 0.8 0.368414 0.656131
-8.6 1 0.242891 0.644667
-8.6 1.2 0.111763 0.608342
-8.6 1.4 -0.0107211 0.545096
-8.6 1.6 -0.111428 0.459809
-8.6 1.8 -0.182545 0.363346
-8.6 2 -0.224677 0.268354
-8.6 2.2 -0.246254 0.183011
-8.6 2.4 -0.257881 0.10613
-8.6 2.6 -0.263469 0.0279574
-8.6 2.8 -0.253779 -0.0611952
-8.6 3 -0.209204 -0.157974
-8.6 3.2 -0.11425 -0.238013
-8.6 3.4 0.0232091 -0.262925
-8.6 3.6 0.162734 -0.203634
-8.6 3.8 0.244911 -0.0671501
-8.6 4 0.225207 0.0945436
-8.6 4.2 0.106877 0.206414
-8.6 4.4 -0.0530177 0.213142
-8.6 4.6 -0.172839 0.11388
-8.6 4.8 -0.192268 -0.0356369
-8.6 5 -0.105022 -0.153694
-8.6 5.2 0.0380376 -0.175202
-8.6 5.4 0.152377 -0.086097
-8.6 5.6 0.161826 0.0613209
-8.6 5.8 0.0502776 0.165363
-8.6 6 -0.106007 0.13762
-8.6 6.2 -0.174584 -0.0130544
-8.6 6.4 -0.0800949 -0.15718
-8.6 6.6 0.0982521 -0.147681
-8.6 6.8 0.176774 0.0187194
-8.6 7 0.0604542 0.166853
-8.6 7.2 -0.126148 0.123435
-8.6 7.4 -0.161531 -0.0670674
-8.6 7.6 0.00229587 -0.172784
-8.6 7.8 0.160228 -0.057752
-8.6 8 0.106078 0.129755
-8.6 8.2 -0.0882143 0.13917
-8.6 8.4 -0.156415 -0.0420432
-8.6 8.6 -0.00352807 -0.159246
-8.6 8.8 0.150277 -0.0447851
-8.6 9 0.079498 0.13259
-8.6 9.2 -0.109214 0.106694
-8.6 9.4 -0.126353 -0.0828167
-8.6 9.6 0.0555449 -0.13909
-8.6 9.8 0.145892 0.0289949
-8.4 -10 0.146457 0.0281057
-8.4 -9.8 0.0500184 -0.141083
-8.4 -9.6 -0.131439 -0.0732231
-8.4 -9.4 -0.0967249 0.116584
-8.4 -9.2 0.095724 0.119102
-8.4 -9 0.138473 -0.06838
-8.4 -8.8 -0.0346157 -0.152517
-8.4 -8.6 -0.158602 -0.00470107
-8.4 -8.4 -0.0476315 0.15403
-8.4 -8.2 0.136467 0.0909558
-8.4 -8 0.130112 -0.104536
-8.4 -7.8 -0.0585668 -0.159406
-8.4 -7.6 -0.172622 0.00136934
-8.4 -7.4 -0.0611634 0.164142
-8.4 -7.2 0.130561 0.119945
-8.4 -7 0.163463 -0.0726229
-8.4 -6.8 0.00301211 -0.179759
-8.4 -6.6 -0.159731 -0.0829404
-8.4 -6.4 -0.148139 0.101331
-8.4 -6.2 0.0134692 0.177901
-8.4 -6 0.156712 0.0823569
-8.4 -5.8 0.15509 -0.0827377
-8.4 -5.6 0.0254464 -0.173363
-8.4 -5.4 -0.120034 -0.128777
-8.4 -5.2 -0.178799 0.00688706
-8.4 -5 -0.119691 0.140274
-8.4 -4.8 0.0175397 0.191823
-8.4 -4.6 0.154704 0.131971
-8.4 -4.4 0.215661 -0.00971881
-8.4 -4.2 0.163899 -0.160219
-8.4 -4 0.0223501 -0.241072
-8.4 -3.8 -0.139499 -0.211506
-8.4 -3.6 -0.24635 -0.0889247
-8.4 -3.4 -0.258432 0.067135
-8.4 -3.2 -0.185913 0.193831
-8.4 -3 -0.0712659 0.257836
-8.4 -2.8 0.0423016 0.262691
-8.4 -2.6 0.133121 0.232896
-8.4 -2.4 0.203311 0.191444
-8.4 -2.2 0.266248 0.146502
-8.4 -2 0.331867 0.092029
-8.4 -1.8 0.399271 0.017106
-8.4 -1.6 0.458449 -0.0844419
-8.4 -1.4 0.497102 -0.209586
-8.4 -1.2 0.507338 -0.34743
-8.4 -1 0.489014 -0.483773
-8.4 -0.8 0.449302 -0.605735
-8.4 -0.6 0.399867 -0.704484
-8.4 -0.4 0.353403 -0.77565
-8.4 -0.2 0.320756 -0.818105
-8.4 0 0.309052 -0.83216
-8.4 0.2 0.320756 -0.818105
-8.4 0.4 0.353403 -0.77565
-8.4 0.6 0.399867 -0.704484
-8.4 0.8 0.449302 -0.605735
-8.4 1 0.489014 -0.483773
-8.4 1.2 0.507338 -0.34743
-8.4 1.4 0.497102 -0.209586
-8.4 1.6 0.458449 -0.0844419
-8.4 1.8 0.399271 0.017106
-8.4 2 0.331867 0.092029
-8.4 2.2 0.266248 0.146502
-8.4 2.4 0.203311 0.191444
-8.4 2.6 0.133121 0.232896
-8.4 2.8 0.0423016 0.262691
-8.4 3 -0.0712659 0.257836
-8.4 3.2 -0.185913 0.193831
-8.4 3.4 -0.258432 0.067135
-8.4 3.6 -0.24635 -0.0889247
-8.4 3.8 -0.139499 -0.211506
-8.4 4 0.0223501 -0.241072
-8.4 4.2 0.163899 -0.160219
-8.4 4.4 0.215661 -0.00971881
-8.4 4.6 0.154704 0.131971
-8.4 4.8 0.0175397 0.191823
-8.4 5 -0.119691 0.140274
-8.4 5.2 -0.178799 0.00688706
-8.4 5.4 -0.120034 -0.128777
-8.4 5.6 0.0254464 -0.173363
-8.4 5.8 0.15509 -0.0827377
-8.4 6 0.156712 0.0823569
-8.4 6.2 0.0134692 0.177901
-8.4 6.4 -0.148139 0.101331
-8.4 6.6 -0.159731 -0.0829404
-8.4 6.8 0.00301211 -0.179759
-8.4 7 0.163463 -0.0726229
-8.4 7.2 0.130561 0.119945
-8.4 7.4 -0.0611634 0.164142
-8.4 7.6 -0.172622 0.00136934
-8.4 7.8 -0.0585668 -0.159406
-8.4 8 0.130112 -0.104536
-8.4 8.2 0.136467 0.0909558
-8.4 8.4 -0.0476315 0.15403
-8.4 8.6 -0.158602 -0.00470107
-8.4 8.8 -0.0346157 -0.152517
-8.4 9 0.138473 -0.06838
-8.4 9.2 0.095724 0.119102
-8.4 9.4 -0.0967249 0.116584
-8.4 9.6 -0.131439 -0.0732231
-8.4 9.8 0.0500184 -0.141083
-8.2 -10 0.0541063 -0.140485
-8.2 -9.8 -0.132313 -0.0726078
-8.2 -9.6 -0.0919908 0.120341
-8.2 -9.4 0.103823 0.111342
-8.2 -9.2 0.129394 -0.0821402
-8.2 -9 -0.0549464 -0.1445
-8.2 -8.8 -0.154649 0.0223545
-8.2 -8.6 -0.0148438 0.157565
-8.2 -8.4 0.150911 0.0549501
-8.2 -8.2 0.0951696 -0.132631
-8.2 -8 -0.101451 -0.131534
-8.2 -7.8 -0.159041 0.0575144
-8.2 -7.6 0.00306851 0.172115
-8.2 -7.4 0.16551 0.0569442
-8.2 -7.2 0.114662 -0.135669
-8.2 -7 -0.0824294 -0.159772
-8.2 -6.8 -0.181017 0.0107423
-8.2 -6.6 -0.068249 0.168915
-8.2 -6.4 0.119497 0.137637
-8.2 -6.2 0.177589 -0.0382065
-8.2 -6 0.0576626 -0.171031
-8.2 -5.8 -0.11147 -0.140202
-8.2 -5.6 -0.177724 0.0104507
-8.2 -5.4 -0.0996482 0.147377
-8.2 -5.2 0.0501824 0.172327
-8.2 -5 0.165498 0.0791865
-8.2 -4.8 0.177904 -0.0675217
-8.2 -4.6 0.0826606 -0.182074
-8.2 -4.4 -0.0691395 -0.200417
-8.2 -4.2 -0.197633 -0.108624
-8.2 -4 -0.234033 0.0498342
-8.2 -3.8 -0.157611 0.196586
-8.2 -3.6 -0.00599451 0.262254
-8.2 -3.4 0.150197 0.223614
-8.2 -3.2 0.24996 0.10902
-8.2 -3 0.271378 -0.0276956
-8.2 -2.8 0.231371 -0.142013
-8.2 -2.6 0.163113 -0.218124
-8.2 -2.4 0.091501 -0.265341
-8.2 -2.2 0.0222728 -0.301055
-8.2 -2 -0.0532722 -0.335114
-8.2 -1.8 -0.146226 -0.364525
-8.2 -1.6 -0.260334 -0.378022
-8.2 -1.4 -0.389312 -0.364583
-8.2 -1.2 -0.520318 -0.320019
-8.2 -1 -0.639747 -0.248978
-8.2 -0.8 -0.737862 -0.162975
-8.2 -0.6 -0.810582 -0.0765763
-8.2 -0.4 -0.858655 -0.00377248
-8.2 -0.2 -0.885324 0.0444553
-8.2 0 -0.893785 0.0612938
-8.2 0.2 -0.885324 0.0444553
-8.2 0.4 -0.858655 -0.00377248
-8.2 0.6 -0.810582 -0.0765763
-8.2 0.8 -0.737862 -0.162975
-8.2 1 -0.639747 -0.248978
-8.2 1.2 -0.520318 -0.320019
-8.2 1.4 -0.389312 -0.364583
-8.2 1.6 -0.260334 -0.378022
-8.2 1.8 -0.146226 -0.364525
-8.2 2 -0.0532722 -0.335114
-8.2 2.2 0.0222728 -0.301055
-8.2 2.4 0.091501 -0.265341
-8.2 2.6 0.163113 -0.218124
-8.2 2.8 0.231371 -0.142013
-8.2 3 0.271378 -0.0276956
-8.2 3.2 0.24996 0.10902
-8.2 3.4 0.150197 0.223614
-8.2 3.6 -0.00599451 0.262254
-8.2 3.8 -0.157611 0.196586
-8.2 4 -0.234033 0.0498342
-8.2 4.2 -0.197633 -0.108624
-8.2 4.4 -0.0691395 -0.200417
-8.2 4.6 0.0826606 -0.182074
-8.2 4.8 0.177904 -0.0675217
-8.2 5 0.165498 0.0791865
-8.2 5.2 0.0501824 0.172327
-8.2 5.4 -0.0996482 0.147377
-8.2 5.6 -0.177724 0.0104507
-8.2 5.8 -0.11147 -0.140202
-8.2 6 0.0576626 -0.171031
-8.2 6.2 0.177589 -0.0382065
-8.2 6.4 0.119497 0.137637
-8.2 6.6 -0.068249 0.168915
-8.2 6.8 -0.181017 0.0107423
-8.2 7 -0.0824294 -0.159772
-8.2 7.2 0.114662 -0.135669
-8.2 7.4 0.16551 0.0569442
-8.2 7.6 0.00306851 0.172115
-8.2 7.8 -0.159041 0.0575144
-8.2 8 -0.101451 -0.131534
-8.2 8.2 0.0951696 -0.132631
-8.2 8.4 0.150911 0.0549501
-8.2 8.6 -0.0148438 0.157565
-8.2 8.8 -0.154649 0.0223545
-8.2 9 -0.0549464 -0.1445
-8.2 9.2 0.129394 -0.0821402
-8.2 9.4 0.103823 0.111342
-8.2 9.6 -0.0919908 0.120341
-8.2 9.8 -0.132313 -0.0726078
-8 -10 -0.128625 -0.0813029
-8 -9.8 -0.0959266 0.118451
-8 -9.6 0.104885 0.111108
-8 -9.4 0.126011 -0.0873579
-8 -9.2 -0.0654129 -0.139513
-8 -9 -0.150174 0.0388291
-8 -8.8 0.00777326 0.156262
-8 -8.6 0.155821 0.0270167
-8 -8.4 0.0640395 -0.146844
-8 -8.2 -0.127549 -0.100863
-8 -8 -0.134043 0.0967934
-8 -7.8 0.0546061 0.159207
-8 -7.6 0.171407 -0.00279475
-8 -7.4 0.0545049 -0.16583
-8 -7.2 -0.138932 -0.110535
-8 -7 -0.156165 0.089915
-8 -6.8 0.0223292 0.180999
-8 -6.6 0.175567 0.0547143
-8 -6.4 0.12646 -0.134569
-8 -6.2 -0.0605785 -0.174423
-8 -6 -0.180909 -0.0330484
-8 -5.8 -0.12201 0.135944
-8 -5.6 0.0448618 0.175702
-8 -5.4 0.167628 0.0669862
-8 -5.2 0.15713 -0.0897551
-8 -5 0.0351268 -0.180077
-8 -4.8 -0.111243 -0.152458
-8 -4.6 -0.194881 -0.0291214
-8 -4.4 -0.169739 0.120607
-8 -4.2 -0.0462028 0.21667
-8 -4 0.115074 0.205869
-8 -3.8 0.233124 0.0896205
-8 -3.6 0.250412 -0.0765723
-8 -3.4 0.163254 -0.216222
-8 -3.2 0.0174813 -0.27568
-8 -3 -0.125162 -0.248049
-8 -2.8 -0.22306 -0.164417
-8 -2.6 -0.269408 -0.0651878
-8 -2.4 -0.282005 0.0250619
-8 -2.2 -0.282079 0.104674
-8 -2 -0.278802 0.185596
-8 -1.8 -0.266917 0.278985
-8 -1.6 -0.234372 0.386105
-8 -1.4 -0.172114 0.49799
-8 -1.2 -0.0799521 0.60108
-8 -1 0.0331843 0.683917
-8 -0.8 0.152801 0.741274
-8 -0.6 0.263336 0.774698
-8 -0.4 0.351536 0.790361
-8 -0.2 0.408011 0.795797
-8 0 0.427407 0.79688
-8 0.2 0.408011 0.795797
-8 0.4 0.351536 0.790361
-8 0.6 0.263336 0.774698
-8 0.8 0.152801 0.741274
-8 1 0.0331843 0.683917
-8 1.2 -0.0799521 0.60108
-8 1.4 -0.172114 0.49799
-8 1.6 -0.234372 0.386105
-8 1.8 -0.266917 0.278985
-8 2 -0.278802 0.185596
-8 2.2 -0.282079 0.104674
-8 2.4 -0.282005 0.0250619
-8 2.6 -0.269408 -0.0651878
-8 2.8 -0.22306 -0.164417
-8 3 -0.125162 -0.248049
-8 3.2 0.0174813 -0.27568
-8 3.4 0.163254 -0.216222
-8 3.6 0.250412 -0.0765723
-8 3.8 0.233124 0.0896205
-8 4 0.115074 0.205869
-8 4.2 -0.0462028 0.21667
-8 4.4 -0.169739 0.120607
-8 4.6 -0.194881 -0.0291214
-8 4.8 -0.111243 -0.152458
-8 5 0.0351268 -0.180077
-8 5.2 0.15713 -0.0897551
-8 5.4 0.167628 0.0669862
-8 5.6 0.0448618 0.175702
-8 5.8 -0.12201 0.135944
-8 6 -0.180909 -0.0330484
-8 6.2 -0.0605785 -0.174423
-8 6.4 0.12646 -0.134569
-8 6.6 0.175567 0.0547143
-8 6.8 0.0223292 0.180999
-8 7 -0.156165 0.089915
-8 7.2 -0.138932 -0.110535
-8 7.4 0.0545049 -0.16583
-8 7.6 0.171407 -0.00279475
-8 7.8 0.0546061 0.159207
-8 8 -0.134043 0.0967934
-8 8.2 -0.127549 -0.100863
-8 8.4 0.0640395 -0.146844
-8 8.6 0.155821 0.0270167
-8 8.8 0.00777326 0.156262
-8 9 -0.150174 0.0388291
-8 9.2 -0.0654129 -0.139513
-8 9.4 0.126011 -0.0873579
-8 9.6 0.104885 0.111108
-8 9.8 -0.0959266 0.118451
-7.8 -10 -0.108097 0.109593
-7.8 -9.8 0.0984298 0.118598
-7.8 -9.6 0.129389 -0.0842039
-7.8 -9.4 -0.066506 -0.139716
-7.8 -9.2 -0.14859 0.0450299
-7.8 -9 0.0196704 0.154766
-7.8 -8.8 0.156758 0.00934984
-7.8 -8.6 0.04133 -0.152902
-7.8 -8.4 -0.141494 -0.0749299
-7.8 -8.2 -0.108026 0.121012
-7.8 -8 0.0904592 0.13763
-7.8 -7.8 0.15994 -0.049811
-7.8 -7.6 -0.000533609 -0.1706
-7.8 -7.4 -0.165265 -0.0539124
-7.8 -7.2 -0.107748 0.140525
-7.8 -7 0.0951677 0.152967
-7.8 -6.8 0.180123 -0.0316316
-7.8 -6.6 0.0427489 -0.180062
-7.8 -6.4 -0.146657 -0.115304
-7.8 -6.2 -0.16919 0.0802082
-7.8 -6 -0.00945595 0.186859
-7.8 -5.8 0.155958 0.101802
-7.8 -5.6 0.168348 -0.0766126
-7.8 -5.4 0.0326944 -0.180812
-7.8 -5.2 -0.124069 -0.134924
-7.8 -5 -0.184214 0.00970253
-7.8 -4.8 -0.11803 0.146474
-7.8 -4.6 0.0245654 0.193276
-7.8 -4.4 0.160602 0.127031
-7.8 -4.2 0.216758 -0.0175725
-7.8 -4 0.160308 -0.167616
-7.8 -3.8 0.0150289 -0.246326
-7.8 -3.6 -0.149816 -0.213088
-7.8 -3.4 -0.257929 -0.0850493
-7.8 -3.2 -0.26821 0.0769703
-7.8 -3 -0.191226 0.207917
-7.8 -2.8 -0.0716092 0.273575
-7.8 -2.6 0.0455771 0.278874
-7.8 -2.4 0.138878 0.25065
-7.8 -2.2 0.212483 0.213156
-7.8 -2 0.282058 0.1739
-7.8 -1.8 0.35863 0.125037
-7.8 -1.6 0.440971 0.0540677
-7.8 -1.4 0.518059 -0.0456486
-7.8 -1.2 0.576799 -0.170409
-7.8 -1 0.609107 -0.307986
-7.8 -0.8 0.61506 -0.442658
-7.8 -0.6 0.601945 -0.560005
-7.8 -0.4 0.580878 -0.649562
-7.8 -0.2 0.56293 -0.705175
-7.8 0 0.556001 -0.723975
-7.8 0.2 0.56293 -0.705175
-7.8 0.4 0.580878 -0.649562
-7.8 0.6 0.601945 -0.560005
-7.8 0.8 0.61506 -0.442658
-7.8 1 0.609107 -0.307986
-7.8 1.2 0.576799 -0.170409
-7.8 1.4 0.518059 -0.0456486
-7.8 1.6 0.440971 0.0540677
-7.8 1.8 0.35863 0.125037
-7.8 2 0.282058 0.1739
-7.8 2.2 0.212483 0.213156
-7.8 2.4 0.138878 0.25065
-7.8 2.6 0.0455771 0.278874
-7.8 2.8 -0.0716092 0.273575
-7.8 3 -0.191226 0.207917
-7.8 3.2 -0.26821 0.0769703
-7.8 3.4 -0.257929 -0.0850493
-7.8 3.6 -0.149816 -0.213088
-7.8 3.8 0.0150289 -0.246326
-7.8 4 0.160308 -0.167616
-7.8 4.2 0.216758 -0.0175725
-7.8 4.4 0.160602 0.127031
-7.8 4.6 0.0245654 0.193276
-7.8 4.8 -0.11803 0.146474
-7.8 5 -0.184214 0.00970253
-7.8 5.2 -0.124069 -0.134924
-7.8 5.4 0.0326944 -0.180812
-7.8 5.6 0.168348 -0.0766126
-7.8 5.8 0.155958 0.101802
-7.8 6 -0.00945595 0.186859
-7.8 6.2 -0.16919 0.0802082
-7.8 6.4 -0.146657 -0.115304
-7.8 6.6 0.0427489 -0.180062
-7.8 6.8 0.180123 -0.0316316
-7.8 7 0.0951677 0.152967
-7.8 7.2 -0.107748 0.140525
-7.8 7.4 -0.165265 -0.0539124
-7.8 7.6 -0.000533609 -0.1706
-7.8 7.8 0.15994 -0.049811
-7.8 8 0.0904592 0.13763
-7.8 8.2 -0.108026 0.121012
-7.8 8.4 -0.141494 -0.0749299
-7.8 8.6 0.04133 -0.152902
-7.8 8.8 0.156758 0.00934984
-7.8 9 0.0196704 0.154766
-7.8 9.2 -0.14859 0.0450299
-7.8 9.4 -0.066506 -0.139716
-7.8 9.6 0.129389 -0.0842039
-7.8 9.8 0.0984298 0.118598
-7.6 -10 0.0824805 0.132147
-7.6 -9.8 0.138617 -0.0714772
-7.6 -9.6 -0.0576611 -0.145122
-7.6 -9.4 -0.151002 0.0407661
-7.6 -9.2 0.0206191 0.1554
-7.6 -9 0.157253 0.00278011
-7.6 -8.8 0.0291554 -0.155303
-7.6 -8.6 -0.148152 -0.0578314
-7.6 -8.4 -0.0876004 0.13437
-7.6 -8.2 0.112684 0.1166
-7.6 -8 0.142239 -0.0822518
-7.6 -7.8 -0.0430348 -0.161223
-7.6 -7.6 -0.169746 -0.00375805
-7.6 -7.4 -0.0552247 0.163937
-7.6 -7.2 0.140604 0.106441
-7.6 -7 0.150443 -0.0983015
-7.6 -6.8 -0.0386099 -0.178767
-7.6 -6.6 -0.182784 -0.0326496
-7.6 -6.4 -0.104751 0.155966
-7.6 -6.2 0.0968991 0.162648
-7.6 -6 0.189509 -0.0123735
-7.6 -5.8 0.0807687 -0.171589
-7.6 -5.6 -0.104877 -0.156857
-7.6 -5.4 -0.187393 0.00152923
-7.6 -5.2 -0.107617 0.152169
-7.6 -5 0.0528685 0.178793
-7.6 -4.8 0.171891 0.0774735
-7.6 -4.6 0.178492 -0.0747909
-7.6 -4.4 0.0763265 -0.186909
-7.6 -4.2 -0.0773133 -0.199054
-7.6 -4 -0.203372 -0.102453
-7.6 -3.8 -0.236003 0.0584845
-7.6 -3.6 -0.155259 0.206311
-7.6 -3.4 0.00152302 0.27127
-7.6 -3.2 0.162647 0.229111
-7.6 -3 0.265102 0.108769
-7.6 -2.8 0.286364 -0.0337031
-7.6 -2.6 0.244989 -0.152127
-7.6 -2.4 0.176447 -0.231297
-7.6 -2.2 0.106465 -0.282859
-7.6 -2 0.0395508 -0.326376
-7.6 -1.8 -0.0351825 -0.372345
-7.6 -1.6 -0.13043 -0.416968
-7.6 -1.4 -0.250185 -0.447772
-7.6 -1.2 -0.387272 -0.453109
-7.6 -1 -0.527453 -0.429064
-7.6 -0.8 -0.655682 -0.381135
-7.6 -0.6 -0.760735 -0.321665
-7.6 -0.4 -0.836729 -0.265473
-7.6 -0.2 -0.882032 -0.225801
-7.6 0 -0.897007 -0.211542
-7.6 0.2 -0.882032 -0.225801
-7.6 0.4 -0.836729 -0.265473
-7.6 0.6 -0.760735 -0.321665
-7.6 0.8 -0.655682 -0.381135
-7.6 1 -0.527453 -0.429064
-7.6 1.2 -0.387272 -0.453109
-7.6 1.4 -0.250185 -0.447772
-7.6 1.6 -0.13043 -0.416968
-7.6 1.8 -0.0351825 -0.372345
-7.6 2 0.0395508 -0.326376
-7.6 2.2 0.106465 -0.282859
-7.6 2.4 0.176447 -0.231297
-7.6 2.6 0.244989 -0.152127
-7.6 2.8 0.286364 -0.0337031
-7.6 3 0.265102 0.108769
-7.6 3.2 0.162647 0.229111
-7.6 3.4 0.00152302 0.27127
-7.6 3.6 -0.155259 0.206311
-7.6 3.8 -0.236003 0.0584845
-7.6 4 -0.203372 -0.102453
-7.6 4.2 -0.0773133 -0.199054
-7.6 4.4 0.0763265 -0.186909
-7.6 4.6 0.178492 -0.0747909
-7.6 4.8 0.171891 0.0774735
-7.6 5 0.0528685 0.178793
-7.6 5.2 -0.107617 0.152169
-7.6 5.4 -0.187393 0.00152923
-7.6 5.6 -0.104877 -0.156857
-7.6 5.8 0.0807687 -0.171589
-7.6 6 0.189509 -0.0123735
-7.6 6.2 0.0968991 0.162648
-7.6 6.4 -0.104751 0.155966
-7.6 6.6 -0.182784 -0.0326496
-7.6 6.8 -0.0386099 -0.178767
-7.6 7 0.150443 -0.0983015
-7.6 7.2 0.140604 0.106441
-7.6 7.4 -0.0552247 0.163937
-7.6 7.6 -0.169746 -0.00375805
-7.6 7.8 -0.0430348 -0.161223
-7.6 8 0.142239 -0.0822518
-7.6 8.2 0.112684 0.1166
-7.6 8.4 -0.0876004 0.13437
-7.6 8.6 -0.148152 -0.0578314
-7.6 8.8 0.0291554 -0.155303
-7.6 9 0.157253 0.00278011
-7.6 9.2 0.0206191 0.1554
-7.6 9.4 -0.151002 0.0407661
-7.6 9.6 -0.0576611 -0.145122
-7.6 9.8 0.138617 -0.0714772
-7.4 -10 0.150404 -0.0471429
-7.4 -9.8 -0.0374446 -0.153354
-7.4 -9.6 -0.156056 0.0251271
-7.4 -9.4 0.0100434 0.157955
-7.4 -9.2 0.15833 0.00786789
-7.4 -9 0.0285182 -0.156293
-7.4 -8.8 -0.150799 -0.0515854
-7.4 -8.6 -0.0764145 0.140695
-7.4 -8.4 0.124806 0.101909
-7.4 -8.2 0.12643 -0.102089
-7.4 -8 -0.0718605 -0.147729
-7.4 -7.8 -0.162961 0.0341009
-7.4 -7.6 -0.0101718 0.168823
-7.4 -7.4 0.161906 0.0585116
-7.4 -7.2 0.10673 -0.139291
-7.4 -7 -0.0994349 -0.148812
-7.4 -6.8 -0.17726 0.0432792
-7.4 -6.6 -0.0246127 0.184111
-7.4 -6.4 0.162769 0.0952735
-7.4 -6.2 0.155485 -0.110608
-7.4 -6 -0.0318999 -0.189542
-7.4 -5.8 -0.183129 -0.0599518
-7.4 -5.6 -0.142465 0.129165
-7.4 -5.4 0.0342682 0.188162
-7.4 -5.2 0.173654 0.0771389
-7.4 -5 0.165206 -0.0924212
-7.4 -4.8 0.0336704 -0.187051
-7.4 -4.6 -0.118665 -0.152593
-7.4 -4.4 -0.198662 -0.0218464
-7.4 -4.2 -0.166136 0.128508
-7.4 -4 -0.0381202 0.220163
-7.4 -3.8 0.123901 0.20435
-7.4 -3.6 0.240904 0.0838313
-7.4 -3.4 0.255717 -0.0864747
-7.4 -3.2 0.163852 -0.229421
-7.4 -3 0.0117442 -0.289619
-7.4 -2.8 -0.136672 -0.259793
-7.4 -2.6 -0.238329 -0.172843
-7.4 -2.4 -0.287357 -0.0713666
-7.4 -2.2 -0.304036 0.0196726
-7.4 -2 -0.311517 0.100369
-7.4 -1.8 -0.319067 0.185112
-7.4 -1.6 -0.320127 0.286557
-7.4 -1.4 -0.301269 0.405938
-7.4 -1.2 -0.253028 0.533228
-7.4 -1 -0.175955 0.653576
-7.4 -0.8 -0.080415 0.754407
-7.4 -0.6 0.0175875 0.829384
-7.4 -0.4 0.101395 0.878448
-7.4 -0.2 0.157412 0.905211
-7.4 0 0.177052 0.913591
-7.4 0.2 0.157412 0.905211
-7.4 0.4 0.101395 0.878448
-7.4 0.6 0.0175875 0.829384
-7.4 0.8 -0.080415 0.754407
-7.4 1 -0.175955 0.653576
-7.4 1.2 -0.253028 0.533228
-7.4 1.4 -0.301269 0.405938
-7.4 1.6 -0.320127 0.286557
-7.4 1.8 -0.319067 0.185112
-7.4 2 -0.311517 0.100369
-7.4 2.2 -0.304036 0.0196726
-7.4 2.4 -0.287357 -0.0713666
-7.4 2.6 -0.238329 -0.172843
-7.4 2.8 -0.136672 -0.259793
-7.4 3 0.0117442 -0.289619
-7.4 3.2 0.163852 -0.229421
-7.4 3.4 0.255717 -0.0864747
-7.4 3.6 0.240904 0.0838313
-7.4 3.8 0.123901 0.20435
-7.4 4 -0.0381202 0.220163
-7.4 4.2 -0.166136 0.128508
-7.4 4.4 -0.198662 -0.0218464
-7.4 4.6 -0.118665 -0.152593
-7.4 4.8 0.0336704 -0.187051
-7.4 5 0.165206 -0.0924212
-7.4 5.2 0.173654 0.0771389
-7.4 5.4 0.0342682 0.188162
-7.4 5.6 -0.142465 0.129165
-7.4 5.8 -0.183129 -0.0599518
-7.4 6 -0.0318999 -0.189542
-7.4 6.2 0.155485 -0.110608
-7.4 6.4 0.162769 0.0952735
-7.4 6.6 -0.0246127 0.184111
-7.4 6.8 -0.17726 0.0432792
-7.4 7 -0.0994349 -0.148812
-7.4 7.2 0.10673 -0.139291
-7.4 7.4 0.161906 0.0585116
-7.4 7.6 -0.0101718 0.168823
-7.4 7.8 -0.162961 0.0341009
-7.4 8 -0.0718605 -0.147729
-7.4 8.2 0.12643 -0.102089
-7.4 8.4 0.124806 0.101909
-7.4 8.6 -0.0764145 0.140695
-7.4 8.8 -0.150799 -0.0515854
-7.4 9 0.0285182 -0.156293
-7.4 9.2 0.15833 0.00786789
-7.4 9.4 0.0100434 0.157955
-7.4 9.6 -0.156056 0.0251271
-7.4 9.8 -0.0374446 -0.153354
-7.2 -10 -0.00463772 -0.159327
-7.2 -9.8 -0.159716 -0.00280901
-7.2 -9.6 -0.0126911 0.159515
-7.2 -9.4 0.15828 0.0250683
-7.2 -9.2 0.0399187 -0.155433
-7.2 -9 -0.150253 -0.0570877
-7.2 -8.8 -0.0762215 0.141901
-7.2 -8.6 0.129449 0.096688
-7.2 -8.4 0.11749 -0.111957
-7.2 -8.2 -0.088602 -0.137182
-7.2 -8 -0.153815 0.0588556
-7.2 -7.8 0.0227407 0.164939
-7.2 -7.6 0.167708 0.0188604
-7.2 -7.4 0.0638703 -0.15915
-7.2 -7.2 -0.136648 -0.108726
-7.2 -7 -0.148256 0.0986636
-7.2 -6.8 0.0456821 0.175889
-7.2 -6.6 0.184401 0.0187562
-7.2 -6.4 0.0872326 -0.167378
-7.2 -6.2 -0.121413 -0.148305
-7.2 -6 -0.187646 0.0487732
-7.2 -5.8 -0.0402137 0.191029
-7.2 -5.6 0.149285 0.126368
-7.2 -5.4 0.184129 -0.0644271
-7.2 -5.2 0.0453079 -0.188608
-7.2 -5 -0.12696 -0.145173
-7.2 -4.8 -0.192292 0.0106979
-7.2 -4.6 -0.118177 0.154159
-7.2 -4.4 0.0324075 0.196233
-7.2 -4.2 0.167841 0.121582
-7.2 -4 0.217729 -0.0268174
-7.2 -3.8 0.155488 -0.175547
-7.2 -3.6 0.00670341 -0.251109
-7.2 -3.4 -0.160545 -0.214088
-7.2 -3.2 -0.269938 -0.0808881
-7.2 -3 -0.278919 0.0872305
-7.2 -2.8 -0.197819 0.223149
-7.2 -2.6 -0.0731769 0.291394
-7.2 -2.4 0.0478914 0.298084
-7.2 -2.2 0.143963 0.272585
-7.2 -2 0.221406 0.240707
-7.2 -1.8 0.298443 0.209448
-7.2 -1.6 0.387352 0.169167
-7.2 -1.4 0.486532 0.105868
-7.2 -1.2 0.583784 0.0127334
-7.2 -1 0.664974 -0.105384
-7.2 -0.8 0.721457 -0.234375
-7.2 -0.6 0.752866 -0.356495
-7.2 -0.4 0.765457 -0.455502
-7.2 -0.2 0.76809 -0.519483
-7.2 0 0.768044 -0.541547
-7.2 0.2 0.76809 -0.519483
-7.2 0.4 0.765457 -0.455502
-7.2 0.6 0.752866 -0.356495
-7.2 0.8 0.721457 -0.234375
-7.2 1 0.664974 -0.105384
-7.2 1.2 0.583784 0.0127334
-7.2 1.4 0.486532 0.105868
-7.2 1.6 0.387352 0.169167
-7.2 1.8 0.298443 0.209448
-7.2 2 0.221406 0.240707
-7.2 2.2 0.143963 0.272585
-7.2 2.4 0.0478914 0.298084
-7.2 2.6 -0.0731769 0.291394
-7.2 2.8 -0.197819 0.223149
-7.2 3 -0.278919 0.0872305
-7.2 3.2 -0.269938 -0.0808881
-7.2 3.4 -0.160545 -0.214088
-7.2 3.6 0.00670341 -0.251109
-7.2 3.8 0.155488 -0.175547
-7.2 4 0.217729 -0.0268174
-7.2 4.2 0.167841 0.121582
-7.2 4.4 0.0324075 0.196233
-7.2 4.6 -0.118177 0.154159
-7.2 4.8 -0.192292 0.0106979
-7.2 5 -0.12696 -0.145173
-7.2 5.2 0.0453079 -0.188608
-7.2 5.4 0.184129 -0.0644271
-7.2 5.6 0.149285 0.126368
-7.2 5.8 -0.0402137 0.191029
-7.2 6 -0.187646 0.0487732
-7.2 6.2 -0.121413 -0.148305
-7.2 6.4 0.0872326 -0.167378
-7.2 6.6 0.184401 0.0187562
-7.2 6.8 0.0456821 0.175889
-7.2 7 -0.148256 0.0986636
-7.2 7.2 -0.136648 -0.108726
-7.2 7.4 0.0638703 -0.15915
-7.2 7.6 0.167708 0.0188604
-7.2 7.8 0.0227407 0.164939
-7.2 8 -0.153815 0.0588556
-7.2 8.2 -0.088602 -0.137182
-7.2 8.4 0.11749 -0.111957
-7.2 8.6 0.129449 0.096688
-7.2 8.8 -0.0762215 0.141901
-7.2 9 -0.150253 -0.0570877
-7.2 9.2 0.0399187 -0.155433
-7.2 9.4 0.15828 0.0250683
-7.2 9.6 -0.0126911 0.159515
-7.2 9.8 -0.159716 -0.00280901
-7 -10 -0.155364 -0.0423742
-7 -9.8 -0.0470467 0.154527
-7 -9.6 0.152694 0.0539139
-7 -9.4 0.0629875 -0.149532
-7 -9.2 -0.1446 -0.0741978
-7 -9 -0.0873539 0.137344
-7 -8.8 0.127113 0.102092
-7 -8.6 0.117815 -0.11319
-7 -8.4 -0.0948553 -0.13362
-7 -8.2 -0.148237 0.0714864
-7 -8 0.0427099 0.159983
-7 -7.8 0.166756 -0.00860603
-7 -7.6 0.030035 -0.166123
-7 -7.4 -0.15552 -0.0714293
-7 -7.2 -0.11254 0.132643
-7 -7 0.0960286 0.148935
-7 -6.8 0.174901 -0.0458562
-7 -6.6 0.0151483 -0.183983
-7 -6.4 -0.170125 -0.0808995
-7 -6.2 -0.141615 0.129489
-7 -6 0.0628129 0.184476
-7 -5.8 0.195836 0.022222
-7 -5.6 0.109653 -0.165294
-7 -5.4 -0.0912401 -0.176415
-7 -5.2 -0.19751 -0.0137273
-7 -5 -0.12056 0.155643
-7 -4.8 0.053327 0.18859
-7 -4.6 0.180147 0.0780881
-7 -4.4 0.181039 -0.0829735
-7 -4.2 0.0695144 -0.193354
-7 -4 -0.0870211 -0.197536
-7 -3.8 -0.209546 -0.0948333
-7 -3.6 -0.237146 0.0681987
-7 -3.4 -0.151956 0.216243
-7 -3.2 0.00959109 0.280368
-7 -3 0.175757 0.235119
-7 -2.8 0.281671 0.109203
-7 -2.6 0.303696 -0.039418
-7 -2.4 0.26175 -0.162659
-7 -2.2 0.193791 -0.245707
-7 -2 0.126681 -0.302697
-7 -1.8 0.0637918 -0.355704
-7 -1.6 -0.00799977 -0.416091
-7 -1.4 -0.102939 -0.479286
-7 -1.2 -0.224956 -0.531562
-7 -1 -0.365424 -0.560601
-7 -0.8 -0.508 -0.562643
-7 -0.6 -0.635397 -0.543622
-7 -0.4 -0.734121 -0.515741
-7 -0.2 -0.795919 -0.492335
-7 0 -0.816877 -0.483325
-7 0.2 -0.795919 -0.492335
-7 0.4 -0.734121 -0.515741
-7 0.6 -0.635397 -0.543622
-7 0.8 -0.508 -0.562643
-7 1 -0.365424 -0.560601
-7 1.2 -0.224956 -0.531562
-7 1.4 -0.102939 -0.479286
-7 1.6 -0.00799977 -0.416091
-7 1.8 0.0637918 -0.355704
-7 2 0.126681 -0.302697
-7 2.2 0.193791 -0.245707
-7 2.4 0.26175 -0.162659
-7 2.6 0.303696 -0.039418
-7 2.8 0.281671 0.109203
-7 3 0.175757 0.235119
-7 3.2 0.00959109 0.280368
-7 3.4 -0.151956 0.216243
-7 3.6 -0.237146 0.0681987
-7 3.8 -0.209546 -0.0948333
-7 4 -0.0870211 -0.197536
-7 4.2 0.0695144 -0.193354
-7 4.4 0.181039 -0.0829735
-7 4.6 0.180147 0.0780881
-7 4.8 0.053327 0.18859
-7 5 -0.12056 0.155643
-7 5.2 -0.19751 -0.0137273
-7 5.4 -0.0912401 -0.176415
-7 5.6 0.109653 -0.165294
-7 5.8 0.195836 0.022222
-7 6 0.0628129 0.184476
-7 6.2 -0.141615 0.129489
-7 6.4 -0.170125 -0.0808995
-7 6.6 0.0151483 -0.183983
-7 6.8 0.174901 -0.0458562
-7 7 0.0960286 0.148935
-7 7.2 -0.11254 0.132643
-7 7.4 -0.15552 -0.0714293
-7 7.6 0.030035 -0.166123
-7 7.8 0.166756 -0.00860603
-7 8 0.0427099 0.159983
-7 8.2 -0.148237 0.0714864
-7 8.4 -0.0948553 -0.13362
-7 8.6 0.117815 -0.11319
-7 8.8 0.127113 0.102092
-7 9 -0.0873539 0.137344
-7 9.2 -0.1446 -0.0741978
-7 9.4 0.0629875 -0.149532
-7 9.6 0.152694 0.0539139
-7 9.8 -0.0470467 0.154527
-6.8 -10 -0.0894098 0.135692
-6.8 -9.8 0.135154 0.0914144
-6.8 -9.6 0.0952445 -0.133178
-6.8 -9.4 -0.129534 -0.100906
-6.8 -9.2 -0.108319 0.123905
-6.8 -9 0.115887 0.117294
-6.8 -8.8 0.127485 -0.105002
-6.8 -8.6 -0.0907237 -0.138345
-6.8 -8.4 -0.149075 0.0725313
-6.8 -8.2 0.0499888 0.158572
-6.8 -8 0.16539 -0.0228686
-6.8 -7.8 0.00868228 -0.167746
-6.8 -7.6 -0.163574 -0.0439328
-6.8 -7.4 -0.0813306 0.150692
-6.8 -7.2 0.127104 0.118276
-6.8 -7 0.150979 -0.0914761
-6.8 -6.8 -0.0437959 -0.174503
-6.8 -6.6 -0.18315 -0.0138432
-6.8 -6.4 -0.0764799 0.171337
-6.8 -6.2 0.135071 0.135839
-6.8 -6 0.180635 -0.0739813
-6.8 -5.8 0.00645283 -0.198144
-6.8 -5.6 -0.177448 -0.0932541
-6.8 -5.4 -0.166155 0.114254
-6.8 -5.2 0.0162812 0.201123
-6.8 -5 0.178143 0.0932231
-6.8 -4.8 0.177377 -0.0924005
-6.8 -4.6 0.0351459 -0.196356
-6.8 -4.4 -0.127152 -0.155265
-6.8 -4.2 -0.204442 -0.0141446
-6.8 -4 -0.16242 0.138139
-6.8 -3.8 -0.0283991 0.224027
-6.8 -3.6 0.133793 0.201661
-6.8 -3.4 0.248574 0.0767801
-6.8 -3.2 0.260644 -0.0970428
-6.8 -3 0.164464 -0.243285
-6.8 -2.8 0.00606506 -0.304952
-6.8 -2.6 -0.148798 -0.273726
-6.8 -2.4 -0.255278 -0.183944
-6.8 -2.2 -0.308167 -0.0805932
-6.8 -2 -0.33042 0.0106646
-6.8 -1.8 -0.347503 0.0916423
-6.8 -1.6 -0.369044 0.179321
-6.8 -1.4 -0.387264 0.287871
-6.8 -1.2 -0.387427 0.418219
-6.8 -1 -0.359831 0.558722
-6.8 -0.8 -0.305963 0.692479
-6.8 -0.6 -0.237589 0.804829
-6.8 -0.4 -0.17165 0.887129
-6.8 -0.2 -0.124465 0.936408
-6.8 0 -0.107394 0.952708
-6.8 0.2 -0.124465 0.936408
-6.8 0.4 -0.17165 0.887129
-6.8 0.6 -0.237589 0.804829
-6.8 0.8 -0.305963 0.692479
-6.8 1 -0.359831 0.558722
-6.8 1.2 -0.387427 0.418219
-6.8 1.4 -0.387264 0.287871
-6.8 1.6 -0.369044 0.179321
-6.8 1.8 -0.347503 0.0916423
-6.8 2 -0.33042 0.0106646
-6.8 2.2 -0.308167 -0.0805932
-6.8 2.4 -0.255278 -0.183944
-6.8 2.6 -0.148798 -0.273726
-6.8 2.8 0.00606506 -0.304952
-6.8 3 0.164464 -0.243285
-6.8 3.2 0.260644 -0.0970428
-6.8 3.4 0.248574 0.0767801
-6.8 3.6 0.133793 0.201661
-6.8 3.8 -0.0283991 0.224027
-6.8 4 -0.16242 0.138139
-6.8 4.2 -0.204442 -0.0141446
-6.8 4.4 -0.127152 -0.155265
-6.8 4.6 0.0351459 -0.196356
-6.8 4.8 0.177377 -0.0924005
-6.8 5 0.178143 0.0932231
-6.8 5.2 0.0162812 0.201123
-6.8 5.4 -0.166155 0.114254
-6.8 5.6 -0.177448 -0.0932541
-6.8 5.8 0.00645283 -0.198144
-6.8 6 0.180635 -0.0739813
-6.8 6.2 0.135071 0.135839
-6.8 6.4 -0.0764799 0.171337
-6.8 6.6 -0.18315 -0.0138432
-6.8 6.8 -0.0437959 -0.174503
-6.8 7 0.150979 -0.0914761
-6.8 7.2 0.127104 0.118276
-6.8 7.4 -0.0813306 0.150692
-6.8 7.6 -0.163574 -0.0439328
-6.8 7.8 0.00868228 -0.167746
-6.8 8 0.16539 -0.0228686
-6.8 8.2 0.0499888 0.158572
-6.8 8.4 -0.149075 0.0725313
-6.8 8.6 -0.0907237 -0.138345
-6.8 8.8 0.127485 -0.105002
-6.8 9 0.115887 0.117294
-6.8 9.2 -0.108319 0.123905
-6.8 9.4 -0.129534 -0.100906
-6.8 9.6 0.0952445 -0.133178
-6.8 9.8 0.135154 0.0914144
-6.6 -10 0.0991783 0.130295
-6.6 -9.8 0.130484 -0.100332
-6.6 -9.6 -0.0996547 -0.131946
-6.6 -9.4 -0.134718 0.0969866
-6.6 -9.2 0.0921076 0.138749
-6.6 -9 0.143883 -0.0847365
-6.6 -8.8 -0.0745408 -0.149823
-6.6 -8.6 -0.156097 0.061159
-6.6 -8.4 0.0442412 0.162019
-6.6 -8.2 0.16665 -0.0235158
-6.6 -8 0.00111258 -0.168775
-6.6 -7.8 -0.166894 -0.0294296
-6.6 -7.6 -0.0607407 0.159281
-6.6 -7.4 0.144106 0.0936766
-6.6 -7.2 0.126 -0.119674
-6.6 -7 -0.0848131 -0.154469
-6.6 -6.8 -0.174842 0.0394095
-6.6 -6.6 -0.0149217 0.182141
-6.6 -6.4 0.171317 0.0741483
-6.6 -6.2 0.131328 -0.138429
-6.6 -6 -0.0823511 -0.176663
-6.6 -5.8 -0.198563 0.00679416
-6.6 -5.6 -0.0779281 0.186144
-6.6 -5.4 0.133296 0.154423
-6.6 -5.2 0.200385 -0.0437107
-6.6 -5 0.0648814 -0.19458
-6.6 -4.8 -0.126638 -0.160355
-6.6 -4.6 -0.203255 0.00806966
-6.6 -4.4 -0.121564 0.163121
-6.6 -4.2 0.0406186 0.201722
-6.6 -4 0.1771 0.116143
-6.6 -3.8 0.219081 -0.0378869
-6.6 -3.6 0.14919 -0.184518
-6.6 -3.4 -0.00311423 -0.255396
-6.6 -3.2 -0.171884 -0.214195
-6.6 -3 -0.282372 -0.0762669
-6.6 -2.8 -0.290696 0.0979507
-6.6 -2.6 -0.206085 0.239701
-6.6 -2.4 -0.0764901 0.3118
-6.6 -2.2 0.0486973 0.321193
-6.6 -2 0.147759 0.299977
-6.6 -1.8 0.229277 0.275967
-6.6 -1.6 0.314296 0.255926
-6.6 -1.4 0.416467 0.22851
-6.6 -1.2 0.533629 0.178385
-6.6 -1 0.651946 0.098927
-6.6 -0.8 0.755573 -0.00334132
-6.6 -0.6 0.834334 -0.112008
-6.6 -0.4 0.886002 -0.207321
-6.6 -0.2 0.913905 -0.272036
-6.6 0 0.922548 -0.294894
-6.6 0.2 0.913905 -0.272036
-6.6 0.4 0.886002 -0.207321
-6.6 0.6 0.834334 -0.112008
-6.6 0.8 0.755573 -0.00334132
-6.6 1 0.651946 0.098927
-6.6 1.2 0.533629 0.178385
-6.6 1.4 0.416467 0.22851
-6.6 1.6 0.314296 0.255926
-6.6 1.8 0.229277 0.275967
-6.6 2 0.147759 0.299977
-6.6 2.2 0.0486973 0.321193
-6.6 2.4 -0.0764901 0.3118
-6.6 2.6 -0.206085 0.239701
-6.6 2.8 -0.290696 0.0979507
-6.6 3 -0.282372 -0.0762669
-6.6 3.2 -0.171884 -0.214195
-6.6 3.4 -0.00311423 -0.255396
-6.6 3.6 0.14919 -0.184518
-6.6 3.8 0.219081 -0.0378869
-6.6 4 0.1771 0.116143
-6.6 4.2 0.0406186 0.201722
-6.6 4.4 -0.121564 0.163121
-6.6 4.6 -0.203255 0.00806966
-6.6 4.8 -0.126638 -0.160355
-6.6 5 0.0648814 -0.19458
-6.6 5.2 0.200385 -0.0437107
-6.6 5.4 0.133296 0.154423
-6.6 5.6 -0.0779281 0.186144
-6.6 5.8 -0.198563 0.00679416
-6.6 6 -0.0823511 -0.176663
-6.6 6.2 0.131328 -0.138429
-6.6 6.4 0.171317 0.0741483
-6.6 6.6 -0.0149217 0.182141
-6.6 6.8 -0.174842 0.0394095
-6.6 7 -0.0848131 -0.154469
-6.6 7.2 0.126 -0.119674
-6.6 7.4 0.144106 0.0936766
-6.6 7.6 -0.0607407 0.159281
-6.6 7.8 -0.166894 -0.0294296
-6.6 8 0.00111258 -0.168775
-6.6 8.2 0.16665 -0.0235158
-6.6 8.4 0.0442412 0.162019
-6.6 8.6 -0.156097 0.061159
-6.6 8.8 -0.0745408 -0.149823
-6.6 9 0.143883 -0.0847365
-6.6 9.2 0.0921076 0.138749
-6.6 9.4 -0.134718 0.0969866
-6.6 9.6 -0.0996547 -0.131946
-6.6 9.8 0.130484 -0.100332
-6.4 -10 0.157807 -0.047374
-6.4 -9.8 -0.0510882 -0.157731
-6.4 -9.6 -0.158184 0.0527433
-6.4 -9.4 0.0522037 0.159256
-6.4 -9.2 0.16095 -0.0493022
-6.4 -9 -0.043839 -0.16317
-6.4 -8.8 -0.165694 0.0355874
-6.4 -8.6 0.0243111 0.168145
-6.4 -8.4 0.169965 -0.00979657
-6.4 -8.2 0.0080948 -0.170383
-6.4 -8 -0.1684 -0.0293492
-6.4 -7.8 -0.0536938 0.162788
-6.4 -7.6 0.152131 0.0804606
-6.4 -7.4 0.108429 -0.134924
-6.4 -7.2 -0.109767 -0.135662
-6.4 -7 -0.159388 0.0756654
-6.4 -6.8 0.0324776 0.175976
-6.4 -6.6 0.181115 0.0185327
-6.4 -6.4 0.0740862 -0.170315
-6.4 -6.2 -0.139829 -0.128393
-6.4 -6 -0.173046 0.0880664
-6.4 -5.8 0.0173668 0.197687
-6.4 -5.6 0.19188 0.0642524
-6.4 -5.4 0.142182 -0.148428
-6.4 -5.2 -0.0678739 -0.196316
-6.4 -5 -0.205417 -0.0370211
-6.4 -4.8 -0.139327 0.15529
-6.4 -4.6 0.049377 0.201889
-6.4 -4.4 0.189946 0.0827723
-6.4 -4.2 0.186804 -0.0914704
-6.4 -4 0.0629083 -0.20223
-6.4 -3.8 -0.098767 -0.19651
-6.4 -3.6 -0.216761 -0.0854754
-6.4 -3.4 -0.237388 0.079559
-6.4 -3.2 -0.147256 0.226565
-6.4 -3 0.0184814 0.289435
-6.4 -2.8 0.189621 0.241648
-6.4 -2.6 0.299922 0.110565
-6.4 -2.4 0.324015 -0.0445642
-6.4 -2.2 0.282683 -0.173478
-6.4 -2 0.216577 -0.261379
-6.4 -1.8 0.154174 -0.324993
-6.4 -1.6 0.0979706 -0.389298
-6.4 -1.4 0.0326596 -0.46677
-6.4 -1.2 -0.0573728 -0.552002
-6.4 -1 -0.175476 -0.629725
-6.4 -0.8 -0.310776 -0.6865
-6.4 -0.6 -0.443961 -0.717953
-6.4 -0.4 -0.554864 -0.729076
-6.4 -0.2 -0.627691 -0.729723
-6.4 0 -0.652991 -0.728774
-6.4 0.2 -0.627691 -0.729723
-6.4 0.4 -0.554864 -0.729076
-6.4 0.6 -0.443961 -0.717953
-6.4 0.8 -0.310776 -0.6865
-6.4 1 -0.175476 -0.629725
-6.4 1.2 -0.0573728 -0.552002
-6.4 1.4 0.0326596 -0.46677
-6.4 1.6 0.0979706 -0.389298
-6.4 1.8 0.154174 -0.324993
-6.4 2 0.216577 -0.261379
-6.4 2.2 0.282683 -0.173478
-6.4 2.4 0.324015 -0.0445642
-6.4 2.6 0.299922 0.110565
-6.4 2.8 0.189621 0.241648
-6.4 3 0.0184814 0.289435
-6.4 3.2 -0.147256 0.226565
-6.4 3.4 -0.237388 0.079559
-6.4 3.6 -0.216761 -0.0854754
-6.4 3.8 -0.098767 -0.19651
-6.4 4 0.0629083 -0.20223
-6.4 4.2 0.186804 -0.0914704
-6.4 4.4 0.189946 0.0827723
-6.4 4.6 0.049377 0.201889
-6.4 4.8 -0.139327 0.15529
-6.4 5 -0.205417 -0.0370211
-6.4 5.2 -0.0678739 -0.196316
-6.4 5.4 0.142182 -0.148428
-6.4 5.6 0.19188 0.0642524
-6.4 5.8 0.0173668 0.197687
-6.4 6 -0.173046 0.0880664
-6.4 6.2 -0.139829 -0.128393
-6.4 6.4 0.0740862 -0.170315
-6.4 6.6 0.181115 0.0185327
-6.4 6.8 0.0324776 0.175976
-6.4 7 -0.159388 0.0756654
-6.4 7.2 -0.109767 -0.135662
-6.4 7.4 0.108429 -0.134924
-6.4 7.6 0.152131 0.0804606
-6.4 7.8 -0.0536938 0.162788
-6.4 8 -0.1684 -0.0293492
-6.4 8.2 0.0080948 -0.170383
-6.4 8.4 0.169965 -0.00979657
-6.4 8.6 0.0243111 0.168145
-6.4 8.8 -0.165694 0.0355874
-6.4 9 -0.043839 -0.16317
-6.4 9.2 0.16095 -0.0493022
-6.4 9.4 0.0522037 0.159256
-6.4 9.6 -0.158184 0.0527433
-6.4 9.8 -0.0510882 -0.157731
-6.2 -10 0.0147117 -0.164903
-6.2 -9.8 -0.166542 -0.00848766
-6.2 -9.6 -0.00425252 0.167839
-6.2 -9.4 0.168929 0.0021743
-6.2 -9.2 0.00242165 -0.169877
-6.2 -9 -0.170655 -0.0051667
-6.2 -8.8 -0.0105816 0.171126
-6.2 -8.6 0.171021 0.0188265
-6.2 -8.4 0.030025 -0.169914
-6.2 -8.2 -0.167205 -0.0442239
-6.2 -8 -0.0613331 0.162105
-6.2 -7.8 0.153639 0.0810419
-6.2 -7.6 0.102712 -0.140678
-6.2 -7.4 -0.122021 -0.12525
-6.2 -7.2 -0.146979 0.0965465
-6.2 -7 0.0634547 0.165526
-6.2 -6.8 0.177798 -0.0226242
-6.2 -6.6 0.0249268 -0.180094
-6.2 -6.4 -0.168475 -0.0765176
-6.2 -6.2 -0.127335 0.139485
-6.2 -6 0.0912943 0.170228
-6.2 -5.8 0.196091 -0.0252193
-6.2 -5.6 0.0526407 -0.195212
-6.2 -5.4 -0.159903 -0.130248
-6.2 -5.2 -0.189932 0.0883871
-6.2 -5 -0.0108381 0.211367
-6.2 -4.8 0.178089 0.116039
-6.2 -4.6 0.193695 -0.0870859
-6.2 -4.4 0.0416428 -0.20751
-6.2 -4.2 -0.135904 -0.161995
-6.2 -4 -0.213214 -0.00691547
-6.2 -3.8 -0.159434 0.150087
-6.2 -3.6 -0.0167161 0.229008
-6.2 -3.4 0.145437 0.197691
-6.2 -3.2 0.256292 0.0678875
-6.2 -3 0.264929 -0.108621
-6.2 -2.8 0.164936 -0.257898
-6.2 -2.6 0.000518629 -0.321923
-6.2 -2.4 -0.161526 -0.290493
-6.2 -2.2 -0.274204 -0.19871
-6.2 -2 -0.332508 -0.0941579
-6.2 -1.8 -0.362208 -0.00370846
-6.2 -1.6 -0.391612 0.0759622
-6.2 -1.4 -0.431077 0.164469
-6.2 -1.2 -0.471669 0.277366
-6.2 -1 -0.49728 0.414703
-6.2 -0.8 -0.497849 0.562252
-6.2 -0.6 -0.475421 0.699847
-6.2 -0.4 -0.442122 0.809481
-6.2 -0.2 -0.413679 0.8792
-6.2 0 -0.402629 0.90301
-6.2 0.2 -0.413679 0.8792
-6.2 0.4 -0.442122 0.809481
-6.2 0.6 -0.475421 0.699847
-6.2 0.8 -0.497849 0.562252
-6.2 1 -0.49728 0.414703
-6.2 1.2 -0.471669 0.277366
-6.2 1.4 -0.431077 0.164469
-6.2 1.6 -0.391612 0.0759622
-6.2 1.8 -0.362208 -0.00370846
-6.2 2 -0.332508 -0.0941579
-6.2 2.2 -0.274204 -0.19871
-6.2 2.4 -0.161526 -0.290493
-6.2 2.6 0.000518629 -0.321923
-6.2 2.8 0.164936 -0.257898
-6.2 3 0.264929 -0.108621
-6.2 3.2 0.256292 0.0678875
-6.2 3.4 0.145437 0.197691
-6.2 3.6 -0.0167161 0.229008
-6.2 3.8 -0.159434 0.150087
-6.2 4 -0.213214 -0.00691547
-6.2 4.2 -0.135904 -0.161995
-6.2 4.4 0.0416428 -0.20751
-6.2 4.6 0.193695 -0.0870859
-6.2 4.8 0.178089 0.116039
-6.2 5 -0.0108381 0.211367
-6.2 5.2 -0.189932 0.0883871
-6.2 5.4 -0.159903 -0.130248
-6.2 5.6 0.0526407 -0.195212
-6.2 5.8 0.196091 -0.0252193
-6.2 6 0.0912943 0.170228
-6.2 6.2 -0.127335 0.139485
-6.2 6.4 -0.168475 -0.0765176
-6.2 6.6 0.0249268 -0.180094
-6.2 6.8 0.177798 -0.0226242
-6.2 7 0.0634547 0.165526
-6.2 7.2 -0.146979 0.0965465
-6.2 7.4 -0.122021 -0.12525
-6.2 7.6 0.102712 -0.140678
-6.2 7.8 0.153639 0.0810419
-6.2 8 -0.0613331 0.162105
-6.2 8.2 -0.167205 -0.0442239
-6.2 8.4 0.030025 -0.169914
-6.2 8.6 0.171021 0.0188265
-6.2 8.8 -0.0105816 0.171126
-6.2 9 -0.170655 -0.0051667
-6.2 9.2 0.00242165 -0.169877
-6.2 9.4 0.168929 0.0021743
-6.2 9.6 -0.00425252 0.167839
-6.2 9.8 -0.166542 -0.00848766
-6 -10 -0.146487 -0.078422
-6 -9.8 -0.0709182 0.15174
-6 -9.6 0.155803 0.0649317
-6 -9.4 0.0607135 -0.158821
-6 -9.2 -0.160889 -0.0584881
-6 -9 -0.0584554 0.162032
-6 -8.8 0.162185 0.0607895
-6 -8.6 0.0656299 -0.16118
-6 -8.4 -0.158718 -0.0730638
-6 -8.2 -0.0830955 0.154358
-6 -8 0.147509 0.0956007
-6 -7.8 0.110262 -0.137427
-6 -7.6 -0.123248 -0.126486
-6 -7.4 -0.143303 0.104052
-6 -7.2 0.078977 0.159265
-6 -7 0.172352 -0.0474213
-6 -6.8 -0.00932182 -0.179942
-6 -6.6 -0.178884 -0.0344661
-6 -6.4 -0.0817276 0.165772
-6 -6.2 0.137498 0.128461
-6 -6 0.168627 -0.0921638
-6 -5.8 -0.0303564 -0.194323
-6 -5.6 -0.196726 -0.0433789
-6 -5.4 -0.119292 0.16812
-6 -5.2 0.105138 0.182192
-6 -5 0.213293 -0.012789
-6 -4.8 0.0920699 -0.195173
-6 -4.6 -0.120033 -0.180321
-6 -4.4 -0.216378 -0.000646805
-6 -4.2 -0.13 0.172292
-6 -4 0.0480233 0.210924
-6 -3.8 0.189052 0.111806
-6 -3.6 0.221748 -0.0511246
-6 -3.4 0.141294 -0.195349
-6 -3.2 -0.0151397 -0.259321
-6 -3 -0.184223 -0.212976
-6 -2.8 -0.295235 -0.0708588
-6 -2.6 -0.303674 0.109204
-6 -2.4 -0.216547 0.257771
-6 -2.2 -0.0823266 0.335445
-6 -2 0.0471078 0.349379
-6 -1.8 0.149181 0.334577
-6 -1.6 0.234557 0.321496
-6 -1.4 0.327298 0.317128
-6 -1.2 0.442429 0.308604
-6 -1 0.576711 0.279396
-6 -0.8 0.713674 0.223348
-6 -0.6 0.834376 0.148818
-6 -0.4 0.925382 0.0740725
-6 -0.2 0.980674 0.0192209
-6 0 0.999065 -0.000864365
-6 0.2 0.980674 0.0192209
-6 0.4 0.925382 0.0740725
-6 0.6 0.834376 0.148818
-6 0.8 0.713674 0.223348
-6 1 0.576711 0.279396
-6 1.2 0.442429 0.308604
-6 1.4 0.327298 0.317128
-6 1.6 0.234557 0.321496
-6 1.8 0.149181 0.334577
-6 2 0.0471078 0.349379
-6 2.2 -0.0823266 0.335445
-6 2.4 -0.216547 0.257771
-6 2.6 -0.303674 0.109204
-6 2.8 -0.295235 -0.0708588
-6 3 -0.184223 -0.212976
-6 3.2 -0.0151397 -0.259321
-6 3.4 0.141294 -0.195349
-6 3.6 0.221748 -0.0511246
-6 3.8 0.189052 0.111806
-6 4 0.0480233 0.210924
-6 4.2 -0.13 0.172292
-6 4.4 -0.216378 -0.000646805
-6 4.6 -0.120033 -0.180321
-6 4.8 0.0920699 -0.195173
-6 5 0.213293 -0.012789
-6 5.2 0.105138 0.182192
-6 5.4 -0.119292 0.16812
-6 5.6 -0.196726 -0.0433789
-6 5.8 -0.0303564 -0.194323
-6 6 0.168627 -0.0921638
-6 6.2 0.137498 0.128461
-6 6.4 -0.0817276 0.165772
-6 6.6 -0.178884 -0.0344661
-6 6.8 -0.00932182 -0.179942
-6 7 0.172352 -0.0474213
-6 7.2 0.078977 0.159265
-6 7.4 -0.143303 0.104052
-6 7.6 -0.123248 -0.126486
-6 7.8 0.110262 -0.137427
-6 8 0.147509 0.0956007
-6 8.2 -0.0830955 0.154358
-6 8.4 -0.158718 -0.0730638
-6 8.6 0.0656299 -0.16118
-6 8.8 0.162185 0.0607895
-6 9 -0.0584554 0.162032
-6 9.2 -0.160889 -0.0584881
-6 9.4 0.0607135 -0.158821
-6 9.6 0.155803 0.0649317
-6 9.8 -0.0709182 0.15174
-5.8 -10 -0.132187 0.101415
-5.8 -9.8 0.11142 0.125797
-5.8 -9.6 0.120031 -0.119636
-5.8 -9.4 -0.126148 -0.115247
-5.8 -9.2 -0.111763 0.13102
-5.8 -9 0.134282 0.109848
-5.8 -8.8 0.109728 -0.135904
-5.8 -8.6 -0.135784 -0.111572
-5.8 -8.4 -0.115486 0.133721
-5.8 -8.2 0.129411 0.121481
-5.8 -8 0.129445 -0.122427
-5.8 -7.8 -0.112233 -0.139093
-5.8 -7.6 -0.1499 0.0981964
-5.8 -7.4 0.0796453 0.161029
-5.8 -7.2 0.171247 -0.0559592
-5.8 -7 -0.0267239 -0.178853
-5.8 -6.8 -0.181644 -0.00804267
-5.8 -6.6 -0.0475859 0.176968
-5.8 -6.4 0.161923 0.0900476
-5.8 -6.2 0.132091 -0.133777
-5.8 -6 -0.0906901 -0.168636
-5.8 -5.8 -0.192898 0.0327629
-5.8 -5.6 -0.0366815 0.197016
-5.8 -5.4 0.173578 0.109864
-5.8 -5.2 0.173969 -0.118242
-5.8 -5 -0.0332976 -0.212128
-5.8 -4.8 -0.207003 -0.0687407
-5.8 -4.6 -0.163452 0.147566
-5.8 -4.4 0.0381712 0.217622
-5.8 -4.2 0.19987 0.0936237
-5.8 -4 0.197158 -0.098758
-5.8 -3.8 0.0579223 -0.214299
-5.8 -3.6 -0.112899 -0.197165
-5.8 -3.4 -0.226005 -0.0742766
-5.8 -3.2 -0.236859 0.093423
-5.8 -3 -0.140547 0.237697
-5.8 -2.8 0.0286851 0.298333
-5.8 -2.6 0.2044 0.248635
-5.8 -2.4 0.320163 0.113167
-5.8 -2.2 0.348176 -0.0486948
-5.8 -2 0.309246 -0.184271
-5.8 -1.8 0.24689 -0.278136
-5.8 -1.6 0.191942 -0.349551
-5.8 -1.4 0.146543 -0.426798
-5.8 -1.2 0.0934198 -0.523663
-5.8 -1 0.015904 -0.633547
-5.8 -0.8 -0.0881222 -0.738773
-5.8 -0.6 -0.204761 -0.823465
-5.8 -0.4 -0.311371 -0.88071
-5.8 -0.2 -0.385671 -0.911925
-5.8 0 -0.412242 -0.921593
-5.8 0.2 -0.385671 -0.911925
-5.8 0.4 -0.311371 -0.88071
-5.8 0.6 -0.204761 -0.823465
-5.8 0.8 -0.0881222 -0.738773
-5.8 1 0.015904 -0.633547
-5.8 1.2 0.0934198 -0.523663
-5.8 1.4 0.146543 -0.426798
-5.8 1.6 0.191942 -0.349551
-5.8 1.8 0.24689 -0.278136
-5.8 2 0.309246 -0.184271
-5.8 2.2 0.348176 -0.0486948
-5.8 2.4 0.320163 0.113167
-5.8 2.6 0.2044 0.248635
-5.8 2.8 0.0286851 0.298333
-5.8 3 -0.140547 0.237697
-5.8 3.2 -0.236859 0.093423
-5.8 3.4 -0.226005 -0.0742766
-5.8 3.6 -0.112899 -0.197165
-5.8 3.8 0.0579223 -0.214299
-5.8 4 0.197158 -0.098758
-5.8 4.2 0.19987 0.0936237
-5.8 4.4 0.0381712 0.217622
-5.8 4.6 -0.163452 0.147566
-5.8 4.8 -0.207003 -0.0687407
-5.8 5 -0.0332976 -0.212128
-5.8 5.2 0.173969 -0.118242
-5.8 5.4 0.173578 0.109864
-5.8 5.6 -0.0366815 0.197016
-5.8 5.8 -0.192898 0.0327629
-5.8 6 -0.0906901 -0.168636
-5.8 6.2 0.132091 -0.133777
-5.8 6.4 0.161923 0.0900476
-5.8 6.6 -0.0475859 0.176968
-5.8 6.8 -0.181644 -0.00804267
-5.8 7 -0.0267239 -0.178853
-5.8 7.2 0.171247 -0.0559592
-5.8 7.4 0.0796453 0.161029
-5.8 7.6 -0.1499 0.0981964
-5.8 7.8 -0.112233 -0.139093
-5.8 8 0.129445 -0.122427
-5.8 8.2 0.129411 0.121481
-5.8 8.4 -0.115486 0.133721
-5.8 8.6 -0.135784 -0.111572
-5.8 8.8 0.109728 -0.135904
-5.8 9 0.134282 0.109848
-5.8 9.2 -0.111763 0.13102
-5.8 9.4 -0.126148 -0.115247
-5.8 9.6 0.120031 -0.119636
-5.8 9.8 0.11142 0.125797
-5.6 -10 0.0342851 0.163416
-5.6 -9.8 0.161274 -0.0486996
-5.6 -9.6 -0.0612392 -0.158562
-5.6 -9.4 -0.15572 0.0718309
-5.6 -9.2 0.0804278 0.15315
-5.6 -9 0.151205 -0.0869876
-5.6 -8.8 -0.0914513 -0.150185
-5.6 -8.6 -0.150325 0.0937227
-5.6 -8.4 0.0936506 0.151786
-5.6 -8.2 0.15463 -0.0910138
-5.6 -8 -0.0855119 -0.1588
-5.6 -7.8 -0.164077 0.0767662
-5.6 -7.6 0.064335 0.170037
-5.6 -7.4 0.175986 -0.0477537
-5.6 -7.2 -0.0266075 -0.180904
-5.6 -7 -0.183386 0.000651757
-5.6 -6.8 -0.0300098 0.181613
-5.6 -6.6 0.173388 0.0646824
-5.6 -6.4 0.10178 -0.156279
-5.6 -6.2 -0.127943 -0.138506
-5.6 -6 -0.170595 0.0866883
-5.6 -5.8 0.0323213 0.192272
-5.6 -5.6 0.196645 0.032763
-5.6 -5.4 0.102432 -0.176825
-5.6 -5.2 -0.127989 -0.166048
-5.6 -5 -0.208828 0.0504133
-5.6 -4.8 -0.0470773 0.214274
-5.6 -4.6 0.169501 0.144678
-5.6 -4.4 0.212637 -0.0732748
-5.6 -4.2 0.0555234 -0.218644
-5.6 -4 -0.142963 -0.174328
-5.6 -3.8 -0.225811 -0.00197068
-5.6 -3.6 -0.15869 0.164678
-5.6 -3.4 -0.00303101 0.236317
-5.6 -3.2 0.159847 0.192608
-5.6 -3 0.264501 0.0563577
-5.6 -2.8 0.268246 -0.121843
-5.6 -2.6 0.164956 -0.273427
-5.6 -2.4 -0.00483521 -0.340815
-5.6 -2.2 -0.174772 -0.310963
-5.6 -2 -0.295414 -0.2186
-5.6 -1.8 -0.361162 -0.114048
-5.6 -1.6 -0.400618 -0.0262274
-5.6 -1.4 -0.44556 0.0491691
-5.6 -1.2 -0.507512 0.134224
-5.6 -1 -0.576268 0.2455
-5.6 -0.8 -0.63377 0.381222
-5.6 -0.6 -0.668602 0.523222
-5.6 -0.4 -0.681614 0.646823
-5.6 -0.2 -0.682341 0.73024
-5.6 0 -0.681141 0.759594
-5.6 0.2 -0.682341 0.73024
-5.6 0.4 -0.681614 0.646823
-5.6 0.6 -0.668602 0.523222
-5.6 0.8 -0.63377 0.381222
-5.6 1 -0.576268 0.2455
-5.6 1.2 -0.507512 0.134224
-5.6 1.4 -0.44556 0.0491691
-5.6 1.6 -0.400618 -0.0262274
-5.6 1.8 -0.361162 -0.114048
-5.6 2 -0.295414 -0.2186
-5.6 2.2 -0.174772 -0.310963
-5.6 2.4 -0.00483521 -0.340815
-5.6 2.6 0.164956 -0.273427
-5.6 2.8 0.268246 -0.121843
-5.6 3 0.264501 0.0563577
-5.6 3.2 0.159847 0.192608
-5.6 3.4 -0.00303101 0.236317
-5.6 3.6 -0.15869 0.164678
-5.6 3.8 -0.225811 -0.00197068
-5.6 4 -0.142963 -0.174328
-5.6 4.2 0.0555234 -0.218644
-5.6 4.4 0.212637 -0.0732748
-5.6 4.6 0.169501 0.144678
-5.6 4.8 -0.0470773 0.214274
-5.6 5 -0.208828 0.0504133
-5.6 5.2 -0.127989 -0.166048
-5.6 5.4 0.102432 -0.176825
-5.6 5.6 0.196645 0.032763
-5.6 5.8 0.0323213 0.192272
-5.6 6 -0.170595 0.0866883
-5.6 6.2 -0.127943 -0.138506
-5.6 6.4 0.10178 -0.156279
-5.6 6.6 0.173388 0.0646824
-5.6 6.8 -0.0300098 0.181613
-5.6 7 -0.183386 0.000651757
-5.6 7.2 -0.0266075 -0.180904
-5.6 7.4 0.175986 -0.0477537
-5.6 7.6 0.064335 0.170037
-5.6 7.8 -0.164077 0.0767662
-5.6 8 -0.0855119 -0.1588
-5.6 8.2 0.15463 -0.0910138
-5.6 8.4 0.0936506 0.151786
-5.6 8.6 -0.150325 0.0937227
-5.6 8.8 -0.0914513 -0.150185
-5.6 9 0.151205 -0.0869876
-5.6 9.2 0.0804278 0.15315
-5.6 9.4 -0.15572 0.0718309
-5.6 9.6 -0.0612392 -0.158562
-5.6 9.8 0.161274 -0.0486996
-5.4 -10 0.161517 0.0436978
-5.4 -9.8 0.0271941 -0.166626
-5.4 -9.6 -0.16996 -0.0119378
-5.4 -9.4 0.00176307 0.17195
-5.4 -9.2 0.173016 -0.0136648
-5.4 -9 -0.0235699 -0.173556
-5.4 -8.8 -0.173923 0.0313077
-5.4 -8.6 0.0367143 0.174418
-5.4 -8.4 0.175265 -0.0396143
-5.4 -8.2 -0.039805 -0.176601
-5.4 -8 -0.178445 0.0370465
-5.4 -7.8 0.0310585 0.180673
-5.4 -7.6 0.182979 -0.0215307
-5.4 -7.4 -0.0081522 -0.184828
-5.4 -7.2 -0.185414 -0.00933345
-5.4 -7 -0.0310353 0.183612
-5.4 -6.8 0.177956 0.0567765
-5.4 -6.6 0.0859029 -0.166664
-5.4 -6.4 -0.147747 -0.117042
-5.4 -6.2 -0.147837 0.11925
-5.4 -6 0.0796885 0.174712
-5.4 -5.8 0.192782 -0.0287269
-5.4 -5.6 0.0319185 -0.196091
-5.4 -5.4 -0.178397 -0.0974502
-5.4 -5.2 -0.159156 0.134772
-5.4 -5 0.0640978 0.204338
-5.4 -4.8 0.217843 0.0278034
-5.4 -4.6 0.125394 -0.186053
-5.4 -4.4 -0.103664 -0.202968
-5.4 -4.2 -0.229234 -0.0180112
-5.4 -4 -0.145145 0.179192
-5.4 -3.8 0.0523322 0.224701
-5.4 -3.6 0.203963 0.110487
-5.4 -3.4 0.22723 -0.0664535
-5.4 -3.2 0.132059 -0.209238
-5.4 -3 -0.0303436 -0.263377
-5.4 -2.8 -0.198313 -0.209886
-5.4 -2.6 -0.308608 -0.0640705
-5.4 -2.4 -0.317965 0.121162
-5.4 -2.2 -0.229901 0.27758
-5.4 -2 -0.0918786 0.363161
-5.4 -1.8 0.0416403 0.384246
-5.4 -1.6 0.146283 0.378786
-5.4 -1.4 0.234306 0.380752
-5.4 -1.2 0.332784 0.398061
-5.4 -1 0.457816 0.416461
-5.4 -0.8 0.604001 0.418054
-5.4 -0.6 0.750444 0.39671
-5.4 -0.4 0.873037 0.361427
-5.4 -0.2 0.953335 0.329599
-5.4 0 0.981131 0.31693
-5.4 0.2 0.953335 0.329599
-5.4 0.4 0.873037 0.361427
-5.4 0.6 0.750444 0.39671
-5.4 0.8 0.604001 0.418054
-5.4 1 0.457816 0.416461
-5.4 1.2 0.332784 0.398061
-5.4 1.4 0.234306 0.380752
-5.4 1.6 0.146283 0.378786
-5.4 1.8 0.0416403 0.384246
-5.4 2 -0.0918786 0.363161
-5.4 2.2 -0.229901 0.27758
-5.4 2.4 -0.317965 0.121162
-5.4 2.6 -0.308608 -0.0640705
-5.4 2.8 -0.198313 -0.209886
-5.4 3 -0.0303436 -0.263377
-5.4 3.2 0.132059 -0.209238
-5.4 3.4 0.22723 -0.0664535
-5.4 3.6 0.203963 0.110487
-5.4 3.8 0.0523322 0.224701
-5.4 4 -0.145145 0.179192
-5.4 4.2 -0.229234 -0.0180112
-5.4 4.4 -0.103664 -0.202968
-5.4 4.6 0.125394 -0.186053
-5.4 4.8 0.217843 0.0278034
-5.4 5 0.0640978 0.204338
-5.4 5.2 -0.159156 0.134772
-5.4 5.4 -0.178397 -0.0974502
-5.4 5.6 0.0319185 -0.196091
-5.4 5.8 0.192782 -0.0287269
-5.4 6 0.0796885 0.174712
-5.4 6.2 -0.147837 0.11925
-5.4 6.4 -0.147747 -0.117042
-5.4 6.6 0.0859029 -0.166664
-5.4 6.8 0.177956 0.0567765
-5.4 7 -0.0310353 0.183612
-5.4 7.2 -0.185414 -0.00933345
-5.4 7.4 -0.0081522 -0.184828
-5.4 7.6 0.182979 -0.0215307
-5.4 7.8 0.0310585 0.180673
-5.4 8 -0.178445 0.0370465
-5.4 8.2 -0.039805 -0.176601
-5.4 8.4 0.175265 -0.0396143
-5.4 8.6 0.0367143 0.174418
-5.4 8.8 -0.173923 0.0313077
-5.4 9 -0.0235699 -0.173556
-5.4 9.2 0.173016 -0.0136648
-5.4 9.4 0.00176307 0.17195
-5.4 9.6 -0.16996 -0.0119378
-5.4 9.8 0.0271941 -0.166626
-5.2 -10 0.115483 -0.121644
-5.2 -9.8 -0.135627 -0.101186
-5.2 -9.6 -0.0867615 0.147073
-5.2 -9.4 0.15624 0.072772
-5.2 -9.2 0.0597006 -0.163439
-5.2 -9 -0.169004 -0.0479598
-5.2 -8.8 -0.0379019 0.17327
-5.2 -8.6 0.176546 0.0298338
-5.2 -8.4 0.0240317 -0.179093
-5.2 -8.2 -0.1811 -0.0207558
-5.2 -8 -0.0202611 0.182661
-5.2 -7.8 0.183747 0.0228023
-5.2 -7.6 0.0286287 -0.184174
-5.2 -7.4 -0.183568 -0.0379643
-5.2 -7.2 -0.0509669 0.181327
-5.2 -7 0.176589 0.0676583
-5.2 -6.8 0.0878182 -0.168215
-5.2 -6.6 -0.154804 -0.110835
-5.2 -6.4 -0.135518 0.134774
-5.2 -6.2 0.106547 0.159876
-5.2 -6 0.180916 -0.0688856
-5.2 -5.8 -0.0214232 -0.194537
-5.2 -5.6 -0.195649 -0.034595
-5.2 -5.4 -0.0954249 0.178725
-5.2 -5.2 0.138998 0.153999
-5.2 -5 0.199596 -0.0744683
-5.2 -4.8 0.0113774 -0.21868
-5.2 -4.6 -0.197764 -0.106754
-5.2 -4.4 -0.190158 0.128862
-5.2 -4.2 0.0170769 0.232711
-5.2 -4 0.206833 0.112317
-5.2 -3.8 0.212913 -0.101994
-5.2 -3.6 0.0569465 -0.229699
-5.2 -3.4 -0.129151 -0.201355
-5.2 -3.2 -0.238698 -0.0616763
-5.2 -3 -0.236159 0.110929
-5.2 -2.8 -0.131063 0.250501
-5.2 -2.6 0.0410727 0.306976
-5.2 -2.4 0.220425 0.255891
-5.2 -2.2 0.342777 0.117389
-5.2 -2 0.377332 -0.0510748
-5.2 -1.8 0.343548 -0.194356
-5.2 -1.6 0.287829 -0.295319
-5.2 -1.4 0.244468 -0.375341
-5.2 -1.2 0.216176 -0.466275
-5.2 -1 0.184089 -0.583157
-5.2 -0.8 0.13073 -0.717164
-5.2 -0.6 0.0554987 -0.84624
-5.2 -0.4 -0.0249569 -0.94941
-5.2 -0.2 -0.0865977 -1.01424
-5.2 0 -0.109644 -1.03613
-5.2 0.2 -0.0865977 -1.01424
-5.2 0.4 -0.0249569 -0.94941
-5.2 0.6 0.0554987 -0.84624
-5.2 0.8 0.13073 -0.717164
-5.2 1 0.184089 -0.583157
-5.2 1.2 0.216176 -0.466275
-5.2 1.4 0.244468 -0.375341
-5.2 1.6 0.287829 -0.295319
-5.2 1.8 0.343548 -0.194356
-5.2 2 0.377332 -0.0510748
-5.2 2.2 0.342777 0.117389
-5.2 2.4 0.220425 0.255891
-5.2 2.6 0.0410727 0.306976
-5.2 2.8 -0.131063 0.250501
-5.2 3 -0.236159 0.110929
-5.2 3.2 -0.238698 -0.0616763
-5.2 3.4 -0.129151 -0.201355
-5.2 3.6 0.0569465 -0.229699
-5.2 3.8 0.212913 -0.101994
-5.2 4 0.206833 0.112317
-5.2 4.2 0.0170769 0.232711
-5.2 4.4 -0.190158 0.128862
-5.2 4.6 -0.197764 -0.106754
-5.2 4.8 0.0113774 -0.21868
-5.2 5 0.199596 -0.0744683
-5.2 5.2 0.138998 0.153999
-5.2 5.4 -0.0954249 0.178725
-5.2 5.6 -0.195649 -0.034595
-5.2 5.8 -0.0214232 -0.194537
-5.2 6 0.180916 -0.0688856
-5.2 6.2 0.106547 0.159876
-5.2 6.4 -0.135518 0.134774
-5.2 6.6 -0.154804 -0.110835
-5.2 6.8 0.0878182 -0.168215
-5.2 7 0.176589 0.0676583
-5.2 7.2 -0.0509669 0.181327
-5.2 7.4 -0.183568 -0.0379643
-5.2 7.6 0.0286287 -0.184174
-5.2 7.8 0.183747 0.0228023
-5.2 8 -0.0202611 0.182661
-5.2 8.2 -0.1811 -0.0207558
-5.2 8.4 0.0240317 -0.179093
-5.2 8.6 0.176546 0.0298338
-5.2 8.8 -0.0379019 0.17327
-5.2 9 -0.169004 -0.0479598
-5.2 9.2 0.0597006 -0.163439
-5.2 9.4 0.15624 0.072772
-5.2 9.6 -0.0867615 0.147073
-5.2 9.8 -0.135627 -0.101186
-5 -10 -0.0482874 -0.161184
-5 -9.8 -0.154554 0.0700576
-5 -9.6 0.0894776 0.145949
-5 -9.4 0.136083 -0.106445
-5 -9.2 -0.120984 -0.125628
-5 -9 -0.115199 0.133212
-5 -8.8 0.143308 0.10535
-5 -8.6 0.0965712 -0.151483
-5 -8.4 -0.157945 -0.0892951
-5 -8.2 -0.0839051 0.162875
-5 -8 0.166394 0.0807423
-5 -7.8 0.0801098 -0.168534
-5 -7.6 -0.169208 -0.0822706
-5 -7.4 -0.0874342 0.16818
-5 -7.2 0.165031 0.0957276
-5 -7 0.107144 -0.159134
-5 -6.8 -0.149639 -0.121462
-5 -6.6 -0.138135 0.135486
-5 -6.4 0.115464 0.156139
-5 -6.2 0.173805 -0.0883504
-5 -6 -0.0531671 -0.188644
-5 -5.8 -0.197237 0.00959699
-5 -5.6 -0.0414231 0.19529
-5 -5.4 0.178006 0.0969564
-5 -5.2 0.151303 -0.140963
-5 -5 -0.0816849 -0.195529
-5 -4.8 -0.217824 0.00193039
-5 -4.6 -0.0896702 0.205433
-5 -4.4 0.148865 0.17566
-5 -4.2 0.230422 -0.048452
-5 -4 0.0783134 -0.226008
-5 -3.8 -0.144884 -0.192892
-5 -3.6 -0.242137 -0.00222982
-5 -3.4 -0.162455 0.181361
-5 -3.2 0.0119344 0.247634
-5 -3 0.178325 0.187203
-5 -2.8 0.274199 0.0412324
-5 -2.6 0.270289 -0.137839
-5 -2.4 0.163937 -0.290256
-5 -2.2 -0.0100126 -0.361968
-5 -2 -0.188329 -0.336329
-5 -1.8 -0.319138 -0.245818
-5 -1.6 -0.394946 -0.143424
-5 -1.4 -0.446833 -0.0614355
-5 -1.2 -0.510681 0.00433838
-5 -1 -0.599517 0.0779462
-5 -0.8 -0.701096 0.176352
-5 -0.6 -0.793561 0.294892
-5 -0.4 -0.861284 0.410552
-5 -0.2 -0.90003 0.494719
-5 0 -0.912303 0.525456
-5 0.2 -0.90003 0.494719
-5 0.4 -0.861284 0.410552
-5 0.6 -0.793561 0.294892
-5 0.8 -0.701096 0.176352
-5 1 -0.599517 0.0779462
-5 1.2 -0.510681 0.00433838
-5 1.4 -0.446833 -0.0614355
-5 1.6 -0.394946 -0.143424
-5 1.8 -0.319138 -0.245818
-5 2 -0.188329 -0.336329
-5 2.2 -0.0100126 -0.361968
-5 2.4 0.163937 -0.290256
-5 2.6 0.270289 -0.137839
-5 2.8 0.274199 0.0412324
-5 3 0.178325 0.187203
-5 3.2 0.0119344 0.247634
-5 3.4 -0.162455 0.181361
-5 3.6 -0.242137 -0.00222982
-5 3.8 -0.144884 -0.192892
-5 4 0.0783134 -0.226008
-5 4.2 0.230422 -0.048452
-5 4.4 0.148865 0.17566
-5 4.6 -0.0896702 0.205433
-5 4.8 -0.217824 0.00193039
-5 5 -0.0816849 -0.195529
-5 5.2 0.151303 -0.140963
-5 5.4 0.178006 0.0969564
-5 5.6 -0.0414231 0.19529
-5 5.8 -0.197237 0.00959699
-5 6 -0.0531671 -0.188644
-5 6.2 0.173805 -0.0883504
-5 6.4 0.115464 0.156139
-5 6.6 -0.138135 0.135486
-5 6.8 -0.149639 -0.121462
-5 7 0.107144 -0.159134
-5 7.2 0.165031 0.0957276
-5 7.4 -0.0874342 0.16818
-5 7.6 -0.169208 -0.0822706
-5 7.8 0.0801098 -0.168534
-5 8 0.166394 0.0807423
-5 8.2 -0.0839051 0.162875
-5 8.4 -0.157945 -0.0892951
-5 8.6 0.0965712 -0.151483
-5 8.8 0.143308 0.10535
-5 9 -0.115199 0.133212
-5 9.2 -0.120984 -0.125628
-5 9.4 0.136083 -0.106445
-5 9.6 0.0894776 0.145949
-5 9.8 -0.154554 0.0700576
-4.8 -10 -0.163487 -0.042686
-4.8 -9.8 -0.0178069 0.169395
-4.8 -9.6 0.171654 -0.00620463
-4.8 -9.4 -0.0287639 -0.17088
-4.8 -9.2 -0.167744 0.0494553
-4.8 -9 0.0680157 0.162935
-4.8 -8.8 0.157123 -0.0843093
-4.8 -8.6 -0.0982979 -0.150945
-4.8 -8.4 -0.144988 0.110008
-4.8 -8.2 0.119498 0.13978
-4.8 -8 0.135789 -0.126821
-4.8 -7.8 -0.131996 -0.133423
-4.8 -7.6 -0.13302 0.134972
-4.8 -7.4 0.135595 0.134841
-4.8 -7.2 0.13905 -0.133581
-4.8 -7 -0.128492 -0.14567
-4.8 -6.8 -0.15453 0.119718
-4.8 -6.6 0.106487 0.165176
-4.8 -6.4 0.176763 -0.0879098
-4.8 -6.2 -0.0630819 -0.187913
-4.8 -6 -0.196584 0.0312802
-4.8 -5.8 -0.0077176 0.199962
-4.8 -5.6 0.194476 0.0531632
-4.8 -5.4 0.102725 -0.176041
-4.8 -5.2 -0.140696 -0.151813
-4.8 -5 -0.193059 0.0858041
-4.8 -4.8 0.0119172 0.216347
-4.8 -4.6 0.210039 0.0748752
-4.8 -4.4 0.160788 -0.164078
-4.8 -4.2 -0.0753855 -0.223862
-4.8 -4 -0.237428 -0.0451804
-4.8 -3.8 -0.167256 0.17977
-4.8 -3.6 0.0500836 0.242572
-4.8 -3.4 0.220867 0.114895
-4.8 -3.2 0.237498 -0.0827417
-4.8 -3 0.122596 -0.227638
-4.8 -2.8 -0.0498337 -0.268759
-4.8 -2.6 -0.215535 -0.204394
-4.8 -2.4 -0.32282 -0.0548722
-4.8 -2.2 -0.33365 0.134232
-4.8 -2 -0.247084 0.299381
-4.8 -1.8 -0.107029 0.395995
-4.8 -1.6 0.0297278 0.427961
-4.8 -1.4 0.135481 0.435838
-4.8 -1.2 0.222877 0.458181
-4.8 -1 0.321539 0.504678
-4.8 -0.8 0.447855 0.559386
-4.8 -0.6 0.592499 0.601626
-4.8 -0.4 0.727963 0.622741
-4.8 -0.2 0.823783 0.628144
-4.8 0 0.858267 0.628293
-4.8 0.2 0.823783 0.628144
-4.8 0.4 0.727963 0.622741
-4.8 0.6 0.592499 0.601626
-4.8 0.8 0.447855 0.559386
-4.8 1 0.321539 0.504678
-4.8 1.2 0.222877 0.458181
-4.8 1.4 0.135481 0.435838
-4.8 1.6 0.0297278 0.427961
-4.8 1.8 -0.107029 0.395995
-4.8 2 -0.247084 0.299381
-4.8 2.2 -0.33365 0.134232
-4.8 2.4 -0.32282 -0.0548722
-4.8 2.6 -0.215535 -0.204394
-4.8 2.8 -0.0498337 -0.268759
-4.8 3 0.122596 -0.227638
-4.8 3.2 0.237498 -0.0827417
-4.8 3.4 0.220867 0.114895
-4.8 3.6 0.0500836 0.242572
-4.8 3.8 -0.167256 0.17977
-4.8 4 -0.237428 -0.0451804
-4.8 4.2 -0.0753855 -0.223862
-4.8 4.4 0.160788 -0.164078
-4.8 4.6 0.210039 0.0748752
-4.8 4.8 0.0119172 0.216347
-4.8 5 -0.193059 0.0858041
-4.8 5.2 -0.140696 -0.151813
-4.8 5.4 0.102725 -0.176041
-4.8 5.6 0.194476 0.0531632
-4.8 5.8 -0.0077176 0.199962
-4.8 6 -0.196584 0.0312802
-4.8 6.2 -0.0630819 -0.187913
-4.8 6.4 0.176763 -0.0879098
-4.8 6.6 0.106487 0.165176
-4.8 6.8 -0.15453 0.119718
-4.8 7 -0.128492 -0.14567
-4.8 7.2 0.13905 -0.133581
-4.8 7.4 0.135595 0.134841
-4.8 7.6 -0.13302 0.134972
-4.8 7.8 -0.131996 -0.133423
-4.8 8 0.135789 -0.126821
-4.8 8.2 0.119498 0.13978
-4.8 8.4 -0.144988 0.110008
-4.8 8.6 -0.0982979 -0.150945
-4.8 8.8 0.157123 -0.0843093
-4.8 9 0.0680157 0.162935
-4.8 9.2 -0.167744 0.0494553
-4.8 9.4 -0.0287639 -0.17088
-4.8 9.6 0.171654 -0.00620463
-4.8 9.8 -0.0178069 0.169395
-4.6 -10 -0.125265 0.114752
-4.6 -9.8 0.13498 0.105257
-4.6 -9.6 0.0834527 -0.151005
-4.6 -9.4 -0.162983 -0.0608513
-4.6 -9.2 -0.0383211 0.171265
-4.6 -9 0.176338 0.01658
-4.6 -8.8 -0.00380771 -0.178781
-4.6 -8.6 -0.179219 0.0224207
-4.6 -8.4 0.0389605 0.178283
-4.6 -8.2 0.176589 -0.0532242
-4.6 -8 -0.065072 -0.174709
-4.6 -7.8 -0.173158 0.0743932
-4.6 -7.6 0.0810709 0.172378
-4.6 -7.4 0.172723 -0.0849484
-4.6 -7.2 -0.0857979 -0.174439
-4.6 -7 -0.177632 0.0832941
-4.6 -6.8 0.0769988 0.182224
-4.6 -6.6 0.187891 -0.0663613
-4.6 -6.4 -0.0507488 -0.193975
-4.6 -6.2 -0.199381 0.0295228
-4.6 -6 0.00218576 0.20247
-4.6 -5.8 0.20097 0.0313749
-4.6 -5.6 0.0705207 -0.191963
-4.6 -5.4 -0.172048 -0.113369
-4.6 -5.2 -0.156219 0.137785
-4.6 -5 0.0866081 0.193035
-4.6 -4.8 0.215288 -0.0182935
-4.6 -4.6 0.0630279 -0.212656
-4.6 -4.4 -0.175208 -0.146744
-4.6 -4.2 -0.214582 0.0976658
-4.6 -4 -0.0144408 0.242255
-4.6 -3.8 0.206274 0.138511
-4.6 -3.6 0.233011 -0.0972374
-4.6 -3.4 0.0631033 -0.246891
-4.6 -3.2 -0.14583 -0.211336
-4.6 -3 -0.256425 -0.0492518
-4.6 -2.8 -0.236778 0.133266
-4.6 -2.6 -0.118091 0.266609
-4.6 -2.4 0.0571289 0.315552
-4.6 -2.2 0.238421 0.263039
-4.6 -2 0.368276 0.123655
-4.6 -1.8 0.413051 -0.0504714
-4.6 -1.6 0.388698 -0.202277
-4.6 -1.4 0.344072 -0.311152
-4.6 -1.2 0.318466 -0.399337
-4.6 -1 0.316584 -0.502043
-4.6 -0.8 0.318224 -0.634861
-4.6 -0.6 0.304417 -0.784524
-4.6 -0.4 0.27436 -0.92123
-4.6 -0.2 0.243647 -1.01575
-4.6 0 0.230763 -1.04932
-4.6 0.2 0.243647 -1.01575
-4.6 0.4 0.27436 -0.92123
-4.6 0.6 0.304417 -0.784524
-4.6 0.8 0.318224 -0.634861
-4.6 1 0.316584 -0.502043
-4.6 1.2 0.318466 -0.399337
-4.6 1.4 0.344072 -0.311152
-4.6 1.6 0.388698 -0.202277
-4.6 1.8 0.413051 -0.0504714
-4.6 2 0.368276 0.123655
-4.6 2.2 0.238421 0.263039
-4.6 2.4 0.0571289 0.315552
-4.6 2.6 -0.118091 0.266609
-4.6 2.8 -0.236778 0.133266
-4.6 3 -0.256425 -0.0492518
-4.6 3.2 -0.14583 -0.211336
-4.6 3.4 0.0631033 -0.246891
-4.6 3.6 0.233011 -0.0972374
-4.6 3.8 0.206274 0.138511
-4.6 4 -0.0144408 0.242255
-4.6 4.2 -0.214582 0.0976658
-4.6 4.4 -0.175208 -0.146744
-4.6 4.6 0.0630279 -0.212656
-4.6 4.8 0.215288 -0.0182935
-4.6 5 0.0866081 0.193035
-4.6 5.2 -0.156219 0.137785
-4.6 5.4 -0.172048 -0.113369
-4.6 5.6 0.0705207 -0.191963
-4.6 5.8 0.20097 0.0313749
-4.6 6 0.00218576 0.20247
-4.6 6.2 -0.199381 0.0295228
-4.6 6.4 -0.0507488 -0.193975
-4.6 6.6 0.187891 -0.0663613
-4.6 6.8 0.0769988 0.182224
-4.6 7 -0.177632 0.0832941
-4.6 7.2 -0.0857979 -0.174439
-4.6 7.4 0.172723 -0.0849484
-4.6 7.6 0.0810709 0.172378
-4.6 7.8 -0.173158 0.0743932
-4.6 8 -0.065072 -0.174709
-4.6 8.2 0.176589 -0.0532242
-4.6 8.4 0.0389605 0.178283
-4.6 8.6 -0.179219 0.0224207
-4.6 8.8 -0.00380771 -0.178781
-4.6 9 0.176338 0.01658
-4.6 9.2 -0.0383211 0.171265
-4.6 9.4 -0.162983 -0.0608513
-4.6 9.6 0.0834527 -0.151005
-4.6 9.8 0.13498 0.105257
-4.4 -10 0.0237558 0.169348
-4.4 -9.8 0.163354 -0.0545808
-4.4 -9.6 -0.0826571 -0.152571
-4.4 -9.4 -0.138048 0.107368
-4.4 -9.2 0.128393 0.120863
-4.4 -9 0.102048 -0.145677
-4.4 -8.8 -0.159383 -0.0825489
-4.4 -8.6 -0.0631924 0.169842
-4.4 -8.4 0.177507 0.0446748
-4.4 -8.2 0.0275644 -0.1829
-4.4 -8 -0.186572 -0.0123166
-4.4 -7.8 0.00070284 0.189066
-4.4 -7.6 0.190884 -0.0111887
-4.4 -7.4 -0.0188644 -0.192462
-4.4 -7.2 -0.194137 0.0234505
-4.4 -7 0.024637 0.196119
-4.4 -6.8 0.198449 -0.0220632
-4.4 -6.6 -0.015312 -0.200954
-4.4 -6.4 -0.203173 0.0039268
-4.4 -6.2 -0.0125354 0.204285
-4.4 -6 0.203023 0.034396
-4.4 -5.8 0.0616723 -0.1976
-4.4 -5.6 -0.185691 -0.0937958
-4.4 -5.4 -0.129223 0.164529
-4.4 -5.2 0.131227 0.164962
-4.4 -5 0.196096 -0.0834417
-4.4 -4.8 -0.0205179 -0.21553
-4.4 -4.6 -0.214316 -0.0548533
-4.4 -4.4 -0.134683 0.183134
-4.4 -4.2 0.115495 0.204157
-4.4 -4 0.241984 -0.0129233
-4.4 -3.8 0.108851 -0.224779
-4.4 -3.6 -0.137428 -0.215847
-4.4 -3.4 -0.259904 -0.0111027
-4.4 -3.2 -0.173197 0.19772
-4.4 -3 0.0259663 0.264616
-4.4 -2.8 0.202045 0.183412
-4.4 -2.6 0.287314 0.0217162
-4.4 -2.4 0.27108 -0.158531
-4.4 -2.2 0.160899 -0.309311
-4.4 -2 -0.0152553 -0.385864
-4.4 -1.8 -0.201775 -0.368245
-4.4 -1.6 -0.3453 -0.283795
-4.4 -1.4 -0.434382 -0.187471
-4.4 -1.2 -0.501301 -0.11692
-4.4 -1 -0.586303 -0.0700806
-4.4 -0.8 -0.703652 -0.0217576
-4.4 -0.6 -0.836762 0.0452259
-4.4 -0.4 -0.955762 0.123707
-4.4 -0.2 -1.0358 0.188355
-4.4 0 -1.0637 0.213418
-4.4 0.2 -1.0358 0.188355
-4.4 0.4 -0.955762 0.123707
-4.4 0.6 -0.836762 0.0452259
-4.4 0.8 -0.703652 -0.0217576
-4.4 1 -0.586303 -0.0700806
-4.4 1.2 -0.501301 -0.11692
-4.4 1.4 -0.434382 -0.187471
-4.4 1.6 -0.3453 -0.283795
-4.4 1.8 -0.201775 -0.368245
-4.4 2 -0.0152553 -0.385864
-4.4 2.2 0.160899 -0.309311
-4.4 2.4 0.27108 -0.158531
-4.4 2.6 0.287314 0.0217162
-4.4 2.8 0.202045 0.183412
-4.4 3 0.0259663 0.264616
-4.4 3.2 -0.173197 0.19772
-4.4 3.4 -0.259904 -0.0111027
-4.4 3.6 -0.137428 -0.215847
-4.4 3.8 0.108851 -0.224779
-4.4 4 0.241984 -0.0129233
-4.4 4.2 0.115495 0.204157
-4.4 4.4 -0.134683 0.183134
-4.4 4.6 -0.214316 -0.0548533
-4.4 4.8 -0.0205179 -0.21553
-4.4 5 0.196096 -0.0834417
-4.4 5.2 0.131227 0.164962
-4.4 5.4 -0.129223 0.164529
-4.4 5.6 -0.185691 -0.0937958
-4.4 5.8 0.0616723 -0.1976
-4.4 6 0.203023 0.034396
-4.4 6.2 -0.0125354 0.204285
-4.4 6.4 -0.203173 0.0039268
-4.4 6.6 -0.015312 -0.200954
-4.4 6.8 0.198449 -0.0220632
-4.4 7 0.024637 0.196119
-4.4 7.2 -0.194137 0.0234505
-4.4 7.4 -0.0188644 -0.192462
-4.4 7.6 0.190884 -0.0111887
-4.4 7.8 0.00070284 0.189066
-4.4 8 -0.186572 -0.0123166
-4.4 8.2 0.0275644 -0.1829
-4.4 8.4 0.177507 0.0446748
-4.4 8.6 -0.0631924 0.169842
-4.4 8.8 -0.159383 -0.0825489
-4.4 9 0.102048 -0.145677
-4.4 9.2 0.128393 0.120863
-4.4 9.4 -0.138048 0.107368
-4.4 9.6 -0.0826571 -0.152571
-4.4 9.8 0.163354 -0.0545808
-4.2 -10 0.151842 0.0814853
-4.2 -9.8 0.0501586 -0.166101
-4.2 -9.6 -0.173827 -0.0179053
-4.2 -9.4 0.0138757 0.175497
-4.2 -9.2 0.171858 -0.0440482
-4.2 -9 -0.0717681 -0.163831
-4.2 -8.8 -0.152428 0.0964845
-4.2 -8.6 0.11792 0.138674
-4.2 -8.4 0.123557 -0.136034
-4.2 -8.2 -0.150977 -0.107983
-4.2 -8 -0.0927535 0.163042
-4.2 -7.8 0.172609 0.0785648
-4.2 -7.6 0.0660109 -0.1801
-4.2 -7.4 -0.185932 -0.055602
-4.2 -7.2 -0.047787 0.190475
-4.2 -7 0.194008 0.0429773
-4.2 -6.8 0.0415681 -0.19668
-4.2 -6.6 -0.198458 -0.0439492
-4.2 -6.4 -0.0504991 0.199076
-4.2 -6.2 0.197968 0.061552
-4.2 -6 0.0773221 -0.194203
-4.2 -5.8 -0.18643 -0.0977694
-4.2 -5.6 -0.122389 0.17285
-4.2 -5.4 0.151282 0.149909
-4.2 -5.2 0.17791 -0.119379
-4.2 -5 -0.0751196 -0.202411
-4.2 -4.8 -0.217577 0.0176723
-4.2 -4.6 -0.0512748 0.215814
-4.2 -4.4 0.188702 0.125815
-4.2 -4.2 0.194199 -0.129319
-4.2 -4 -0.0363943 -0.238351
-4.2 -3.8 -0.236322 -0.0800481
-4.2 -3.6 -0.193559 0.16984
-4.2 -3.4 0.0378431 0.261347
-4.2 -3.2 0.236478 0.127527
-4.2 -3 0.254151 -0.0969762
-4.2 -2.8 0.11545 -0.251571
-4.2 -2.6 -0.0743247 -0.27777
-4.2 -2.4 -0.238213 -0.196414
-4.2 -2.2 -0.33888 -0.0416037
-4.2 -2 -0.35085 0.149374
-4.2 -1.8 -0.269351 0.323506
-4.2 -1.6 -0.130847 0.435182
-4.2 -1.4 0.00674265 0.483347
-4.2 -1.2 0.109983 0.509806
-4.2 -1 0.189355 0.558628
-4.2 -0.8 0.275783 0.641813
-4.2 -0.6 0.384895 0.739789
-4.2 -0.4 0.50216 0.824579
-4.2 -0.2 0.593878 0.878563
-4.2 0 0.6286 0.896628
-4.2 0.2 0.593878 0.878563
-4.2 0.4 0.50216 0.824579
-4.2 0.6 0.384895 0.739789
-4.2 0.8 0.275783 0.641813
-4.2 1 0.189355 0.558628
-4.2 1.2 0.109983 0.509806
-4.2 1.4 0.00674265 0.483347
-4.2 1.6 -0.130847 0.435182
-4.2 1.8 -0.269351 0.323506
-4.2 2 -0.35085 0.149374
-4.2 2.2 -0.33888 -0.0416037
-4.2 2.4 -0.238213 -0.196414
-4.2 2.6 -0.0743247 -0.27777
-4.2 2.8 0.11545 -0.251571
-4.2 3 0.254151 -0.0969762
-4.2 3.2 0.236478 0.127527
-4.2 3.4 0.0378431 0.261347
-4.2 3.6 -0.193559 0.16984
-4.2 3.8 -0.236322 -0.0800481
-4.2 4 -0.0363943 -0.238351
-4.2 4.2 0.194199 -0.129319
-4.2 4.4 0.188702 0.125815
-4.2 4.6 -0.0512748 0.215814
-4.2 4.8 -0.217577 0.0176723
-4.2 5 -0.0751196 -0.202411
-4.2 5.2 0.17791 -0.119379
-4.2 5.4 0.151282 0.149909
-4.2 5.6 -0.122389 0.17285
-4.2 5.8 -0.18643 -0.0977694
-4.2 6 0.0773221 -0.194203
-4.2 6.2 0.197968 0.061552
-4.2 6.4 -0.0504991 0.199076
-4.2 6.6 -0.198458 -0.0439492
-4.2 6.8 0.0415681 -0.19668
-4.2 7 0.194008 0.0429773
-4.2 7.2 -0.047787 0.190475
-4.2 7.4 -0.185932 -0.055602
-4.2 7.6 0.0660109 -0.1801
-4.2 7.8 0.172609 0.0785648
-4.2 8 -0.0927535 0.163042
-4.2 8.2 -0.150977 -0.107983
-4.2 8.4 0.123557 -0.136034
-4.2 8.6 0.11792 0.138674
-4.2 8.8 -0.152428 0.0964845
-4.2 9 -0.0717681 -0.163831
-4.2 9.2 0.171858 -0.0440482
-4.2 9.4 0.0138757 0.175497
-4.2 9.6 -0.173827 -0.0179053
-4.2 9.8 0.0501586 -0.166101
-4 -10 0.158998 -0.0701759
-4 -9.8 -0.103212 -0.141282
-4 -9.6 -0.117848 0.130957
-4 -9.4 0.152707 0.0903512
-4 -9.2 0.0604266 -0.168224
-4 -9 -0.177681 -0.0295854
-4 -8.8 0.000868831 0.18158
-4 -8.6 0.180668 -0.029889
-4 -8.4 -0.0567042 -0.175847
-4 -8.2 -0.168093 0.0808139
-4 -8 0.101961 0.158395
-4 -7.8 0.1477 -0.120093
-4 -7.6 -0.135311 -0.136885
-4 -7.4 -0.126739 0.147814
-4 -7.2 0.157848 0.11796
-4 -7 0.111164 -0.165649
-4 -6.8 -0.171388 -0.10689
-4 -6.6 -0.105616 0.175119
-4 -6.4 0.176724 0.107751
-4 -6.2 0.113623 -0.17585
-4 -6 -0.17186 -0.123421
-4 -5.8 -0.137109 0.163778
-4 -5.6 0.150264 0.154264
-4 -5.4 0.173854 -0.129657
-4 -5.2 -0.100121 -0.193936
-4 -5 -0.211315 0.0599982
-4 -4.8 0.00845786 0.221252
-4 -4.6 0.217421 0.0534679
-4 -4.4 0.121464 -0.192458
-4 -4.2 -0.139574 -0.186379
-4 -4 -0.233272 0.0557412
-4 -3.8 -0.0534708 0.24246
-4 -3.6 0.194593 0.168517
-4 -3.4 0.253321 -0.0814605
-4 -3.2 0.0785916 -0.261644
-4 -3 -0.159014 -0.228411
-4 -2.8 -0.279844 -0.0403021
-4 -2.6 -0.241506 0.160838
-4 -2.4 -0.101604 0.28873
-4 -2.2 0.0791807 0.325098
-4 -2 0.26001 0.269547
-4 -1.8 0.397492 0.132368
-4 -1.6 0.457472 -0.0447742
-4 -1.4 0.449313 -0.204923
-4 -1.2 0.422692 -0.321238
-4 -1 0.423634 -0.413808
-4 -0.8 0.460538 -0.519786
-4 -0.6 0.510783 -0.65366
-4 -0.4 0.549751 -0.794665
-4 -0.2 0.569374 -0.902871
-4 0 0.574579 -0.943396
-4 0.2 0.569374 -0.902871
-4 0.4 0.549751 -0.794665
-4 0.6 0.510783 -0.65366
-4 0.8 0.460538 -0.519786
-4 1 0.423634 -0.413808
-4 1.2 0.422692 -0.321238
-4 1.4 0.449313 -0.204923
-4 1.6 0.457472 -0.0447742
-4 1.8 0.397492 0.132368
-4 2 0.26001 0.269547
-4 2.2 0.0791807 0.325098
-4 2.4 -0.101604 0.28873
-4 2.6 -0.241506 0.160838
-4 2.8 -0.279844 -0.0403021
-4 3 -0.159014 -0.228411
-4 3.2 0.0785916 -0.261644
-4 3.4 0.253321 -0.0814605
-4 3.6 0.194593 0.168517
-4 3.8 -0.0534708 0.24246
-4 4 -0.233272 0.0557412
-4 4.2 -0.139574 -0.186379
-4 4.4 0.121464 -0.192458
-4 4.6 0.217421 0.0534679
-4 4.8 0.00845786 0.221252
-4 5 -0.211315 0.0599982
-4 5.2 -0.100121 -0.193936
-4 5.4 0.173854 -0.129657
-4 5.6 0.150264 0.154264
-4 5.8 -0.137109 0.163778
-4 6 -0.17186 -0.123421
-4 6.2 0.113623 -0.17585
-4 6.4 0.176724 0.107751
-4 6.6 -0.105616 0.175119
-4 6.8 -0.171388 -0.10689
-4 7 0.111164 -0.165649
-4 7.2 0.157848 0.11796
-4 7.4 -0.126739 0.147814
-4 7.6 -0.135311 -0.136885
-4 7.8 0.1477 -0.120093
-4 8 0.101961 0.158395
-4 8.2 -0.168093 0.0808139
-4 8.4 -0.0567042 -0.175847
-4 8.6 0.180668 -0.029889
-4 8.8 0.000868831 0.18158
-4 9 -0.177681 -0.0295854
-4 9.2 0.0604266 -0.168224
-4 9.4 0.152707 0.0903512
-4 9.6 -0.117848 0.130957
-4 9.8 -0.103212 -0.141282
-3.8 -10 0.0482323 -0.168599
-3.8 -9.8 -0.176348 -0.00839747
-3.8 -9.6 0.0310883 0.175022
-3.8 -9.4 0.165497 -0.0682329
-3.8 -9.2 -0.101472 -0.149037
-3.8 -9 -0.127147 0.129721
-3.8 -8.8 0.152374 0.101423
-3.8 -8.6 0.0734262 -0.169273
-3.8 -8.4 -0.180646 -0.0445797
-3.8 -8.2 -0.0161018 0.18702
-3.8 -8 0.189145 -0.0110341
-3.8 -7.8 -0.0361085 -0.187904
-3.8 -7.6 -0.184241 0.0586412
-3.8 -7.4 0.078357 0.179102
-3.8 -7.2 0.173394 -0.0951385
-3.8 -7 -0.10897 -0.16795
-3.8 -6.8 -0.163517 0.119879
-3.8 -6.6 0.127869 0.160746
-3.8 -6.4 0.16018 -0.132864
-3.8 -6.2 -0.13464 -0.16224
-3.8 -6 -0.167187 0.132772
-3.8 -5.8 0.126582 0.175059
-3.8 -5.6 0.18556 -0.115115
-3.8 -5.4 -0.0971505 -0.197891
-3.8 -5.2 -0.210527 0.0713104
-3.8 -5 0.0363037 0.220939
-3.8 -4.8 0.225336 0.00859391
-3.8 -4.6 0.0627482 -0.21855
-3.8 -4.4 -0.194318 -0.123019
-3.8 -4.2 -0.18238 0.146365
-3.8 -4 0.070746 0.228755
-3.8 -3.8 0.245128 0.0302262
-3.8 -3.6 0.142912 -0.212624
-3.8 -3.4 -0.118559 -0.23833
-3.8 -3.2 -0.274046 -0.0300112
-3.8 -3 -0.191557 0.208946
-3.8 -2.8 0.0349486 0.287261
-3.8 -2.6 0.230789 0.18459
-3.8 -2.4 0.306907 -0.00188473
-3.8 -2.2 0.271736 -0.186818
-3.8 -2 0.154463 -0.33277
-3.8 -1.8 -0.021354 -0.413427
-3.8 -1.6 -0.214334 -0.409073
-3.8 -1.4 -0.372911 -0.33802
-3.8 -1.2 -0.478639 -0.254951
-3.8 -1 -0.561558 -0.205449
-3.8 -0.8 -0.665077 -0.192727
-3.8 -0.6 -0.802922 -0.190638
-3.8 -0.4 -0.94954 -0.178736
-3.8 -0.2 -1.06144 -0.160057
-3.8 0 -1.1031 -0.15092
-3.8 0.2 -1.06144 -0.160057
-3.8 0.4 -0.94954 -0.178736
-3.8 0.6 -0.802922 -0.190638
-3.8 0.8 -0.665077 -0.192727
-3.8 1 -0.561558 -0.205449
-3.8 1.2 -0.478639 -0.254951
-3.8 1.4 -0.372911 -0.33802
-3.8 1.6 -0.214334 -0.409073
-3.8 1.8 -0.021354 -0.413427
-3.8 2 0.154463 -0.33277
-3.8 2.2 0.271736 -0.186818
-3.8 2.4 0.306907 -0.00188473
-3.8 2.6 0.230789 0.18459
-3.8 2.8 0.0349486 0.287261
-3.8 3 -0.191557 0.208946
-3.8 3.2 -0.274046 -0.0300112
-3.8 3.4 -0.118559 -0.23833
-3.8 3.6 0.142912 -0.212624
-3.8 3.8 0.245128 0.0302262
-3.8 4 0.070746 0.228755
-3.8 4.2 -0.18238 0.146365
-3.8 4.4 -0.194318 -0.123019
-3.8 4.6 0.0627482 -0.21855
-3.8 4.8 0.225336 0.00859391
-3.8 5 0.0363037 0.220939
-3.8 5.2 -0.210527 0.0713104
-3.8 5.4 -0.0971505 -0.197891
-3.8 5.6 0.18556 -0.115115
-3.8 5.8 0.126582 0.175059
-3.8 6 -0.167187 0.132772
-3.8 6.2 -0.13464 -0.16224
-3.8 6.4 0.16018 -0.132864
-3.8 6.6 0.127869 0.160746
-3.8 6.8 -0.163517 0.119879
-3.8 7 -0.10897 -0.16795
-3.8 7.2 0.173394 -0.0951385
-3.8 7.4 0.078357 0.179102
-3.8 7.6 -0.184241 0.0586412
-3.8 7.8 -0.0361085 -0.187904
-3.8 8 0.189145 -0.0110341
-3.8 8.2 -0.0161018 0.18702
-3.8 8.4 -0.180646 -0.0445797
-3.8 8.6 0.0734262 -0.169273
-3.8 8.8 0.152374 0.101423
-3.8 9 -0.127147 0.129721
-3.8 9.2 -0.101472 -0.149037
-3.8 9.4 0.165497 -0.0682329
-3.8 9.6 0.0310883 0.175022
-3.8 9.8 -0.176348 -0.00839747
-3.6 -10 -0.0948052 -0.149417
-3.6 -9.8 -0.122615 0.129288
-3.6 -9.6 0.155752 0.089094
-3.6 -9.4 0.0513001 -0.173273
-3.6 -9.2 -0.181638 -0.0116594
-3.6 -9 0.0276087 0.181261
-3.6 -8.8 0.173059 -0.0646312
-3.6 -8.6 -0.0979691 -0.158307
-3.6 -8.4 -0.138482 0.126656
-3.6 -8.2 0.150191 0.115129
-3.6 -8 0.0897406 -0.168495
-3.6 -7.8 -0.181846 -0.0636664
-3.6 -7.6 -0.0380585 0.190796
-3.6 -7.4 0.196086 0.0138444
-3.6 -7.2 -0.00827105 -0.19857
-3.6 -7 -0.199139 0.0277798
-3.6 -6.8 0.0443273 0.19867
-3.6 -6.6 0.197974 -0.0576569
-3.6 -6.4 -0.067547 -0.197766
-3.6 -6.2 -0.198629 0.0737458
-3.6 -6 0.0759075 0.200975
-3.6 -5.8 0.204993 -0.0735373
-3.6 -5.6 -0.0659538 -0.210567
-3.6 -5.4 -0.217152 0.0522866
-3.6 -5.2 0.0315375 0.223608
-3.6 -5 0.22799 -0.00275201
-3.6 -4.8 0.0346371 -0.227323
-3.6 -4.6 -0.217472 -0.080216
-3.6 -4.4 -0.13169 0.193255
-3.6 -4.2 0.149133 0.183713
-3.6 -4 0.226711 -0.0808712
-3.6 -3.8 0.0114094 -0.246418
-3.6 -3.6 -0.22547 -0.118815
-3.6 -3.4 -0.219117 0.148975
-3.6 -3.2 0.0155337 0.275568
-3.6 -3 0.245382 0.147886
-3.6 -2.8 0.276133 -0.10435
-3.6 -2.6 0.114518 -0.279819
-3.6 -2.4 -0.102788 -0.29376
-3.6 -2.2 -0.269644 -0.187342
-3.6 -2 -0.359425 -0.0220153
-3.6 -1.8 -0.370125 0.168742
-3.6 -1.6 -0.298438 0.350583
-3.6 -1.4 -0.168521 0.481947
-3.6 -1.2 -0.0360251 0.553585
-3.6 -1 0.0565743 0.604628
-3.6 -0.8 0.112809 0.6841
-3.6 -0.6 0.163149 0.805149
-3.6 -0.4 0.223776 0.938942
-3.6 -0.2 0.279877 1.04135
-3.6 0 0.303136 1.0793
-3.6 0.2 0.279877 1.04135
-3.6 0.4 0.223776 0.938942
-3.6 0.6 0.163149 0.805149
-3.6 0.8 0.112809 0.6841
-3.6 1 0.0565743 0.604628
-3.6 1.2 -0.0360251 0.553585
-3.6 1.4 -0.168521 0.481947
-3.6 1.6 -0.298438 0.350583
-3.6 1.8 -0.370125 0.168742
-3.6 2 -0.359425 -0.0220153
-3.6 2.2 -0.269644 -0.187342
-3.6 2.4 -0.102788 -0.29376
-3.6 2.6 0.114518 -0.279819
-3.6 2.8 0.276133 -0.10435
-3.6 3 0.245382 0.147886
-3.6 3.2 0.0155337 0.275568
-3.6 3.4 -0.219117 0.148975
-3.6 3.6 -0.22547 -0.118815
-3.6 3.8 0.0114094 -0.246418
-3.6 4 0.226711 -0.0808712
-3.6 4.2 0.149133 0.183713
-3.6 4.4 -0.13169 0.193255
-3.6 4.6 -0.217472 -0.080216
-3.6 4.8 0.0346371 -0.227323
-3.6 5 0.22799 -0.00275201
-3.6 5.2 0.0315375 0.223608
-3.6 5.4 -0.217152 0.0522866
-3.6 5.6 -0.0659538 -0.210567
-3.6 5.8 0.204993 -0.0735373
-3.6 6 0.0759075 0.200975
-3.6 6.2 -0.198629 0.0737458
-3.6 6.4 -0.067547 -0.197766
-3.6 6.6 0.197974 -0.0576569
-3.6 6.8 0.0443273 0.19867
-3.6 7 -0.199139 0.0277798
-3.6 7.2 -0.00827105 -0.19857
-3.6 7.4 0.196086 0.0138444
-3.6 7.6 -0.0380585 0.190796
-3.6 7.8 -0.181846 -0.0636664
-3.6 8 0.0897406 -0.168495
-3.6 8.2 0.150191 0.115129
-3.6 8.4 -0.138482 0.126656
-3.6 8.6 -0.0979691 -0.158307
-3.6 8.8 0.173059 -0.0646312
-3.6 9 0.0276087 0.181261
-3.6 9.2 -0.181638 -0.0116594
-3.6 9.4 0.0513001 -0.173273
-3.6 9.6 0.155752 0.089094
-3.6 9.8 -0.122615 0.129288
-3.4 -10 -0.175149 -0.0345031
-3.4 -9.8 0.0120339 0.179404
-3.4 -9.6 0.171818 -0.0572887
-3.4 -9.4 -0.0984042 -0.153633
-3.4 -9.2 -0.126716 0.133132
-3.4 -9 0.159938 0.0933222
-3.4 -8.8 0.055859 -0.178022
-3.4 -8.6 -0.187283 -0.0166738
-3.4 -8.4 0.0221231 0.188217
-3.4 -8.2 0.181788 -0.0587843
-3.4 -8 -0.0920004 -0.169282
-3.4 -7.8 -0.152159 0.120925
-3.4 -7.6 0.145156 0.13192
-3.4 -7.4 0.110005 -0.164687
-3.4 -7.2 -0.179831 -0.0877139
-3.4 -7 -0.0661625 0.191141
-3.4 -6.8 0.199321 0.0462727
-3.4 -6.6 0.0287856 -0.205147
-3.4 -6.4 -0.209389 -0.0142982
-3.4 -6.2 -0.00331387 0.21275
-3.4 -6 0.215804 -0.00369845
-3.4 -5.8 -0.00624652 -0.218927
-3.4 -5.6 -0.222225 0.00376704
-3.4 -5.4 -0.0043965 0.225434
-3.4 -5.2 0.227793 0.0189684
-3.4 -5 0.0406333 -0.227881
-3.4 -4.8 -0.223442 -0.0697979
-3.4 -4.6 -0.106159 0.211251
-3.4 -4.4 0.187138 0.148018
-3.4 -4.2 0.191329 -0.146406
-3.4 -4 -0.0849674 -0.22862
-3.4 -3.8 -0.248239 0.00161619
-3.4 -3.6 -0.0983376 0.234923
-3.4 -3.4 0.173332 0.198609
-3.4 -3.2 0.268944 -0.0563871
-3.4 -3 0.101313 -0.268633
-3.4 -2.8 -0.163661 -0.250058
-3.4 -2.6 -0.306328 -0.0390297
-3.4 -2.4 -0.253799 0.191434
-3.4 -2.2 -0.0836222 0.320262
-3.4 -2 0.110166 0.33869
-3.4 -1.8 0.288719 0.275242
-3.4 -1.6 0.4322 0.143803
-3.4 -1.4 0.513527 -0.0302748
-3.4 -1.2 0.532134 -0.195434
-3.4 -1 0.53389 -0.314882
-3.4 -0.8 0.571995 -0.400035
-3.4 -0.6 0.65893 -0.4866
-3.4 -0.4 0.763937 -0.587106
-3.4 -0.2 0.845089 -0.675214
-3.4 0 0.874951 -0.710761
-3.4 0.2 0.845089 -0.675214
-3.4 0.4 0.763937 -0.587106
-3.4 0.6 0.65893 -0.4866
-3.4 0.8 0.571995 -0.400035
-3.4 1 0.53389 -0.314882
-3.4 1.2 0.532134 -0.195434
-3.4 1.4 0.513527 -0.0302748
-3.4 1.6 0.4322 0.143803
-3.4 1.8 0.288719 0.275242
-3.4 2 0.110166 0.33869
-3.4 2.2 -0.0836222 0.320262
-3.4 2.4 -0.253799 0.191434
-3.4 2.6 -0.306328 -0.0390297
-3.4 2.8 -0.163661 -0.250058
-3.4 3 0.101313 -0.268633
-3.4 3.2 0.268944 -0.0563871
-3.4 3.4 0.173332 0.198609
-3.4 3.6 -0.0983376 0.234923
-3.4 3.8 -0.248239 0.00161619
-3.4 4 -0.0849674 -0.22862
-3.4 4.2 0.191329 -0.146406
-3.4 4.4 0.187138 0.148018
-3.4 4.6 -0.106159 0.211251
-3.4 4.8 -0.223442 -0.0697979
-3.4 5 0.0406333 -0.227881
-3.4 5.2 0.227793 0.0189684
-3.4 5.4 -0.0043965 0.225434
-3.4 5.6 -0.222225 0.00376704
-3.4 5.8 -0.00624652 -0.218927
-3.4 6 0.215804 -0.00369845
-3.4 6.2 -0.00331387 0.21275
-3.4 6.4 -0.209389 -0.0142982
-3.4 6.6 0.0287856 -0.205147
-3.4 6.8 0.199321 0.0462727
-3.4 7 -0.0661625 0.191141
-3.4 7.2 -0.179831 -0.0877139
-3.4 7.4 0.110005 -0.164687
-3.4 7.6 0.145156 0.13192
-3.4 7.8 -0.152159 0.120925
-3.4 8 -0.0920004 -0.169282
-3.4 8.2 0.181788 -0.0587843
-3.4 8.4 0.0221231 0.188217
-3.4 8.6 -0.187283 -0.0166738
-3.4 8.8 0.055859 -0.178022
-3.4 9 0.159938 0.0933222
-3.4 9.2 -0.126716 0.133132
-3.4 9.4 -0.0984042 -0.153633
-3.4 9.6 0.171818 -0.0572887
-3.4 9.8 0.0120339 0.179404
-3.2 -10 -0.150281 0.0990412
-3.2 -9.8 0.137282 0.118501
-3.2 -9.6 0.0781997 -0.165164
-3.2 -9.4 -0.181213 -0.0327405
-3.2 -9.2 0.0144334 0.185009
-3.2 -9 0.177095 -0.0601031
-3.2 -8.8 -0.101519 -0.158809
-3.2 -8.6 -0.132068 0.136566
-3.2 -8.4 0.163856 0.0991262
-3.2 -8.2 0.0623455 -0.182729
-3.2 -8 -0.193201 -0.0239861
-3.2 -7.8 0.0139557 0.195858
-3.2 -7.6 0.191718 -0.0498606
-3.2 -7.4 -0.0825453 -0.182086
-3.2 -7.2 -0.168415 0.111273
-3.2 -7 0.135725 0.152182
-3.2 -6.8 0.134794 -0.155935
-3.2 -6.6 -0.172214 -0.11753
-3.2 -6.4 -0.101506 0.185056
-3.2 -6.2 0.195043 0.0876792
-3.2 -6 0.0768707 -0.202755
-3.2 -5.8 -0.208675 -0.0698013
-3.2 -5.6 -0.0671344 0.213101
-3.2 -5.4 0.216038 0.0695072
-3.2 -5.2 0.0775321 -0.217091
-3.2 -5 -0.215325 -0.0917398
-3.2 -4.8 -0.112427 0.209124
-3.2 -4.6 0.196072 0.139357
-3.2 -4.4 0.171252 -0.172924
-3.2 -4.2 -0.135849 -0.205058
-3.2 -4 -0.235014 0.0811789
-3.2 -3.8 0.00704613 0.251814
-3.2 -3.6 0.242532 0.0837776
-3.2 -3.4 0.17991 -0.192614
-3.2 -3.2 -0.0917396 -0.257561
-3.2 -3 -0.280553 -0.0550975
-3.2 -2.8 -0.213291 0.210685
-3.2 -2.6 0.0349925 0.311216
-3.2 -2.4 0.260738 0.193887
-3.2 -2.2 0.33603 -0.0264743
-3.2 -2 0.275878 -0.225879
-3.2 -1.8 0.143596 -0.365402
-3.2 -1.6 -0.0301693 -0.447095
-3.2 -1.4 -0.224717 -0.462392
-3.2 -1.2 -0.398405 -0.417442
-3.2 -1 -0.522229 -0.360823
-3.2 -0.8 -0.615724 -0.347658
-3.2 -0.6 -0.720593 -0.389436
-3.2 -0.4 -0.846962 -0.454511
-3.2 -0.2 -0.958082 -0.505655
-3.2 0 -1.0028 -0.524047
-3.2 0.2 -0.958082 -0.505655
-3.2 0.4 -0.846962 -0.454511
-3.2 0.6 -0.720593 -0.389436
-3.2 0.8 -0.615724 -0.347658
-3.2 1 -0.522229 -0.360823
-3.2 1.2 -0.398405 -0.417442
-3.2 1.4 -0.224717 -0.462392
-3.2 1.6 -0.0301693 -0.447095
-3.2 1.8 0.143596 -0.365402
-3.2 2 0.275878 -0.225879
-3.2 2.2 0.33603 -0.0264743
-3.2 2.4 0.260738 0.193887
-3.2 2.6 0.0349925 0.311216
-3.2 2.8 -0.213291 0.210685
-3.2 3 -0.280553 -0.0550975
-3.2 3.2 -0.0917396 -0.257561
-3.2 3.4 0.17991 -0.192614
-3.2 3.6 0.242532 0.0837776
-3.2 3.8 0.00704613 0.251814
-3.2 4 -0.235014 0.0811789
-3.2 4.2 -0.135849 -0.205058
-3.2 4.4 0.171252 -0.172924
-3.2 4.6 0.196072 0.139357
-3.2 4.8 -0.112427 0.209124
-3.2 5 -0.215325 -0.0917398
-3.2 5.2 0.0775321 -0.217091
-3.2 5.4 0.216038 0.0695072
-3.2 5.6 -0.0671344 0.213101
-3.2 5.8 -0.208675 -0.0698013
-3.2 6 0.0768707 -0.202755
-3.2 6.2 0.195043 0.0876792
-3.2 6.4 -0.101506 0.185056
-3.2 6.6 -0.172214 -0.11753
-3.2 6.8 0.134794 -0.155935
-3.2 7 0.135725 0.152182
-3.2 7.2 -0.168415 0.111273
-3.2 7.4 -0.0825453 -0.182086
-3.2 7.6 0.191718 -0.0498606
-3.2 7.8 0.0139557 0.195858
-3.2 8 -0.193201 -0.0239861
-3.2 8.2 0.0623455 -0.182729
-3.2 8.4 0.163856 0.0991262
-3.2 8.6 -0.132068 0.136566
-3.2 8.8 -0.101519 -0.158809
-3.2 9 0.177095 -0.0601031
-3.2 9.2 0.0144334 0.185009
-3.2 9.4 -0.181213 -0.0327405
-3.2 9.6 0.0781997 -0.165164
-3.2 9.8 0.137282 0.118501
-3 -10 -0.0439844 0.175903
-3 -9.8 0.182588 -0.00821165
-3 -9.6 -0.0595911 -0.174344
-3 -9.4 -0.152469 0.10608
-3 -9.2 0.144339 0.119294
-3 -9 0.0778588 -0.17199
-3 -8.8 -0.187714 -0.0315638
-3 -8.6 0.0161721 0.191247
-3 -8.4 0.183264 -0.062211
-3 -8.2 -0.103927 -0.165198
-3 -8 -0.139012 0.139359
-3 -7.8 0.167275 0.106958
-3 -7.6 0.0713436 -0.187168
-3 -7.4 -0.199183 -0.034342
-3 -7.2 0.0021631 0.204004
-3 -7 0.202711 -0.036671
-3 -6.8 -0.0681065 -0.196642
-3 -6.6 -0.187253 0.0958132
-3 -6.4 0.119507 0.176012
-3 -6.2 0.164313 -0.139202
-3 -6 -0.15511 -0.153429
-3 -5.8 -0.144491 0.167539
-3 -5.6 0.176774 0.138483
-3 -5.4 0.136259 -0.182958
-3 -5.2 -0.185969 -0.138538
-3 -5 -0.145883 0.185289
-3 -4.8 0.179863 0.158602
-3 -4.6 0.176558 -0.167991
-3 -4.4 -0.147268 -0.19881
-3 -4.2 -0.223063 0.114707
-3 -4 0.0672203 0.244924
-3 -3.8 0.2571 -0.00275314
-3 -3.6 0.0775852 -0.248981
-3 -3.4 -0.207549 -0.166223
-3 -3.2 -0.245243 0.121186
-3 -3 -0.0118703 0.284263
-3 -2.8 0.245343 0.170291
-3 -2.6 0.297421 -0.10238
-3 -2.4 0.121871 -0.306763
-3 -2.2 -0.130667 -0.318736
-3 -2 -0.312496 -0.181538
-3 -1.8 -0.390244 0.00552576
-3 -1.6 -0.394055 0.196699
-3 -1.4 -0.337154 0.382265
-3 -1.2 -0.229143 0.536709
-3 -1 -0.115608 0.640144
-3 -0.8 -0.0505735 0.719072
-3 -0.6 -0.0441504 0.821442
-3 -0.4 -0.0644964 0.956769
-3 -0.2 -0.0809474 1.0798
-3 0 -0.0858807 1.12981
-3 0.2 -0.0809474 1.0798
-3 0.4 -0.0644964 0.956769
-3 0.6 -0.0441504 0.821442
-3 0.8 -0.0505735 0.719072
-3 1 -0.115608 0.640144
-3 1.2 -0.229143 0.536709
-3 1.4 -0.337154 0.382265
-3 1.6 -0.394055 0.196699
-3 1.8 -0.390244 0.00552576
-3 2 -0.312496 -0.181538
-3 2.2 -0.130667 -0.318736
-3 2.4 0.121871 -0.306763
-3 2.6 0.297421 -0.10238
-3 2.8 0.245343 0.170291
-3 3 -0.0118703 0.284263
-3 3.2 -0.245243 0.121186
-3 3.4 -0.207549 -0.166223
-3 3.6 0.0775852 -0.248981
-3 3.8 0.2571 -0.00275314
-3 4 0.0672203 0.244924
-3 4.2 -0.223063 0.114707
-3 4.4 -0.147268 -0.19881
-3 4.6 0.176558 -0.167991
-3 4.8 0.179863 0.158602
-3 5 -0.145883 0.185289
-3 5.2 -0.185969 -0.138538
-3 5.4 0.136259 -0.182958
-3 5.6 0.176774 0.138483
-3 5.8 -0.144491 0.167539
-3 6 -0.15511 -0.153429
-3 6.2 0.164313 -0.139202
-3 6.4 0.119507 0.176012
-3 6.6 -0.187253 0.0958132
-3 6.8 -0.0681065 -0.196642
-3 7 0.202711 -0.036671
-3 7.2 0.0021631 0.204004
-3 7.4 -0.199183 -0.034342
-3 7.6 0.0713436 -0.187168
-3 7.8 0.167275 0.106958
-3 8 -0.139012 0.139359
-3 8.2 -0.103927 -0.165198
-3 8.4 0.183264 -0.062211
-3 8.6 0.0161721 0.191247
-3 8.8 -0.187714 -0.0315638
-3 9 0.0778588 -0.17199
-3 9.2 0.144339 0.119294
-3 9.4 -0.152469 0.10608
-3 9.6 -0.0595911 -0.174344
-3 9.8 0.182588 -0.00821165
-2.8 -10 0.0815945 0.163249
-2.8 -9.8 0.132522 -0.127704
-2.8 -9.6 -0.16238 -0.0898867
-2.8 -9.4 -0.0394939 0.182971
-2.8 -9.2 0.188269 -0.0140909
-2.8 -9 -0.0663604 -0.178495
-2.8 -8.8 -0.155133 0.113284
-2.8 -8.6 0.151629 0.120659
-2.8 -8.4 0.078206 -0.179165
-2.8 -8.2 -0.194745 -0.0311979
-2.8 -8 0.0169881 0.198269
-2.8 -7.8 0.190551 -0.0633134
-2.8 -7.6 -0.105296 -0.173123
-2.8 -7.4 -0.147994 0.141142
-2.8 -7.2 0.169796 0.117413
-2.8 -7 0.0836395 -0.190914
-2.8 -6.8 -0.204779 -0.0487655
-2.8 -6.6 -0.0145792 0.21218
-2.8 -6.4 0.214266 -0.0175092
-2.8 -6.2 -0.0464877 -0.212407
-2.8 -6 -0.208065 0.071714
-2.8 -5.8 0.0928471 0.20269
-2.8 -5.6 0.197642 -0.109748
-2.8 -5.4 -0.122359 -0.194137
-2.8 -5.2 -0.19321 0.130571
-2.8 -5 0.134075 0.195669
-2.8 -4.8 0.20203 -0.132225
-2.8 -4.6 -0.123903 -0.212376
-2.8 -4.4 -0.226121 0.107437
-2.8 -4.2 0.0806333 0.241611
-2.8 -4 0.255561 -0.0410609
-2.8 -3.8 0.013191 -0.262359
-2.8 -3.6 -0.253529 -0.0819792
-2.8 -3.4 -0.160516 0.217953
-2.8 -3.2 0.144103 0.235843
-2.8 -3 0.283679 -0.0260421
-2.8 -2.8 0.125533 -0.269421
-2.8 -2.6 -0.160166 -0.269451
-2.8 -2.4 -0.328878 -0.0452523
-2.8 -2.2 -0.273625 0.219014
-2.8 -2 -0.0693626 0.36229
-2.8 -1.8 0.151548 0.362814
-2.8 -1.6 0.331341 0.282531
-2.8 -1.4 0.477046 0.158515
-2.8 -1.2 0.585318 -0.00018629
-2.8 -1 0.64586 -0.158119
-2.8 -0.8 0.689175 -0.26604
-2.8 -0.6 0.768831 -0.315386
-2.8 -0.4 0.895972 -0.337737
-2.8 -0.2 1.01944 -0.356172
-2.8 0 1.0707 -0.365133
-2.8 0.2 1.01944 -0.356172
-2.8 0.4 0.895972 -0.337737
-2.8 0.6 0.768831 -0.315386
-2.8 0.8 0.689175 -0.26604
-2.8 1 0.64586 -0.158119
-2.8 1.2 0.585318 -0.00018629
-2.8 1.4 0.477046 0.158515
-2.8 1.6 0.331341 0.282531
-2.8 1.8 0.151548 0.362814
-2.8 2 -0.0693626 0.36229
-2.8 2.2 -0.273625 0.219014
-2.8 2.4 -0.328878 -0.0452523
-2.8 2.6 -0.160166 -0.269451
-2.8 2.8 0.125533 -0.269421
-2.8 3 0.283679 -0.0260421
-2.8 3.2 0.144103 0.235843
-2.8 3.4 -0.160516 0.217953
-2.8 3.6 -0.253529 -0.0819792
-2.8 3.8 0.013191 -0.262359
-2.8 4 0.255561 -0.0410609
-2.8 4.2 0.0806333 0.241611
-2.8 4.4 -0.226121 0.107437
-2.8 4.6 -0.123903 -0.212376
-2.8 4.8 0.20203 -0.132225
-2.8 5 0.134075 0.195669
-2.8 5.2 -0.19321 0.130571
-2.8 5.4 -0.122359 -0.194137
-2.8 5.6 0.197642 -0.109748
-2.8 5.8 0.0928471 0.20269
-2.8 6 -0.208065 0.071714
-2.8 6.2 -0.0464877 -0.212407
-2.8 6.4 0.214266 -0.0175092
-2.8 6.6 -0.0145792 0.21218
-2.8 6.8 -0.204779 -0.0487655
-2.8 7 0.0836395 -0.190914
-2.8 7.2 0.169796 0.117413
-2.8 7.4 -0.147994 0.141142
-2.8 7.6 -0.105296 -0.173123
-2.8 7.8 0.190551 -0.0633134
-2.8 8 0.0169881 0.198269
-2.8 8.2 -0.194745 -0.0311979
-2.8 8.4 0.078206 -0.179165
-2.8 8.6 0.151629 0.120659
-2.8 8.8 -0.155133 0.113284
-2.8 9 -0.0663604 -0.178495
-2.8 9.2 0.188269 -0.0140909
-2.8 9.4 -0.0394939 0.182971
-2.8 9.6 -0.16238 -0.0898867
-2.8 9.8 0.132522 -0.127704
-2.6 -10 0.16655 0.0771318
-2.6 -9.8 0.0216999 -0.183873
-2.6 -9.6 -0.183275 0.0360472
-2.6 -9.4 0.0905234 0.165291
-2.6 -9.2 0.132109 -0.136774
-2.6 -9 -0.170926 -0.0872153
-2.6 -8.8 -0.0349383 0.190479
-2.6 -8.6 0.194423 -0.0200546
-2.6 -8.4 -0.0732384 -0.183185
-2.6 -8.2 -0.158439 0.120644
-2.6 -8 0.159164 0.122808
-2.6 -7.8 0.0795027 -0.186739
-2.6 -7.6 -0.202408 -0.0319602
-2.6 -7.4 0.016502 0.206251
-2.6 -7.2 0.199232 -0.0629645
-2.6 -7 -0.105107 -0.182989
-2.6 -6.8 -0.159585 0.14132
-2.6 -6.6 0.170736 0.131276
-2.6 -6.4 0.100289 -0.193181
-2.6 -6.2 -0.209078 -0.0686594
-2.6 -6 -0.0381202 0.219313
-2.6 -5.8 0.225088 0.0100519
-2.6 -5.6 -0.01451 -0.227776
-2.6 -5.4 -0.228789 0.0348177
-2.6 -5.2 0.0503126 0.229462
-2.6 -5 0.230953 -0.060498
-2.6 -4.8 -0.0647951 -0.234143
-2.6 -4.6 -0.2395 0.0623986
-2.6 -4.4 0.0521592 0.246901
-2.6 -4.2 0.255335 -0.0325448
-2.6 -4 -0.0017726 -0.262487
-2.6 -3.8 -0.264181 -0.0417223
-2.6 -3.6 -0.0982356 0.253838
-2.6 -3.4 0.222329 0.164864
-2.6 -3.2 0.232561 -0.159114
-2.6 -3 -0.0561669 -0.282754
-2.6 -2.8 -0.285911 -0.083553
-2.6 -2.6 -0.232993 0.207544
-2.6 -2.4 0.0298095 0.329635
-2.6 -2.2 0.285182 0.20806
-2.6 -2 0.372865 -0.0463095
-2.6 -1.8 0.290117 -0.275728
-2.6 -1.6 0.13069 -0.415779
-2.6 -1.4 -0.0445169 -0.494168
-2.6 -1.2 -0.230864 -0.534682
-2.6 -1 -0.410921 -0.536431
-2.6 -0.8 -0.544564 -0.529031
-2.6 -0.6 -0.624398 -0.569688
-2.6 -0.4 -0.681233 -0.673798
-2.6 -0.2 -0.730501 -0.787588
-2.6 0 -0.752307 -0.836524
-2.6 0.2 -0.730501 -0.787588
-2.6 0.4 -0.681233 -0.673798
-2.6 0.6 -0.624398 -0.569688
-2.6 0.8 -0.544564 -0.529031
-2.6 1 -0.410921 -0.536431
-2.6 1.2 -0.230864 -0.534682
-2.6 1.4 -0.0445169 -0.494168
-2.6 1.6 0.13069 -0.415779
-2.6 1.8 0.290117 -0.275728
-2.6 2 0.372865 -0.0463095
-2.6 2.2 0.285182 0.20806
-2.6 2.4 0.0298095 0.329635
-2.6 2.6 -0.232993 0.207544
-2.6 2.8 -0.285911 -0.083553
-2.6 3 -0.0561669 -0.282754
-2.6 3.2 0.232561 -0.159114
-2.6 3.4 0.222329 0.164864
-2.6 3.6 -0.0982356 0.253838
-2.6 3.8 -0.264181 -0.0417223
-2.6 4 -0.0017726 -0.262487
-2.6 4.2 0.255335 -0.0325448
-2.6 4.4 0.0521592 0.246901
-2.6 4.6 -0.2395 0.0623986
-2.6 4.8 -0.0647951 -0.234143
-2.6 5 0.230953 -0.060498
-2.6 5.2 0.0503126 0.229462
-2.6 5.4 -0.228789 0.0348177
-2.6 5.6 -0.01451 -0.227776
-2.6 5.8 0.225088 0.0100519
-2.6 6 -0.0381202 0.219313
-2.6 6.2 -0.209078 -0.0686594
-2.6 6.4 0.100289 -0.193181
-2.6 6.6 0.170736 0.131276
-2.6 6.8 -0.159585 0.14132
-2.6 7 -0.105107 -0.182989
-2.6 7.2 0.199232 -0.0629645
-2.6 7.4 0.016502 0.206251
-2.6 7.6 -0.202408 -0.0319602
-2.6 7.8 0.0795027 -0.186739
-2.6 8 0.159164 0.122808
-2.6 8.2 -0.158439 0.120644
-2.6 8.4 -0.0732384 -0.183185
-2.6 8.6 0.194423 -0.0200546
-2.6 8.8 -0.0349383 0.190479
-2.6 9 -0.170926 -0.0872153
-2.6 9.2 0.132109 -0.136774
-2.6 9.4 0.0905234 0.165291
-2.6 9.6 -0.183275 0.0360472
-2.6 9.8 0.0216999 -0.183873
-2.4 -10 0.18061 -0.0374639
-2.4 -9.8 -0.0945753 -0.160298
-2.4 -9.6 -0.122904 0.142025
-2.4 -9.4 0.17509 0.0726426
-2.4 -9.2 0.0148729 -0.190763
-2.4 -9 -0.187954 0.044554
-2.4 -8.8 0.0999474 0.167465
-2.4 -8.6 0.131758 -0.146353
-2.4 -8.4 -0.179994 -0.0845568
-2.4 -8.2 -0.030366 0.198539
-2.4 -8 0.201189 -0.0260562
-2.4 -7.8 -0.0801841 -0.188593
-2.4 -7.6 -0.162619 0.128132
-2.4 -7.4 0.166944 0.126032
-2.4 -7.2 0.0821178 -0.194755
-2.4 -7 -0.210814 -0.0343091
-2.4 -6.8 0.0141523 0.215398
-2.4 -6.6 0.20964 -0.060483
-2.4 -6.4 -0.102539 -0.195298
-2.4 -6.2 -0.174512 0.138905
-2.4 -6 0.168901 0.149564
-2.4 -5.8 0.122684 -0.192511
-2.4 -5.6 -0.210272 -0.0959031
-2.4 -5.4 -0.070972 0.223118
-2.4 -5.2 0.23222 0.0493429
-2.4 -5 0.0322086 -0.238818
-2.4 -4.8 -0.244053 -0.0205891
-2.4 -4.6 -0.0154486 0.248799
-2.4 -4.4 0.253461 0.0178164
-2.4 -4.2 0.0288724 -0.257725
-2.4 -4 -0.260218 -0.0499261
-2.4 -3.8 -0.0821681 0.258066
-2.4 -3.6 0.246405 0.126002
-2.4 -3.4 0.17969 -0.218062
-2.4 -3.2 -0.164003 -0.237068
-2.4 -3 -0.284439 0.075675
-2.4 -2.8 -0.0489891 0.297936
-2.4 -2.6 0.245202 0.19455
-2.4 -2.4 0.314367 -0.0988577
-2.4 -2.2 0.130249 -0.327185
-2.4 -2 -0.152982 -0.346809
-2.4 -1.8 -0.363765 -0.184603
-2.4 -1.6 -0.440259 0.0378928
-2.4 -1.4 -0.43205 0.239659
-2.4 -1.2 -0.392353 0.423172
-2.4 -1 -0.329333 0.596319
-2.4 -0.8 -0.26531 0.733139
-2.4 -0.6 -0.2573 0.826367
-2.4 -0.4 -0.327825 0.904954
-2.4 -0.2 -0.424568 0.977596
-2.4 0 -0.468666 1.00997
-2.4 0.2 -0.424568 0.977596
-2.4 0.4 -0.327825 0.904954
-2.4 0.6 -0.2573 0.826367
-2.4 0.8 -0.26531 0.733139
-2.4 1 -0.329333 0.596319
-2.4 1.2 -0.392353 0.423172
-2.4 1.4 -0.43205 0.239659
-2.4 1.6 -0.440259 0.0378928
-2.4 1.8 -0.363765 -0.184603
-2.4 2 -0.152982 -0.346809
-2.4 2.2 0.130249 -0.327185
-2.4 2.4 0.314367 -0.0988577
-2.4 2.6 0.245202 0.19455
-2.4 2.8 -0.0489891 0.297936
-2.4 3 -0.284439 0.075675
-2.4 3.2 -0.164003 -0.237068
-2.4 3.4 0.17969 -0.218062
-2.4 3.6 0.246405 0.126002
-2.4 3.8 -0.0821681 0.258066
-2.4 4 -0.260218 -0.0499261
-2.4 4.2 0.0288724 -0.257725
-2.4 4.4 0.253461 0.0178164
-2.4 4.6 -0.0154486 0.248799
-2.4 4.8 -0.244053 -0.0205891
-2.4 5 0.0322086 -0.238818
-2.4 5.2 0.23222 0.0493429
-2.4 5.4 -0.070972 0.223118
-2.4 5.6 -0.210272 -0.0959031
-2.4 5.8 0.122684 -0.192511
-2.4 6 0.168901 0.149564
-2.4 6.2 -0.174512 0.138905
-2.4 6.4 -0.102539 -0.195298
-2.4 6.6 0.20964 -0.060483
-2.4 6.8 0.0141523 0.215398
-2.4 7 -0.210814 -0.0343091
-2.4 7.2 0.0821178 -0.194755
-2.4 7.4 0.166944 0.126032
-2.4 7.6 -0.162619 0.128132
-2.4 7.8 -0.0801841 -0.188593
-2.4 8 0.201189 -0.0260562
-2.4 8.2 -0.030366 0.198539
-2.4 8.4 -0.179994 -0.0845568
-2.4 8.6 0.131758 -0.146353
-2.4 8.8 0.0999474 0.167465
-2.4 9 -0.187954 0.044554
-2.4 9.2 0.0148729 -0.190763
-2.4 9.4 0.17509 0.0726426
-2.4 9.6 -0.122904 0.142025
-2.4 9.8 -0.0945753 -0.160298
-2.2 -10 0.128157 -0.1338
-2.2 -9.8 -0.170451 -0.0768709
-2.2 -9.6 -0.0164228 0.188019
-2.2 -9.4 0.184817 -0.0463183
-2.2 -9.2 -0.104482 -0.161531
-2.2 -9 -0.12101 0.151975
-2.2 -8.8 0.184115 0.0678138
-2.2 -8.6 0.00759492 -0.19805
-2.2 -8.4 -0.19293 0.053588
-2.2 -8.2 0.109945 0.169844
-2.2 -8 0.131537 -0.156537
-2.2 -7.8 -0.1897 -0.0819809
-2.2 -7.6 -0.0258494 0.207295
-2.2 -7.4 0.208755 -0.032021
-2.2 -7.2 -0.0871253 -0.194963
-2.2 -7 -0.167991 0.135689
-2.2 -6.8 0.174939 0.130747
-2.2 -6.6 0.086585 -0.203232
-2.2 -6.4 -0.220059 -0.0389234
-2.2 -6.2 0.00908397 0.225921
-2.2 -6 0.222146 -0.0547987
-2.2 -5.8 -0.0962545 -0.21064
-2.2 -5.6 -0.193647 0.132218
-2.2 -5.4 0.162164 0.173522
-2.2 -5.2 0.152552 -0.186175
-2.2 -5 -0.204796 -0.132841
-2.2 -4.8 -0.116256 0.218845
-2.2 -4.6 0.229201 0.104434
-2.2 -4.4 0.0988323 -0.236565
-2.2 -4.2 -0.241197 -0.100795
-2.2 -4 -0.111572 0.242586
-2.2 -3.8 0.239062 0.132214
-2.2 -3.6 0.163184 -0.227348
-2.2 -3.4 -0.202174 -0.203471
-2.2 -3.2 -0.248941 0.156303
-2.2 -3 0.0817721 0.289775
-2.2 -2.8 0.307529 0.0262012
-2.2 -2.6 0.160796 -0.274148
-2.2 -2.4 -0.158759 -0.290386
-2.2 -2.2 -0.347384 -0.0484372
-2.2 -2 -0.290918 0.242017
-2.2 -1.8 -0.061305 0.407671
-2.2 -1.6 0.198395 0.404277
-2.2 -1.4 0.39664 0.302321
-2.2 -1.2 0.54436 0.181727
-2.2 -1 0.67914 0.0594172
-2.2 -0.8 0.794862 -0.0561298
-2.2 -0.6 0.883132 -0.114205
-2.2 -0.4 0.968675 -0.0824459
-2.2 -0.2 1.05505 -0.00648502
-2.2 0 1.09482 0.0316889
-2.2 0.2 1.05505 -0.00648502
-2.2 0.4 0.968675 -0.0824459
-2.2 0.6 0.883132 -0.114205
-2.2 0.8 0.794862 -0.0561298
-2.2 1 0.67914 0.0594172
-2.2 1.2 0.54436 0.181727
-2.2 1.4 0.39664 0.302321
-2.2 1.6 0.198395 0.404277
-2.2 1.8 -0.061305 0.407671
-2.2 2 -0.290918 0.242017
-2.2 2.2 -0.347384 -0.0484372
-2.2 2.4 -0.158759 -0.290386
-2.2 2.6 0.160796 -0.274148
-2.2 2.8 0.307529 0.0262012
-2.2 3 0.0817721 0.289775
-2.2 3.2 -0.248941 0.156303
-2.2 3.4 -0.202174 -0.203471
-2.2 3.6 0.163184 -0.227348
-2.2 3.8 0.239062 0.132214
-2.2 4 -0.111572 0.242586
-2.2 4.2 -0.241197 -0.100795
-2.2 4.4 0.0988323 -0.236565
-2.2 4.6 0.229201 0.104434
-2.2 4.8 -0.116256 0.218845
-2.2 5 -0.204796 -0.132841
-2.2 5.2 0.152552 -0.186175
-2.2 5.4 0.162164 0.173522
-2.2 5.6 -0.193647 0.132218
-2.2 5.8 -0.0962545 -0.21064
-2.2 6 0.222146 -0.0547987
-2.2 6.2 0.00908397 0.225921
-2.2 6.4 -0.220059 -0.0389234
-2.2 6.6 0.086585 -0.203232
-2.2 6.8 0.174939 0.130747
-2.2 7 -0.167991 0.135689
-2.2 7.2 -0.0871253 -0.194963
-2.2 7.4 0.208755 -0.032021
-2.2 7.6 -0.0258494 0.207295
-2.2 7.8 -0.1897 -0.0819809
-2.2 8 0.131537 -0.156537
-2.2 8.2 0.109945 0.169844
-2.2 8.4 -0.19293 0.053588
-2.2 8.6 0.00759492 -0.19805
-2.2 8.8 0.184115 0.0678138
-2.2 9 -0.12101 0.151975
-2.2 9.2 -0.104482 -0.161531
-2.2 9.4 0.184817 -0.0463183
-2.2 9.6 -0.0164228 0.188019
-2.2 9.8 -0.170451 -0.0768709
-2 -10 0.0365657 -0.182417
-2 -9.8 -0.18558 0.0287032
-2 -9.6 0.0911408 0.16623
-2 -9.4 0.126879 -0.143323
-2 -9.2 -0.179259 -0.0723433
-2 -9 -0.00905759 0.19504
-2 -8.8 0.189201 -0.0557704
-2 -8.6 -0.115042 -0.162752
-2 -8.4 -0.118914 0.162573
-2 -8.2 0.193731 0.0626123
-2 -8 -0.000192251 -0.205835
-2 -7.8 -0.1983 0.0632292
-2 -7.6 0.120617 0.17252
-2 -7.4 0.131543 -0.167447
-2 -7.2 -0.200196 -0.0795889
-2 -7 -0.0214997 0.216942
-2 -6.8 0.217374 -0.0378275
-2 -6.6 -0.0939352 -0.202633
-2 -6.4 -0.175007 0.143194
-2 -6.2 0.183049 0.137554
-2 -6 0.0936964 -0.212122
-2 -5.8 -0.230179 -0.0468369
-2 -5.6 -4.31558e-05 0.237984
-2 -5.4 0.237092 -0.0441787
-2 -5.2 -0.084007 -0.229595
-2 -5 -0.217885 0.118325
-2 -4.8 0.146649 0.204437
-2 -4.6 0.191653 -0.168978
-2 -4.4 -0.185578 -0.181759
-2 -4.2 -0.176752 0.196709
-2 -4 0.202305 0.178362
-2 -3.8 0.187971 -0.201584
-2 -3.6 -0.192613 -0.206384
-2 -3.4 -0.233261 0.171882
-2 -3.2 0.134068 0.266003
-2 -3 0.297805 -0.07254
-2 -2.8 0.0183484 -0.314976
-2 -2.6 -0.294665 -0.137396
-2 -2.4 -0.265487 0.206914
-2 -2.2 0.0293644 0.351458
-2 -2 0.30957 0.215332
-2 -1.8 0.40686 -0.0651084
-2 -1.6 0.315586 -0.329208
-2 -1.4 0.127191 -0.491824
-2 -1.2 -0.0618119 -0.574218
-2 -1 -0.227136 -0.642071
-2 -0.8 -0.378287 -0.714424
-2 -0.6 -0.479095 -0.781756
-2 -0.4 -0.485852 -0.860348
-2 -0.2 -0.430667 -0.949985
-2 0 -0.397859 -0.993397
-2 0.2 -0.430667 -0.949985
-2 0.4 -0.485852 -0.860348
-2 0.6 -0.479095 -0.781756
-2 0.8 -0.378287 -0.714424
-2 1 -0.227136 -0.642071
-2 1.2 -0.0618119 -0.574218
-2 1.4 0.127191 -0.491824
-2 1.6 0.315586 -0.329208
-2 1.8 0.40686 -0.0651084
-2 2 0.30957 0.215332
-2 2.2 0.0293644 0.351458
-2 2.4 -0.265487 0.206914
-2 2.6 -0.294665 -0.137396
-2 2.8 0.0183484 -0.314976
-2 3 0.297805 -0.07254
-2 3.2 0.134068 0.266003
-2 3.4 -0.233261 0.171882
-2 3.6 -0.192613 -0.206384
-2 3.8 0.187971 -0.201584
-2 4 0.202305 0.178362
-2 4.2 -0.176752 0.196709
-2 4.4 -0.185578 -0.181759
-2 4.6 0.191653 -0.168978
-2 4.8 0.146649 0.204437
-2 5 -0.217885 0.118325
-2 5.2 -0.084007 -0.229595
-2 5.4 0.237092 -0.0441787
-2 5.6 -4.31558e-05 0.237984
-2 5.8 -0.230179 -0.0468369
-2 6 0.0936964 -0.212122
-2 6.2 0.183049 0.137554
-2 6.4 -0.175007 0.143194
-2 6.6 -0.0939352 -0.202633
-2 6.8 0.217374 -0.0378275
-2 7 -0.0214997 0.216942
-2 7.2 -0.200196 -0.0795889
-2 7.4 0.131543 -0.167447
-2 7.6 0.120617 0.17252
-2 7.8 -0.1983 0.0632292
-2 8 -0.000192251 -0.205835
-2 8.2 0.193731 0.0626123
-2 8.4 -0.118914 0.162573
-2 8.6 -0.115042 -0.162752
-2 8.8 0.189201 -0.0557704
-2 9 -0.00905759 0.19504
-2 9.2 -0.179259 -0.0723433
-2 9.4 0.126879 -0.143323
-2 9.6 0.0911408 0.16623
-2 9.8 -0.18558 0.0287032
-1.8 -10 -0.0607487 -0.176659
-1.8 -9.8 -0.145082 0.12047
-1.8 -9.6 0.165337 0.0944136
-1.8 -9.4 0.0311742 -0.18972
-1.8 -9.2 -0.190696 0.0366669
-1.8 -9 0.100759 0.168318
-1.8 -8.8 0.125488 -0.153433
-1.8 -8.6 -0.188615 -0.0674717
-1.8 -8.4 -0.00114364 0.202488
-1.8 -8.2 0.193827 -0.065922
-1.8 -8 -0.126382 -0.163993
-1.8 -7.8 -0.11661 0.173958
-1.8 -7.6 0.204078 0.056995
-1.8 -7.4 -0.00856437 -0.214257
-1.8 -7.2 -0.204197 0.073582
-1.8 -7 0.132094 0.175626
-1.8 -6.8 0.131911 -0.179245
-1.8 -6.6 -0.211684 -0.077533
-1.8 -6.4 -0.0174915 0.22774
-1.8 -6.2 0.227398 -0.0432746
-1.8 -6 -0.100388 -0.212082
-1.8 -5.8 -0.184324 0.150405
-1.8 -5.6 0.191038 0.14735
-1.8 -5.4 0.104664 -0.221216
-1.8 -5.2 -0.241027 -0.0596741
-1.8 -5 -0.0153983 0.251536
-1.8 -4.8 0.25456 -0.0257253
-1.8 -4.6 -0.0619066 -0.252406
-1.8 -4.4 -0.247625 0.0919589
-1.8 -4.2 0.115146 0.242797
-1.8 -4 0.240352 -0.13093
-1.8 -3.8 -0.138635 -0.242389
-1.8 -3.6 -0.250454 0.137032
-1.8 -3.4 0.123888 0.26513
-1.8 -3.2 0.285264 -0.0955826
-1.8 -3 -0.0471277 -0.30657
-1.8 -2.8 -0.319435 -0.0267048
-1.8 -2.6 -0.127703 0.306325
-1.8 -2.4 0.240994 0.245958
-1.8 -2.2 0.346225 -0.0956766
-1.8 -2 0.132424 -0.355875
-1.8 -1.8 -0.182343 -0.368279
-1.8 -1.6 -0.416035 -0.188226
-1.8 -1.4 -0.511667 0.0654078
-1.8 -1.2 -0.507966 0.296762
-1.8 -1 -0.489231 0.480571
-1.8 -0.8 -0.501165 0.643295
-1.8 -0.6 -0.536837 0.771475
-1.8 -0.4 -0.598606 0.811817
-1.8 -0.2 -0.681494 0.77442
-1.8 0 -0.724228 0.744905
-1.8 0.2 -0.681494 0.77442
-1.8 0.4 -0.598606 0.811817
-1.8 0.6 -0.536837 0.771475
-1.8 0.8 -0.501165 0.643295
-1.8 1 -0.489231 0.480571
-1.8 1.2 -0.507966 0.296762
-1.8 1.4 -0.511667 0.0654078
-1.8 1.6 -0.416035 -0.188226
-1.8 1.8 -0.182343 -0.368279
-1.8 2 0.132424 -0.355875
-1.8 2.2 0.346225 -0.0956766
-1.8 2.4 0.240994 0.245958
-1.8 2.6 -0.127703 0.306325
-1.8 2.8 -0.319435 -0.0267048
-1.8 3 -0.0471277 -0.30657
-1.8 3.2 0.285264 -0.0955826
-1.8 3.4 0.123888 0.26513
-1.8 3.6 -0.250454 0.137032
-1.8 3.8 -0.138635 -0.242389
-1.8 4 0.240352 -0.13093
-1.8 4.2 0.115146 0.242797
-1.8 4.4 -0.247625 0.0919589
-1.8 4.6 -0.0619066 -0.252406
-1.8 4.8 0.25456 -0.0257253
-1.8 5 -0.0153983 0.251536
-1.8 5.2 -0.241027 -0.0596741
-1.8 5.4 0.104664 -0.221216
-1.8 5.6 0.191038 0.14735
-1.8 5.8 -0.184324 0.150405
-1.8 6 -0.100388 -0.212082
-1.8 6.2 0.227398 -0.0432746
-1.8 6.4 -0.0174915 0.22774
-1.8 6.6 -0.211684 -0.077533
-1.8 6.8 0.131911 -0.179245
-1.8 7 0.132094 0.175626
-1.8 7.2 -0.204197 0.073582
-1.8 7.4 -0.00856437 -0.214257
-1.8 7.6 0.204078 0.056995
-1.8 7.8 -0.11661 0.173958
-1.8 8 -0.126382 -0.163993
-1.8 8.2 0.193827 -0.065922
-1.8 8.4 -0.00114364 0.202488
-1.8 8.6 -0.188615 -0.0674717
-1.8 8.8 0.125488 -0.153433
-1.8 9 0.100759 0.168318
-1.8 9.2 -0.190696 0.0366669
-1.8 9.4 0.0311742 -0.18972
-1.8 9.6 0.165337 0.0944136
-1.8 9.8 -0.145082 0.12047
-1.6 -10 -0.137501 -0.127638
-1.6 -9.8 -0.069651 0.176125
-1.6 -9.6 0.191231 0.00141024
-1.6 -9.4 -0.0679036 -0.180799
-1.6 -9.2 -0.146251 0.129101
-1.6 -9 0.174216 0.0921637
-1.6 -8.8 0.0255605 -0.19752
-1.6 -8.6 -0.196194 0.0450877
-1.6 -8.4 0.111008 0.17058
-1.6 -8.2 0.124003 -0.164252
-1.6 -8 -0.19865 -0.0622218
-1.6 -7.8 0.00740747 0.21048
-1.6 -7.6 0.19878 -0.0769071
-1.6 -7.4 -0.138668 -0.165295
-1.6 -7.2 -0.114089 0.186313
-1.6 -7 0.215345 0.0509051
-1.6 -6.8 -0.0176217 -0.2235
-1.6 -6.6 -0.210804 0.0847842
-1.6 -6.4 0.14455 0.179348
-1.6 -6.2 0.132846 -0.192146
-1.6 -6 -0.224436 -0.0760483
-1.6 -5.8 -0.0141083 0.240053
-1.6 -5.6 0.239325 -0.0480182
-1.6 -5.4 -0.106073 -0.224011
-1.6 -5.2 -0.196928 0.156847
-1.6 -5 0.198367 0.161511
-1.6 -4.8 0.121398 -0.229923
-1.6 -4.6 -0.251956 -0.0800724
-1.6 -4.4 -0.0406099 0.265851
-1.6 -4.2 0.27367 0.00556063
-1.6 -4 -0.0230332 -0.277855
-1.6 -3.8 -0.280929 0.0434798
-1.6 -3.6 0.054153 0.285169
-1.6 -3.4 0.292193 -0.0531073
-1.6 -3.2 -0.0376625 -0.30234
-1.6 -3 -0.313626 0.00414653
-1.6 -2.8 -0.0517401 0.320043
-1.6 -2.6 0.30916 0.132918
-1.6 -2.4 0.235437 -0.259978
-1.6 -2.2 -0.144899 -0.337343
-1.6 -2 -0.383214 -0.0546331
-1.6 -1.8 -0.304806 0.280869
-1.6 -1.6 -0.0406211 0.454396
-1.6 -1.4 0.247807 0.455113
-1.6 -1.2 0.482917 0.355878
-1.6 -1 0.655342 0.245749
-1.6 -0.8 0.802975 0.188331
-1.6 -0.6 0.937273 0.18781
-1.6 -0.4 1.0023 0.229753
-1.6 -0.2 0.978388 0.297598
-1.6 0 0.949374 0.334298
-1.6 0.2 0.978388 0.297598
-1.6 0.4 1.0023 0.229753
-1.6 0.6 0.937273 0.18781
-1.6 0.8 0.802975 0.188331
-1.6 1 0.655342 0.245749
-1.6 1.2 0.482917 0.355878
-1.6 1.4 0.247807 0.455113
-1.6 1.6 -0.0406211 0.454396
-1.6 1.8 -0.304806 0.280869
-1.6 2 -0.383214 -0.0546331
-1.6 2.2 -0.144899 -0.337343
-1.6 2.4 0.235437 -0.259978
-1.6 2.6 0.30916 0.132918
-1.6 2.8 -0.0517401 0.320043
-1.6 3 -0.313626 0.00414653
-1.6 3.2 -0.0376625 -0.30234
-1.6 3.4 0.292193 -0.0531073
-1.6 3.6 0.054153 0.285169
-1.6 3.8 -0.280929 0.0434798
-1.6 4 -0.0230332 -0.277855
-1.6 4.2 0.27367 0.00556063
-1.6 4.4 -0.0406099 0.265851
-1.6 4.6 -0.251956 -0.0800724
-1.6 4.8 0.121398 -0.229923
-1.6 5 0.198367 0.161511
-1.6 5.2 -0.196928 0.156847
-1.6 5.4 -0.106073 -0.224011
-1.6 5.6 0.239325 -0.0480182
-1.6 5.8 -0.0141083 0.240053
-1.6 6 -0.224436 -0.0760483
-1.6 6.2 0.132846 -0.192146
-1.6 6.4 0.14455 0.179348
-1.6 6.6 -0.210804 0.0847842
-1.6 6.8 -0.0176217 -0.2235
-1.6 7 0.215345 0.0509051
-1.6 7.2 -0.114089 0.186313
-1.6 7.4 -0.138668 -0.165295
-1.6 7.6 0.19878 -0.0769071
-1.6 7.8 0.00740747 0.21048
-1.6 8 -0.19865 -0.0622218
-1.6 8.2 0.124003 -0.164252
-1.6 8.4 0.111008 0.17058
-1.6 8.6 -0.196194 0.0450877
-1.6 8.8 0.0255605 -0.19752
-1.6 9 0.174216 0.0921637
-1.6 9.2 -0.146251 0.129101
-1.6 9.4 -0.0679036 -0.180799
-1.6 9.6 0.191231 0.00141024
-1.6 9.8 -0.069651 0.176125
-1.4 -10 -0.180314 -0.054833
-1.4 -9.8 0.0162694 0.189577
-1.4 -9.6 0.171786 -0.0860519
-1.4 -9.4 -0.144626 -0.129377
-1.4 -9.2 -0.0682305 0.183766
-1.4 -9 0.198035 -0.00322937
-1.4 -8.8 -0.0752634 -0.185474
-1.4 -8.6 -0.14779 0.138192
-1.4 -8.4 0.183709 0.0900166
-1.4 -8.2 0.0197326 -0.205955
-1.4 -8 -0.202206 0.054027
-1.4 -7.8 0.122009 0.17311
-1.4 -7.6 0.122457 -0.175943
-1.4 -7.4 -0.20954 -0.0565509
-1.4 -7.2 0.0167128 0.219175
-1.4 -7 0.204177 -0.088907
-1.4 -6.8 -0.152127 -0.166715
-1.4 -6.6 -0.111341 0.199892
-1.4 -6.4 0.227794 0.0442656
-1.4 -6.2 -0.0275001 -0.233825
-1.4 -6 -0.21838 0.0970225
-1.4 -5.8 0.158219 0.183959
-1.4 -5.6 0.134658 -0.206444
-1.4 -5.4 -0.238833 -0.0755126
-1.4 -5.2 -0.0118281 0.254397
-1.4 -5 0.253885 -0.0514474
-1.4 -4.8 -0.110214 -0.239472
-1.4 -4.6 -0.214338 0.161544
-1.4 -4.4 0.203821 0.182223
-1.4 -4.2 0.147017 -0.236707
-1.4 -4 -0.260969 -0.112449
-1.4 -3.8 -0.0819157 0.278191
-1.4 -3.6 0.290402 0.0584745
-1.4 -3.4 0.0449917 -0.299619
-1.4 -3.2 -0.307245 -0.0444198
-1.4 -3 -0.0600938 0.313203
-1.4 -2.8 0.314575 0.0957686
-1.4 -2.6 0.15473 -0.303574
-1.4 -2.4 -0.265016 -0.236576
-1.4 -2.2 -0.329298 0.175246
-1.4 -2 0.00902892 0.394766
-1.4 -1.8 0.353852 0.231054
-1.4 -1.6 0.448697 -0.106275
-1.4 -1.4 0.334893 -0.397268
-1.4 -1.2 0.14067 -0.589826
-1.4 -1 -0.0475669 -0.716893
-1.4 -0.8 -0.171204 -0.826935
-1.4 -0.6 -0.207756 -0.945184
-1.4 -0.4 -0.18074 -1.0214
-1.4 -0.2 -0.132774 -1.00737
-1.4 0 -0.109208 -0.977837
-1.4 0.2 -0.132774 -1.00737
-1.4 0.4 -0.18074 -1.0214
-1.4 0.6 -0.207756 -0.945184
-1.4 0.8 -0.171204 -0.826935
-1.4 1 -0.0475669 -0.716893
-1.4 1.2 0.14067 -0.589826
-1.4 1.4 0.334893 -0.397268
-1.4 1.6 0.448697 -0.106275
-1.4 1.8 0.353852 0.231054
-1.4 2 0.00902892 0.394766
-1.4 2.2 -0.329298 0.175246
-1.4 2.4 -0.265016 -0.236576
-1.4 2.6 0.15473 -0.303574
-1.4 2.8 0.314575 0.0957686
-1.4 3 -0.0600938 0.313203
-1.4 3.2 -0.307245 -0.0444198
-1.4 3.4 0.0449917 -0.299619
-1.4 3.6 0.290402 0.0584745
-1.4 3.8 -0.0819157 0.278191
-1.4 4 -0.260969 -0.112449
-1.4 4.2 0.147017 -0.236707
-1.4 4.4 0.203821 0.182223
-1.4 4.6 -0.214338 0.161544
-1.4 4.8 -0.110214 -0.239472
-1.4 5 0.253885 -0.0514474
-1.4 5.2 -0.0118281 0.254397
-1.4 5.4 -0.238833 -0.0755126
-1.4 5.6 0.134658 -0.206444
-1.4 5.8 0.158219 0.183959
-1.4 6 -0.21838 0.0970225
-1.4 6.2 -0.0275001 -0.233825
-1.4 6.4 0.227794 0.0442656
-1.4 6.6 -0.111341 0.199892
-1.4 6.8 -0.152127 -0.166715
-1.4 7 0.204177 -0.088907
-1.4 7.2 0.0167128 0.219175
-1.4 7.4 -0.20954 -0.0565509
-1.4 7.6 0.122457 -0.175943
-1.4 7.8 0.122009 0.17311
-1.4 8 -0.202206 0.054027
-1.4 8.2 0.0197326 -0.205955
-1.4 8.4 0.183709 0.0900166
-1.4 8.6 -0.14779 0.138192
-1.4 8.8 -0.0752634 -0.185474
-1.4 9 0.198035 -0.00322937
-1.4 9.2 -0.0682305 0.183766
-1.4 9.4 -0.144626 -0.129377
-1.4 9.6 0.171786 -0.0860519
-1.4 9.8 0.0162694 0.189577
-1.2 -10 -0.188058 0.0224339
-1.2 -9.8 0.0930227 0.167068
-1.2 -9.6 0.12069 -0.150741
-1.2 -9.4 -0.186937 -0.0556463
-1.2 -9.2 0.0186059 0.196163
-1.2 -9 0.176937 -0.0913072
-1.2 -8.8 -0.151985 -0.131898
-1.2 -8.6 -0.0673585 0.191963
-1.2 -8.4 0.20557 -0.00767106
-1.2 -8.2 -0.0828155 -0.190875
-1.2 -8 -0.14987 0.14782
-1.2 -7.8 0.193966 0.0880814
-1.2 -7.6 0.0137126 -0.215211
-1.2 -7.4 -0.208912 0.0635592
-1.2 -7.2 0.133923 0.17604
-1.2 -7 0.120899 -0.188725
-1.2 -6.8 -0.221525 -0.0504069
-1.2 -6.6 0.0269295 0.228795
-1.2 -6.4 0.210183 -0.102171
-1.2 -6.2 -0.167076 -0.168336
-1.2 -6 -0.108353 0.21505
-1.2 -5.8 0.241796 0.0369717
-1.2 -5.6 -0.0383873 -0.245609
-1.2 -5.4 -0.227312 0.110556
-1.2 -5.2 0.17343 0.189881
-1.2 -5 0.137845 -0.222549
-1.2 -4.8 -0.255416 -0.076563
-1.2 -4.6 -0.0114979 0.271526
-1.2 -4.4 0.272176 -0.0524206
-1.2 -4.2 -0.111272 -0.260091
-1.2 -4 -0.238973 0.162419
-1.2 -3.8 0.204561 0.213054
-1.2 -3.6 0.186725 -0.237597
-1.2 -3.4 -0.262282 -0.164314
-1.2 -3.2 -0.150022 0.279714
-1.2 -3 0.290565 0.147997
-1.2 -2.8 0.162413 -0.29396
-1.2 -2.6 -0.285777 -0.197144
-1.2 -2.4 -0.254111 0.25625
-1.2 -2.2 0.187513 0.328333
-1.2 -2 0.396668 -0.0546417
-1.2 -1.8 0.15864 -0.39956
-1.2 -1.6 -0.233286 -0.407882
-1.2 -1.4 -0.496989 -0.175313
-1.2 -1.2 -0.603693 0.104552
-1.2 -1 -0.648562 0.343773
-1.2 -0.8 -0.705507 0.513765
-1.2 -0.6 -0.794225 0.581786
-1.2 -0.4 -0.862073 0.561361
-1.2 -0.2 -0.854925 0.532475
-1.2 0 -0.831507 0.528767
-1.2 0.2 -0.854925 0.532475
-1.2 0.4 -0.862073 0.561361
-1.2 0.6 -0.794225 0.581786
-1.2 0.8 -0.705507 0.513765
-1.2 1 -0.648562 0.343773
-1.2 1.2 -0.603693 0.104552
-1.2 1.4 -0.496989 -0.175313
-1.2 1.6 -0.233286 -0.407882
-1.2 1.8 0.15864 -0.39956
-1.2 2 0.396668 -0.0546417
-1.2 2.2 0.187513 0.328333
-1.2 2.4 -0.254111 0.25625
-1.2 2.6 -0.285777 -0.197144
-1.2 2.8 0.162413 -0.29396
-1.2 3 0.290565 0.147997
-1.2 3.2 -0.150022 0.279714
-1.2 3.4 -0.262282 -0.164314
-1.2 3.6 0.186725 -0.237597
-1.2 3.8 0.204561 0.213054
-1.2 4 -0.238973 0.162419
-1.2 4.2 -0.111272 -0.260091
-1.2 4.4 0.272176 -0.0524206
-1.2 4.6 -0.0114979 0.271526
-1.2 4.8 -0.255416 -0.076563
-1.2 5 0.137845 -0.222549
-1.2 5.2 0.17343 0.189881
-1.2 5.4 -0.227312 0.110556
-1.2 5.6 -0.0383873 -0.245609
-1.2 5.8 0.241796 0.0369717
-1.2 6 -0.108353 0.21505
-1.2 6.2 -0.167076 -0.168336
-1.2 6.4 0.210183 -0.102171
-1.2 6.6 0.0269295 0.228795
-1.2 6.8 -0.221525 -0.0504069
-1.2 7 0.120899 -0.188725
-1.2 7.2 0.133923 0.17604
-1.2 7.4 -0.208912 0.0635592
-1.2 7.6 0.0137126 -0.215211
-1.2 7.8 0.193966 0.0880814
-1.2 8 -0.14987 0.14782
-1.2 8.2 -0.0828155 -0.190875
-1.2 8.4 0.20557 -0.00767106
-1.2 8.6 -0.0673585 0.191963
-1.2 8.8 -0.151985 -0.131898
-1.2 9 0.176937 -0.0913072
-1.2 9.2 0.0186059 0.196163
-1.2 9.4 -0.186937 -0.0556463
-1.2 9.6 0.12069 -0.150741
-1.2 9.8 0.0930227 0.167068
-1 -10 -0.167709 0.0900938
-1 -9.8 0.149381 0.120989
-1 -9.6 0.0545997 -0.186307
-1 -9.4 -0.194945 0.0213621
-1 -9.2 0.0953088 0.173714
-1 -9 0.125595 -0.155952
-1 -8.8 -0.194019 -0.0576394
-1 -8.6 0.0201296 0.203642
-1 -8.4 0.183197 -0.0962568
-1 -8.2 -0.159574 -0.135491
-1 -8 -0.0672879 0.200841
-1 -7.8 0.214058 -0.0117527
-1 -7.6 -0.0905213 -0.197265
-1 -7.4 -0.152733 0.158077
-1 -7.2 0.205185 0.0865263
-1 -7 0.00755048 -0.225548
-1 -6.8 -0.216571 0.0737703
-1 -6.6 0.146962 0.179568
-1 -6.4 0.119415 -0.202901
-1 -6.2 -0.234946 -0.04373
-1 -6 0.03827 0.239659
-1 -5.8 0.217041 -0.117047
-1 -5.6 -0.183968 -0.170284
-1 -5.4 -0.105118 0.232307
-1 -5.2 0.257904 0.0288793
-1 -5 -0.0505487 -0.259422
-1 -4.8 -0.238204 0.125755
-1 -4.6 0.190653 0.1978
-1 -4.4 0.143263 -0.241062
-1 -4.2 -0.274984 -0.0803447
-1 -4 -0.0147198 0.29258
-1 -3.8 0.295899 -0.0486558
-1 -3.6 -0.105968 -0.288454
-1 -3.4 -0.274752 0.154702
-1 -3.2 0.193506 0.259856
-1 -3 0.249064 -0.221736
-1 -2.8 -0.238622 -0.247699
-1 -2.6 -0.260827 0.241908
-1 -2.4 0.225792 0.292397
-1 -2.2 0.342447 -0.17814
-1 -2 -0.0784059 -0.399606
-1 -1.8 -0.42502 -0.0971954
-1 -1.6 -0.343627 0.330705
-1 -1.4 -0.00315554 0.536909
-1 -1.2 0.338573 0.526443
-1 -1 0.596842 0.458922
-1 -0.8 0.781181 0.450353
-1 -0.6 0.862253 0.511481
-1 -0.4 0.847178 0.550974
-1 -0.2 0.835528 0.544011
-1 0 0.841922 0.544952
-1 0.2 0.835528 0.544011
-1 0.4 0.847178 0.550974
-1 0.6 0.862253 0.511481
-1 0.8 0.781181 0.450353
-1 1 0.596842 0.458922
-1 1.2 0.338573 0.526443
-1 1.4 -0.00315554 0.536909
-1 1.6 -0.343627 0.330705
-1 1.8 -0.42502 -0.0971954
-1 2 -0.0784059 -0.399606
-1 2.2 0.342447 -0.17814
-1 2.4 0.225792 0.292397
-1 2.6 -0.260827 0.241908
-1 2.8 -0.238622 -0.247699
-1 3 0.249064 -0.221736
-1 3.2 0.193506 0.259856
-1 3.4 -0.274752 0.154702
-1 3.6 -0.105968 -0.288454
-1 3.8 0.295899 -0.0486558
-1 4 -0.0147198 0.29258
-1 4.2 -0.274984 -0.0803447
-1 4.4 0.143263 -0.241062
-1 4.6 0.190653 0.1978
-1 4.8 -0.238204 0.125755
-1 5 -0.0505487 -0.259422
-1 5.2 0.257904 0.0288793
-1 5.4 -0.105118 0.232307
-1 5.6 -0.183968 -0.170284
-1 5.8 0.217041 -0.117047
-1 6 0.03827 0.239659
-1 6.2 -0.234946 -0.04373
-1 6.4 0.119415 -0.202901
-1 6.6 0.146962 0.179568
-1 6.8 -0.216571 0.0737703
-1 7 0.00755048 -0.225548
-1 7.2 0.205185 0.0865263
-1 7.4 -0.152733 0.158077
-1 7.6 -0.0905213 -0.197265
-1 7.8 0.214058 -0.0117527
-1 8 -0.0672879 0.200841
-1 8.2 -0.159574 -0.135491
-1 8.4 0.183197 -0.0962568
-1 8.6 0.0201296 0.203642
-1 8.8 -0.194019 -0.0576394
-1 9 0.125595 -0.155952
-1 9.2 0.0953088 0.173714
-1 9.4 -0.194945 0.0213621
-1 9.6 0.0545997 -0.186307
-1 9.8 0.149381 0.120989
-0.8 -10 -0.129609 0.140846
-0.8 -9.8 0.182236 0.0644321
-0.8 -9.6 -0.0123117 -0.194845
-0.8 -9.4 -0.176303 0.0884276
-0.8 -9.2 0.151748 0.129204
-0.8 -9 0.0606949 -0.192071
-0.8 -8.8 -0.202777 0.0186627
-0.8 -8.6 0.0965645 0.181862
-0.8 -8.4 0.132237 -0.160893
-0.8 -8.2 -0.201598 -0.0612499
-0.8 -8 0.0204712 0.212236
-0.8 -7.8 0.19092 -0.100673
-0.8 -7.6 -0.16735 -0.140566
-0.8 -7.4 -0.0683929 0.210543
-0.8 -7.2 0.223789 -0.0152153
-0.8 -7 -0.098291 -0.205014
-0.8 -6.8 -0.156741 0.169059
-0.8 -6.6 0.217623 0.0856173
-0.8 -6.4 0.00135071 -0.237324
-0.8 -6.2 -0.225559 0.0847504
-0.8 -6 0.161404 0.183996
-0.8 -5.8 0.118152 -0.218893
-0.8 -5.6 -0.250294 -0.0364592
-0.8 -5.4 0.0510226 0.25224
-0.8 -5.2 0.225124 -0.134036
-0.8 -5 -0.203472 -0.172767
-0.8 -4.8 -0.101644 0.252447
-0.8 -4.6 0.276973 0.0197941
-0.8 -4.4 -0.0643623 -0.276178
-0.8 -4.2 -0.252065 0.143157
-0.8 -4 0.210582 0.20892
-0.8 -3.8 0.152492 -0.262874
-0.8 -3.6 -0.298751 -0.0890949
-0.8 -3.4 -0.0248018 0.319317
-0.8 -3.2 0.327713 -0.0351468
-0.8 -3 -0.086593 -0.328623
-0.8 -2.8 -0.327742 0.126276
-0.8 -2.6 0.151089 0.33121
-0.8 -2.4 0.34486 -0.156592
-0.8 -2.2 -0.134582 -0.372542
-0.8 -2 -0.411609 0.0698982
-0.8 -1.8 -0.0607286 0.441394
-0.8 -1.6 0.399641 0.275271
-0.8 -1.4 0.521613 -0.160586
-0.8 -1.2 0.369315 -0.523939
-0.8 -1 0.177321 -0.761675
-0.8 -0.8 0.102605 -0.934274
-0.8 -0.6 0.143335 -0.989493
-0.8 0.6 0.143335 -0.989493
-0.8 0.8 0.102605 -0.934274
-0.8 1 0.177321 -0.761675
-0.8 1.2 0.369315 -0.523939
-0.8 1.4 0.521613 -0.160586
-0.8 1.6 0.399641 0.275271
-0.8 1.8 -0.0607286 0.441394
-0.8 2 -0.411609 0.0698982
-0.8 2.2 -0.134582 -0.372542
-0.8 2.4 0.34486 -0.156592
-0.8 2.6 0.151089 0.33121
-0.8 2.8 -0.327742 0.126276
-0.8 3 -0.086593 -0.328623
-0.8 3.2 0.327713 -0.0351468
-0.8 3.4 -0.0248018 0.319317
-0.8 3.6 -0.298751 -0.0890949
-0.8 3.8 0.152492 -0.262874
-0.8 4 0.210582 0.20892
-0.8 4.2 -0.252065 0.143157
-0.8 4.4 -0.0643623 -0.276178
-0.8 4.6 0.276973 0.0197941
-0.8 4.8 -0.101644 0.252447
-0.8 5 -0.203472 -0.172767
-0.8 5.2 0.225124 -0.134036
-0.8 5.4 0.0510226 0.25224
-0.8 5.6 -0.250294 -0.0364592
-0.8 5.8 0.118152 -0.218893
-0.8 6 0.161404 0.183996
-0.8 6.2 -0.225559 0.0847504
-0.8 6.4 0.00135071 -0.237324
-0.8 6.6 0.217623 0.0856173
-0.8 6.8 -0.156741 0.169059
-0.8 7 -0.098291 -0.205014
-0.8 7.2 0.223789 -0.0152153
-0.8 7.4 -0.0683929 0.210543
-0.8 7.6 -0.16735 -0.140566
-0.8 7.8 0.19092 -0.100673
-0.8 8 0.0204712 0.212236
-0.8 8.2 -0.201598 -0.0612499
-0.8 8.4 0.132237 -0.160893
-0.8 8.6 0.0965645 0.181862
-0.8 8.8 -0.202777 0.0186627
-0.8 9 0.0606949 -0.192071
-0.8 9.2 0.151748 0.129204
-0.8 9.4 -0.176303 0.0884276
-0.8 9.6 -0.0123117 -0.194845
-0.8 9.8 0.182236 0.0644321
-0.6 -10 -0.083824 0.173235
-0.6 -9.8 0.194209 0.0078663
-0.6 -9.6 -0.0707966 -0.183138
-0.6 -9.4 -0.1414 0.139148
-0.6 -9.2 0.185746 0.0754566
-0.6 -9 -0.00419282 -0.202616
-0.6 -8.8 -0.186575 0.0847069
-0.6 -8.6 0.152991 0.139768
-0.6 -8.4 0.0693416 -0.197823
-0.6 -8.2 -0.211667 0.0137053
-0.6 -8 0.0962771 0.191888
-0.6 -7.8 0.141174 -0.165272
-0.6 -7.6 -0.209658 -0.067101
-0.6 -7.4 0.0190724 0.222202
-0.6 -7.2 0.200579 -0.104178
-0.6 -7 -0.175188 -0.147704
-0.6 -6.8 -0.0712368 0.221217
-0.6 -6.6 0.235145 -0.0176359
-0.6 -6.4 -0.105933 -0.214645
-0.6 -6.2 -0.162437 0.180845
-0.6 -6 0.231612 0.0857847
-0.6 -5.8 -0.00467613 -0.251043
-0.6 -5.6 -0.236434 0.096572
-0.6 -5.4 0.177609 0.189797
-0.6 -5.2 0.117371 -0.237293
-0.6 -5 -0.268292 -0.0285523
-0.6 -4.8 0.0655775 0.267261
-0.6 -4.6 0.235023 -0.153866
-0.6 -4.4 -0.226603 -0.176144
-0.6 -4.2 -0.0979921 0.276699
-0.6 -4 0.300397 0.00946999
-0.6 -3.8 -0.0803598 -0.297436
-0.6 -3.6 -0.270716 0.163547
-0.6 -3.4 0.234247 0.225564
-0.6 -3.2 0.168787 -0.289326
-0.6 -3 -0.328546 -0.107718
-0.6 -2.8 -0.0494688 0.354364
-0.6 -2.6 0.371421 0.000635543
-0.6 -2.4 -0.0323087 -0.385744
-0.6 -2.2 -0.403435 0.0416008
-0.6 -2 0.0154441 0.427864
-0.6 -1.8 0.452433 0.0656162
-0.6 -1.6 0.227857 -0.442065
-0.6 -1.4 -0.296348 -0.473161
-0.6 -1.2 -0.639547 -0.157984
-0.6 -1 -0.805705 0.162285
-0.6 -0.8 -0.961997 0.278382
-0.6 0.8 -0.961997 0.278382
-0.6 1 -0.805705 0.162285
-0.6 1.2 -0.639547 -0.157984
-0.6 1.4 -0.296348 -0.473161
-0.6 1.6 0.227857 -0.442065
-0.6 1.8 0.452433 0.0656162
-0.6 2 0.0154441 0.427864
-0.6 2.2 -0.403435 0.0416008
-0.6 2.4 -0.0323087 -0.385744
-0.6 2.6 0.371421 0.000635543
-0.6 2.8 -0.0494688 0.354364
-0.6 3 -0.328546 -0.107718
-0.6 3.2 0.168787 -0.289326
-0.6 3.4 0.234247 0.225564
-0.6 3.6 -0.270716 0.163547
-0.6 3.8 -0.0803598 -0.297436
-0.6 4 0.300397 0.00946999
-0.6 4.2 -0.0979921 0.276699
-0.6 4.4 -0.226603 -0.176144
-0.6 4.6 0.235023 -0.153866
-0.6 4.8 0.0655775 0.267261
-0.6 5 -0.268292 -0.0285523
-0.6 5.2 0.117371 -0.237293
-0.6 5.4 0.177609 0.189797
-0.6 5.6 -0.236434 0.096572
-0.6 5.8 -0.00467613 -0.251043
-0.6 6 0.231612 0.0857847
-0.6 6.2 -0.162437 0.180845
-0.6 6.4 -0.105933 -0.214645
-0.6 6.6 0.235145 -0.0176359
-0.6 6.8 -0.0712368 0.221217
-0.6 7 -0.175188 -0.147704
-0.6 7.2 0.200579 -0.104178
-0.6 7.4 0.0190724 0.222202
-0.6 7.6 -0.209658 -0.067101
-0.6 7.8 0.141174 -0.165272
-0.6 8 0.0962771 0.191888
-0.6 8.2 -0.211667 0.0137053
-0.6 8.4 0.0693416 -0.197823
-0.6 8.6 0.152991 0.139768
-0.6 8.8 -0.186575 0.0847069
-0.6 9 -0.00419282 -0.202616
-0.6 9.2 0.185746 0.0754566
-0.6 9.4 -0.1414 0.139148
-0.6 9.6 -0.0707966 -0.183138
-0.6 9.8 0.194209 0.0078663
-0.4 -10 -0.038163 0.189676
-0.4 -9.8 0.190849 -0.0420653
-0.4 -9.6 -0.116616 -0.159324
-0.4 -9.4 -0.0999462 0.172679
-0.4 -9.2 0.200418 0.0223558
-0.4 -9 -0.0605972 -0.19466
-0.4 -8.8 -0.155821 0.134991
-0.4 -8.6 0.188164 0.089881
-0.4 -8.4 0.00743348 -0.210848
-0.4 -8.2 -0.198743 0.0780447
-0.4 -8 0.152411 0.15327
-0.4 -7.8 0.0813754 -0.203194
-0.4 -7.6 -0.221652 0.00557753
-0.4 -7.4 0.0936458 0.204228
-0.4 -7.2 0.15315 -0.168566
-0.4 -7 -0.218059 -0.076086
-0.4 -6.8 0.0150761 0.233809
-0.4 -6.6 0.21279 -0.106128
-0.4 -6.4 -0.182795 -0.157734
-0.4 -6.2 -0.0766794 0.232976
-0.4 -6 0.248614 -0.0183134
-0.4 -5.8 -0.113061 -0.226902
-0.4 -5.6 -0.170644 0.193447
-0.4 -5.4 0.247558 0.0877354
-0.4 -5.2 -0.0101189 -0.267411
-0.4 -5 -0.250031 0.109239
-0.4 -4.8 0.196028 0.197727
-0.4 -4.6 0.117541 -0.258936
-0.4 -4.4 -0.290015 -0.0200252
-0.4 -4.2 0.0824619 0.285841
-0.4 -4 0.2477 -0.177619
-0.4 -3.8 -0.254942 -0.181045
-0.4 -3.6 -0.0943586 0.307069
-0.4 -3.4 0.330561 -0.00236342
-0.4 -3.2 -0.099241 -0.326044
-0.4 -3 -0.29777 0.187991
-0.4 -2.8 0.26305 0.25277
-0.4 -2.6 0.199852 -0.32219
-0.4 -2.4 -0.36657 -0.148802
-0.4 -2.2 -0.110237 0.400102
-0.4 -2 0.427791 0.096679
-0.4 -1.8 0.125529 -0.451517
-0.4 -1.6 -0.458344 -0.22332
-0.4 -1.4 -0.420846 0.388147
-0.4 -1.2 0.0673593 0.677202
-0.4 -1 0.525301 0.708593
-0.4 1 0.525301 0.708593
-0.4 1.2 0.0673593 0.677202
-0.4 1.4 -0.420846 0.388147
-0.4 1.6 -0.458344 -0.22332
-0.4 1.8 0.125529 -0.451517
-0.4 2 0.427791 0.096679
-0.4 2.2 -0.110237 0.400102
-0.4 2.4 -0.36657 -0.148802
-0.4 2.6 0.199852 -0.32219
-0.4 2.8 0.26305 0.25277
-0.4 3 -0.29777 0.187991
-0.4 3.2 -0.099241 -0.326044
-0.4 3.4 0.330561 -0.00236342
-0.4 3.6 -0.0943586 0.307069
-0.4 3.8 -0.254942 -0.181045
-0.4 4 0.2477 -0.177619
-0.4 4.2 0.0824619 0.285841
-0.4 4.4 -0.290015 -0.0200252
-0.4 4.6 0.117541 -0.258936
-0.4 4.8 0.196028 0.197727
-0.4 5 -0.250031 0.109239
-0.4 5.2 -0.0101189 -0.267411
-0.4 5.4 0.247558 0.0877354
-0.4 5.6 -0.170644 0.193447
-0.4 5.8 -0.113061 -0.226902
-0.4 6 0.248614 -0.0183134
-0.4 6.2 -0.0766794 0.232976
-0.4 6.4 -0.182795 -0.157734
-0.4 6.6 0.21279 -0.106128
-0.4 6.8 0.0150761 0.233809
-0.4 7 -0.218059 -0.076086
-0.4 7.2 0.15315 -0.168566
-0.4 7.4 0.0936458 0.204228
-0.4 7.6 -0.221652 0.00557753
-0.4 7.8 0.0813754 -0.203194
-0.4 8 0.152411 0.15327
-0.4 8.2 -0.198743 0.0780447
-0.4 8.4 0.00743348 -0.210848
-0.4 8.6 0.188164 0.089881
-0.4 8.8 -0.155821 0.134991
-0.4 9 -0.0605972 -0.19466
-0.4 9.2 0.200418 0.0223558
-0.4 9.4 -0.0999462 0.172679
-0.4 9.6 -0.116616 -0.159324
-0.4 9.8 0.190849 -0.0420653
-0.2 -10 0.00237697 0.194444
-0.2 -9.8 0.178382 -0.0822785
-0.2 -9.6 -0.149345 -0.130744
-0.2 -9.4 -0.0592748 0.191643
-0.2 -9.2 0.201354 -0.024013
-0.2 -9 -0.104865 -0.176188
-0.2 -8.8 -0.119856 0.169217
-0.2 -8.6 0.205628 0.0415078
-0.2 -8.4 -0.0457663 -0.207281
-0.2 -8.2 -0.173215 0.127131
-0.2 -8 0.188522 0.108568
-0.2 -7.8 0.0237759 -0.219052
-0.2 -7.6 -0.212906 0.0671339
-0.2 -7.4 0.148874 0.17038
-0.2 -7.2 0.0979068 -0.20746
-0.2 -7 -0.232576 -0.00704309
-0.2 -6.8 0.0874113 0.219331
-0.2 -6.6 0.169129 -0.169842
-0.2 -6.4 -0.226395 -0.089487
-0.2 -6.2 0.00715461 0.247269
-0.2 -6 0.228336 -0.105435
-0.2 -5.8 -0.189552 -0.17184
-0.2 -5.6 -0.0860461 0.245805
-0.2 -5.4 0.264781 -0.0160751
-0.2 -5.2 -0.118917 -0.242835
-0.2 -5 -0.182626 0.2067
-0.2 -4.8 0.265923 0.0926391
-0.2 -4.6 -0.0142003 -0.287407
-0.2 -4.4 -0.267605 0.122587
-0.2 -4.2 0.217203 0.208989
-0.2 -4 0.119469 -0.285012
-0.2 -3.8 -0.317091 -0.0109945
-0.2 -3.6 0.102439 0.309742
-0.2 -3.4 0.264713 -0.206999
-0.2 -3.2 -0.291092 -0.188538
-0.2 -3 -0.0911481 0.346996
-0.2 -2.8 0.371803 -0.0159868
-0.2 -2.6 -0.121848 -0.367633
-0.2 -2.4 -0.341222 0.217653
-0.2 -2.2 0.298097 0.303194
-0.2 -2 0.267615 -0.361694
-0.2 -1.8 -0.409429 -0.252783
-0.2 -1.6 -0.284683 0.439222
-0.2 -1.4 0.426697 0.40325
-0.2 -1.2 0.651154 -0.259322
-0.2 -1 0.430487 -0.854185
-0.2 1 0.430487 -0.854185
-0.2 1.2 0.651154 -0.259322
-0.2 1.4 0.426697 0.40325
-0.2 1.6 -0.284683 0.439222
-0.2 1.8 -0.409429 -0.252783
-0.2 2 0.267615 -0.361694
-0.2 2.2 0.298097 0.303194
-0.2 2.4 -0.341222 0.217653
-0.2 2.6 -0.121848 -0.367633
-0.2 2.8 0.371803 -0.0159868
-0.2 3 -0.0911481 0.346996
-0.2 3.2 -0.291092 -0.188538
-0.2 3.4 0.264713 -0.206999
-0.2 3.6 0.102439 0.309742
-0.2 3.8 -0.317091 -0.0109945
-0.2 4 0.119469 -0.285012
-0.2 4.2 0.217203 0.208989
-0.2 4.4 -0.267605 0.122587
-0.2 4.6 -0.0142003 -0.287407
-0.2 4.8 0.265923 0.0926391
-0.2 5 -0.182626 0.2067
-0.2 5.2 -0.118917 -0.242835
-0.2 5.4 0.264781 -0.0160751
-0.2 5.6 -0.0860461 0.245805
-0.2 5.8 -0.189552 -0.17184
-0.2 6 0.228336 -0.105435
-0.2 6.2 0.00715461 0.247269
-0.2 6.4 -0.226395 -0.089487
-0.2 6.6 0.169129 -0.169842
-0.2 6.8 0.0874113 0.219331
-0.2 7 -0.232576 -0.00704309
-0.2 7.2 0.0979068 -0.20746
-0.2 7.4 0.148874 0.17038
-0.2 7.6 -0.212906 0.0671339
-0.2 7.8 0.0237759 -0.219052
-0.2 8 0.188522 0.108568
-0.2 8.2 -0.173215 0.127131
-0.2 8.4 -0.0457663 -0.207281
-0.2 8.6 0.205628 0.0415078
-0.2 8.8 -0.119856 0.169217
-0.2 9 -0.104865 -0.176188
-0.2 9.2 0.201354 -0.024013
-0.2 9.4 -0.0592748 0.191643
-0.2 9.6 -0.149345 -0.130744
-0.2 9.8 0.178382 -0.0822785
0 -10 0.0352676 0.19216
0 -9.8 0.162343 -0.11227
0 -9.6 -0.170823 -0.102971
0 -9.4 -0.0240246 0.200165
0 -9.2 0.194513 -0.0608714
0 -9 -0.136787 -0.154169
0 -8.8 -0.0855666 0.190101
0 -8.6 0.210922 0.00024651
0 -8.4 -0.0870879 -0.194889
0 -8.2 -0.144035 0.161094
0 -8 0.208468 0.0665408
0 -7.8 -0.024588 -0.220303
0 -7.6 -0.193722 0.113704
0 -7.4 0.185195 0.132481
0 -7.2 0.0464368 -0.226192
0 -7 -0.228846 0.0500574
0 -6.8 0.140546 0.191765
0 -6.6 0.120367 -0.209266
0 -6.4 -0.243859 -0.026064
0 -6.2 0.075587 0.237535
0 -6 0.190316 -0.16746
0 -5.8 -0.233734 -0.109133
0 -5.6 -0.006762 0.262569
0 -5.4 0.248144 -0.100234
0 -5.2 -0.194214 -0.191698
0 -5 -0.101398 0.25936
0 -4.8 0.284288 -0.00894058
0 -4.6 -0.122063 -0.263925
0 -4.4 -0.200349 0.220049
0 -4.2 0.287182 0.102456
0 -4 -0.0154871 -0.312425
0 -3.8 -0.291108 0.136138
0 -3.6 0.241838 0.225547
0 -3.4 0.124508 -0.317355
0 -3.2 -0.352164 -0.001627
0 -3 0.126939 0.341879
0 -2.8 0.288616 -0.245223
0 -2.6 -0.340083 -0.200255
0 -2.4 -0.0887502 0.403366
0 -2.2 0.433367 -0.0321842
0 -2 -0.149544 -0.435583
0 -1.8 -0.423252 0.252994
0 -1.6 0.335013 0.419
0 -1.4 0.460809 -0.384916
0 -1.2 -0.356843 -0.61818
0 -1 -0.996537 9.68571e-16
0 1 -0.996537 9.68571e-16
0 1.2 -0.356843 -0.61818
0 1.4 0.460809 -0.384916
0 1.6 0.335013 0.419
0 1.8 -0.423252 0.252994
0 2 -0.149544 -0.435583
0 2.2 0.433367 -0.0321842
0 2.4 -0.0887502 0.403366
0 2.6 -0.340083 -0.200255
0 2.8 0.288616 -0.245223
0 3 0.126939 0.341879
0 3.2 -0.352164 -0.001627
0 3.4 0.124508 -0.317355
0 3.6 0.241838 0.225547
0 3.8 -0.291108 0.136138
0 4 -0.0154871 -0.312425
0 4.2 0.287182 0.102456
0 4.4 -0.200349 0.220049
0 4.6 -0.122063 -0.263925
0 4.8 0.284288 -0.00894058
0 5 -0.101398 0.25936
0 5.2 -0.194214 -0.191698
0 5.4 0.248144 -0.100234
0 5.6 -0.006762 0.262569
0 5.8 -0.233734 -0.109133
0 6 0.190316 -0.16746
0 6.2 0.075587 0.237535
0 6.4 -0.243859 -0.026064
0 6.6 0.120367 -0.209266
0 6.8 0.140546 0.191765
0 7 -0.228846 0.0500574
0 7.2 0.0464368 -0.226192
0 7.4 0.185195 0.132481
0 7.6 -0.193722 0.113704
0 7.8 -0.024588 -0.220303
0 8 0.208468 0.0665408
0 8.2 -0.144035 0.161094
0 8.4 -0.0870879 -0.194889
0 8.6 0.210922 0.00024651
0 8.8 -0.0855666 0.190101
0 9 -0.136787 -0.154169
0 9.2 0.194513 -0.0608714
0 9.4 -0.0240246 0.200165
0 9.6 -0.170823 -0.102971
0 9.8 0.162343 -0.11227
0.2 -10 0.0597106 0.186886
0.2 -9.8 0.146988 -0.133002
0.2 -9.6 -0.183792 -0.0797063
0.2 -9.4 0.00339675 0.202472
0.2 -9.2 0.185014 -0.0876896
0.2 -9 -0.158032 -0.133792
0.2 -8.8 -0.0572856 0.201474
0.2 -8.6 0.209617 -0.0313167
0.2 -8.4 -0.116381 -0.180205
0.2 -8.2 -0.117648 0.182566
0.2 -8 0.217567 0.032379
0.2 -7.8 -0.0608821 -0.214368
0.2 -7.6 -0.172603 0.145652
0.2 -7.4 0.206575 0.0987614
0.2 -7.2 0.0051924 -0.232169
0.2 -7 -0.216945 0.091955
0.2 -6.8 0.175499 0.16251
0.2 -6.6 0.0774451 -0.23023
0.2 -6.4 -0.245635 0.0240412
0.2 -6.2 0.12448 0.21785
0.2 -6 0.150491 -0.206124
0.2 -5.8 -0.254038 -0.0542038
0.2 -5.6 0.0550288 0.258763
0.2 -5.4 0.218091 -0.158529
0.2 -5.2 -0.238088 -0.137613
0.2 -5 -0.0299407 0.27911
0.2 -4.8 0.273194 -0.0872936
0.2 -4.6 -0.194326 -0.219702
0.2 -4.4 -0.126034 0.272564
0.2 -4.2 0.307736 0.00654449
0.2 -4 -0.119726 -0.292358
0.2 -3.8 -0.227085 0.232132
0.2 -3.6 0.311798 0.120707
0.2 -3.4 -0.0112015 -0.344714
0.2 -3.2 -0.324024 0.148782
0.2 -3 0.271096 0.251109
0.2 -2.8 0.135281 -0.359499
0.2 -2.6 -0.40061 0.00789875
0.2 -2.4 0.159388 0.388366
0.2 -2.2 0.324793 -0.300134
0.2 -2 -0.414753 -0.219386
0.2 -1.8 -0.0872074 0.495111
0.2 -1.6 0.543973 -0.0537781
0.2 -1.4 -0.184833 -0.580518
0.2 -1.2 -0.655499 0.282814
0.2 -1 0.278792 0.913294
0.2 1 0.278792 0.913294
0.2 1.2 -0.655499 0.282814
0.2 1.4 -0.184833 -0.580518
0.2 1.6 0.543973 -0.0537781
0.2 1.8 -0.0872074 0.495111
0.2 2 -0.414753 -0.219386
0.2 2.2 0.324793 -0.300134
0.2 2.4 0.159388 0.388366
0.2 2.6 -0.40061 0.00789875
0.2 2.8 0.135281 -0.359499
0.2 3 0.271096 0.251109
0.2 3.2 -0.324024 0.148782
0.2 3.4 -0.0112015 -0.344714
0.2 3.6 0.311798 0.120707
0.2 3.8 -0.227085 0.232132
0.2 4 -0.119726 -0.292358
0.2 4.2 0.307736 0.00654449
0.2 4.4 -0.126034 0.272564
0.2 4.6 -0.194326 -0.219702
0.2 4.8 0.273194 -0.0872936
0.2 5 -0.0299407 0.27911
0.2 5.2 -0.238088 -0.137613
0.2 5.4 0.218091 -0.158529
0.2 5.6 0.0550288 0.258763
0.2 5.8 -0.254038 -0.0542038
0.2 6 0.150491 -0.206124
0.2 6.2 0.12448 0.21785
0.2 6.4 -0.245635 0.0240412
0.2 6.6 0.0774451 -0.23023
0.2 6.8 0.175499 0.16251
0.2 7 -0.216945 0.091955
0.2 7.2 0.0051924 -0.232169
0.2 7.4 0.206575 0.0987614
0.2 7.6 -0.172603 0.145652
0.2 7.8 -0.0608821 -0.214368
0.2 8 0.217567 0.032379
0.2 8.2 -0.117648 0.182566
0.2 8.4 -0.116381 -0.180205
0.2 8.6 0.209617 -0.0313167
0.2 8.8 -0.0572856 0.201474
0.2 9 -0.158032 -0.133792
0.2 9.2 0.185014 -0.0876896
0.2 9.4 0.00339675 0.202472
0.2 9.6 -0.183792 -0.0797063
0.2 9.8 0.146988 -0.133002
0.4 -10 0.0758574 0.181724
0.4 -9.8 0.135235 -0.145958
0.4 -9.6 -0.190938 -0.0631181
0.4 -9.4 0.0220566 0.202091
0.4 -9.2 0.176663 -0.105089
0.4 -9 -0.170841 -0.118468
0.4 -8.8 -0.0373463 0.206979
0.4 -8.6 0.206257 -0.0524936
0.4 -8.4 -0.134939 -0.167939
0.4 -8.2 -0.0980791 0.194843
0.4 -8 0.220774 0.00858099
0.4 -7.8 -0.0848089 -0.207169
0.4 -7.6 -0.155474 0.165249
0.4 -7.4 0.217808 0.074051
0.4 -7.2 -0.0231492 -0.232198
0.4 -7 -0.204744 0.118957
0.4 -6.8 0.195982 0.139214
0.4 -6.6 0.0463401 -0.239728
0.4 -6.4 -0.241267 0.0579112
0.4 -6.2 0.155055 0.198999
0.4 -6 0.119137 -0.227318
0.4 -5.8 -0.260832 -0.014835
0.4 -5.6 0.095952 0.248221
0.4 -5.4 0.190109 -0.193514
0.4 -5.2 -0.259825 -0.095262
0.4 -5 0.0207028 0.281792
0.4 -4.8 0.253722 -0.137852
0.4 -4.6 -0.235299 -0.17857
0.4 -4.4 -0.0677193 0.294829
0.4 -4.2 0.304175 -0.0607206
0.4 -4 -0.184824 -0.259357
0.4 -3.8 -0.165658 0.282504
0.4 -3.6 0.335303 0.0370438
0.4 -3.4 -0.105919 -0.331664
0.4 -3.2 -0.269123 0.239318
0.4 -3 0.339798 0.15501
0.4 -2.8 0.00552404 -0.388456
0.4 -2.6 -0.374059 0.156712
0.4 -2.4 0.306224 0.295015
0.4 -2.2 0.159704 -0.418801
0.4 -2 -0.475485 0.0149686
0.4 -1.8 0.206743 0.465728
0.4 -1.6 0.389182 -0.392745
0.4 -1.4 -0.556091 -0.255673
0.4 -1.2 -0.0828305 0.697095
0.4 -1 0.864563 -0.111279
0.4 1 0.864563 -0.111279
0.4 1.2 -0.0828305 0.697095
0.4 1.4 -0.556091 -0.255673
0.4 1.6 0.389182 -0.392745
0.4 1.8 0.206743 0.465728
0.4 2 -0.475485 0.0149686
0.4 2.2 0.159704 -0.418801
0.4 2.4 0.306224 0.295015
0.4 2.6 -0.374059 0.156712
0.4 2.8 0.00552404 -0.388456
0.4 3 0.339798 0.15501
0.4 3.2 -0.269123 0.239318
0.4 3.4 -0.105919 -0.331664
0.4 3.6 0.335303 0.0370438
0.4 3.8 -0.165658 0.282504
0.4 4 -0.184824 -0.259357
0.4 4.2 0.304175 -0.0607206
0.4 4.4 -0.0677193 0.294829
0.4 4.6 -0.235299 -0.17857
0.4 4.8 0.253722 -0.137852
0.4 5 0.0207028 0.281792
0.4 5.2 -0.259825 -0.095262
0.4 5.4 0.190109 -0.193514
0.4 5.6 0.095952 0.248221
0.4 5.8 -0.260832 -0.014835
0.4 6 0.119137 -0.227318
0.4 6.2 0.155055 0.198999
0.4 6.4 -0.241267 0.0579112
0.4 6.6 0.0463401 -0.239728
0.4 6.8 0.195982 0.139214
0.4 7 -0.204744 0.118957
0.4 7.2 -0.0231492 -0.232198
0.4 7.4 0.217808 0.074051
0.4 7.6 -0.155474 0.165249
0.4 7.8 -0.0848089 -0.207169
0.4 8 0.220774 0.00858099
0.4 8.2 -0.0980791 0.194843
0.4 8.4 -0.134939 -0.167939
0.4 8.6 0.206257 -0.0524936
0.4 8.8 -0.0373463 0.206979
0.4 9 -0.170841 -0.118468
0.4 9.2 0.176663 -0.105089
0.4 9.4 0.0220566 0.202091
0.4 9.6 -0.190938 -0.0631181
0.4 9.8 0.135235 -0.145958
0.6 -10 0.0841699 0.17873
0.6 -9.8 0.128856 -0.152474
0.6 -9.6 -0.194317 -0.0543266
0.6 -9.4 0.0317724 0.201487
0.6 -9.2 0.171914 -0.113967
0.6 -9 -0.177155 -0.110175
0.6 -8.8 -0.0268122 0.209354
0.6 -8.6 0.203953 -0.0634508
0.6 -8.4 -0.144286 -0.161035
0.6 -8.2 -0.0875185 0.200691
0.6 -8 0.221738 -0.00393486
0.6 -7.8 -0.0970752 -0.202665
0.6 -7.6 -0.14589 0.174924
0.6 -7.4 0.222832 0.0607614
0.6 -7.2 -0.0379574 -0.231202
0.6 -7 -0.19736 0.132612
0.6 -6.8 0.205779 0.126235
0.6 -6.6 0.0296868 -0.24342
0.6 -6.4 -0.237529 0.0754385
0.6 -6.2 0.170202 0.187761
0.6 -6 0.101729 -0.236928
0.6 -5.8 -0.262437 0.00610733
0.6 -5.6 0.116826 0.240571
0.6 -5.4 0.173542 -0.210298
0.6 -5.2 -0.268764 -0.071833
0.6 -5 0.0473828 0.280117
0.6 -4.8 0.240281 -0.163072
0.6 -4.6 -0.253951 -0.154258
0.6 -4.4 -0.0356074 0.30228
0.6 -4.2 0.29717 -0.0956174
0.6 -4 -0.21614 -0.236817
0.6 -3.8 -0.129229 0.303436
0.6 -3.6 0.339735 -0.00872173
0.6 -3.4 -0.153824 -0.315362
0.6 -3.2 -0.230831 0.280251
0.6 -3 0.36388 0.0972811
0.6 -2.8 -0.064863 -0.386507
0.6 -2.6 -0.339238 0.228837
0.6 -2.4 0.36564 0.224463
0.6 -2.2 0.0560529 -0.448633
0.6 -2 -0.457856 0.142301
0.6 -1.8 0.340356 0.383281
0.6 -1.6 0.226302 -0.505641
0.6 -1.4 -0.608013 0.0011726
0.6 -1.2 0.280813 0.622914
0.6 -1 0.528433 -0.597867
0.6 -0.8 -0.961997 -0.278382
0.6 0.8 -0.961997 -0.278382
0.6 1 0.528433 -0.597867
0.6 1.2 0.280813 0.622914
0.6 1.4 -0.608013 0.0011726
0.6 1.6 0.226302 -0.505641
0.6 1.8 0.340356 0.383281
0.6 2 -0.457856 0.142301
0.6 2.2 0.0560529 -0.448633
0.6 2.4 0.36564 0.224463
0.6 2.6 -0.339238 0.228837
0.6 2.8 -0.064863 -0.386507
0.6 3 0.36388 0.0972811
0.6 3.2 -0.230831 0.280251
0.6 3.4 -0.153824 -0.315362
0.6 3.6 0.339735 -0.00872173
0.6 3.8 -0.129229 0.303436
0.6 4 -0.21614 -0.236817
0.6 4.2 0.29717 -0.0956174
0.6 4.4 -0.0356074 0.30228
0.6 4.6 -0.253951 -0.154258
0.6 4.8 0.240281 -0.163072
0.6 5 0.0473828 0.280117
0.6 5.2 -0.268764 -0.071833
0.6 5.4 0.173542 -0.210298
0.6 5.6 0.116826 0.240571
0.6 5.8 -0.262437 0.00610733
0.6 6 0.101729 -0.236928
0.6 6.2 0.170202 0.187761
0.6 6.4 -0.237529 0.0754385
0.6 6.6 0.0296868 -0.24342
0.6 6.8 0.205779 0.126235
0.6 7 -0.19736 0.132612
0.6 7.2 -0.0379574 -0.231202
0.6 7.4 0.222832 0.0607614
0.6 7.6 -0.14589 0.174924
0.6 7.8 -0.0970752 -0.202665
0.6 8 0.221738 -0.00393486
0.6 8.2 -0.0875185 0.200691
0.6 8.4 -0.144286 -0.161035
0.6 8.6 0.203953 -0.0634508
0.6 8.8 -0.0268122 0.209354
0.6 9 -0.177155 -0.110175
0.6 9.2 0.171914 -0.113967
0.6 9.4 0.0317724 0.201487
0.6 9.6 -0.194317 -0.0543266
0.6 9.8 0.128856 -0.152474
0.8 -10 0.0849867 0.178955
0.8 -9.8 0.12871 -0.153335
0.8 -9.6 -0.195059 -0.0538144
0.8 -9.4 0.0325761 0.201958
0.8 -9.2 0.172004 -0.114927
0.8 -9 -0.178094 -0.109839
0.8 -8.8 -0.0260854 0.210088
0.8 -8.6 0.204324 -0.0644563
0.8 -8.4 -0.145396 -0.160942
0.8 -8.2 -0.0869425 0.201694
0.8 -8 0.222431 -0.00492066
0.8 -7.8 -0.0983121 -0.202884
0.8 -7.6 -0.145551 0.17619
0.8 -7.4 0.223881 0.0598791
0.8 -7.2 -0.0392593 -0.231806
0.8 -7 -0.197356 0.134118
0.8 -6.8 0.207209 0.125562
0.8 -6.6 0.0284092 -0.244484
0.8 -6.4 -0.237977 0.0771328
0.8 -6.2 0.172023 0.187433
0.8 -6 0.100602 -0.238527
0.8 -5.8 -0.26347 0.00790387
0.8 -5.6 0.119017 0.240761
0.8 -5.4 0.172745 -0.212495
0.8 -5.2 -0.270531 -0.0700784
0.8 -5 0.0498732 0.28104
0.8 -4.8 0.240057 -0.165901
0.8 -4.6 -0.256597 -0.152769
0.8 -4.4 -0.032966 0.304183
0.8 -4.2 0.297829 -0.0990495
0.8 -4 -0.219785 -0.235902
0.8 -3.8 -0.126674 0.306574
0.8 -3.6 0.341621 -0.0126579
0.8 -3.4 -0.158543 -0.315371
0.8 -3.2 -0.228611 0.284862
0.8 -3 0.367315 0.0928887
0.8 -2.8 -0.070862 -0.387697
0.8 -2.6 -0.33734 0.235335
0.8 -2.4 0.371043 0.219131
0.8 -2.2 0.0477245 -0.45102
0.8 -2 -0.455281 0.15211
0.8 -1.8 0.348757 0.374279
0.8 -1.6 0.210788 -0.508072
0.8 -1.4 -0.597873 0.0201063
0.8 -1.2 0.29294 0.591498
0.8 -1 0.469823 -0.574834
0.8 -0.8 -0.824326 -0.221408
0.8 -0.6 0.143335 0.989493
0.8 0.6 0.143335 0.989493
0.8 0.8 -0.824326 -0.221408
0.8 1 0.469823 -0.574834
0.8 1.2 0.29294 0.591498
0.8 1.4 -0.597873 0.0201063
0.8 1.6 0.210788 -0.508072
0.8 1.8 0.348757 0.374279
0.8 2 -0.455281 0.15211
0.8 2.2 0.0477245 -0.45102
0.8 2.4 0.371043 0.219131
0.8 2.6 -0.33734 0.235335
0.8 2.8 -0.070862 -0.387697
0.8 3 0.367315 0.0928887
0.8 3.2 -0.228611 0.284862
0.8 3.4 -0.158543 -0.315371
0.8 3.6 0.341621 -0.0126579
0.8 3.8 -0.126674 0.306574
0.8 4 -0.219785 -0.235902
0.8 4.2 0.297829 -0.0990495
0.8 4.4 -0.032966 0.304183
0.8 4.6 -0.256597 -0.152769
0.8 4.8 0.240057 -0.165901
0.8 5 0.0498732 0.28104
0.8 5.2 -0.270531 -0.0700784
0.8 5.4 0.172745 -0.212495
0.8 5.6 0.119017 0.240761
0.8 5.8 -0.26347 0.00790387
0.8 6 0.100602 -0.238527
0.8 6.2 0.172023 0.187433
0.8 6.4 -0.237977 0.0771328
0.8 6.6 0.0284092 -0.244484
0.8 6.8 0.207209 0.125562
0.8 7 -0.197356 0.134118
0.8 7.2 -0.0392593 -0.231806
0.8 7.4 0.223881 0.0598791
0.8 7.6 -0.145551 0.17619
0.8 7.8 -0.0983121 -0.202884
0.8 8 0.222431 -0.00492066
0.8 8.2 -0.0869425 0.201694
0.8 8.4 -0.145396 -0.160942
0.8 8.6 0.204324 -0.0644563
0.8 8.8 -0.0260854 0.210088
0.8 9 -0.178094 -0.109839
0.8 9.2 0.172004 -0.114927
0.8 9.4 0.0325761 0.201958
0.8 9.6 -0.195059 -0.0538144
0.8 9.8 0.12871 -0.153335
1 -10 0.0782995 0.182504
1 -9.8 0.134902 -0.148581
1 -9.6 -0.193249 -0.0616652
1 -9.4 0.0244247 0.203624
1 -9.2 0.177066 -0.107978
1 -9 -0.17373 -0.117586
1 -8.8 -0.0352543 0.209307
1 -8.6 0.207531 -0.0554803
1 -8.4 -0.13831 -0.16783
1 -8.2 -0.0964971 0.197972
1 -8 0.223033 0.00571289
1 -7.8 -0.0885133 -0.208043
1 -7.6 -0.15467 0.16914
1 -7.4 0.221141 0.0715738
1 -7.2 -0.0269717 -0.234269
1 -7 -0.205025 0.123506
1 -6.8 0.200438 0.137469
1 -6.6 0.0427027 -0.243206
1 -6.4 -0.24298 0.0629287
1 -6.2 0.160618 0.198413
1 -6 0.116105 -0.232395
1 -5.8 -0.264364 -0.00966592
1 -5.6 0.1025 0.249323
1 -5.4 0.188257 -0.200322
1 -5.2 -0.265583 -0.0904389
1 -5 0.0279429 0.285218
1 -4.8 0.253812 -0.146409
1 -4.6 -0.243659 -0.174828
1 -4.4 -0.0603229 0.301294
1 -4.2 0.307156 -0.0708494
1 -4 -0.196075 -0.257692
1 -3.8 -0.158909 0.292767
1 -3.6 0.342281 0.0257123
1 -3.4 -0.120303 -0.333278
1 -3.2 -0.263954 0.254273
1 -3 0.352146 0.142732
1 -2.8 -0.0127555 -0.394757
1 -2.6 -0.371198 0.178249
1 -2.4 0.326626 0.280906
1 -2.2 0.134072 -0.432233
1 -2 -0.475088 0.04973
1 -1.8 0.244546 0.444252
1 -1.6 0.339789 -0.422259
1 -1.4 -0.55754 -0.172954
1 -1.2 0.0353199 0.633265
1 -1 0.646483 -0.256793
1 -0.8 -0.458717 -0.616373
1 -0.6 -0.601157 0.600087
1 -0.4 0.597129 0.70836
1 -0.2 0.961705 -0.179443
1 0 0.841922 -0.544952
1 0.2 0.961705 -0.179443
1 0.4 0.597129 0.70836
1 0.6 -0.601157 0.600087
1 0.8 -0.458717 -0.616373
1 1 0.646483 -0.256793
1 1.2 0.0353199 0.633265
1 1.4 -0.55754 -0.172954
1 1.6 0.339789 -0.422259
1 1.8 0.244546 0.444252
1 2 -0.475088 0.04973
1 2.2 0.134072 -0.432233
1 2.4 0.326626 0.280906
1 2.6 -0.371198 0.178249
1 2.8 -0.0127555 -0.394757
1 3 0.352146 0.142732
1 3.2 -0.263954 0.254273
1 3.4 -0.120303 -0.333278
1 3.6 0.342281 0.0257123
1 3.8 -0.158909 0.292767
1 4 -0.196075 -0.257692
1 4.2 0.307156 -0.0708494
1 4.4 -0.0603229 0.301294
1 4.6 -0.243659 -0.174828
1 4.8 0.253812 -0.146409
1 5 0.0279429 0.285218
1 5.2 -0.265583 -0.0904389
1 5.4 0.188257 -0.200322
1 5.6 0.1025 0.249323
1 5.8 -0.264364 -0.00966592
1 6 0.116105 -0.232395
1 6.2 0.160618 0.198413
1 6.4 -0.24298 0.0629287
1 6.6 0.0427027 -0.243206
1 6.8 0.200438 0.137469
1 7 -0.205025 0.123506
1 7.2 -0.0269717 -0.234269
1 7.4 0.221141 0.0715738
1 7.6 -0.15467 0.16914
1 7.8 -0.0885133 -0.208043
1 8 0.223033 0.00571289
1 8.2 -0.0964971 0.197972
1 8.4 -0.13831 -0.16783
1 8.6 0.207531 -0.0554803
1 8.8 -0.0352543 0.209307
1 9 -0.17373 -0.117586
1 9.2 0.177066 -0.107978
1 9.4 0.0244247 0.203624
1 9.6 -0.193249 -0.0616652
1 9.8 0.134902 -0.148581
1.2 -10 0.0637286 0.188536
1.2 -9.8 0.146794 -0.13748
1.2 -9.6 -0.187906 -0.077585
1.2 -9.4 0.00717117 0.205413
1.2 -9.2 0.186137 -0.0925105
1.2 -9 -0.163052 -0.132754
1.2 -8.8 -0.0541264 0.205747
1.2 -8.6 0.212268 -0.0361519
1.2 -8.4 -0.122095 -0.180599
1.2 -8.2 -0.11553 0.188134
1.2 -8 0.221907 0.0279472
1.2 -7.8 -0.066972 -0.216542
1.2 -7.6 -0.172002 0.152375
1.2 -7.4 0.212695 0.0952517
1.2 -7.2 -0.000821973 -0.236452
1.2 -7 -0.218389 0.0995571
1.2 -6.8 0.183382 0.160556
1.2 -6.6 0.072122 -0.236905
1.2 -6.4 -0.249689 0.0320643
1.2 -6.2 0.133953 0.218214
1.2 -6 0.146681 -0.215384
1.2 -5.8 -0.261275 -0.0464666
1.2 -5.6 0.0656741 0.26234
1.2 -5.4 0.216862 -0.170391
1.2 -5.2 -0.249036 -0.131196
1.2 -5 -0.0188821 0.286906
1.2 -4.8 0.275893 -0.101498
1.2 -4.6 -0.209376 -0.216046
1.2 -4.4 -0.115777 0.28566
1.2 -4.2 0.316013 -0.00935148
1.2 -4 -0.139076 -0.293392
1.2 -3.8 -0.219399 0.251718
1.2 -3.6 0.327761 0.104201
1.2 -3.4 -0.0349807 -0.353109
1.2 -3.2 -0.321484 0.176576
1.2 -3 0.298118 0.235537
1.2 -2.8 0.106475 -0.379858
1.2 -2.6 -0.407941 0.0477417
1.2 -2.4 0.205349 0.376584
1.2 -2.2 0.288884 -0.344399
1.2 -2 -0.446455 -0.156101
1.2 -1.8 0.00451732 0.499799
1.2 -1.6 0.501706 -0.173032
1.2 -1.4 -0.330744 -0.459679
1.2 -1.2 -0.392037 0.463865
1.2 -1 0.565328 0.328601
1.2 -0.8 0.31323 -0.631364
1.2 -0.6 -0.637875 -0.407062
1.2 -0.4 -0.651087 0.47008
1.2 -0.2 -0.123809 0.826562
1.2 0 0.113768 0.839652
1.2 0.2 -0.123809 0.826562
1.2 0.4 -0.651087 0.47008
1.2 0.6 -0.637875 -0.407062
1.2 0.8 0.31323 -0.631364
1.2 1 0.565328 0.328601
1.2 1.2 -0.392037 0.463865
1.2 1.4 -0.330744 -0.459679
1.2 1.6 0.501706 -0.173032
1.2 1.8 0.00451732 0.499799
1.2 2 -0.446455 -0.156101
1.2 2.2 0.288884 -0.344399
1.2 2.4 0.205349 0.376584
1.2 2.6 -0.407941 0.0477417
1.2 2.8 0.106475 -0.379858
1.2 3 0.298118 0.235537
1.2 3.2 -0.321484 0.176576
1.2 3.4 -0.0349807 -0.353109
1.2 3.6 0.327761 0.104201
1.2 3.8 -0.219399 0.251718
1.2 4 -0.139076 -0.293392
1.2 4.2 0.316013 -0.00935148
1.2 4.4 -0.115777 0.28566
1.2 4.6 -0.209376 -0.216046
1.2 4.8 0.275893 -0.101498
1.2 5 -0.0188821 0.286906
1.2 5.2 -0.249036 -0.131196
1.2 5.4 0.216862 -0.170391
1.2 5.6 0.0656741 0.26234
1.2 5.8 -0.261275 -0.0464666
1.2 6 0.146681 -0.215384
1.2 6.2 0.133953 0.218214
1.2 6.4 -0.249689 0.0320643
1.2 6.6 0.072122 -0.236905
1.2 6.8 0.183382 0.160556
1.2 7 -0.218389 0.0995571
1.2 7.2 -0.000821973 -0.236452
1.2 7.4 0.212695 0.0952517
1.2 7.6 -0.172002 0.152375
1.2 7.8 -0.066972 -0.216542
1.2 8 0.221907 0.0279472
1.2 8.2 -0.11553 0.188134
1.2 8.4 -0.122095 -0.180599
1.2 8.6 0.212268 -0.0361519
1.2 8.8 -0.0541264 0.205747
1.2 9 -0.163052 -0.132754
1.2 9.2 0.186137 -0.0925105
1.2 9.4 0.00717117 0.205413
1.2 9.6 -0.187906 -0.077585
1.2 9.8 0.146794 -0.13748
1.4 -10 0.0406992 0.195199
1.4 -9.8 0.162858 -0.118675
1.4 -9.6 -0.177061 -0.100699
1.4 -9.4 -0.0192016 0.205051
1.4 -9.2 0.197033 -0.0675156
1.4 -9 -0.144133 -0.153679
1.4 -8.8 -0.0819372 0.196818
1.4 -8.6 0.215697 -0.00607781
1.4 -8.4 -0.0951269 -0.196673
1.4 -8.2 -0.142252 0.169473
1.4 -8 0.215637 0.0612327
1.4 -7.8 -0.0327221 -0.224812
1.4 -7.6 -0.194491 0.123382
1.4 -7.4 0.194736 0.12903
1.4 -7.2 0.0390219 -0.233793
1.4 -7 -0.232894 0.0604219
1.4 -6.8 0.152206 0.191153
1.4 -6.6 0.114738 -0.220169
1.4 -6.4 -0.251886 -0.0159459
1.4 -6.2 0.0887863 0.240875
1.4 -6 0.187822 -0.181619
1.4 -5.8 -0.246321 -0.100598
1.4 -5.6 0.00694228 0.271051
1.4 -5.4 0.250436 -0.117196
1.4 -5.2 -0.211696 -0.186577
1.4 -5 -0.0888261 0.274182
1.4 -4.8 0.293324 -0.0276666
1.4 -4.6 -0.144364 -0.264651
1.4 -4.4 -0.191352 0.242332
1.4 -4.2 0.305303 0.0838266
1.4 -4 -0.0419513 -0.322297
1.4 -3.8 -0.289369 0.166966
1.4 -3.6 0.272168 0.210209
1.4 -3.4 0.0954818 -0.341448
1.4 -3.2 -0.364087 0.0389444
1.4 -3 0.174584 0.336271
1.4 -2.8 0.261437 -0.293289
1.4 -2.6 -0.380075 -0.149409
1.4 -2.4 -0.0144848 0.425353
1.4 -2.2 0.426239 -0.127188
1.4 -2 -0.260507 -0.386759
1.4 -1.8 -0.317064 0.374107
1.4 -1.6 0.462404 0.232
1.4 -1.4 0.149805 -0.526543
1.4 -1.2 -0.573401 -0.0919883
1.4 -1 -0.0854869 0.610624
1.4 -0.8 0.632026 0.166828
1.4 -0.6 0.374027 -0.579134
1.4 -0.4 -0.288763 -0.659339
1.4 -0.2 -0.642085 -0.368905
1.4 0 -0.714132 -0.221501
1.4 0.2 -0.642085 -0.368905
1.4 0.4 -0.288763 -0.659339
1.4 0.6 0.374027 -0.579134
1.4 0.8 0.632026 0.166828
1.4 1 -0.0854869 0.610624
1.4 1.2 -0.573401 -0.0919883
1.4 1.4 0.149805 -0.526543
1.4 1.6 0.462404 0.232
1.4 1.8 -0.317064 0.374107
1.4 2 -0.260507 -0.386759
1.4 2.2 0.426239 -0.127188
1.4 2.4 -0.0144848 0.425353
1.4 2.6 -0.380075 -0.149409
1.4 2.8 0.261437 -0.293289
1.4 3 0.174584 0.336271
1.4 3.2 -0.364087 0.0389444
1.4 3.4 0.0954818 -0.341448
1.4 3.6 0.272168 0.210209
1.4 3.8 -0.289369 0.166966
1.4 4 -0.0419513 -0.322297
1.4 4.2 0.305303 0.0838266
1.4 4.4 -0.191352 0.242332
1.4 4.6 -0.144364 -0.264651
1.4 4.8 0.293324 -0.0276666
1.4 5 -0.0888261 0.274182
1.4 5.2 -0.211696 -0.186577
1.4 5.4 0.250436 -0.117196
1.4 5.6 0.00694228 0.271051
1.4 5.8 -0.246321 -0.100598
1.4 6 0.187822 -0.181619
1.4 6.2 0.0887863 0.240875
1.4 6.4 -0.251886 -0.0159459
1.4 6.6 0.114738 -0.220169
1.4 6.8 0.152206 0.191153
1.4 7 -0.232894 0.0604219
1.4 7.2 0.0390219 -0.233793
1.4 7.4 0.194736 0.12903
1.4 7.6 -0.194491 0.123382
1.4 7.8 -0.0327221 -0.224812
1.4 8 0.215637 0.0612327
1.4 8.2 -0.142252 0.169473
1.4 8.4 -0.0951269 -0.196673
1.4 8.6 0.215697 -0.00607781
1.4 8.8 -0.0819372 0.196818
1.4 9 -0.144133 -0.153679
1.4 9.2 0.197033 -0.0675156
1.4 9.4 -0.0192016 0.205051
1.4 9.6 -0.177061 -0.100699
1.4 9.8 0.162858 -0.118675
1.6 -10 0.00883236 0.199549
1.6 -9.8 0.180429 -0.0905296
1.6 -9.6 -0.157988 -0.12915
1.6 -9.4 -0.0540836 0.199109
1.6 -9.2 0.206183 -0.0320978
1.6 -9 -0.114562 -0.177298
1.6 -8.8 -0.116766 0.17886
1.6 -8.6 0.213438 0.0344663
1.6 -8.4 -0.0557738 -0.211678
1.6 -8.2 -0.173119 0.138505
1.6 -8 0.19929 0.103624
1.6 -7.8 0.0144782 -0.227191
1.6 -7.6 -0.216699 0.0794652
1.6 -7.4 0.162261 0.168744
1.6 -7.2 0.0906406 -0.219562
1.6 -7 -0.241071 0.00506818
1.6 -6.8 0.102645 0.222327
1.6 -6.6 0.16553 -0.185758
1.6 -6.4 -0.240194 -0.0792557
1.6 -6.2 0.0228892 0.256239
1.6 -6 0.230333 -0.124462
1.6 -5.8 -0.208847 -0.165705
1.6 -5.6 -0.0719027 0.26196
1.6 -5.4 0.274538 -0.0367084
1.6 -5.2 -0.143229 -0.24364
1.6 -5 -0.173125 0.230902
1.6 -4.8 0.285754 0.0730373
1.6 -4.6 -0.0419929 -0.298751
1.6 -4.4 -0.26715 0.155044
1.6 -4.2 0.249518 0.194826
1.6 -4 0.091554 -0.31164
1.6 -3.8 -0.332437 0.0286157
1.6 -3.6 0.149588 0.308902
1.6 -3.4 0.244169 -0.255691
1.6 -3.2 -0.33396 -0.146711
1.6 -3 -0.0287413 0.375886
1.6 -2.8 0.378371 -0.0959098
1.6 -2.6 -0.214059 -0.343782
1.6 -2.4 -0.279169 0.315217
1.6 -2.2 0.393118 0.194866
1.6 -2 0.102836 -0.446532
1.6 -1.8 -0.479322 -0.0152136
1.6 -1.6 0.0563388 0.49974
1.6 -1.4 0.518763 -0.0997365
1.6 -1.2 -0.0993657 -0.546355
1.6 -1 -0.582463 0.0312653
1.6 -0.8 -0.137163 0.595481
1.6 -0.6 0.483975 0.413721
1.6 -0.4 0.652269 -0.0841285
1.6 -0.2 0.531992 -0.409972
1.6 0 0.452796 -0.502704
1.6 0.2 0.531992 -0.409972
1.6 0.4 0.652269 -0.0841285
1.6 0.6 0.483975 0.413721
1.6 0.8 -0.137163 0.595481
1.6 1 -0.582463 0.0312653
1.6 1.2 -0.0993657 -0.546355
1.6 1.4 0.518763 -0.0997365
1.6 1.6 0.0563388 0.49974
1.6 1.8 -0.479322 -0.0152136
1.6 2 0.102836 -0.446532
1.6 2.2 0.393118 0.194866
1.6 2.4 -0.279169 0.315217
1.6 2.6 -0.214059 -0.343782
1.6 2.8 0.378371 -0.0959098
1.6 3 -0.0287413 0.375886
1.6 3.2 -0.33396 -0.146711
1.6 3.4 0.244169 -0.255691
1.6 3.6 0.149588 0.308902
1.6 3.8 -0.332437 0.0286157
1.6 4 0.091554 -0.31164
1.6 4.2 0.249518 0.194826
1.6 4.4 -0.26715 0.155044
1.6 4.6 -0.0419929 -0.298751
1.6 4.8 0.285754 0.0730373
1.6 5 -0.173125 0.230902
1.6 5.2 -0.143229 -0.24364
1.6 5.4 0.274538 -0.0367084
1.6 5.6 -0.0719027 0.26196
1.6 5.8 -0.208847 -0.165705
1.6 6 0.230333 -0.124462
1.6 6.2 0.0228892 0.256239
1.6 6.4 -0.240194 -0.0792557
1.6 6.6 0.16553 -0.185758
1.6 6.8 0.102645 0.222327
1.6 7 -0.241071 0.00506818
1.6 7.2 0.0906406 -0.219562
1.6 7.4 0.162261 0.168744
1.6 7.6 -0.216699 0.0794652
1.6 7.8 0.0144782 -0.227191
1.6 8 0.19929 0.103624
1.6 8.2 -0.173119 0.138505
1.6 8.4 -0.0557738 -0.211678
1.6 8.6 0.213438 0.0344663
1.6 8.8 -0.116766 0.17886
1.6 9 -0.114562 -0.177298
1.6 9.2 0.206183 -0.0320978
1.6 9.4 -0.0540836 0.199109
1.6 9.6 -0.157988 -0.12915
1.6 9.8 0.180429 -0.0905296
1.8 -10 -0.0314412 0.197581
1.8 -9.8 0.195464 -0.051746
1.8 -9.6 -0.127706 -0.159592
1.8 -9.4 -0.0955159 0.183275
1.8 -9.2 0.208573 0.0136912
1.8 -9 -0.0722462 -0.19873
1.8 -8.8 -0.154769 0.147756
1.8 -8.6 0.199842 0.0835027
1.8 -8.4 -0.00354956 -0.219267
1.8 -8.2 -0.202137 0.0920451
1.8 -8 0.167188 0.15062
1.8 -7.8 0.0726379 -0.216192
1.8 -7.6 -0.230418 0.0193892
1.8 -7.4 0.110553 0.206837
1.8 -7.2 0.148576 -0.185885
1.8 -7 -0.232799 -0.0644471
1.8 -6.8 0.0324439 0.243151
1.8 -6.6 0.214568 -0.126791
1.8 -6.4 -0.203529 -0.150853
1.8 -6.2 -0.0613887 0.250229
1.8 -6 0.259051 -0.0403417
1.8 -5.8 -0.138868 -0.227961
1.8 -5.6 -0.161016 0.219139
1.8 -5.4 0.268819 0.0676893
1.8 -5.2 -0.0386273 -0.280129
1.8 -5 -0.250938 0.14269
1.8 -4.8 0.229701 0.184957
1.8 -4.6 0.0910455 -0.28746
1.8 -4.4 -0.30804 0.0182418
1.8 -4.2 0.128599 0.288751
1.8 -4 0.232259 -0.22608
1.8 -3.8 -0.299036 -0.145902
1.8 -3.6 -0.0403358 0.339592
1.8 -3.4 0.344452 -0.0722223
1.8 -3.2 -0.179865 -0.314962
1.8 -3 -0.256478 0.272682
1.8 -2.8 0.344023 0.177197
1.8 -2.6 0.0867159 -0.391189
1.8 -2.4 -0.415533 0.00541833
1.8 -2.2 0.0908449 0.422038
1.8 -2 0.418555 -0.162943
1.8 -1.8 -0.216502 -0.414861
1.8 -1.6 -0.421506 0.246131
1.8 -1.4 0.243025 0.447736
1.8 -1.2 0.496285 -0.19028
1.8 -1 -0.0599808 -0.550374
1.8 -0.8 -0.547854 -0.174183
1.8 -0.6 -0.472678 0.359528
1.8 -0.4 -0.119796 0.597111
1.8 -0.2 0.154903 0.599213
1.8 0 0.246057 0.571692
1.8 0.2 0.154903 0.599213
1.8 0.4 -0.119796 0.597111
1.8 0.6 -0.472678 0.359528
1.8 0.8 -0.547854 -0.174183
1.8 1 -0.0599808 -0.550374
1.8 1.2 0.496285 -0.19028
1.8 1.4 0.243025 0.447736
1.8 1.6 -0.421506 0.246131
1.8 1.8 -0.216502 -0.414861
1.8 2 0.418555 -0.162943
1.8 2.2 0.0908449 0.422038
1.8 2.4 -0.415533 0.00541833
1.8 2.6 0.0867159 -0.391189
1.8 2.8 0.344023 0.177197
1.8 3 -0.256478 0.272682
1.8 3.2 -0.179865 -0.314962
1.8 3.4 0.344452 -0.0722223
1.8 3.6 -0.0403358 0.339592
1.8 3.8 -0.299036 -0.145902
1.8 4 0.232259 -0.22608
1.8 4.2 0.128599 0.288751
1.8 4.4 -0.30804 0.0182418
1.8 4.6 0.0910455 -0.28746
1.8 4.8 0.229701 0.184957
1.8 5 -0.250938 0.14269
1.8 5.2 -0.0386273 -0.280129
1.8 5.4 0.268819 0.0676893
1.8 5.6 -0.161016 0.219139
1.8 5.8 -0.138868 -0.227961
1.8 6 0.259051 -0.0403417
1.8 6.2 -0.0613887 0.250229
1.8 6.4 -0.203529 -0.150853
1.8 6.6 0.214568 -0.126791
1.8 6.8 0.0324439 0.243151
1.8 7 -0.232799 -0.0644471
1.8 7.2 0.148576 -0.185885
1.8 7.4 0.110553 0.206837
1.8 7.6 -0.230418 0.0193892
1.8 7.8 0.0726379 -0.216192
1.8 8 0.167188 0.15062
1.8 8.2 -0.202137 0.0920451
1.8 8.4 -0.00354956 -0.219267
1.8 8.6 0.199842 0.0835027
1.8 8.8 -0.154769 0.147756
1.8 9 -0.0722462 -0.19873
1.8 9.2 0.208573 0.0136912
1.8 9.4 -0.0955159 0.183275
1.8 9.6 -0.127706 -0.159592
1.8 9.8 0.195464 -0.051746
2 -10 -0.0780847 0.184524
2 -9.8 0.20249 -0.00227972
2 -9.6 -0.0838619 -0.186744
2 -9.4 -0.13937 0.153039
2 -9.2 0.198085 0.0677406
2 -9 -0.0166618 -0.21113
2 -8.8 -0.189492 0.100112
2 -8.6 0.168882 0.136151
2 -8.4 0.0592994 -0.211485
2 -8.2 -0.220564 0.0289597
2 -8 0.114556 0.194097
2 -7.8 0.135746 -0.183708
2 -7.6 -0.225127 -0.0542925
2 -7.4 0.0377569 0.231818
2 -7.2 0.202181 -0.126136
2 -7 -0.197057 -0.140262
2 -6.8 -0.0550987 0.239351
2 -6.6 0.246173 -0.040687
2 -6.4 -0.132845 -0.216013
2 -6.2 -0.152874 0.207664
2 -6 0.254011 0.065598
2 -5.8 -0.0335154 -0.264933
2 -5.6 -0.238589 0.130578
2 -5.4 0.212155 0.178382
2 -5.2 0.0923186 -0.267159
2 -5 -0.288323 0.00828156
2 -4.8 0.110499 0.273044
2 -4.6 0.223501 -0.201665
2 -4.4 -0.271055 -0.146074
2 -4.2 -0.0502016 0.311201
2 -4 0.318624 -0.0531185
2 -3.8 -0.152936 -0.293944
2 -3.6 -0.241394 0.239806
2 -3.4 0.306907 0.167867
2 -3.2 0.0816836 -0.350686
2 -3 -0.370994 0.00868524
2 -2.8 0.0957489 0.370782
2 -2.6 0.355468 -0.173789
2 -2.4 -0.239194 -0.332175
2 -2.2 -0.30901 0.290242
2 -2 0.326232 0.294524
2 -1.8 0.297306 -0.345791
2 -1.6 -0.344043 -0.325171
2 -1.4 -0.382387 0.308562
2 -1.2 0.215598 0.461606
2 -1 0.5261 -0.0337376
2 -0.8 0.244799 -0.485544
2 -0.6 -0.209728 -0.517359
2 -0.4 -0.485477 -0.297884
2 -0.2 -0.569744 -0.0903408
2 0 -0.579224 -0.013955
2 0.2 -0.569744 -0.0903408
2 0.4 -0.485477 -0.297884
2 0.6 -0.209728 -0.517359
2 0.8 0.244799 -0.485544
2 1 0.5261 -0.0337376
2 1.2 0.215598 0.461606
2 1.4 -0.382387 0.308562
2 1.6 -0.344043 -0.325171
2 1.8 0.297306 -0.345791
2 2 0.326232 0.294524
2 2.2 -0.30901 0.290242
2 2.4 -0.239194 -0.332175
2 2.6 0.355468 -0.173789
2 2.8 0.0957489 0.370782
2 3 -0.370994 0.00868524
2 3.2 0.0816836 -0.350686
2 3.4 0.306907 0.167867
2 3.6 -0.241394 0.239806
2 3.8 -0.152936 -0.293944
2 4 0.318624 -0.0531185
2 4.2 -0.0502016 0.311201
2 4.4 -0.271055 -0.146074
2 4.6 0.223501 -0.201665
2 4.8 0.110499 0.273044
2 5 -0.288323 0.00828156
2 5.2 0.0923186 -0.267159
2 5.4 0.212155 0.178382
2 5.6 -0.238589 0.130578
2 5.8 -0.0335154 -0.264933
2 6 0.254011 0.065598
2 6.2 -0.152874 0.207664
2 6.4 -0.132845 -0.216013
2 6.6 0.246173 -0.040687
2 6.8 -0.0550987 0.239351
2 7 -0.197057 -0.140262
2 7.2 0.202181 -0.126136
2 7.4 0.0377569 0.231818
2 7.6 -0.225127 -0.0542925
2 7.8 0.135746 -0.183708
2 8 0.114556 0.194097
2 8.2 -0.220564 0.0289597
2 8.4 0.0592994 -0.211485
2 8.6 0.168882 0.136151
2 8.8 -0.189492 0.100112
2 9 -0.0166618 -0.21113
2 9.2 0.198085 0.0677406
2 9.4 -0.13937 0.153039
2 9.6 -0.0838619 -0.186744
2 9.8 0.20249 -0.00227972
2.2 -10 -0.126628 0.155633
2.2 -9.8 0.195037 0.0555053
2.2 -9.6 -0.0260637 -0.203329
2.2 -9.4 -0.178716 0.104996
2.2 -9.2 0.168517 0.124699
2.2 -9 0.0495251 -0.206215
2.2 -8.8 -0.211712 0.0351162
2.2 -8.6 0.115948 0.183687
2.2 -8.4 0.126085 -0.180202
2.2 -8.2 -0.217621 -0.0474967
2.2 -8 0.0401881 0.222055
2.2 -7.8 0.192396 -0.123629
2.2 -7.6 -0.19009 -0.132727
2.2 -7.4 -0.0516671 0.22937
2.2 -7.2 0.235321 -0.0389692
2.2 -7 -0.125968 -0.206722
2.2 -6.8 -0.147386 0.196686
2.2 -6.6 0.240891 0.0655304
2.2 -6.4 -0.0275049 -0.252186
2.2 -6.2 -0.228836 0.118944
2.2 -6 0.196412 0.173879
2.2 -5.8 0.0945514 -0.249643
2.2 -5.6 -0.271804 -0.00113532
2.2 -5.4 0.0945626 0.260264
2.2 -5.2 0.21673 -0.18086
2.2 -5 -0.247725 -0.146771
2.2 -4.8 -0.0588329 0.287965
2.2 -4.6 0.297934 -0.0370626
2.2 -4.4 -0.130729 -0.277687
2.2 -4.2 -0.23062 0.213123
2.2 -4 0.277367 0.162687
2.2 -3.8 0.0813523 -0.319384
2.2 -3.6 -0.338084 0.0055437
2.2 -3.4 0.090825 0.335153
2.2 -3.2 0.314531 -0.168796
2.2 -3 -0.235731 -0.281709
2.2 -2.8 -0.243024 0.290008
2.2 -2.6 0.331874 0.205068
2.2 -2.4 0.174353 -0.362866
2.2 -2.2 -0.384857 -0.15727
2.2 -2 -0.160263 0.398599
2.2 -1.8 0.401489 0.189812
2.2 -1.6 0.251145 -0.384269
2.2 -1.4 -0.32718 -0.343284
2.2 -1.2 -0.446765 0.199324
2.2 -1 -0.0270417 0.502847
2.2 -0.8 0.40141 0.325448
2.2 -0.6 0.526201 -0.044571
2.2 -0.4 0.427095 -0.325183
2.2 -0.2 0.293487 -0.456033
2.2 0 0.238797 -0.489011
2.2 0.2 0.293487 -0.456033
2.2 0.4 0.427095 -0.325183
2.2 0.6 0.526201 -0.044571
2.2 0.8 0.40141 0.325448
2.2 1 -0.0270417 0.502847
2.2 1.2 -0.446765 0.199324
2.2 1.4 -0.32718 -0.343284
2.2 1.6 0.251145 -0.384269
2.2 1.8 0.401489 0.189812
2.2 2 -0.160263 0.398599
2.2 2.2 -0.384857 -0.15727
2.2 2.4 0.174353 -0.362866
2.2 2.6 0.331874 0.205068
2.2 2.8 -0.243024 0.290008
2.2 3 -0.235731 -0.281709
2.2 3.2 0.314531 -0.168796
2.2 3.4 0.090825 0.335153
2.2 3.6 -0.338084 0.0055437
2.2 3.8 0.0813523 -0.319384
2.2 4 0.277367 0.162687
2.2 4.2 -0.23062 0.213123
2.2 4.4 -0.130729 -0.277687
2.2 4.6 0.297934 -0.0370626
2.2 4.8 -0.0588329 0.287965
2.2 5 -0.247725 -0.146771
2.2 5.2 0.21673 -0.18086
2.2 5.4 0.0945626 0.260264
2.2 5.6 -0.271804 -0.00113532
2.2 5.8 0.0945514 -0.249643
2.2 6 0.196412 0.173879
2.2 6.2 -0.228836 0.118944
2.2 6.4 -0.0275049 -0.252186
2.2 6.6 0.240891 0.0655304
2.2 6.8 -0.147386 0.196686
2.2 7 -0.125968 -0.206722
2.2 7.2 0.235321 -0.0389692
2.2 7.4 -0.0516671 0.22937
2.2 7.6 -0.19009 -0.132727
2.2 7.8 0.192396 -0.123629
2.2 8 0.0401881 0.222055
2.2 8.2 -0.217621 -0.0474967
2.2 8.4 0.126085 -0.180202
2.2 8.6 0.115948 0.183687
2.2 8.8 -0.211712 0.0351162
2.2 9 0.0495251 -0.206215
2.2 9.2 0.168517 0.124699
2.2 9.4 -0.178716 0.104996
2.2 9.6 -0.0260637 -0.203329
2.2 9.8 0.195037 0.0555053
2.4 -10 -0.169635 0.107607
2.4 -9.8 0.166833 0.115705
2.4 -9.6 0.0424861 -0.200795
2.4 -9.4 -0.203868 0.0387851
2.4 -9.2 0.115561 0.175205
2.4 -9 0.118863 -0.175933
2.4 -8.8 -0.210465 -0.043159
2.4 -8.6 0.0406201 0.213627
2.4 -8.4 0.184611 -0.11995
2.4 -8.2 -0.182962 -0.127418
2.4 -8 -0.0502121 0.220209
2.4 -7.8 0.226037 -0.0359276
2.4 -7.6 -0.118672 -0.199354
2.4 -7.4 -0.143721 0.186247
2.4 -7.2 0.229105 0.0667509
2.4 -7 -0.0210547 -0.241229
2.4 -6.8 -0.220884 0.107849
2.4 -6.6 0.18211 0.170727
2.4 -6.4 0.0972973 -0.234196
2.4 -6.2 -0.257566 -0.00999351
2.4 -6 0.080297 0.249503
2.4 -5.8 0.211274 -0.162687
2.4 -5.6 -0.227683 -0.147744
2.4 -5.4 -0.0665234 0.268294
2.4 -5.2 0.280716 -0.0231758
2.4 -5 -0.111806 -0.26454
2.4 -4.8 -0.222493 0.190676
2.4 -4.6 0.252915 0.159787
2.4 -4.4 0.0832197 -0.294105
2.4 -4.2 -0.312515 -0.000164452
2.4 -4 0.0823883 0.308985
2.4 -3.8 0.286496 -0.158624
2.4 -3.6 -0.224442 -0.249554
2.4 -3.4 -0.203504 0.277698
2.4 -3.2 0.318177 0.1539
2.4 -3 0.106035 -0.347311
2.4 -2.8 -0.367728 -0.0647071
2.4 -2.6 -0.0342683 0.382635
2.4 -2.4 0.395042 0.0189475
2.4 -2.2 0.0233666 -0.406675
2.4 -2 -0.416313 -0.0529668
2.4 -1.8 -0.113602 0.417183
2.4 -1.6 0.393392 0.208622
2.4 -1.4 0.330532 -0.317256
2.4 -1.2 -0.154368 -0.44462
2.4 -1 -0.470125 -0.108363
2.4 -0.8 -0.397004 0.292497
2.4 -0.6 -0.120045 0.48758
2.4 -0.4 0.135246 0.490697
2.4 -0.2 0.281865 0.428952
2.4 0 0.326282 0.3981
2.4 0.2 0.281865 0.428952
2.4 0.4 0.135246 0.490697
2.4 0.6 -0.120045 0.48758
2.4 0.8 -0.397004 0.292497
2.4 1 -0.470125 -0.108363
2.4 1.2 -0.154368 -0.44462
2.4 1.4 0.330532 -0.317256
2.4 1.6 0.393392 0.208622
2.4 1.8 -0.113602 0.417183
2.4 2 -0.416313 -0.0529668
2.4 2.2 0.0233666 -0.406675
2.4 2.4 0.395042 0.0189475
2.4 2.6 -0.0342683 0.382635
2.4 2.8 -0.367728 -0.0647071
2.4 3 0.106035 -0.347311
2.4 3.2 0.318177 0.1539
2.4 3.4 -0.203504 0.277698
2.4 3.6 -0.224442 -0.249554
2.4 3.8 0.286496 -0.158624
2.4 4 0.0823883 0.308985
2.4 4.2 -0.312515 -0.000164452
2.4 4.4 0.0832197 -0.294105
2.4 4.6 0.252915 0.159787
2.4 4.8 -0.222493 0.190676
2.4 5 -0.111806 -0.26454
2.4 5.2 0.280716 -0.0231758
2.4 5.4 -0.0665234 0.268294
2.4 5.6 -0.227683 -0.147744
2.4 5.8 0.211274 -0.162687
2.4 6 0.080297 0.249503
2.4 6.2 -0.257566 -0.00999351
2.4 6.4 0.0972973 -0.234196
2.4 6.6 0.18211 0.170727
2.4 6.8 -0.220884 0.107849
2.4 7 -0.0210547 -0.241229
2.4 7.2 0.229105 0.0667509
2.4 7.4 -0.143721 0.186247
2.4 7.6 -0.118672 -0.199354
2.4 7.8 0.226037 -0.0359276
2.4 8 -0.0502121 0.220209
2.4 8.2 -0.182962 -0.127418
2.4 8.4 0.184611 -0.11995
2.4 8.6 0.0406201 0.213627
2.4 8.8 -0.210465 -0.043159
2.4 9 0.118863 -0.175933
2.4 9.2 0.115561 0.175205
2.4 9.4 -0.203868 0.0387851
2.4 9.6 0.0424861 -0.200795
2.4 9.8 0.166833 0.115705
2.6 -10 -0.196954 0.0406167
2.6 -9.8 0.113941 0.168297
2.6 -9.6 0.113527 -0.171232
2.6 -9.4 -0.203712 -0.0406435
2.6 -9.2 0.0396408 0.206306
2.6 -9 0.178371 -0.115518
2.6 -8.8 -0.175843 -0.123748
2.6 -8.6 -0.0501469 0.211763
2.6 -8.4 0.217967 -0.0320252
2.6 -8.2 -0.111202 -0.193398
2.6 -8 -0.141327 0.176322
2.6 -7.8 0.218377 0.0688003
2.6 -7.6 -0.0144241 -0.231608
2.6 -7.4 -0.214214 0.0972892
2.6 -7.2 0.168973 0.168473
2.6 -7 0.100298 -0.220327
2.6 -6.8 -0.245008 -0.0183174
2.6 -6.6 0.0673599 0.240184
2.6 -6.4 0.206714 -0.146506
2.6 -6.2 -0.210065 -0.148843
2.6 -6 -0.0734612 0.251196
2.6 -5.8 0.265952 -0.0109129
2.6 -5.6 -0.0952817 -0.253528
2.6 -5.4 -0.216086 0.171272
2.6 -5.2 0.232053 0.158218
2.6 -5 0.0861607 -0.272968
2.6 -4.8 -0.291823 -0.00689325
2.6 -4.6 0.0727579 0.28884
2.6 -4.4 0.26632 -0.14688
2.6 -4.2 -0.211028 -0.228109
2.6 -4 -0.178964 0.262528
2.6 -3.8 0.30053 0.123923
2.6 -3.6 0.0677753 -0.325856
2.6 -3.4 -0.34068 -0.014695
2.6 -3.2 0.0319094 0.348131
2.6 -3 0.351854 -0.0693212
2.6 -2.8 -0.0952107 -0.35555
2.6 -2.6 -0.362459 0.107123
2.6 -2.4 0.101813 0.374653
2.6 -2.2 0.39185 -0.0746187
2.6 -2 -0.0193332 -0.409392
2.6 -1.8 -0.415099 -0.0702367
2.6 -1.6 -0.194817 0.385774
2.6 -1.4 0.287234 0.337459
2.6 -1.2 0.445056 -0.0880224
2.6 -1 0.198054 -0.419032
2.6 -0.8 -0.162036 -0.44356
2.6 -0.6 -0.399561 -0.265158
2.6 -0.4 -0.481446 -0.0588552
2.6 -0.2 -0.482065 0.0785707
2.6 0 -0.473522 0.124337
2.6 0.2 -0.482065 0.0785707
2.6 0.4 -0.481446 -0.0588552
2.6 0.6 -0.399561 -0.265158
2.6 0.8 -0.162036 -0.44356
2.6 1 0.198054 -0.419032
2.6 1.2 0.445056 -0.0880224
2.6 1.4 0.287234 0.337459
2.6 1.6 -0.194817 0.385774
2.6 1.8 -0.415099 -0.0702367
2.6 2 -0.0193332 -0.409392
2.6 2.2 0.39185 -0.0746187
2.6 2.4 0.101813 0.374653
2.6 2.6 -0.362459 0.107123
2.6 2.8 -0.0952107 -0.35555
2.6 3 0.351854 -0.0693212
2.6 3.2 0.0319094 0.348131
2.6 3.4 -0.34068 -0.014695
2.6 3.6 0.0677753 -0.325856
2.6 3.8 0.30053 0.123923
2.6 4 -0.178964 0.262528
2.6 4.2 -0.211028 -0.228109
2.6 4.4 0.26632 -0.14688
2.6 4.6 0.0727579 0.28884
2.6 4.8 -0.291823 -0.00689325
2.6 5 0.0861607 -0.272968
2.6 5.2 0.232053 0.158218
2.6 5.4 -0.216086 0.171272
2.6 5.6 -0.0952817 -0.253528
2.6 5.8 0.265952 -0.0109129
2.6 6 -0.0734612 0.251196
2.6 6.2 -0.210065 -0.148843
2.6 6.4 0.206714 -0.146506
2.6 6.6 0.0673599 0.240184
2.6 6.8 -0.245008 -0.0183174
2.6 7 0.100298 -0.220327
2.6 7.2 0.168973 0.168473
2.6 7.4 -0.214214 0.0972892
2.6 7.6 -0.0144241 -0.231608
2.6 7.8 0.218377 0.0688003
2.6 8 -0.141327 0.176322
2.6 8.2 -0.111202 -0.193398
2.6 8.4 0.217967 -0.0320252
2.6 8.6 -0.0501469 0.211763
2.6 8.8 -0.175843 -0.123748
2.6 9 0.178371 -0.115518
2.6 9.2 0.0396408 0.206306
2.6 9.4 -0.203712 -0.0406435
2.6 9.6 0.113527 -0.171232
2.6 9.8 0.113941 0.168297
2.8 -10 -0.197358 -0.0394941
2.8 -9.8 0.0376506 0.199891
2.8 -9.6 0.173326 -0.1106
2.8 -9.4 -0.168817 -0.121298
2.8 -9.2 -0.0510702 0.20392
2.8 -9 0.210841 -0.0275616
2.8 -8.8 -0.103695 -0.18849
2.8 -8.6 -0.139831 0.166867
2.8 -8.4 0.208494 0.0713816
2.8 -8.2 -0.00776451 -0.222997
2.8 -8 -0.208471 0.0872333
2.8 -7.8 0.156792 0.166824
2.8 -7.6 0.103398 -0.207687
2.8 -7.4 -0.233719 -0.0261432
2.8 -7.2 0.0555046 0.231921
2.8 -7 0.202776 -0.131881
2.8 -6.8 -0.194293 -0.149975
2.8 -6.6 -0.0797742 0.236021
2.8 -6.4 0.252985 8.45587e-05
2.8 -6.2 -0.0805818 -0.244033
2.8 -6 -0.210837 0.154142
2.8 -5.8 0.213823 0.157449
2.8 -5.6 0.0896164 -0.254799
2.8 -5.4 -0.274516 -0.013957
2.8 -5.2 0.0628689 0.272714
2.8 -5 0.251171 -0.134896
2.8 -4.8 -0.197416 -0.213242
2.8 -4.6 -0.163283 0.247318
2.8 -4.4 0.283202 0.106048
2.8 -4.2 0.0461424 -0.30529
2.8 -4 -0.315181 0.0124005
2.8 -3.8 0.0663835 0.315514
2.8 -3.6 0.309601 -0.113528
2.8 -3.4 -0.15238 -0.301079
2.8 -3.2 -0.293624 0.182044
2.8 -3 0.201771 0.290695
2.8 -2.8 0.295285 -0.210395
2.8 -2.6 -0.205659 -0.30951
2.8 -2.4 -0.33382 0.183509
2.8 -2.2 0.137663 0.365439
2.8 -2 0.395698 -0.0602336
2.8 -1.8 0.0549308 -0.406367
2.8 -1.6 -0.367081 -0.203614
2.8 -1.4 -0.355614 0.240301
2.8 -1.2 0.00609497 0.438087
2.8 -1 0.344427 0.283916
2.8 -0.8 0.45322 -0.0192213
2.8 -0.6 0.372376 -0.269442
2.8 -0.4 0.230121 -0.40304
2.8 -0.2 0.119946 -0.451186
2.8 0 0.0804769 -0.460809
2.8 0.2 0.119946 -0.451186
2.8 0.4 0.230121 -0.40304
2.8 0.6 0.372376 -0.269442
2.8 0.8 0.45322 -0.0192213
2.8 1 0.344427 0.283916
2.8 1.2 0.00609497 0.438087
2.8 1.4 -0.355614 0.240301
2.8 1.6 -0.367081 -0.203614
2.8 1.8 0.0549308 -0.406367
2.8 2 0.395698 -0.0602336
2.8 2.2 0.137663 0.365439
2.8 2.4 -0.33382 0.183509
2.8 2.6 -0.205659 -0.30951
2.8 2.8 0.295285 -0.210395
2.8 3 0.201771 0.290695
2.8 3.2 -0.293624 0.182044
2.8 3.4 -0.15238 -0.301079
2.8 3.6 0.309601 -0.113528
2.8 3.8 0.0663835 0.315514
2.8 4 -0.315181 0.0124005
2.8 4.2 0.0461424 -0.30529
2.8 4.4 0.283202 0.106048
2.8 4.6 -0.163283 0.247318
2.8 4.8 -0.197416 -0.213242
2.8 5 0.251171 -0.134896
2.8 5.2 0.0628689 0.272714
2.8 5.4 -0.274516 -0.013957
2.8 5.6 0.0896164 -0.254799
2.8 5.8 0.213823 0.157449
2.8 6 -0.210837 0.154142
2.8 6.2 -0.0805818 -0.244033
2.8 6.4 0.252985 8.45587e-05
2.8 6.6 -0.0797742 0.236021
2.8 6.8 -0.194293 -0.149975
2.8 7 0.202776 -0.131881
2.8 7.2 0.0555046 0.231921
2.8 7.4 -0.233719 -0.0261432
2.8 7.6 0.103398 -0.207687
2.8 7.8 0.156792 0.166824
2.8 8 -0.208471 0.0872333
2.8 8.2 -0.00776451 -0.222997
2.8 8.4 0.208494 0.0713816
2.8 8.6 -0.139831 0.166867
2.8 8.8 -0.103695 -0.18849
2.8 9 0.210841 -0.0275616
2.8 9.2 -0.0510702 0.20392
2.8 9.4 -0.168817 -0.121298
2.8 9.6 0.173326 -0.1106
2.8 9.8 0.0376506 0.199891
3 -10 -0.16192 -0.119762
3 -9.8 -0.0527007 0.196581
3 -9.6 0.204451 -0.0227359
3 -9.4 -0.0962297 -0.184364
3 -9.2 -0.138972 0.157828
3 -9 0.199293 0.0742959
3 -8.8 -0.00116657 -0.215163
3 -8.6 -0.203406 0.0776425
3 -8.4 0.145404 0.165578
3 -8.2 0.106497 -0.196026
3 -8 -0.223408 -0.0335082
3 -7.8 0.0445491 0.224445
3 -7.6 0.199272 -0.118499
3 -7.4 -0.179965 -0.151078
3 -7.2 -0.0855524 0.222322
3 -7 0.241369 0.0100632
3 -6.8 -0.0673142 -0.235645
3 -6.6 -0.206387 0.138765
3 -6.4 0.197588 0.157168
3 -6.2 0.0932888 -0.238828
3 -6 -0.259642 -0.0210323
3 -5.8 0.0531164 0.259376
3 -5.6 0.239375 -0.123182
3 -5.4 -0.184265 -0.202597
3 -5.2 -0.153085 0.232913
3 -5 0.267279 0.0954055
3 -4.8 0.0341 -0.287091
3 -4.6 -0.293448 0.0267592
3 -4.4 0.0838903 0.288531
3 -4.2 0.275248 -0.134969
3 -4 -0.178648 -0.256903
3 -3.8 -0.236913 0.214439
3 -3.6 0.242483 0.2186
3 -3.4 0.205081 -0.263219
3 -3.2 -0.276969 -0.199211
3 -3 -0.203531 0.283424
3 -2.8 0.28102 0.220099
3 -2.6 0.249983 -0.266245
3 -2.4 -0.233026 -0.292109
3 -2.2 -0.341041 0.172711
3 -2 0.0758623 0.383533
3 -1.8 0.394768 0.0620123
3 -1.6 0.228377 -0.33819
3 -1.4 -0.177863 -0.376301
3 -1.2 -0.415284 -0.0848585
3 -1 -0.353759 0.245927
3 -0.8 -0.122248 0.419493
3 -0.6 0.112328 0.42743
3 -0.4 0.269632 0.354819
3 -0.2 0.347582 0.282502
3 0 0.369669 0.254259
3 0.2 0.347582 0.282502
3 0.4 0.269632 0.354819
3 0.6 0.112328 0.42743
3 0.8 -0.122248 0.419493
3 1 -0.353759 0.245927
3 1.2 -0.415284 -0.0848585
3 1.4 -0.177863 -0.376301
3 1.6 0.228377 -0.33819
3 1.8 0.394768 0.0620123
3 2 0.0758623 0.383533
3 2.2 -0.341041 0.172711
3 2.4 -0.233026 -0.292109
3 2.6 0.249983 -0.266245
3 2.8 0.28102 0.220099
3 3 -0.203531 0.283424
3 3.2 -0.276969 -0.199211
3 3.4 0.205081 -0.263219
3 3.6 0.242483 0.2186
3 3.8 -0.236913 0.214439
3 4 -0.178648 -0.256903
3 4.2 0.275248 -0.134969
3 4.4 0.0838903 0.288531
3 4.6 -0.293448 0.0267592
3 4.8 0.0341 -0.287091
3 5 0.267279 0.0954055
3 5.2 -0.153085 0.232913
3 5.4 -0.184265 -0.202597
3 5.6 0.239375 -0.123182
3 5.8 0.0531164 0.259376
3 6 -0.259642 -0.0210323
3 6.2 0.0932888 -0.238828
3 6.4 0.197588 0.157168
3 6.6 -0.206387 0.138765
3 6.8 -0.0673142 -0.235645
3 7 0.241369 0.0100632
3 7.2 -0.0855524 0.222322
3 7.4 -0.179965 -0.151078
3 7.6 0.199272 -0.118499
3 7.8 0.0445491 0.224445
3 8 -0.223408 -0.0335082
3 8.2 0.106497 -0.196026
3 8.4 0.145404 0.165578
3 8.6 -0.203406 0.0776425
3 8.8 -0.00116657 -0.215163
3 9 0.199293 0.0742959
3 9.2 -0.138972 0.157828
3 9.4 -0.0962297 -0.184364
3 9.6 0.204451 -0.0227359
3 9.8 -0.0527007 0.196581
3.2 -10 -0.088853 -0.180824
3.2 -9.8 -0.138561 0.149158
3.2 -9.6 0.190643 0.077407
3.2 -9.4 0.00531468 -0.207929
3.2 -9.2 -0.198841 0.0684776
3.2 -9 0.134683 0.164597
3.2 -8.8 0.109534 -0.185153
3.2 -8.6 -0.213862 -0.040447
3.2 -8.4 0.0343565 0.217565
3.2 -8.2 0.19607 -0.106136
3.2 -8 -0.16679 -0.15211
3.2 -7.8 -0.0908618 0.209779
3.2 -7.6 0.230789 0.0191986
3.2 -7.4 -0.0552021 -0.22808
3.2 -7.2 -0.202497 0.124778
3.2 -7 0.182903 0.157177
3.2 -6.8 0.0970103 -0.224527
3.2 -6.6 -0.246567 -0.0279618
3.2 -6.4 0.0436663 0.248031
3.2 -6.2 0.229892 -0.111922
3.2 -6 -0.171773 -0.194763
3.2 -5.8 -0.14642 0.219499
3.2 -5.6 0.252897 0.0892721
3.2 -5.4 0.0278361 -0.271287
3.2 -5.2 -0.275367 0.0337275
3.2 -5 0.0919617 0.266943
3.2 -4.8 0.248606 -0.14433
3.2 -4.6 -0.189301 -0.223389
3.2 -4.4 -0.194465 0.226305
3.2 -4.2 0.255596 0.164915
3.2 -4 0.137582 -0.278043
3.2 -3.8 -0.294857 -0.115021
3.2 -3.6 -0.0995306 0.307294
3.2 -3.4 0.316299 0.0932483
3.2 -3.2 0.0982354 -0.322081
3.2 -3 -0.32359 -0.11647
3.2 -2.8 -0.149567 0.317858
3.2 -2.6 0.299298 0.197947
3.2 -2.4 0.25907 -0.259255
3.2 -2.2 -0.18667 -0.324388
3.2 -2 -0.375254 0.0715462
3.2 -1.8 -0.0863804 0.379965
3.2 -1.6 0.297962 0.262474
3.2 -1.4 0.391151 -0.101697
3.2 -1.2 0.176741 -0.370777
3.2 -1 -0.128157 -0.396514
3.2 -0.8 -0.342401 -0.246468
3.2 -0.6 -0.42298 -0.0514144
3.2 -0.4 -0.416512 0.103558
3.2 -0.2 -0.385367 0.1932
3.2 0 -0.370561 0.22151
3.2 0.2 -0.385367 0.1932
3.2 0.4 -0.416512 0.103558
3.2 0.6 -0.42298 -0.0514144
3.2 0.8 -0.342401 -0.246468
3.2 1 -0.128157 -0.396514
3.2 1.2 0.176741 -0.370777
3.2 1.4 0.391151 -0.101697
3.2 1.6 0.297962 0.262474
3.2 1.8 -0.0863804 0.379965
3.2 2 -0.375254 0.0715462
3.2 2.2 -0.18667 -0.324388
3.2 2.4 0.25907 -0.259255
3.2 2.6 0.299298 0.197947
3.2 2.8 -0.149567 0.317858
3.2 3 -0.32359 -0.11647
3.2 3.2 0.0982354 -0.322081
3.2 3.4 0.316299 0.0932483
3.2 3.6 -0.0995306 0.307294
3.2 3.8 -0.294857 -0.115021
3.2 4 0.137582 -0.278043
3.2 4.2 0.255596 0.164915
3.2 4.4 -0.194465 0.226305
3.2 4.6 -0.189301 -0.223389
3.2 4.8 0.248606 -0.14433
3.2 5 0.0919617 0.266943
3.2 5.2 -0.275367 0.0337275
3.2 5.4 0.0278361 -0.271287
3.2 5.6 0.252897 0.0892721
3.2 5.8 -0.14642 0.219499
3.2 6 -0.171773 -0.194763
3.2 6.2 0.229892 -0.111922
3.2 6.4 0.0436663 0.248031
3.2 6.6 -0.246567 -0.0279618
3.2 6.8 0.0970103 -0.224527
3.2 7 0.182903 0.157177
3.2 7.2 -0.202497 0.124778
3.2 7.4 -0.0552021 -0.22808
3.2 7.6 0.230789 0.0191986
3.2 7.8 -0.0908618 0.209779
3.2 8 -0.16679 -0.15211
3.2 8.2 0.19607 -0.106136
3.2 8.4 0.0343565 0.217565
3.2 8.6 -0.213862 -0.040447
3.2 8.8 0.109534 -0.185153
3.2 9 0.134683 0.164597
3.2 9.2 -0.198841 0.0684776
3.2 9.4 0.00531468 -0.207929
3.2 9.6 0.190643 0.077407
3.2 9.8 -0.138561 0.149158
3.4 -10 0.0116455 -0.201163
3.4 -9.8 -0.194643 0.0597026
3.4 -9.6 0.12453 0.16378
3.4 -9.4 0.112466 -0.174928
3.4 -9.2 -0.204925 -0.0469901
3.4 -9 0.0248215 0.211139
3.4 -8.8 0.193075 -0.0946215
3.4 -8.6 -0.154557 -0.153044
3.4 -8.4 -0.0957516 0.198162
3.4 -8.2 0.221019 0.0276197
3.4 -8 -0.044044 -0.221136
3.4 -7.8 -0.199 0.111915
3.4 -7.6 0.16945 0.157346
3.4 -7.4 0.100683 -0.211526
3.4 -7.2 -0.234854 -0.0346685
3.4 -7 0.0345821 0.238146
3.4 -6.8 0.222047 -0.101167
3.4 -6.6 -0.159962 -0.188854
3.4 -6.4 -0.142099 0.207041
3.4 -6.2 0.239907 0.0860466
3.4 -6 0.0251857 -0.257547
3.4 -5.8 -0.260324 0.0362349
3.4 -5.6 0.0945741 0.249745
3.4 -5.4 0.228158 -0.147049
3.4 -5.2 -0.19186 -0.198411
3.4 -5 -0.16354 0.228196
3.4 -4.8 0.256146 0.126501
3.4 -4.6 0.0899816 -0.276535
3.4 -4.4 -0.290729 -0.0562997
3.4 -4.2 -0.0273941 0.300407
3.4 -4 0.307339 0.00489405
3.4 -3.8 -0.00974445 -0.31315
3.4 -3.6 -0.319065 0.0150624
3.4 -3.4 0.00942381 0.325589
3.4 -3.2 0.332083 0.00908148
3.4 -3 0.0425262 -0.336172
3.4 -2.8 -0.333004 -0.0925926
3.4 -2.6 -0.159228 0.314528
3.4 -2.4 0.269369 0.238089
3.4 -2.2 0.316642 -0.184549
3.4 -2 -0.0512212 -0.3699
3.4 -1.8 -0.359622 -0.123426
3.4 -1.6 -0.29921 0.245046
3.4 -1.4 0.0151334 0.392638
3.4 -1.2 0.302077 0.260134
3.4 -1 0.403785 -0.000267267
3.4 -0.8 0.338076 -0.228781
3.4 -0.6 0.199505 -0.360238
3.4 -0.4 0.0683052 -0.408753
3.4 -0.2 -0.016783 -0.415683
3.4 0 -0.0454407 -0.414073
3.4 0.2 -0.016783 -0.415683
3.4 0.4 0.0683052 -0.408753
3.4 0.6 0.199505 -0.360238
3.4 0.8 0.338076 -0.228781
3.4 1 0.403785 -0.000267267
3.4 1.2 0.302077 0.260134
3.4 1.4 0.0151334 0.392638
3.4 1.6 -0.29921 0.245046
3.4 1.8 -0.359622 -0.123426
3.4 2 -0.0512212 -0.3699
3.4 2.2 0.316642 -0.184549
3.4 2.4 0.269369 0.238089
3.4 2.6 -0.159228 0.314528
3.4 2.8 -0.333004 -0.0925926
3.4 3 0.0425262 -0.336172
3.4 3.2 0.332083 0.00908148
3.4 3.4 0.00942381 0.325589
3.4 3.6 -0.319065 0.0150624
3.4 3.8 -0.00974445 -0.31315
3.4 4 0.307339 0.00489405
3.4 4.2 -0.0273941 0.300407
3.4 4.4 -0.290729 -0.0562997
3.4 4.6 0.0899816 -0.276535
3.4 4.8 0.256146 0.126501
3.4 5 -0.16354 0.228196
3.4 5.2 -0.19186 -0.198411
3.4 5.4 0.228158 -0.147049
3.4 5.6 0.0945741 0.249745
3.4 5.8 -0.260324 0.0362349
3.4 6 0.0251857 -0.257547
3.4 6.2 0.239907 0.0860466
3.4 6.4 -0.142099 0.207041
3.4 6.6 -0.159962 -0.188854
3.4 6.8 0.222047 -0.101167
3.4 7 0.0345821 0.238146
3.4 7.2 -0.234854 -0.0346685
3.4 7.4 0.100683 -0.211526
3.4 7.6 0.16945 0.157346
3.4 7.8 -0.199 0.111915
3.4 8 -0.044044 -0.221136
3.4 8.2 0.221019 0.0276197
3.4 8.4 -0.0957516 0.198162
3.4 8.6 -0.154557 -0.153044
3.4 8.8 0.193075 -0.0946215
3.4 9 0.0248215 0.211139
3.4 9.2 -0.204925 -0.0469901
3.4 9.4 0.112466 -0.174928
3.4 9.6 0.12453 0.16378
3.4 9.8 -0.194643 0.0597026
3.6 -10 0.115263 -0.165241
3.6 -9.8 -0.196478 -0.0531639
3.6 -9.6 0.0158621 0.205062
3.6 -9.4 0.190214 -0.0838267
3.6 -9.2 -0.143104 -0.153857
3.6 -9 -0.10026 0.187295
3.6 -8.8 0.21189 0.0354233
3.6 -8.6 -0.0336896 -0.214665
3.6 -8.4 -0.195777 0.0999821
3.6 -8.2 0.156998 0.157587
3.6 -8 0.104246 -0.199556
3.6 -7.8 -0.224191 -0.041116
3.6 -7.6 0.0258807 0.229353
3.6 -7.4 0.215383 -0.09091
3.6 -7.2 -0.148793 -0.18429
3.6 -7 -0.139371 0.195437
3.6 -6.8 0.228104 0.0847461
3.6 -6.6 0.024863 -0.245496
3.6 -6.4 -0.247693 0.0359601
3.6 -6.2 0.0939187 0.235953
3.6 -6 0.21243 -0.145997
3.6 -5.8 -0.190125 -0.179847
3.6 -5.6 -0.141172 0.225218
3.6 -5.4 0.25112 0.0993381
3.6 -5.2 0.0570124 -0.268475
3.6 -5 -0.278546 -0.0164572
3.6 -4.8 0.0205341 0.283025
3.6 -4.6 0.283839 -0.0526203
3.6 -4.4 -0.0788257 -0.282979
3.6 -4.2 -0.282346 0.0983964
3.6 -4 0.110613 0.283609
3.6 -3.8 0.288046 -0.114577
3.6 -3.6 -0.108997 -0.296327
3.6 -3.4 -0.308178 0.0920269
3.6 -3.2 0.0612489 0.321874
3.6 -3 0.333502 -0.0139923
3.6 -2.8 0.0517102 -0.336084
3.6 -2.6 -0.318914 -0.135103
3.6 -2.4 -0.229262 0.268011
3.6 -2.2 0.169437 0.316504
3.6 -2 0.364782 -0.0178471
3.6 -1.8 0.168578 -0.330778
3.6 -1.6 -0.179036 -0.331817
3.6 -1.4 -0.374739 -0.0764941
3.6 -1.2 -0.325207 0.21063
3.6 -1 -0.125278 0.371354
3.6 -0.8 0.0915477 0.385
3.6 -0.6 0.249104 0.311444
3.6 -0.4 0.336047 0.218914
3.6 -0.2 0.373029 0.151
3.6 0 0.382422 0.126785
3.6 0.2 0.373029 0.151
3.6 0.4 0.336047 0.218914
3.6 0.6 0.249104 0.311444
3.6 0.8 0.0915477 0.385
3.6 1 -0.125278 0.371354
3.6 1.2 -0.325207 0.21063
3.6 1.4 -0.374739 -0.0764941
3.6 1.6 -0.179036 -0.331817
3.6 1.8 0.168578 -0.330778
3.6 2 0.364782 -0.0178471
3.6 2.2 0.169437 0.316504
3.6 2.4 -0.229262 0.268011
3.6 2.6 -0.318914 -0.135103
3.6 2.8 0.0517102 -0.336084
3.6 3 0.333502 -0.0139923
3.6 3.2 0.0612489 0.321874
3.6 3.4 -0.308178 0.0920269
3.6 3.6 -0.108997 -0.296327
3.6 3.8 0.288046 -0.114577
3.6 4 0.110613 0.283609
3.6 4.2 -0.282346 0.0983964
3.6 4.4 -0.0788257 -0.282979
3.6 4.6 0.283839 -0.0526203
3.6 4.8 0.0205341 0.283025
3.6 5 -0.278546 -0.0164572
3.6 5.2 0.0570124 -0.268475
3.6 5.4 0.25112 0.0993381
3.6 5.6 -0.141172 0.225218
3.6 5.8 -0.190125 -0.179847
3.6 6 0.21243 -0.145997
3.6 6.2 0.0939187 0.235953
3.6 6.4 -0.247693 0.0359601
3.6 6.6 0.024863 -0.245496
3.6 6.8 0.228104 0.0847461
3.6 7 -0.139371 0.195437
3.6 7.2 -0.148793 -0.18429
3.6 7.4 0.215383 -0.09091
3.6 7.6 0.0258807 0.229353
3.6 7.8 -0.224191 -0.041116
3.6 8 0.104246 -0.199556
3.6 8.2 0.156998 0.157587
3.6 8.4 -0.195777 0.0999821
3.6 8.6 -0.0336896 -0.214665
3.6 8.8 0.21189 0.0354233
3.6 9 -0.10026 0.187295
3.6 9.2 -0.143104 -0.153857
3.6 9.4 0.190214 -0.0838267
3.6 9.6 0.0158621 0.205062
3.6 9.8 -0.196478 -0.0531639
3.8 -10 0.187436 -0.0736514
3.8 -9.8 -0.132308 -0.154537
3.8 -9.6 -0.104416 0.177047
3.8 -9.4 0.203277 0.0426837
3.8 -9.2 -0.0240248 -0.208557
3.8 -9 -0.19274 0.0888314
3.8 -8.8 0.145369 0.157839
3.8 -8.6 0.107663 -0.188418
3.8 -8.4 -0.214353 -0.0472889
3.8 -8.2 0.0175572 0.221388
3.8 -8 0.209586 -0.0811246
3.8 -7.8 -0.138204 -0.180681
3.8 -7.6 -0.137745 0.184573
3.8 -7.4 0.217285 0.0847438
3.8 -7.2 0.0260728 -0.2348
3.8 -7 -0.236949 0.0339061
3.8 -6.8 0.0912538 0.224771
3.8 -6.6 0.200255 -0.14275
3.8 -6.4 -0.186079 -0.166028
3.8 -6.2 -0.125033 0.219895
3.8 -6 0.243797 0.0802287
3.8 -5.8 0.034346 -0.258218
3.8 -5.6 -0.26426 0.0102902
3.8 -5.4 0.0518613 0.263512
3.8 -5.2 0.257861 -0.089082
3.8 -5 -0.12116 -0.249329
3.8 -4.8 -0.239929 0.147702
3.8 -4.6 0.168574 0.231576
3.8 -4.4 0.226008 -0.183732
3.8 -4.2 -0.193023 -0.22473
3.8 -4 -0.228943 0.195971
3.8 -3.8 0.191557 0.239414
3.8 -3.6 0.256227 -0.178015
3.8 -3.4 -0.152723 -0.278347
3.8 -3.2 -0.302938 0.112325
3.8 -3 0.0533345 0.324423
3.8 -2.8 0.333486 0.026372
3.8 -2.6 0.124716 -0.316631
3.8 -2.4 -0.257641 -0.231068
3.8 -2.2 -0.321377 0.143087
3.8 -2 -0.0259532 0.356435
3.8 -1.8 0.29077 0.216927
3.8 -1.6 0.35371 -0.101206
3.8 -1.4 0.165986 -0.333696
3.8 -1.2 -0.101912 -0.36305
3.8 -1 -0.300236 -0.234523
3.8 -0.8 -0.380752 -0.0520668
3.8 -0.6 -0.371928 0.10681
3.8 -0.4 -0.325409 0.212973
3.8 -0.2 -0.28257 0.268932
3.8 0 -0.266036 0.285841
3.8 0.2 -0.28257 0.268932
3.8 0.4 -0.325409 0.212973
3.8 0.6 -0.371928 0.10681
3.8 0.8 -0.380752 -0.0520668
3.8 1 -0.300236 -0.234523
3.8 1.2 -0.101912 -0.36305
3.8 1.4 0.165986 -0.333696
3.8 1.6 0.35371 -0.101206
3.8 1.8 0.29077 0.216927
3.8 2 -0.0259532 0.356435
3.8 2.2 -0.321377 0.143087
3.8 2.4 -0.257641 -0.231068
3.8 2.6 0.124716 -0.316631
3.8 2.8 0.333486 0.026372
3.8 3 0.0533345 0.324423
3.8 3.2 -0.302938 0.112325
3.8 3.4 -0.152723 -0.278347
3.8 3.6 0.256227 -0.178015
3.8 3.8 0.191557 0.239414
3.8 4 -0.228943 0.195971
3.8 4.2 -0.193023 -0.22473
3.8 4.4 0.226008 -0.183732
3.8 4.6 0.168574 0.231576
3.8 4.8 -0.239929 0.147702
3.8 5 -0.12116 -0.249329
3.8 5.2 0.257861 -0.089082
3.8 5.4 0.0518613 0.263512
3.8 5.6 -0.26426 0.0102902
3.8 5.8 0.034346 -0.258218
3.8 6 0.243797 0.0802287
3.8 6.2 -0.125033 0.219895
3.8 6.4 -0.186079 -0.166028
3.8 6.6 0.200255 -0.14275
3.8 6.8 0.0912538 0.224771
3.8 7 -0.236949 0.0339061
3.8 7.2 0.0260728 -0.2348
3.8 7.4 0.217285 0.0847438
3.8 7.6 -0.137745 0.184573
3.8 7.8 -0.138204 -0.180681
3.8 8 0.209586 -0.0811246
3.8 8.2 0.0175572 0.221388
3.8 8.4 -0.214353 -0.0472889
3.8 8.6 0.107663 -0.188418
3.8 8.8 0.145369 0.157839
3.8 9 -0.19274 0.0888314
3.8 9.2 -0.0240248 -0.208557
3.8 9.4 0.203277 0.0426837
3.8 9.6 -0.104416 0.177047
3.8 9.8 -0.132308 -0.154537
4 -10 0.19508 0.0494586
4 -9.8 -0.0149611 -0.202727
4 -9.6 -0.189825 0.0783492
4 -9.4 0.134432 0.158059
4 -9.2 0.110912 -0.177959
4 -9 -0.20517 -0.053183
4 -8.8 0.00959786 0.214058
4 -8.6 0.204429 -0.0717762
4 -8.4 -0.128133 -0.177755
4 -8.2 -0.136884 0.174341
4 -8 0.207278 0.0856263
4 -7.8 0.0283059 -0.225188
4 -7.6 -0.227677 0.0306941
4 -7.4 0.087329 0.215585
4 -7.2 0.190753 -0.138206
4 -7 -0.180791 -0.155725
4 -6.8 -0.11343 0.213506
4 -6.6 0.235723 0.0668775
4 -6.4 0.0188955 -0.247674
4 -6.2 -0.250305 0.0280692
4 -6 0.0720816 0.245091
4 -5.8 0.233846 -0.111776
4 -5.6 -0.146348 -0.218549
4 -5.4 -0.201201 0.175498
4 -5.2 0.199325 0.183714
4 -5 0.167847 -0.218201
4 -4.8 -0.232621 -0.155184
4 -4.6 -0.147131 0.243037
4 -4.4 0.249684 0.144926
4 -4.2 0.14964 -0.252386
4 -4 -0.25034 -0.162108
4 -3.8 -0.182763 0.241906
4 -3.6 0.22442 0.211279
4 -3.4 0.245962 -0.194152
4 -3.2 -0.146611 -0.28282
4 -3 -0.314406 0.077541
4 -2.8 -0.0148993 0.328787
4 -2.6 0.309631 0.126364
4 -2.4 0.24119 -0.239196
4 -2.2 -0.106607 -0.327973
4 -2 -0.341246 -0.0773354
4 -1.8 -0.263104 0.237936
4 -1.6 0.0148598 0.359003
4 -1.4 0.268695 0.244912
4 -1.2 0.367128 0.0150274
4 -1 0.314203 -0.197005
4 -0.8 0.183067 -0.32586
4 -0.6 0.0447099 -0.373422
4 -0.4 -0.0616384 -0.372724
4 -0.2 -0.124459 -0.357788
4 0 -0.144818 -0.350416
4 0.2 -0.124459 -0.357788
4 0.4 -0.0616384 -0.372724
4 0.6 0.0447099 -0.373422
4 0.8 0.183067 -0.32586
4 1 0.314203 -0.197005
4 1.2 0.367128 0.0150274
4 1.4 0.268695 0.244912
4 1.6 0.0148598 0.359003
4 1.8 -0.263104 0.237936
4 2 -0.341246 -0.0773354
4 2.2 -0.106607 -0.327973
4 2.4 0.24119 -0.239196
4 2.6 0.309631 0.126364
4 2.8 -0.0148993 0.328787
4 3 -0.314406 0.077541
4 3.2 -0.146611 -0.28282
4 3.4 0.245962 -0.194152
4 3.6 0.22442 0.211279
4 3.8 -0.182763 0.241906
4 4 -0.25034 -0.162108
4 4.2 0.14964 -0.252386
4 4.4 0.249684 0.144926
4 4.6 -0.147131 0.243037
4 4.8 -0.232621 -0.155184
4 5 0.167847 -0.218201
4 5.2 0.199325 0.183714
4 5.4 -0.201201 0.175498
4 5.6 -0.146348 -0.218549
4 5.8 0.233846 -0.111776
4 6 0.0720816 0.245091
4 6.2 -0.250305 0.0280692
4 6.4 0.0188955 -0.247674
4 6.6 0.235723 0.0668775
4 6.8 -0.11343 0.213506
4 7 -0.180791 -0.155725
4 7.2 0.190753 -0.138206
4 7.4 0.087329 0.215585
4 7.6 -0.227677 0.0306941
4 7.8 0.0283059 -0.225188
4 8 0.207278 0.0856263
4 8.2 -0.136884 0.174341
4 8.4 -0.128133 -0.177755
4 8.6 0.204429 -0.0717762
4 8.8 0.00959786 0.214058
4 9 -0.20517 -0.053183
4 9.2 0.110912 -0.177959
4 9.4 0.134432 0.158059
4 9.6 -0.189825 0.0783492
4 9.8 -0.0149611 -0.202727
4.2 -10 0.124082 0.158214
4.2 -9.8 0.113977 -0.168065
4.2 -9.6 -0.196513 -0.0587995
4.2 -9.4 0.0019857 0.207221
4.2 -9.2 0.199747 -0.06283
4.2 -9 -0.118521 -0.175318
4.2 -8.8 -0.136556 0.16465
4.2 -8.6 0.197941 0.0871128
4.2 -8.4 0.0312261 -0.216442
4.2 -8.2 -0.219554 0.0267212
4.2 -8 0.0826053 0.207932
4.2 -7.8 0.183275 -0.132889
4.2 -7.6 -0.17485 -0.148045
4.2 -7.4 -0.105159 0.206703
4.2 -7.2 0.227616 0.0576793
4.2 -7 0.00853983 -0.237644
4.2 -6.8 -0.237589 0.0396709
4.2 -6.6 0.0848628 0.228827
4.2 -6.4 0.213115 -0.125526
4.2 -6.2 -0.160749 -0.192403
4.2 -6 -0.168678 0.190179
4.2 -5.8 0.213947 0.143834
4.2 -5.6 0.119596 -0.232557
4.2 -5.4 -0.246768 -0.0974761
4.2 -5.2 -0.0787798 0.257468
4.2 -5 0.265536 0.0646368
4.2 -4.8 0.056056 -0.271717
4.2 -4.6 -0.276475 -0.0539843
4.2 -4.4 -0.0593483 0.279835
4.2 -4.2 0.281189 0.0730462
4.2 -4 0.0958421 -0.279082
4.2 -3.8 -0.270975 -0.128095
4.2 -3.6 -0.169239 0.253077
4.2 -3.4 0.220391 0.216928
4.2 -3.2 0.265836 -0.167271
4.2 -3 -0.0889522 -0.306305
4.2 -2.8 -0.323479 -0.0154219
4.2 -2.6 -0.13804 0.298322
4.2 -2.4 0.212747 0.256851
4.2 -2.2 0.332662 -0.061063
4.2 -2 0.132865 -0.315973
4.2 -1.8 -0.172138 -0.30143
4.2 -1.6 -0.343185 -0.0746707
4.2 -1.4 -0.304627 0.182295
4.2 -1.2 -0.128617 0.33457
4.2 -1 0.0732364 0.353968
4.2 -0.8 0.228166 0.283646
4.2 -0.6 0.317464 0.182276
4.2 -0.4 0.355842 0.0920725
4.2 -0.2 0.366924 0.0336674
4.2 0 0.36851 0.0138083
4.2 0.2 0.366924 0.0336674
4.2 0.4 0.355842 0.0920725
4.2 0.6 0.317464 0.182276
4.2 0.8 0.228166 0.283646
4.2 1 0.0732364 0.353968
4.2 1.2 -0.128617 0.33457
4.2 1.4 -0.304627 0.182295
4.2 1.6 -0.343185 -0.0746707
4.2 1.8 -0.172138 -0.30143
4.2 2 0.132865 -0.315973
4.2 2.2 0.332662 -0.061063
4.2 2.4 0.212747 0.256851
4.2 2.6 -0.13804 0.298322
4.2 2.8 -0.323479 -0.0154219
4.2 3 -0.0889522 -0.306305
4.2 3.2 0.265836 -0.167271
4.2 3.4 0.220391 0.216928
4.2 3.6 -0.169239 0.253077
4.2 3.8 -0.270975 -0.128095
4.2 4 0.0958421 -0.279082
4.2 4.2 0.281189 0.0730462
4.2 4.4 -0.0593483 0.279835
4.2 4.6 -0.276475 -0.0539843
4.2 4.8 0.056056 -0.271717
4.2 5 0.265536 0.0646368
4.2 5.2 -0.0787798 0.257468
4.2 5.4 -0.246768 -0.0974761
4.2 5.6 0.119596 -0.232557
4.2 5.8 0.213947 0.143834
4.2 6 -0.168678 0.190179
4.2 6.2 -0.160749 -0.192403
4.2 6.4 0.213115 -0.125526
4.2 6.6 0.0848628 0.228827
4.2 6.8 -0.237589 0.0396709
4.2 7 0.00853983 -0.237644
4.2 7.2 0.227616 0.0576793
4.2 7.4 -0.105159 0.206703
4.2 7.6 -0.17485 -0.148045
4.2 7.8 0.183275 -0.132889
4.2 8 0.0826053 0.207932
4.2 8.2 -0.219554 0.0267212
4.2 8.4 0.0312261 -0.216442
4.2 8.6 0.197941 0.0871128
4.2 8.8 -0.136556 0.16465
4.2 9 -0.118521 -0.175318
4.2 9.2 0.199747 -0.06283
4.2 9.4 0.0019857 0.207221
4.2 9.6 -0.196513 -0.0587995
4.2 9.8 0.113977 -0.168065
4.4 -10 -0.00529672 0.200766
4.4 -9.8 0.195419 -0.054254
4.4 -9.6 -0.109319 -0.173227
4.4 -9.4 -0.136595 0.155422
4.4 -9.2 0.189155 0.0890076
4.4 -9 0.034605 -0.208389
4.4 -8.8 -0.212332 0.022249
4.4 -8.6 0.0773745 0.201462
4.4 -8.4 0.177338 -0.127115
4.4 -8.2 -0.168587 -0.142338
4.4 -8 -0.0993609 0.199818
4.4 -7.8 0.219797 0.0515123
4.4 -7.6 0.00182775 -0.228415
4.4 -7.4 -0.226352 0.0469634
4.4 -7.2 0.0926077 0.2149
4.4 -7 0.195777 -0.13343
4.4 -6.8 -0.168369 -0.170929
4.4 -6.6 -0.142361 0.19696
4.4 -6.4 0.219268 0.111987
4.4 -6.2 0.0815355 -0.235793
4.4 -6 -0.247362 -0.0524874
4.4 -5.8 -0.026058 0.255016
4.4 -5.6 0.259897 0.00321916
4.4 -5.4 -0.015251 -0.263146
4.4 -5.2 -0.265812 0.0286949
4.4 -5 0.0364896 0.268755
4.4 -4.8 0.27255 -0.0379602
4.4 -4.6 -0.0323082 -0.277357
4.4 -4.4 -0.282762 0.0185806
4.4 -4.2 -0.00428154 0.287563
4.4 -4 0.289507 0.0372533
4.4 -3.8 0.0808118 -0.285028
4.4 -3.6 -0.269083 -0.134196
4.4 -3.4 -0.194266 0.235342
4.4 -3.2 0.177113 0.254023
4.4 -3 0.301155 -0.0895719
4.4 -2.8 0.0262081 -0.317625
4.4 -2.6 -0.282153 -0.157582
4.4 -2.4 -0.274947 0.178064
4.4 -2.2 0.0079493 0.331757
4.4 -2 0.278201 0.188371
4.4 -1.8 0.326322 -0.0951058
4.4 -1.6 0.160404 -0.303836
4.4 -1.4 -0.0804535 -0.337514
4.4 -1.2 -0.267041 -0.226302
4.4 -1 -0.348264 -0.0559024
4.4 -0.8 -0.340052 0.101902
4.4 -0.6 -0.285162 0.214454
4.4 -0.4 -0.22281 0.280366
4.4 -0.2 -0.177735 0.311821
4.4 0 -0.16164 0.32076
4.4 0.2 -0.177735 0.311821
4.4 0.4 -0.22281 0.280366
4.4 0.6 -0.285162 0.214454
4.4 0.8 -0.340052 0.101902
4.4 1 -0.348264 -0.0559024
4.4 1.2 -0.267041 -0.226302
4.4 1.4 -0.0804535 -0.337514
4.4 1.6 0.160404 -0.303836
4.4 1.8 0.326322 -0.0951058
4.4 2 0.278201 0.188371
4.4 2.2 0.0079493 0.331757
4.4 2.4 -0.274947 0.178064
4.4 2.6 -0.282153 -0.157582
4.4 2.8 0.0262081 -0.317625
4.4 3 0.301155 -0.0895719
4.4 3.2 0.177113 0.254023
4.4 3.4 -0.194266 0.235342
4.4 3.6 -0.269083 -0.134196
4.4 3.8 0.0808118 -0.285028
4.4 4 0.289507 0.0372533
4.4 4.2 -0.00428154 0.287563
4.4 4.4 -0.282762 0.0185806
4.4 4.6 -0.0323082 -0.277357
4.4 4.8 0.27255 -0.0379602
4.4 5 0.0364896 0.268755
4.4 5.2 -0.265812 0.0286949
4.4 5.4 -0.015251 -0.263146
4.4 5.6 0.259897 0.00321916
4.4 5.8 -0.026058 0.255016
4.4 6 -0.247362 -0.0524874
4.4 6.2 0.0815355 -0.235793
4.4 6.4 0.219268 0.111987
4.4 6.6 -0.142361 0.19696
4.4 6.8 -0.168369 -0.170929
4.4 7 0.195777 -0.13343
4.4 7.2 0.0926077 0.2149
4.4 7.4 -0.226352 0.0469634
4.4 7.6 0.00182775 -0.228415
4.4 7.8 0.219797 0.0515123
4.4 8 -0.0993609 0.199818
4.4 8.2 -0.168587 -0.142338
4.4 8.4 0.177338 -0.127115
4.4 8.6 0.0773745 0.201462
4.4 8.8 -0.212332 0.022249
4.4 9 0.034605 -0.208389
4.4 9.2 0.189155 0.0890076
4.4 9.4 -0.136595 0.155422
4.4 9.6 -0.109319 -0.173227
4.4 9.8 0.195419 -0.054254
4.6 -10 -0.13688 0.146592
4.6 -9.8 0.180827 0.0911713
4.6 -9.6 0.0382839 -0.200893
4.6 -9.4 -0.205818 0.0174537
4.6 -9.2 0.0718259 0.195908
4.6 -9 0.172581 -0.121079
4.6 -8.8 -0.162187 -0.138128
4.6 -8.6 -0.0954162 0.193016
4.6 -8.4 0.212386 0.0475854
4.6 -8.2 -0.00224171 -0.220045
4.6 -8 -0.216558 0.0512051
4.6 -7.8 0.0968939 0.203148
4.6 -7.6 0.181506 -0.137467
4.6 -7.4 -0.171705 -0.153595
4.6 -7.2 -0.121459 0.199008
4.6 -7 0.21934 0.0870741
4.6 -6.8 0.0522205 -0.233142
4.6 -6.6 -0.241228 -0.0184084
4.6 -6.4 0.0131598 0.24467
4.6 -6.2 0.244695 -0.0415879
4.6 -6 -0.0662517 -0.242586
4.6 -5.8 -0.239606 0.0867395
4.6 -5.6 0.102772 0.236934
4.6 -5.4 0.23561 -0.114113
4.6 -5.2 -0.120468 -0.236485
4.6 -5 -0.240162 0.12139
4.6 -4.8 0.116187 0.246901
4.6 -4.6 0.256493 -0.103869
4.6 -4.4 -0.0831424 -0.268054
4.6 -4.2 -0.279758 0.0525256
4.6 -4 0.0106463 0.288505
4.6 -3.8 0.289611 0.0431574
4.6 -3.6 0.10783 -0.276691
4.6 -3.4 -0.242065 -0.17914
4.6 -3.2 -0.247934 0.178216
4.6 -3 0.0809125 0.298773
4.6 -2.8 0.310361 0.0456753
4.6 -2.6 0.182648 -0.260093
4.6 -2.4 -0.135077 -0.292129
4.6 -2.2 -0.321814 -0.0504961
4.6 -2 -0.239037 0.226782
4.6 -1.8 0.0105502 0.332881
4.6 -1.6 0.241221 0.234423
4.6 -1.4 0.338263 0.027938
4.6 -1.2 0.296382 -0.170968
4.6 -1 0.173746 -0.297547
4.6 -0.8 0.0343241 -0.34488
4.6 -0.6 -0.0819813 -0.338405
4.6 -0.4 -0.161305 -0.309898
4.6 -0.2 -0.205089 -0.28371
4.6 0 -0.218826 -0.273559
4.6 0.2 -0.205089 -0.28371
4.6 0.4 -0.161305 -0.309898
4.6 0.6 -0.0819813 -0.338405
4.6 0.8 0.0343241 -0.34488
4.6 1 0.173746 -0.297547
4.6 1.2 0.296382 -0.170968
4.6 1.4 0.338263 0.027938
4.6 1.6 0.241221 0.234423
4.6 1.8 0.0105502 0.332881
4.6 2 -0.239037 0.226782
4.6 2.2 -0.321814 -0.0504961
4.6 2.4 -0.135077 -0.292129
4.6 2.6 0.182648 -0.260093
4.6 2.8 0.310361 0.0456753
4.6 3 0.0809125 0.298773
4.6 3.2 -0.247934 0.178216
4.6 3.4 -0.242065 -0.17914
4.6 3.6 0.10783 -0.276691
4.6 3.8 0.289611 0.0431574
4.6 4 0.0106463 0.288505
4.6 4.2 -0.279758 0.0525256
4.6 4.4 -0.0831424 -0.268054
4.6 4.6 0.256493 -0.103869
4.6 4.8 0.116187 0.246901
4.6 5 -0.240162 0.12139
4.6 5.2 -0.120468 -0.236485
4.6 5.4 0.23561 -0.114113
4.6 5.6 0.102772 0.236934
4.6 5.8 -0.239606 0.0867395
4.6 6 -0.0662517 -0.242586
4.6 6.2 0.244695 -0.0415879
4.6 6.4 0.0131598 0.24467
4.6 6.6 -0.241228 -0.0184084
4.6 6.8 0.0522205 -0.233142
4.6 7 0.21934 0.0870741
4.6 7.2 -0.121459 0.199008
4.6 7.4 -0.171705 -0.153595
4.6 7.6 0.181506 -0.137467
4.6 7.8 0.0968939 0.203148
4.6 8 -0.216558 0.0512051
4.6 8.2 -0.00224171 -0.220045
4.6 8.4 0.212386 0.0475854
4.6 8.6 -0.0954162 0.193016
4.6 8.8 -0.162187 -0.138128
4.6 9 0.172581 -0.121079
4.6 9.2 0.0718259 0.195908
4.6 9.4 -0.205818 0.0174537
4.6 9.6 0.0382839 -0.200893
4.6 9.8 0.180827 0.0911713
4.8 -10 -0.199862 0.0124573
4.8 -9.8 0.0660849 0.191065
4.8 -9.6 0.168733 -0.114901
4.8 -9.4 -0.155757 -0.13506
4.8 -9.2 -0.0928742 0.18637
4.8 -9 0.205411 0.0453331
4.8 -8.8 -0.00436824 -0.212489
4.8 -8.6 -0.208065 0.053254
4.8 -8.4 0.0987683 0.193299
4.8 -8.2 0.169862 -0.138912
4.8 -8 -0.172314 -0.139741
4.8 -7.8 -0.10504 0.198236
4.8 -7.6 0.216534 0.0678141
4.8 -7.4 0.0299316 -0.227574
4.8 -7.2 -0.232128 0.00701955
4.8 -7 0.0417859 0.231263
4.8 -6.8 0.226227 -0.0734638
4.8 -6.6 -0.10148 -0.21835
4.8 -6.4 -0.208966 0.125549
4.8 -6.2 0.145603 0.199346
4.8 -6 0.190667 -0.161718
4.8 -5.8 -0.174026 -0.18398
4.8 -5.6 -0.180199 0.182617
4.8 -5.4 0.18745 0.180087
4.8 -5.2 0.184227 -0.188252
4.8 -5 -0.184428 -0.192969
4.8 -4.8 -0.206318 0.174979
4.8 -4.6 0.158461 0.223764
4.8 -4.4 0.244008 -0.133025
4.8 -4.2 -0.0966027 -0.264608
4.8 -4 -0.281562 0.0473501
4.8 -3.8 -0.015524 0.288963
4.8 -3.6 0.278982 0.0904334
4.8 -3.4 0.171611 -0.242627
4.8 -3.2 -0.171918 -0.247191
4.8 -3 -0.298186 0.0640791
4.8 -2.8 -0.0722631 0.300277
4.8 -2.6 0.231028 0.210644
4.8 -2.4 0.304913 -0.0842482
4.8 -2.2 0.111143 -0.299981
4.8 -2 -0.162179 -0.279704
4.8 -1.8 -0.317578 -0.0759941
4.8 -1.6 -0.288862 0.158616
4.8 -1.4 -0.132018 0.304946
4.8 -1.2 0.0570335 0.329871
4.8 -1 0.208577 0.264595
4.8 -0.8 0.298383 0.160334
4.8 -0.6 0.335184 0.0580461
4.8 -0.4 0.340613 -0.0203392
4.8 -0.2 0.335115 -0.0675415
4.8 0 0.331819 -0.0831004
4.8 0.2 0.335115 -0.0675415
4.8 0.4 0.340613 -0.0203392
4.8 0.6 0.335184 0.0580461
4.8 0.8 0.298383 0.160334
4.8 1 0.208577 0.264595
4.8 1.2 0.0570335 0.329871
4.8 1.4 -0.132018 0.304946
4.8 1.6 -0.288862 0.158616
4.8 1.8 -0.317578 -0.0759941
4.8 2 -0.162179 -0.279704
4.8 2.2 0.111143 -0.299981
4.8 2.4 0.304913 -0.0842482
4.8 2.6 0.231028 0.210644
4.8 2.8 -0.0722631 0.300277
4.8 3 -0.298186 0.0640791
4.8 3.2 -0.171918 -0.247191
4.8 3.4 0.171611 -0.242627
4.8 3.6 0.278982 0.0904334
4.8 3.8 -0.015524 0.288963
4.8 4 -0.281562 0.0473501
4.8 4.2 -0.0966027 -0.264608
4.8 4.4 0.244008 -0.133025
4.8 4.6 0.158461 0.223764
4.8 4.8 -0.206318 0.174979
4.8 5 -0.184428 -0.192969
4.8 5.2 0.184227 -0.188252
4.8 5.4 0.18745 0.180087
4.8 5.6 -0.180199 0.182617
4.8 5.8 -0.174026 -0.18398
4.8 6 0.190667 -0.161718
4.8 6.2 0.145603 0.199346
4.8 6.4 -0.208966 0.125549
4.8 6.6 -0.10148 -0.21835
4.8 6.8 0.226227 -0.0734638
4.8 7 0.0417859 0.231263
4.8 7.2 -0.232128 0.00701955
4.8 7.4 0.0299316 -0.227574
4.8 7.6 0.216534 0.0678141
4.8 7.8 -0.10504 0.198236
4.8 8 -0.172314 -0.139741
4.8 8.2 0.169862 -0.138912
4.8 8.4 0.0987683 0.193299
4.8 8.6 -0.208065 0.053254
4.8 8.8 -0.00436824 -0.212489
4.8 9 0.205411 0.0453331
4.8 9.2 -0.0928742 0.18637
4.8 9.4 -0.155757 -0.13506
4.8 9.6 0.168733 -0.114901
4.8 9.8 0.0660849 0.191065
5 -10 -0.149354 -0.132868
5 -9.8 -0.0914011 0.179908
5 -9.6 0.19885 0.0443452
5 -9.4 -0.00504845 -0.205661
5 -9.2 -0.2007 0.0537039
5 -9 0.0989354 0.185066
5 -8.8 0.160412 -0.138599
5 -8.6 -0.171179 -0.12875
5 -8.4 -0.092249 0.195807
5 -8.2 0.212233 0.0530541
5 -8 0.0131398 -0.220749
5 -7.8 -0.222083 0.0258002
5 -7.6 0.0624215 0.21729
5 -7.4 0.207626 -0.0957572
5 -7.2 -0.125212 -0.19445
5 -7 -0.179125 0.150529
5 -6.8 0.171734 0.162959
5 -6.6 0.147152 -0.189065
5 -6.4 -0.202904 -0.13278
5 -6.2 -0.120788 0.213688
5 -6 0.221836 0.112004
5 -5.8 0.10715 -0.227666
5 -5.6 -0.231309 -0.106862
5 -5.4 -0.111688 0.232624
5 -5.2 0.231105 0.122056
5 -5 0.1382 -0.22579
5 -4.8 -0.215184 -0.160009
5 -4.6 -0.186776 0.197234
5 -4.4 0.169405 0.216838
5 -4.2 0.247109 -0.128969
5 -4 -0.0736258 -0.27258
5 -3.8 -0.285973 0.00261655
5 -3.6 -0.0815809 0.277913
5 -3.4 0.238209 0.171116
5 -3.2 0.250819 -0.15896
5 -3 -0.039951 -0.297904
5 -2.8 -0.28571 -0.104272
5 -2.6 -0.238687 0.194093
5 -2.4 0.0268371 0.309881
5 -2.2 0.26437 0.170001
5 -2 0.305364 -0.0866793
5 -1.8 0.157622 -0.278903
5 -1.6 -0.0622542 -0.317032
5 -1.4 -0.239707 -0.220321
5 -1.2 -0.322071 -0.0610536
5 -1 -0.316154 0.0937118
5 -0.8 -0.257511 0.20857
5 -0.6 -0.182979 0.277835
5 -0.4 -0.117968 0.312063
5 -0.2 -0.0756481 0.325511
5 0 -0.0611464 0.328738
5 0.2 -0.0756481 0.325511
5 0.4 -0.117968 0.312063
5 0.6 -0.182979 0.277835
5 0.8 -0.257511 0.20857
5 1 -0.316154 0.0937118
5 1.2 -0.322071 -0.0610536
5 1.4 -0.239707 -0.220321
5 1.6 -0.0622542 -0.317032
5 1.8 0.157622 -0.278903
5 2 0.305364 -0.0866793
5 2.2 0.26437 0.170001
5 2.4 0.0268371 0.309881
5 2.6 -0.238687 0.194093
5 2.8 -0.28571 -0.104272
5 3 -0.039951 -0.297904
5 3.2 0.250819 -0.15896
5 3.4 0.238209 0.171116
5 3.6 -0.0815809 0.277913
5 3.8 -0.285973 0.00261655
5 4 -0.0736258 -0.27258
5 4.2 0.247109 -0.128969
5 4.4 0.169405 0.216838
5 4.6 -0.186776 0.197234
5 4.8 -0.215184 -0.160009
5 5 0.1382 -0.22579
5 5.2 0.231105 0.122056
5 5.4 -0.111688 0.232624
5 5.6 -0.231309 -0.106862
5 5.8 0.10715 -0.227666
5 6 0.221836 0.112004
5 6.2 -0.120788 0.213688
5 6.4 -0.202904 -0.13278
5 6.6 0.147152 -0.189065
5 6.8 0.171734 0.162959
5 7 -0.179125 0.150529
5 7.2 -0.125212 -0.19445
5 7.4 0.207626 -0.0957572
5 7.6 0.0624215 0.21729
5 7.8 -0.222083 0.0258002
5 8 0.0131398 -0.220749
5 8.2 0.212233 0.0530541
5 8.4 -0.092249 0.195807
5 8.6 -0.171179 -0.12875
5 8.8 0.160412 -0.138599
5 9 0.0989354 0.185066
5 9.2 -0.2007 0.0537039
5 9.4 -0.00504845 -0.205661
5 9.6 0.19885 0.0443452
5 9.8 -0.0914011 0.179908
5.2 -10 -0.00464036 -0.199466
5.2 -9.8 -0.194294 0.0529726
5.2 -9.6 0.0978765 0.178185
5.2 -9.4 0.152772 -0.137076
5.2 -9.2 -0.168923 -0.12009
5.2 -9 -0.0823686 0.192426
5.2 -8.8 0.207237 0.0418463
5.2 -8.6 0.000608969 -0.213577
5.2 -8.4 -0.212139 0.0395318
5.2 -8.2 0.0771199 0.203966
5.2 -8 0.190334 -0.111095
5.2 -7.8 -0.140798 -0.17263
5.2 -7.6 -0.152257 0.165942
5.2 -7.4 0.186569 0.130555
5.2 -7.2 0.10874 -0.202983
5.2 -7 -0.215683 -0.0878845
5.2 -6.8 -0.0688989 0.225288
5.2 -6.6 0.232472 0.0525496
5.2 -6.4 0.0394822 -0.237895
5.2 -6.2 -0.24214 -0.0302569
5.2 -6 -0.0253872 0.24565
5.2 -5.8 0.248663 0.0253733
5.2 -5.6 0.0307228 -0.251136
5.2 -5.4 -0.252661 -0.0419434
5.2 -5.2 -0.0594918 0.252367
5.2 -5 0.248816 0.0836541
5.2 -4.8 0.11433 -0.239919
5.2 -4.6 -0.222921 -0.150692
5.2 -4.4 -0.190711 0.194536
5.2 -4.2 0.151355 0.230564
5.2 -4 0.264065 -0.0907112
5.2 -3.8 -0.012137 -0.282374
5.2 -3.6 -0.274498 -0.0805289
5.2 -3.4 -0.176726 0.22929
5.2 -3.2 0.139696 0.25744
5.2 -3 0.296121 -0.00938889
5.2 -2.8 0.13972 -0.265006
5.2 -2.6 -0.148962 -0.263643
5.2 -2.4 -0.303944 -0.0349425
5.2 -2.2 -0.222434 0.214413
5.2 -2 0.00440495 0.311771
5.2 -1.8 0.217869 0.226784
5.2 -1.6 0.314534 0.0391584
5.2 -1.4 0.282375 -0.148893
5.2 -1.2 0.168359 -0.273597
5.2 -1 0.0307488 -0.321539
5.2 -0.8 -0.0900271 -0.311741
5.2 -0.6 -0.17736 -0.273113
5.2 -0.4 -0.231381 -0.230355
5.2 -0.2 -0.259188 -0.199393
5.2 0 -0.267576 -0.188286
5.2 0.2 -0.259188 -0.199393
5.2 0.4 -0.231381 -0.230355
5.2 0.6 -0.17736 -0.273113
5.2 0.8 -0.0900271 -0.311741
5.2 1 0.0307488 -0.321539
5.2 1.2 0.168359 -0.273597
5.2 1.4 0.282375 -0.148893
5.2 1.6 0.314534 0.0391584
5.2 1.8 0.217869 0.226784
5.2 2 0.00440495 0.311771
5.2 2.2 -0.222434 0.214413
5.2 2.4 -0.303944 -0.0349425
5.2 2.6 -0.148962 -0.263643
5.2 2.8 0.13972 -0.265006
5.2 3 0.296121 -0.00938889
5.2 3.2 0.139696 0.25744
5.2 3.4 -0.176726 0.22929
5.2 3.6 -0.274498 -0.0805289
5.2 3.8 -0.012137 -0.282374
5.2 4 0.264065 -0.0907112
5.2 4.2 0.151355 0.230564
5.2 4.4 -0.190711 0.194536
5.2 4.6 -0.222921 -0.150692
5.2 4.8 0.11433 -0.239919
5.2 5 0.248816 0.0836541
5.2 5.2 -0.0594918 0.252367
5.2 5.4 -0.252661 -0.0419434
5.2 5.6 0.0307228 -0.251136
5.2 5.8 0.248663 0.0253733
5.2 6 -0.0253872 0.24565
5.2 6.2 -0.24214 -0.0302569
5.2 6.4 0.0394822 -0.237895
5.2 6.6 0.232472 0.0525496
5.2 6.8 -0.0688989 0.225288
5.2 7 -0.215683 -0.0878845
5.2 7.2 0.10874 -0.202983
5.2 7.4 0.186569 0.130555
5.2 7.6 -0.152257 0.165942
5.2 7.8 -0.140798 -0.17263
5.2 8 0.190334 -0.111095
5.2 8.2 0.0771199 0.203966
5.2 8.4 -0.212139 0.0395318
5.2 8.6 0.000608969 -0.213577
5.2 8.8 0.207237 0.0418463
5.2 9 -0.0823686 0.192426
5.2 9.2 -0.168923 -0.12009
5.2 9.4 0.152772 -0.137076
5.2 9.6 0.0978765 0.178185
5.2 9.8 -0.194294 0.0529726
5.4 -10 0.146618 -0.134712
5.4 -9.8 -0.165945 -0.113321
5.4 -9.6 -0.0748197 0.188523
5.4 -9.4 0.202004 0.0334401
5.4 -9.2 -0.00862201 -0.206545
5.4 -9 -0.202806 0.0494348
5.4 -8.8 0.0874235 0.19183
5.4 -8.6 0.174916 -0.121422
5.4 -8.4 -0.150684 -0.153497
5.4 -8.2 -0.129028 0.174868
5.4 -8 0.19399 0.102898
5.4 -7.8 0.076366 -0.208366
5.4 -7.6 -0.218539 -0.0505151
5.4 -7.4 -0.0262406 0.225216
5.4 -7.2 0.229194 0.00425202
5.4 -7 -0.0149046 -0.231304
5.4 -6.8 -0.232356 0.0308115
5.4 -6.6 0.0431346 0.233095
5.4 -6.4 0.234159 -0.0515743
5.4 -6.2 -0.0558148 -0.236035
5.4 -6 -0.239018 0.0554796
5.4 -5.8 0.0500971 0.243146
5.4 -5.6 0.248125 -0.0390897
5.4 -5.4 -0.0217994 -0.253229
5.4 -5.2 -0.257181 -0.00242681
5.4 -5 -0.0340627 0.258024
5.4 -4.8 0.253023 0.0731051
5.4 -4.6 0.118621 -0.238664
5.4 -4.4 -0.210863 -0.168139
5.4 -4.2 -0.216936 0.165556
5.4 -4 0.099859 0.257418
5.4 -3.8 0.278986 -0.0139503
5.4 -3.6 0.0864024 -0.269024
5.4 -3.4 -0.215859 -0.187267
5.4 -3.2 -0.265381 0.114307
5.4 -3 -0.0265722 0.290879
5.4 -2.8 0.236758 0.176263
5.4 -2.6 0.282251 -0.0960898
5.4 -2.4 0.0979021 -0.284684
5.4 -2.2 -0.151144 -0.263546
5.4 -2 -0.296092 -0.0789188
5.4 -1.8 -0.276219 0.138241
5.4 -1.6 -0.135356 0.280163
5.4 -1.4 0.0425465 0.310307
5.4 -1.2 0.190612 0.250846
5.4 -1 0.280504 0.146913
5.4 -0.8 0.315665 0.0383397
5.4 -0.6 0.31486 -0.0515065
5.4 -0.4 0.298715 -0.114235
5.4 -0.2 0.282965 -0.150029
5.4 0 0.276742 -0.16153
5.4 0.2 0.282965 -0.150029
5.4 0.4 0.298715 -0.114235
5.4 0.6 0.31486 -0.0515065
5.4 0.8 0.315665 0.0383397
5.4 1 0.280504 0.146913
5.4 1.2 0.190612 0.250846
5.4 1.4 0.0425465 0.310307
5.4 1.6 -0.135356 0.280163
5.4 1.8 -0.276219 0.138241
5.4 2 -0.296092 -0.0789188
5.4 2.2 -0.151144 -0.263546
5.4 2.4 0.0979021 -0.284684
5.4 2.6 0.282251 -0.0960898
5.4 2.8 0.236758 0.176263
5.4 3 -0.0265722 0.290879
5.4 3.2 -0.265381 0.114307
5.4 3.4 -0.215859 -0.187267
5.4 3.6 0.0864024 -0.269024
5.4 3.8 0.278986 -0.0139503
5.4 4 0.099859 0.257418
5.4 4.2 -0.216936 0.165556
5.4 4.4 -0.210863 -0.168139
5.4 4.6 0.118621 -0.238664
5.4 4.8 0.253023 0.0731051
5.4 5 -0.0340627 0.258024
5.4 5.2 -0.257181 -0.00242681
5.4 5.4 -0.0217994 -0.253229
5.4 5.6 0.248125 -0.0390897
5.4 5.8 0.0500971 0.243146
5.4 6 -0.239018 0.0554796
5.4 6.2 -0.0558148 -0.236035
5.4 6.4 0.234159 -0.0515743
5.4 6.6 0.0431346 0.233095
5.4 6.8 -0.232356 0.0308115
5.4 7 -0.0149046 -0.231304
5.4 7.2 0.229194 0.00425202
5.4 7.4 -0.0262406 0.225216
5.4 7.6 -0.218539 -0.0505151
5.4 7.8 0.076366 -0.208366
5.4 8 0.19399 0.102898
5.4 8.2 -0.129028 0.174868
5.4 8.4 -0.150684 -0.153497
5.4 8.6 0.174916 -0.121422
5.4 8.8 0.0874235 0.19183
5.4 9 -0.202806 0.0494348
5.4 9.2 -0.00862201 -0.206545
5.4 9.4 0.202004 0.0334401
5.4 9.6 -0.0748197 0.188523
5.4 9.8 -0.165945 -0.113321
5.6 -10 0.196791 0.0272498
5.6 -9.8 -0.0152886 -0.199895
5.6 -9.6 -0.194303 0.0564253
5.6 -9.4 0.0944675 0.181061
5.6 -9.2 0.161502 -0.128139
5.6 -9 -0.156604 -0.13711
5.6 -8.8 -0.109408 0.17945
5.6 -8.6 0.196652 0.0798552
5.6 -8.4 0.0497717 -0.208513
5.6 -8.2 -0.215591 -0.0202865
5.6 -8 0.00768756 0.218629
5.6 -7.8 0.218489 -0.0334587
5.6 -7.6 -0.0565404 -0.216083
5.6 -7.4 -0.212329 0.0766223
5.6 -7.2 0.0935283 0.208103
5.6 -7 0.204218 -0.107169
5.6 -6.8 -0.117489 -0.20139
5.6 -6.6 -0.200228 0.124413
5.6 -6.4 0.12779 0.201207
5.6 -6.2 0.204644 -0.127349
5.6 -6 -0.12265 -0.210651
5.6 -5.8 -0.219069 0.113064
5.6 -5.6 0.0977708 0.22937
5.6 -5.4 0.240529 -0.0758114
5.6 -5.2 -0.0462127 -0.250866
5.6 -5 -0.257886 0.00822864
5.6 -4.8 -0.0382621 0.258159
5.6 -4.6 0.247354 0.092172
5.6 -4.4 0.150443 -0.220558
5.6 -4.2 -0.173107 -0.207219
5.6 -4 -0.253232 0.102124
5.6 -3.8 0.00888694 0.275946
5.6 -3.6 0.261254 0.0982555
5.6 -3.4 0.201358 -0.197617
5.6 -3.2 -0.083008 -0.272755
5.6 -3 -0.280235 -0.0665674
5.6 -2.8 -0.211183 0.200049
5.6 -2.6 0.0368703 0.291342
5.6 -2.4 0.250697 0.158006
5.6 -2.2 0.288706 -0.0773344
5.6 -2 0.156453 -0.257486
5.6 -1.8 -0.0464121 -0.299973
5.6 -1.6 -0.216448 -0.215761
5.6 -1.4 -0.300182 -0.0667114
5.6 -1.2 -0.297491 0.0842293
5.6 -1 -0.237992 0.199644
5.6 -0.8 -0.156299 0.269865
5.6 -0.6 -0.0782576 0.302877
5.6 -0.4 -0.0180581 0.313001
5.6 -0.2 0.0187778 0.313383
5.6 0 0.0310642 0.312547
5.6 0.2 0.0187778 0.313383
5.6 0.4 -0.0180581 0.313001
5.6 0.6 -0.0782576 0.302877
5.6 0.8 -0.156299 0.269865
5.6 1 -0.237992 0.199644
5.6 1.2 -0.297491 0.0842293
5.6 1.4 -0.300182 -0.0667114
5.6 1.6 -0.216448 -0.215761
5.6 1.8 -0.0464121 -0.299973
5.6 2 0.156453 -0.257486
5.6 2.2 0.288706 -0.0773344
5.6 2.4 0.250697 0.158006
5.6 2.6 0.0368703 0.291342
5.6 2.8 -0.211183 0.200049
5.6 3 -0.280235 -0.0665674
5.6 3.2 -0.083008 -0.272755
5.6 3.4 0.201358 -0.197617
5.6 3.6 0.261254 0.0982555
5.6 3.8 0.00888694 0.275946
5.6 4 -0.253232 0.102124
5.6 4.2 -0.173107 -0.207219
5.6 4.4 0.150443 -0.220558
5.6 4.6 0.247354 0.092172
5.6 4.8 -0.0382621 0.258159
5.6 5 -0.257886 0.00822864
5.6 5.2 -0.0462127 -0.250866
5.6 5.4 0.240529 -0.0758114
5.6 5.6 0.0977708 0.22937
5.6 5.8 -0.219069 0.113064
5.6 6 -0.12265 -0.210651
5.6 6.2 0.204644 -0.127349
5.6 6.4 0.12779 0.201207
5.6 6.6 -0.200228 0.124413
5.6 6.8 -0.117489 -0.20139
5.6 7 0.204218 -0.107169
5.6 7.2 0.0935283 0.208103
5.6 7.4 -0.212329 0.0766223
5.6 7.6 -0.0565404 -0.216083
5.6 7.8 0.218489 -0.0334587
5.6 8 0.00768756 0.218629
5.6 8.2 -0.215591 -0.0202865
5.6 8.4 0.0497717 -0.208513
5.6 8.6 0.196652 0.0798552
5.6 8.8 -0.109408 0.17945
5.6 9 -0.156604 -0.13711
5.6 9.2 0.161502 -0.128139
5.6 9.4 0.0944675 0.181061
5.6 9.6 -0.194303 0.0564253
5.6 9.8 -0.0152886 -0.199895
5.8 -10 0.0990811 0.171661
5.8 -9.8 0.150011 -0.132252
5.8 -9.6 -0.159769 -0.123285
5.8 -9.4 -0.0930803 0.181152
5.8 -9.2 0.196329 0.0609396
5.8 -9 0.0282633 -0.205581
5.8 -8.8 -0.20947 0.00375043
5.8 -8.6 0.0341405 0.208763
5.8 -8.4 0.204359 -0.0621948
5.8 -8.2 -0.0874412 -0.197221
5.8 -8 -0.188322 0.109623
5.8 -7.8 0.128663 0.178601
5.8 -7.6 0.168933 -0.144619
5.8 -7.4 -0.157634 -0.160113
5.8 -7.2 -0.152846 0.167888
5.8 -7 0.175543 0.147746
5.8 -6.8 0.145335 -0.180694
5.8 -6.6 -0.183319 -0.146043
5.8 -6.4 -0.15019 0.183227
5.8 -6.2 0.180016 0.157962
5.8 -6 0.169352 -0.173031
5.8 -5.8 -0.161349 -0.18407
5.8 -5.6 -0.201417 0.143787
5.8 -5.4 0.118984 0.220107
5.8 -5.2 0.238064 -0.0855701
5.8 -5 -0.0424921 -0.252217
5.8 -4.8 -0.258381 -0.0104713
5.8 -4.6 -0.0719676 0.251335
5.8 -4.4 0.225316 0.138146
5.8 -4.2 0.201733 -0.175158
5.8 -4 -0.0983025 -0.251507
5.8 -3.8 -0.272892 -0.00231877
5.8 -3.6 -0.115061 0.250601
5.8 -3.4 0.174165 0.217422
5.8 -3.2 0.277541 -0.0462245
5.8 -3 0.108799 -0.262436
5.8 -2.8 -0.15466 -0.241473
5.8 -2.6 -0.288134 -0.026288
5.8 -2.4 -0.210656 0.201924
5.8 -2.2 -0.00255661 0.294146
5.8 -2 0.197521 0.220963
5.8 -1.8 0.294381 0.0491053
5.8 -1.6 0.270912 -0.129692
5.8 -1.4 0.165288 -0.252855
5.8 -1.2 0.0309153 -0.302046
5.8 -1 -0.0915182 -0.2909
5.8 -0.8 -0.18275 -0.245521
5.8 -0.6 -0.240801 -0.19035
5.8 -0.4 -0.272686 -0.142308
5.8 -0.2 -0.28736 -0.110775
5.8 0 -0.291457 -0.099896
5.8 0.2 -0.28736 -0.110775
5.8 0.4 -0.272686 -0.142308
5.8 0.6 -0.240801 -0.19035
5.8 0.8 -0.18275 -0.245521
5.8 1 -0.0915182 -0.2909
5.8 1.2 0.0309153 -0.302046
5.8 1.4 0.165288 -0.252855
5.8 1.6 0.270912 -0.129692
5.8 1.8 0.294381 0.0491053
5.8 2 0.197521 0.220963
5.8 2.2 -0.00255661 0.294146
5.8 2.4 -0.210656 0.201924
5.8 2.6 -0.288134 -0.026288
5.8 2.8 -0.15466 -0.241473
5.8 3 0.108799 -0.262436
5.8 3.2 0.277541 -0.0462245
5.8 3.4 0.174165 0.217422
5.8 3.6 -0.115061 0.250601
5.8 3.8 -0.272892 -0.00231877
5.8 4 -0.0983025 -0.251507
5.8 4.2 0.201733 -0.175158
5.8 4.4 0.225316 0.138146
5.8 4.6 -0.0719676 0.251335
5.8 4.8 -0.258381 -0.0104713
5.8 5 -0.0424921 -0.252217
5.8 5.2 0.238064 -0.0855701
5.8 5.4 0.118984 0.220107
5.8 5.6 -0.201417 0.143787
5.8 5.8 -0.161349 -0.18407
5.8 6 0.169352 -0.173031
5.8 6.2 0.180016 0.157962
5.8 6.4 -0.15019 0.183227
5.8 6.6 -0.183319 -0.146043
5.8 6.8 0.145335 -0.180694
5.8 7 0.175543 0.147746
5.8 7.2 -0.152846 0.167888
5.8 7.4 -0.157634 -0.160113
5.8 7.6 0.168933 -0.144619
5.8 7.8 0.128663 0.178601
5.8 8 -0.188322 0.109623
5.8 8.2 -0.0874412 -0.197221
5.8 8.4 0.204359 -0.0621948
5.8 8.6 0.0341405 0.208763
5.8 8.8 -0.20947 0.00375043
5.8 9 0.0282633 -0.205581
5.8 9.2 0.196329 0.0609396
5.8 9.4 -0.0930803 0.181152
5.8 9.6 -0.159769 -0.123285
5.8 9.8 0.150011 -0.132252
6 -10 -0.0796349 0.180967
6 -9.8 0.19419 0.0455726
6 -9.6 0.0110515 -0.200952
6 -9.4 -0.201817 0.0226459
6 -9.2 0.0544895 0.197575
6 -9 0.189159 -0.08372
6 -8.8 -0.109846 -0.177578
6 -8.6 -0.163848 0.132622
6 -8.4 0.152017 0.14895
6 -8.2 0.133789 -0.168173
6 -8 -0.181359 -0.119182
6 -7.8 -0.105846 0.19192
6 -7.6 0.200236 0.0944007
6 -7.4 0.0853817 -0.206673
6 -7.2 -0.211541 -0.0792542
6 -7 -0.0764284 0.215049
6 -6.8 0.217263 0.0772695
6 -6.6 0.0820982 -0.218059
6 -6.4 -0.21708 -0.0911735
6 -6.2 -0.104651 0.213684
6 -6 0.20691 0.122503
6 -5.8 0.144399 -0.195457
6 -5.6 -0.177709 -0.169525
6 -5.4 -0.19636 0.151839
6 -5.2 0.116041 0.222411
6 -5 0.243974 -0.0689559
6 -4.8 -0.010333 -0.256012
6 -4.6 -0.252334 -0.0580468
6 -4.4 -0.131278 0.22632
6 -4.2 0.172469 0.200347
6 -4 0.251823 -0.0889526
6 -3.8 0.0189818 -0.269108
6 -3.6 -0.236284 -0.135665
6 -3.4 -0.233691 0.145177
6 -3.2 0.0047489 0.277682
6 -3 0.236118 0.151003
6 -2.8 0.264005 -0.101251
6 -2.6 0.0900131 -0.270569
6 -2.4 -0.139876 -0.251113
6 -2.2 -0.277573 -0.0826674
6 -2 -0.265701 0.120316
6 -1.8 -0.138564 0.258826
6 -1.6 0.0294553 0.293867
6 -1.4 0.174158 0.240492
6 -1.2 0.264143 0.138697
6 -1 0.298327 0.027209
6 -0.8 0.292516 -0.0691814
6 -0.6 0.266651 -0.140478
6 -0.4 0.23744 -0.186577
6 -0.2 0.215995 -0.211538
6 0 0.208243 -0.219337
6 0.2 0.215995 -0.211538
6 0.4 0.23744 -0.186577
6 0.6 0.266651 -0.140478
6 0.8 0.292516 -0.0691814
6 1 0.298327 0.027209
6 1.2 0.264143 0.138697
6 1.4 0.174158 0.240492
6 1.6 0.0294553 0.293867
6 1.8 -0.138564 0.258826
6 2 -0.265701 0.120316
6 2.2 -0.277573 -0.0826674
6 2.4 -0.139876 -0.251113
6 2.6 0.0900131 -0.270569
6 2.8 0.264005 -0.101251
6 3 0.236118 0.151003
6 3.2 0.0047489 0.277682
6 3.4 -0.233691 0.145177
6 3.6 -0.236284 -0.135665
6 3.8 0.0189818 -0.269108
6 4 0.251823 -0.0889526
6 4.2 0.172469 0.200347
6 4.4 -0.131278 0.22632
6 4.6 -0.252334 -0.0580468
6 4.8 -0.010333 -0.256012
6 5 0.243974 -0.0689559
6 5.2 0.116041 0.222411
6 5.4 -0.19636 0.151839
6 5.6 -0.177709 -0.169525
6 5.8 0.144399 -0.195457
6 6 0.20691 0.122503
6 6.2 -0.104651 0.213684
6 6.4 -0.21708 -0.0911735
6 6.6 0.0820982 -0.218059
6 6.8 0.217263 0.0772695
6 7 -0.0764284 0.215049
6 7.2 -0.211541 -0.0792542
6 7.4 0.0853817 -0.206673
6 7.6 0.200236 0.0944007
6 7.8 -0.105846 0.19192
6 8 -0.181359 -0.119182
6 8.2 0.133789 -0.168173
6 8.4 0.152017 0.14895
6 8.6 -0.163848 0.132622
6 8.8 -0.109846 -0.177578
6 9 0.189159 -0.08372
6 9.2 0.0544895 0.197575
6 9.4 -0.201817 0.0226459
6 9.6 0.0110515 -0.200952
6 9.8 0.19419 0.0455726
6.2 -10 -0.193629 0.0373649
6.2 -9.8 0.0699746 0.18621
6.2 -9.6 0.174214 -0.0996117
6.2 -9.4 -0.125744 -0.158697
6.2 -9.2 -0.140727 0.148112
6.2 -9 0.166698 0.121327
6.2 -8.8 0.101439 -0.181683
6.2 -8.6 -0.193405 -0.0818915
6.2 -8.4 -0.0633977 0.202312
6.2 -8.2 0.208912 0.0465506
6.2 -8 0.0318379 -0.213739
6.2 -7.8 -0.21731 -0.0196606
6.2 -7.6 -0.0103575 0.220094
6.2 -7.4 0.222475 0.00423142
6.2 -7.2 0.00157398 -0.224726
6.2 -7 -0.226969 -0.00268518
6.2 -6.8 -0.00788373 0.22914
6.2 -6.6 0.230939 0.0175015
6.2 -6.4 0.0318545 -0.231784
6.2 -6.2 -0.230748 -0.0511798
6.2 -6 -0.0755276 0.226522
6.2 -5.8 0.217382 0.104595
6.2 -5.6 0.137494 -0.201232
6.2 -5.4 -0.175739 -0.172462
6.2 -5.2 -0.206535 0.138646
6.2 -5 0.0883163 0.235273
6.2 -4.8 0.252672 -0.0245805
6.2 -4.6 0.0501371 -0.251489
6.2 -4.4 -0.224281 -0.129565
6.2 -4.2 -0.202615 0.165463
6.2 -4 0.0744675 0.253448
6.2 -3.8 0.263639 0.0403916
6.2 -3.6 0.158742 -0.21747
6.2 -3.4 -0.110559 -0.248228
6.2 -3.2 -0.271226 -0.0401529
6.2 -3 -0.190493 0.200507
6.2 -2.8 0.041473 0.275782
6.2 -2.6 0.23765 0.150155
6.2 -2.4 0.275029 -0.06772
6.2 -2.2 0.156243 -0.238671
6.2 -2 -0.0323545 -0.285335
6.2 -1.8 -0.196159 -0.212137
6.2 -1.6 -0.281363 -0.0724938
6.2 -1.4 -0.2824 0.0743342
6.2 -1.2 -0.223866 0.189528
6.2 -1 -0.138314 0.259936
6.2 -0.8 -0.0519764 0.290773
6.2 -0.6 0.0198302 0.295458
6.2 -0.4 0.0710488 0.288025
6.2 -0.2 0.100996 0.279282
6.2 0 0.110772 0.275668
6.2 0.2 0.100996 0.279282
6.2 0.4 0.0710488 0.288025
6.2 0.6 0.0198302 0.295458
6.2 0.8 -0.0519764 0.290773
6.2 1 -0.138314 0.259936
6.2 1.2 -0.223866 0.189528
6.2 1.4 -0.2824 0.0743342
6.2 1.6 -0.281363 -0.0724938
6.2 1.8 -0.196159 -0.212137
6.2 2 -0.0323545 -0.285335
6.2 2.2 0.156243 -0.238671
6.2 2.4 0.275029 -0.06772
6.2 2.6 0.23765 0.150155
6.2 2.8 0.041473 0.275782
6.2 3 -0.190493 0.200507
6.2 3.2 -0.271226 -0.0401529
6.2 3.4 -0.110559 -0.248228
6.2 3.6 0.158742 -0.21747
6.2 3.8 0.263639 0.0403916
6.2 4 0.0744675 0.253448
6.2 4.2 -0.202615 0.165463
6.2 4.4 -0.224281 -0.129565
6.2 4.6 0.0501371 -0.251489
6.2 4.8 0.252672 -0.0245805
6.2 5 0.0883163 0.235273
6.2 5.2 -0.206535 0.138646
6.2 5.4 -0.175739 -0.172462
6.2 5.6 0.137494 -0.201232
6.2 5.8 0.217382 0.104595
6.2 6 -0.0755276 0.226522
6.2 6.2 -0.230748 -0.0511798
6.2 6.4 0.0318545 -0.231784
6.2 6.6 0.230939 0.0175015
6.2 6.8 -0.00788373 0.22914
6.2 7 -0.226969 -0.00268518
6.2 7.2 0.00157398 -0.224726
6.2 7.4 0.222475 0.00423142
6.2 7.6 -0.0103575 0.220094
6.2 7.8 -0.21731 -0.0196606
6.2 8 0.0318379 -0.213739
6.2 8.2 0.208912 0.0465506
6.2 8.4 -0.0633977 0.202312
6.2 8.6 -0.193405 -0.0818915
6.2 8.8 0.101439 -0.181683
6.2 9 0.166698 0.121327
6.2 9.2 -0.140727 0.148112
6.2 9.4 -0.125744 -0.158697
6.2 9.6 0.174214 -0.0996117
6.2 9.8 0.0699746 0.18621
6.4 -10 -0.136755 -0.141335
6.4 -9.8 -0.11979 0.158103
6.4 -9.6 0.175187 0.09666
6.4 -9.4 0.0729318 -0.188207
6.4 -9.2 -0.19754 -0.0494647
6.4 -9 -0.0269773 0.203691
6.4 -8.8 0.207247 0.0060445
6.4 -8.6 -0.0128923 -0.208838
6.4 -8.4 -0.209101 0.0295072
6.4 -8.2 0.043564 0.208646
6.4 -8 0.208035 -0.0548871
6.4 -7.8 -0.0633295 -0.20776
6.4 -7.6 -0.208224 0.0687414
6.4 -7.4 0.0709397 0.209718
6.4 -7.2 0.212401 -0.0696836
6.4 -7 -0.0646563 -0.216263
6.4 -6.8 -0.221086 0.0554614
6.4 -6.6 0.0416375 0.226386
6.4 -6.4 0.231348 -0.0227034
6.4 -6.2 0.00175395 -0.234759
6.4 -6 -0.234938 -0.0319349
6.4 -5.8 -0.0676095 0.229713
6.4 -5.6 0.216471 0.107822
6.4 -5.4 0.150523 -0.192341
6.4 -5.2 -0.154608 -0.192187
6.4 -5 -0.227509 0.101416
6.4 -4.8 0.0328284 0.249381
6.4 -4.6 0.249438 0.0478225
6.4 -4.4 0.132548 -0.219516
6.4 -4.2 -0.154307 -0.207858
6.4 -4 -0.255417 0.0551634
6.4 -3.8 -0.0657308 0.255395
6.4 -3.6 0.193415 0.182758
6.4 -3.4 0.258998 -0.0705906
6.4 -3.2 0.0866858 -0.256488
6.4 -3 -0.155604 -0.224283
6.4 -2.8 -0.274256 -0.0220094
6.4 -2.6 -0.202107 0.189741
6.4 -2.4 -0.0098271 0.279027
6.4 -2.2 0.179444 0.216345
6.4 -2 0.27682 0.0580475
6.4 -1.8 0.261217 -0.112662
6.4 -1.6 0.16364 -0.234532
6.4 -1.4 0.0332252 -0.285407
6.4 -1.2 -0.0893497 -0.274353
6.4 -1 -0.182458 -0.224859
6.4 -0.8 -0.241764 -0.160948
6.4 -0.6 -0.273309 -0.100263
6.4 -0.4 -0.286762 -0.0529698
6.4 -0.2 -0.290952 -0.0236381
6.4 0 -0.291686 -0.0137674
6.4 0.2 -0.290952 -0.0236381
6.4 0.4 -0.286762 -0.0529698
6.4 0.6 -0.273309 -0.100263
6.4 0.8 -0.241764 -0.160948
6.4 1 -0.182458 -0.224859
6.4 1.2 -0.0893497 -0.274353
6.4 1.4 0.0332252 -0.285407
6.4 1.6 0.16364 -0.234532
6.4 1.8 0.261217 -0.112662
6.4 2 0.27682 0.0580475
6.4 2.2 0.179444 0.216345
6.4 2.4 -0.0098271 0.279027
6.4 2.6 -0.202107 0.189741
6.4 2.8 -0.274256 -0.0220094
6.4 3 -0.155604 -0.224283
6.4 3.2 0.0866858 -0.256488
6.4 3.4 0.258998 -0.0705906
6.4 3.6 0.193415 0.182758
6.4 3.8 -0.0657308 0.255395
6.4 4 -0.255417 0.0551634
6.4 4.2 -0.154307 -0.207858
6.4 4.4 0.132548 -0.219516
6.4 4.6 0.249438 0.0478225
6.4 4.8 0.0328284 0.249381
6.4 5 -0.227509 0.101416
6.4 5.2 -0.154608 -0.192187
6.4 5.4 0.150523 -0.192341
6.4 5.6 0.216471 0.107822
6.4 5.8 -0.0676095 0.229713
6.4 6 -0.234938 -0.0319349
6.4 6.2 0.00175395 -0.234759
6.4 6.4 0.231348 -0.0227034
6.4 6.6 0.0416375 0.226386
6.4 6.8 -0.221086 0.0554614
6.4 7 -0.0646563 -0.216263
6.4 7.2 0.212401 -0.0696836
6.4 7.4 0.0709397 0.209718
6.4 7.6 -0.208224 0.0687414
6.4 7.8 -0.0633295 -0.20776
6.4 8 0.208035 -0.0548871
6.4 8.2 0.043564 0.208646
6.4 8.4 -0.209101 0.0295072
6.4 8.6 -0.0128923 -0.208838
6.4 8.8 0.207247 0.0060445
6.4 9 -0.0269773 0.203691
6.4 9.2 -0.19754 -0.0494647
6.4 9.4 0.0729318 -0.188207
6.4 9.6 0.175187 0.09666
6.4 9.8 -0.11979 0.158103
6.6 -10 0.0484685 -0.190027
6.6 -9.8 -0.196539 -0.0220518
6.6 -9.6 0.00331389 0.199438
6.6 -9.4 0.199364 -0.0270513
6.6 -9.2 -0.0487434 -0.197008
6.6 -9 -0.193076 0.0681177
6.6 -8.8 0.0850216 0.188254
6.6 -8.6 0.183193 -0.0993944
6.6 -8.4 -0.111235 -0.178485
6.6 -8.2 -0.17466 0.120567
6.6 -8 0.12741 0.172171
6.6 -7.8 0.171394 -0.13174
6.6 -7.6 -0.133466 -0.172614
6.6 -7.4 -0.176009 0.132397
6.6 -7.2 0.12822 0.18163
6.6 -7 0.189354 -0.120491
6.6 -6.8 -0.108633 -0.198841
6.6 -6.6 -0.20945 0.0919624
6.6 -6.4 0.0697503 0.22016
6.6 -6.2 0.229472 -0.0413409
6.6 -6 -0.00633808 -0.235324
6.6 -5.8 -0.235066 -0.0351169
6.6 -5.6 -0.0819723 0.225522
6.6 -5.4 0.203255 0.131819
6.6 -5.2 0.180439 -0.165097
6.6 -5 -0.109057 -0.221503
6.6 -4.8 -0.246664 0.0356284
6.6 -4.6 -0.0506306 0.246408
6.6 -4.4 0.212034 0.139636
6.6 -4.2 0.215212 -0.139009
6.6 -4 -0.0313762 -0.256594
6.6 -3.8 -0.243254 -0.0940009
6.6 -3.6 -0.205966 0.163598
6.6 -3.4 0.0260348 0.263959
6.6 -3.2 0.232239 0.132536
6.6 -3 0.249304 -0.102336
6.6 -2.8 0.0856173 -0.257661
6.6 -2.6 -0.128746 -0.241251
6.6 -2.4 -0.261257 -0.0868194
6.6 -2.2 -0.256681 0.104275
6.6 -2 -0.141602 0.240037
6.6 -1.8 0.0175138 0.279663
6.6 -1.6 0.159018 0.232408
6.6 -1.4 0.249216 0.133795
6.6 -1.2 0.283163 0.0214167
6.6 -1 0.27386 -0.0786559
6.6 -0.8 0.240283 -0.154614
6.6 -0.6 0.199533 -0.205398
6.6 -0.4 0.163712 -0.235502
6.6 -0.2 0.139951 -0.250668
6.6 0 0.1317 -0.255204
6.6 0.2 0.139951 -0.250668
6.6 0.4 0.163712 -0.235502
6.6 0.6 0.199533 -0.205398
6.6 0.8 0.240283 -0.154614
6.6 1 0.27386 -0.0786559
6.6 1.2 0.283163 0.0214167
6.6 1.4 0.249216 0.133795
6.6 1.6 0.159018 0.232408
6.6 1.8 0.0175138 0.279663
6.6 2 -0.141602 0.240037
6.6 2.2 -0.256681 0.104275
6.6 2.4 -0.261257 -0.0868194
6.6 2.6 -0.128746 -0.241251
6.6 2.8 0.0856173 -0.257661
6.6 3 0.249304 -0.102336
6.6 3.2 0.232239 0.132536
6.6 3.4 0.0260348 0.263959
6.6 3.6 -0.205966 0.163598
6.6 3.8 -0.243254 -0.0940009
6.6 4 -0.0313762 -0.256594
6.6 4.2 0.215212 -0.139009
6.6 4.4 0.212034 0.139636
6.6 4.6 -0.0506306 0.246408
6.6 4.8 -0.246664 0.0356284
6.6 5 -0.109057 -0.221503
6.6 5.2 0.180439 -0.165097
6.6 5.4 0.203255 0.131819
6.6 5.6 -0.0819723 0.225522
6.6 5.8 -0.235066 -0.0351169
6.6 6 -0.00633808 -0.235324
6.6 6.2 0.229472 -0.0413409
6.6 6.4 0.0697503 0.22016
6.6 6.6 -0.20945 0.0919624
6.6 6.8 -0.108633 -0.198841
6.6 7 0.189354 -0.120491
6.6 7.2 0.12822 0.18163
6.6 7.4 -0.176009 0.132397
6.6 7.6 -0.133466 -0.172614
6.6 7.8 0.171394 -0.13174
6.6 8 0.12741 0.172171
6.6 8.2 -0.17466 0.120567
6.6 8.4 -0.111235 -0.178485
6.6 8.6 0.183193 -0.0993944
6.6 8.8 0.0850216 0.188254
6.6 9 -0.193076 0.0681177
6.6 9.2 -0.0487434 -0.197008
6.6 9.4 0.199364 -0.0270513
6.6 9.6 0.00331389 0.199438
6.6 9.8 -0.196539 -0.0220518
6.8 -10 0.188086 -0.0534584
6.8 -9.8 -0.0766636 -0.181651
6.8 -9.6 -0.173352 0.0973694
6.8 -9.4 0.115477 0.163926
6.8 -9.2 0.154068 -0.131007
6.8 -9 -0.144069 -0.144414
6.8 -8.8 -0.135535 0.154828
6.8 -8.6 0.163471 0.127936
6.8 -8.4 0.122055 -0.17018
6.8 -8.2 -0.175097 -0.118269
6.8 -8 -0.116896 0.178296
6.8 -7.8 0.179752 0.118199
6.8 -7.6 0.12237 -0.179318
6.8 -7.4 -0.176695 -0.129522
6.8 -7.2 -0.139651 0.171413
6.8 -7 0.162823 0.152582
6.8 -6.8 0.167904 -0.150096
6.8 -6.6 -0.132262 -0.184864
6.8 -6.4 -0.202256 0.108292
6.8 -6.2 0.0772429 0.218298
6.8 -6 0.230526 -0.0385004
6.8 -5.8 0.00787265 -0.235763
6.8 -5.6 -0.230224 -0.0606736
6.8 -5.4 -0.117023 0.209868
6.8 -5.2 0.171095 0.171853
6.8 -5 0.217638 -0.111904
6.8 -4.8 -0.0334678 -0.244665
6.8 -4.6 -0.242304 -0.0580644
6.8 -4.4 -0.150125 0.201627
6.8 -4.2 0.119508 0.223652
6.8 -4 0.255737 -0.00355489
6.8 -3.8 0.123968 -0.226171
6.8 -3.6 -0.127851 -0.226439
6.8 -3.4 -0.261211 -0.0217869
6.8 -3.2 -0.174954 0.197898
6.8 -3 0.0426324 0.262674
6.8 -2.8 0.225343 0.145079
6.8 -2.6 0.263482 -0.058148
6.8 -2.4 0.156609 -0.22184
6.8 -2.2 -0.0196982 -0.272469
6.8 -2 -0.178115 -0.209138
6.8 -1.8 -0.264812 -0.0782092
6.8 -1.6 -0.269827 0.0644356
6.8 -1.4 -0.213415 0.179056
6.8 -1.2 -0.12619 0.249518
6.8 -1 -0.0346937 0.278348
6.8 -0.8 0.0445266 0.277694
6.8 -0.6 0.104521 0.261726
6.8 -0.4 0.144685 0.242341
6.8 -0.2 0.167207 0.227702
6.8 0 0.174404 0.222347
6.8 0.2 0.167207 0.227702
6.8 0.4 0.144685 0.242341
6.8 0.6 0.104521 0.261726
6.8 0.8 0.0445266 0.277694
6.8 1 -0.0346937 0.278348
6.8 1.2 -0.12619 0.249518
6.8 1.4 -0.213415 0.179056
6.8 1.6 -0.269827 0.0644356
6.8 1.8 -0.264812 -0.0782092
6.8 2 -0.178115 -0.209138
6.8 2.2 -0.0196982 -0.272469
6.8 2.4 0.156609 -0.22184
6.8 2.6 0.263482 -0.058148
6.8 2.8 0.225343 0.145079
6.8 3 0.0426324 0.262674
6.8 3.2 -0.174954 0.197898
6.8 3.4 -0.261211 -0.0217869
6.8 3.6 -0.127851 -0.226439
6.8 3.8 0.123968 -0.226171
6.8 4 0.255737 -0.00355489
6.8 4.2 0.119508 0.223652
6.8 4.4 -0.150125 0.201627
6.8 4.6 -0.242304 -0.0580644
6.8 4.8 -0.0334678 -0.244665
6.8 5 0.217638 -0.111904
6.8 5.2 0.171095 0.171853
6.8 5.4 -0.117023 0.209868
6.8 5.6 -0.230224 -0.0606736
6.8 5.8 0.00787265 -0.235763
6.8 6 0.230526 -0.0385004
6.8 6.2 0.0772429 0.218298
6.8 6.4 -0.202256 0.108292
6.8 6.6 -0.132262 -0.184864
6.8 6.8 0.167904 -0.150096
6.8 7 0.162823 0.152582
6.8 7.2 -0.139651 0.171413
6.8 7.4 -0.176695 -0.129522
6.8 7.6 0.12237 -0.179318
6.8 7.8 0.179752 0.118199
6.8 8 -0.116896 0.178296
6.8 8.2 -0.175097 -0.118269
6.8 8.4 0.122055 -0.17018
6.8 8.6 0.163471 0.127936
6.8 8.8 -0.135535 0.154828
6.8 9 -0.144069 -0.144414
6.8 9.2 0.154068 -0.131007
6.8 9.4 0.115477 0.163926
6.8 9.6 -0.173352 0.0973694
6.8 9.8 -0.0766636 -0.181651
7 -10 0.136931 0.138752
7 -9.8 0.124376 -0.15218
7 -9.6 -0.164799 -0.110051
7 -9.4 -0.0963618 0.175052
7 -9.2 0.183248 0.0838119
7 -9 0.0728334 -0.189717
7 -8.8 -0.194776 -0.0637945
7 -8.6 -0.0570119 0.198708
7 -8.4 0.201734 0.0527638
7 -8.2 0.0513008 -0.203992
7 -8 -0.205506 -0.0528526
7 -7.8 -0.0576279 0.206169
7 -7.6 0.205706 0.0658033
7 -7.4 0.0774978 -0.203656
7 -7.2 -0.199346 -0.0927266
7 -7 -0.111332 0.191873
7 -6.8 0.180119 0.132885
7 -6.6 0.156558 -0.162788
7 -6.4 -0.13851 -0.180973
7 -6.2 -0.204051 0.10603
7 -6 0.0645099 0.222882
7 -5.8 0.233703 -0.0139659
7 -5.6 0.0441669 -0.232056
7 -5.4 -0.213265 -0.106399
7 -5.2 -0.166634 0.173349
7 -5 0.110459 0.215964
7 -4.8 0.243226 -0.0267592
7 -4.6 0.0695981 -0.236793
7 -4.4 -0.187954 -0.163193
7 -4.2 -0.232014 0.095776
7 -4 -0.0276561 0.251559
7 -3.8 0.203287 0.154136
7 -3.6 0.242142 -0.0864711
7 -3.4 0.070975 -0.249168
7 -3.2 -0.15371 -0.210921
7 -3 -0.262026 -0.0205913
7 -2.8 -0.195779 0.178017
7 -2.6 -0.017141 0.26576
7 -2.4 0.163131 0.21254
7 -2.2 0.261201 0.0661671
7 -2 0.252786 -0.0973256
7 -1.8 0.162885 -0.218077
7 -1.6 0.0367904 -0.270911
7 -1.4 -0.0850721 -0.260967
7 -1.2 -0.17905 -0.209308
7 -1 -0.238474 -0.13948
7 -0.8 -0.268015 -0.0698038
7 -0.6 -0.277269 -0.01125
7 -0.4 -0.276119 0.0313049
7 -0.2 -0.272293 0.0566519
7 0 -0.270498 0.0650216
7 0.2 -0.272293 0.0566519
7 0.4 -0.276119 0.0313049
7 0.6 -0.277269 -0.01125
7 0.8 -0.268015 -0.0698038
7 1 -0.238474 -0.13948
7 1.2 -0.17905 -0.209308
7 1.4 -0.0850721 -0.260967
7 1.6 0.0367904 -0.270911
7 1.8 0.162885 -0.218077
7 2 0.252786 -0.0973256
7 2.2 0.261201 0.0661671
7 2.4 0.163131 0.21254
7 2.6 -0.017141 0.26576
7 2.8 -0.195779 0.178017
7 3 -0.262026 -0.0205913
7 3.2 -0.15371 -0.210921
7 3.4 0.070975 -0.249168
7 3.6 0.242142 -0.0864711
7 3.8 0.203287 0.154136
7 4 -0.0276561 0.251559
7 4.2 -0.232014 0.095776
7 4.4 -0.187954 -0.163193
7 4.6 0.0695981 -0.236793
7 4.8 0.243226 -0.0267592
7 5 0.110459 0.215964
7 5.2 -0.166634 0.173349
7 5.4 -0.213265 -0.106399
7 5.6 0.0441669 -0.232056
7 5.8 0.233703 -0.0139659
7 6 0.0645099 0.222882
7 6.2 -0.204051 0.10603
7 6.4 -0.13851 -0.180973
7 6.6 0.156558 -0.162788
7 6.8 0.180119 0.132885
7 7 -0.111332 0.191873
7 7.2 -0.199346 -0.0927266
7 7.4 0.0774978 -0.203656
7 7.6 0.205706 0.0658033
7 7.8 -0.0576279 0.206169
7 8 -0.205506 -0.0528526
7 8.2 0.0513008 -0.203992
7 8.4 0.201734 0.0527638
7 8.6 -0.0570119 0.198708
7 8.8 -0.194776 -0.0637945
7 9 0.0728334 -0.189717
7 9.2 0.183248 0.0838119
7 9.4 -0.0963618 0.175052
7 9.6 -0.164799 -0.110051
7 9.8 0.124376 -0.15218
7.2 -10 -0.0600641 0.184814
7.2 -9.8 0.191041 0.043344
7.2 -9.6 0.0280898 -0.195482
7.2 -9.4 -0.198571 -0.0146273
7.2 -9.2 -0.00321773 0.200729
7.2 -9 0.20234 -0.00592483
7.2 -8.8 -0.0126146 -0.203735
7.2 -8.6 -0.205172 0.0166761
7.2 -8.4 0.017928 0.206823
7.2 -8.2 0.208747 -0.0161714
7.2 -8 -0.0111843 -0.210875
7.2 -7.8 -0.212978 0.00272622
7.2 -7.6 -0.00944371 0.214634
7.2 -7.4 0.215203 0.02553
7.2 -7.2 0.0456392 -0.213786
7.2 -7 -0.209215 -0.0696874
7.2 -6.8 -0.097273 0.200052
7.2 -6.6 0.184648 0.127513
7.2 -6.4 0.158855 -0.161266
7.2 -6.2 -0.128319 -0.188885
7.2 -6 -0.214187 0.0847532
7.2 -5.8 0.0305875 0.230332
7.2 -5.6 0.23212 0.0324027
7.2 -5.4 0.0999523 -0.214224
7.2 -5.2 -0.172362 -0.164731
7.2 -5 -0.216281 0.105065
7.2 -4.8 0.0158604 0.241955
7.2 -4.6 0.229368 0.0846532
7.2 -4.4 0.177893 -0.170628
7.2 -4.2 -0.0679043 -0.239023
7.2 -4 -0.242813 -0.0613515
7.2 -3.8 -0.182756 0.174052
7.2 -3.6 0.0403095 0.251055
7.2 -3.4 0.226747 0.119095
7.2 -3.2 0.237378 -0.100863
7.2 -3 0.0835626 -0.245841
7.2 -2.8 -0.117912 -0.23321
7.2 -2.6 -0.246619 -0.0911347
7.2 -2.4 -0.248744 0.0897272
7.2 -2.2 -0.144449 0.223193
7.2 -2 0.00653524 0.267109
7.2 -1.8 0.145 0.225885
7.2 -1.6 0.235533 0.131067
7.2 -1.4 0.269885 0.0190586
7.2 -1.2 0.258452 -0.0829936
7.2 -1 0.219169 -0.161458
7.2 -0.8 0.169329 -0.213961
7.2 -0.6 0.121743 -0.244756
7.2 -0.4 0.0842004 -0.260453
7.2 -0.2 0.0606357 -0.26715
7.2 0 0.0526482 -0.268913
7.2 0.2 0.0606357 -0.26715
7.2 0.4 0.0842004 -0.260453
7.2 0.6 0.121743 -0.244756
7.2 0.8 0.169329 -0.213961
7.2 1 0.219169 -0.161458
7.2 1.2 0.258452 -0.0829936
7.2 1.4 0.269885 0.0190586
7.2 1.6 0.235533 0.131067
7.2 1.8 0.145 0.225885
7.2 2 0.00653524 0.267109
7.2 2.2 -0.144449 0.223193
7.2 2.4 -0.248744 0.0897272
7.2 2.6 -0.246619 -0.0911347
7.2 2.8 -0.117912 -0.23321
7.2 3 0.0835626 -0.245841
7.2 3.2 0.237378 -0.100863
7.2 3.4 0.226747 0.119095
7.2 3.6 0.0403095 0.251055
7.2 3.8 -0.182756 0.174052
7.2 4 -0.242813 -0.0613515
7.2 4.2 -0.0679043 -0.239023
7.2 4.4 0.177893 -0.170628
7.2 4.6 0.229368 0.0846532
7.2 4.8 0.0158604 0.241955
7.2 5 -0.216281 0.105065
7.2 5.2 -0.172362 -0.164731
7.2 5.4 0.0999523 -0.214224
7.2 5.6 0.23212 0.0324027
7.2 5.8 0.0305875 0.230332
7.2 6 -0.214187 0.0847532
7.2 6.2 -0.128319 -0.188885
7.2 6.4 0.158855 -0.161266
7.2 6.6 0.184648 0.127513
7.2 6.8 -0.097273 0.200052
7.2 7 -0.209215 -0.0696874
7.2 7.2 0.0456392 -0.213786
7.2 7.4 0.215203 0.02553
7.2 7.6 -0.00944371 0.214634
7.2 7.8 -0.212978 0.00272622
7.2 8 -0.0111843 -0.210875
7.2 8.2 0.208747 -0.0161714
7.2 8.4 0.017928 0.206823
7.2 8.6 -0.205172 0.0166761
7.2 8.8 -0.0126146 -0.203735
7.2 9 0.20234 -0.00592483
7.2 9.2 -0.00321773 0.200729
7.2 9.4 -0.198571 -0.0146273
7.2 9.6 0.0280898 -0.195482
7.2 9.8 0.191041 0.043344
7.4 -10 -0.191802 0.0270506
7.4 -9.8 0.041753 0.190719
7.4 -9.6 0.189138 -0.0543606
7.4 -9.4 -0.0647848 -0.187503
7.4 -9.2 -0.186204 0.0729606
7.4 -9 0.0788248 0.185573
7.4 -8.8 0.185873 -0.0822954
7.4 -8.6 -0.0832532 -0.187287
7.4 -8.4 -0.1899 0.081527
7.4 -8.2 0.0768838 0.193685
7.4 -8 0.198475 -0.0690271
7.4 -7.8 -0.0576066 -0.203926
7.4 -7.6 -0.209481 0.0422442
7.4 -7.4 0.0225839 0.214323
7.4 -7.2 0.217335 0.00162876
7.4 -7 0.0304282 -0.217069
7.4 -6.8 -0.211751 -0.063467
7.4 -6.6 -0.0998112 0.199349
7.4 -6.4 0.177733 0.137706
7.4 -6.2 0.17435 -0.144971
7.4 -6 -0.099812 -0.205735
7.4 -5.8 -0.226676 0.0423465
7.4 -5.6 -0.0251761 0.231167
7.4 -5.4 0.213232 0.0975212
7.4 -5.2 0.165912 -0.16842
7.4 -5 -0.0959377 -0.218195
7.4 -4.8 -0.240285 0.00111159
7.4 -4.6 -0.102565 0.219423
7.4 -4.4 0.149301 0.193141
7.4 -4.2 0.243331 -0.036189
7.4 -4 0.0963247 -0.228388
7.4 -3.8 -0.138336 -0.207879
7.4 -3.6 -0.251326 -0.00917894
7.4 -3.4 -0.163293 0.193562
7.4 -3.2 0.0415491 0.251526
7.4 -3 0.213755 0.141906
7.4 -2.8 0.253492 -0.0487701
7.4 -2.6 0.157311 -0.206557
7.4 -2.4 -0.00817587 -0.260931
7.4 -2.2 -0.161818 -0.206557
7.4 -2 -0.249982 -0.0837584
7.4 -1.8 -0.259075 0.0547266
7.4 -1.6 -0.205531 0.168611
7.4 -1.4 -0.118101 0.239225
7.4 -1.2 -0.0235312 0.266587
7.4 -1 0.0603914 0.261457
7.4 -0.8 0.12557 0.237821
7.4 -0.6 0.171016 0.208165
7.4 -0.4 0.199477 0.181578
7.4 -0.2 0.214646 0.163704
7.4 0 0.219356 0.157454
7.4 0.2 0.214646 0.163704
7.4 0.4 0.199477 0.181578
7.4 0.6 0.171016 0.208165
7.4 0.8 0.12557 0.237821
7.4 1 0.0603914 0.261457
7.4 1.2 -0.0235312 0.266587
7.4 1.4 -0.118101 0.239225
7.4 1.6 -0.205531 0.168611
7.4 1.8 -0.259075 0.0547266
7.4 2 -0.249982 -0.0837584
7.4 2.2 -0.161818 -0.206557
7.4 2.4 -0.00817587 -0.260931
7.4 2.6 0.157311 -0.206557
7.4 2.8 0.253492 -0.0487701
7.4 3 0.213755 0.141906
7.4 3.2 0.0415491 0.251526
7.4 3.4 -0.163293 0.193562
7.4 3.6 -0.251326 -0.00917894
7.4 3.8 -0.138336 -0.207879
7.4 4 0.0963247 -0.228388
7.4 4.2 0.243331 -0.036189
7.4 4.4 0.149301 0.193141
7.4 4.6 -0.102565 0.219423
7.4 4.8 -0.240285 0.00111159
7.4 5 -0.0959377 -0.218195
7.4 5.2 0.165912 -0.16842
7.4 5.4 0.213232 0.0975212
7.4 5.6 -0.0251761 0.231167
7.4 5.8 -0.226676 0.0423465
7.4 6 -0.099812 -0.205735
7.4 6.2 0.17435 -0.144971
7.4 6.4 0.177733 0.137706
7.4 6.6 -0.0998112 0.199349
7.4 6.8 -0.211751 -0.063467
7.4 7 0.0304282 -0.217069
7.4 7.2 0.217335 0.00162876
7.4 7.4 0.0225839 0.214323
7.4 7.6 -0.209481 0.0422442
7.4 7.8 -0.0576066 -0.203926
7.4 8 0.198475 -0.0690271
7.4 8.2 0.0768838 0.193685
7.4 8.4 -0.1899 0.081527
7.4 8.6 -0.0832532 -0.187287
7.4 8.8 0.185873 -0.0822954
7.4 9 0.0788248 0.185573
7.4 9.2 -0.186204 0.0729606
7.4 9.4 -0.0647848 -0.187503
7.4 9.6 0.189138 -0.0543606
7.4 9.8 0.041753 0.190719
7.6 -10 -0.104451 -0.162358
7.6 -9.8 -0.157051 0.114839
7.6 -9.6 0.123248 0.15251
7.6 -9.4 0.149087 -0.129738
7.6 -9.2 -0.13435 -0.14708
7.6 -9 -0.146731 0.137076
7.6 -8.8 0.13785 0.148218
7.6 -8.6 0.15165 -0.136524
7.6 -8.4 -0.13286 -0.157049
7.6 -8.2 -0.164324 0.12652
7.6 -8 0.117069 0.173241
7.6 -7.8 0.183374 -0.103986
7.6 -7.6 -0.0867015 -0.194056
7.6 -7.4 -0.204313 0.0646583
7.6 -7.2 0.0374132 0.212809
7.6 -7 0.217809 -0.00478431
7.6 -6.8 0.0329463 -0.217181
7.6 -6.6 -0.208477 -0.0747797
7.6 -6.4 -0.118716 0.189143
7.6 -6.2 0.156894 0.161486
7.6 -6 0.198396 -0.11031
7.6 -5.8 -0.049645 -0.223405
7.6 -5.6 -0.229642 -0.0222134
7.6 -5.4 -0.0988429 0.210525
7.6 -5.2 0.161632 0.169807
7.6 -5 0.221152 -0.0832121
7.6 -4.8 0.0171186 -0.237519
7.6 -4.6 -0.206317 -0.122552
7.6 -4.4 -0.207723 0.123743
7.6 -4.2 0.00120031 0.243581
7.6 -4 0.207416 0.131059
7.6 -3.8 0.227451 -0.0965338
7.6 -3.6 0.0599405 -0.241456
7.6 -3.4 -0.150083 -0.200483
7.6 -3.2 -0.251152 -0.0210873
7.6 -3 -0.19101 0.166785
7.6 -2.8 -0.0243551 0.253891
7.6 -2.6 0.148227 0.209292
7.6 -2.4 0.247072 0.0735932
7.6 -2.2 0.245279 -0.0833454
7.6 -2 0.162694 -0.203092
7.6 -1.8 0.0410905 -0.25805
7.6 -1.6 -0.0795578 -0.249928
7.6 -1.4 -0.173903 -0.197525
7.6 -1.2 -0.233081 -0.123867
7.6 -1 -0.260245 -0.047924
7.6 -0.8 -0.264537 0.0184183
7.6 -0.6 -0.256286 0.0697769
7.6 -0.4 -0.244275 0.105114
7.6 -0.2 -0.234705 0.125435
7.6 0 -0.231134 0.132029
7.6 0.2 -0.234705 0.125435
7.6 0.4 -0.244275 0.105114
7.6 0.6 -0.256286 0.0697769
7.6 0.8 -0.264537 0.0184183
7.6 1 -0.260245 -0.047924
7.6 1.2 -0.233081 -0.123867
7.6 1.4 -0.173903 -0.197525
7.6 1.6 -0.0795578 -0.249928
7.6 1.8 0.0410905 -0.25805
7.6 2 0.162694 -0.203092
7.6 2.2 0.245279 -0.0833454
7.6 2.4 0.247072 0.0735932
7.6 2.6 0.148227 0.209292
7.6 2.8 -0.0243551 0.253891
7.6 3 -0.19101 0.166785
7.6 3.2 -0.251152 -0.0210873
7.6 3.4 -0.150083 -0.200483
7.6 3.6 0.0599405 -0.241456
7.6 3.8 0.227451 -0.0965338
7.6 4 0.207416 0.131059
7.6 4.2 0.00120031 0.243581
7.6 4.4 -0.207723 0.123743
7.6 4.6 -0.206317 -0.122552
7.6 4.8 0.0171186 -0.237519
7.6 5 0.221152 -0.0832121
7.6 5.2 0.161632 0.169807
7.6 5.4 -0.0988429 0.210525
7.6 5.6 -0.229642 -0.0222134
7.6 5.8 -0.049645 -0.223405
7.6 6 0.198396 -0.11031
7.6 6.2 0.156894 0.161486
7.6 6.4 -0.118716 0.189143
7.6 6.6 -0.208477 -0.0747797
7.6 6.8 0.0329463 -0.217181
7.6 7 0.217809 -0.00478431
7.6 7.2 0.0374132 0.212809
7.6 7.4 -0.204313 0.0646583
7.6 7.6 -0.0867015 -0.194056
7.6 7.8 0.183374 -0.103986
7.6 8 0.117069 0.173241
7.6 8.2 -0.164324 0.12652
7.6 8.4 -0.13286 -0.157049
7.6 8.6 0.15165 -0.136524
7.6 8.8 0.13785 0.148218
7.6 9 -0.146731 0.137076
7.6 9.2 -0.13435 -0.14708
7.6 9.4 0.149087 -0.129738
7.6 9.6 0.123248 0.15251
7.6 9.8 -0.157051 0.114839
7.8 -10 0.10699 -0.159903
7.8 -9.8 -0.165711 -0.100618
7.8 -9.6 -0.0959495 0.170173
7.8 -9.4 0.173401 0.0932249
7.8 -9.2 0.0926496 -0.175446
7.8 -9 -0.17628 -0.0943925
7.8 -8.8 -0.098582 0.17578
7.8 -8.6 0.173711 0.105294
7.8 -8.4 0.11453 -0.169716
7.8 -8.2 -0.163306 -0.126186
7.8 -8 -0.140006 0.153864
7.8 -7.8 0.140661 0.155523
7.8 -7.6 0.171986 -0.122897
7.8 -7.4 -0.0997786 -0.188279
7.8 -7.2 -0.202851 0.0706459
7.8 -7 0.0351522 0.213658
7.8 -6.8 0.218177 0.00648398
7.8 -6.6 0.0531695 -0.213507
7.8 -6.4 -0.196636 -0.102597
7.8 -6.2 -0.150939 0.164919
7.8 -6 0.116816 0.1927
7.8 -5.8 0.220888 -0.052864
7.8 -5.6 0.023219 -0.227731
7.8 -5.4 -0.206134 -0.103582
7.8 -5.2 -0.175926 0.151973
7.8 -5 0.0669919 0.224469
7.8 -4.8 0.232875 0.0383848
7.8 -4.6 0.143685 -0.189442
7.8 -4.4 -0.0939273 -0.220313
7.8 -4.2 -0.238482 -0.0361662
7.8 -4 -0.163756 0.179387
7.8 -3.8 0.0496376 0.239446
7.8 -3.6 0.220501 0.109391
7.8 -3.4 0.227606 -0.0977453
7.8 -3.2 0.0831081 -0.234953
7.8 -3 -0.107437 -0.226483
7.8 -2.8 -0.233288 -0.0954704
7.8 -2.6 -0.241605 0.0763906
7.8 -2.4 -0.147092 0.20787
7.8 -2.2 -0.00362351 0.255802
7.8 -2 0.131938 0.220461
7.8 -1.8 0.222901 0.129797
7.8 -1.6 0.258166 0.0189683
7.8 -1.4 0.245722 -0.0840233
7.8 -1.2 0.202442 -0.163819
7.8 -1 0.145737 -0.216581
7.8 -0.8 0.089071 -0.245937
7.8 -0.6 0.0408323 -0.258778
7.8 -0.4 0.00518979 -0.262223
7.8 -0.2 -0.0163551 -0.261942
7.8 0 -0.0235312 -0.261455
7.8 0.2 -0.0163551 -0.261942
7.8 0.4 0.00518979 -0.262223
7.8 0.6 0.0408323 -0.258778
7.8 0.8 0.089071 -0.245937
7.8 1 0.145737 -0.216581
7.8 1.2 0.202442 -0.163819
7.8 1.4 0.245722 -0.0840233
7.8 1.6 0.258166 0.0189683
7.8 1.8 0.222901 0.129797
7.8 2 0.131938 0.220461
7.8 2.2 -0.00362351 0.255802
7.8 2.4 -0.147092 0.20787
7.8 2.6 -0.241605 0.0763906
7.8 2.8 -0.233288 -0.0954704
7.8 3 -0.107437 -0.226483
7.8 3.2 0.0831081 -0.234953
7.8 3.4 0.227606 -0.0977453
7.8 3.6 0.220501 0.109391
7.8 3.8 0.0496376 0.239446
7.8 4 -0.163756 0.179387
7.8 4.2 -0.238482 -0.0361662
7.8 4.4 -0.0939273 -0.220313
7.8 4.6 0.143685 -0.189442
7.8 4.8 0.232875 0.0383848
7.8 5 0.0669919 0.224469
7.8 5.2 -0.175926 0.151973
7.8 5.4 -0.206134 -0.103582
7.8 5.6 0.023219 -0.227731
7.8 5.8 0.220888 -0.052864
7.8 6 0.116816 0.1927
7.8 6.2 -0.150939 0.164919
7.8 6.4 -0.196636 -0.102597
7.8 6.6 0.0531695 -0.213507
7.8 6.8 0.218177 0.00648398
7.8 7 0.0351522 0.213658
7.8 7.2 -0.202851 0.0706459
7.8 7.4 -0.0997786 -0.188279
7.8 7.6 0.171986 -0.122897
7.8 7.8 0.140661 0.155523
7.8 8 -0.140006 0.153864
7.8 8.2 -0.163306 -0.126186
7.8 8.4 0.11453 -0.169716
7.8 8.6 0.173711 0.105294
7.8 8.8 -0.098582 0.17578
7.8 9 -0.17628 -0.0943925
7.8 9.2 0.0926496 -0.175446
7.8 9.4 0.173401 0.0932249
7.8 9.6 -0.0959495 0.170173
7.8 9.8 -0.165711 -0.100618
8 -10 0.187833 0.0384145
8 -9.8 0.0333311 -0.190264
8 -9.6 -0.192223 -0.0304521
8 -9.4 -0.0299406 0.1938
8 -9.2 0.194996 0.0319529
8 -9 0.0366371 -0.195713
8 -8.8 -0.195736 -0.044126
8 -8.6 -0.0545197 0.194712
8 -8.4 0.192141 0.0678572
8 -8.2 0.0840726 -0.18736
8 -8 -0.179549 -0.102935
8 -7.8 -0.12397 0.167743
8 -7.6 0.150888 0.146368
8 -7.4 0.168881 -0.12793
8 -7.2 -0.0979681 -0.189725
8 -7 -0.206525 0.0604834
8 -6.8 0.0156433 0.216319
8 -6.6 0.215705 0.0353224
8 -6.4 0.0897204 -0.201179
8 -6.2 -0.169743 -0.143057
8 -6 -0.188913 0.119803
8 -5.8 0.0523309 0.219255
8 -5.6 0.225408 0.027895
8 -5.4 0.111342 -0.199927
8 -5.2 -0.139338 -0.183676
8 -5 -0.227357 0.0474031
8 -4.8 -0.0621207 0.225535
8 -4.6 0.168299 0.16488
8 -4.4 0.229519 -0.0600967
8 -4.2 0.0746643 -0.226916
8 -4 -0.14426 -0.192408
8 -3.8 -0.242045 -0.000733107
8 -3.6 -0.154558 0.18825
8 -3.4 0.0389746 0.24193
8 -3.2 0.202819 0.140059
8 -3 0.24466 -0.0396585
8 -2.8 0.158194 -0.192509
8 -2.6 0.00240536 -0.250408
8 -2.4 -0.146916 -0.204253
8 -2.2 -0.236487 -0.0890892
8 -2 -0.249669 0.0452969
8 -1.8 -0.199474 0.158369
8 -1.6 -0.112844 0.229301
8 -1.4 -0.0166094 0.255804
8 -1.2 0.0702718 0.247235
8 -1 0.138432 0.217263
8 -0.8 0.186173 0.178767
8 -0.6 0.216332 0.141481
8 -0.4 0.233441 0.111645
8 -0.2 0.241768 0.0927017
8 0 0.244207 0.0862398
8 0.2 0.241768 0.0927017
8 0.4 0.233441 0.111645
8 0.6 0.216332 0.141481
8 0.8 0.186173 0.178767
8 1 0.138432 0.217263
8 1.2 0.0702718 0.247235
8 1.4 -0.0166094 0.255804
8 1.6 -0.112844 0.229301
8 1.8 -0.199474 0.158369
8 2 -0.249669 0.0452969
8 2.2 -0.236487 -0.0890892
8 2.4 -0.146916 -0.204253
8 2.6 0.00240536 -0.250408
8 2.8 0.158194 -0.192509
8 3 0.24466 -0.0396585
8 3.2 0.202819 0.140059
8 3.4 0.0389746 0.24193
8 3.6 -0.154558 0.18825
8 3.8 -0.242045 -0.000733107
8 4 -0.14426 -0.192408
8 4.2 0.0746643 -0.226916
8 4.4 0.229519 -0.0600967
8 4.6 0.168299 0.16488
8 4.8 -0.0621207 0.225535
8 5 -0.227357 0.0474031
8 5.2 -0.139338 -0.183676
8 5.4 0.111342 -0.199927
8 5.6 0.225408 0.027895
8 5.8 0.0523309 0.219255
8 6 -0.188913 0.119803
8 6.2 -0.169743 -0.143057
8 6.4 0.0897204 -0.201179
8 6.6 0.215705 0.0353224
8 6.8 0.0156433 0.216319
8 7 -0.206525 0.0604834
8 7.2 -0.0979681 -0.189725
8 7.4 0.168881 -0.12793
8 7.6 0.150888 0.146368
8 7.8 -0.12397 0.167743
8 8 -0.179549 -0.102935
8 8.2 0.0840726 -0.18736
8 8.4 0.192141 0.0678572
8 8.6 -0.0545197 0.194712
8 8.8 -0.195736 -0.044126
8 9 0.0366371 -0.195713
8 9.2 0.194996 0.0319529
8 9.4 -0.0299406 0.1938
8 9.6 -0.192223 -0.0304521
8 9.8 0.0333311 -0.190264
8.2 -10 0.0314425 0.188429
8.2 -9.8 0.189402 -0.0340761
8.2 -9.6 -0.0344023 -0.190792
8.2 -9.4 -0.192627 0.0322777
8.2 -9.2 0.0275348 0.194838
8.2 -9 0.197243 -0.0199858
8.2 -8.8 -0.00943436 -0.199526
8.2 -8.6 -0.201215 -0.00430094
8.2 -8.4 -0.0213485 0.201662
8.2 -8.2 0.200026 0.0417276
8.2 -8 0.0652714 -0.195269
8.2 -7.8 -0.18618 -0.0915279
8.2 -7.6 -0.119642 0.171424
8.2 -7.4 0.149665 0.148227
8.2 -7.2 0.175248 -0.119745
8.2 -7 -0.0809698 -0.197951
8.2 -6.8 -0.212882 0.0334765
8.2 -6.6 -0.0213124 0.216085
8.2 -6.4 0.203535 0.0802238
8.2 -6.2 0.137972 -0.171897
8.2 -6 -0.119624 -0.187095
8.2 -5.8 -0.218439 0.0483116
8.2 -5.6 -0.03594 0.222481
8.2 -5.4 0.191655 0.12166
8.2 -5.2 0.192363 -0.123592
8.2 -5 -0.0246481 -0.228949
8.2 -4.8 -0.214702 -0.0876014
8.2 -4.6 -0.184899 0.14257
8.2 -4.4 0.0228268 0.233946
8.2 -4.2 0.20804 0.112705
8.2 -4 0.214911 -0.102558
8.2 -3.8 0.0523548 -0.233824
8.2 -3.6 -0.145383 -0.192285
8.2 -3.4 -0.24138 -0.0228856
8.2 -3.2 -0.18735 0.156032
8.2 -3 -0.0313905 0.243097
8.2 -2.8 0.134467 0.206424
8.2 -2.6 0.234111 0.08042
8.2 -2.4 0.238457 -0.0704779
8.2 -2.2 0.16285 -0.189288
8.2 -2 0.0458079 -0.246452
8.2 -1.8 -0.0733184 -0.240648
8.2 -1.6 -0.167783 -0.18854
8.2 -1.4 -0.226702 -0.112582
8.2 -1.2 -0.251692 -0.032342
8.2 -1 -0.251259 0.0393059
8.2 -0.8 -0.235887 0.0962625
8.2 -0.6 -0.21499 0.137376
8.2 -0.4 -0.195625 0.164182
8.2 -0.2 -0.182369 0.179015
8.2 0 -0.177694 0.18373
8.2 0.2 -0.182369 0.179015
8.2 0.4 -0.195625 0.164182
8.2 0.6 -0.21499 0.137376
8.2 0.8 -0.235887 0.0962625
8.2 1 -0.251259 0.0393059
8.2 1.2 -0.251692 -0.032342
8.2 1.4 -0.226702 -0.112582
8.2 1.6 -0.167783 -0.18854
8.2 1.8 -0.0733184 -0.240648
8.2 2 0.0458079 -0.246452
8.2 2.2 0.16285 -0.189288
8.2 2.4 0.238457 -0.0704779
8.2 2.6 0.234111 0.08042
8.2 2.8 0.134467 0.206424
8.2 3 -0.0313905 0.243097
8.2 3.2 -0.18735 0.156032
8.2 3.4 -0.24138 -0.0228856
8.2 3.6 -0.145383 -0.192285
8.2 3.8 0.0523548 -0.233824
8.2 4 0.214911 -0.102558
8.2 4.2 0.20804 0.112705
8.2 4.4 0.0228268 0.233946
8.2 4.6 -0.184899 0.14257
8.2 4.8 -0.214702 -0.0876014
8.2 5 -0.0246481 -0.228949
8.2 5.2 0.192363 -0.123592
8.2 5.4 0.191655 0.12166
8.2 5.6 -0.03594 0.222481
8.2 5.8 -0.218439 0.0483116
8.2 6 -0.119624 -0.187095
8.2 6.2 0.137972 -0.171897
8.2 6.4 0.203535 0.0802238
8.2 6.6 -0.0213124 0.216085
8.2 6.8 -0.212882 0.0334765
8.2 7 -0.0809698 -0.197951
8.2 7.2 0.175248 -0.119745
8.2 7.4 0.149665 0.148227
8.2 7.6 -0.119642 0.171424
8.2 7.8 -0.18618 -0.0915279
8.2 8 0.0652714 -0.195269
8.2 8.2 0.200026 0.0417276
8.2 8.4 -0.0213485 0.201662
8.2 8.6 -0.201215 -0.00430094
8.2 8.8 -0.00943436 -0.199526
8.2 9 0.197243 -0.0199858
8.2 9.2 0.0275348 0.194838
8.2 9.4 -0.192627 0.0322777
8.2 9.6 -0.0344023 -0.190792
8.2 9.8 0.189402 -0.0340761
8.4 -10 -0.165914 0.0932751
8.4 -9.8 0.0934617 0.167388
8.4 -9.6 0.17004 -0.0915217
8.4 -9.4 -0.087272 -0.173839
8.4 -9.2 -0.178652 0.080477
8.4 -9 0.0708558 0.184227
8.4 -8.8 0.190164 -0.0580978
8.4 -8.6 -0.0418933 -0.195883
8.4 -8.4 -0.200598 0.0219813
8.4 -8.2 -0.00178028 0.203291
8.4 -8 0.202703 0.0293183
8.4 -7.8 0.060221 -0.197354
8.4 -7.6 -0.185614 -0.0935912
8.4 -7.4 -0.12789 0.165837
8.4 -7.2 0.136594 0.160793
8.4 -7 0.189113 -0.0970137
8.4 -6.8 -0.0472361 -0.208842
8.4 -6.6 -0.215413 -0.0110535
8.4 -6.4 -0.0740916 0.204257
8.4 -6.2 0.171748 0.135666
8.4 -6 0.187146 -0.116517
8.4 -5.8 -0.0410197 -0.218218
8.4 -5.6 -0.218621 -0.0470358
8.4 -5.4 -0.133997 0.180998
8.4 -5.2 0.104621 0.201195
8.4 -5 0.228327 0.000945235
8.4 -4.8 0.11392 -0.199659
8.4 -4.6 -0.11219 -0.202382
8.4 -4.4 -0.232285 -0.016935
8.4 -4.2 -0.148403 0.181411
8.4 -4 0.0554298 0.229219
8.4 -3.8 0.213958 0.10249
8.4 -3.6 0.219507 -0.0935533
8.4 -3.4 0.0837611 -0.224847
8.4 -3.2 -0.097335 -0.220715
8.4 -3 -0.220991 -0.0997382
8.4 -2.8 -0.235059 0.0640589
8.4 -2.6 -0.149521 0.193764
8.4 -2.4 -0.0130728 0.245453
8.4 -2.2 0.119692 0.215819
8.4 -2 0.211148 0.129517
8.4 -1.8 0.247711 0.0204048
8.4 -1.6 0.235143 -0.0828718
8.4 -1.4 0.189248 -0.163369
8.4 -1.2 0.127502 -0.215757
8.4 -1 0.0640268 -0.242836
8.4 -0.8 0.00787828 -0.251442
8.4 -0.6 -0.0364638 -0.249251
8.4 -0.4 -0.0676521 -0.242902
8.4 -0.2 -0.0859297 -0.23721
8.4 0 -0.0919259 -0.235004
8.4 0.2 -0.0859297 -0.23721
8.4 0.4 -0.0676521 -0.242902
8.4 0.6 -0.0364638 -0.249251
8.4 0.8 0.00787828 -0.251442
8.4 1 0.0640268 -0.242836
8.4 1.2 0.127502 -0.215757
8.4 1.4 0.189248 -0.163369
8.4 1.6 0.235143 -0.0828718
8.4 1.8 0.247711 0.0204048
8.4 2 0.211148 0.129517
8.4 2.2 0.119692 0.215819
8.4 2.4 -0.0130728 0.245453
8.4 2.6 -0.149521 0.193764
8.4 2.8 -0.235059 0.0640589
8.4 3 -0.220991 -0.0997382
8.4 3.2 -0.097335 -0.220715
8.4 3.4 0.0837611 -0.224847
8.4 3.6 0.219507 -0.0935533
8.4 3.8 0.213958 0.10249
8.4 4 0.0554298 0.229219
8.4 4.2 -0.148403 0.181411
8.4 4.4 -0.232285 -0.016935
8.4 4.6 -0.11219 -0.202382
8.4 4.8 0.11392 -0.199659
8.4 5 0.228327 0.000945235
8.4 5.2 0.104621 0.201195
8.4 5.4 -0.133997 0.180998
8.4 5.6 -0.218621 -0.0470358
8.4 5.8 -0.0410197 -0.218218
8.4 6 0.187146 -0.116517
8.4 6.2 0.171748 0.135666
8.4 6.4 -0.0740916 0.204257
8.4 6.6 -0.215413 -0.0110535
8.4 6.8 -0.0472361 -0.208842
8.4 7 0.189113 -0.0970137
8.4 7.2 0.136594 0.160793
8.4 7.4 -0.12789 0.165837
8.4 7.6 -0.185614 -0.0935912
8.4 7.8 0.060221 -0.197354
8.4 8 0.202703 0.0293183
8.4 8.2 -0.00178028 0.203291
8.4 8.4 -0.200598 0.0219813
8.4 8.6 -0.0418933 -0.195883
8.4 8.8 0.190164 -0.0580978
8.4 9 0.0708558 0.184227
8.4 9.2 -0.178652 0.080477
8.4 9.4 -0.087272 -0.173839
8.4 9.6 0.17004 -0.0915217
8.4 9.8 0.0934617 0.167388
8.6 -10 -0.141114 -0.126669
8.6 -9.8 -0.130166 0.13974
8.6 -9.6 0.136572 0.135426
8.6 -9.4 0.142382 -0.131342
8.6 -9.2 -0.123703 -0.15087
8.6 -9 -0.160595 0.113242
8.6 -8.8 0.0994966 0.171099
8.6 -8.6 0.181716 -0.081994
8.6 -8.4 -0.0603077 -0.191533
8.6 -8.2 -0.199359 0.0341446
8.6 -8 0.00346305 0.203701
8.6 -7.8 0.202799 0.0313752
8.6 -7.6 0.0694249 -0.194694
8.6 -7.4 -0.177409 -0.108967
8.6 -7.2 -0.147342 0.149225
8.6 -7 0.109102 0.180865
8.6 -6.8 0.204904 -0.0572223
8.6 -6.6 0.00437683 -0.214224
8.6 -6.4 -0.203708 -0.0712135
8.6 -6.2 -0.136003 0.16951
8.6 -6 0.110625 0.188837
8.6 -5.8 0.218242 -0.030637
8.6 -5.6 0.0608266 -0.213404
8.6 -5.4 -0.167609 -0.147726
8.6 -5.2 -0.209292 0.0823881
8.6 -5 -0.02888 0.224568
8.6 -4.8 0.179839 0.139978
8.6 -4.6 0.215892 -0.0774174
8.6 -4.4 0.0578574 -0.223419
8.6 -4.2 -0.147092 -0.179666
8.6 -4 -0.233529 0.00466635
8.6 -3.8 -0.148048 0.182399
8.6 -3.6 0.0353949 0.233559
8.6 -3.4 0.192457 0.139144
8.6 -3.2 0.236703 -0.0308448
8.6 -3 0.159155 -0.179465
8.6 -2.8 0.0121882 -0.240676
8.6 -2.6 -0.13315 -0.202125
8.6 -2.4 -0.224049 -0.0941744
8.6 -2.2 -0.241271 0.0361843
8.6 -2 -0.194735 0.148401
8.6 -1.8 -0.109611 0.219821
8.6 -1.6 -0.0126801 0.246032
8.6 -1.4 0.0760319 0.235016
8.6 -1.2 0.145857 0.200054
8.6 -1 0.194202 0.154352
8.6 -0.8 0.223673 0.108216
8.6 -0.6 0.239217 0.0683628
8.6 -0.4 0.246034 0.0384681
8.6 -0.2 0.248343 0.0201731
8.6 0 0.248812 0.0140371
8.6 0.2 0.248343 0.0201731
8.6 0.4 0.246034 0.0384681
8.6 0.6 0.239217 0.0683628
8.6 0.8 0.223673 0.108216
8.6 1 0.194202 0.154352
8.6 1.2 0.145857 0.200054
8.6 1.4 0.0760319 0.235016
8.6 1.6 -0.0126801 0.246032
8.6 1.8 -0.109611 0.219821
8.6 2 -0.194735 0.148401
8.6 2.2 -0.241271 0.0361843
8.6 2.4 -0.224049 -0.0941744
8.6 2.6 -0.13315 -0.202125
8.6 2.8 0.0121882 -0.240676
8.6 3 0.159155 -0.179465
8.6 3.2 0.236703 -0.0308448
8.6 3.4 0.192457 0.139144
8.6 3.6 0.0353949 0.233559
8.6 3.8 -0.148048 0.182399
8.6 4 -0.233529 0.00466635
8.6 4.2 -0.147092 -0.179666
8.6 4.4 0.0578574 -0.223419
8.6 4.6 0.215892 -0.0774174
8.6 4.8 0.179839 0.139978
8.6 5 -0.02888 0.224568
8.6 5.2 -0.209292 0.0823881
8.6 5.4 -0.167609 -0.147726
8.6 5.6 0.0608266 -0.213404
8.6 5.8 0.218242 -0.030637
8.6 6 0.110625 0.188837
8.6 6.2 -0.136003 0.16951
8.6 6.4 -0.203708 -0.0712135
8.6 6.6 0.00437683 -0.214224
8.6 6.8 0.204904 -0.0572223
8.6 7 0.109102 0.180865
8.6 7.2 -0.147342 0.149225
8.6 7.4 -0.177409 -0.108967
8.6 7.6 0.0694249 -0.194694
8.6 7.8 0.202799 0.0313752
8.6 8 0.00346305 0.203701
8.6 8.2 -0.199359 0.0341446
8.6 8.4 -0.0603077 -0.191533
8.6 8.6 0.181716 -0.081994
8.6 8.8 0.0994966 0.171099
8.6 9 -0.160595 0.113242
8.6 9.2 -0.123703 -0.15087
8.6 9.4 0.142382 -0.131342
8.6 9.6 0.136572 0.135426
8.6 9.8 -0.130166 0.13974
8.8 -10 0.077626 -0.172221
8.8 -9.8 -0.170673 -0.0839946
8.8 -9.6 -0.0925498 0.16771
8.8 -9.4 0.162947 0.103231
8.8 -9.2 0.115878 -0.155903
8.8 -9 -0.146008 -0.13019
8.8 -8.8 -0.145677 0.132622
8.8 -8.6 0.115084 0.161609
8.8 -8.4 0.176958 -0.092777
8.8 -8.2 -0.0652358 -0.190353
8.8 -8 -0.200059 0.0322889
8.8 -7.8 -0.00575453 0.204004
8.8 -7.6 0.199874 0.0478866
8.8 -7.4 0.0921729 -0.185327
8.8 -7.2 -0.158341 -0.13556
8.8 -7 -0.173791 0.11772
8.8 -6.8 0.0637491 0.201536
8.8 -6.6 0.212848 0.00108022
8.8 -6.4 0.0714204 -0.202076
8.8 -6.2 -0.16527 -0.138765
8.8 -6 -0.191836 0.102014
8.8 -5.8 0.0173398 0.218054
8.8 -5.6 0.206344 0.0768949
8.8 -5.4 0.162122 -0.151163
8.8 -5.2 -0.0569809 -0.215707
8.8 -5 -0.216794 -0.0584577
8.8 -4.8 -0.164501 0.154899
8.8 -4.6 0.0388814 0.223997
8.8 -4.4 0.206542 0.0982465
8.8 -4.2 0.204323 -0.105739
8.8 -4 0.0473409 -0.226481
8.8 -3.8 -0.140013 -0.18581
8.8 -3.6 -0.232495 -0.0255789
8.8 -3.4 -0.184486 0.145725
8.8 -3.2 -0.0382042 0.233143
8.8 -3 0.121657 0.203811
8.8 -2.8 0.222084 0.0867179
8.8 -2.6 0.232147 -0.0585414
8.8 -2.4 0.163211 -0.176448
8.8 -2.2 0.0507418 -0.235843
8.8 -2 -0.0666643 -0.232699
8.8 -1.8 -0.161127 -0.18165
8.8 -1.6 -0.219926 -0.104519
8.8 -1.4 -0.243173 -0.0213988
8.8 -1.2 -0.238655 0.0538334
8.8 -1 -0.216877 0.114216
8.8 -0.8 -0.1877 0.158231
8.8 -0.6 -0.158768 0.187639
8.8 -0.4 -0.135221 0.205517
8.8 -0.2 -0.120093 0.214857
8.8 0 -0.1149 0.217728
8.8 0.2 -0.120093 0.214857
8.8 0.4 -0.135221 0.205517
8.8 0.6 -0.158768 0.187639
8.8 0.8 -0.1877 0.158231
8.8 1 -0.216877 0.114216
8.8 1.2 -0.238655 0.0538334
8.8 1.4 -0.243173 -0.0213988
8.8 1.6 -0.219926 -0.104519
8.8 1.8 -0.161127 -0.18165
8.8 2 -0.0666643 -0.232699
8.8 2.2 0.0507418 -0.235843
8.8 2.4 0.163211 -0.176448
8.8 2.6 0.232147 -0.0585414
8.8 2.8 0.222084 0.0867179
8.8 3 0.121657 0.203811
8.8 3.2 -0.0382042 0.233143
8.8 3.4 -0.184486 0.145725
8.8 3.6 -0.232495 -0.0255789
8.8 3.8 -0.140013 -0.18581
8.8 4 0.0473409 -0.226481
8.8 4.2 0.204323 -0.105739
8.8 4.4 0.206542 0.0982465
8.8 4.6 0.0388814 0.223997
8.8 4.8 -0.164501 0.154899
8.8 5 -0.216794 -0.0584577
8.8 5.2 -0.0569809 -0.215707
8.8 5.4 0.162122 -0.151163
8.8 5.6 0.206344 0.0768949
8.8 5.8 0.0173398 0.218054
8.8 6 -0.191836 0.102014
8.8 6.2 -0.16527 -0.138765
8.8 6.4 0.0714204 -0.202076
8.8 6.6 0.212848 0.00108022
8.8 6.8 0.0637491 0.201536
8.8 7 -0.173791 0.11772
8.8 7.2 -0.158341 -0.13556
8.8 7.4 0.0921729 -0.185327
8.8 7.6 0.199874 0.0478866
8.8 7.8 -0.00575453 0.204004
8.8 8 -0.200059 0.0322889
8.8 8.2 -0.0652358 -0.190353
8.8 8.4 0.176958 -0.092777
8.8 8.6 0.115084 0.161609
8.8 8.8 -0.145677 0.132622
8.8 9 -0.146008 -0.13019
8.8 9.2 0.115878 -0.155903
8.8 9.4 0.162947 0.103231
8.8 9.6 -0.0925498 0.16771
8.8 9.8 -0.170673 -0.0839946
9 -10 0.186493 0.025132
9 -9.8 0.0345106 -0.186295
9 -9.6 -0.185034 -0.0463944
9 -9.4 -0.0607702 0.182206
9 -9.2 0.17718 0.0775195
9 -9 0.0963673 -0.169214
9 -8.8 -0.157477 -0.11682
9 -8.6 -0.138098 0.141099
9 -8.4 0.119254 0.159061
9 -8.2 0.178153 -0.0912842
9 -8 -0.0568785 -0.193373
9 -7.8 -0.202304 0.0162959
9 -7.6 -0.0293713 0.202239
9 -7.4 0.190442 0.077928
9 -7.2 0.125858 -0.164573
9 -7 -0.123307 -0.168255
9 -6.8 -0.199013 0.0671042
9 -6.6 -0.000957274 0.211442
9 -6.4 0.199404 0.0745034
9 -6.2 0.143656 -0.159008
9 -6 -0.0907051 -0.195712
9 -5.8 -0.21712 0.0013292
9 -5.6 -0.0947385 0.196929
9 -5.4 0.131403 0.17636
9 -5.2 0.219454 -0.0286599
9 -5 0.0887595 -0.204236
9 -4.8 -0.124785 -0.186077
9 -4.6 -0.225366 -0.00238301
9 -4.4 -0.136108 0.181281
9 -4.2 0.0586586 0.220297
9 -4 0.207359 0.0977086
9 -3.8 0.21271 -0.0886521
9 -3.6 0.0851851 -0.215394
9 -3.4 -0.0875997 -0.215655
9 -3.2 -0.209527 -0.103883
9 -3 -0.228957 0.0525767
9 -2.8 -0.151734 0.180648
9 -2.6 -0.021899 0.235852
9 -2.4 0.10815 0.211739
9 -2.2 0.200127 0.129912
9 -2 0.238276 0.0228823
9 -1.8 0.226275 -0.0802539
9 -1.6 0.178859 -0.161128
9 -1.4 0.113516 -0.212947
9 -1.2 0.0450162 -0.237596
9 -1 -0.016834 -0.241674
9 -0.8 -0.0670982 -0.233158
9 -0.6 -0.104431 -0.219309
9 -0.4 -0.129525 -0.205729
9 -0.2 -0.14378 -0.196184
9 0 -0.148382 -0.192779
9 0.2 -0.14378 -0.196184
9 0.4 -0.129525 -0.205729
9 0.6 -0.104431 -0.219309
9 0.8 -0.0670982 -0.233158
9 1 -0.016834 -0.241674
9 1.2 0.0450162 -0.237596
9 1.4 0.113516 -0.212947
9 1.6 0.178859 -0.161128
9 1.8 0.226275 -0.0802539
9 2 0.238276 0.0228823
9 2.2 0.200127 0.129912
9 2.4 0.10815 0.211739
9 2.6 -0.021899 0.235852
9 2.8 -0.151734 0.180648
9 3 -0.228957 0.0525767
9 3.2 -0.209527 -0.103883
9 3.4 -0.0875997 -0.215655
9 3.6 0.0851851 -0.215394
9 3.8 0.21271 -0.0886521
9 4 0.207359 0.0977086
9 4.2 0.0586586 0.220297
9 4.4 -0.136108 0.181281
9 4.6 -0.225366 -0.00238301
9 4.8 -0.124785 -0.186077
9 5 0.0887595 -0.204236
9 5.2 0.219454 -0.0286599
9 5.4 0.131403 0.17636
9 5.6 -0.0947385 0.196929
9 5.8 -0.21712 0.0013292
9 6 -0.0907051 -0.195712
9 6.2 0.143656 -0.159008
9 6.4 0.199404 0.0745034
9 6.6 -0.000957274 0.211442
9 6.8 -0.199013 0.0671042
9 7 -0.123307 -0.168255
9 7.2 0.125858 -0.164573
9 7.4 0.190442 0.077928
9 7.6 -0.0293713 0.202239
9 7.8 -0.202304 0.0162959
9 8 -0.0568785 -0.193373
9 8.2 0.178153 -0.0912842
9 8.4 0.119254 0.159061
9 8.6 -0.138098 0.141099
9 8.8 -0.157477 -0.11682
9 9 0.0963673 -0.169214
9 9.2 0.17718 0.0775195
9 9.4 -0.0607702 0.182206
9 9.6 -0.185034 -0.0463944
9 9.8 0.0345106 -0.186295
9.2 -10 0.0257064 0.185672
9.2 -9.8 0.188194 -0.0137842
9.2 -9.6 0.000920591 -0.189963
9.2 -9.4 -0.19035 -0.0184793
9.2 -9.2 -0.0388489 0.188574
9.2 -9 0.183717 0.0618078
9.2 -8.8 0.0868787 -0.17474
9.2 -8.6 -0.160549 -0.113241
9.2 -8.4 -0.139641 0.140086
9.2 -8.2 0.112488 0.164321
9.2 -8 0.184983 -0.077294
9.2 -7.8 -0.0347198 -0.198826
9.2 -7.6 -0.20271 -0.0140291
9.2 -7.4 -0.0664416 0.193468
9.2 -7.2 0.168443 0.118463
9.2 -7 0.164446 -0.126218
9.2 -6.8 -0.0675294 -0.197446
9.2 -6.6 -0.210015 -0.00380961
9.2 -6.4 -0.0802202 0.195614
9.2 -6.2 0.150626 0.150314
9.2 -6 0.199956 -0.0767064
9.2 -5.8 0.0171377 -0.214844
9.2 -5.6 -0.184657 -0.113751
9.2 -5.4 -0.189519 0.108189
9.2 -5.2 -0.00210334 0.219547
9.2 -5 0.1863 0.118647
9.2 -4.8 0.203213 -0.0898039
9.2 -4.6 0.0449339 -0.218884
9.2 -4.4 -0.1478 -0.169252
9.2 -4.2 -0.225793 0.00780742
9.2 -4 -0.14324 0.17626
9.2 -3.8 0.0311328 0.226153
9.2 -3.6 0.182593 0.138887
9.2 -3.4 0.229413 -0.0223393
9.2 -3.2 0.160123 -0.167249
9.2 -3 0.0212808 -0.231565
9.2 -2.8 -0.12033 -0.200097
9.2 -2.6 -0.212458 -0.0990007
9.2 -2.4 -0.233639 0.0274008
9.2 -2.2 -0.190957 0.138733
9.2 -2 -0.107841 0.210783
9.2 -1.8 -0.0108979 0.237194
9.2 -1.6 0.0789069 0.2246
9.2 -1.4 0.149632 0.185859
9.2 -1.2 0.197698 0.134459
9.2 -1 0.225285 0.0812877
9.2 -0.8 0.237483 0.0335657
9.2 -0.6 0.240063 -0.00481243
9.2 -0.4 0.238122 -0.0323023
9.2 -0.2 0.235445 -0.0486532
9.2 0 0.234302 -0.0540622
9.2 0.2 0.235445 -0.0486532
9.2 0.4 0.238122 -0.0323023
9.2 0.6 0.240063 -0.00481243
9.2 0.8 0.237483 0.0335657
9.2 1 0.225285 0.0812877
9.2 1.2 0.197698 0.134459
9.2 1.4 0.149632 0.185859
9.2 1.6 0.0789069 0.2246
9.2 1.8 -0.0108979 0.237194
9.2 2 -0.107841 0.210783
9.2 2.2 -0.190957 0.138733
9.2 2.4 -0.233639 0.0274008
9.2 2.6 -0.212458 -0.0990007
9.2 2.8 -0.12033 -0.200097
9.2 3 0.0212808 -0.231565
9.2 3.2 0.160123 -0.167249
9.2 3.4 0.229413 -0.0223393
9.2 3.6 0.182593 0.138887
9.2 3.8 0.0311328 0.226153
9.2 4 -0.14324 0.17626
9.2 4.2 -0.225793 0.00780742
9.2 4.4 -0.1478 -0.169252
9.2 4.6 0.0449339 -0.218884
9.2 4.8 0.203213 -0.0898039
9.2 5 0.1863 0.118647
9.2 5.2 -0.00210334 0.219547
9.2 5.4 -0.189519 0.108189
9.2 5.6 -0.184657 -0.113751
9.2 5.8 0.0171377 -0.214844
9.2 6 0.199956 -0.0767064
9.2 6.2 0.150626 0.150314
9.2 6.4 -0.0802202 0.195614
9.2 6.6 -0.210015 -0.00380961
9.2 6.8 -0.0675294 -0.197446
9.2 7 0.164446 -0.126218
9.2 7.2 0.168443 0.118463
9.2 7.4 -0.0664416 0.193468
9.2 7.6 -0.20271 -0.0140291
9.2 7.8 -0.0347198 -0.198826
9.2 8 0.184983 -0.077294
9.2 8.2 0.112488 0.164321
9.2 8.4 -0.139641 0.140086
9.2 8.6 -0.160549 -0.113241
9.2 8.8 0.0868787 -0.17474
9.2 9 0.183717 0.0618078
9.2 9.2 -0.0388489 0.188574
9.2 9.4 -0.19035 -0.0184793
9.2 9.6 0.000920591 -0.189963
9.2 9.8 0.188194 -0.0137842
9.4 -10 -0.172563 0.0712675
9.4 -9.8 0.0576976 0.17885
9.4 -9.6 0.184655 -0.0410526
9.4 -9.4 -0.0211469 -0.189233
9.4 -9.2 -0.191658 -0.00207873
9.4 -9 -0.0284781 0.190823
9.4 -8.8 0.185474 0.0576036
9.4 -8.6 0.0885982 -0.17427
9.4 -8.4 -0.155905 -0.120086
9.4 -8.2 -0.150083 0.129289
9.4 -8 0.093807 0.175957
9.4 -7.8 0.194478 -0.0496414
9.4 -7.6 0.001851 -0.202024
9.4 -7.4 -0.194975 -0.0577788
9.4 -7.2 -0.113461 0.170356
9.4 -7 0.126725 0.162422
9.4 -6.8 0.196816 -0.0652148
9.4 -6.6 0.0094475 -0.208454
9.4 -6.4 -0.190532 -0.0882931
9.4 -6.2 -0.158307 0.139981
9.4 -6 0.0600454 0.203984
9.4 -5.8 0.210599 0.0377179
9.4 -5.6 0.133207 -0.169085
9.4 -5.4 -0.0815493 -0.200604
9.4 -5.2 -0.21506 -0.0345983
9.4 -5 -0.146786 0.162645
9.4 -4.8 0.0506645 0.214428
9.4 -4.6 0.203778 0.0869568
9.4 -4.4 0.195434 -0.106889
9.4 -4.2 0.0442656 -0.219508
9.4 -4 -0.134225 -0.180664
9.4 -3.8 -0.224325 -0.0288881
9.4 -3.6 -0.182194 0.135824
9.4 -3.4 -0.0447732 0.223851
9.4 -3.2 0.109648 0.201361
9.4 -3 0.210811 0.0925413
9.4 -2.8 0.226221 -0.0473981
9.4 -2.6 0.163674 -0.164407
9.4 -2.4 0.0557612 -0.226017
9.4 -2.2 -0.0597891 -0.225764
9.4 -2 -0.15419 -0.176341
9.4 -1.8 -0.213059 -0.0988792
9.4 -1.6 -0.235057 -0.0139015
9.4 -1.4 -0.227218 0.0637364
9.4 -1.2 -0.199993 0.126131
9.4 -1 -0.163625 0.171225
9.4 -0.8 -0.126259 0.200756
9.4 -0.6 -0.0934447 0.218248
9.4 -0.4 -0.0684698 0.227514
9.4 -0.2 -0.0530169 0.231716
9.4 0 -0.0478031 0.232885
9.4 0.2 -0.0530169 0.231716
9.4 0.4 -0.0684698 0.227514
9.4 0.6 -0.0934447 0.218248
9.4 0.8 -0.126259 0.200756
9.4 1 -0.163625 0.171225
9.4 1.2 -0.199993 0.126131
9.4 1.4 -0.227218 0.0637364
9.4 1.6 -0.235057 -0.0139015
9.4 1.8 -0.213059 -0.0988792
9.4 2 -0.15419 -0.176341
9.4 2.2 -0.0597891 -0.225764
9.4 2.4 0.0557612 -0.226017
9.4 2.6 0.163674 -0.164407
9.4 2.8 0.226221 -0.0473981
9.4 3 0.210811 0.0925413
9.4 3.2 0.109648 0.201361
9.4 3.4 -0.0447732 0.223851
9.4 3.6 -0.182194 0.135824
9.4 3.8 -0.224325 -0.0288881
9.4 4 -0.134225 -0.180664
9.4 4.2 0.0442656 -0.219508
9.4 4.4 0.195434 -0.106889
9.4 4.6 0.203778 0.0869568
9.4 4.8 0.0506645 0.214428
9.4 5 -0.146786 0.162645
9.4 5.2 -0.21506 -0.0345983
9.4 5.4 -0.0815493 -0.200604
9.4 5.6 0.133207 -0.169085
9.4 5.8 0.210599 0.0377179
9.4 6 0.0600454 0.203984
9.4 6.2 -0.158307 0.139981
9.4 6.4 -0.190532 -0.0882931
9.4 6.6 0.0094475 -0.208454
9.4 6.8 0.196816 -0.0652148
9.4 7 0.126725 0.162422
9.4 7.2 -0.113461 0.170356
9.4 7.4 -0.194975 -0.0577788
9.4 7.6 0.001851 -0.202024
9.4 7.8 0.194478 -0.0496414
9.4 8 0.093807 0.175957
9.4 8.2 -0.150083 0.129289
9.4 8.4 -0.155905 -0.120086
9.4 8.6 0.0885982 -0.17427
9.4 8.8 0.185474 0.0576036
9.4 9 -0.0284781 0.190823
9.4 9.2 -0.191658 -0.00207873
9.4 9.4 -0.0211469 -0.189233
9.4 9.6 0.184655 -0.0410526
9.4 9.8 0.0576976 0.17885
9.6 -10 -0.109374 -0.150384
9.6 -9.8 -0.161075 0.0952877
9.6 -9.6 0.0777823 0.171546
9.6 -9.4 0.180948 -0.0565335
9.6 -9.2 -0.0313584 -0.188205
9.6 -9 -0.192021 0.00231131
9.6 -8.8 -0.0301993 0.190904
9.6 -8.6 0.183249 0.0652786
9.6 -8.4 0.101412 -0.167476
9.6 -8.2 -0.14225 -0.13636
9.6 -8 -0.167111 0.106797
9.6 -7.8 0.0612835 0.189956
9.6 -7.6 0.200744 -0.00726481
9.6 -7.4 0.0519111 -0.19538
9.6 -7.2 -0.170597 -0.110841
9.6 -7 -0.162131 0.12501
9.6 -6.8 0.0603034 0.196991
9.6 -6.6 0.206544 0.0176823
9.6 -6.4 0.098401 -0.183911
9.6 -6.2 -0.126913 -0.167135
9.6 -6 -0.207151 0.0408029
9.6 -5.8 -0.059957 0.203757
9.6 -5.6 0.149872 0.152265
9.6 -5.4 0.208575 -0.0517215
9.6 -5.2 0.0678634 -0.20519
9.6 -5 -0.133254 -0.17169
9.6 -4.8 -0.218362 0.00850723
9.6 -4.6 -0.126339 0.179739
9.6 -4.4 0.0600034 0.212539
9.6 -4.2 0.200826 0.0945448
9.6 -4 0.206928 -0.0832817
9.6 -3.8 0.0871438 -0.206482
9.6 -3.6 -0.0782155 -0.211118
9.6 -3.4 -0.198742 -0.107868
9.6 -3.2 -0.223189 0.0418249
9.6 -3 -0.153727 0.168352
9.6 -2.8 -0.0301703 0.226842
9.6 -2.6 0.0972204 0.20806
9.6 -2.4 0.189722 0.130762
9.6 -2.2 0.229659 0.0260731
9.6 -2 0.218763 -0.0766352
9.6 -1.8 0.170689 -0.157727
9.6 -1.6 0.102875 -0.209013
9.6 -1.4 0.0307147 -0.231422
9.6 -1.2 -0.0351853 -0.231223
9.6 -1 -0.0893026 -0.216565
9.6 -0.8 -0.130115 -0.195164
9.6 -0.6 -0.158578 -0.173161
9.6 -0.4 -0.176721 -0.154863
9.6 -0.2 -0.18662 -0.142949
9.6 0 -0.189745 -0.138833
9.6 0.2 -0.18662 -0.142949
9.6 0.4 -0.176721 -0.154863
9.6 0.6 -0.158578 -0.173161
9.6 0.8 -0.130115 -0.195164
9.6 1 -0.0893026 -0.216565
9.6 1.2 -0.0351853 -0.231223
9.6 1.4 0.0307147 -0.231422
9.6 1.6 0.102875 -0.209013
9.6 1.8 0.170689 -0.157727
9.6 2 0.218763 -0.0766352
9.6 2.2 0.229659 0.0260731
9.6 2.4 0.189722 0.130762
9.6 2.6 0.0972204 0.20806
9.6 2.8 -0.0301703 0.226842
9.6 3 -0.153727 0.168352
9.6 3.2 -0.223189 0.0418249
9.6 3.4 -0.198742 -0.107868
9.6 3.6 -0.0782155 -0.211118
9.6 3.8 0.0871438 -0.206482
9.6 4 0.206928 -0.0832817
9.6 4.2 0.200826 0.0945448
9.6 4.4 0.0600034 0.212539
9.6 4.6 -0.126339 0.179739
9.6 4.8 -0.218362 0.00850723
9.6 5 -0.133254 -0.17169
9.6 5.2 0.0678634 -0.20519
9.6 5.4 0.208575 -0.0517215
9.6 5.6 0.149872 0.152265
9.6 5.8 -0.059957 0.203757
9.6 6 -0.207151 0.0408029
9.6 6.2 -0.126913 -0.167135
9.6 6.4 0.098401 -0.183911
9.6 6.6 0.206544 0.0176823
9.6 6.8 0.0603034 0.196991
9.6 7 -0.162131 0.12501
9.6 7.2 -0.170597 -0.110841
9.6 7.4 0.0519111 -0.19538
9.6 7.6 0.200744 -0.00726481
9.6 7.8 0.0612835 0.189956
9.6 8 -0.167111 0.106797
9.6 8.2 -0.14225 -0.13636
9.6 8.4 0.101412 -0.167476
9.6 8.6 0.183249 0.0652786
9.6 8.8 -0.0301993 0.190904
9.6 9 -0.192021 0.00231131
9.6 9.2 -0.0313584 -0.188205
9.6 9.4 0.180948 -0.0565335
9.6 9.6 0.0777823 0.171546
9.6 9.8 -0.161075 0.0952877
9.8 -10 0.122291 -0.13908
9.8 -9.8 -0.125671 -0.137621
9.8 -9.6 -0.153024 0.10843
9.8 -9.4 0.0868756 0.167549
9.8 -9.2 0.179974 -0.0606823
9.8 -9 -0.0297992 -0.188795
9.8 -8.8 -0.192266 -0.00541009
9.8 -8.6 -0.0440066 0.188491
9.8 -8.4 0.175588 0.0843171
9.8 -8.2 0.123807 -0.151963
9.8 -8 -0.116675 -0.159038
9.8 -7.8 -0.185766 0.0699065
9.8 -7.6 0.0134659 0.199271
9.8 -7.4 0.194966 0.0487525
9.8 -7.2 0.110519 -0.169339
9.8 -7 -0.121177 -0.163436
9.8 -6.8 -0.197748 0.0529025
9.8 -6.6 -0.028313 0.203989
9.8 -6.4 0.175464 0.110169
9.8 -6.2 0.176223 -0.111278
9.8 -6 -0.019146 -0.208767
9.8 -5.8 -0.193724 -0.0832685
9.8 -5.6 -0.169968 0.126824
9.8 -5.4 0.0191879 0.2124
9.8 -5.2 0.189335 0.100694
9.8 -5 0.191798 -0.0984954
9.8 -4.8 0.0351052 -0.213894
9.8 -4.6 -0.147032 -0.160788
9.8 -4.4 -0.218782 0.00925398
9.8 -4.2 -0.139742 0.169983
9.8 -4 0.0264082 0.219511
9.8 -3.8 0.173161 0.139089
9.8 -3.6 0.222634 -0.0141416
9.8 -3.4 0.161046 -0.155727
9.8 -3.2 0.0297665 -0.222948
9.8 -3 -0.108306 -0.198117
9.8 -2.8 -0.201559 -0.103563
9.8 -2.6 -0.226592 0.018945
9.8 -2.4 -0.187884 0.129363
9.8 -2.2 -0.107139 0.202156
9.8 -2 -0.010678 0.229174
9.8 -1.8 0.0797286 0.21574
9.8 -1.6 0.150928 0.174249
9.8 -1.4 0.198317 0.118443
9.8 -1.2 0.223545 0.0598016
9.8 -1 0.231676 0.00611423
9.8 -0.8 0.228845 -0.0384184
9.8 -0.6 0.220739 -0.0722912
9.8 -0.4 0.211866 -0.0956044
9.8 -0.2 0.20535 -0.109108
9.8 0 0.202985 -0.113515
9.8 0.2 0.20535 -0.109108
9.8 0.4 0.211866 -0.0956044
9.8 0.6 0.220739 -0.0722912
9.8 0.8 0.228845 -0.0384184
9.8 1 0.231676 0.00611423
9.8 1.2 0.223545 0.0598016
9.8 1.4 0.198317 0.118443
9.8 1.6 0.150928 0.174249
9.8 1.8 0.0797286 0.21574
9.8 2 -0.010678 0.229174
9.8 2.2 -0.107139 0.202156
9.8 2.4 -0.187884 0.129363
9.8 2.6 -0.226592 0.018945
9.8 2.8 -0.201559 -0.103563
9.8 3 -0.108306 -0.198117
9.8 3.2 0.0297665 -0.222948
9.8 3.4 0.161046 -0.155727
9.8 3.6 0.222634 -0.0141416
9.8 3.8 0.173161 0.139089
9.8 4 0.0264082 0.219511
9.8 4.2 -0.139742 0.169983
9.8 4.4 -0.218782 0.00925398
9.8 4.6 -0.147032 -0.160788
9.8 4.8 0.0351052 -0.213894
9.8 5 0.191798 -0.0984954
9.8 5.2 0.189335 0.100694
9.8 5.4 0.0191879 0.2124
9.8 5.6 -0.169968 0.126824
9.8 5.8 -0.193724 -0.0832685
9.8 6 -0.019146 -0.208767
9.8 6.2 0.176223 -0.111278
9.8 6.4 0.175464 0.110169
9.8 6.6 -0.028313 0.203989
9.8 6.8 -0.197748 0.0529025
9.8 7 -0.121177 -0.163436
9.8 7.2 0.110519 -0.169339
9.8 7.4 0.194966 0.0487525
9.8 7.6 0.0134659 0.199271
9.8 7.8 -0.185766 0.0699065
9.8 8 -0.116675 -0.159038
9.8 8.2 0.123807 -0.151963
9.8 8.4 0.175588 0.0843171
9.8 8.6 -0.0440066 0.188491
9.8 8.8 -0.192266 -0.00541009
9.8 9 -0.0297992 -0.188795
9.8 9.2 0.179974 -0.0606823
9.8 9.4 0.0868756 0.167549
9.8 9.6 -0.153024 0.10843
9.8 9.8 -0.125671 -0.137621
