-10 -10 0.0929481 -0.069299
-10 -9.8 0.0457414 -0.106209
-10 -9.6 0.00602244 -0.115573
-10 -9.4 -0.0155095 -0.114723
-10 -9.2 -0.0161982 -0.114208
-10 -9 0.0042852 -0.11538
-10 -8.8 0.0446757 -0.106432
-10 -8.6 0.0938428 -0.066317
-10 -8.4 0.114016 0.0162867
-10 -8.2 0.0523288 0.102229
-10 -8 -0.0738552 0.0874378
-10 -7.8 -0.0999486 -0.056502
-10 -7.6 0.0596764 -0.0971081
-10 -7.4 0.0778467 0.0836904
-10 -7.2 -0.110229 0.0288013
-10 -7 0.0537547 -0.0999625
-10 -6.8 0.0108199 0.113448
-10 -6.6 -0.0458926 -0.103057
-10 -6.4 0.0533679 0.10057
-10 -6.2 -0.0321695 -0.107692
-10 -6 -0.0212529 0.111663
-10 -5.8 0.0902154 -0.0667
-10 -5.6 -0.103977 -0.0458071
-10 -5.4 -0.018656 0.110573
-10 -5.2 0.110513 0.0278191
-10 -5 0.0637939 -0.0922809
-10 -4.8 -0.0300095 -0.110963
-10 -4.6 -0.0836451 -0.0751497
-10 -4.4 -0.102224 -0.0563719
-10 -4.2 -0.0933438 -0.0644676
-10 -4 -0.0614336 -0.101975
-10 -3.8 0.0315023 -0.112288
-10 -3.6 0.118423 -0.0249444
-10 -3.4 0.0279591 0.120831
-10 -3.2 -0.122847 -0.00070464
-10 -3 0.0860764 -0.104405
-10 -2.8 -0.0209953 0.128904
-10 -2.6 -0.0101391 -0.145444
-10 -2.4 -0.0360284 0.150853
-10 -2.2 0.107698 -0.115505
-10 -2 -0.192044 -0.0334621
-10 -1.8 -0.00462962 0.205101
-10 -1.6 0.248427 0.016103
-10 -1.4 0.201697 -0.261281
-10 -1.2 -0.0407586 -0.388477
-10 -1 -0.325513 -0.473838
-10 -0.8 -0.504111 -0.547684
-10 -0.6 -0.722794 -0.649525
-10 -0.4 -0.660506 -0.90304
-10 -0.2 -0.592541 -0.911462
-10 0 -0.43447 -0.737773
-10 0.2 -0.592541 -0.911462
-10 0.4 -0.660506 -0.90304
-10 0.6 -0.722794 -0.649525
-10 0.8 -0.504111 -0.547684
-10 1 -0.325513 -0.473838
-10 1.2 -0.0407586 -0.388477
-10 1.4 0.201697 -0.261281
-10 1.6 0.248427 0.016103
-10 1.8 -0.00462962 0.205101
-10 2 -0.192044 -0.0334621
-10 2.2 0.107698 -0.115505
-10 2.4 -0.0360284 0.150853
-10 2.6 -0.0101391 -0.145444
-10 2.8 -0.0209953 0.128904
-10 3 0.0860764 -0.104405
-10 3.2 -0.122847 -0.00070464
-10 3.4 0.0279591 0.120831
-10 3.6 0.118423 -0.0249444
-10 3.8 0.0315023 -0.112288
-10 4 -0.0614336 -0.101975
-10 4.2 -0.0933438 -0.0644676
-10 4.4 -0.102224 -0.0563719
-10 4.6 -0.0836451 -0.0751497
-10 4.8 -0.0300095 -0.110963
-10 5 0.0637939 -0.0922809
-10 5.2 0.110513 0.0278191
-10 5.4 -0.018656 0.110573
-10 5.6 -0.103977 -0.0458071
-10 5.8 0.0902154 -0.0667
-10 6 -0.0212529 0.111663
-10 6.2 -0.0321695 -0.107692
-10 6.4 0.0533679 0.10057
-10 6.6 -0.0458926 -0.103057
-10 6.8 0.0108199 0.113448
-10 7 0.0537547 -0.0999625
-10 7.2 -0.110229 0.0288013
-10 7.4 0.0778467 0.0836904
-10 7.6 0.0596764 -0.0971081
-10 7.8 -0.0999486 -0.056502
-10 8 -0.0738552 0.0874378
-10 8.2 0.0523288 0.102229
-10 8.4 0.114016 0.0162867
-10 8.6 0.0938428 -0.066317
-10 8.8 0.0446757 -0.106432
-10 9 0.0042852 -0.11538
-10 9.2 -0.0161982 -0.114208
-10 9.4 -0.0155095 -0.114723
-10 9.6 0.00602244 -0.115573
-10 9.8 0.0457414 -0.106209
-9.8 -10 -0.116642 -0.00965861
-9.8 -9.8 -0.0974658 0.0648249
-9.8 -9.6 -0.0542294 0.103392
-9.8 -9.4 -0.0180413 0.115448
-9.8 -9.2 8.16816e-05 0.116859
-9.8 -9 -0.00330813 0.116393
-9.8 -8.8 -0.0283885 0.113086
-9.8 -8.6 -0.0705695 0.0926536
-9.8 -8.4 -0.110441 0.0354821
-9.8 -8.2 -0.102054 -0.0557876
-9.8 -8 -0.00612107 -0.115631
-9.8 -7.8 0.107315 -0.0430865
-9.8 -7.6 0.0552753 0.101757
-9.8 -7.4 -0.106855 0.0424488
-9.8 -7.2 -0.00286443 -0.115489
-9.8 -7 0.096847 0.0613838
-9.8 -6.8 -0.113509 0.0179241
-9.8 -6.6 0.0919922 -0.0683352
-9.8 -6.4 -0.076163 0.085119
-9.8 -6.2 0.0803631 -0.0817092
-9.8 -6 -0.102266 0.0495524
-9.8 -5.8 0.113291 0.0176645
-9.8 -5.6 -0.0544354 -0.0993371
-9.8 -5.4 -0.0731125 0.0885456
-9.8 -5.2 0.0910128 0.0673679
-9.8 -5 0.087889 -0.0744341
-9.8 -4.8 -0.0136439 -0.112972
-9.8 -4.6 -0.0850653 -0.0782909
-9.8 -4.4 -0.105374 -0.0473723
-9.8 -4.2 -0.107845 -0.0425657
-9.8 -4 -0.087827 -0.0804573
-9.8 -3.8 -0.0200041 -0.114861
-9.8 -3.6 0.0954684 -0.0793108
-9.8 -3.4 0.0898296 0.0801768
-9.8 -3.2 -0.0990433 0.0813059
-9.8 -3 -0.00600605 -0.131911
-9.8 -2.8 0.0866647 0.0987933
-9.8 -2.6 -0.120207 -0.0888785
-9.8 -2.4 0.0990428 0.110074
-9.8 -2.2 -0.0458085 -0.157918
-9.8 -2 -0.129087 0.143233
-9.8 -1.8 0.177417 0.0904396
-9.8 -1.6 0.129885 -0.22224
-9.8 -1.4 -0.141379 -0.288824
-9.8 -1.2 -0.374604 -0.114088
-9.8 -1 -0.572446 0.0954316
-9.8 -0.8 -0.697731 0.240045
-9.8 -0.6 -0.90273 0.39612
-9.8 -0.4 -1.08706 0.228217
-9.8 -0.2 -1.07643 0.161155
-9.8 0 -0.845481 0.111859
-9.8 0.2 -1.07643 0.161155
-9.8 0.4 -1.08706 0.228217
-9.8 0.6 -0.90273 0.39612
-9.8 0.8 -0.697731 0.240045
-9.8 1 -0.572446 0.0954316
-9.8 1.2 -0.374604 -0.114088
-9.8 1.4 -0.141379 -0.288824
-9.8 1.6 0.129885 -0.22224
-9.8 1.8 0.177417 0.0904396
-9.8 2 -0.129087 0.143233
-9.8 2.2 -0.0458085 -0.157918
-9.8 2.4 0.0990428 0.110074
-9.8 2.6 -0.120207 -0.0888785
-9.8 2.8 0.0866647 0.0987933
-9.8 3 -0.00600605 -0.131911
-9.8 3.2 -0.0990433 0.0813059
-9.8 3.4 0.0898296 0.0801768
-9.8 3.6 0.0954684 -0.0793108
-9.8 3.8 -0.0200041 -0.114861
-9.8 4 -0.087827 -0.0804573
-9.8 4.2 -0.107845 -0.0425657
-9.8 4.4 -0.105374 -0.0473723
-9.8 4.6 -0.0850653 -0.0782909
-9.8 4.8 -0.0136439 -0.112972
-9.8 5 0.087889 -0.0744341
-9.8 5.2 0.0910128 0.0673679
-9.8 5.4 -0.0731125 0.0885456
-9.8 5.6 -0.0544354 -0.0993371
-9.8 5.8 0.113291 0.0176645
-9.8 6 -0.102266 0.0495524
-9.8 6.2 0.0803631 -0.0817092
-9.8 6.4 -0.076163 0.085119
-9.8 6.6 0.0919922 -0.0683352
-9.8 6.8 -0.113509 0.0179241
-9.8 7 0.096847 0.0613838
-9.8 7.2 -0.00286443 -0.115489
-9.8 7.4 -0.106855 0.0424488
-9.8 7.6 0.0552753 0.101757
-9.8 7.8 0.107315 -0.0430865
-9.8 8 -0.00612107 -0.115631
-9.8 8.2 -0.102054 -0.0557876
-9.8 8.4 -0.110441 0.0354821
-9.8 8.6 -0.0705695 0.0926536
-9.8 8.8 -0.0283885 0.113086
-9.8 9 -0.00330813 0.116393
-9.8 9.2 8.16816e-05 0.116859
-9.8 9.4 -0.0180413 0.115448
-9.8 9.6 -0.0542294 0.103392
-9.8 9.8 -0.0974658 0.0648249
-9.6 -10 0.0704469 0.0947382
-9.6 -9.8 0.117343 0.0140719
-9.6 -9.6 0.101958 -0.0598061
-9.6 -9.4 0.0629365 -0.0996892
-9.6 -9.2 0.0306593 -0.113949
-9.6 -9 0.0163758 -0.116838
-9.6 -8.8 0.0240031 -0.11509
-9.6 -8.6 0.0527453 -0.105285
-9.6 -8.4 0.0932454 -0.0715425
-9.6 -8.2 0.117144 0.00089464
-9.6 -8 0.0752489 0.0901654
-9.6 -7.8 -0.0441412 0.108122
-9.6 -7.6 -0.115927 -0.0149599
-9.6 -7.4 0.0102923 -0.116274
-9.6 -7.2 0.111157 0.0336812
-9.6 -7 -0.0781173 0.0865859
-9.6 -6.8 -0.0165509 -0.114375
-9.6 -6.6 0.0804723 0.0839541
-9.6 -6.4 -0.104111 -0.0493321
-9.6 -6.2 0.108425 0.0408738
-9.6 -6 -0.0986465 -0.0590768
-9.6 -5.8 0.0601068 0.0986959
-9.6 -5.6 0.0234044 -0.112404
-9.6 -5.4 -0.110843 0.0326798
-9.6 -5.2 0.0551621 0.100521
-9.6 -5 0.108209 -0.0421242
-9.6 -4.8 0.00560127 -0.114414
-9.6 -4.6 -0.079589 -0.0863423
-9.6 -4.4 -0.107914 -0.0392428
-9.6 -4.2 -0.116473 -0.025692
-9.6 -4 -0.104771 -0.0515229
-9.6 -3.8 -0.0650587 -0.101618
-9.6 -3.6 0.0494115 -0.111932
-9.6 -3.4 0.120671 0.0136218
-9.6 -3.2 -0.0320919 0.127019
-9.6 -3 -0.0921448 -0.0880136
-9.6 -2.8 0.137201 0.00171976
-9.6 -2.6 -0.143645 0.0313632
-9.6 -2.4 0.14354 -0.0227585
-9.6 -2.2 -0.163561 -0.0509876
-9.6 -2 0.0530993 0.177683
-9.6 -1.8 0.158165 -0.122006
-9.6 -1.6 -0.138769 -0.22328
-9.6 -1.4 -0.310672 0.00372836
-9.6 -1.2 -0.256594 0.303656
-9.6 -1 -0.157217 0.560094
-9.6 -0.8 -0.0566203 0.731558
-9.6 -0.6 -0.0144009 0.998896
-9.6 -0.4 -0.236357 1.07721
-9.6 -0.2 -0.300908 1.04627
-9.6 0 -0.225782 0.821221
-9.6 0.2 -0.300908 1.04627
-9.6 0.4 -0.236357 1.07721
-9.6 0.6 -0.0144009 0.998896
-9.6 0.8 -0.0566203 0.731558
-9.6 1 -0.157217 0.560094
-9.6 1.2 -0.256594 0.303656
-9.6 1.4 -0.310672 0.00372836
-9.6 1.6 -0.138769 -0.22328
-9.6 1.8 0.158165 -0.122006
-9.6 2 0.0530993 0.177683
-9.6 2.2 -0.163561 -0.0509876
-9.6 2.4 0.14354 -0.0227585
-9.6 2.6 -0.143645 0.0313632
-9.6 2.8 0.137201 0.00171976
-9.6 3 -0.0921448 -0.0880136
-9.6 3.2 -0.0320919 0.127019
-9.6 3.4 0.120671 0.0136218
-9.6 3.6 0.0494115 -0.111932
-9.6 3.8 -0.0650587 -0.101618
-9.6 4 -0.104771 -0.0515229
-9.6 4.2 -0.116473 -0.025692
-9.6 4.4 -0.107914 -0.0392428
-9.6 4.6 -0.079589 -0.0863423
-9.6 4.8 0.00560127 -0.114414
-9.6 5 0.108209 -0.0421242
-9.6 5.2 0.0551621 0.100521
-9.6 5.4 -0.110843 0.0326798
-9.6 5.6 0.0234044 -0.112404
-9.6 5.8 0.0601068 0.0986959
-9.6 6 -0.0986465 -0.0590768
-9.6 6.2 0.108425 0.0408738
-9.6 6.4 -0.104111 -0.0493321
-9.6 6.6 0.0804723 0.0839541
-9.6 6.8 -0.0165509 -0.114375
-9.6 7 -0.0781173 0.0865859
-9.6 7.2 0.111157 0.0336812
-9.6 7.4 0.0102923 -0.116274
-9.6 7.6 -0.115927 -0.0149599
-9.6 7.8 -0.0441412 0.108122
-9.6 8 0.0752489 0.0901654
-9.6 8.2 0.117144 0.00089464
-9.6 8.4 0.0932454 -0.0715425
-9.6 8.6 0.0527453 -0.105285
-9.6 8.8 0.0240031 -0.11509
-9.6 9 0.0163758 -0.116838
-9.6 9.2 0.0306593 -0.113949
-9.6 9.4 0.0629365 -0.0996892
-9.6 9.6 0.101958 -0.0598061
-9.6 9.8 0.117343 0.0140719
-9.4 -10 0.0401591 -0.112503
-9.4 -9.8 -0.0690358 -0.0972341
-9.4 -9.6 -0.117873 -0.0187896
-9.4 -9.4 -0.106378 0.054196
-9.4 -9.2 -0.0717892 0.0949961
-9.4 -9 -0.0437485 0.110868
-9.4 -8.8 -0.0335973 0.114297
-9.4 -8.6 -0.0452748 0.109759
-9.4 -8.4 -0.0760108 0.091497
-9.4 -8.2 -0.110319 0.0435824
-9.4 -8 -0.111528 -0.0396022
-9.4 -7.8 -0.035313 -0.113184
-9.4 -7.6 0.0885117 -0.0778033
-9.4 -7.4 0.0931611 0.0726798
-9.4 -7.2 -0.0761222 0.0896884
-9.4 -7 -0.0636007 -0.0987692
-9.4 -6.8 0.117441 -0.00468328
-9.4 -6.6 -0.0805925 0.0845101
-9.4 -6.4 0.0285839 -0.11385
-9.4 -6.2 -0.0012141 0.116191
-9.4 -6 0.0056187 -0.117081
-9.4 -5.8 -0.0425441 0.107644
-9.4 -5.6 0.0983248 -0.063703
-9.4 -5.4 -0.108436 -0.0396097
-9.4 -5.2 -0.000954641 0.11731
-9.4 -5 0.115461 -0.000663418
-9.4 -4.8 0.0332241 -0.112848
-9.4 -4.6 -0.0685309 -0.0939796
-9.4 -4.4 -0.111776 -0.0372466
-9.4 -4.2 -0.118183 -0.0122722
-9.4 -4 -0.115824 -0.0214033
-9.4 -3.8 -0.0964366 -0.076323
-9.4 -3.6 -0.0071598 -0.119506
-9.4 -3.4 0.113772 -0.0547898
-9.4 -3.2 0.0469714 0.119486
-9.4 -3 -0.127877 0.00146161
-9.4 -2.8 0.10177 -0.0983077
-9.4 -2.6 -0.06498 0.125011
-9.4 -2.4 0.0627732 -0.135753
-9.4 -2.2 -0.137624 0.105227
-9.4 -2 0.172655 0.0394294
-9.4 -1.8 -0.039628 -0.202543
-9.4 -1.6 -0.262186 0.0156714
-9.4 -1.4 -0.120574 0.275599
-9.4 -1.2 0.177469 0.366045
-9.4 -1 0.438231 0.377911
-9.4 -0.8 0.649242 0.340516
-9.4 -0.6 0.912269 0.434735
-9.4 -0.4 0.880503 0.651804
-9.4 -0.2 0.825264 0.708517
-9.4 0 0.669766 0.528132
-9.4 0.2 0.825264 0.708517
-9.4 0.4 0.880503 0.651804
-9.4 0.6 0.912269 0.434735
-9.4 0.8 0.649242 0.340516
-9.4 1 0.438231 0.377911
-9.4 1.2 0.177469 0.366045
-9.4 1.4 -0.120574 0.275599
-9.4 1.6 -0.262186 0.0156714
-9.4 1.8 -0.039628 -0.202543
-9.4 2 0.172655 0.0394294
-9.4 2.2 -0.137624 0.105227
-9.4 2.4 0.0627732 -0.135753
-9.4 2.6 -0.06498 0.125011
-9.4 2.8 0.10177 -0.0983077
-9.4 3 -0.127877 0.00146161
-9.4 3.2 0.0469714 0.119486
-9.4 3.4 0.113772 -0.0547898
-9.4 3.6 -0.0071598 -0.119506
-9.4 3.8 -0.0964366 -0.076323
-9.4 4 -0.115824 -0.0214033
-9.4 4.2 -0.118183 -0.0122722
-9.4 4.4 -0.111776 -0.0372466
-9.4 4.6 -0.0685309 -0.0939796
-9.4 4.8 0.0332241 -0.112848
-9.4 5 0.115461 -0.000663418
-9.4 5.2 -0.000954641 0.11731
-9.4 5.4 -0.108436 -0.0396097
-9.4 5.6 0.0983248 -0.063703
-9.4 5.8 -0.0425441 0.107644
-9.4 6 0.0056187 -0.117081
-9.4 6.2 -0.0012141 0.116191
-9.4 6.4 0.0285839 -0.11385
-9.4 6.6 -0.0805925 0.0845101
-9.4 6.8 0.117441 -0.00468328
-9.4 7 -0.0636007 -0.0987692
-9.4 7.2 -0.0761222 0.0896884
-9.4 7.4 0.0931611 0.0726798
-9.4 7.6 0.0885117 -0.0778033
-9.4 7.8 -0.035313 -0.113184
-9.4 8 -0.111528 -0.0396022
-9.4 8.2 -0.110319 0.0435824
-9.4 8.4 -0.0760108 0.091497
-9.4 8.6 -0.0452748 0.109759
-9.4 8.8 -0.0335973 0.114297
-9.4 9 -0.0437485 0.110868
-9.4 9.2 -0.0717892 0.0949961
-9.4 9.4 -0.106378 0.054196
-9.4 9.6 -0.117873 -0.0187896
-9.4 9.8 -0.0690358 -0.0972341
-9.2 -10 -0.119962 0.0128122
-9.2 -9.8 -0.0417173 0.113253
-9.2 -9.6 0.0674315 0.0998383
-9.2 -9.4 0.118197 0.023827
-9.2 -9.2 0.110668 -0.0479467
-9.2 -9 0.0806919 -0.0892033
-9.2 -8.8 0.0571331 -0.105992
-9.2 -8.6 0.0512146 -0.108873
-9.2 -8.4 0.0663118 -0.0999368
-9.2 -8.2 0.0965485 -0.0715504
-9.2 -8 0.11931 -0.0100862
-9.2 -7.8 0.0921839 0.0762113
-9.2 -7.6 -0.013141 0.118955
-9.2 -7.4 -0.115701 0.0278298
-9.2 -7.2 -0.0407359 -0.112242
-9.2 -7 0.115748 -0.0258475
-9.2 -6.8 -0.0196836 0.11724
-9.2 -6.6 -0.0825206 -0.0848309
-9.2 -6.4 0.117107 0.0165796
-9.2 -6.2 -0.114129 0.0304924
-9.2 -6 0.110033 -0.0419245
-9.2 -5.8 -0.115607 0.0232105
-9.2 -5.6 0.112666 0.0331546
-9.2 -5.4 -0.0585254 -0.102099
-9.2 -5.2 -0.0648329 0.098065
-9.2 -5 0.107814 0.0464442
-9.2 -4.8 0.0660737 -0.0982482
-9.2 -4.6 -0.0551923 -0.103254
-9.2 -4.4 -0.112006 -0.0432403
-9.2 -4.2 -0.117533 0.000312758
-9.2 -4 -0.121614 0.00339143
-9.2 -3.8 -0.1133 -0.0424016
-9.2 -3.6 -0.0606378 -0.105796
-9.2 -3.4 0.0743997 -0.104328
-9.2 -3.2 0.106448 0.0653846
-9.2 -3 -0.0986155 0.0896258
-9.2 -2.8 0.00605942 -0.139511
-9.2 -2.6 0.0573503 0.125499
-9.2 -2.4 -0.0742241 -0.137669
-9.2 -2.2 0.00637464 0.168381
-9.2 -2 0.113577 -0.131419
-9.2 -1.8 -0.204419 -0.0648769
-9.2 -1.6 -0.107289 0.232665
-9.2 -1.4 0.201273 0.21656
-9.2 -1.2 0.416431 -0.00807238
-9.2 -1 0.520611 -0.235886
-9.2 -0.8 0.571593 -0.464849
-9.2 -0.6 0.783933 -0.652226
-9.2 -0.4 0.94857 -0.535465
-9.2 -0.2 0.985775 -0.453741
-9.2 0 0.750378 -0.413508
-9.2 0.2 0.985775 -0.453741
-9.2 0.4 0.94857 -0.535465
-9.2 0.6 0.783933 -0.652226
-9.2 0.8 0.571593 -0.464849
-9.2 1 0.520611 -0.235886
-9.2 1.2 0.416431 -0.00807238
-9.2 1.4 0.201273 0.21656
-9.2 1.6 -0.107289 0.232665
-9.2 1.8 -0.204419 -0.0648769
-9.2 2 0.113577 -0.131419
-9.2 2.2 0.00637464 0.168381
-9.2 2.4 -0.0742241 -0.137669
-9.2 2.6 0.0573503 0.125499
-9.2 2.8 0.00605942 -0.139511
-9.2 3 -0.0986155 0.0896258
-9.2 3.2 0.106448 0.0653846
-9.2 3.4 0.0743997 -0.104328
-9.2 3.6 -0.0606378 -0.105796
-9.2 3.8 -0.1133 -0.0424016
-9.2 4 -0.121614 0.00339143
-9.2 4.2 -0.117533 0.000312758
-9.2 4.4 -0.112006 -0.0432403
-9.2 4.6 -0.0551923 -0.103254
-9.2 4.8 0.0660737 -0.0982482
-9.2 5 0.107814 0.0464442
-9.2 5.2 -0.0648329 0.098065
-9.2 5.4 -0.0585254 -0.102099
-9.2 5.6 0.112666 0.0331546
-9.2 5.8 -0.115607 0.0232105
-9.2 6 0.110033 -0.0419245
-9.2 6.2 -0.114129 0.0304924
-9.2 6.4 0.117107 0.0165796
-9.2 6.6 -0.0825206 -0.0848309
-9.2 6.8 -0.0196836 0.11724
-9.2 7 0.115748 -0.0258475
-9.2 7.2 -0.0407359 -0.112242
-9.2 7.4 -0.115701 0.0278298
-9.2 7.6 -0.013141 0.118955
-9.2 7.8 0.0921839 0.0762113
-9.2 8 0.11931 -0.0100862
-9.2 8.2 0.0965485 -0.0715504
-9.2 8.4 0.0663118 -0.0999368
-9.2 8.6 0.0512146 -0.108873
-9.2 8.8 0.0571331 -0.105992
-9.2 9 0.0806919 -0.0892033
-9.2 9.2 0.110668 -0.0479467
-9.2 9.4 0.118197 0.023827
-9.2 9.6 0.0674315 0.0998383
-9.2 9.8 -0.0417173 0.113253
-9 -10 0.0492796 0.111351
-9 -9.8 0.121206 -0.0128754
-9 -9.6 0.0434088 -0.113978
-9 -9.4 -0.0656128 -0.102551
-9 -9.2 -0.118274 -0.0291987
-9 -9 -0.114758 0.0410102
-9 -8.8 -0.0895225 0.0821993
-9 -8.6 -0.0705796 0.0991064
-9 -8.4 -0.0687401 0.10023
-9 -8.2 -0.0860884 0.0852913
-9 -8 -0.112478 0.0457244
-9 -7.8 -0.117922 -0.0266463
-9 -7.6 -0.059361 -0.10534
-9 -7.4 0.0624589 -0.103382
-9 -7.2 0.115798 0.032468
-9 -7 -0.0286915 0.117127
-9 -6.8 -0.107173 -0.0533053
-9 -6.6 0.0971959 -0.0707778
-9 -6.4 -0.0134757 0.118473
-9 -6.2 -0.0503648 -0.10873
-9 -6 0.0772817 0.0902478
-9 -5.8 -0.0751794 -0.0929268
-9 -5.6 0.0424824 0.110502
-9 -5.4 0.0315295 -0.115265
-9 -5.2 -0.110115 0.042366
-9 -5 0.0742989 0.094004
-9 -4.8 0.0945509 -0.0704314
-9 -4.6 -0.0333887 -0.115532
-9 -4.4 -0.107089 -0.051934
-9 -4.2 -0.119878 0.00854308
-9 -4 -0.120355 0.0217777
-9 -3.8 -0.12011 -0.00523045
-9 -3.6 -0.0998106 -0.0770771
-9 -3.4 0.0155885 -0.124253
-9 -3.2 0.126507 -0.0112734
-9 -3 -0.0227219 0.134409
-9 -2.8 -0.0907019 -0.0993093
-9 -2.6 0.137643 0.035316
-9 -2.4 -0.155917 -0.0302881
-9 -2.2 0.137587 0.0834863
-9 -2 -0.0626861 -0.166487
-9 -1.8 -0.162323 0.146223
-9 -1.6 0.152196 0.193292
-9 -1.4 0.280251 -0.0993588
-9 -1.2 0.17473 -0.385805
-9 -1 0.000490202 -0.561773
-9 -0.8 -0.203068 -0.716566
-9 -0.6 -0.264445 -0.991403
-9 -0.4 -0.103555 -1.07969
-9 -0.2 -0.00103134 -1.08096
-9 0 -0.089351 -0.858669
-9 0.2 -0.00103134 -1.08096
-9 0.4 -0.103555 -1.07969
-9 0.6 -0.264445 -0.991403
-9 0.8 -0.203068 -0.716566
-9 1 0.000490202 -0.561773
-9 1.2 0.17473 -0.385805
-9 1.4 0.280251 -0.0993588
-9 1.6 0.152196 0.193292
-9 1.8 -0.162323 0.146223
-9 2 -0.0626861 -0.166487
-9 2.2 0.137587 0.0834863
-9 2.4 -0.155917 -0.0302881
-9 2.6 0.137643 0.035316
-9 2.8 -0.0907019 -0.0993093
-9 3 -0.0227219 0.134409
-9 3.2 0.126507 -0.0112734
-9 3.4 0.0155885 -0.124253
-9 3.6 -0.0998106 -0.0770771
-9 3.8 -0.12011 -0.00523045
-9 4 -0.120355 0.0217777
-9 4.2 -0.119878 0.00854308
-9 4.4 -0.107089 -0.051934
-9 4.6 -0.0333887 -0.115532
-9 4.8 0.0945509 -0.0704314
-9 5 0.0742989 0.094004
-9 5.2 -0.110115 0.042366
-9 5.4 0.0315295 -0.115265
-9 5.6 0.0424824 0.110502
-9 5.8 -0.0751794 -0.0929268
-9 6 0.0772817 0.0902478
-9 6.2 -0.0503648 -0.10873
-9 6.4 -0.0134757 0.118473
-9 6.6 0.0971959 -0.0707778
-9 6.8 -0.107173 -0.0533053
-9 7 -0.0286915 0.117127
-9 7.2 0.115798 0.032468
-9 7.4 0.0624589 -0.103382
-9 7.6 -0.059361 -0.10534
-9 7.8 -0.117922 -0.0266463
-9 8 -0.112478 0.0457244
-9 8.2 -0.0860884 0.0852913
-9 8.4 -0.0687401 0.10023
-9 8.6 -0.0705796 0.0991064
-9 8.8 -0.0895225 0.0821993
-9 9 -0.114758 0.0410102
-9 9.2 -0.118274 -0.0291987
-9 9.4 -0.0656128 -0.102551
-9 9.6 0.0434088 -0.113978
-9 9.8 0.121206 -0.0128754
-8.8 -10 0.103067 -0.0675014
-8.8 -9.8 -0.0505032 -0.112243
-8.8 -9.6 -0.122494 0.0128888
-8.8 -9.4 -0.0452433 0.114674
-8.8 -9.2 0.0635558 0.105371
-8.8 -9 0.118061 0.0349176
-8.8 -8.8 0.118566 -0.0333392
-8.8 -8.6 0.0981283 -0.0738739
-8.8 -8.4 0.0837878 -0.0900056
-8.8 -8.2 0.0855522 -0.0880857
-8.8 -8 0.103364 -0.0657059
-8.8 -7.8 0.121781 -0.0148976
-8.8 -7.6 0.104445 0.0632526
-8.8 -7.4 0.0155982 0.121258
-8.8 -7.2 -0.10255 0.0659007
-8.8 -7 -0.0839831 -0.0879832
-8.8 -6.8 0.0921922 -0.0794404
-8.8 -6.6 0.0462525 0.111806
-8.8 -6.4 -0.119325 -0.0224609
-8.8 -6.2 0.104238 -0.0602864
-8.8 -6 -0.0697758 0.0990028
-8.8 -5.8 0.0552942 -0.106402
-8.8 -5.6 -0.0720528 0.0970512
-8.8 -5.4 0.107443 -0.0524719
-8.8 -5.2 -0.114235 -0.0388822
-8.8 -5 0.013612 0.118925
-8.8 -4.8 0.116657 -0.0294728
-8.8 -4.6 -0.000455396 -0.120821
-8.8 -4.4 -0.101591 -0.0634779
-8.8 -4.2 -0.122624 0.00774124
-8.8 -4 -0.114566 0.037757
-8.8 -3.8 -0.120846 0.0274835
-8.8 -3.6 -0.119745 -0.0386122
-8.8 -3.4 -0.0464388 -0.115147
-8.8 -3.2 0.103847 -0.0813481
-8.8 -3 0.0622333 0.117962
-8.8 -2.8 -0.13381 -0.00347628
-8.8 -2.6 0.123914 -0.0810128
-8.8 -2.4 -0.118904 0.0984769
-8.8 -2.2 0.140499 -0.0720011
-8.8 -2 -0.182581 -0.0335925
-8.8 -1.8 0.0418528 0.211204
-8.8 -1.6 0.231325 -0.052476
-8.8 -1.4 0.0251359 -0.303777
-8.8 -1.2 -0.271897 -0.327023
-8.8 -1 -0.504272 -0.223676
-8.8 -0.8 -0.74975 -0.10146
-8.8 -0.6 -1.0137 -0.176958
-8.8 -0.4 -1.02659 -0.342146
-8.8 -0.2 -0.977082 -0.447706
-8.8 0 -0.834296 -0.255717
-8.8 0.2 -0.977082 -0.447706
-8.8 0.4 -1.02659 -0.342146
-8.8 0.6 -1.0137 -0.176958
-8.8 0.8 -0.74975 -0.10146
-8.8 1 -0.504272 -0.223676
-8.8 1.2 -0.271897 -0.327023
-8.8 1.4 0.0251359 -0.303777
-8.8 1.6 0.231325 -0.052476
-8.8 1.8 0.0418528 0.211204
-8.8 2 -0.182581 -0.0335925
-8.8 2.2 0.140499 -0.0720011
-8.8 2.4 -0.118904 0.0984769
-8.8 2.6 0.123914 -0.0810128
-8.8 2.8 -0.13381 -0.00347628
-8.8 3 0.0622333 0.117962
-8.8 3.2 0.103847 -0.0813481
-8.8 3.4 -0.0464388 -0.115147
-8.8 3.6 -0.119745 -0.0386122
-8.8 3.8 -0.120846 0.0274835
-8.8 4 -0.114566 0.037757
-8.8 4.2 -0.122624 0.00774124
-8.8 4.4 -0.101591 -0.0634779
-8.8 4.6 -0.000455396 -0.120821
-8.8 4.8 0.116657 -0.0294728
-8.8 5 0.013612 0.118925
-8.8 5.2 -0.114235 -0.0388822
-8.8 5.4 0.107443 -0.0524719
-8.8 5.6 -0.0720528 0.0970512
-8.8 5.8 0.0552942 -0.106402
-8.8 6 -0.0697758 0.0990028
-8.8 6.2 0.104238 -0.0602864
-8.8 6.4 -0.119325 -0.0224609
-8.8 6.6 0.0462525 0.111806
-8.8 6.8 0.0921922 -0.0794404
-8.8 7 -0.0839831 -0.0879832
-8.8 7.2 -0.10255 0.0659007
-8.8 7.4 0.0155982 0.121258
-8.8 7.6 0.104445 0.0632526
-8.8 7.8 0.121781 -0.0148976
-8.8 8 0.103364 -0.0657059
-8.8 8.2 0.0855522 -0.0880857
-8.8 8.4 0.0837878 -0.0900056
-8.8 8.6 0.0981283 -0.0738739
-8.8 8.8 0.118566 -0.0333392
-8.8 9 0.118061 0.0349176
-8.8 9.2 0.0635558 0.105371
-8.8 9.4 -0.0452433 0.114674
-8.8 9.6 -0.122494 0.0128888
-8.8 9.8 -0.0505032 -0.112243
-8.6 -10 -0.0693009 -0.103333
-8.6 -9.8 -0.103566 0.0692041
-8.6 -9.6 0.0517368 0.113179
-8.6 -9.4 0.123831 -0.0128473
-8.6 -9.2 0.0472313 -0.115331
-8.6 -9 -0.0612337 -0.108295
-8.6 -8.8 -0.117503 -0.040995
-8.6 -8.6 -0.121991 0.0248892
-8.6 -8.4 -0.10632 0.0641233
-8.6 -8.2 -0.0963804 0.0785094
-8.6 -8 -0.100884 0.0722531
-8.6 -7.8 -0.116708 0.0413737
-8.6 -7.6 -0.122471 -0.0193087
-8.6 -7.4 -0.0782555 -0.0953799
-8.6 -7.2 0.0338261 -0.118907
-8.6 -7 0.122546 -0.011118
-8.6 -6.8 0.0243578 0.120641
-8.6 -6.6 -0.122548 0.00711171
-8.6 -6.4 0.043414 -0.114532
-8.6 -6.2 0.061264 0.105981
-8.6 -6 -0.109354 -0.0540068
-8.6 -5.8 0.120653 0.018184
-8.6 -5.6 -0.120081 -0.0193802
-8.6 -5.4 0.108747 0.054259
-8.6 -5.2 -0.0543542 -0.108894
-8.6 -5 -0.0568269 0.106753
-8.6 -4.8 0.119109 0.0279197
-8.6 -4.6 0.0363117 -0.114987
-8.6 -4.4 -0.091051 -0.0827872
-8.6 -4.2 -0.12192 0.00170986
-8.6 -4 -0.111561 0.0511864
-8.6 -3.8 -0.115012 0.051272
-8.6 -3.6 -0.12356 0.00452273
-8.6 -3.4 -0.096278 -0.084819
-8.6 -3.2 0.048979 -0.122693
-8.6 -3 0.119624 0.0514751
-8.6 -2.8 -0.103112 0.0935214
-8.6 -2.6 0.029616 -0.145274
-8.6 -2.4 0.00597439 0.148245
-8.6 -2.2 0.0153546 -0.161905
-8.6 -2 -0.131338 0.136781
-8.6 -1.8 0.195952 0.0654469
-8.6 -1.6 0.047759 -0.230159
-8.6 -1.4 -0.270771 -0.158704
-8.6 -1.2 -0.408429 0.100936
-8.6 -1 -0.399493 0.36944
-8.6 -0.8 -0.403509 0.656645
-8.6 -0.6 -0.585404 0.845739
-8.6 -0.4 -0.728524 0.800016
-8.6 -0.2 -0.808284 0.695659
-8.6 0 -0.570062 0.676488
-8.6 0.2 -0.808284 0.695659
-8.6 0.4 -0.728524 0.800016
-8.6 0.6 -0.585404 0.845739
-8.6 0.8 -0.403509 0.656645
-8.6 1 -0.399493 0.36944
-8.6 1.2 -0.408429 0.100936
-8.6 1.4 -0.270771 -0.158704
-8.6 1.6 0.047759 -0.230159
-8.6 1.8 0.195952 0.0654469
-8.6 2 -0.131338 0.136781
-8.6 2.2 0.0153546 -0.161905
-8.6 2.4 0.00597439 0.148245
-8.6 2.6 0.029616 -0.145274
-8.6 2.8 -0.103112 0.0935214
-8.6 3 0.119624 0.0514751
-8.6 3.2 0.048979 -0.122693
-8.6 3.4 -0.096278 -0.084819
-8.6 3.6 -0.12356 0.00452273
-8.6 3.8 -0.115012 0.051272
-8.6 4 -0.111561 0.0511864
-8.6 4.2 -0.12192 0.00170986
-8.6 4.4 -0.091051 -0.0827872
-8.6 4.6 0.0363117 -0.114987
-8.6 4.8 0.119109 0.0279197
-8.6 5 -0.0568269 0.106753
-8.6 5.2 -0.0543542 -0.108894
-8.6 5.4 0.108747 0.054259
-8.6 5.6 -0.120081 -0.0193802
-8.6 5.8 0.120653 0.018184
-8.6 6 -0.109354 -0.0540068
-8.6 6.2 0.061264 0.105981
-8.6 6.4 0.043414 -0.114532
-8.6 6.6 -0.122548 0.00711171
-8.6 6.8 0.0243578 0.120641
-8.6 7 0.122546 -0.011118
-8.6 7.2 0.0338261 -0.118907
-8.6 7.4 -0.0782555 -0.0953799
-8.6 7.6 -0.122471 -0.0193087
-8.6 7.8 -0.116708 0.0413737
-8.6 8 -0.100884 0.0722531
-8.6 8.2 -0.0963804 0.0785094
-8.6 8.4 -0.10632 0.0641233
-8.6 8.6 -0.121991 0.0248892
-8.6 8.8 -0.117503 -0.040995
-8.6 9 -0.0612337 -0.108295
-8.6 9.2 0.0472313 -0.115331
-8.6 9.4 0.123831 -0.0128473
-8.6 9.6 0.0517368 0.113179
-8.6 9.8 -0.103566 0.0692041
-8.4 -10 -0.11329 0.0544396
-8.4 -9.8 0.0710639 0.103782
-8.4 -9.6 0.104076 -0.0709385
-8.4 -9.4 -0.0529788 -0.114161
-8.4 -9.2 -0.125221 0.0127451
-8.4 -9 -0.0493843 0.115942
-8.4 -8.8 0.058617 0.111319
-8.4 -8.6 0.116541 0.0474386
-8.4 -8.4 0.124915 -0.0156211
-8.4 -8.2 0.113868 -0.0528563
-8.4 -8 0.107894 -0.0644806
-8.4 -7.8 0.11382 -0.052693
-8.4 -7.6 0.124551 -0.0129078
-8.4 -7.4 0.11287 0.0544211
-8.4 -7.2 0.0403909 0.117992
-8.4 -7 -0.0808835 0.0953034
-8.4 -6.8 -0.11364 -0.0502904
-8.4 -6.6 0.0477477 -0.115029
-8.4 -6.4 0.0998975 0.0731877
-8.4 -6.2 -0.113585 0.0499076
-8.4 -6 0.0465088 -0.11425
-8.4 -5.8 0.00951802 0.123326
-8.4 -5.6 -0.0301586 -0.11903
-8.4 -5.4 0.0115729 0.123004
-8.4 -5.2 0.0446992 -0.113762
-8.4 -5 -0.114282 0.0471069
-8.4 -4.8 0.0884259 0.0842185
-8.4 -4.6 0.0774388 -0.0961222
-8.4 -4.4 -0.0682734 -0.102805
-8.4 -4.2 -0.122507 -0.00712468
-8.4 -4 -0.112532 0.0563828
-8.4 -3.8 -0.102933 0.0694525
-8.4 -3.6 -0.118086 0.0446404
-8.4 -3.4 -0.123749 -0.0419502
-8.4 -3.2 -0.0198969 -0.127277
-8.4 -3 0.129065 -0.0339397
-8.4 -2.8 -0.0192351 0.141156
-8.4 -2.6 -0.0813303 -0.117658
-8.4 -2.4 0.12335 0.0833699
-8.4 -2.2 -0.127526 -0.111497
-8.4 -2 0.0395973 0.181596
-8.4 -1.8 0.143244 -0.137735
-8.4 -1.6 -0.1923 -0.144782
-8.4 -1.4 -0.268416 0.172765
-8.4 -1.2 -0.0814651 0.402777
-8.4 -1 0.183569 0.50989
-8.4 -0.8 0.441166 0.649445
-8.4 -0.6 0.522387 0.88196
-8.4 -0.4 0.437115 0.992629
-8.4 -0.2 0.292472 1.01446
-8.4 0 0.40365 0.803652
-8.4 0.2 0.292472 1.01446
-8.4 0.4 0.437115 0.992629
-8.4 0.6 0.522387 0.88196
-8.4 0.8 0.441166 0.649445
-8.4 1 0.183569 0.50989
-8.4 1.2 -0.0814651 0.402777
-8.4 1.4 -0.268416 0.172765
-8.4 1.6 -0.1923 -0.144782
-8.4 1.8 0.143244 -0.137735
-8.4 2 0.0395973 0.181596
-8.4 2.2 -0.127526 -0.111497
-8.4 2.4 0.12335 0.0833699
-8.4 2.6 -0.0813303 -0.117658
-8.4 2.8 -0.0192351 0.141156
-8.4 3 0.129065 -0.0339397
-8.4 3.2 -0.0198969 -0.127277
-8.4 3.4 -0.123749 -0.0419502
-8.4 3.6 -0.118086 0.0446404
-8.4 3.8 -0.102933 0.0694525
-8.4 4 -0.112532 0.0563828
-8.4 4.2 -0.122507 -0.00712468
-8.4 4.4 -0.0682734 -0.102805
-8.4 4.6 0.0774388 -0.0961222
-8.4 4.8 0.0884259 0.0842185
-8.4 5 -0.114282 0.0471069
-8.4 5.2 0.0446992 -0.113762
-8.4 5.4 0.0115729 0.123004
-8.4 5.6 -0.0301586 -0.11903
-8.4 5.8 0.00951802 0.123326
-8.4 6 0.0465088 -0.11425
-8.4 6.2 -0.113585 0.0499076
-8.4 6.4 0.0998975 0.0731877
-8.4 6.6 0.0477477 -0.115029
-8.4 6.8 -0.11364 -0.0502904
-8.4 7 -0.0808835 0.0953034
-8.4 7.2 0.0403909 0.117992
-8.4 7.4 0.11287 0.0544211
-8.4 7.6 0.124551 -0.0129078
-8.4 7.8 0.11382 -0.052693
-8.4 8 0.107894 -0.0644806
-8.4 8.2 0.113868 -0.0528563
-8.4 8.4 0.124915 -0.0156211
-8.4 8.6 0.116541 0.0474386
-8.4 8.8 0.058617 0.111319
-8.4 9 -0.0493843 0.115942
-8.4 9.2 -0.125221 0.0127451
-8.4 9.4 -0.0529788 -0.114161
-8.4 9.6 0.104076 -0.0709385
-8.4 9.8 0.0710639 0.103782
-8.2 -10 0.0180788 0.125857
-8.2 -9.8 0.114251 -0.0557952
-8.2 -9.6 -0.0728771 -0.104243
-8.2 -9.4 -0.104597 0.0727078
-8.2 -9.2 0.0542268 0.115193
-8.2 -9 0.126666 -0.0125754
-8.2 -8.8 0.0517143 -0.116497
-8.2 -8.6 -0.0556723 -0.114435
-8.2 -8.4 -0.115106 -0.0542523
-8.2 -8.2 -0.127201 0.00550418
-8.2 -8 -0.120496 0.0400039
-8.2 -7.8 -0.117774 0.0478507
-8.2 -7.6 -0.12331 0.0295778
-8.2 -7.4 -0.125299 -0.0185438
-8.2 -7.2 -0.0919603 -0.0870864
-8.2 -7 0.0059148 -0.125991
-8.2 -6.8 0.115534 -0.0511939
-8.2 -6.6 0.0728453 0.102319
-8.2 -6.4 -0.107251 0.0660883
-8.2 -6.2 -0.0258766 -0.122354
-8.2 -6 0.114459 0.0516507
-8.2 -5.8 -0.121517 0.0270823
-8.2 -5.6 0.106356 -0.0661039
-8.2 -5.4 -0.104107 0.0673888
-8.2 -5.2 0.120213 -0.0338038
-8.2 -5 -0.115342 -0.0454442
-8.2 -4.8 0.0271742 0.121249
-8.2 -4.6 0.113193 -0.0527388
-8.2 -4.4 -0.0373805 -0.117764
-8.2 -4.2 -0.123427 -0.0256357
-8.2 -4 -0.1125 0.0546848
-8.2 -3.8 -0.0918442 0.085618
-8.2 -3.6 -0.106165 0.074259
-8.2 -3.4 -0.128115 0.0067972
-8.2 -3.2 -0.0827938 -0.10063
-8.2 -3 0.0909631 -0.103592
-8.2 -2.8 0.0729912 0.118492
-8.2 -2.6 -0.139904 -0.0182564
-8.2 -2.4 0.148593 -0.0450612
-8.2 -2.2 -0.166841 0.032347
-8.2 -2 0.167235 0.0603081
-8.2 -1.8 -0.0584966 -0.189721
-8.2 -1.6 -0.224417 0.108318
-8.2 -1.4 0.0301645 0.315855
-8.2 -1.2 0.32405 0.233703
-8.2 -1 0.545505 0.0303384
-8.2 -0.8 0.786259 -0.133023
-8.2 -0.6 1.01344 -0.109181
-8.2 -0.4 1.08982 0.00408151
-8.2 -0.2 1.03133 0.154019
-8.2 0 0.914904 -0.0526829
-8.2 0.2 1.03133 0.154019
-8.2 0.4 1.08982 0.00408151
-8.2 0.6 1.01344 -0.109181
-8.2 0.8 0.786259 -0.133023
-8.2 1 0.545505 0.0303384
-8.2 1.2 0.32405 0.233703
-8.2 1.4 0.0301645 0.315855
-8.2 1.6 -0.224417 0.108318
-8.2 1.8 -0.0584966 -0.189721
-8.2 2 0.167235 0.0603081
-8.2 2.2 -0.166841 0.032347
-8.2 2.4 0.148593 -0.0450612
-8.2 2.6 -0.139904 -0.0182564
-8.2 2.8 0.0729912 0.118492
-8.2 3 0.0909631 -0.103592
-8.2 3.2 -0.0827938 -0.10063
-8.2 3.4 -0.128115 0.0067972
-8.2 3.6 -0.106165 0.074259
-8.2 3.8 -0.0918442 0.085618
-8.2 4 -0.1125 0.0546848
-8.2 4.2 -0.123427 -0.0256357
-8.2 4.4 -0.0373805 -0.117764
-8.2 4.6 0.113193 -0.0527388
-8.2 4.8 0.0271742 0.121249
-8.2 5 -0.115342 -0.0454442
-8.2 5.2 0.120213 -0.0338038
-8.2 5.4 -0.104107 0.0673888
-8.2 5.6 0.106356 -0.0661039
-8.2 5.8 -0.121517 0.0270823
-8.2 6 0.114459 0.0516507
-8.2 6.2 -0.0258766 -0.122354
-8.2 6.4 -0.107251 0.0660883
-8.2 6.6 0.0728453 0.102319
-8.2 6.8 0.115534 -0.0511939
-8.2 7 0.0059148 -0.125991
-8.2 7.2 -0.0919603 -0.0870864
-8.2 7.4 -0.125299 -0.0185438
-8.2 7.6 -0.12331 0.0295778
-8.2 7.8 -0.117774 0.0478507
-8.2 8 -0.120496 0.0400039
-8.2 8.2 -0.127201 0.00550418
-8.2 8.4 -0.115106 -0.0542523
-8.2 8.6 -0.0556723 -0.114435
-8.2 8.8 0.0517143 -0.116497
-8.2 9 0.126666 -0.0125754
-8.2 9.2 0.0542268 0.115193
-8.2 9.4 -0.104597 0.0727078
-8.2 9.6 -0.0728771 -0.104243
-8.2 9.8 0.114251 -0.0557952
-8 -10 0.121523 0.0414388
-8 -9.8 -0.0181463 -0.127328
-8 -9.6 -0.115264 0.0571589
-8 -9.4 0.0747438 0.104723
-8 -9.2 0.105128 -0.0745161
-8 -9 -0.0554787 -0.116277
-8 -8.8 -0.128172 0.0123301
-8 -8.6 -0.0542345 0.116984
-8 -8.4 0.0523629 0.117633
-8 -8.2 0.11312 0.0614337
-8 -8 0.128685 0.00547954
-8 -7.8 0.125874 -0.025531
-8 -7.6 0.125369 -0.0286533
-8 -7.4 0.128193 -0.00336623
-8 -7.2 0.117494 0.051194
-8 -7 0.0598423 0.113184
-8 -6.8 -0.054888 0.11522
-8 -6.6 -0.127508 -0.0074491
-8 -6.4 -0.00671572 -0.126888
-8 -6.2 0.126578 0.0137946
-8 -6 -0.0676323 0.106918
-8 -5.8 -0.0326845 -0.122587
-8 -5.6 0.0876113 0.0906365
-8 -5.4 -0.104206 -0.0713807
-8 -5.2 0.0928207 0.0851191
-8 -5 -0.0449735 -0.117211
-8 -4.8 -0.0563912 0.113097
-8 -4.6 0.124645 0.0085754
-8 -4.4 0.00547885 -0.126581
-8 -4.2 -0.115359 -0.0511646
-8 -4 -0.115034 0.0511029
-8 -3.8 -0.0870024 0.0953594
-8 -3.6 -0.0872251 0.0939723
-8 -3.4 -0.117114 0.0539479
-8 -3.2 -0.123217 -0.0546592
-8 -3 0.021766 -0.134437
-8 -2.8 0.130333 0.040773
-8 -2.6 -0.114399 0.0911386
-8 -2.4 0.0679662 -0.142726
-8 -2.2 -0.071877 0.14705
-8 -2 0.133525 -0.112093
-8 -1.8 -0.201693 -0.0402897
-8 -1.6 -0.0142972 0.252724
-8 -1.4 0.287352 0.111853
-8 -1.2 0.336405 -0.200634
-8 -1 0.249183 -0.49743
-8 -0.8 0.21145 -0.777262
-8 -0.6 0.314741 -0.962548
-8 -0.4 0.451849 -0.999967
-8 -0.2 0.559225 -0.861912
-8 0 0.324096 -0.877675
-8 0.2 0.559225 -0.861912
-8 0.4 0.451849 -0.999967
-8 0.6 0.314741 -0.962548
-8 0.8 0.21145 -0.777262
-8 1 0.249183 -0.49743
-8 1.2 0.336405 -0.200634
-8 1.4 0.287352 0.111853
-8 1.6 -0.0142972 0.252724
-8 1.8 -0.201693 -0.0402897
-8 2 0.133525 -0.112093
-8 2.2 -0.071877 0.14705
-8 2.4 0.0679662 -0.142726
-8 2.6 -0.114399 0.0911386
-8 2.8 0.130333 0.040773
-8 3 0.021766 -0.134437
-8 3.2 -0.123217 -0.0546592
-8 3.4 -0.117114 0.0539479
-8 3.6 -0.0872251 0.0939723
-8 3.8 -0.0870024 0.0953594
-8 4 -0.115034 0.0511029
-8 4.2 -0.115359 -0.0511646
-8 4.4 0.00547885 -0.126581
-8 4.6 0.124645 0.0085754
-8 4.8 -0.0563912 0.113097
-8 5 -0.0449735 -0.117211
-8 5.2 0.0928207 0.0851191
-8 5.4 -0.104206 -0.0713807
-8 5.6 0.0876113 0.0906365
-8 5.8 -0.0326845 -0.122587
-8 6 -0.0676323 0.106918
-8 6.2 0.126578 0.0137946
-8 6.4 -0.00671572 -0.126888
-8 6.6 -0.127508 -0.0074491
-8 6.8 -0.054888 0.11522
-8 7 0.0598423 0.113184
-8 7.2 0.117494 0.051194
-8 7.4 0.128193 -0.00336623
-8 7.6 0.125369 -0.0286533
-8 7.8 0.125874 -0.025531
-8 8 0.128685 0.00547954
-8 8.2 0.11312 0.0614337
-8 8.4 0.0523629 0.117633
-8 8.6 -0.0542345 0.116984
-8 8.8 -0.128172 0.0123301
-8 9 -0.0554787 -0.116277
-8 9.2 0.105128 -0.0745161
-8 9.4 0.0747438 0.104723
-8 9.6 -0.115264 0.0571589
-8 9.8 -0.0181463 -0.127328
-7.8 -10 0.107129 -0.0733478
-7.8 -9.8 -0.122451 -0.043366
-7.8 -9.6 0.0181587 0.128848
-7.8 -9.4 0.116328 -0.0585272
-7.8 -9.2 -0.0766658 -0.105227
-7.8 -9 -0.10567 0.0763688
-7.8 -8.8 0.0567321 0.117417
-7.8 -8.6 0.129744 -0.0119999
-7.8 -8.4 0.056959 -0.117389
-7.8 -8.2 -0.0486476 -0.120898
-7.8 -8 -0.110492 -0.0689726
-7.8 -7.8 -0.129178 -0.0173295
-7.8 -7.6 -0.129619 0.0094523
-7.8 -7.4 -0.129938 0.0070641
-7.8 -7.2 -0.127265 -0.025112
-7.8 -7 -0.100058 -0.0825482
-7.8 -6.8 -0.0182268 -0.128157
-7.8 -6.6 0.098317 -0.0838227
-7.8 -6.4 0.109244 0.0687514
-7.8 -6.2 -0.0667539 0.109996
-7.8 -6 -0.0887694 -0.09304
-7.8 -5.8 0.125906 -0.0241559
-7.8 -5.6 -0.0805068 0.0994771
-7.8 -5.4 0.0392883 -0.121771
-7.8 -5.2 -0.0328356 0.122891
-7.8 -5 0.0682376 -0.108282
-7.8 -4.8 -0.11855 0.0445767
-7.8 -4.6 0.10201 0.0769813
-7.8 -4.4 0.0582218 -0.113428
-7.8 -4.2 -0.0999264 -0.0781416
-7.8 -4 -0.123241 0.039072
-7.8 -3.8 -0.0838993 0.0973555
-7.8 -3.6 -0.0667593 0.11006
-7.8 -3.4 -0.0980641 0.0900399
-7.8 -3.2 -0.134059 -1.73856e-06
-7.8 -3 -0.0543782 -0.122373
-7.8 -2.8 0.130598 -0.0528548
-7.8 -2.6 -0.0242194 0.147746
-7.8 -2.4 -0.0579573 -0.142106
-7.8 -2.2 0.0778024 0.139293
-7.8 -2 -0.0275937 -0.177517
-7.8 -1.8 -0.142936 0.156299
-7.8 -1.6 0.209573 0.133549
-7.8 -1.4 0.215869 -0.204544
-7.8 -1.2 -0.0531999 -0.387961
-7.8 -1 -0.359753 -0.440216
-7.8 -0.8 -0.618012 -0.520443
-7.8 -0.6 -0.747128 -0.675308
-7.8 -0.4 -0.731886 -0.8297
-7.8 -0.2 -0.545282 -0.850149
-7.8 0 -0.687503 -0.664906
-7.8 0.2 -0.545282 -0.850149
-7.8 0.4 -0.731886 -0.8297
-7.8 0.6 -0.747128 -0.675308
-7.8 0.8 -0.618012 -0.520443
-7.8 1 -0.359753 -0.440216
-7.8 1.2 -0.0531999 -0.387961
-7.8 1.4 0.215869 -0.204544
-7.8 1.6 0.209573 0.133549
-7.8 1.8 -0.142936 0.156299
-7.8 2 -0.0275937 -0.177517
-7.8 2.2 0.0778024 0.139293
-7.8 2.4 -0.0579573 -0.142106
-7.8 2.6 -0.0242194 0.147746
-7.8 2.8 0.130598 -0.0528548
-7.8 3 -0.0543782 -0.122373
-7.8 3.2 -0.134059 -1.73856e-06
-7.8 3.4 -0.0980641 0.0900399
-7.8 3.6 -0.0667593 0.11006
-7.8 3.8 -0.0838993 0.0973555
-7.8 4 -0.123241 0.039072
-7.8 4.2 -0.0999264 -0.0781416
-7.8 4.4 0.0582218 -0.113428
-7.8 4.6 0.10201 0.0769813
-7.8 4.8 -0.11855 0.0445767
-7.8 5 0.0682376 -0.108282
-7.8 5.2 -0.0328356 0.122891
-7.8 5.4 0.0392883 -0.121771
-7.8 5.6 -0.0805068 0.0994771
-7.8 5.8 0.125906 -0.0241559
-7.8 6 -0.0887694 -0.09304
-7.8 6.2 -0.0667539 0.109996
-7.8 6.4 0.109244 0.0687514
-7.8 6.6 0.098317 -0.0838227
-7.8 6.8 -0.0182268 -0.128157
-7.8 7 -0.100058 -0.0825482
-7.8 7.2 -0.127265 -0.025112
-7.8 7.4 -0.129938 0.0070641
-7.8 7.6 -0.129619 0.0094523
-7.8 7.8 -0.129178 -0.0173295
-7.8 8 -0.110492 -0.0689726
-7.8 8.2 -0.0486476 -0.120898
-7.8 8.4 0.056959 -0.117389
-7.8 8.6 0.129744 -0.0119999
-7.8 8.8 0.0567321 0.117417
-7.8 9 -0.10567 0.0763688
-7.8 9.2 -0.0766658 -0.105227
-7.8 9.4 0.116328 -0.0585272
-7.8 9.6 0.0181587 0.128848
-7.8 9.8 -0.122451 -0.043366
-7.6 -10 0.0286435 -0.128086
-7.6 -9.8 -0.110439 0.0712511
-7.6 -9.6 0.123371 0.0454705
-7.6 -9.4 -0.0181157 -0.130422
-7.6 -9.2 -0.117441 0.059898
-7.6 -9 0.0786435 0.10576
-7.6 -8.8 0.106224 -0.0782719
-7.6 -8.6 -0.0579847 -0.118614
-7.6 -8.4 -0.131386 0.0115736
-7.6 -8.2 -0.059903 0.117697
-7.6 -8 0.0444811 0.124209
-7.6 -7.8 0.107123 0.0768479
-7.6 -7.6 0.128465 0.0300192
-7.6 -7.4 0.131293 0.00814789
-7.6 -7.2 0.130668 0.0165491
-7.6 -7 0.119375 0.0545722
-7.6 -6.8 0.0726158 0.109414
-7.6 -6.6 -0.0291126 0.127634
-7.6 -6.4 -0.126399 0.0338005
-7.6 -6.2 -0.0596855 -0.115997
-7.6 -6 0.12048 -0.0498032
-7.6 -5.8 0.00232753 0.129829
-7.6 -5.6 -0.101446 -0.0812964
-7.6 -5.4 0.128329 0.0143294
-7.6 -5.2 -0.128908 0.0148541
-7.6 -5 0.128582 0.000320939
-7.6 -4.8 -0.115393 -0.0583109
-7.6 -4.6 0.0325485 0.12484
-7.6 -4.4 0.104544 -0.0743617
-7.6 -4.2 -0.0712998 -0.108793
-7.6 -4 -0.128101 0.0169919
-7.6 -3.8 -0.0837713 0.0985079
-7.6 -3.6 -0.0532389 0.121395
-7.6 -3.4 -0.0719065 0.111614
-7.6 -3.2 -0.120805 0.0546179
-7.6 -3 -0.113398 -0.0785675
-7.6 -2.8 0.0777433 -0.121271
-7.6 -2.6 0.0780719 0.123441
-7.6 -2.4 -0.142693 -0.0465503
-7.6 -2.2 0.16309 0.0182299
-7.6 -2 -0.167605 -0.0803937
-7.6 -1.8 0.0553797 0.202088
-7.6 -1.6 0.207208 -0.118209
-7.6 -1.4 -0.0975272 -0.275211
-7.6 -1.2 -0.384067 -0.108605
-7.6 -1 -0.559932 0.144043
-7.6 -0.8 -0.728318 0.342269
-7.6 -0.6 -0.91692 0.410382
-7.6 -0.4 -1.06747 0.325325
-7.6 -0.2 -0.979947 0.146619
-7.6 0 -0.907402 0.365754
-7.6 0.2 -0.979947 0.146619
-7.6 0.4 -1.06747 0.325325
-7.6 0.6 -0.91692 0.410382
-7.6 0.8 -0.728318 0.342269
-7.6 1 -0.559932 0.144043
-7.6 1.2 -0.384067 -0.108605
-7.6 1.4 -0.0975272 -0.275211
-7.6 1.6 0.207208 -0.118209
-7.6 1.8 0.0553797 0.202088
-7.6 2 -0.167605 -0.0803937
-7.6 2.2 0.16309 0.0182299
-7.6 2.4 -0.142693 -0.0465503
-7.6 2.6 0.0780719 0.123441
-7.6 2.8 0.0777433 -0.121271
-7.6 3 -0.113398 -0.0785675
-7.6 3.2 -0.120805 0.0546179
-7.6 3.4 -0.0719065 0.111614
-7.6 3.6 -0.0532389 0.121395
-7.6 3.8 -0.0837713 0.0985079
-7.6 4 -0.128101 0.0169919
-7.6 4.2 -0.0712998 -0.108793
-7.6 4.4 0.104544 -0.0743617
-7.6 4.6 0.0325485 0.12484
-7.6 4.8 -0.115393 -0.0583109
-7.6 5 0.128582 0.000320939
-7.6 5.2 -0.128908 0.0148541
-7.6 5.4 0.128329 0.0143294
-7.6 5.6 -0.101446 -0.0812964
-7.6 5.8 0.00232753 0.129829
-7.6 6 0.12048 -0.0498032
-7.6 6.2 -0.0596855 -0.115997
-7.6 6.4 -0.126399 0.0338005
-7.6 6.6 -0.0291126 0.127634
-7.6 6.8 0.0726158 0.109414
-7.6 7 0.119375 0.0545722
-7.6 7.2 0.130668 0.0165491
-7.6 7.4 0.131293 0.00814789
-7.6 7.6 0.128465 0.0300192
-7.6 7.8 0.107123 0.0768479
-7.6 8 0.0444811 0.124209
-7.6 8.2 -0.059903 0.117697
-7.6 8.4 -0.131386 0.0115736
-7.6 8.6 -0.0579847 -0.118614
-7.6 8.8 0.106224 -0.0782719
-7.6 9 0.0786435 0.10576
-7.6 9.2 -0.117441 0.059898
-7.6 9.4 -0.0181157 -0.130422
-7.6 9.6 0.123371 0.0454705
-7.6 9.8 -0.110439 0.0712511
-7.4 -10 -0.0453416 -0.124621
-7.4 -9.8 -0.0350601 0.128125
-7.4 -9.6 0.113881 -0.068838
-7.4 -9.4 -0.124272 -0.0477766
-7.4 -9.2 0.0180143 0.132061
-7.4 -9 0.1186 -0.0612722
-7.4 -8.8 -0.0806755 -0.106328
-7.4 -8.6 -0.106793 0.080232
-7.4 -8.4 0.0592349 0.11987
-7.4 -8.2 0.133103 -0.0110383
-7.4 -8 0.0630829 -0.11789
-7.4 -7.8 -0.0398133 -0.12754
-7.4 -7.6 -0.102897 -0.0850248
-7.4 -7.4 -0.126298 -0.0434871
-7.4 -7.2 -0.130403 -0.0270904
-7.4 -7 -0.126704 -0.0415702
-7.4 -6.8 -0.103578 -0.0832032
-7.4 -6.6 -0.03589 -0.128037
-7.4 -6.4 0.076091 -0.108399
-7.4 -6.2 0.129617 0.0276263
-7.4 -6 -0.0121114 0.131334
-7.4 -5.8 -0.126971 -0.0364417
-7.4 -5.6 0.091706 -0.0938707
-7.4 -5.4 -0.00297392 0.13166
-7.4 -5.2 -0.0500316 -0.120711
-7.4 -5 0.0592443 0.11694
-7.4 -4.8 -0.0226292 -0.128776
-7.4 -4.6 -0.0596374 0.115604
-7.4 -4.4 0.131155 -0.00676924
-7.4 -4.2 -0.023333 -0.128225
-7.4 -4 -0.130096 -0.0104063
-7.4 -3.8 -0.0930667 0.0946894
-7.4 -3.6 -0.0442165 0.124668
-7.4 -3.4 -0.0419122 0.125533
-7.4 -3.2 -0.0947378 0.0984656
-7.4 -3 -0.13904 -0.0185922
-7.4 -2.8 -0.00492241 -0.140808
-7.4 -2.6 0.139703 0.0359596
-7.4 -2.4 -0.133582 0.0783551
-7.4 -2.2 0.12115 -0.118496
-7.4 -2 -0.161731 0.0875194
-7.4 -1.8 0.193807 0.0533503
-7.4 -1.6 -0.0156186 -0.232065
-7.4 -1.4 -0.295128 -0.0237947
-7.4 -1.2 -0.266374 0.310396
-7.4 -1 -0.108792 0.570967
-7.4 -0.8 0.0113347 0.797499
-7.4 -0.6 0.00815075 1.00693
-7.4 -0.4 -0.151277 1.11443
-7.4 -0.2 -0.258211 0.935733
-7.4 0 -0.0399723 0.999856
-7.4 0.2 -0.258211 0.935733
-7.4 0.4 -0.151277 1.11443
-7.4 0.6 0.00815075 1.00693
-7.4 0.8 0.0113347 0.797499
-7.4 1 -0.108792 0.570967
-7.4 1.2 -0.266374 0.310396
-7.4 1.4 -0.295128 -0.0237947
-7.4 1.6 -0.0156186 -0.232065
-7.4 1.8 0.193807 0.0533503
-7.4 2 -0.161731 0.0875194
-7.4 2.2 0.12115 -0.118496
-7.4 2.4 -0.133582 0.0783551
-7.4 2.6 0.139703 0.0359596
-7.4 2.8 -0.00492241 -0.140808
-7.4 3 -0.13904 -0.0185922
-7.4 3.2 -0.0947378 0.0984656
-7.4 3.4 -0.0419122 0.125533
-7.4 3.6 -0.0442165 0.124668
-7.4 3.8 -0.0930667 0.0946894
-7.4 4 -0.130096 -0.0104063
-7.4 4.2 -0.023333 -0.128225
-7.4 4.4 0.131155 -0.00676924
-7.4 4.6 -0.0596374 0.115604
-7.4 4.8 -0.0226292 -0.128776
-7.4 5 0.0592443 0.11694
-7.4 5.2 -0.0500316 -0.120711
-7.4 5.4 -0.00297392 0.13166
-7.4 5.6 0.091706 -0.0938707
-7.4 5.8 -0.126971 -0.0364417
-7.4 6 -0.0121114 0.131334
-7.4 6.2 0.129617 0.0276263
-7.4 6.4 0.076091 -0.108399
-7.4 6.6 -0.03589 -0.128037
-7.4 6.8 -0.103578 -0.0832032
-7.4 7 -0.126704 -0.0415702
-7.4 7.2 -0.130403 -0.0270904
-7.4 7.4 -0.126298 -0.0434871
-7.4 7.6 -0.102897 -0.0850248
-7.4 7.8 -0.0398133 -0.12754
-7.4 8 0.0630829 -0.11789
-7.4 8.2 0.133103 -0.0110383
-7.4 8.4 0.0592349 0.11987
-7.4 8.6 -0.106793 0.080232
-7.4 8.8 -0.0806755 -0.106328
-7.4 9 0.1186 -0.0612722
-7.4 9.2 0.0180143 0.132061
-7.4 9.4 -0.124272 -0.0477766
-7.4 9.6 0.113881 -0.068838
-7.4 9.8 -0.0350601 0.128125
-7.2 -10 -0.0893194 -0.100077
-7.2 -9.8 0.0367871 0.129167
-7.2 -9.6 0.0418944 -0.127794
-7.2 -9.4 -0.117439 0.0660788
-7.2 -9.2 0.125135 0.0503073
-7.2 -9 -0.0178468 -0.13378
-7.2 -8.8 -0.119805 0.0626538
-7.2 -8.6 0.0827593 0.106934
-7.2 -8.4 0.107383 -0.0822558
-7.2 -8.2 -0.060482 -0.121187
-7.2 -8 -0.134898 0.0103789
-7.2 -7.8 -0.0665166 0.117946
-7.2 -7.6 0.0345892 0.130857
-7.2 -7.4 0.0976883 0.0934501
-7.2 -7.2 0.122401 0.0576247
-7.2 -7 0.126413 0.0470709
-7.2 -6.8 0.117213 0.0670738
-7.2 -6.6 0.0793485 0.108631
-7.2 -6.4 -0.00787573 0.134445
-7.2 -6.2 -0.114503 0.0696941
-7.2 -6 -0.101768 -0.0875443
-7.2 -5.8 0.0854972 -0.10247
-7.2 -5.6 0.0730577 0.112057
-7.2 -5.4 -0.132738 -0.00609382
-7.2 -5.2 0.112016 -0.0719402
-7.2 -5 -0.0896357 0.097841
-7.2 -4.8 0.0976984 -0.0889712
-7.2 -4.6 -0.128311 0.0347672
-7.2 -4.4 0.109071 0.0740537
-7.2 -4.2 0.0356987 -0.127277
-7.2 -4 -0.124 -0.0495336
-7.2 -3.8 -0.104677 0.0813083
-7.2 -3.6 -0.038003 0.127531
-7.2 -3.4 -0.0182702 0.135099
-7.2 -3.2 -0.0610089 0.12357
-7.2 -3 -0.130261 0.0447819
-7.2 -2.8 -0.0858037 -0.112177
-7.2 -2.6 0.133818 -0.0664918
-7.2 -2.4 -0.0412679 0.153042
-7.2 -2.2 -0.0111397 -0.16608
-7.2 -2 -0.0176272 0.175867
-7.2 -1.8 0.136931 -0.141831
-7.2 -1.6 -0.219133 -0.089372
-7.2 -1.4 -0.154666 0.262696
-7.2 -1.2 0.164699 0.379757
-7.2 -1 0.467047 0.337718
-7.2 -0.8 0.727086 0.309139
-7.2 -0.6 0.933167 0.400016
-7.2 -0.4 0.952631 0.609535
-7.2 -0.2 0.737812 0.599292
-7.2 0 0.91294 0.46063
-7.2 0.2 0.737812 0.599292
-7.2 0.4 0.952631 0.609535
-7.2 0.6 0.933167 0.400016
-7.2 0.8 0.727086 0.309139
-7.2 1 0.467047 0.337718
-7.2 1.2 0.164699 0.379757
-7.2 1.4 -0.154666 0.262696
-7.2 1.6 -0.219133 -0.089372
-7.2 1.8 0.136931 -0.141831
-7.2 2 -0.0176272 0.175867
-7.2 2.2 -0.0111397 -0.16608
-7.2 2.4 -0.0412679 0.153042
-7.2 2.6 0.133818 -0.0664918
-7.2 2.8 -0.0858037 -0.112177
-7.2 3 -0.130261 0.0447819
-7.2 3.2 -0.0610089 0.12357
-7.2 3.4 -0.0182702 0.135099
-7.2 3.6 -0.038003 0.127531
-7.2 3.8 -0.104677 0.0813083
-7.2 4 -0.124 -0.0495336
-7.2 4.2 0.0356987 -0.127277
-7.2 4.4 0.109071 0.0740537
-7.2 4.6 -0.128311 0.0347672
-7.2 4.8 0.0976984 -0.0889712
-7.2 5 -0.0896357 0.097841
-7.2 5.2 0.112016 -0.0719402
-7.2 5.4 -0.132738 -0.00609382
-7.2 5.6 0.0730577 0.112057
-7.2 5.8 0.0854972 -0.10247
-7.2 6 -0.101768 -0.0875443
-7.2 6.2 -0.114503 0.0696941
-7.2 6.4 -0.00787573 0.134445
-7.2 6.6 0.0793485 0.108631
-7.2 6.8 0.117213 0.0670738
-7.2 7 0.126413 0.0470709
-7.2 7.2 0.122401 0.0576247
-7.2 7.4 0.0976883 0.0934501
-7.2 7.6 0.0345892 0.130857
-7.2 7.8 -0.0665166 0.117946
-7.2 8 -0.134898 0.0103789
-7.2 8.2 -0.060482 -0.121187
-7.2 8.4 0.107383 -0.0822558
-7.2 8.6 0.0827593 0.106934
-7.2 8.8 -0.119805 0.0626538
-7.2 9 -0.0178468 -0.13378
-7.2 9.2 0.125135 0.0503073
-7.2 9.4 -0.117439 0.0660788
-7.2 9.6 0.0418944 -0.127794
-7.2 9.8 0.0367871 0.129167
-7 -10 -0.107322 -0.0827765
-7 -9.8 0.0797281 0.109987
-7 -9.6 -0.0272779 -0.133302
-7 -9.4 -0.049172 0.127033
-7 -9.2 0.121099 -0.0629473
-7 -9 -0.125935 -0.053081
-7 -8.8 0.0175985 0.135592
-7 -8.6 0.121056 -0.06405
-7 -8.4 -0.0848917 -0.107577
-7 -8.2 -0.108 0.0843489
-7 -8 0.0617262 0.122568
-7 -7.8 0.136776 -0.0095781
-7 -7.6 0.0702233 -0.117842
-7 -7.4 -0.0287487 -0.134114
-7 -7.2 -0.0913552 -0.102047
-7 -7 -0.116472 -0.0722616
-7 -6.8 -0.118761 -0.0676237
-7 -6.6 -0.101466 -0.0917655
-7 -6.4 -0.0468636 -0.127952
-7 -6.2 0.0545422 -0.125049
-7 -6 0.134953 -0.0146842
-7 -5.8 0.0437903 0.128712
-7 -5.6 -0.131538 0.0311897
-7 -5.4 0.0245941 -0.133082
-7 -5.2 0.0791305 0.109154
-7 -5 -0.119587 -0.0613615
-7 -4.8 0.125306 0.049726
-7 -4.6 -0.106031 -0.0814707
-7 -4.4 0.0337736 0.129897
-7 -4.2 0.0989817 -0.0913306
-7 -4 -0.0982495 -0.0904944
-7 -3.8 -0.11903 0.0627431
-7 -3.6 -0.042794 0.12967
-7 -3.4 -0.00182137 0.136409
-7 -3.2 -0.021797 0.134825
-7 -3 -0.0996008 0.0988191
-7 -2.8 -0.136356 -0.0521333
-7 -2.6 0.0669781 -0.134834
-7 -2.4 0.0749812 0.135053
-7 -2.2 -0.133135 -0.0917074
-7 -2 0.138522 0.109683
-7 -1.8 -0.0569431 -0.194834
-7 -1.6 -0.189189 0.154636
-7 -1.4 0.163255 0.261686
-7 -1.2 0.409085 0.0188088
-7 -1 0.491771 -0.280734
-7 -0.8 0.569914 -0.542445
-7 -0.6 0.75345 -0.701043
-7 -0.4 0.957463 -0.606237
-7 -0.2 0.825889 -0.431168
-7 0 0.816322 -0.649461
-7 0.2 0.825889 -0.431168
-7 0.4 0.957463 -0.606237
-7 0.6 0.75345 -0.701043
-7 0.8 0.569914 -0.542445
-7 1 0.491771 -0.280734
-7 1.2 0.409085 0.0188088
-7 1.4 0.163255 0.261686
-7 1.6 -0.189189 0.154636
-7 1.8 -0.0569431 -0.194834
-7 2 0.138522 0.109683
-7 2.2 -0.133135 -0.0917074
-7 2.4 0.0749812 0.135053
-7 2.6 0.0669781 -0.134834
-7 2.8 -0.136356 -0.0521333
-7 3 -0.0996008 0.0988191
-7 3.2 -0.021797 0.134825
-7 3.4 -0.00182137 0.136409
-7 3.6 -0.042794 0.12967
-7 3.8 -0.11903 0.0627431
-7 4 -0.0982495 -0.0904944
-7 4.2 0.0989817 -0.0913306
-7 4.4 0.0337736 0.129897
-7 4.6 -0.106031 -0.0814707
-7 4.8 0.125306 0.049726
-7 5 -0.119587 -0.0613615
-7 5.2 0.0791305 0.109154
-7 5.4 0.0245941 -0.133082
-7 5.6 -0.131538 0.0311897
-7 5.8 0.0437903 0.128712
-7 6 0.134953 -0.0146842
-7 6.2 0.0545422 -0.125049
-7 6.4 -0.0468636 -0.127952
-7 6.6 -0.101466 -0.0917655
-7 6.8 -0.118761 -0.0676237
-7 7 -0.116472 -0.0722616
-7 7.2 -0.0913552 -0.102047
-7 7.4 -0.0287487 -0.134114
-7 7.6 0.0702233 -0.117842
-7 7.8 0.136776 -0.0095781
-7 8 0.0617262 0.122568
-7 8.2 -0.108 0.0843489
-7 8.4 -0.0848917 -0.107577
-7 8.6 0.121056 -0.06405
-7 8.8 0.0175985 0.135592
-7 9 -0.125935 -0.053081
-7 9.2 0.121099 -0.0629473
-7 9.4 -0.049172 0.127033
-7 9.6 -0.0272779 -0.133302
-7 9.8 0.0797281 0.109987
-6.8 -10 -0.107261 -0.0853442
-6.8 -9.8 0.0963543 0.0978153
-6.8 -9.6 -0.0684279 -0.119379
-6.8 -9.4 0.0167561 0.136861
-6.8 -9.2 0.0569208 -0.12576
-6.8 -9 -0.124856 0.0594151
-6.8 -8.8 0.126646 0.0561091
-6.8 -8.6 -0.017248 -0.137508
-6.8 -8.4 -0.122361 0.0654702
-6.8 -8.2 0.0870708 0.108256
-6.8 -8 0.108653 -0.0865153
-6.8 -7.8 -0.062969 -0.124016
-6.8 -7.6 -0.138737 0.00861612
-6.8 -7.4 -0.074224 0.117546
-6.8 -7.2 0.0222273 0.137254
-6.8 -7 0.0837439 0.110709
-6.8 -6.8 0.108183 0.0871479
-6.8 -6.6 0.106892 0.0880816
-6.8 -6.4 0.0789815 0.113937
-6.8 -6.2 0.0073382 0.137889
-6.8 -6 -0.0979024 0.0975737
-6.8 -5.8 -0.128805 -0.0483049
-6.8 -5.6 0.0327202 -0.133718
-6.8 -5.4 0.123311 0.0599218
-6.8 -5.2 -0.114838 0.0744138
-6.8 -5 0.0442843 -0.129534
-6.8 -4.8 -0.00314935 0.135902
-6.8 -4.6 0.0131008 -0.135832
-6.8 -4.4 -0.0738371 0.114419
-6.8 -4.2 0.134316 -0.0166467
-6.8 -4 -0.0525638 -0.125945
-6.8 -3.8 -0.133858 0.0294263
-6.8 -3.6 -0.0538625 0.12514
-6.8 -3.4 0.0118808 0.136702
-6.8 -3.2 0.0123895 0.139926
-6.8 -3 -0.0582555 0.130871
-6.8 -2.8 -0.143261 0.0204382
-6.8 -2.6 -0.0290665 -0.144341
-6.8 -2.4 0.148343 0.0405713
-6.8 -2.2 -0.158829 0.0472852
-6.8 -2 0.176097 -0.0509406
-6.8 -1.8 -0.199251 -0.0595411
-6.8 -1.6 0.0380376 0.241198
-6.8 -1.4 0.300974 -0.0231857
-6.8 -1.2 0.185421 -0.352701
-6.8 -1 -0.0605673 -0.554272
-6.8 -0.8 -0.275778 -0.741786
-6.8 -0.6 -0.336143 -0.990983
-6.8 -0.4 -0.141684 -1.12131
-6.8 -0.2 -0.0725034 -0.912827
-6.8 0 -0.248884 -1.03183
-6.8 0.2 -0.0725034 -0.912827
-6.8 0.4 -0.141684 -1.12131
-6.8 0.6 -0.336143 -0.990983
-6.8 0.8 -0.275778 -0.741786
-6.8 1 -0.0605673 -0.554272
-6.8 1.2 0.185421 -0.352701
-6.8 1.4 0.300974 -0.0231857
-6.8 1.6 0.0380376 0.241198
-6.8 1.8 -0.199251 -0.0595411
-6.8 2 0.176097 -0.0509406
-6.8 2.2 -0.158829 0.0472852
-6.8 2.4 0.148343 0.0405713
-6.8 2.6 -0.0290665 -0.144341
-6.8 2.8 -0.143261 0.0204382
-6.8 3 -0.0582555 0.130871
-6.8 3.2 0.0123895 0.139926
-6.8 3.4 0.0118808 0.136702
-6.8 3.6 -0.0538625 0.12514
-6.8 3.8 -0.133858 0.0294263
-6.8 4 -0.0525638 -0.125945
-6.8 4.2 0.134316 -0.0166467
-6.8 4.4 -0.0738371 0.114419
-6.8 4.6 0.0131008 -0.135832
-6.8 4.8 -0.00314935 0.135902
-6.8 5 0.0442843 -0.129534
-6.8 5.2 -0.114838 0.0744138
-6.8 5.4 0.123311 0.0599218
-6.8 5.6 0.0327202 -0.133718
-6.8 5.8 -0.128805 -0.0483049
-6.8 6 -0.0979024 0.0975737
-6.8 6.2 0.0073382 0.137889
-6.8 6.4 0.0789815 0.113937
-6.8 6.6 0.106892 0.0880816
-6.8 6.8 0.108183 0.0871479
-6.8 7 0.0837439 0.110709
-6.8 7.2 0.0222273 0.137254
-6.8 7.4 -0.074224 0.117546
-6.8 7.6 -0.138737 0.00861612
-6.8 7.8 -0.062969 -0.124016
-6.8 8 0.108653 -0.0865153
-6.8 8.2 0.0870708 0.108256
-6.8 8.4 -0.122361 0.0654702
-6.8 8.6 -0.017248 -0.137508
-6.8 8.8 0.126646 0.0561091
-6.8 9 -0.124856 0.0594151
-6.8 9.2 0.0569208 -0.12576
-6.8 9.4 0.0167561 0.136861
-6.8 9.6 -0.0684279 -0.119379
-6.8 9.8 0.0963543 0.0978153
-6.6 -10 -0.0866794 -0.108096
-6.6 -9.8 0.0917836 0.104261
-6.6 -9.6 -0.0825064 -0.112065
-6.6 -9.4 0.0553263 0.12798
-6.6 -9.2 -0.00519315 -0.139654
-6.6 -9 -0.0651587 0.123863
-6.6 -8.8 0.128708 -0.0554436
-6.6 -8.6 -0.127245 -0.0593976
-6.6 -8.4 0.0167695 0.139531
-6.6 -8.2 0.12373 -0.0669227
-6.6 -8 -0.0892977 -0.108965
-6.6 -7.8 -0.109352 0.0887565
-6.6 -7.6 0.0642131 0.125538
-6.6 -7.4 0.140783 -0.00747101
-6.6 -7.2 0.0785414 -0.117025
-6.6 -7 -0.0149556 -0.140205
-6.6 -6.8 -0.0746888 -0.11929
-6.6 -6.6 -0.0971991 -0.101932
-6.6 -6.4 -0.0903138 -0.107533
-6.6 -6.2 -0.0497008 -0.131451
-6.6 -6 0.0366128 -0.135116
-6.6 -5.8 0.129939 -0.0522903
-6.6 -5.6 0.0912844 0.105487
-6.6 -5.4 -0.104454 0.0922713
-6.6 -5.2 -0.0525137 -0.128859
-6.6 -5 0.132397 0.0404552
-6.6 -4.8 -0.135504 0.0301505
-6.6 -4.6 0.129768 -0.0470833
-6.6 -4.4 -0.137181 0.0121956
-6.6 -4.2 0.114946 0.0772669
-6.6 -4 0.0184366 -0.136704
-6.6 -3.8 -0.13665 -0.0148642
-6.6 -3.6 -0.0718427 0.118973
-6.6 -3.4 0.0147278 0.139908
-6.6 -3.2 0.0366857 0.136175
-6.6 -3 -0.00992827 0.141257
-6.6 -2.8 -0.11467 0.0882521
-6.6 -2.6 -0.112645 -0.100295
-6.6 -2.4 0.141637 -0.0726795
-6.6 -2.2 -0.0749843 0.152024
-6.6 -2 0.0686039 -0.169666
-6.6 -1.8 -0.155669 0.130193
-6.6 -1.6 0.220922 0.0812994
-6.6 -1.4 0.106256 -0.27145
-6.6 -1.2 -0.243432 -0.30497
-6.6 -1 -0.533741 -0.160226
-6.6 -0.8 -0.803067 -0.0426804
-6.6 -0.6 -1.05807 -0.108641
-6.6 -0.4 -1.06664 -0.345105
-6.6 -0.2 -0.859182 -0.282439
-6.6 0 -1.05434 -0.216115
-6.6 0.2 -0.859182 -0.282439
-6.6 0.4 -1.06664 -0.345105
-6.6 0.6 -1.05807 -0.108641
-6.6 0.8 -0.803067 -0.0426804
-6.6 1 -0.533741 -0.160226
-6.6 1.2 -0.243432 -0.30497
-6.6 1.4 0.106256 -0.27145
-6.6 1.6 0.220922 0.0812994
-6.6 1.8 -0.155669 0.130193
-6.6 2 0.0686039 -0.169666
-6.6 2.2 -0.0749843 0.152024
-6.6 2.4 0.141637 -0.0726795
-6.6 2.6 -0.112645 -0.100295
-6.6 2.8 -0.11467 0.0882521
-6.6 3 -0.00992827 0.141257
-6.6 3.2 0.0366857 0.136175
-6.6 3.4 0.0147278 0.139908
-6.6 3.6 -0.0718427 0.118973
-6.6 3.8 -0.13665 -0.0148642
-6.6 4 0.0184366 -0.136704
-6.6 4.2 0.114946 0.0772669
-6.6 4.4 -0.137181 0.0121956
-6.6 4.6 0.129768 -0.0470833
-6.6 4.8 -0.135504 0.0301505
-6.6 5 0.132397 0.0404552
-6.6 5.2 -0.0525137 -0.128859
-6.6 5.4 -0.104454 0.0922713
-6.6 5.6 0.0912844 0.105487
-6.6 5.8 0.129939 -0.0522903
-6.6 6 0.0366128 -0.135116
-6.6 6.2 -0.0497008 -0.131451
-6.6 6.4 -0.0903138 -0.107533
-6.6 6.6 -0.0971991 -0.101932
-6.6 6.8 -0.0746888 -0.11929
-6.6 7 -0.0149556 -0.140205
-6.6 7.2 0.0785414 -0.117025
-6.6 7.4 0.140783 -0.00747101
-6.6 7.6 0.0642131 0.125538
-6.6 7.8 -0.109352 0.0887565
-6.6 8 -0.0892977 -0.108965
-6.6 8.2 0.12373 -0.0669227
-6.6 8.4 0.0167695 0.139531
-6.6 8.6 -0.127245 -0.0593976
-6.6 8.8 0.128708 -0.0554436
-6.6 9 -0.0651587 0.123863
-6.6 9.2 -0.00519315 -0.139654
-6.6 9.4 0.0553263 0.12798
-6.6 9.6 -0.0825064 -0.112065
-6.6 9.8 0.0917836 0.104261
-6.4 -10 -0.0333463 -0.136059
-6.4 -9.8 0.0614341 0.12626
-6.4 -9.6 -0.0718573 -0.121067
-6.4 -9.4 0.0655877 0.124931
-6.4 -9.2 -0.0403376 -0.135472
-6.4 -9 -0.00741153 0.141479
-6.4 -8.8 0.0738782 -0.121208
-6.4 -8.6 -0.132657 0.0509744
-6.4 -8.4 0.127719 0.0629531
-6.4 -8.2 -0.0161373 -0.141657
-6.4 -8 -0.125184 0.0684111
-6.4 -7.8 0.091579 0.109698
-6.4 -7.6 0.110104 -0.0910708
-6.4 -7.4 -0.0654618 -0.127141
-6.4 -7.2 -0.142913 0.00611877
-6.4 -7 -0.0832001 0.116236
-6.4 -6.8 0.00686115 0.142875
-6.4 -6.6 0.0640162 0.127598
-6.4 -6.4 0.0831889 0.116137
-6.4 -6.2 0.0686687 0.124784
-6.4 -6 0.0142319 0.141795
-6.4 -5.8 -0.0806676 0.116846
-6.4 -5.6 -0.141807 -0.00660003
-6.4 -5.4 -0.0253608 -0.139262
-6.4 -5.2 0.140761 -0.0102374
-6.4 -5 -0.0544283 0.130318
-6.4 -4.8 -0.0466572 -0.132355
-6.4 -4.6 0.0896033 0.108147
-6.4 -4.4 -0.0833307 -0.113114
-6.4 -4.2 0.0229851 0.137646
-6.4 -4 0.0934456 -0.104012
-6.4 -3.8 -0.122371 -0.069733
-6.4 -3.6 -0.098357 0.100654
-6.4 -3.4 0.00954948 0.140076
-6.4 -3.2 0.0574135 0.129686
-6.4 -3 0.0350419 0.140796
-6.4 -2.8 -0.0672955 0.132931
-6.4 -2.6 -0.151084 -0.0240931
-6.4 -2.4 0.0617466 -0.145243
-6.4 -2.2 0.058359 0.154458
-6.4 -2 -0.0925479 -0.151033
-6.4 -1.8 0.0304299 0.194831
-6.4 -1.6 0.169554 -0.15701
-6.4 -1.4 -0.201828 -0.207912
-6.4 -1.2 -0.378919 0.103298
-6.4 -1 -0.364573 0.433847
-6.4 -0.8 -0.373689 0.73112
-6.4 -0.6 -0.551345 0.924782
-6.4 -0.4 -0.753182 0.809888
-6.4 -0.2 -0.586983 0.681529
-6.4 0 -0.652303 0.868953
-6.4 0.2 -0.586983 0.681529
-6.4 0.4 -0.753182 0.809888
-6.4 0.6 -0.551345 0.924782
-6.4 0.8 -0.373689 0.73112
-6.4 1 -0.364573 0.433847
-6.4 1.2 -0.378919 0.103298
-6.4 1.4 -0.201828 -0.207912
-6.4 1.6 0.169554 -0.15701
-6.4 1.8 0.0304299 0.194831
-6.4 2 -0.0925479 -0.151033
-6.4 2.2 0.058359 0.154458
-6.4 2.4 0.0617466 -0.145243
-6.4 2.6 -0.151084 -0.0240931
-6.4 2.8 -0.0672955 0.132931
-6.4 3 0.0350419 0.140796
-6.4 3.2 0.0574135 0.129686
-6.4 3.4 0.00954948 0.140076
-6.4 3.6 -0.098357 0.100654
-6.4 3.8 -0.122371 -0.069733
-6.4 4 0.0934456 -0.104012
-6.4 4.2 0.0229851 0.137646
-6.4 4.4 -0.0833307 -0.113114
-6.4 4.6 0.0896033 0.108147
-6.4 4.8 -0.0466572 -0.132355
-6.4 5 -0.0544283 0.130318
-6.4 5.2 0.140761 -0.0102374
-6.4 5.4 -0.0253608 -0.139262
-6.4 5.6 -0.141807 -0.00660003
-6.4 5.8 -0.0806676 0.116846
-6.4 6 0.0142319 0.141795
-6.4 6.2 0.0686687 0.124784
-6.4 6.4 0.0831889 0.116137
-6.4 6.6 0.0640162 0.127598
-6.4 6.8 0.00686115 0.142875
-6.4 7 -0.0832001 0.116236
-6.4 7.2 -0.142913 0.00611877
-6.4 7.4 -0.0654618 -0.127141
-6.4 7.6 0.110104 -0.0910708
-6.4 7.8 0.091579 0.109698
-6.4 8 -0.125184 0.0684111
-6.4 8.2 -0.0161373 -0.141657
-6.4 8.4 0.127719 0.0629531
-6.4 8.6 -0.132657 0.0509744
-6.4 8.8 0.0738782 -0.121208
-6.4 9 -0.00741153 0.141479
-6.4 9.2 -0.0403376 -0.135472
-6.4 9.4 0.0655877 0.124931
-6.4 9.6 -0.0718573 -0.121067
-6.4 9.8 0.0614341 0.12626
-6.2 -10 0.0572216 -0.129569
-6.2 -9.8 -0.00505748 0.141945
-6.2 -9.6 -0.0308033 -0.138995
-6.2 -9.4 0.0475413 0.13458
-6.2 -9.2 -0.0455199 -0.135672
-6.2 -9 0.0233936 0.141458
-6.2 -8.8 0.021043 -0.142122
-6.2 -8.6 -0.083039 0.117652
-6.2 -8.4 0.136686 -0.045927
-6.2 -8.2 -0.12806 -0.0667918
-6.2 -8 0.0153324 0.143874
-6.2 -7.8 0.126744 -0.0699311
-6.2 -7.6 -0.0939272 -0.110448
-6.2 -7.4 -0.110916 0.0934543
-6.2 -7.2 0.0667177 0.128838
-6.2 -7 0.145122 -0.00453357
-6.2 -6.8 0.088226 -0.115127
-6.2 -6.6 0.00213044 -0.145149
-6.2 -6.4 -0.0515504 -0.135378
-6.2 -6.2 -0.0658589 -0.129131
-6.2 -6 -0.0418516 -0.138328
-6.2 -5.8 0.025867 -0.142229
-6.2 -5.6 0.118682 -0.0816981
-6.2 -5.4 0.125841 0.0698288
-6.2 -5.2 -0.054792 0.132846
-6.2 -5 -0.115844 -0.0838783
-6.2 -4.8 0.135251 -0.0471112
-6.2 -4.6 -0.0880363 0.112193
-6.2 -4.4 0.0671231 -0.125192
-6.2 -4.2 -0.0965328 0.104903
-6.2 -4 0.141155 -0.0185575
-6.2 -3.8 -0.0747591 -0.120286
-6.2 -3.6 -0.123827 0.069747
-6.2 -3.4 -0.00395863 0.143714
-6.2 -3.2 0.0680319 0.128316
-6.2 -3 0.0673327 0.129785
-6.2 -2.8 -0.00964217 0.147338
-6.2 -2.6 -0.138308 0.060076
-6.2 -2.4 -0.0484084 -0.148901
-6.2 -2.2 0.154739 0.0596937
-6.2 -2 -0.179483 -0.0142046
-6.2 -1.8 0.186386 0.0778017
-6.2 -1.6 -0.0598305 -0.229671
-6.2 -1.4 -0.282448 0.0928544
-6.2 -1.2 -0.0662376 0.396525
-6.2 -1 0.249751 0.522004
-6.2 -0.8 0.517243 0.655461
-6.2 -0.6 0.606765 0.896246
-6.2 -0.4 0.413197 1.00471
-6.2 -0.2 0.406327 0.805319
-6.2 0 0.506848 0.966314
-6.2 0.2 0.406327 0.805319
-6.2 0.4 0.413197 1.00471
-6.2 0.6 0.606765 0.896246
-6.2 0.8 0.517243 0.655461
-6.2 1 0.249751 0.522004
-6.2 1.2 -0.0662376 0.396525
-6.2 1.4 -0.282448 0.0928544
-6.2 1.6 -0.0598305 -0.229671
-6.2 1.8 0.186386 0.0778017
-6.2 2 -0.179483 -0.0142046
-6.2 2.2 0.154739 0.0596937
-6.2 2.4 -0.0484084 -0.148901
-6.2 2.6 -0.138308 0.060076
-6.2 2.8 -0.00964217 0.147338
-6.2 3 0.0673327 0.129785
-6.2 3.2 0.0680319 0.128316
-6.2 3.4 -0.00395863 0.143714
-6.2 3.6 -0.123827 0.069747
-6.2 3.8 -0.0747591 -0.120286
-6.2 4 0.141155 -0.0185575
-6.2 4.2 -0.0965328 0.104903
-6.2 4.4 0.0671231 -0.125192
-6.2 4.6 -0.0880363 0.112193
-6.2 4.8 0.135251 -0.0471112
-6.2 5 -0.115844 -0.0838783
-6.2 5.2 -0.054792 0.132846
-6.2 5.4 0.125841 0.0698288
-6.2 5.6 0.118682 -0.0816981
-6.2 5.8 0.025867 -0.142229
-6.2 6 -0.0418516 -0.138328
-6.2 6.2 -0.0658589 -0.129131
-6.2 6.4 -0.0515504 -0.135378
-6.2 6.6 0.00213044 -0.145149
-6.2 6.8 0.088226 -0.115127
-6.2 7 0.145122 -0.00453357
-6.2 7.2 0.0667177 0.128838
-6.2 7.4 -0.110916 0.0934543
-6.2 7.6 -0.0939272 -0.110448
-6.2 7.8 0.126744 -0.0699311
-6.2 8 0.0153324 0.143874
-6.2 8.2 -0.12806 -0.0667918
-6.2 8.4 0.136686 -0.045927
-6.2 8.6 -0.083039 0.117652
-6.2 8.8 0.021043 -0.142122
-6.2 9 0.0233936 0.141458
-6.2 9.2 -0.0455199 -0.135672
-6.2 9.4 0.0475413 0.13458
-6.2 9.6 -0.0308033 -0.138995
-6.2 9.8 -0.00505748 0.141945
-6 -10 0.137905 -0.0385321
-6 -9.8 -0.0979944 0.104974
-6 -9.6 0.0461598 -0.136445
-6 -9.4 -0.00425395 0.144358
-6 -9.2 -0.0191729 -0.143493
-6 -9 0.0224026 0.143426
-6 -8.8 -0.00448669 -0.145436
-6 -8.6 -0.0356811 0.141341
-6 -8.4 0.092575 -0.113057
-6 -8.2 -0.140753 0.040208
-6 -8 0.128259 0.0709483
-6 -7.8 -0.0143458 -0.146172
-6 -7.6 -0.128428 0.0714687
-6 -7.4 0.0963604 0.111218
-6 -7.2 0.111788 -0.0959025
-6 -7 -0.0679812 -0.130646
-6 -6.8 -0.147406 0.00268811
-6 -6.6 -0.093646 0.113638
-6 -6.4 -0.0120929 0.146885
-6 -6.2 0.0371238 0.1423
-6 -6 0.0449954 0.140101
-6 -5.8 0.0101613 0.146354
-6 -5.6 -0.0677828 0.130107
-6 -5.4 -0.142991 0.0308652
-6 -5.2 -0.0787271 -0.122901
-6 -5 0.123164 -0.0782416
-6 -4.8 0.0276245 0.142472
-6 -4.6 -0.12217 -0.078291
-6 -4.4 0.142857 0.0251154
-6 -4.2 -0.141318 -0.0286782
-6 -4 0.113443 0.0888793
-6 -3.8 0.00364848 -0.144797
-6 -3.6 -0.143848 0.0186642
-6 -3.4 -0.0304322 0.141526
-6 -3.2 0.0704705 0.126896
-6 -3 0.0937126 0.113265
-6 -2.8 0.047074 0.142786
-6 -2.6 -0.0912508 0.125352
-6 -2.4 -0.133633 -0.0905548
-6 -2.2 0.156532 -0.0674351
-6 -2 -0.128664 0.13141
-6 -1.8 0.173249 -0.109714
-6 -1.6 -0.230062 -0.0679598
-6 -1.4 -0.0515828 0.295282
-6 -1.2 0.32908 0.236001
-6 -1 0.582912 -0.00413709
-6 -0.8 0.817127 -0.19427
-6 -0.6 1.06631 -0.171001
-6 -0.4 1.06439 0.0369497
-6 -0.2 0.909966 -0.0659943
-6 0 1.08837 -0.0418351
-6 0.2 0.909966 -0.0659943
-6 0.4 1.06439 0.0369497
-6 0.6 1.06631 -0.171001
-6 0.8 0.817127 -0.19427
-6 1 0.582912 -0.00413709
-6 1.2 0.32908 0.236001
-6 1.4 -0.0515828 0.295282
-6 1.6 -0.230062 -0.0679598
-6 1.8 0.173249 -0.109714
-6 2 -0.128664 0.13141
-6 2.2 0.156532 -0.0674351
-6 2.4 -0.133633 -0.0905548
-6 2.6 -0.0912508 0.125352
-6 2.8 0.047074 0.142786
-6 3 0.0937126 0.113265
-6 3.2 0.0704705 0.126896
-6 3.4 -0.0304322 0.141526
-6 3.6 -0.143848 0.0186642
-6 3.8 0.00364848 -0.144797
-6 4 0.113443 0.0888793
-6 4.2 -0.141318 -0.0286782
-6 4.4 0.142857 0.0251154
-6 4.6 -0.12217 -0.078291
-6 4.8 0.0276245 0.142472
-6 5 0.123164 -0.0782416
-6 5.2 -0.0787271 -0.122901
-6 5.4 -0.142991 0.0308652
-6 5.6 -0.0677828 0.130107
-6 5.8 0.0101613 0.146354
-6 6 0.0449954 0.140101
-6 6.2 0.0371238 0.1423
-6 6.4 -0.0120929 0.146885
-6 6.6 -0.093646 0.113638
-6 6.8 -0.147406 0.00268811
-6 7 -0.0679812 -0.130646
-6 7.2 0.111788 -0.0959025
-6 7.4 0.0963604 0.111218
-6 7.6 -0.128428 0.0714687
-6 7.8 -0.0143458 -0.146172
-6 8 0.128259 0.0709483
-6 8.2 -0.140753 0.040208
-6 8.4 0.092575 -0.113057
-6 8.6 -0.0356811 0.141341
-6 8.8 -0.00448669 -0.145436
-6 9 0.0224026 0.143426
-6 9.2 -0.0191729 -0.143493
-6 9.4 -0.00425395 0.144358
-6 9.6 0.0461598 -0.136445
-6 9.8 -0.0979944 0.104974
-5.8 -10 0.0962082 0.108197
-5.8 -9.8 -0.144038 -0.0186751
-5.8 -9.6 0.130069 -0.0655795
-5.8 -9.4 -0.0863652 0.117856
-5.8 -9.2 0.0420262 -0.140399
-5.8 -9 -0.0125629 0.146384
-5.8 -8.8 0.00345379 -0.147264
-5.8 -8.6 -0.016266 0.146809
-5.8 -8.4 0.0512853 -0.138833
-5.8 -8.2 -0.102413 0.107291
-5.8 -8 0.144782 -0.0337295
-5.8 -7.8 -0.12829 -0.0754743
-5.8 -7.6 0.0131762 0.14855
-5.8 -7.4 0.130246 -0.0730041
-5.8 -7.2 -0.0988985 -0.112017
-5.8 -7 -0.112715 0.0984136
-5.8 -6.8 0.0692481 0.132587
-5.8 -6.6 0.149759 -0.000553578
-5.8 -6.4 0.0994867 -0.111691
-5.8 -6.2 0.0230953 -0.147904
-5.8 -6 -0.0205926 -0.147945
-5.8 -5.8 -0.0205304 -0.148028
-5.8 -5.6 0.0255007 -0.146796
-5.8 -5.4 0.107193 -0.103408
-5.8 -5.2 0.145413 0.0305738
-5.8 -5 0.00547243 0.147999
-5.8 -4.8 -0.147483 -0.0140687
-5.8 -4.6 0.0856582 -0.120053
-5.8 -4.4 0.00324003 0.146988
-5.8 -4.2 -0.0338767 -0.143327
-5.8 -4 -0.00136397 0.146969
-5.8 -3.8 0.0957265 -0.110613
-5.8 -3.6 -0.138501 -0.0474139
-5.8 -3.4 -0.0649605 0.13239
-5.8 -3.2 0.0656202 0.133631
-5.8 -3 0.109956 0.102482
-5.8 -2.8 0.0883783 0.123806
-5.8 -2.6 -0.0251527 0.152896
-5.8 -2.4 -0.159572 0.0038306
-5.8 -2.2 0.0661738 -0.15349
-5.8 -2 0.0178512 0.17832
-5.8 -1.8 0.00724425 -0.198777
-5.8 -1.6 -0.16929 0.159054
-5.8 -1.4 0.231205 0.176881
-5.8 -1.2 0.34802 -0.189694
-5.8 -1 0.238358 -0.524541
-5.8 -0.8 0.162255 -0.819894
-5.8 -0.6 0.286646 -1.0336
-5.8 -0.4 0.457349 -0.940609
-5.8 -0.2 0.299574 -0.879895
-5.8 0 0.425982 -0.992305
-5.8 0.2 0.299574 -0.879895
-5.8 0.4 0.457349 -0.940609
-5.8 0.6 0.286646 -1.0336
-5.8 0.8 0.162255 -0.819894
-5.8 1 0.238358 -0.524541
-5.8 1.2 0.34802 -0.189694
-5.8 1.4 0.231205 0.176881
-5.8 1.6 -0.16929 0.159054
-5.8 1.8 0.00724425 -0.198777
-5.8 2 0.0178512 0.17832
-5.8 2.2 0.0661738 -0.15349
-5.8 2.4 -0.159572 0.0038306
-5.8 2.6 -0.0251527 0.152896
-5.8 2.8 0.0883783 0.123806
-5.8 3 0.109956 0.102482
-5.8 3.2 0.0656202 0.133631
-5.8 3.4 -0.0649605 0.13239
-5.8 3.6 -0.138501 -0.0474139
-5.8 3.8 0.0957265 -0.110613
-5.8 4 -0.00136397 0.146969
-5.8 4.2 -0.0338767 -0.143327
-5.8 4.4 0.00324003 0.146988
-5.8 4.6 0.0856582 -0.120053
-5.8 4.8 -0.147483 -0.0140687
-5.8 5 0.00547243 0.147999
-5.8 5.2 0.145413 0.0305738
-5.8 5.4 0.107193 -0.103408
-5.8 5.6 0.0255007 -0.146796
-5.8 5.8 -0.0205304 -0.148028
-5.8 6 -0.0205926 -0.147945
-5.8 6.2 0.0230953 -0.147904
-5.8 6.4 0.0994867 -0.111691
-5.8 6.6 0.149759 -0.000553578
-5.8 6.8 0.0692481 0.132587
-5.8 7 -0.112715 0.0984136
-5.8 7.2 -0.0988985 -0.112017
-5.8 7.4 0.130246 -0.0730041
-5.8 7.6 0.0131762 0.14855
-5.8 7.8 -0.12829 -0.0754743
-5.8 8 0.144782 -0.0337295
-5.8 8.2 -0.102413 0.107291
-5.8 8.4 0.0512853 -0.138833
-5.8 8.6 -0.016266 0.146809
-5.8 8.8 0.00345379 -0.147264
-5.8 9 -0.0125629 0.146384
-5.8 9.2 0.0420262 -0.140399
-5.8 9.4 -0.0863652 0.117856
-5.8 9.6 0.130069 -0.0655795
-5.8 9.8 -0.144038 -0.0186751
-5.6 -10 -0.0862186 0.118267
-5.6 -9.8 -0.0366149 -0.142225
-5.6 -9.6 0.125502 0.0772487
-5.6 -9.4 -0.147169 0.0140266
-5.6 -9.2 0.121074 -0.0856046
-5.6 -9 -0.0798991 0.125473
-5.6 -8.8 0.0464869 -0.141755
-5.6 -8.6 -0.0315142 0.146199
-5.6 -8.4 0.0385813 -0.144932
-5.6 -8.2 -0.0677449 0.134219
-5.6 -8 0.112482 -0.1002
-5.6 -7.8 -0.148681 0.0264239
-5.6 -7.6 0.128096 0.0804252
-5.6 -7.4 -0.0118188 -0.151028
-5.6 -7.2 -0.132196 0.0745198
-5.6 -7 0.101556 0.112864
-5.6 -6.8 0.11369 -0.100993
-5.6 -6.6 -0.0705077 -0.134682
-5.6 -6.4 -0.152175 -0.00190097
-5.6 -6.2 -0.105772 0.109192
-5.6 -6 -0.0351963 0.147989
-5.6 -5.8 0.001861 0.151784
-5.6 -5.6 -0.00736679 0.151672
-5.6 -5.4 -0.0633913 0.137482
-5.6 -5.2 -0.13819 0.0615569
-5.6 -5 -0.119295 -0.0925861
-5.6 -4.8 0.0771216 -0.129105
-5.6 -4.6 0.103741 0.108886
-5.6 -4.4 -0.149605 0.011218
-5.6 -4.2 0.12866 -0.0756801
-5.6 -4 -0.128059 0.0765877
-5.6 -3.8 0.149213 -0.0103899
-5.6 -3.6 -0.0934153 -0.116792
-5.6 -3.4 -0.107463 0.103639
-5.6 -3.2 0.0480542 0.141559
-5.6 -3 0.118183 0.0933988
-5.6 -2.8 0.11957 0.09531
-5.6 -2.6 0.0453362 0.149783
-5.6 -2.4 -0.129566 0.0969223
-5.6 -2.2 -0.0589572 -0.159086
-5.6 -2 0.151497 0.099995
-5.6 -1.8 -0.163591 -0.115327
-5.6 -1.6 0.0589569 0.22357
-5.6 -1.4 0.254967 -0.130729
-5.6 -1.2 -0.0310189 -0.387262
-5.6 -1 -0.379307 -0.422528
-5.6 -0.8 -0.680208 -0.476387
-5.6 -0.6 -0.821723 -0.680528
-5.6 -0.4 -0.669501 -0.786342
-5.6 -0.2 -0.704406 -0.639126
-5.6 0 -0.704367 -0.796309
-5.6 0.2 -0.704406 -0.639126
-5.6 0.4 -0.669501 -0.786342
-5.6 0.6 -0.821723 -0.680528
-5.6 0.8 -0.680208 -0.476387
-5.6 1 -0.379307 -0.422528
-5.6 1.2 -0.0310189 -0.387262
-5.6 1.4 0.254967 -0.130729
-5.6 1.6 0.0589569 0.22357
-5.6 1.8 -0.163591 -0.115327
-5.6 2 0.151497 0.099995
-5.6 2.2 -0.0589572 -0.159086
-5.6 2.4 -0.129566 0.0969223
-5.6 2.6 0.0453362 0.149783
-5.6 2.8 0.11957 0.09531
-5.6 3 0.118183 0.0933988
-5.6 3.2 0.0480542 0.141559
-5.6 3.4 -0.107463 0.103639
-5.6 3.6 -0.0934153 -0.116792
-5.6 3.8 0.149213 -0.0103899
-5.6 4 -0.128059 0.0765877
-5.6 4.2 0.12866 -0.0756801
-5.6 4.4 -0.149605 0.011218
-5.6 4.6 0.103741 0.108886
-5.6 4.8 0.0771216 -0.129105
-5.6 5 -0.119295 -0.0925861
-5.6 5.2 -0.13819 0.0615569
-5.6 5.4 -0.0633913 0.137482
-5.6 5.6 -0.00736679 0.151672
-5.6 5.8 0.001861 0.151784
-5.6 6 -0.0351963 0.147989
-5.6 6.2 -0.105772 0.109192
-5.6 6.4 -0.152175 -0.00190097
-5.6 6.6 -0.0705077 -0.134682
-5.6 6.8 0.11369 -0.100993
-5.6 7 0.101556 0.112864
-5.6 7.2 -0.132196 0.0745198
-5.6 7.4 -0.0118188 -0.151028
-5.6 7.6 0.128096 0.0804252
-5.6 7.8 -0.148681 0.0264239
-5.6 8 0.112482 -0.1002
-5.6 8.2 -0.0677449 0.134219
-5.6 8.4 0.0385813 -0.144932
-5.6 8.6 -0.0315142 0.146199
-5.6 8.8 0.0464869 -0.141755
-5.6 9 -0.0798991 0.125473
-5.6 9.2 0.121074 -0.0856046
-5.6 9.4 -0.147169 0.0140266
-5.6 9.6 0.125502 0.0772487
-5.6 9.8 -0.0366149 -0.142225
-5.4 -10 -0.116561 -0.0911654
-5.4 -9.8 0.137649 -0.0557793
-5.4 -9.6 -0.0365963 0.144477
-5.4 -9.4 -0.0811293 -0.125655
-5.4 -9.2 0.14349 0.0440328
-5.4 -9 -0.144944 0.040767
-5.4 -8.8 0.114371 -0.098652
-5.4 -8.6 -0.080752 0.128218
-5.4 -8.4 0.0609493 -0.139183
-5.4 -8.2 -0.0620132 0.139156
-5.4 -8 0.0848238 -0.127072
-5.4 -7.8 -0.12269 0.0915801
-5.4 -7.6 0.152364 -0.0182358
-5.4 -7.4 -0.127592 -0.0858383
-5.4 -7.2 0.010248 0.153637
-5.4 -7 0.134267 -0.0760119
-5.4 -6.8 -0.104338 -0.113783
-5.4 -6.6 -0.114705 0.103656
-5.4 -6.4 0.071742 0.136954
-5.4 -6.2 0.154648 0.00471048
-5.4 -6 0.112521 -0.106027
-5.4 -5.8 0.0484357 -0.146872
-5.4 -5.6 0.0190837 -0.15316
-5.4 -5.4 0.0381649 -0.149584
-5.4 -5.2 0.10067 -0.116422
-5.4 -5 0.153594 -0.00652128
-5.4 -4.8 0.0627644 0.140118
-5.4 -4.6 -0.140227 0.0608155
-5.4 -4.4 0.00210777 -0.152652
-5.4 -4.2 0.0978833 0.117078
-5.4 -4 -0.123726 -0.0882843
-5.4 -3.8 0.101232 0.112626
-5.4 -3.6 -0.00218479 -0.15154
-5.4 -3.4 -0.143394 0.0510822
-5.4 -3.2 0.0186058 0.151986
-5.4 -3 0.12112 0.0955632
-5.4 -2.8 0.138568 0.0717617
-5.4 -2.6 0.0987586 0.124554
-5.4 -2.4 -0.0616628 0.151675
-5.4 -2.2 -0.148339 -0.0859859
-5.4 -2 0.178761 -0.0431166
-5.4 -1.8 -0.193707 0.0637792
-5.4 -1.6 0.227268 0.0665453
-5.4 -1.4 -0.00221702 -0.292911
-5.4 -1.2 -0.371098 -0.130766
-5.4 -1 -0.540383 0.184347
-5.4 -0.8 -0.71019 0.438433
-5.4 -0.6 -0.95738 0.477474
-5.4 -0.4 -0.983615 0.296444
-5.4 -0.2 -0.890812 0.393708
-5.4 0 -0.996664 0.295849
-5.4 0.2 -0.890812 0.393708
-5.4 0.4 -0.983615 0.296444
-5.4 0.6 -0.95738 0.477474
-5.4 0.8 -0.71019 0.438433
-5.4 1 -0.540383 0.184347
-5.4 1.2 -0.371098 -0.130766
-5.4 1.4 -0.00221702 -0.292911
-5.4 1.6 0.227268 0.0665453
-5.4 1.8 -0.193707 0.0637792
-5.4 2 0.178761 -0.0431166
-5.4 2.2 -0.148339 -0.0859859
-5.4 2.4 -0.0616628 0.151675
-5.4 2.6 0.0987586 0.124554
-5.4 2.8 0.138568 0.0717617
-5.4 3 0.12112 0.0955632
-5.4 3.2 0.0186058 0.151986
-5.4 3.4 -0.143394 0.0510822
-5.4 3.6 -0.00218479 -0.15154
-5.4 3.8 0.101232 0.112626
-5.4 4 -0.123726 -0.0882843
-5.4 4.2 0.0978833 0.117078
-5.4 4.4 0.00210777 -0.152652
-5.4 4.6 -0.140227 0.0608155
-5.4 4.8 0.0627644 0.140118
-5.4 5 0.153594 -0.00652128
-5.4 5.2 0.10067 -0.116422
-5.4 5.4 0.0381649 -0.149584
-5.4 5.6 0.0190837 -0.15316
-5.4 5.8 0.0484357 -0.146872
-5.4 6 0.112521 -0.106027
-5.4 6.2 0.154648 0.00471048
-5.4 6.4 0.071742 0.136954
-5.4 6.6 -0.114705 0.103656
-5.4 6.8 -0.104338 -0.113783
-5.4 7 0.134267 -0.0760119
-5.4 7.2 0.010248 0.153637
-5.4 7.4 -0.127592 -0.0858383
-5.4 7.6 0.152364 -0.0182358
-5.4 7.8 -0.12269 0.0915801
-5.4 8 0.0848238 -0.127072
-5.4 8.2 -0.0620132 0.139156
-5.4 8.4 0.0609493 -0.139183
-5.4 8.6 -0.080752 0.128218
-5.4 8.8 0.114371 -0.098652
-5.4 9 -0.144944 0.040767
-5.4 9.2 0.14349 0.0440328
-5.4 9.4 -0.0811293 -0.125655
-5.4 9.6 -0.0365963 0.144477
-5.4 9.8 0.137649 -0.0557793
-5.2 -10 0.121868 -0.0867343
-5.2 -9.8 0.0389288 0.145038
-5.2 -9.6 -0.147737 -0.0300601
-5.2 -9.4 0.105945 -0.108056
-5.2 -9.2 0.0155949 0.15107
-5.2 -9 -0.115312 -0.0996895
-5.2 -8.8 0.152387 0.0133056
-5.2 -8.6 -0.141193 0.0601028
-5.2 -8.4 0.112782 -0.1048
-5.2 -8.2 -0.0904856 0.125163
-5.2 -8 0.085952 -0.128812
-5.2 -7.8 -0.102152 0.11698
-5.2 -7.6 0.132867 -0.0811746
-5.2 -7.4 -0.155755 0.0090892
-5.2 -7.2 0.126692 0.0917215
-5.2 -7 -0.0084083 -0.156403
-5.2 -6.8 -0.136454 0.0774952
-5.2 -6.6 0.107234 0.114795
-5.2 -6.4 0.115759 -0.106427
-5.2 -6.2 -0.0729274 -0.139418
-5.2 -6 -0.157178 -0.00791735
-5.2 -5.8 -0.119741 0.102055
-5.2 -5.6 -0.0628223 0.144225
-5.2 -5.4 -0.0421194 0.151274
-5.2 -5.2 -0.0708079 0.140161
-5.2 -5 -0.133185 0.0822971
-5.2 -4.8 -0.145959 -0.0559323
-5.2 -4.6 0.0171518 -0.15522
-5.2 -4.4 0.14998 0.0410831
-5.2 -4.2 -0.11725 0.101473
-5.2 -4 0.0512411 -0.146365
-5.2 -3.8 -0.0458863 0.147988
-5.2 -3.6 0.107536 -0.110945
-5.2 -3.4 -0.15125 -0.0300352
-5.2 -3.2 -0.026998 0.152036
-5.2 -3 0.115212 0.104156
-5.2 -2.8 0.148633 0.050619
-5.2 -2.6 0.136177 0.0835225
-5.2 -2.4 0.0239785 0.162197
-5.2 -2.2 -0.168039 0.0287252
-5.2 -2 0.0873375 -0.158513
-5.2 -1.8 -0.0620875 0.18912
-5.2 -1.6 0.173321 -0.153887
-5.2 -1.4 -0.256677 -0.138372
-5.2 -1.2 -0.283731 0.280294
-5.2 -1 -0.0534641 0.580114
-5.2 -0.8 0.118538 0.842221
-5.2 -0.6 0.0457678 1.08205
-5.2 -0.4 -0.128096 1.01951
-5.2 -0.2 -0.00979913 0.994036
-5.2 0 -0.139759 1.0017
-5.2 0.2 -0.00979913 0.994036
-5.2 0.4 -0.128096 1.01951
-5.2 0.6 0.0457678 1.08205
-5.2 0.8 0.118538 0.842221
-5.2 1 -0.0534641 0.580114
-5.2 1.2 -0.283731 0.280294
-5.2 1.4 -0.256677 -0.138372
-5.2 1.6 0.173321 -0.153887
-5.2 1.8 -0.0620875 0.18912
-5.2 2 0.0873375 -0.158513
-5.2 2.2 -0.168039 0.0287252
-5.2 2.4 0.0239785 0.162197
-5.2 2.6 0.136177 0.0835225
-5.2 2.8 0.148633 0.050619
-5.2 3 0.115212 0.104156
-5.2 3.2 -0.026998 0.152036
-5.2 3.4 -0.15125 -0.0300352
-5.2 3.6 0.107536 -0.110945
-5.2 3.8 -0.0458863 0.147988
-5.2 4 0.0512411 -0.146365
-5.2 4.2 -0.11725 0.101473
-5.2 4.4 0.14998 0.0410831
-5.2 4.6 0.0171518 -0.15522
-5.2 4.8 -0.145959 -0.0559323
-5.2 5 -0.133185 0.0822971
-5.2 5.2 -0.0708079 0.140161
-5.2 5.4 -0.0421194 0.151274
-5.2 5.6 -0.0628223 0.144225
-5.2 5.8 -0.119741 0.102055
-5.2 6 -0.157178 -0.00791735
-5.2 6.2 -0.0729274 -0.139418
-5.2 6.4 0.115759 -0.106427
-5.2 6.6 0.107234 0.114795
-5.2 6.8 -0.136454 0.0774952
-5.2 7 -0.0084083 -0.156403
-5.2 7.2 0.126692 0.0917215
-5.2 7.4 -0.155755 0.0090892
-5.2 7.6 0.132867 -0.0811746
-5.2 7.8 -0.102152 0.11698
-5.2 8 0.085952 -0.128812
-5.2 8.2 -0.0904856 0.125163
-5.2 8.4 0.112782 -0.1048
-5.2 8.6 -0.141193 0.0601028
-5.2 8.8 0.152387 0.0133056
-5.2 9 -0.115312 -0.0996895
-5.2 9.2 0.0155949 0.15107
-5.2 9.4 0.105945 -0.108056
-5.2 9.6 -0.147737 -0.0300601
-5.2 9.8 0.0389288 0.145038
-5 -10 0.0102391 0.150865
-5 -9.8 -0.150694 -0.0187109
-5 -9.6 0.0617907 -0.139389
-5 -9.4 0.104603 0.111781
-5 -9.2 -0.149373 0.0362612
-5 -9 0.0593067 -0.142447
-5 -8.8 0.0629704 0.141491
-5 -8.6 -0.138599 -0.0704038
-5 -8.4 0.155573 -0.0115545
-5 -8.2 -0.139353 0.071243
-5 -8 0.118288 -0.103296
-5 -7.8 -0.109535 0.113196
-5 -7.6 0.11926 -0.103558
-5 -7.4 -0.142729 0.0687287
-5 -7.2 0.158754 0.00114062
-5 -7 -0.125329 -0.0980719
-5 -6.8 0.0062253 0.159324
-5 -6.6 0.138778 -0.0789949
-5 -6.4 -0.110227 -0.115901
-5 -6.2 -0.11687 0.109336
-5 -6 0.0740395 0.142084
-5 -5.8 0.159761 0.0115766
-5 -5.6 0.127421 -0.0971088
-5 -5.4 0.0783162 -0.139654
-5 -5.2 0.0669172 -0.145181
-5 -5 0.103518 -0.121775
-5 -4.8 0.155412 -0.0352087
-5 -4.6 0.109632 0.115194
-5 -4.4 -0.100935 0.122727
-5 -4.2 -0.0850013 -0.133611
-5 -4 0.154334 0.0325213
-5 -3.8 -0.156657 0.0163455
-5 -3.6 0.156864 0.0153303
-5 -3.4 -0.105567 -0.117277
-5 -3.2 -0.0855592 0.132921
-5 -3 0.0991245 0.123969
-5 -2.8 0.154432 0.0422246
-5 -2.6 0.156289 0.045092
-5 -2.4 0.0953599 0.137186
-5 -2.2 -0.120829 0.125574
-5 -2 -0.0532113 -0.177689
-5 -1.8 0.117521 0.165124
-5 -1.6 -0.045639 -0.226276
-5 -1.4 -0.233657 0.161783
-5 -1.2 0.125913 0.37041
-5 -1 0.50509 0.295615
-5 -0.8 0.830397 0.246758
-5 -0.6 1.01727 0.416988
-5 -0.4 0.875318 0.537649
-5 -0.2 0.91168 0.430716
-5 0 0.834945 0.516988
-5 0.2 0.91168 0.430716
-5 0.4 0.875318 0.537649
-5 0.6 1.01727 0.416988
-5 0.8 0.830397 0.246758
-5 1 0.50509 0.295615
-5 1.2 0.125913 0.37041
-5 1.4 -0.233657 0.161783
-5 1.6 -0.045639 -0.226276
-5 1.8 0.117521 0.165124
-5 2 -0.0532113 -0.177689
-5 2.2 -0.120829 0.125574
-5 2.4 0.0953599 0.137186
-5 2.6 0.156289 0.045092
-5 2.8 0.154432 0.0422246
-5 3 0.0991245 0.123969
-5 3.2 -0.0855592 0.132921
-5 3.4 -0.105567 -0.117277
-5 3.6 0.156864 0.0153303
-5 3.8 -0.156657 0.0163455
-5 4 0.154334 0.0325213
-5 4.2 -0.0850013 -0.133611
-5 4.4 -0.100935 0.122727
-5 4.6 0.109632 0.115194
-5 4.8 0.155412 -0.0352087
-5 5 0.103518 -0.121775
-5 5.2 0.0669172 -0.145181
-5 5.4 0.0783162 -0.139654
-5 5.6 0.127421 -0.0971088
-5 5.8 0.159761 0.0115766
-5 6 0.0740395 0.142084
-5 6.2 -0.11687 0.109336
-5 6.4 -0.110227 -0.115901
-5 6.6 0.138778 -0.0789949
-5 6.8 0.0062253 0.159324
-5 7 -0.125329 -0.0980719
-5 7.2 0.158754 0.00114062
-5 7.4 -0.142729 0.0687287
-5 7.6 0.11926 -0.103558
-5 7.8 -0.109535 0.113196
-5 8 0.118288 -0.103296
-5 8.2 -0.139353 0.071243
-5 8.4 0.155573 -0.0115545
-5 8.6 -0.138599 -0.0704038
-5 8.8 0.0629704 0.141491
-5 9 0.0593067 -0.142447
-5 9.2 -0.149373 0.0362612
-5 9.4 0.104603 0.111781
-5 9.6 0.0617907 -0.139389
-5 9.8 -0.150694 -0.0187109
-4.8 -10 -0.111582 -0.104446
-4.8 -9.8 0.107983 -0.109124
-4.8 -9.6 0.0951495 0.121351
-4.8 -9.4 -0.140362 0.0654703
-4.8 -9.2 -0.01548 -0.154761
-4.8 -9 0.146666 0.0536913
-4.8 -8.8 -0.124893 0.0948621
-4.8 -8.6 0.00736679 -0.157277
-4.8 -8.4 0.101157 0.121439
-4.8 -8.2 -0.152701 -0.0430735
-4.8 -8 0.15668 -0.0282969
-4.8 -7.8 -0.141994 0.0732025
-4.8 -7.6 0.131503 -0.0916699
-4.8 -7.4 -0.135563 0.086408
-4.8 -7.2 0.15191 -0.0540422
-4.8 -7 -0.161174 -0.0126029
-4.8 -6.8 0.123454 0.104917
-4.8 -6.6 -0.00363741 -0.162366
-4.8 -6.4 -0.141288 0.0805214
-4.8 -6.2 0.113314 0.117084
-4.8 -6 0.118068 -0.112404
-4.8 -5.8 -0.0750609 -0.144952
-4.8 -5.6 -0.162394 -0.0157621
-4.8 -5.4 -0.135528 0.090989
-4.8 -5.2 -0.0948033 0.132682
-4.8 -5 -0.0928422 0.133798
-4.8 -4.8 -0.133578 0.0930277
-4.8 -4.6 -0.160759 -0.0222822
-4.8 -4.4 -0.0441006 -0.155774
-4.8 -4.2 0.15669 -0.0401375
-4.8 -4 -0.0381508 0.156793
-4.8 -3.8 -0.0558326 -0.15074
-4.8 -3.6 0.0673327 0.14544
-4.8 -3.4 0.00501644 -0.160073
-4.8 -3.2 -0.140672 0.0771012
-4.8 -3 0.0674526 0.146302
-4.8 -2.8 0.156567 0.043001
-4.8 -2.6 0.164211 0.00928245
-4.8 -2.4 0.144617 0.0852394
-4.8 -2.2 -0.026632 0.171396
-4.8 -2 -0.159287 -0.0908036
-4.8 -1.8 0.201255 0.0139994
-4.8 -1.6 -0.217707 -0.0864386
-4.8 -1.4 0.0378787 0.286081
-4.8 -1.2 0.385802 0.0361459
-4.8 -1 0.470471 -0.334968
-4.8 -0.8 0.574394 -0.652694
-4.8 -0.6 0.816779 -0.747823
-4.8 -0.4 0.847594 -0.565631
-4.8 -0.2 0.778589 -0.651222
-4.8 0 0.782394 -0.551023
-4.8 0.2 0.778589 -0.651222
-4.8 0.4 0.847594 -0.565631
-4.8 0.6 0.816779 -0.747823
-4.8 0.8 0.574394 -0.652694
-4.8 1 0.470471 -0.334968
-4.8 1.2 0.385802 0.0361459
-4.8 1.4 0.0378787 0.286081
-4.8 1.6 -0.217707 -0.0864386
-4.8 1.8 0.201255 0.0139994
-4.8 2 -0.159287 -0.0908036
-4.8 2.2 -0.026632 0.171396
-4.8 2.4 0.144617 0.0852394
-4.8 2.6 0.164211 0.00928245
-4.8 2.8 0.156567 0.043001
-4.8 3 0.0674526 0.146302
-4.8 3.2 -0.140672 0.0771012
-4.8 3.4 0.00501644 -0.160073
-4.8 3.6 0.0673327 0.14544
-4.8 3.8 -0.0558326 -0.15074
-4.8 4 -0.0381508 0.156793
-4.8 4.2 0.15669 -0.0401375
-4.8 4.4 -0.0441006 -0.155774
-4.8 4.6 -0.160759 -0.0222822
-4.8 4.8 -0.133578 0.0930277
-4.8 5 -0.0928422 0.133798
-4.8 5.2 -0.0948033 0.132682
-4.8 5.4 -0.135528 0.090989
-4.8 5.6 -0.162394 -0.0157621
-4.8 5.8 -0.0750609 -0.144952
-4.8 6 0.118068 -0.112404
-4.8 6.2 0.113314 0.117084
-4.8 6.4 -0.141288 0.0805214
-4.8 6.6 -0.00363741 -0.162366
-4.8 6.8 0.123454 0.104917
-4.8 7 -0.161174 -0.0126029
-4.8 7.2 0.15191 -0.0540422
-4.8 7.4 -0.135563 0.086408
-4.8 7.6 0.131503 -0.0916699
-4.8 7.8 -0.141994 0.0732025
-4.8 8 0.15668 -0.0282969
-4.8 8.2 -0.152701 -0.0430735
-4.8 8.4 0.101157 0.121439
-4.8 8.6 0.00736679 -0.157277
-4.8 8.8 -0.124893 0.0948621
-4.8 9 0.146666 0.0536913
-4.8 9.2 -0.01548 -0.154761
-4.8 9.4 -0.140362 0.0654703
-4.8 9.6 0.0951495 0.121351
-4.8 9.8 0.107983 -0.109124
-4.6 -10 0.148507 0.0425041
-4.6 -9.8 -0.0223337 0.153597
-4.6 -9.6 -0.155107 -0.0160952
-4.6 -9.4 0.0250634 -0.154642
-4.6 -9.2 0.149329 0.0497016
-4.6 -9 -0.0880438 0.131311
-4.6 -8.8 -0.0891479 -0.131398
-4.6 -8.6 0.15881 -0.0145184
-4.6 -8.4 -0.0825013 0.137269
-4.6 -8.2 -0.0417605 -0.155278
-4.6 -8 0.128857 0.0972403
-4.6 -7.8 -0.160589 -0.0217957
-4.6 -7.6 0.158787 -0.0351396
-4.6 -7.4 -0.15018 0.0638834
-4.6 -7.2 0.150241 -0.065115
-4.6 -7 -0.160003 0.0369421
-4.6 -6.8 0.162744 0.0254014
-4.6 -6.6 -0.120974 -0.11233
-4.6 -6.4 0.000618184 0.165493
-4.6 -6.2 0.14404 -0.082048
-4.6 -6 -0.116519 -0.118321
-4.6 -5.8 -0.119389 0.115628
-4.6 -5.6 0.0759867 0.148028
-4.6 -5.4 0.165059 0.0205709
-4.6 -5.2 0.143988 -0.0834646
-4.6 -5 0.112059 -0.122747
-4.6 -4.8 0.118822 -0.115955
-4.6 -4.6 0.157145 -0.0531867
-4.6 -4.4 0.142539 0.0839294
-4.6 -4.2 -0.0416302 0.159606
-4.6 -4 -0.148873 -0.0705064
-4.6 -3.8 0.148225 -0.0712851
-4.6 -3.6 -0.112161 0.119746
-4.6 -3.4 0.13146 -0.0975106
-4.6 -3.2 -0.162297 -0.0199319
-4.6 -3 0.0124176 0.163313
-4.6 -2.8 0.15355 0.0596161
-4.6 -2.6 0.16621 -0.0130338
-4.6 -2.4 0.167765 0.0304131
-4.6 -2.2 0.0690387 0.163002
-4.6 -2 -0.182514 0.0413936
-4.6 -1.8 0.136481 -0.149268
-4.6 -1.6 -0.18631 0.133786
-4.6 -1.4 0.266021 0.106078
-4.6 -1.2 0.201411 -0.338293
-4.6 -1 -0.122616 -0.566718
-4.6 -0.8 -0.361598 -0.787558
-4.6 -0.6 -0.328675 -1.05196
-4.6 -0.4 -0.158799 -0.986248
-4.6 -0.2 -0.267651 -0.979677
-4.6 0 -0.207579 -0.919476
-4.6 0.2 -0.267651 -0.979677
-4.6 0.4 -0.158799 -0.986248
-4.6 0.6 -0.328675 -1.05196
-4.6 0.8 -0.361598 -0.787558
-4.6 1 -0.122616 -0.566718
-4.6 1.2 0.201411 -0.338293
-4.6 1.4 0.266021 0.106078
-4.6 1.6 -0.18631 0.133786
-4.6 1.8 0.136481 -0.149268
-4.6 2 -0.182514 0.0413936
-4.6 2.2 0.0690387 0.163002
-4.6 2.4 0.167765 0.0304131
-4.6 2.6 0.16621 -0.0130338
-4.6 2.8 0.15355 0.0596161
-4.6 3 0.0124176 0.163313
-4.6 3.2 -0.162297 -0.0199319
-4.6 3.4 0.13146 -0.0975106
-4.6 3.6 -0.112161 0.119746
-4.6 3.8 0.148225 -0.0712851
-4.6 4 -0.148873 -0.0705064
-4.6 4.2 -0.0416302 0.159606
-4.6 4.4 0.142539 0.0839294
-4.6 4.6 0.157145 -0.0531867
-4.6 4.8 0.118822 -0.115955
-4.6 5 0.112059 -0.122747
-4.6 5.2 0.143988 -0.0834646
-4.6 5.4 0.165059 0.0205709
-4.6 5.6 0.0759867 0.148028
-4.6 5.8 -0.119389 0.115628
-4.6 6 -0.116519 -0.118321
-4.6 6.2 0.14404 -0.082048
-4.6 6.4 0.000618184 0.165493
-4.6 6.6 -0.120974 -0.11233
-4.6 6.8 0.162744 0.0254014
-4.6 7 -0.160003 0.0369421
-4.6 7.2 0.150241 -0.065115
-4.6 7.4 -0.15018 0.0638834
-4.6 7.6 0.158787 -0.0351396
-4.6 7.8 -0.160589 -0.0217957
-4.6 8 0.128857 0.0972403
-4.6 8.2 -0.0417605 -0.155278
-4.6 8.4 -0.0825013 0.137269
-4.6 8.6 0.15881 -0.0145184
-4.6 8.8 -0.0891479 -0.131398
-4.6 9 -0.0880438 0.131311
-4.6 9.2 0.149329 0.0497016
-4.6 9.4 0.0250634 -0.154642
-4.6 9.6 -0.155107 -0.0160952
-4.6 9.8 -0.0223337 0.153597
-4.4 -10 -0.155485 -0.0139389
-4.4 -9.8 -0.0319607 -0.1536
-4.4 -9.6 0.144548 -0.0629852
-4.4 -9.4 0.0791987 0.137252
-4.4 -9.2 -0.136788 0.0815222
-4.4 -9 -0.069279 -0.144223
-4.4 -8.8 0.155815 -0.0395865
-4.4 -8.6 -0.0105772 0.161173
-4.4 -8.4 -0.142249 -0.0780363
-4.4 -8.2 0.142713 -0.0786958
-4.4 -8 -0.0320775 0.160514
-4.4 -7.8 -0.0828358 -0.141959
-4.4 -7.6 0.147145 0.0747207
-4.4 -7.4 -0.165393 -0.00971682
-4.4 -7.2 0.163555 -0.0299075
-4.4 -7 -0.16215 0.0394125
-4.4 -6.8 0.166505 -0.01722
-4.4 -6.6 -0.163169 -0.0395731
-4.4 -6.4 0.117715 0.120373
-4.4 -6.2 0.00285177 -0.168717
-4.4 -6 -0.147058 0.0835199
-4.4 -5.8 0.119895 0.119615
-4.4 -5.6 0.120856 -0.118992
-4.4 -5.4 -0.0768225 -0.151336
-4.4 -5.2 -0.167715 -0.0261227
-4.4 -5 -0.152688 0.0742709
-4.4 -4.8 -0.129694 0.109192
-4.4 -4.6 -0.143183 0.090502
-4.4 -4.4 -0.169186 0.00286912
-4.4 -4.2 -0.0960185 -0.13873
-4.4 -4 0.125156 -0.112367
-4.4 -3.8 0.0598928 0.15682
-4.4 -3.6 -0.144924 -0.0842695
-4.4 -3.4 0.153987 0.0657991
-4.4 -3.2 -0.107966 -0.127928
-4.4 -3 -0.0633398 0.155247
-4.4 -2.8 0.142672 0.089713
-4.4 -2.6 0.168486 -0.0246325
-4.4 -2.4 0.171787 -0.0220191
-4.4 -2.2 0.141593 0.107556
-4.4 -2 -0.112829 0.148111
-4.4 -1.8 -0.0207233 -0.202181
-4.4 -1.6 0.00907542 0.23306
-4.4 -1.4 0.214432 -0.18473
-4.4 -1.2 -0.211989 -0.325152
-4.4 -1 -0.576138 -0.124693
-4.4 -0.8 -0.876261 0.0176692
-4.4 -0.6 -1.08528 -0.135349
-4.4 -0.4 -0.940525 -0.24617
-4.4 -0.2 -1.00189 -0.159129
-4.4 0 -0.931632 -0.155218
-4.4 0.2 -1.00189 -0.159129
-4.4 0.4 -0.940525 -0.24617
-4.4 0.6 -1.08528 -0.135349
-4.4 0.8 -0.876261 0.0176692
-4.4 1 -0.576138 -0.124693
-4.4 1.2 -0.211989 -0.325152
-4.4 1.4 0.214432 -0.18473
-4.4 1.6 0.00907542 0.23306
-4.4 1.8 -0.0207233 -0.202181
-4.4 2 -0.112829 0.148111
-4.4 2.2 0.141593 0.107556
-4.4 2.4 0.171787 -0.0220191
-4.4 2.6 0.168486 -0.0246325
-4.4 2.8 0.142672 0.089713
-4.4 3 -0.0633398 0.155247
-4.4 3.2 -0.107966 -0.127928
-4.4 3.4 0.153987 0.0657991
-4.4 3.6 -0.144924 -0.0842695
-4.4 3.8 0.0598928 0.15682
-4.4 4 0.125156 -0.112367
-4.4 4.2 -0.0960185 -0.13873
-4.4 4.4 -0.169186 0.00286912
-4.4 4.6 -0.143183 0.090502
-4.4 4.8 -0.129694 0.109192
-4.4 5 -0.152688 0.0742709
-4.4 5.2 -0.167715 -0.0261227
-4.4 5.4 -0.0768225 -0.151336
-4.4 5.6 0.120856 -0.118992
-4.4 5.8 0.119895 0.119615
-4.4 6 -0.147058 0.0835199
-4.4 6.2 0.00285177 -0.168717
-4.4 6.4 0.117715 0.120373
-4.4 6.6 -0.163169 -0.0395731
-4.4 6.8 0.166505 -0.01722
-4.4 7 -0.16215 0.0394125
-4.4 7.2 0.163555 -0.0299075
-4.4 7.4 -0.165393 -0.00971682
-4.4 7.6 0.147145 0.0747207
-4.4 7.8 -0.0828358 -0.141959
-4.4 8 -0.0320775 0.160514
-4.4 8.2 0.142713 -0.0786958
-4.4 8.4 -0.142249 -0.0780363
-4.4 8.6 -0.0105772 0.161173
-4.4 8.8 0.155815 -0.0395865
-4.4 9 -0.069279 -0.144223
-4.4 9.2 -0.136788 0.0815222
-4.4 9.4 0.0791987 0.137252
-4.4 9.6 0.144548 -0.0629852
-4.4 9.8 -0.0319607 -0.1536
-4.2 -10 0.154834 0.0301057
-4.2 -9.8 0.0408541 0.153229
-4.2 -9.6 -0.128893 0.0938236
-4.2 -9.4 -0.12646 -0.0984382
-4.2 -9.2 0.0736242 -0.14328
-4.2 -9 0.149995 0.0610069
-4.2 -8.8 -0.0636432 0.149794
-4.2 -8.6 -0.141366 -0.0822709
-4.2 -8.4 0.114244 -0.118181
-4.2 -8.2 0.0700865 0.149567
-4.2 -8 -0.165685 -0.00928053
-4.2 -7.8 0.105856 -0.128789
-4.2 -7.6 0.0175226 0.166542
-4.2 -7.4 -0.113707 -0.123898
-4.2 -7.2 0.158328 0.0587392
-4.2 -7 -0.169259 -0.00966373
-4.2 -6.8 0.169898 -0.00933281
-4.2 -6.6 -0.170688 -0.00529744
-4.2 -6.4 0.162157 0.0551657
-4.2 -6.2 -0.11346 -0.129032
-4.2 -6 -0.00685174 0.172082
-4.2 -5.8 0.150327 -0.0849053
-4.2 -5.6 -0.123483 -0.121012
-4.2 -5.4 -0.122457 0.122478
-4.2 -5.2 0.077567 0.154929
-4.2 -5 0.170284 0.0325518
-4.2 -4.8 0.161452 -0.063106
-4.2 -4.6 0.14708 -0.0912751
-4.2 -4.4 0.163463 -0.0565282
-4.2 -4.2 0.163744 0.0549773
-4.2 -4 0.0219087 0.170832
-4.2 -3.8 -0.171038 0.0148196
-4.2 -3.6 0.0791584 -0.151849
-4.2 -3.4 -0.0063744 0.170821
-4.2 -3.2 0.0322758 -0.167706
-4.2 -3 -0.141458 0.0958266
-4.2 -2.8 0.111833 0.129793
-4.2 -2.6 0.171238 -0.0204652
-4.2 -2.4 0.164265 -0.0600592
-4.2 -2.2 0.176494 0.0359627
-4.2 -2 0.00146849 0.189777
-4.2 -1.8 -0.165781 -0.119272
-4.2 -1.6 0.193761 0.123585
-4.2 -1.4 -0.0558675 -0.280138
-4.2 -1.2 -0.382636 0.0572138
-4.2 -1 -0.351267 0.468747
-4.2 -0.8 -0.352271 0.821434
-4.2 -0.6 -0.569856 0.937823
-4.2 -0.4 -0.580405 0.755095
-4.2 -0.2 -0.555824 0.852202
-4.2 0 -0.510968 0.817112
-4.2 0.2 -0.555824 0.852202
-4.2 0.4 -0.580405 0.755095
-4.2 0.6 -0.569856 0.937823
-4.2 0.8 -0.352271 0.821434
-4.2 1 -0.351267 0.468747
-4.2 1.2 -0.382636 0.0572138
-4.2 1.4 -0.0558675 -0.280138
-4.2 1.6 0.193761 0.123585
-4.2 1.8 -0.165781 -0.119272
-4.2 2 0.00146849 0.189777
-4.2 2.2 0.176494 0.0359627
-4.2 2.4 0.164265 -0.0600592
-4.2 2.6 0.171238 -0.0204652
-4.2 2.8 0.111833 0.129793
-4.2 3 -0.141458 0.0958266
-4.2 3.2 0.0322758 -0.167706
-4.2 3.4 -0.0063744 0.170821
-4.2 3.6 0.0791584 -0.151849
-4.2 3.8 -0.171038 0.0148196
-4.2 4 0.0219087 0.170832
-4.2 4.2 0.163744 0.0549773
-4.2 4.4 0.163463 -0.0565282
-4.2 4.6 0.14708 -0.0912751
-4.2 4.8 0.161452 -0.063106
-4.2 5 0.170284 0.0325518
-4.2 5.2 0.077567 0.154929
-4.2 5.4 -0.122457 0.122478
-4.2 5.6 -0.123483 -0.121012
-4.2 5.8 0.150327 -0.0849053
-4.2 6 -0.00685174 0.172082
-4.2 6.2 -0.11346 -0.129032
-4.2 6.4 0.162157 0.0551657
-4.2 6.6 -0.170688 -0.00529744
-4.2 6.8 0.169898 -0.00933281
-4.2 7 -0.169259 -0.00966373
-4.2 7.2 0.158328 0.0587392
-4.2 7.4 -0.113707 -0.123898
-4.2 7.6 0.0175226 0.166542
-4.2 7.8 0.105856 -0.128789
-4.2 8 -0.165685 -0.00928053
-4.2 8.2 0.0700865 0.149567
-4.2 8.4 0.114244 -0.118181
-4.2 8.6 -0.141366 -0.0822709
-4.2 8.8 -0.0636432 0.149794
-4.2 9 0.149995 0.0610069
-4.2 9.2 0.0736242 -0.14328
-4.2 9.4 -0.12646 -0.0984382
-4.2 9.6 -0.128893 0.0938236
-4.2 9.8 0.0408541 0.153229
-4 -10 -0.132079 -0.0891999
-4 -9.8 -0.00228091 -0.160249
-4 -9.6 0.137959 -0.0832939
-4 -9.4 0.135358 0.0891078
-4 -9.2 -0.0363308 0.158858
-4 -9 -0.163723 0.0064694
-4 -8.8 -0.0335996 -0.161273
-4 -8.6 0.159747 -0.0437451
-4 -8.4 0.0362025 0.162529
-4 -8.2 -0.167127 0.00910179
-4 -8 0.0390161 -0.163647
-4 -7.8 0.134238 0.10281
-4 -7.6 -0.159108 0.0595954
-4 -7.4 0.0583019 -0.160448
-4 -7.2 0.0601006 0.160626
-4 -7 -0.134596 -0.10748
-4 -6.8 0.164557 0.0533367
-4 -6.6 -0.171882 -0.0247901
-4 -6.4 0.171614 0.0305749
-4 -6.2 -0.159292 -0.0722652
-4 -6 0.108032 0.138254
-4 -5.8 0.0115311 -0.175578
-4 -5.6 -0.153843 0.0862289
-4 -5.4 0.127281 0.122571
-4 -5.2 0.124164 -0.126113
-4 -5 -0.0781848 -0.158885
-4 -4.8 -0.172652 -0.0399926
-4 -4.6 -0.170031 0.0496216
-4 -4.4 -0.163242 0.0682006
-4 -4.2 -0.176232 0.0137365
-4 -4 -0.134839 -0.113849
-4 -3.8 0.0688648 -0.161943
-4 -3.6 0.141771 0.103315
-4 -3.4 -0.172973 0.0261159
-4 -3.2 0.165298 -0.0561588
-4 -3 -0.172821 -0.0237471
-4 -2.8 0.0495494 0.16757
-4 -2.6 0.175889 0.00222929
-4 -2.4 0.157323 -0.0846271
-4 -2.2 0.179881 -0.0360433
-4 -2 0.112003 0.154159
-4 -1.8 -0.201478 0.0343142
-4 -1.6 0.21573 -0.0876694
-4 -1.4 -0.267959 -0.0852413
-4 -1.2 -0.118744 0.370105
-4 -1 0.291064 0.510099
-4 -0.8 0.602093 0.665778
-4 -0.6 0.617295 0.920342
-4 -0.4 0.471711 0.824107
-4 -0.2 0.553426 0.86503
-4 0 0.562391 0.820342
-4 0.2 0.553426 0.86503
-4 0.4 0.471711 0.824107
-4 0.6 0.617295 0.920342
-4 0.8 0.602093 0.665778
-4 1 0.291064 0.510099
-4 1.2 -0.118744 0.370105
-4 1.4 -0.267959 -0.0852413
-4 1.6 0.21573 -0.0876694
-4 1.8 -0.201478 0.0343142
-4 2 0.112003 0.154159
-4 2.2 0.179881 -0.0360433
-4 2.4 0.157323 -0.0846271
-4 2.6 0.175889 0.00222929
-4 2.8 0.0495494 0.16757
-4 3 -0.172821 -0.0237471
-4 3.2 0.165298 -0.0561588
-4 3.4 -0.172973 0.0261159
-4 3.6 0.141771 0.103315
-4 3.8 0.0688648 -0.161943
-4 4 -0.134839 -0.113849
-4 4.2 -0.176232 0.0137365
-4 4.4 -0.163242 0.0682006
-4 4.6 -0.170031 0.0496216
-4 4.8 -0.172652 -0.0399926
-4 5 -0.0781848 -0.158885
-4 5.2 0.124164 -0.126113
-4 5.4 0.127281 0.122571
-4 5.6 -0.153843 0.0862289
-4 5.8 0.0115311 -0.175578
-4 6 0.108032 0.138254
-4 6.2 -0.159292 -0.0722652
-4 6.4 0.171614 0.0305749
-4 6.6 -0.171882 -0.0247901
-4 6.8 0.164557 0.0533367
-4 7 -0.134596 -0.10748
-4 7.2 0.0601006 0.160626
-4 7.4 0.0583019 -0.160448
-4 7.6 -0.159108 0.0595954
-4 7.8 0.134238 0.10281
-4 8 0.0390161 -0.163647
-4 8.2 -0.167127 0.00910179
-4 8.4 0.0362025 0.162529
-4 8.6 0.159747 -0.0437451
-4 8.8 -0.0335996 -0.161273
-4 9 -0.163723 0.0064694
-4 9.2 -0.0363308 0.158858
-4 9.4 0.135358 0.0891078
-4 9.6 0.137959 -0.0832939
-4 9.8 -0.00228091 -0.160249
-3.8 -10 0.0426235 0.155248
-3.8 -9.8 -0.0835329 0.138737
-3.8 -9.6 -0.161204 0.0234804
-3.8 -9.4 -0.11203 -0.119581
-3.8 -9.2 0.0475622 -0.157797
-3.8 -9 0.164033 -0.0239225
-3.8 -8.8 0.0784372 0.147137
-3.8 -8.6 -0.124216 0.112665
-3.8 -8.4 -0.129933 -0.107509
-3.8 -8.2 0.103801 -0.134118
-3.8 -8 0.125593 0.115375
-3.8 -7.8 -0.139642 0.0995009
-3.8 -7.6 -0.047328 -0.165754
-3.8 -7.4 0.169711 0.0350121
-3.8 -7.2 -0.129087 0.116903
-3.8 -7 0.00968957 -0.174743
-3.8 -6.8 0.0924667 0.149566
-3.8 -6.6 -0.146745 -0.098295
-3.8 -6.4 0.166155 0.0621438
-3.8 -6.2 -0.168252 -0.0583684
-3.8 -6 0.153973 0.0908412
-3.8 -5.8 -0.101236 -0.148048
-3.8 -5.6 -0.0170135 0.179115
-3.8 -5.4 0.157687 -0.0875155
-3.8 -5.2 -0.131252 -0.124301
-3.8 -5 -0.125984 0.129963
-3.8 -4.8 0.078593 0.163271
-3.8 -4.6 0.174679 0.0485736
-3.8 -4.4 0.178067 -0.0334087
-3.8 -4.2 0.176718 -0.0392065
-3.8 -4 0.177017 0.0369357
-3.8 -3.8 0.0784975 0.162515
-3.8 -3.6 -0.150684 0.0984319
-3.8 -3.4 -0.0253493 -0.177661
-3.8 -3.2 0.111024 0.140432
-3.8 -3 -0.0929454 -0.152739
-3.8 -2.8 -0.0476679 0.172565
-3.8 -2.6 0.174306 0.0451549
-3.8 -2.4 0.15528 -0.0952282
-3.8 -2.2 0.160747 -0.0926132
-3.8 -2 0.178382 0.0724434
-3.8 -1.8 -0.122352 0.167346
-3.8 -1.6 0.0573041 -0.223626
-3.8 -1.4 -0.209937 0.190066
-3.8 -1.2 0.280373 0.262411
-3.8 -1 0.591621 -0.0532763
-3.8 -0.8 0.856941 -0.284389
-3.8 -0.6 1.09277 -0.163363
-3.8 -0.4 0.949238 -0.106604
-3.8 -0.2 1.02729 -0.139258
-3.8 0 1.01013 -0.171717
-3.8 0.2 1.02729 -0.139258
-3.8 0.4 0.949238 -0.106604
-3.8 0.6 1.09277 -0.163363
-3.8 0.8 0.856941 -0.284389
-3.8 1 0.591621 -0.0532763
-3.8 1.2 0.280373 0.262411
-3.8 1.4 -0.209937 0.190066
-3.8 1.6 0.0573041 -0.223626
-3.8 1.8 -0.122352 0.167346
-3.8 2 0.178382 0.0724434
-3.8 2.2 0.160747 -0.0926132
-3.8 2.4 0.15528 -0.0952282
-3.8 2.6 0.174306 0.0451549
-3.8 2.8 -0.0476679 0.172565
-3.8 3 -0.0929454 -0.152739
-3.8 3.2 0.111024 0.140432
-3.8 3.4 -0.0253493 -0.177661
-3.8 3.6 -0.150684 0.0984319
-3.8 3.8 0.0784975 0.162515
-3.8 4 0.177017 0.0369357
-3.8 4.2 0.176718 -0.0392065
-3.8 4.4 0.178067 -0.0334087
-3.8 4.6 0.174679 0.0485736
-3.8 4.8 0.078593 0.163271
-3.8 5 -0.125984 0.129963
-3.8 5.2 -0.131252 -0.124301
-3.8 5.4 0.157687 -0.0875155
-3.8 5.6 -0.0170135 0.179115
-3.8 5.8 -0.101236 -0.148048
-3.8 6 0.153973 0.0908412
-3.8 6.2 -0.168252 -0.0583684
-3.8 6.4 0.166155 0.0621438
-3.8 6.6 -0.146745 -0.098295
-3.8 6.8 0.0924667 0.149566
-3.8 7 0.00968957 -0.174743
-3.8 7.2 -0.129087 0.116903
-3.8 7.4 0.169711 0.0350121
-3.8 7.6 -0.047328 -0.165754
-3.8 7.8 -0.139642 0.0995009
-3.8 8 0.125593 0.115375
-3.8 8.2 0.103801 -0.134118
-3.8 8.4 -0.129933 -0.107509
-3.8 8.6 -0.124216 0.112665
-3.8 8.8 0.0784372 0.147137
-3.8 9 0.164033 -0.0239225
-3.8 9.2 0.0475622 -0.157797
-3.8 9.4 -0.11203 -0.119581
-3.8 9.6 -0.161204 0.0234804
-3.8 9.8 -0.0835329 0.138737
-3.6 -10 0.111482 -0.118412
-3.6 -9.8 0.161662 -0.0253138
-3.6 -9.6 0.138208 0.0894503
-3.6 -9.4 0.0318023 0.162559
-3.6 -9.2 -0.105777 0.128804
-3.6 -9 -0.167176 -0.0133157
-3.6 -8.8 -0.0721252 -0.152537
-3.6 -8.6 0.109376 -0.129818
-3.6 -8.4 0.159302 0.0615838
-3.6 -8.2 -0.0241954 0.170117
-3.6 -8 -0.172797 -0.00413478
-3.6 -7.8 0.00416124 -0.173811
-3.6 -7.6 0.172948 0.0259196
-3.6 -7.4 -0.0695577 0.16153
-3.6 -7.2 -0.122373 -0.127665
-3.6 -7 0.173802 -0.0375423
-3.6 -6.8 -0.0858188 0.156786
-3.6 -6.6 -0.0326777 -0.176648
-3.6 -6.4 0.113652 0.140249
-3.6 -6.2 -0.150591 -0.101034
-3.6 -6 0.159344 0.0882291
-3.6 -5.8 -0.145557 -0.110681
-3.6 -5.6 0.0927255 0.158402
-3.6 -5.4 0.0233636 -0.182637
-3.6 -5.2 -0.161957 0.0886987
-3.6 -5 0.135417 0.126158
-3.6 -4.8 0.127989 -0.134084
-3.6 -4.6 -0.0786925 -0.168111
-3.6 -4.4 -0.176219 -0.0584384
-3.6 -4.2 -0.185025 0.0139862
-3.6 -4 -0.185382 0.00374013
-3.6 -3.8 -0.160486 -0.092383
-3.6 -3.6 0.00358157 -0.184743
-3.6 -3.4 0.183661 0.0152138
-3.6 -3.2 -0.126079 0.133774
-3.6 -3 0.0902572 -0.159795
-3.6 -2.8 -0.152109 0.102789
-3.6 -2.6 0.149771 0.107235
-3.6 -2.4 0.162834 -0.0889227
-3.6 -2.2 0.136459 -0.130103
-3.6 -2 0.194571 -0.0230816
-3.6 -1.8 0.020773 0.206945
-3.6 -1.6 -0.140894 -0.184882
-3.6 -1.4 0.0592506 0.274598
-3.6 -1.2 0.361215 -0.135834
-3.6 -1 0.190757 -0.559745
-3.6 -0.8 0.0954167 -0.915104
-3.6 -0.6 0.304133 -1.04982
-3.6 -0.4 0.283703 -0.908359
-3.6 -0.2 0.314188 -0.984539
-3.6 0 0.287462 -0.998064
-3.6 0.2 0.314188 -0.984539
-3.6 0.4 0.283703 -0.908359
-3.6 0.6 0.304133 -1.04982
-3.6 0.8 0.0954167 -0.915104
-3.6 1 0.190757 -0.559745
-3.6 1.2 0.361215 -0.135834
-3.6 1.4 0.0592506 0.274598
-3.6 1.6 -0.140894 -0.184882
-3.6 1.8 0.020773 0.206945
-3.6 2 0.194571 -0.0230816
-3.6 2.2 0.136459 -0.130103
-3.6 2.4 0.162834 -0.0889227
-3.6 2.6 0.149771 0.107235
-3.6 2.8 -0.152109 0.102789
-3.6 3 0.0902572 -0.159795
-3.6 3.2 -0.126079 0.133774
-3.6 3.4 0.183661 0.0152138
-3.6 3.6 0.00358157 -0.184743
-3.6 3.8 -0.160486 -0.092383
-3.6 4 -0.185382 0.00374013
-3.6 4.2 -0.185025 0.0139862
-3.6 4.4 -0.176219 -0.0584384
-3.6 4.6 -0.0786925 -0.168111
-3.6 4.8 0.127989 -0.134084
-3.6 5 0.135417 0.126158
-3.6 5.2 -0.161957 0.0886987
-3.6 5.4 0.0233636 -0.182637
-3.6 5.6 0.0927255 0.158402
-3.6 5.8 -0.145557 -0.110681
-3.6 6 0.159344 0.0882291
-3.6 6.2 -0.150591 -0.101034
-3.6 6.4 0.113652 0.140249
-3.6 6.6 -0.0326777 -0.176648
-3.6 6.8 -0.0858188 0.156786
-3.6 7 0.173802 -0.0375423
-3.6 7.2 -0.122373 -0.127665
-3.6 7.4 -0.0695577 0.16153
-3.6 7.6 0.172948 0.0259196
-3.6 7.8 0.00416124 -0.173811
-3.6 8 -0.172797 -0.00413478
-3.6 8.2 -0.0241954 0.170117
-3.6 8.4 0.159302 0.0615838
-3.6 8.6 0.109376 -0.129818
-3.6 8.8 -0.0721252 -0.152537
-3.6 9 -0.167176 -0.0133157
-3.6 9.2 -0.105777 0.128804
-3.6 9.4 0.0318023 0.162559
-3.6 9.6 0.138208 0.0894503
-3.6 9.8 0.161662 -0.0253138
-3.4 -10 -0.141764 -0.0829291
-3.4 -9.8 -0.0831647 -0.142843
-3.4 -9.6 0.00857769 -0.166142
-3.4 -9.4 0.107693 -0.128222
-3.4 -9.2 0.16656 -0.0256801
-3.4 -9 0.135758 0.101673
-3.4 -8.8 0.00871264 0.170488
-3.4 -8.6 -0.135852 0.105211
-3.4 -8.4 -0.159613 -0.066579
-3.4 -8.2 -0.00423105 -0.173993
-3.4 -8 0.165105 -0.0584792
-3.4 -7.8 0.0916161 0.1506
-3.4 -7.6 -0.142763 0.105273
-3.4 -7.4 -0.10061 -0.147405
-3.4 -7.2 0.163317 -0.0746324
-3.4 -7 0.0207898 0.17943
-3.4 -6.8 -0.170576 -0.062515
-3.4 -6.6 0.151958 -0.101441
-3.4 -6.4 -0.0398225 0.179325
-3.4 -6.2 -0.0642966 -0.173103
-3.4 -6 0.123231 0.138753
-3.4 -5.8 -0.143385 -0.119176
-3.4 -5.6 0.133314 0.131505
-3.4 -5.4 -0.0820984 -0.169136
-3.4 -5.2 -0.0307383 0.186148
-3.4 -5 0.166666 -0.0896863
-3.4 -4.8 -0.139872 -0.128157
-3.4 -4.6 -0.130252 0.138454
-3.4 -4.4 0.0784252 0.173408
-3.4 -4.2 0.177095 0.0697957
-3.4 -4 0.190084 0.00917676
-3.4 -3.8 0.186276 0.0382111
-3.4 -3.6 0.121256 0.146076
-3.4 -3.4 -0.0986195 0.16171
-3.4 -3.2 -0.1277 -0.139248
-3.4 -3 0.184804 0.0374124
-3.4 -2.8 -0.180869 -0.0527801
-3.4 -2.6 0.0795198 0.171081
-3.4 -2.4 0.179411 -0.0611999
-3.4 -2.2 0.118305 -0.151844
-3.4 -2 0.169001 -0.104935
-3.4 -1.8 0.147181 0.1493
-3.4 -1.6 -0.233775 -0.00769894
-3.4 -1.4 0.264295 0.0928638
-3.4 -1.2 0.0341894 -0.381547
-3.4 -1 -0.43755 -0.408417
-3.4 -0.8 -0.797624 -0.468466
-3.4 -0.6 -0.829015 -0.713896
-3.4 -0.4 -0.721263 -0.610357
-3.4 -0.2 -0.741407 -0.685202
-3.4 0 -0.765211 -0.68483
-3.4 0.2 -0.741407 -0.685202
-3.4 0.4 -0.721263 -0.610357
-3.4 0.6 -0.829015 -0.713896
-3.4 0.8 -0.797624 -0.468466
-3.4 1 -0.43755 -0.408417
-3.4 1.2 0.0341894 -0.381547
-3.4 1.4 0.264295 0.0928638
-3.4 1.6 -0.233775 -0.00769894
-3.4 1.8 0.147181 0.1493
-3.4 2 0.169001 -0.104935
-3.4 2.2 0.118305 -0.151844
-3.4 2.4 0.179411 -0.0611999
-3.4 2.6 0.0795198 0.171081
-3.4 2.8 -0.180869 -0.0527801
-3.4 3 0.184804 0.0374124
-3.4 3.2 -0.1277 -0.139248
-3.4 3.4 -0.0986195 0.16171
-3.4 3.6 0.121256 0.146076
-3.4 3.8 0.186276 0.0382111
-3.4 4 0.190084 0.00917676
-3.4 4.2 0.177095 0.0697957
-3.4 4.4 0.0784252 0.173408
-3.4 4.6 -0.130252 0.138454
-3.4 4.8 -0.139872 -0.128157
-3.4 5 0.166666 -0.0896863
-3.4 5.2 -0.0307383 0.186148
-3.4 5.4 -0.0820984 -0.169136
-3.4 5.6 0.133314 0.131505
-3.4 5.8 -0.143385 -0.119176
-3.4 6 0.123231 0.138753
-3.4 6.2 -0.0642966 -0.173103
-3.4 6.4 -0.0398225 0.179325
-3.4 6.6 0.151958 -0.101441
-3.4 6.8 -0.170576 -0.062515
-3.4 7 0.0207898 0.17943
-3.4 7.2 0.163317 -0.0746324
-3.4 7.4 -0.10061 -0.147405
-3.4 7.6 -0.142763 0.105273
-3.4 7.8 0.0916161 0.1506
-3.4 8 0.165105 -0.0584792
-3.4 8.2 -0.00423105 -0.173993
-3.4 8.4 -0.159613 -0.066579
-3.4 8.6 -0.135852 0.105211
-3.4 8.8 0.00871264 0.170488
-3.4 9 0.135758 0.101673
-3.4 9.2 0.16656 -0.0256801
-3.4 9.4 0.107693 -0.128222
-3.4 9.6 0.00857769 -0.166142
-3.4 9.8 -0.0831647 -0.142843
-3.2 -10 -0.098054 0.133773
-3.2 -9.8 -0.140906 0.089588
-3.2 -9.6 -0.166569 0.0225715
-3.2 -9.4 -0.158357 -0.0596378
-3.2 -9.2 -0.102939 -0.135743
-3.2 -9 -0.00277012 -0.171508
-3.2 -8.8 0.110155 -0.133022
-3.2 -8.6 0.173159 -0.0158897
-3.2 -8.4 0.124315 0.123262
-3.2 -8.2 -0.0304121 0.173623
-3.2 -8 -0.16743 0.058882
-3.2 -7.8 -0.121421 -0.131089
-3.2 -7.6 0.0900663 -0.155703
-3.2 -7.4 0.170579 0.0607912
-3.2 -7.2 -0.0513425 0.174911
-3.2 -7 -0.171504 -0.0651532
-3.2 -6.8 0.101916 -0.153964
-3.2 -6.6 0.10641 0.152308
-3.2 -6.4 -0.186492 0.0125373
-3.2 -6.2 0.114484 -0.149152
-3.2 -6 0.000263039 0.189078
-3.2 -5.8 -0.0825177 -0.17126
-3.2 -5.6 0.118891 0.149571
-3.2 -5.4 -0.116272 -0.152766
-3.2 -5.2 0.0689794 0.180045
-3.2 -5 0.0393879 -0.189523
-3.2 -4.8 -0.171834 0.0904853
-3.2 -4.6 0.14465 0.1304
-3.2 -4.4 0.132761 -0.143049
-3.2 -4.2 -0.0777625 -0.17924
-3.2 -4 -0.177011 -0.0829442
-3.2 -3.8 -0.192 -0.036565
-3.2 -3.6 -0.175501 -0.0855589
-3.2 -3.4 -0.0558558 -0.186704
-3.2 -3.2 0.177174 -0.080065
-3.2 -3 -0.0204496 0.192903
-3.2 -2.8 -0.0412702 -0.189247
-3.2 -2.6 -0.0470302 0.187893
-3.2 -2.4 0.194246 -0.00415025
-3.2 -2.2 0.114492 -0.160115
-3.2 -2 0.123831 -0.159794
-3.2 -1.8 0.209577 0.0351177
-3.2 -1.6 -0.160069 0.171124
-3.2 -1.4 0.219074 -0.176096
-3.2 -1.2 -0.324513 -0.201183
-3.2 -1 -0.550754 0.233073
-3.2 -0.8 -0.764821 0.545824
-3.2 -0.6 -0.992415 0.441721
-3.2 -0.4 -0.854074 0.438233
-3.2 -0.2 -0.896979 0.394064
-3.2 0 -0.912725 0.398891
-3.2 0.2 -0.896979 0.394064
-3.2 0.4 -0.854074 0.438233
-3.2 0.6 -0.992415 0.441721
-3.2 0.8 -0.764821 0.545824
-3.2 1 -0.550754 0.233073
-3.2 1.2 -0.324513 -0.201183
-3.2 1.4 0.219074 -0.176096
-3.2 1.6 -0.160069 0.171124
-3.2 1.8 0.209577 0.0351177
-3.2 2 0.123831 -0.159794
-3.2 2.2 0.114492 -0.160115
-3.2 2.4 0.194246 -0.00415025
-3.2 2.6 -0.0470302 0.187893
-3.2 2.8 -0.0412702 -0.189247
-3.2 3 -0.0204496 0.192903
-3.2 3.2 0.177174 -0.080065
-3.2 3.4 -0.0558558 -0.186704
-3.2 3.6 -0.175501 -0.0855589
-3.2 3.8 -0.192 -0.036565
-3.2 4 -0.177011 -0.0829442
-3.2 4.2 -0.0777625 -0.17924
-3.2 4.4 0.132761 -0.143049
-3.2 4.6 0.14465 0.1304
-3.2 4.8 -0.171834 0.0904853
-3.2 5 0.0393879 -0.189523
-3.2 5.2 0.0689794 0.180045
-3.2 5.4 -0.116272 -0.152766
-3.2 5.6 0.118891 0.149571
-3.2 5.8 -0.0825177 -0.17126
-3.2 6 0.000263039 0.189078
-3.2 6.2 0.114484 -0.149152
-3.2 6.4 -0.186492 0.0125373
-3.2 6.6 0.10641 0.152308
-3.2 6.8 0.101916 -0.153964
-3.2 7 -0.171504 -0.0651532
-3.2 7.2 -0.0513425 0.174911
-3.2 7.4 0.170579 0.0607912
-3.2 7.6 0.0900663 -0.155703
-3.2 7.8 -0.121421 -0.131089
-3.2 8 -0.16743 0.058882
-3.2 8.2 -0.0304121 0.173623
-3.2 8.4 0.124315 0.123262
-3.2 8.6 0.173159 -0.0158897
-3.2 8.8 0.110155 -0.133022
-3.2 9 -0.00277012 -0.171508
-3.2 9.2 -0.102939 -0.135743
-3.2 9.4 -0.158357 -0.0596378
-3.2 9.6 -0.166569 0.0225715
-3.2 9.8 -0.140906 0.089588
-3 -10 0.0801475 0.147035
-3 -9.8 0.0441625 0.162727
-3 -9.6 -0.00406366 0.169743
-3 -9.4 -0.0619812 0.159368
-3 -9.2 -0.12104 0.122509
-3 -9 -0.164762 0.0541825
-3 -8.8 -0.170254 -0.0390381
-3 -8.6 -0.117123 -0.131269
-3 -8.4 -0.00588486 -0.177109
-3 -8.2 0.121088 -0.131147
-3 -8 0.179619 0.00766138
-3 -7.8 0.0969503 0.152931
-3 -7.6 -0.0874267 0.160072
-3 -7.4 -0.182742 -0.018849
-3 -7.2 -0.0326842 -0.182099
-3 -7 0.176102 -0.0608354
-3 -6.8 0.0649003 0.176047
-3 -6.6 -0.183972 0.0428888
-3 -6.4 0.00973661 -0.189923
-3 -6.2 0.168033 0.0917097
-3 -6 -0.174202 0.0822277
-3 -5.8 0.072941 -0.179578
-3 -5.6 0.0282119 0.192902
-3 -5.4 -0.0844052 -0.176943
-3 -5.2 0.0934453 0.173488
-3 -5 -0.0528044 -0.190833
-3 -4.8 -0.0494804 0.192584
-3 -4.6 0.177608 -0.0910473
-3 -4.4 -0.149718 -0.132903
-3 -4.2 -0.135504 0.147961
-3 -4 0.0765771 0.185766
-3 -3.8 0.175457 0.0981969
-3 -3.6 0.188993 0.0684319
-3 -3.4 0.148346 0.135244
-3 -3.2 -0.0333758 0.197544
-3 -3 -0.193192 -0.0513118
-3 -2.8 0.175701 -0.0945212
-3 -2.6 -0.178989 0.0877694
-3 -2.4 0.180406 0.0855425
-3 -2.2 0.130565 -0.153634
-3 -2 0.0797632 -0.190069
-3 -1.8 0.198749 -0.0837984
-3 -1.6 0.0140268 0.235197
-3 -1.4 -0.0294726 -0.279076
-3 -1.2 -0.325154 0.200852
-3 -1 -0.0147843 0.602856
-3 -0.8 0.179985 0.931722
-3 -0.6 -0.0106376 1.07103
-3 -0.4 0.0555737 0.981012
-3 -0.2 0.0215108 0.973411
-3 0 0.0143302 0.974582
-3 0.2 0.0215108 0.973411
-3 0.4 0.0555737 0.981012
-3 0.6 -0.0106376 1.07103
-3 0.8 0.179985 0.931722
-3 1 -0.0147843 0.602856
-3 1.2 -0.325154 0.200852
-3 1.4 -0.0294726 -0.279076
-3 1.6 0.0140268 0.235197
-3 1.8 0.198749 -0.0837984
-3 2 0.0797632 -0.190069
-3 2.2 0.130565 -0.153634
-3 2.4 0.180406 0.0855425
-3 2.6 -0.178989 0.0877694
-3 2.8 0.175701 -0.0945212
-3 3 -0.193192 -0.0513118
-3 3.2 -0.0333758 0.197544
-3 3.4 0.148346 0.135244
-3 3.6 0.188993 0.0684319
-3 3.8 0.175457 0.0981969
-3 4 0.0765771 0.185766
-3 4.2 -0.135504 0.147961
-3 4.4 -0.149718 -0.132903
-3 4.6 0.177608 -0.0910473
-3 4.8 -0.0494804 0.192584
-3 5 -0.0528044 -0.190833
-3 5.2 0.0934453 0.173488
-3 5.4 -0.0844052 -0.176943
-3 5.6 0.0282119 0.192902
-3 5.8 0.072941 -0.179578
-3 6 -0.174202 0.0822277
-3 6.2 0.168033 0.0917097
-3 6.4 0.00973661 -0.189923
-3 6.6 -0.183972 0.0428888
-3 6.8 0.0649003 0.176047
-3 7 0.176102 -0.0608354
-3 7.2 -0.0326842 -0.182099
-3 7.4 -0.182742 -0.018849
-3 7.6 -0.0874267 0.160072
-3 7.8 0.0969503 0.152931
-3 8 0.179619 0.00766138
-3 8.2 0.121088 -0.131147
-3 8.4 -0.00588486 -0.177109
-3 8.6 -0.117123 -0.131269
-3 8.8 -0.170254 -0.0390381
-3 9 -0.164762 0.0541825
-3 9.2 -0.12104 0.122509
-3 9.4 -0.0619812 0.159368
-3 9.6 -0.00406366 0.169743
-3 9.8 0.0441625 0.162727
-2.8 -10 0.162291 0.0473062
-2.8 -9.8 0.157854 0.0638351
-2.8 -9.6 0.147554 0.0874372
-2.8 -9.4 0.127742 0.116319
-2.8 -9.2 0.0942312 0.146311
-2.8 -9 0.0437831 0.169764
-2.8 -8.8 -0.0230456 0.175132
-2.8 -8.6 -0.0977707 0.148728
-2.8 -8.4 -0.160162 0.0806825
-2.8 -8.2 -0.179101 -0.0239174
-2.8 -8 -0.124983 -0.132395
-2.8 -7.8 0.00227364 -0.183467
-2.8 -7.6 0.141926 -0.118513
-2.8 -7.4 0.179685 0.049238
-2.8 -7.2 0.0431877 0.182696
-2.8 -7 -0.154426 0.109279
-2.8 -6.8 -0.146288 -0.122201
-2.8 -6.6 0.103869 -0.161509
-2.8 -6.4 0.160506 0.108003
-2.8 -6.2 -0.135633 0.139913
-2.8 -6 -0.0859366 -0.176416
-2.8 -5.8 0.196997 0.0154978
-2.8 -5.6 -0.144118 0.137092
-2.8 -5.4 0.037653 -0.196618
-2.8 -5.2 0.0390107 0.197584
-2.8 -5 -0.0637532 -0.192261
-2.8 -4.8 0.0329851 0.200919
-2.8 -4.6 0.0612995 -0.195183
-2.8 -4.4 -0.184051 0.091224
-2.8 -4.2 0.155169 0.135654
-2.8 -4 0.138605 -0.153264
-2.8 -3.8 -0.0746185 -0.193072
-2.8 -3.6 -0.171734 -0.115773
-2.8 -3.4 -0.178667 -0.10457
-2.8 -3.2 -0.0999142 -0.180986
-2.8 -3 0.131908 -0.158643
-2.8 -2.8 0.102753 0.17842
-2.8 -2.6 -0.166063 -0.121284
-2.8 -2.4 0.0953801 0.182287
-2.8 -2.2 0.166397 -0.123158
-2.8 -2 0.0511577 -0.204592
-2.8 -1.8 0.138173 -0.170266
-2.8 -1.6 0.175027 0.16093
-2.8 -1.4 -0.247427 -0.131957
-2.8 -1.2 0.0326487 0.379412
-2.8 -1 0.548427 0.260334
-2.8 -0.8 0.938093 0.223249
-2.8 -0.6 0.957527 0.456433
-2.8 -0.4 0.929992 0.35241
-2.8 -0.2 0.916938 0.371898
-2.8 0 0.918898 0.365827
-2.8 0.2 0.916938 0.371898
-2.8 0.4 0.929992 0.35241
-2.8 0.6 0.957527 0.456433
-2.8 0.8 0.938093 0.223249
-2.8 1 0.548427 0.260334
-2.8 1.2 0.0326487 0.379412
-2.8 1.4 -0.247427 -0.131957
-2.8 1.6 0.175027 0.16093
-2.8 1.8 0.138173 -0.170266
-2.8 2 0.0511577 -0.204592
-2.8 2.2 0.166397 -0.123158
-2.8 2.4 0.0953801 0.182287
-2.8 2.6 -0.166063 -0.121284
-2.8 2.8 0.102753 0.17842
-2.8 3 0.131908 -0.158643
-2.8 3.2 -0.0999142 -0.180986
-2.8 3.4 -0.178667 -0.10457
-2.8 3.6 -0.171734 -0.115773
-2.8 3.8 -0.0746185 -0.193072
-2.8 4 0.138605 -0.153264
-2.8 4.2 0.155169 0.135654
-2.8 4.4 -0.184051 0.091224
-2.8 4.6 0.0612995 -0.195183
-2.8 4.8 0.0329851 0.200919
-2.8 5 -0.0637532 -0.192261
-2.8 5.2 0.0390107 0.197584
-2.8 5.4 0.037653 -0.196618
-2.8 5.6 -0.144118 0.137092
-2.8 5.8 0.196997 0.0154978
-2.8 6 -0.0859366 -0.176416
-2.8 6.2 -0.135633 0.139913
-2.8 6.4 0.160506 0.108003
-2.8 6.6 0.103869 -0.161509
-2.8 6.8 -0.146288 -0.122201
-2.8 7 -0.154426 0.109279
-2.8 7.2 0.0431877 0.182696
-2.8 7.4 0.179685 0.049238
-2.8 7.6 0.141926 -0.118513
-2.8 7.8 0.00227364 -0.183467
-2.8 8 -0.124983 -0.132395
-2.8 8.2 -0.179101 -0.0239174
-2.8 8.4 -0.160162 0.0806825
-2.8 8.6 -0.0977707 0.148728
-2.8 8.8 -0.0230456 0.175132
-2.8 9 0.0437831 0.169764
-2.8 9.2 0.0942312 0.146311
-2.8 9.4 0.127742 0.116319
-2.8 9.6 0.147554 0.0874372
-2.8 9.8 0.157854 0.0638351
-2.6 -10 0.168599 -0.0262688
-2.6 -9.8 0.169047 -0.0311705
-2.6 -9.6 0.170839 -0.0284
-2.6 -9.4 0.173644 -0.0172509
-2.6 -9.2 0.175821 0.00311087
-2.6 -9 0.174081 0.0332187
-2.6 -8.8 0.163301 0.0723484
-2.6 -8.6 0.136863 0.116924
-2.6 -8.4 0.0882956 0.158493
-2.6 -8.2 0.0151232 0.182258
-2.6 -8 -0.074739 0.168547
-2.6 -7.8 -0.156153 0.100823
-2.6 -7.6 -0.186572 -0.0173218
-2.6 -7.4 -0.124581 -0.141996
-2.6 -7.2 0.0259722 -0.188685
-2.6 -7 0.17115 -0.0870868
-2.6 -6.8 0.158948 0.110502
-2.6 -6.6 -0.0461963 0.189615
-2.6 -6.4 -0.196753 -0.000858843
-2.6 -6.2 -0.0168463 -0.197593
-2.6 -6 0.19984 -0.00334601
-2.6 -5.8 -0.0444783 0.196451
-2.6 -5.6 -0.161711 -0.122574
-2.6 -5.4 0.195709 -0.0590071
-2.6 -5.2 -0.109102 0.174536
-2.6 -5 0.0171455 -0.206503
-2.6 -4.8 0.0262655 0.206844
-2.6 -4.6 -0.00884234 -0.209544
-2.6 -4.4 -0.0751626 0.196965
-2.6 -4.2 0.191267 -0.0909576
-2.6 -4 -0.161063 -0.138773
-2.6 -3.8 -0.142118 0.158933
-2.6 -3.6 0.0716921 0.201199
-2.6 -3.4 0.164988 0.135877
-2.6 -3.2 0.157835 0.143992
-2.6 -3 0.0268488 0.211651
-2.6 -2.8 -0.205401 0.0560684
-2.6 -2.6 0.0820767 -0.19607
-2.6 -2.4 -0.0779979 0.197717
-2.6 -2.2 0.207286 -0.0501367
-2.6 -2 0.0477935 -0.211061
-2.6 -1.8 0.0620453 -0.214746
-2.6 -1.6 0.240544 0.0069357
-2.6 -1.4 -0.251745 0.124795
-2.6 -1.2 0.350993 0.144473
-2.6 -1 0.464145 -0.395904
-2.6 -0.8 0.598739 -0.770212
-2.6 -0.6 0.795508 -0.669415
-2.6 -0.4 0.72254 -0.718107
-2.6 -0.2 0.721162 -0.691259
-2.6 0 0.734763 -0.700788
-2.6 0.2 0.721162 -0.691259
-2.6 0.4 0.72254 -0.718107
-2.6 0.6 0.795508 -0.669415
-2.6 0.8 0.598739 -0.770212
-2.6 1 0.464145 -0.395904
-2.6 1.2 0.350993 0.144473
-2.6 1.4 -0.251745 0.124795
-2.6 1.6 0.240544 0.0069357
-2.6 1.8 0.0620453 -0.214746
-2.6 2 0.0477935 -0.211061
-2.6 2.2 0.207286 -0.0501367
-2.6 2.4 -0.0779979 0.197717
-2.6 2.6 0.0820767 -0.19607
-2.6 2.8 -0.205401 0.0560684
-2.6 3 0.0268488 0.211651
-2.6 3.2 0.157835 0.143992
-2.6 3.4 0.164988 0.135877
-2.6 3.6 0.0716921 0.201199
-2.6 3.8 -0.142118 0.158933
-2.6 4 -0.161063 -0.138773
-2.6 4.2 0.191267 -0.0909576
-2.6 4.4 -0.0751626 0.196965
-2.6 4.6 -0.00884234 -0.209544
-2.6 4.8 0.0262655 0.206844
-2.6 5 0.0171455 -0.206503
-2.6 5.2 -0.109102 0.174536
-2.6 5.4 0.195709 -0.0590071
-2.6 5.6 -0.161711 -0.122574
-2.6 5.8 -0.0444783 0.196451
-2.6 6 0.19984 -0.00334601
-2.6 6.2 -0.0168463 -0.197593
-2.6 6.4 -0.196753 -0.000858843
-2.6 6.6 -0.0461963 0.189615
-2.6 6.8 0.158948 0.110502
-2.6 7 0.17115 -0.0870868
-2.6 7.2 0.0259722 -0.188685
-2.6 7.4 -0.124581 -0.141996
-2.6 7.6 -0.186572 -0.0173218
-2.6 7.8 -0.156153 0.100823
-2.6 8 -0.074739 0.168547
-2.6 8.2 0.0151232 0.182258
-2.6 8.4 0.0882956 0.158493
-2.6 8.6 0.136863 0.116924
-2.6 8.8 0.163301 0.0723484
-2.6 9 0.174081 0.0332187
-2.6 9.2 0.175821 0.00311087
-2.6 9.4 0.173644 -0.0172509
-2.6 9.6 0.170839 -0.0284
-2.6 9.8 0.169047 -0.0311705
-2.4 -10 0.167402 -0.040218
-2.4 -9.8 0.160697 -0.065414
-2.4 -9.6 0.153734 -0.0833285
-2.4 -9.4 0.148986 -0.0941698
-2.4 -9.2 0.148139 -0.0980656
-2.4 -9 0.152009 -0.0946689
-2.4 -8.8 0.160356 -0.0829191
-2.4 -8.6 0.171469 -0.061046
-2.4 -8.4 0.181536 -0.0270176
-2.4 -8.2 0.183975 0.0202517
-2.4 -8 0.169297 0.0785873
-2.4 -7.8 0.12674 0.139162
-2.4 -7.6 0.0494297 0.183293
-2.4 -7.4 -0.0557518 0.183206
-2.4 -7.2 -0.156463 0.113302
-2.4 -7 -0.193479 -0.0231064
-2.4 -6.8 -0.111225 -0.162057
-2.4 -6.6 0.0702507 -0.185436
-2.4 -6.4 0.198538 -0.0244418
-2.4 -6.2 0.0920625 0.179531
-2.4 -6 -0.158211 0.128018
-2.4 -5.8 -0.136762 -0.153064
-2.4 -5.6 0.170137 -0.117843
-2.4 -5.4 0.0604722 0.199731
-2.4 -5.2 -0.205075 -0.0467376
-2.4 -5 0.174729 -0.119992
-2.4 -4.8 -0.0816645 0.197285
-2.4 -4.6 0.0195939 -0.214118
-2.4 -4.4 -0.0203006 0.215437
-2.4 -4.2 0.0914351 -0.197545
-2.4 -4 -0.199404 0.0900336
-2.4 -3.8 0.167439 0.142273
-2.4 -3.6 0.146091 -0.165084
-2.4 -3.4 -0.0675094 -0.210341
-2.4 -3.2 -0.153907 -0.158738
-2.4 -3 -0.122276 -0.184113
-2.4 -2.8 0.0686049 -0.209773
-2.4 -2.6 0.198308 0.0959011
-2.4 -2.4 -0.219165 0.0198469
-2.4 -2.2 0.20603 0.0787038
-2.4 -2 0.0773303 -0.208824
-2.4 -1.8 -0.00249151 -0.228853
-2.4 -1.6 0.198953 -0.141901
-2.4 -1.4 -0.0536977 0.277053
-2.4 -1.2 0.29088 -0.242749
-2.4 -1 -0.172066 -0.589738
-2.4 -0.8 -0.456587 -0.878016
-2.4 -0.6 -0.274528 -0.981312
-2.4 -0.4 -0.342551 -0.965633
-2.4 -0.2 -0.337744 -0.953609
-2.4 0 -0.314508 -0.954257
-2.4 0.2 -0.337744 -0.953609
-2.4 0.4 -0.342551 -0.965633
-2.4 0.6 -0.274528 -0.981312
-2.4 0.8 -0.456587 -0.878016
-2.4 1 -0.172066 -0.589738
-2.4 1.2 0.29088 -0.242749
-2.4 1.4 -0.0536977 0.277053
-2.4 1.6 0.198953 -0.141901
-2.4 1.8 -0.00249151 -0.228853
-2.4 2 0.0773303 -0.208824
-2.4 2.2 0.20603 0.0787038
-2.4 2.4 -0.219165 0.0198469
-2.4 2.6 0.198308 0.0959011
-2.4 2.8 0.0686049 -0.209773
-2.4 3 -0.122276 -0.184113
-2.4 3.2 -0.153907 -0.158738
-2.4 3.4 -0.0675094 -0.210341
-2.4 3.6 0.146091 -0.165084
-2.4 3.8 0.167439 0.142273
-2.4 4 -0.199404 0.0900336
-2.4 4.2 0.0914351 -0.197545
-2.4 4.4 -0.0203006 0.215437
-2.4 4.6 0.0195939 -0.214118
-2.4 4.8 -0.0816645 0.197285
-2.4 5 0.174729 -0.119992
-2.4 5.2 -0.205075 -0.0467376
-2.4 5.4 0.0604722 0.199731
-2.4 5.6 0.170137 -0.117843
-2.4 5.8 -0.136762 -0.153064
-2.4 6 -0.158211 0.128018
-2.4 6.2 0.0920625 0.179531
-2.4 6.4 0.198538 -0.0244418
-2.4 6.6 0.0702507 -0.185436
-2.4 6.8 -0.111225 -0.162057
-2.4 7 -0.193479 -0.0231064
-2.4 7.2 -0.156463 0.113302
-2.4 7.4 -0.0557518 0.183206
-2.4 7.6 0.0494297 0.183293
-2.4 7.8 0.12674 0.139162
-2.4 8 0.169297 0.0785873
-2.4 8.2 0.183975 0.0202517
-2.4 8.4 0.181536 -0.0270176
-2.4 8.6 0.171469 -0.061046
-2.4 8.8 0.160356 -0.0829191
-2.4 9 0.152009 -0.0946689
-2.4 9.2 0.148139 -0.0980656
-2.4 9.4 0.148986 -0.0941698
-2.4 9.6 0.153734 -0.0833285
-2.4 9.8 0.160697 -0.065414
-2.2 -10 0.173529 0.0080294
-2.2 -9.8 0.1708 -0.038568
-2.2 -9.6 0.158616 -0.0774337
-2.2 -9.4 0.141903 -0.107361
-2.2 -9.2 0.124953 -0.128738
-2.2 -9 0.11112 -0.142763
-2.2 -8.8 0.102819 -0.150723
-2.2 -8.6 0.101671 -0.153391
-2.2 -8.4 0.108581 -0.15055
-2.2 -8.2 0.123586 -0.140655
-2.2 -8 0.145288 -0.120698
-2.2 -7.8 0.169781 -0.0865671
-2.2 -7.6 0.189205 -0.034447
-2.2 -7.4 0.190719 0.0359584
-2.2 -7.2 0.157821 0.115981
-2.2 -7 0.0773577 0.181894
-2.2 -6.8 -0.0449672 0.194387
-2.2 -6.6 -0.164884 0.115672
-2.2 -6.4 -0.197894 -0.0465625
-2.2 -6.2 -0.0753176 -0.190883
-2.2 -6 0.136559 -0.155781
-2.2 -5.8 0.193544 0.0791493
-2.2 -5.6 -0.0448663 0.206202
-2.2 -5.4 -0.208181 -0.0449955
-2.2 -5.2 0.0839 -0.197834
-2.2 -5 0.151249 0.155299
-2.2 -4.8 -0.216367 0.0313867
-2.2 -4.6 0.148602 -0.162781
-2.2 -4.4 -0.0733349 0.20967
-2.2 -4.2 0.0550977 -0.216845
-2.2 -4 -0.110508 0.19622
-2.2 -3.8 0.208618 -0.0882881
-2.2 -3.6 -0.1744 -0.14629
-2.2 -3.4 -0.150673 0.171744
-2.2 -3.2 0.061565 0.220591
-2.2 -3 0.136525 0.184173
-2.2 -2.8 0.0671423 0.219137
-2.2 -2.6 -0.170419 0.152833
-2.2 -2.4 -0.0603346 -0.220486
-2.2 -2.2 0.0813276 0.213761
-2.2 -2 0.14341 -0.180133
-2.2 -1.8 -0.0396551 -0.23195
-2.2 -1.6 0.0933694 -0.230568
-2.2 -1.4 0.180452 0.219088
-2.2 -1.2 -0.0751669 -0.370874
-2.2 -1 -0.613669 -0.0853333
-2.2 -0.8 -1.00355 0.0483936
-2.2 -0.6 -0.987391 -0.142458
-2.2 -0.4 -1.018 -0.100729
-2.2 -0.2 -1.00188 -0.100905
-2.2 0 -0.985925 -0.0848282
-2.2 0.2 -1.00188 -0.100905
-2.2 0.4 -1.018 -0.100729
-2.2 0.6 -0.987391 -0.142458
-2.2 0.8 -1.00355 0.0483936
-2.2 1 -0.613669 -0.0853333
-2.2 1.2 -0.0751669 -0.370874
-2.2 1.4 0.180452 0.219088
-2.2 1.6 0.0933694 -0.230568
-2.2 1.8 -0.0396551 -0.23195
-2.2 2 0.14341 -0.180133
-2.2 2.2 0.0813276 0.213761
-2.2 2.4 -0.0603346 -0.220486
-2.2 2.6 -0.170419 0.152833
-2.2 2.8 0.0671423 0.219137
-2.2 3 0.136525 0.184173
-2.2 3.2 0.061565 0.220591
-2.2 3.4 -0.150673 0.171744
-2.2 3.6 -0.1744 -0.14629
-2.2 3.8 0.208618 -0.0882881
-2.2 4 -0.110508 0.19622
-2.2 4.2 0.0550977 -0.216845
-2.2 4.4 -0.0733349 0.20967
-2.2 4.6 0.148602 -0.162781
-2.2 4.8 -0.216367 0.0313867
-2.2 5 0.151249 0.155299
-2.2 5.2 0.0839 -0.197834
-2.2 5.4 -0.208181 -0.0449955
-2.2 5.6 -0.0448663 0.206202
-2.2 5.8 0.193544 0.0791493
-2.2 6 0.136559 -0.155781
-2.2 6.2 -0.0753176 -0.190883
-2.2 6.4 -0.197894 -0.0465625
-2.2 6.6 -0.164884 0.115672
-2.2 6.8 -0.0449672 0.194387
-2.2 7 0.0773577 0.181894
-2.2 7.2 0.157821 0.115981
-2.2 7.4 0.190719 0.0359584
-2.2 7.6 0.189205 -0.034447
-2.2 7.8 0.169781 -0.0865671
-2.2 8 0.145288 -0.120698
-2.2 8.2 0.123586 -0.140655
-2.2 8.4 0.108581 -0.15055
-2.2 8.6 0.101671 -0.153391
-2.2 8.8 0.102819 -0.150723
-2.2 9 0.11112 -0.142763
-2.2 9.2 0.124953 -0.128738
-2.2 9.4 0.141903 -0.107361
-2.2 9.6 0.158616 -0.0774337
-2.2 9.8 0.1708 -0.038568
-2 -10 0.134254 0.112551
-2 -9.8 0.167771 0.0552363
-2 -9.6 0.178027 -0.00528115
-2 -9.4 0.169127 -0.0604912
-2 -9.2 0.147311 -0.105456
-2 -9 0.119125 -0.138581
-2 -8.8 0.0902412 -0.160751
-2 -8.6 0.0649531 -0.174269
-2 -8.4 0.0462062 -0.181869
-2 -8.2 0.0359314 -0.185919
-2 -8 0.0354677 -0.187801
-2 -7.8 0.0458509 -0.187396
-2 -7.6 0.067728 -0.182599
-2 -7.4 0.100612 -0.168917
-2 -7.2 0.1412 -0.139526
-2 -7 0.180736 -0.0867143
-2 -6.8 0.20237 -0.00627275
-2 -6.6 0.181681 0.0938586
-2 -6.4 0.0965557 0.182576
-2 -6.2 -0.0474836 0.20316
-2 -6 -0.184291 0.102312
-2 -5.8 -0.191065 -0.093985
-2 -5.6 -0.00157029 -0.215081
-2 -5.4 0.206576 -0.0674141
-2 -5.2 0.0957285 0.197493
-2 -5 -0.204445 0.0855944
-2 -4.8 -0.029177 -0.221905
-2 -4.6 0.210632 0.0816427
-2 -4.4 -0.206359 0.0969291
-2 -4.2 0.132678 -0.187802
-2 -4 -0.0957781 0.211132
-2 -3.8 0.132871 -0.192097
-2 -3.6 -0.219071 0.0853412
-2 -3.4 0.182047 0.150869
-2 -3.2 0.155978 -0.17906
-2 -3 -0.0532607 -0.232112
-2 -2.8 -0.1102 -0.211452
-2 -2.6 0.011391 -0.23813
-2 -2.4 0.236923 -0.0242563
-2 -2.2 -0.164907 0.17177
-2 -2 0.224232 -0.0828116
-2 -1.8 -0.0399792 -0.239589
-2 -1.6 -0.020634 -0.253585
-2 -1.4 0.286079 0.0139509
-2 -1.2 -0.360139 -0.114542
-2 -1 -0.332673 0.529816
-2 -0.8 -0.38326 0.944921
-2 -0.6 -0.510654 0.833139
-2 -0.4 -0.504141 0.866877
-2 -0.2 -0.484356 0.865935
-2 0 -0.488942 0.880696
-2 0.2 -0.484356 0.865935
-2 0.4 -0.504141 0.866877
-2 0.6 -0.510654 0.833139
-2 0.8 -0.38326 0.944921
-2 1 -0.332673 0.529816
-2 1.2 -0.360139 -0.114542
-2 1.4 0.286079 0.0139509
-2 1.6 -0.020634 -0.253585
-2 1.8 -0.0399792 -0.239589
-2 2 0.224232 -0.0828116
-2 2.2 -0.164907 0.17177
-2 2.4 0.236923 -0.0242563
-2 2.6 0.011391 -0.23813
-2 2.8 -0.1102 -0.211452
-2 3 -0.0532607 -0.232112
-2 3.2 0.155978 -0.17906
-2 3.4 0.182047 0.150869
-2 3.6 -0.219071 0.0853412
-2 3.8 0.132871 -0.192097
-2 4 -0.0957781 0.211132
-2 4.2 0.132678 -0.187802
-2 4.4 -0.206359 0.0969291
-2 4.6 0.210632 0.0816427
-2 4.8 -0.029177 -0.221905
-2 5 -0.204445 0.0855944
-2 5.2 0.0957285 0.197493
-2 5.4 0.206576 -0.0674141
-2 5.6 -0.00157029 -0.215081
-2 5.8 -0.191065 -0.093985
-2 6 -0.184291 0.102312
-2 6.2 -0.0474836 0.20316
-2 6.4 0.0965557 0.182576
-2 6.6 0.181681 0.0938586
-2 6.8 0.20237 -0.00627275
-2 7 0.180736 -0.0867143
-2 7.2 0.1412 -0.139526
-2 7.4 0.100612 -0.168917
-2 7.6 0.067728 -0.182599
-2 7.8 0.0458509 -0.187396
-2 8 0.0354677 -0.187801
-2 8.2 0.0359314 -0.185919
-2 8.4 0.0462062 -0.181869
-2 8.6 0.0649531 -0.174269
-2 8.8 0.0902412 -0.160751
-2 9 0.119125 -0.138581
-2 9.2 0.147311 -0.105456
-2 9.4 0.169127 -0.0604912
-2 9.6 0.178027 -0.00528115
-2 9.8 0.167771 0.0552363
-1.8 -10 -0.0270932 0.174576
-1.8 -9.8 0.0578639 0.168512
-1.8 -9.6 0.12737 0.126771
-1.8 -9.4 0.169933 0.0631025
-1.8 -9.2 0.182718 -0.00740428
-1.8 -9 0.169716 -0.0723666
-1.8 -8.8 0.13875 -0.124134
-1.8 -8.6 0.0985799 -0.159958
-1.8 -8.4 0.0568637 -0.180939
-1.8 -8.2 0.0191903 -0.190515
-1.8 -8 -0.0109762 -0.193019
-1.8 -7.8 -0.0317822 -0.192612
-1.8 -7.6 -0.0422266 -0.192563
-1.8 -7.4 -0.0414155 -0.194757
-1.8 -7.2 -0.0280394 -0.199184
-1.8 -7 -0.00034447 -0.203242
-1.8 -6.8 0.0429602 -0.200832
-1.8 -6.6 0.100227 -0.181732
-1.8 -6.4 0.162382 -0.132768
-1.8 -6.2 0.207472 -0.0437694
-1.8 -6 0.199517 0.0784302
-1.8 -5.8 0.103623 0.190352
-1.8 -5.6 -0.0702096 0.207569
-1.8 -5.4 -0.212942 0.0612888
-1.8 -5.2 -0.149797 -0.166609
-1.8 -5 0.119917 -0.192161
-1.8 -4.8 0.204426 0.103256
-1.8 -4.6 -0.128757 0.192352
-1.8 -4.4 -0.136077 -0.190276
-1.8 -4.2 0.236302 0.00139724
-1.8 -4 -0.191812 0.141973
-1.8 -3.8 0.141933 -0.194553
-1.8 -3.6 -0.158846 0.183783
-1.8 -3.4 0.231051 -0.0807766
-1.8 -3.2 -0.190465 -0.15622
-1.8 -3 -0.16219 0.187062
-1.8 -2.8 0.0416301 0.244912
-1.8 -2.6 0.0711157 0.238448
-1.8 -2.4 -0.112068 0.222215
-1.8 -2.2 -0.19543 -0.154031
-1.8 -2 0.22259 0.112357
-1.8 -1.8 0.0106839 -0.251926
-1.8 -1.6 -0.105938 -0.239214
-1.8 -1.4 0.218254 -0.191404
-1.8 -1.2 -0.279828 0.254632
-1.8 -1 0.350343 0.526011
-1.8 -0.8 0.704347 0.757902
-1.8 -0.6 0.563825 0.7838
-1.8 -0.4 0.585828 0.79406
-1.8 -0.2 0.60283 0.79813
-1.8 0 0.594931 0.797737
-1.8 0.2 0.60283 0.79813
-1.8 0.4 0.585828 0.79406
-1.8 0.6 0.563825 0.7838
-1.8 0.8 0.704347 0.757902
-1.8 1 0.350343 0.526011
-1.8 1.2 -0.279828 0.254632
-1.8 1.4 0.218254 -0.191404
-1.8 1.6 -0.105938 -0.239214
-1.8 1.8 0.0106839 -0.251926
-1.8 2 0.22259 0.112357
-1.8 2.2 -0.19543 -0.154031
-1.8 2.4 -0.112068 0.222215
-1.8 2.6 0.0711157 0.238448
-1.8 2.8 0.0416301 0.244912
-1.8 3 -0.16219 0.187062
-1.8 3.2 -0.190465 -0.15622
-1.8 3.4 0.231051 -0.0807766
-1.8 3.6 -0.158846 0.183783
-1.8 3.8 0.141933 -0.194553
-1.8 4 -0.191812 0.141973
-1.8 4.2 0.236302 0.00139724
-1.8 4.4 -0.136077 -0.190276
-1.8 4.6 -0.128757 0.192352
-1.8 4.8 0.204426 0.103256
-1.8 5 0.119917 -0.192161
-1.8 5.2 -0.149797 -0.166609
-1.8 5.4 -0.212942 0.0612888
-1.8 5.6 -0.0702096 0.207569
-1.8 5.8 0.103623 0.190352
-1.8 6 0.199517 0.0784302
-1.8 6.2 0.207472 -0.0437694
-1.8 6.4 0.162382 -0.132768
-1.8 6.6 0.100227 -0.181732
-1.8 6.8 0.0429602 -0.200832
-1.8 7 -0.00034447 -0.203242
-1.8 7.2 -0.0280394 -0.199184
-1.8 7.4 -0.0414155 -0.194757
-1.8 7.6 -0.0422266 -0.192563
-1.8 7.8 -0.0317822 -0.192612
-1.8 8 -0.0109762 -0.193019
-1.8 8.2 0.0191903 -0.190515
-1.8 8.4 0.0568637 -0.180939
-1.8 8.6 0.0985799 -0.159958
-1.8 8.8 0.13875 -0.124134
-1.8 9 0.169716 -0.0723666
-1.8 9.2 0.182718 -0.00740428
-1.8 9.4 0.169933 0.0631025
-1.8 9.6 0.12737 0.126771
-1.8 9.8 0.0578639 0.168512
-1.6 -10 -0.178088 0.00159365
-1.6 -9.8 -0.149069 0.100243
-1.6 -9.6 -0.0738241 0.165503
-1.6 -9.4 0.0208536 0.181653
-1.6 -9.2 0.107388 0.150046
-1.6 -9 0.165913 0.0845874
-1.6 -8.8 0.187939 0.00451936
-1.6 -8.6 0.175505 -0.0722622
-1.6 -8.4 0.137576 -0.133421
-1.6 -8.2 0.0857384 -0.173506
-1.6 -8 0.0307025 -0.193038
-1.6 -7.8 -0.0196872 -0.196462
-1.6 -7.6 -0.0609458 -0.189949
-1.6 -7.4 -0.091367 -0.179699
-1.6 -7.2 -0.110895 -0.170939
-1.6 -7 -0.119881 -0.167494
-1.6 -6.8 -0.117982 -0.171585
-1.6 -6.6 -0.103362 -0.183428
-1.6 -6.4 -0.07246 -0.200226
-1.6 -6.2 -0.0209767 -0.214381
-1.6 -6 0.0526323 -0.21148
-1.6 -5.8 0.139734 -0.170561
-1.6 -5.6 0.211039 -0.0724133
-1.6 -5.4 0.212429 0.0766534
-1.6 -5.2 0.0914329 0.209512
-1.6 -5 -0.121565 0.196849
-1.6 -4.8 -0.232624 -0.0271937
-1.6 -4.6 -0.0310586 -0.235025
-1.6 -4.4 0.236591 -0.0396894
-1.6 -4.2 -0.00940961 0.242591
-1.6 -4 -0.213642 -0.121023
-1.6 -3.8 0.239322 -0.0662122
-1.6 -3.6 -0.191495 0.162128
-1.6 -3.4 0.188665 -0.169172
-1.6 -3.2 -0.244754 0.073961
-1.6 -3 0.199881 0.162533
-1.6 -2.8 0.169633 -0.195933
-1.6 -2.6 -0.0252365 -0.259002
-1.6 -2.4 -0.0143629 -0.260413
-1.6 -2.2 0.217709 -0.144007
-1.6 -2 -0.015504 0.260897
-1.6 -1.8 0.127763 -0.230255
-1.6 -1.6 -0.149629 -0.225721
-1.6 -1.4 0.0488097 -0.291744
-1.6 -1.2 0.071879 0.372442
-1.6 -1 0.631241 -0.105091
-1.6 -0.8 0.998841 -0.317353
-1.6 -0.6 0.944918 -0.220995
-1.6 -0.4 0.969676 -0.227819
-1.6 -0.2 0.976571 -0.21553
-1.6 0 0.977809 -0.217702
-1.6 0.2 0.976571 -0.21553
-1.6 0.4 0.969676 -0.227819
-1.6 0.6 0.944918 -0.220995
-1.6 0.8 0.998841 -0.317353
-1.6 1 0.631241 -0.105091
-1.6 1.2 0.071879 0.372442
-1.6 1.4 0.0488097 -0.291744
-1.6 1.6 -0.149629 -0.225721
-1.6 1.8 0.127763 -0.230255
-1.6 2 -0.015504 0.260897
-1.6 2.2 0.217709 -0.144007
-1.6 2.4 -0.0143629 -0.260413
-1.6 2.6 -0.0252365 -0.259002
-1.6 2.8 0.169633 -0.195933
-1.6 3 0.199881 0.162533
-1.6 3.2 -0.244754 0.073961
-1.6 3.4 0.188665 -0.169172
-1.6 3.6 -0.191495 0.162128
-1.6 3.8 0.239322 -0.0662122
-1.6 4 -0.213642 -0.121023
-1.6 4.2 -0.00940961 0.242591
-1.6 4.4 0.236591 -0.0396894
-1.6 4.6 -0.0310586 -0.235025
-1.6 4.8 -0.232624 -0.0271937
-1.6 5 -0.121565 0.196849
-1.6 5.2 0.0914329 0.209512
-1.6 5.4 0.212429 0.0766534
-1.6 5.6 0.211039 -0.0724133
-1.6 5.8 0.139734 -0.170561
-1.6 6 0.0526323 -0.21148
-1.6 6.2 -0.0209767 -0.214381
-1.6 6.4 -0.07246 -0.200226
-1.6 6.6 -0.103362 -0.183428
-1.6 6.8 -0.117982 -0.171585
-1.6 7 -0.119881 -0.167494
-1.6 7.2 -0.110895 -0.170939
-1.6 7.4 -0.091367 -0.179699
-1.6 7.6 -0.0609458 -0.189949
-1.6 7.8 -0.0196872 -0.196462
-1.6 8 0.0307025 -0.193038
-1.6 8.2 0.0857384 -0.173506
-1.6 8.4 0.137576 -0.133421
-1.6 8.6 0.175505 -0.0722622
-1.6 8.8 0.187939 0.00451936
-1.6 9 0.165913 0.0845874
-1.6 9.2 0.107388 0.150046
-1.6 9.4 0.0208536 0.181653
-1.6 9.6 -0.0738241 0.165503
-1.6 9.8 -0.149069 0.100243
-1.4 -10 0.0382399 -0.175354
-1.4 -9.8 -0.0803367 -0.162286
-1.4 -9.6 -0.163992 -0.0806062
-1.4 -9.4 -0.181572 0.0323029
-1.4 -9.2 -0.131528 0.131738
-1.4 -9 -0.0371128 0.184234
-1.4 -8.8 0.0670327 0.177522
-1.4 -8.6 0.149274 0.120153
-1.4 -8.4 0.190566 0.0337978
-1.4 -8.2 0.187085 -0.0567819
-1.4 -8 0.147141 -0.131808
-1.4 -7.8 0.0853045 -0.180498
-1.4 -7.6 0.0166435 -0.201114
-1.4 -7.4 -0.0471601 -0.198499
-1.4 -7.2 -0.0993418 -0.18081
-1.4 -7 -0.137706 -0.156738
-1.4 -6.8 -0.163207 -0.133787
-1.4 -6.6 -0.178182 -0.117632
-1.4 -6.4 -0.184662 -0.112192
-1.4 -6.2 -0.182928 -0.1199
-1.4 -6 -0.170318 -0.141509
-1.4 -5.8 -0.140549 -0.174684
-1.4 -5.6 -0.0845342 -0.21074
-1.4 -5.4 0.00479916 -0.229979
-1.4 -5.2 0.120072 -0.199774
-1.4 -5 0.219537 -0.0870694
-1.4 -4.8 0.218339 0.098046
-1.4 -4.6 0.0442884 0.238543
-1.4 -4.4 -0.202597 0.139353
-1.4 -4.2 -0.180432 -0.171906
-1.4 -4 0.180242 -0.176937
-1.4 -3.8 0.115249 0.22843
-1.4 -3.6 -0.255941 -0.0407023
-1.4 -3.4 0.239217 -0.107603
-1.4 -3.2 -0.222043 0.145245
-1.4 -3 0.260432 -0.0638702
-1.4 -2.8 -0.210478 -0.170053
-1.4 -2.6 -0.178641 0.20585
-1.4 -2.4 0.001984 0.273954
-1.4 -2.2 -0.0653336 0.266927
-1.4 -2 -0.274557 -0.0207409
-1.4 -1.8 0.26659 -0.0745081
-1.4 -1.6 -0.143716 -0.243161
-1.4 -1.4 -0.119692 -0.27894
-1.4 -1.2 0.352975 0.144535
-1.4 -1 0.165647 -0.627858
-1.4 -0.8 0.145541 -1.04795
-1.4 -0.6 0.175763 -0.977561
-1.4 -0.4 0.200188 -0.985896
-1.4 -0.2 0.196277 -0.98129
-1.4 0 0.198387 -0.981336
-1.4 0.2 0.196277 -0.98129
-1.4 0.4 0.200188 -0.985896
-1.4 0.6 0.175763 -0.977561
-1.4 0.8 0.145541 -1.04795
-1.4 1 0.165647 -0.627858
-1.4 1.2 0.352975 0.144535
-1.4 1.4 -0.119692 -0.27894
-1.4 1.6 -0.143716 -0.243161
-1.4 1.8 0.26659 -0.0745081
-1.4 2 -0.274557 -0.0207409
-1.4 2.2 -0.0653336 0.266927
-1.4 2.4 0.001984 0.273954
-1.4 2.6 -0.178641 0.20585
-1.4 2.8 -0.210478 -0.170053
-1.4 3 0.260432 -0.0638702
-1.4 3.2 -0.222043 0.145245
-1.4 3.4 0.239217 -0.107603
-1.4 3.6 -0.255941 -0.0407023
-1.4 3.8 0.115249 0.22843
-1.4 4 0.180242 -0.176937
-1.4 4.2 -0.180432 -0.171906
-1.4 4.4 -0.202597 0.139353
-1.4 4.6 0.0442884 0.238543
-1.4 4.8 0.218339 0.098046
-1.4 5 0.219537 -0.0870694
-1.4 5.2 0.120072 -0.199774
-1.4 5.4 0.00479916 -0.229979
-1.4 5.6 -0.0845342 -0.21074
-1.4 5.8 -0.140549 -0.174684
-1.4 6 -0.170318 -0.141509
-1.4 6.2 -0.182928 -0.1199
-1.4 6.4 -0.184662 -0.112192
-1.4 6.6 -0.178182 -0.117632
-1.4 6.8 -0.163207 -0.133787
-1.4 7 -0.137706 -0.156738
-1.4 7.2 -0.0993418 -0.18081
-1.4 7.4 -0.0471601 -0.198499
-1.4 7.6 0.0166435 -0.201114
-1.4 7.8 0.0853045 -0.180498
-1.4 8 0.147141 -0.131808
-1.4 8.2 0.187085 -0.0567819
-1.4 8.4 0.190566 0.0337978
-1.4 8.6 0.149274 0.120153
-1.4 8.8 0.0670327 0.177522
-1.4 9 -0.0371128 0.184234
-1.4 9.2 -0.131528 0.131738
-1.4 9.4 -0.181572 0.0323029
-1.4 9.6 -0.163992 -0.0806062
-1.4 9.8 -0.0803367 -0.162286
-1.2 -10 0.122134 0.133388
-1.2 -9.8 0.182046 0.0129397
-1.2 -9.6 0.144281 -0.114506
-1.2 -9.4 0.0325338 -0.183065
-1.2 -9.2 -0.0947824 -0.162031
-1.2 -9 -0.177632 -0.0661554
-1.2 -8.8 -0.182494 0.0578362
-1.2 -8.6 -0.112921 0.156992
-1.2 -8.4 -0.00155452 0.195384
-1.2 -8.2 0.10839 0.16505
-1.2 -8 0.181484 0.0830682
-1.2 -7.8 0.20077 -0.0202319
-1.2 -7.6 0.168765 -0.114687
-1.2 -7.4 0.101363 -0.17976
-1.2 -7.2 0.0191726 -0.207876
-1.2 -7 -0.0598143 -0.202576
-1.2 -6.8 -0.124216 -0.173975
-1.2 -6.6 -0.169877 -0.134067
-1.2 -6.4 -0.198223 -0.0934378
-1.2 -6.2 -0.213736 -0.0598784
-1.2 -6 -0.221547 -0.0385188
-1.2 -5.8 -0.225486 -0.0327833
-1.2 -5.6 -0.226445 -0.0453606
-1.2 -5.4 -0.220676 -0.0783028
-1.2 -5.2 -0.198089 -0.131008
-1.2 -5 -0.142172 -0.194493
-1.2 -4.8 -0.0365648 -0.241673
-1.2 -4.6 0.112949 -0.22086
-1.2 -4.4 0.239452 -0.0779978
-1.2 -4.2 0.203399 0.154859
-1.2 -4 -0.0653238 0.251183
-1.2 -3.8 -0.262259 -0.0257
-1.2 -3.6 0.0579069 -0.261098
-1.2 -3.4 0.214251 0.166647
-1.2 -3.2 -0.274168 0.0246255
-1.2 -3 0.257465 -0.10759
-1.2 -2.8 -0.278294 0.0489827
-1.2 -2.6 0.222505 0.17919
-1.2 -2.4 0.189772 -0.216987
-1.2 -2.2 0.0315131 -0.288467
-1.2 -2 0.169818 -0.236944
-1.2 -1.8 0.172434 0.236762
-1.2 -1.6 -0.0556478 -0.291947
-1.2 -1.4 -0.229329 -0.214853
-1.2 -1.2 0.327075 -0.203728
-1.2 -1 -0.513324 -0.416358
-1.2 -0.8 -0.882098 -0.588873
-1.2 -0.6 -0.828014 -0.582283
-1.2 -0.4 -0.812276 -0.578484
-1.2 -0.2 -0.814481 -0.580052
-1.2 0 -0.81397 -0.58064
-1.2 0.2 -0.814481 -0.580052
-1.2 0.4 -0.812276 -0.578484
-1.2 0.6 -0.828014 -0.582283
-1.2 0.8 -0.882098 -0.588873
-1.2 1 -0.513324 -0.416358
-1.2 1.2 0.327075 -0.203728
-1.2 1.4 -0.229329 -0.214853
-1.2 1.6 -0.0556478 -0.291947
-1.2 1.8 0.172434 0.236762
-1.2 2 0.169818 -0.236944
-1.2 2.2 0.0315131 -0.288467
-1.2 2.4 0.189772 -0.216987
-1.2 2.6 0.222505 0.17919
-1.2 2.8 -0.278294 0.0489827
-1.2 3 0.257465 -0.10759
-1.2 3.2 -0.274168 0.0246255
-1.2 3.4 0.214251 0.166647
-1.2 3.6 0.0579069 -0.261098
-1.2 3.8 -0.262259 -0.0257
-1.2 4 -0.0653238 0.251183
-1.2 4.2 0.203399 0.154859
-1.2 4.4 0.239452 -0.0779978
-1.2 4.6 0.112949 -0.22086
-1.2 4.8 -0.0365648 -0.241673
-1.2 5 -0.142172 -0.194493
-1.2 5.2 -0.198089 -0.131008
-1.2 5.4 -0.220676 -0.0783028
-1.2 5.6 -0.226445 -0.0453606
-1.2 5.8 -0.225486 -0.0327833
-1.2 6 -0.221547 -0.0385188
-1.2 6.2 -0.213736 -0.0598784
-1.2 6.4 -0.198223 -0.0934378
-1.2 6.6 -0.169877 -0.134067
-1.2 6.8 -0.124216 -0.173975
-1.2 7 -0.0598143 -0.202576
-1.2 7.2 0.0191726 -0.207876
-1.2 7.4 0.101363 -0.17976
-1.2 7.6 0.168765 -0.114687
-1.2 7.8 0.20077 -0.0202319
-1.2 8 0.181484 0.0830682
-1.2 8.2 0.10839 0.16505
-1.2 8.4 -0.00155452 0.195384
-1.2 8.6 -0.112921 0.156992
-1.2 8.8 -0.182494 0.0578362
-1.2 9 -0.177632 -0.0661554
-1.2 9.2 -0.0947824 -0.162031
-1.2 9.4 0.0325338 -0.183065
-1.2 9.6 0.144281 -0.114506
-1.2 9.8 0.182046 0.0129397
-1 -10 -0.175604 -0.0484189
-1 -9.8 -0.155201 0.0985644
-1 -9.6 -0.0338839 0.18248
-1 -9.4 0.10941 0.15214
-1 -9.2 0.186959 0.0293221
-1 -9 0.155586 -0.111044
-1 -8.8 0.0370271 -0.189526
-1 -8.6 -0.101385 -0.166724
-1 -8.4 -0.188096 -0.059261
-1 -8.2 -0.184198 0.0762457
-1 -8 -0.0973202 0.176513
-1 -7.8 0.0295632 0.201687
-1 -7.6 0.143226 0.148327
-1 -7.4 0.204041 0.0434543
-1 -7.2 0.198222 -0.07268
-1 -7 0.136479 -0.164476
-1 -6.8 0.0437506 -0.211953
-1 -6.6 -0.053051 -0.212701
-1 -6.4 -0.133965 -0.177168
-1 -6.2 -0.189549 -0.121439
-1 -6 -0.219905 -0.061014
-1 -5.8 -0.231299 -0.0073332
-1 -5.6 -0.232422 0.0328776
-1 -5.4 -0.231451 0.0562809
-1 -5.2 -0.234059 0.0607098
-1 -5 -0.241747 0.0430763
-1 -4.8 -0.249425 -0.00137164
-1 -4.6 -0.241699 -0.0762246
-1 -4.4 -0.190287 -0.173656
-1 -4.2 -0.063227 -0.254234
-1 -4 0.132247 -0.231312
-1 -3.8 0.270059 -0.02298
-1 -3.6 0.120696 0.247981
-1 -3.4 -0.239978 0.14535
-1 -3.2 -0.0870063 -0.271832
-1 -3 0.276152 0.0892587
-1 -2.8 -0.290713 0.0499984
-1 -2.6 0.29825 -0.0269543
-1 -2.4 -0.236371 -0.190516
-1 -2.2 -0.203903 0.229641
-1 -2 -0.0805148 0.299177
-1 -1.8 -0.282836 0.131993
-1 -1.6 0.167112 -0.267948
-1 -1.4 -0.277531 -0.177075
-1 -1.2 0.0535109 -0.388299
-1 -1 -0.603922 0.303225
-1 -0.8 -0.905235 0.529885
-1 -0.6 -0.86482 0.500579
-1 -0.4 -0.862167 0.505914
-1 -0.2 -0.863041 0.507534
-1 0 -0.860664 0.503675
-1 0.2 -0.863041 0.507534
-1 0.4 -0.862167 0.505914
-1 0.6 -0.86482 0.500579
-1 0.8 -0.905235 0.529885
-1 1 -0.603922 0.303225
-1 1.2 0.0535109 -0.388299
-1 1.4 -0.277531 -0.177075
-1 1.6 0.167112 -0.267948
-1 1.8 -0.282836 0.131993
-1 2 -0.0805148 0.299177
-1 2.2 -0.203903 0.229641
-1 2.4 -0.236371 -0.190516
-1 2.6 0.29825 -0.0269543
-1 2.8 -0.290713 0.0499984
-1 3 0.276152 0.0892587
-1 3.2 -0.0870063 -0.271832
-1 3.4 -0.239978 0.14535
-1 3.6 0.120696 0.247981
-1 3.8 0.270059 -0.02298
-1 4 0.132247 -0.231312
-1 4.2 -0.063227 -0.254234
-1 4.4 -0.190287 -0.173656
-1 4.6 -0.241699 -0.0762246
-1 4.8 -0.249425 -0.00137164
-1 5 -0.241747 0.0430763
-1 5.2 -0.234059 0.0607098
-1 5.4 -0.231451 0.0562809
-1 5.6 -0.232422 0.0328776
-1 5.8 -0.231299 -0.0073332
-1 6 -0.219905 -0.061014
-1 6.2 -0.189549 -0.121439
-1 6.4 -0.133965 -0.177168
-1 6.6 -0.053051 -0.212701
-1 6.8 0.0437506 -0.211953
-1 7 0.136479 -0.164476
-1 7.2 0.198222 -0.07268
-1 7.4 0.204041 0.0434543
-1 7.6 0.143226 0.148327
-1 7.8 0.0295632 0.201687
-1 8 -0.0973202 0.176513
-1 8.2 -0.184198 0.0762457
-1 8.4 -0.188096 -0.059261
-1 8.6 -0.101385 -0.166724
-1 8.8 0.0370271 -0.189526
-1 9 0.155586 -0.111044
-1 9.2 0.186959 0.0293221
-1 9.4 0.10941 0.15214
-1 9.6 -0.0338839 0.18248
-1 9.8 -0.155201 0.0985644
-0.8 -10 0.182385 0.0198675
-0.8 -9.8 0.1297 -0.132214
-0.8 -9.6 -0.0218525 -0.185724
-0.8 -9.4 -0.158789 -0.102231
-0.8 -9.2 -0.182367 0.0559371
-0.8 -9 -0.0779432 0.176244
-0.8 -8.8 0.080583 0.177269
-0.8 -8.6 0.187069 0.0611277
-0.8 -8.4 0.174908 -0.0947983
-0.8 -8.2 0.0553266 -0.193401
-0.8 -8 -0.0972776 -0.178681
-0.8 -7.8 -0.195693 -0.0637294
-0.8 -7.6 -0.190051 0.0851509
-0.8 -7.4 -0.0891467 0.191011
-0.8 -7.2 0.0530343 0.206725
-0.8 -7 0.17086 0.132387
-0.8 -6.8 0.21889 0.00624842
-0.8 -6.6 0.186888 -0.11967
-0.8 -6.4 0.0955983 -0.20365
-0.8 -6.2 -0.0191844 -0.227332
-0.8 -6 -0.123703 -0.195595
-0.8 -5.8 -0.197073 -0.127732
-0.8 -5.6 -0.233813 -0.0465536
-0.8 -5.4 -0.240293 0.0296258
-0.8 -5.2 -0.228846 0.0902249
-0.8 -5 -0.212652 0.131543
-0.8 -4.8 -0.202675 0.153573
-0.8 -4.6 -0.206311 0.156085
-0.8 -4.4 -0.226056 0.134998
-0.8 -4.2 -0.255774 0.0803911
-0.8 -4 -0.272451 -0.0198489
-0.8 -3.8 -0.227238 -0.160961
-0.8 -3.6 -0.0609564 -0.277321
-0.8 -3.4 0.19767 -0.211683
-0.8 -3.2 0.269842 0.120542
-0.8 -3 -0.121726 0.275855
-0.8 -2.8 -0.212823 -0.222152
-0.8 -2.6 0.311749 0.0350419
-0.8 -2.4 -0.31968 -0.00598301
-0.8 -2.2 0.252559 0.205102
-0.8 -2 0.222611 -0.244019
-0.8 -1.8 0.1533 -0.297321
-0.8 -1.6 0.325196 0.0956584
-0.8 -1.4 -0.26296 -0.230774
-0.8 -1.2 -0.237261 -0.326049
-0.8 -1 0.0280719 0.695105
-0.8 -0.8 0.0911034 1.01248
-0.8 -0.6 0.108655 0.995221
-0.8 0.6 0.108655 0.995221
-0.8 0.8 0.0911034 1.01248
-0.8 1 0.0280719 0.695105
-0.8 1.2 -0.237261 -0.326049
-0.8 1.4 -0.26296 -0.230774
-0.8 1.6 0.325196 0.0956584
-0.8 1.8 0.1533 -0.297321
-0.8 2 0.222611 -0.244019
-0.8 2.2 0.252559 0.205102
-0.8 2.4 -0.31968 -0.00598301
-0.8 2.6 0.311749 0.0350419
-0.8 2.8 -0.212823 -0.222152
-0.8 3 -0.121726 0.275855
-0.8 3.2 0.269842 0.120542
-0.8 3.4 0.19767 -0.211683
-0.8 3.6 -0.0609564 -0.277321
-0.8 3.8 -0.227238 -0.160961
-0.8 4 -0.272451 -0.0198489
-0.8 4.2 -0.255774 0.0803911
-0.8 4.4 -0.226056 0.134998
-0.8 4.6 -0.206311 0.156085
-0.8 4.8 -0.202675 0.153573
-0.8 5 -0.212652 0.131543
-0.8 5.2 -0.228846 0.0902249
-0.8 5.4 -0.240293 0.0296258
-0.8 5.6 -0.233813 -0.0465536
-0.8 5.8 -0.197073 -0.127732
-0.8 6 -0.123703 -0.195595
-0.8 6.2 -0.0191844 -0.227332
-0.8 6.4 0.0955983 -0.20365
-0.8 6.6 0.186888 -0.11967
-0.8 6.8 0.21889 0.00624842
-0.8 7 0.17086 0.132387
-0.8 7.2 0.0530343 0.206725
-0.8 7.4 -0.0891467 0.191011
-0.8 7.6 -0.190051 0.0851509
-0.8 7.8 -0.195693 -0.0637294
-0.8 8 -0.0972776 -0.178681
-0.8 8.2 0.0553266 -0.193401
-0.8 8.4 0.174908 -0.0947983
-0.8 8.6 0.187069 0.0611277
-0.8 8.8 0.080583 0.177269
-0.8 9 -0.0779432 0.176244
-0.8 9.2 -0.182367 0.0559371
-0.8 9.4 -0.158789 -0.102231
-0.8 9.6 -0.0218525 -0.185724
-0.8 9.8 0.1297 -0.132214
-0.6 -10 -0.173436 -0.0635245
-0.6 -9.8 -0.152541 0.107284
-0.6 -9.6 -0.000343037 0.188328
-0.6 -9.4 0.154248 0.111318
-0.6 -9.2 0.182821 -0.0592171
-0.6 -9 0.0627252 -0.183773
-0.6 -8.8 -0.109074 -0.163157
-0.6 -8.6 -0.197851 -0.0147625
-0.6 -8.4 -0.136782 0.146755
-0.6 -8.2 0.0266824 0.201141
-0.6 -8 0.172742 0.110891
-0.6 -7.8 0.19949 -0.0579079
-0.6 -7.6 0.0917065 -0.189213
-0.6 -7.4 -0.0766032 -0.198643
-0.6 -7.2 -0.198406 -0.0844669
-0.6 -7 -0.20314 0.0804181
-0.6 -6.8 -0.0937441 0.20061
-0.6 -6.6 0.0652062 0.214826
-0.6 -6.4 0.191509 0.123174
-0.6 -6.2 0.229807 -0.0237386
-0.6 -6 0.172498 -0.158856
-0.6 -5.8 0.052426 -0.232279
-0.6 -5.6 -0.0810635 -0.227919
-0.6 -5.4 -0.186296 -0.160445
-0.6 -5.2 -0.242607 -0.0603907
-0.6 -5 -0.250884 0.041925
-0.6 -4.8 -0.225964 0.126447
-0.6 -4.6 -0.187318 0.185674
-0.6 -4.4 -0.152504 0.221357
-0.6 -4.2 -0.134687 0.23875
-0.6 -4 -0.142881 0.240462
-0.6 -3.8 -0.18166 0.220381
-0.6 -3.6 -0.244972 0.158628
-0.6 -3.4 -0.297359 0.0256686
-0.6 -3.2 -0.248615 -0.177403
-0.6 -3 0.0055605 -0.312625
-0.6 -2.8 0.309305 -0.0831511
-0.6 -2.6 0.0473904 0.324739
-0.6 -2.4 -0.299123 -0.153505
-0.6 -2.2 0.339815 0.0561068
-0.6 -2 -0.27174 -0.224383
-0.6 -1.8 -0.248368 0.260407
-0.6 -1.6 -0.260064 0.258966
-0.6 -1.4 -0.0691559 -0.371425
-0.6 -1.2 -0.393843 -0.151261
-0.6 -1 0.671187 0.272697
-0.6 -0.8 0.950093 0.306514
-0.6 0.8 0.950093 0.306514
-0.6 1 0.671187 0.272697
-0.6 1.2 -0.393843 -0.151261
-0.6 1.4 -0.0691559 -0.371425
-0.6 1.6 -0.260064 0.258966
-0.6 1.8 -0.248368 0.260407
-0.6 2 -0.27174 -0.224383
-0.6 2.2 0.339815 0.0561068
-0.6 2.4 -0.299123 -0.153505
-0.6 2.6 0.0473904 0.324739
-0.6 2.8 0.309305 -0.0831511
-0.6 3 0.0055605 -0.312625
-0.6 3.2 -0.248615 -0.177403
-0.6 3.4 -0.297359 0.0256686
-0.6 3.6 -0.244972 0.158628
-0.6 3.8 -0.18166 0.220381
-0.6 4 -0.142881 0.240462
-0.6 4.2 -0.134687 0.23875
-0.6 4.4 -0.152504 0.221357
-0.6 4.6 -0.187318 0.185674
-0.6 4.8 -0.225964 0.126447
-0.6 5 -0.250884 0.041925
-0.6 5.2 -0.242607 -0.0603907
-0.6 5.4 -0.186296 -0.160445
-0.6 5.6 -0.0810635 -0.227919
-0.6 5.8 0.052426 -0.232279
-0.6 6 0.172498 -0.158856
-0.6 6.2 0.229807 -0.0237386
-0.6 6.4 0.191509 0.123174
-0.6 6.6 0.0652062 0.214826
-0.6 6.8 -0.0937441 0.20061
-0.6 7 -0.20314 0.0804181
-0.6 7.2 -0.198406 -0.0844669
-0.6 7.4 -0.0766032 -0.198643
-0.6 7.6 0.0917065 -0.189213
-0.6 7.8 0.19949 -0.0579079
-0.6 8 0.172742 0.110891
-0.6 8.2 0.0266824 0.201141
-0.6 8.4 -0.136782 0.146755
-0.6 8.6 -0.197851 -0.0147625
-0.6 8.8 -0.109074 -0.163157
-0.6 9 0.0627252 -0.183773
-0.6 9.2 0.182821 -0.0592171
-0.6 9.4 0.154248 0.111318
-0.6 9.6 -0.000343037 0.188328
-0.6 9.8 -0.152541 0.107284
-0.4 -10 0.100377 0.15647
-0.4 -9.8 0.187707 -0.00299018
-0.4 -9.6 0.0981885 -0.162215
-0.4 -9.4 -0.0850586 -0.171641
-0.4 -9.2 -0.192333 -0.0218041
-0.4 -9 -0.124963 0.150521
-0.4 -8.8 0.056623 0.189489
-0.4 -8.6 0.190731 0.060095
-0.4 -8.4 0.159619 -0.124212
-0.4 -8.2 -0.00975358 -0.204381
-0.4 -8 -0.173651 -0.112773
-0.4 -7.8 -0.19613 0.073892
-0.4 -7.6 -0.0598624 0.203595
-0.4 -7.4 0.1259 0.174205
-0.4 -7.2 0.217527 0.0102451
-0.4 -7 0.148012 -0.163727
-0.4 -6.8 -0.0293001 -0.221851
-0.4 -6.6 -0.188448 -0.126504
-0.4 -6.4 -0.223851 0.054129
-0.4 -6.2 -0.117565 0.20207
-0.4 -6 0.0600107 0.229711
-0.4 -5.8 0.204439 0.128049
-0.4 -5.6 0.241839 -0.0406018
-0.4 -5.4 0.162926 -0.188847
-0.4 -5.2 0.0143527 -0.253417
-0.4 -5 -0.136547 -0.21945
-0.4 -4.8 -0.237289 -0.11424
-0.4 -4.6 -0.268001 0.0167854
-0.4 -4.4 -0.238907 0.134153
-0.4 -4.2 -0.176289 0.217271
-0.4 -4 -0.107972 0.264781
-0.4 -3.8 -0.0551964 0.287243
-0.4 -3.6 -0.0319758 0.297764
-0.4 -3.4 -0.0490108 0.302984
-0.4 -3.2 -0.116121 0.292687
-0.4 -3 -0.230765 0.226574
-0.4 -2.8 -0.33041 0.0375859
-0.4 -2.6 -0.223947 -0.258921
-0.4 -2.4 0.2135 -0.280796
-0.4 -2.2 0.21082 0.296371
-0.4 -2 -0.350768 -0.133455
-0.4 -1.8 0.294842 0.25119
-0.4 -1.6 0.286465 -0.278615
-0.4 -1.4 0.397185 -0.116958
-0.4 -1.2 -0.44763 -0.0665738
-0.4 -1 0.561166 -0.530211
-0.4 1 0.561166 -0.530211
-0.4 1.2 -0.44763 -0.0665738
-0.4 1.4 0.397185 -0.116958
-0.4 1.6 0.286465 -0.278615
-0.4 1.8 0.294842 0.25119
-0.4 2 -0.350768 -0.133455
-0.4 2.2 0.21082 0.296371
-0.4 2.4 0.2135 -0.280796
-0.4 2.6 -0.223947 -0.258921
-0.4 2.8 -0.33041 0.0375859
-0.4 3 -0.230765 0.226574
-0.4 3.2 -0.116121 0.292687
-0.4 3.4 -0.0490108 0.302984
-0.4 3.6 -0.0319758 0.297764
-0.4 3.8 -0.0551964 0.287243
-0.4 4 -0.107972 0.264781
-0.4 4.2 -0.176289 0.217271
-0.4 4.4 -0.238907 0.134153
-0.4 4.6 -0.268001 0.0167854
-0.4 4.8 -0.237289 -0.11424
-0.4 5 -0.136547 -0.21945
-0.4 5.2 0.0143527 -0.253417
-0.4 5.4 0.162926 -0.188847
-0.4 5.6 0.241839 -0.0406018
-0.4 5.8 0.204439 0.128049
-0.4 6 0.0600107 0.229711
-0.4 6.2 -0.117565 0.20207
-0.4 6.4 -0.223851 0.054129
-0.4 6.6 -0.188448 -0.126504
-0.4 6.8 -0.0293001 -0.221851
-0.4 7 0.148012 -0.163727
-0.4 7.2 0.217527 0.0102451
-0.4 7.4 0.1259 0.174205
-0.4 7.6 -0.0598624 0.203595
-0.4 7.8 -0.19613 0.073892
-0.4 8 -0.173651 -0.112773
-0.4 8.2 -0.00975358 -0.204381
-0.4 8.4 0.159619 -0.124212
-0.4 8.6 0.190731 0.060095
-0.4 8.8 0.056623 0.189489
-0.4 9 -0.124963 0.150521
-0.4 9.2 -0.192333 -0.0218041
-0.4 9.4 -0.0850586 -0.171641
-0.4 9.6 0.0981885 -0.162215
-0.4 9.8 0.187707 -0.00299018
-0.2 -10 0.087686 -0.165238
-0.2 -9.8 -0.102327 -0.158825
-0.2 -9.6 -0.190544 0.0110383
-0.2 -9.4 -0.0857484 0.17274
-0.2 -9.2 0.107944 0.162282
-0.2 -9 0.196677 -0.0116469
-0.2 -8.8 0.0908836 -0.17727
-0.2 -8.6 -0.106799 -0.170836
-0.2 -8.4 -0.203791 0.00295792
-0.2 -8.2 -0.105322 0.177315
-0.2 -8 0.095936 0.185397
-0.2 -7.8 0.210552 0.0183881
-0.2 -7.6 0.13119 -0.169144
-0.2 -7.4 -0.0702556 -0.205172
-0.2 -7.2 -0.212366 -0.0566446
-0.2 -7 -0.169084 0.14514
-0.2 -6.8 0.0219768 0.224935
-0.2 -6.6 0.198228 0.115292
-0.2 -6.4 0.21382 -0.0920137
-0.2 -6.2 0.0575835 -0.229277
-0.2 -6 -0.146488 -0.19035
-0.2 -5.8 -0.244054 -0.00759208
-0.2 -5.6 -0.167162 0.183679
-0.2 -5.4 0.0258725 0.251434
-0.2 -5.2 0.204481 0.156353
-0.2 -5 0.259967 -0.0350341
-0.2 -4.8 0.168758 -0.207568
-0.2 -4.6 -0.00940383 -0.272866
-0.2 -4.4 -0.181568 -0.21169
-0.2 -4.2 -0.277197 -0.0668123
-0.2 -4 -0.275907 0.0950065
-0.2 -3.8 -0.20115 0.221154
-0.2 -3.6 -0.0953579 0.291412
-0.2 -3.4 0.00342561 0.314859
-0.2 -3.2 0.0718094 0.315747
-0.2 -3 0.0974244 0.318963
-0.2 -2.8 0.0668632 0.337537
-0.2 -2.6 -0.0442093 0.352941
-0.2 -2.4 -0.244911 0.275275
-0.2 -2.2 -0.379225 -0.0498438
-0.2 -2 0.0151521 -0.397677
-0.2 -1.8 0.32993 0.252071
-0.2 -1.6 -0.322673 -0.291226
-0.2 -1.4 -0.348773 0.296308
-0.2 -1.2 -0.400394 -0.298061
-0.2 -1 -0.291192 -0.822518
-0.2 1 -0.291192 -0.822518
-0.2 1.2 -0.400394 -0.298061
-0.2 1.4 -0.348773 0.296308
-0.2 1.6 -0.322673 -0.291226
-0.2 1.8 0.32993 0.252071
-0.2 2 0.0151521 -0.397677
-0.2 2.2 -0.379225 -0.0498438
-0.2 2.4 -0.244911 0.275275
-0.2 2.6 -0.0442093 0.352941
-0.2 2.8 0.0668632 0.337537
-0.2 3 0.0974244 0.318963
-0.2 3.2 0.0718094 0.315747
-0.2 3.4 0.00342561 0.314859
-0.2 3.6 -0.0953579 0.291412
-0.2 3.8 -0.20115 0.221154
-0.2 4 -0.275907 0.0950065
-0.2 4.2 -0.277197 -0.0668123
-0.2 4.4 -0.181568 -0.21169
-0.2 4.6 -0.00940383 -0.272866
-0.2 4.8 0.168758 -0.207568
-0.2 5 0.259967 -0.0350341
-0.2 5.2 0.204481 0.156353
-0.2 5.4 0.0258725 0.251434
-0.2 5.6 -0.167162 0.183679
-0.2 5.8 -0.244054 -0.00759208
-0.2 6 -0.146488 -0.19035
-0.2 6.2 0.0575835 -0.229277
-0.2 6.4 0.21382 -0.0920137
-0.2 6.6 0.198228 0.115292
-0.2 6.8 0.0219768 0.224935
-0.2 7 -0.169084 0.14514
-0.2 7.2 -0.212366 -0.0566446
-0.2 7.4 -0.0702556 -0.205172
-0.2 7.6 0.13119 -0.169144
-0.2 7.8 0.210552 0.0183881
-0.2 8 0.095936 0.185397
-0.2 8.2 -0.105322 0.177315
-0.2 8.4 -0.203791 0.00295792
-0.2 8.6 -0.106799 -0.170836
-0.2 8.8 0.0908836 -0.17727
-0.2 9 0.196677 -0.0116469
-0.2 9.2 0.107944 0.162282
-0.2 9.4 -0.0857484 0.17274
-0.2 9.6 -0.190544 0.0110383
-0.2 9.8 -0.102327 -0.158825
0 -10 -0.174231 -0.0709685
0 -9.8 -0.144276 0.123692
0 -9.6 0.0439786 0.186904
0 -9.4 0.188052 0.0478318
0 -9.2 0.131082 -0.145901
0 -9 -0.0685709 -0.18607
0 -8.8 -0.198696 -0.0271474
0 -8.6 -0.119182 0.164157
0 -8.4 0.0887353 0.185086
0 -8.2 0.207457 0.0109131
0 -8 0.111063 -0.178608
0 -7.8 -0.103283 -0.186284
0 -7.6 -0.215776 -0.00147756
0 -7.4 -0.109642 0.189202
0 -7.2 0.110441 0.192219
0 -7 0.224819 0.0019847
0 -6.8 0.118446 -0.194942
0 -6.6 -0.10695 -0.205347
0 -6.4 -0.234491 -0.0170772
0 -6.2 -0.141619 0.192356
0 -6 0.0864851 0.226879
0 -5.8 0.24105 0.0536305
0 -5.6 0.182783 -0.172461
0 -5.4 -0.0374644 -0.253141
0 -5.2 -0.231517 -0.119972
0 -5 -0.239424 0.115666
0 -4.8 -0.0572675 0.265248
0 -4.6 0.172692 0.216797
0 -4.4 0.283155 0.0110817
0 -4.2 0.204207 -0.205923
0 -4 -0.00360714 -0.297113
0 -3.8 -0.21087 -0.220104
0 -3.6 -0.311425 -0.0325714
0 -3.4 -0.276403 0.165476
0 -3.2 -0.147136 0.297618
0 -3 0.00868645 0.342698
0 -2.8 0.138283 0.326668
0 -2.6 0.218785 0.295875
0 -2.4 0.244576 0.294523
0 -2.2 0.195089 0.34883
0 -2 -0.000725457 0.41903
0 -1.8 -0.36738 0.245032
0 -1.6 -0.213198 -0.41731
0 -1.4 0.354722 0.356862
0 -1.2 0.471421 -0.298807
0 -1 -0.996595 8.08604e-15
0 1 -0.996595 8.08604e-15
0 1.2 0.471421 -0.298807
0 1.4 0.354722 0.356862
0 1.6 -0.213198 -0.41731
0 1.8 -0.36738 0.245032
0 2 -0.000725457 0.41903
0 2.2 0.195089 0.34883
0 2.4 0.244576 0.294523
0 2.6 0.218785 0.295875
0 2.8 0.138283 0.326668
0 3 0.00868645 0.342698
0 3.2 -0.147136 0.297618
0 3.4 -0.276403 0.165476
0 3.6 -0.311425 -0.0325714
0 3.8 -0.21087 -0.220104
0 4 -0.00360714 -0.297113
0 4.2 0.204207 -0.205923
0 4.4 0.283155 0.0110817
0 4.6 0.172692 0.216797
0 4.8 -0.0572675 0.265248
0 5 -0.239424 0.115666
0 5.2 -0.231517 -0.119972
0 5.4 -0.0374644 -0.253141
0 5.6 0.182783 -0.172461
0 5.8 0.24105 0.0536305
0 6 0.0864851 0.226879
0 6.2 -0.141619 0.192356
0 6.4 -0.234491 -0.0170772
0 6.6 -0.10695 -0.205347
0 6.8 0.118446 -0.194942
0 7 0.224819 0.0019847
0 7.2 0.110441 0.192219
0 7.4 -0.109642 0.189202
0 7.6 -0.215776 -0.00147756
0 7.8 -0.103283 -0.186284
0 8 0.111063 -0.178608
0 8.2 0.207457 0.0109131
0 8.4 0.0887353 0.185086
0 8.6 -0.119182 0.164157
0 8.8 -0.198696 -0.0271474
0 9 -0.0685709 -0.18607
0 9.2 0.131082 -0.145901
0 9.4 0.188052 0.0478318
0 9.6 0.0439786 0.186904
0 9.8 -0.144276 0.123692
0.2 -10 -0.121698 0.144847
0.2 -9.8 0.0785277 0.174251
0.2 -9.6 0.193065 0.00510808
0.2 -9.4 0.0897251 -0.173357
0.2 -9.2 -0.117949 -0.158207
0.2 -9 -0.19608 0.0370184
0.2 -8.8 -0.0536465 0.194566
0.2 -8.6 0.152648 0.135617
0.2 -8.4 0.191495 -0.0776477
0.2 -8.2 0.0158706 -0.208575
0.2 -8 -0.181756 -0.108764
0.2 -7.8 -0.1811 0.115044
0.2 -7.6 0.0212328 0.21636
0.2 -7.4 0.205212 0.0803045
0.2 -7.2 0.167404 -0.148016
0.2 -7 -0.0554236 -0.219803
0.2 -6.8 -0.22381 -0.0532374
0.2 -6.6 -0.153656 0.175927
0.2 -6.4 0.0845228 0.221713
0.2 -6.2 0.239147 0.0310523
0.2 -6 0.14401 -0.198489
0.2 -5.8 -0.106015 -0.225871
0.2 -5.6 -0.253374 -0.0182452
0.2 -5.4 -0.143941 0.215076
0.2 -5.2 0.115954 0.236997
0.2 -5 0.268329 0.0215325
0.2 -4.8 0.160947 -0.222836
0.2 -4.6 -0.106303 -0.260065
0.2 -4.4 -0.282665 -0.0522563
0.2 -4.2 -0.204842 0.211509
0.2 -4 0.0589429 0.29617
0.2 -3.8 0.281878 0.129318
0.2 -3.6 0.281665 -0.149681
0.2 -3.4 0.0634876 -0.322414
0.2 -3.2 -0.206968 -0.268742
0.2 -3 -0.348841 -0.0384347
0.2 -2.8 -0.292524 0.216694
0.2 -2.6 -0.0969783 0.366065
0.2 -2.4 0.124505 0.375233
0.2 -2.2 0.289337 0.296873
0.2 -2 0.37893 0.217626
0.2 -1.8 0.407844 0.221347
0.2 -1.6 0.32541 0.376642
0.2 -1.4 -0.152009 0.520598
0.2 -1.2 -0.377933 -0.481468
0.2 -1 -0.862677 0.150747
0.2 1 -0.862677 0.150747
0.2 1.2 -0.377933 -0.481468
0.2 1.4 -0.152009 0.520598
0.2 1.6 0.32541 0.376642
0.2 1.8 0.407844 0.221347
0.2 2 0.37893 0.217626
0.2 2.2 0.289337 0.296873
0.2 2.4 0.124505 0.375233
0.2 2.6 -0.0969783 0.366065
0.2 2.8 -0.292524 0.216694
0.2 3 -0.348841 -0.0384347
0.2 3.2 -0.206968 -0.268742
0.2 3.4 0.0634876 -0.322414
0.2 3.6 0.281665 -0.149681
0.2 3.8 0.281878 0.129318
0.2 4 0.0589429 0.29617
0.2 4.2 -0.204842 0.211509
0.2 4.4 -0.282665 -0.0522563
0.2 4.6 -0.106303 -0.260065
0.2 4.8 0.160947 -0.222836
0.2 5 0.268329 0.0215325
0.2 5.2 0.115954 0.236997
0.2 5.4 -0.143941 0.215076
0.2 5.6 -0.253374 -0.0182452
0.2 5.8 -0.106015 -0.225871
0.2 6 0.14401 -0.198489
0.2 6.2 0.239147 0.0310523
0.2 6.4 0.0845228 0.221713
0.2 6.6 -0.153656 0.175927
0.2 6.8 -0.22381 -0.0532374
0.2 7 -0.0554236 -0.219803
0.2 7.2 0.167404 -0.148016
0.2 7.4 0.205212 0.0803045
0.2 7.6 0.0212328 0.21636
0.2 7.8 -0.1811 0.115044
0.2 8 -0.181756 -0.108764
0.2 8.2 0.0158706 -0.208575
0.2 8.4 0.191495 -0.0776477
0.2 8.6 0.152648 0.135617
0.2 8.8 -0.0536465 0.194566
0.2 9 -0.19608 0.0370184
0.2 9.2 -0.117949 -0.158207
0.2 9.4 0.0897251 -0.173357
0.2 9.6 0.193065 0.00510808
0.2 9.8 0.0785277 0.174251
0.4 -10 0.0276674 0.188125
0.4 -9.8 0.184393 0.053962
0.4 -9.6 0.127427 -0.146503
0.4 -9.4 -0.0806187 -0.178953
0.4 -9.2 -0.198444 -0.00176601
0.4 -9 -0.0857813 0.181447
0.4 -8.8 0.130153 0.155827
0.4 -8.6 0.198436 -0.0531965
0.4 -8.4 0.0357335 -0.204848
0.4 -8.2 -0.172797 -0.120271
0.4 -8 -0.184333 0.107166
0.4 -7.8 0.0193356 0.215148
0.4 -7.6 0.205779 0.07471
0.4 -7.4 0.157214 -0.156666
0.4 -7.2 -0.0758529 -0.211939
0.4 -7 -0.227317 -0.0222195
0.4 -6.8 -0.119174 0.198877
0.4 -6.6 0.130436 0.196034
0.4 -6.4 0.236857 -0.0337906
0.4 -6.2 0.0731416 -0.231982
0.4 -6 -0.180285 -0.169467
0.4 -5.8 -0.235242 0.0899259
0.4 -5.6 -0.0226524 0.255495
0.4 -5.4 0.223593 0.135438
0.4 -5.2 0.224893 -0.143209
0.4 -5 -0.0284078 -0.270665
0.4 -4.8 -0.260067 -0.0983856
0.4 -4.6 -0.210285 0.191442
0.4 -4.4 0.0756599 0.281154
0.4 -4.2 0.291332 0.0647217
0.4 -4 0.198897 -0.232899
0.4 -3.8 -0.113218 -0.2937
0.4 -3.6 -0.320997 -0.0444224
0.4 -3.4 -0.203435 0.26519
0.4 -3.2 0.129999 0.320001
0.4 -3 0.353175 0.0574968
0.4 -2.8 0.247889 -0.277048
0.4 -2.6 -0.0942158 -0.375818
0.4 -2.4 -0.375845 -0.152168
0.4 -2.2 -0.372282 0.207812
0.4 -2 -0.10397 0.438893
0.4 -1.8 0.232062 0.421278
0.4 -1.6 0.461745 0.235957
0.4 -1.4 0.565278 0.06227
0.4 -1.2 0.633286 0.113115
0.4 -1 0.261456 0.753622
0.4 1 0.261456 0.753622
0.4 1.2 0.633286 0.113115
0.4 1.4 0.565278 0.06227
0.4 1.6 0.461745 0.235957
0.4 1.8 0.232062 0.421278
0.4 2 -0.10397 0.438893
0.4 2.2 -0.372282 0.207812
0.4 2.4 -0.375845 -0.152168
0.4 2.6 -0.0942158 -0.375818
0.4 2.8 0.247889 -0.277048
0.4 3 0.353175 0.0574968
0.4 3.2 0.129999 0.320001
0.4 3.4 -0.203435 0.26519
0.4 3.6 -0.320997 -0.0444224
0.4 3.8 -0.113218 -0.2937
0.4 4 0.198897 -0.232899
0.4 4.2 0.291332 0.0647217
0.4 4.4 0.0756599 0.281154
0.4 4.6 -0.210285 0.191442
0.4 4.8 -0.260067 -0.0983856
0.4 5 -0.0284078 -0.270665
0.4 5.2 0.224893 -0.143209
0.4 5.4 0.223593 0.135438
0.4 5.6 -0.0226524 0.255495
0.4 5.8 -0.235242 0.0899259
0.4 6 -0.180285 -0.169467
0.4 6.2 0.0731416 -0.231982
0.4 6.4 0.236857 -0.0337906
0.4 6.6 0.130436 0.196034
0.4 6.8 -0.119174 0.198877
0.4 7 -0.227317 -0.0222195
0.4 7.2 -0.0758529 -0.211939
0.4 7.4 0.157214 -0.156666
0.4 7.6 0.205779 0.07471
0.4 7.8 0.0193356 0.215148
0.4 8 -0.184333 0.107166
0.4 8.2 -0.172797 -0.120271
0.4 8.4 0.0357335 -0.204848
0.4 8.6 0.198436 -0.0531965
0.4 8.8 0.130153 0.155827
0.4 9 -0.0857813 0.181447
0.4 9.2 -0.198444 -0.00176601
0.4 9.4 -0.0806187 -0.178953
0.4 9.6 0.127427 -0.146503
0.4 9.8 0.184393 0.053962
0.6 -10 0.104051 0.160268
0.6 -9.8 0.19079 -0.02966
0.6 -9.6 0.0515694 -0.188209
0.6 -9.4 -0.152258 -0.125446
0.6 -9.2 -0.17876 0.0885386
0.6 -9 0.00767339 0.201621
0.6 -8.8 0.189276 0.0764489
0.6 -8.6 0.149033 -0.143058
0.6 -8.4 -0.0703069 -0.196953
0.6 -8.2 -0.211101 -0.016775
0.6 -8 -0.103138 0.188087
0.6 -7.8 0.130994 0.173453
0.6 -7.6 0.214806 -0.0490099
0.6 -7.4 0.0440167 -0.219034
0.6 -7.2 -0.184308 -0.13188
0.6 -7 -0.198805 0.115636
0.6 -6.8 0.0241922 0.232245
0.6 -6.6 0.225188 0.0744728
0.6 -6.4 0.163027 -0.17756
0.6 -6.2 -0.0964618 -0.225342
0.6 -6 -0.249362 -0.00483016
0.6 -5.8 -0.10896 0.229363
0.6 -5.6 0.167222 0.197381
0.6 -5.4 0.253593 -0.0724081
0.6 -5.2 0.0393899 -0.266166
0.6 -5 -0.230967 -0.148806
0.6 -4.8 -0.236049 0.152154
0.6 -4.6 0.0418212 0.284288
0.6 -4.4 0.282759 0.0816386
0.6 -4.2 0.196448 -0.229095
0.6 -4 -0.130163 -0.281247
0.6 -3.8 -0.318734 0.001229
0.6 -3.6 -0.135938 0.298853
0.6 -3.4 0.221374 0.256543
0.6 -3.2 0.337031 -0.0962389
0.6 -3 0.0570172 -0.358892
0.6 -2.8 -0.312776 -0.2121
0.6 -2.6 -0.339487 0.200498
0.6 -2.4 0.0361801 0.411427
0.6 -2.2 0.406384 0.15461
0.6 -2 0.33745 -0.313374
0.6 -1.8 -0.135267 -0.472584
0.6 -1.6 -0.518973 -0.109037
0.6 -1.4 -0.382456 0.436833
0.6 -1.2 0.18817 0.622653
0.6 -1 0.711726 0.266454
0.6 -0.8 0.950093 -0.306514
0.6 0.8 0.950093 -0.306514
0.6 1 0.711726 0.266454
0.6 1.2 0.18817 0.622653
0.6 1.4 -0.382456 0.436833
0.6 1.6 -0.518973 -0.109037
0.6 1.8 -0.135267 -0.472584
0.6 2 0.33745 -0.313374
0.6 2.2 0.406384 0.15461
0.6 2.4 0.0361801 0.411427
0.6 2.6 -0.339487 0.200498
0.6 2.8 -0.312776 -0.2121
0.6 3 0.0570172 -0.358892
0.6 3.2 0.337031 -0.0962389
0.6 3.4 0.221374 0.256543
0.6 3.6 -0.135938 0.298853
0.6 3.8 -0.318734 0.001229
0.6 4 -0.130163 -0.281247
0.6 4.2 0.196448 -0.229095
0.6 4.4 0.282759 0.0816386
0.6 4.6 0.0418212 0.284288
0.6 4.8 -0.236049 0.152154
0.6 5 -0.230967 -0.148806
0.6 5.2 0.0393899 -0.266166
0.6 5.4 0.253593 -0.0724081
0.6 5.6 0.167222 0.197381
0.6 5.8 -0.10896 0.229363
0.6 6 -0.249362 -0.00483016
0.6 6.2 -0.0964618 -0.225342
0.6 6.4 0.163027 -0.17756
0.6 6.6 0.225188 0.0744728
0.6 6.8 0.0241922 0.232245
0.6 7 -0.198805 0.115636
0.6 7.2 -0.184308 -0.13188
0.6 7.4 0.0440167 -0.219034
0.6 7.6 0.214806 -0.0490099
0.6 7.8 0.130994 0.173453
0.6 8 -0.103138 0.188087
0.6 8.2 -0.211101 -0.016775
0.6 8.4 -0.0703069 -0.196953
0.6 8.6 0.149033 -0.143058
0.6 8.8 0.189276 0.0764489
0.6 9 0.00767339 0.201621
0.6 9.2 -0.17876 0.0885386
0.6 9.4 -0.152258 -0.125446
0.6 9.6 0.0515694 -0.188209
0.6 9.8 0.19079 -0.02966
0.8 -10 0.106972 0.1594
0.8 -9.8 0.191211 -0.0327741
0.8 -9.6 0.0488191 -0.189922
0.8 -9.4 -0.155031 -0.123583
0.8 -9.2 -0.178176 0.0919346
0.8 -9 0.011119 0.202502
0.8 -8.8 0.191557 0.0735685
0.8 -8.6 0.14727 -0.146427
0.8 -8.4 -0.0742411 -0.196702
0.8 -8.2 -0.212523 -0.0129344
0.8 -8 -0.100088 0.191067
0.8 -7.8 0.135127 0.171817
0.8 -7.6 0.215012 -0.0536446
0.8 -7.4 0.0396914 -0.221215
0.8 -7.2 -0.188238 -0.128696
0.8 -7 -0.197457 0.120743
0.8 -6.8 0.029637 0.233144
0.8 -6.6 0.228373 0.0696553
0.8 -6.4 0.159774 -0.182671
0.8 -6.2 -0.102766 -0.22441
0.8 -6 -0.251181 0.00163693
0.8 -5.8 -0.103517 0.233909
0.8 -5.6 0.173962 0.194097
0.8 -5.4 0.253335 -0.0803478
0.8 -5.2 0.0315755 -0.269368
0.8 -5 -0.237495 -0.142613
0.8 -4.8 -0.232881 0.161211
0.8 -4.6 0.0520469 0.285145
0.8 -4.4 0.288093 0.0719575
0.8 -4.2 0.189291 -0.238663
0.8 -4 -0.142753 -0.278451
0.8 -3.8 -0.321521 0.0149886
0.8 -3.6 -0.123448 0.307876
0.8 -3.4 0.23601 0.248125
0.8 -3.2 0.335164 -0.114912
0.8 -3 0.0372203 -0.365585
0.8 -2.8 -0.328856 -0.194862
0.8 -2.6 -0.329187 0.225263
0.8 -2.4 0.0671034 0.412443
0.8 -2.2 0.422502 0.122161
0.8 -2 0.310283 -0.347059
0.8 -1.8 -0.186665 -0.459793
0.8 -1.6 -0.531859 -0.0430766
0.8 -1.4 -0.310403 0.490435
0.8 -1.2 0.30446 0.564081
0.8 -1 0.720998 0.0488874
0.8 -0.8 0.56307 -0.619888
0.8 -0.6 0.108655 -0.995221
0.8 0.6 0.108655 -0.995221
0.8 0.8 0.56307 -0.619888
0.8 1 0.720998 0.0488874
0.8 1.2 0.30446 0.564081
0.8 1.4 -0.310403 0.490435
0.8 1.6 -0.531859 -0.0430766
0.8 1.8 -0.186665 -0.459793
0.8 2 0.310283 -0.347059
0.8 2.2 0.422502 0.122161
0.8 2.4 0.0671034 0.412443
0.8 2.6 -0.329187 0.225263
0.8 2.8 -0.328856 -0.194862
0.8 3 0.0372203 -0.365585
0.8 3.2 0.335164 -0.114912
0.8 3.4 0.23601 0.248125
0.8 3.6 -0.123448 0.307876
0.8 3.8 -0.321521 0.0149886
0.8 4 -0.142753 -0.278451
0.8 4.2 0.189291 -0.238663
0.8 4.4 0.288093 0.0719575
0.8 4.6 0.0520469 0.285145
0.8 4.8 -0.232881 0.161211
0.8 5 -0.237495 -0.142613
0.8 5.2 0.0315755 -0.269368
0.8 5.4 0.253335 -0.0803478
0.8 5.6 0.173962 0.194097
0.8 5.8 -0.103517 0.233909
0.8 6 -0.251181 0.00163693
0.8 6.2 -0.102766 -0.22441
0.8 6.4 0.159774 -0.182671
0.8 6.6 0.228373 0.0696553
0.8 6.8 0.029637 0.233144
0.8 7 -0.197457 0.120743
0.8 7.2 -0.188238 -0.128696
0.8 7.4 0.0396914 -0.221215
0.8 7.6 0.215012 -0.0536446
0.8 7.8 0.135127 0.171817
0.8 8 -0.100088 0.191067
0.8 8.2 -0.212523 -0.0129344
0.8 8.4 -0.0742411 -0.196702
0.8 8.6 0.14727 -0.146427
0.8 8.8 0.191557 0.0735685
0.8 9 0.011119 0.202502
0.8 9.2 -0.178176 0.0919346
0.8 9.4 -0.155031 -0.123583
0.8 9.6 0.0488191 -0.189922
0.8 9.8 0.191211 -0.0327741
1 -10 0.0367387 0.189248
1 -9.8 0.18934 0.045926
1 -9.6 0.122004 -0.154608
1 -9.4 -0.0905746 -0.177349
1 -9.2 -0.201237 0.00828933
1 -9 -0.0775312 0.188428
1 -8.8 0.140301 0.151091
1 -8.6 0.198386 -0.0648072
1 -8.4 0.0247744 -0.209853
1 -8.2 -0.182293 -0.11212
1 -8 -0.18079 0.119689
1 -7.8 0.0327195 0.217287
1 -7.6 0.213688 0.0629935
1 -7.4 0.14962 -0.169326
1 -7.2 -0.0912052 -0.210363
1 -7 -0.232655 -0.0069825
1 -6.8 -0.107121 0.210728
1 -6.6 0.147062 0.189902
1 -6.4 0.238488 -0.0523366
1 -6.2 0.0562226 -0.241899
1 -6 -0.197424 -0.157845
1 -5.8 -0.231997 0.111589
1 -5.6 -0.000484376 0.262364
1 -5.4 0.240416 0.11742
1 -5.2 0.215485 -0.167741
1 -5 -0.056371 -0.273223
1 -4.8 -0.275824 -0.0727841
1 -4.6 -0.193219 0.218868
1 -4.4 0.110424 0.278032
1 -4.2 0.305501 0.0296173
1 -4 0.172033 -0.264207
1 -3.8 -0.157316 -0.283688
1 -3.6 -0.33425 0.00359468
1 -3.4 -0.163727 0.303814
1 -3.2 0.189552 0.302553
1 -3 0.370118 -0.010647
1 -2.8 0.191163 -0.334178
1 -2.6 -0.185696 -0.356004
1 -2.4 -0.417374 -0.0493332
1 -2.2 -0.301956 0.322442
1 -2 0.0625367 0.462411
1 -1.8 0.404459 0.28653
1 -1.6 0.527098 -0.0574144
1 -1.4 0.440007 -0.365046
1 -1.2 0.305319 -0.542195
1 -1 0.332546 -0.597733
1 -0.8 0.687602 -0.319724
1 -0.6 0.161551 0.826514
1 -0.4 0.6459 -0.659249
1 -0.2 0.285045 0.936293
1 0 -0.860664 -0.503675
1 0.2 0.285045 0.936293
1 0.4 0.6459 -0.659249
1 0.6 0.161551 0.826514
1 0.8 0.687602 -0.319724
1 1 0.332546 -0.597733
1 1.2 0.305319 -0.542195
1 1.4 0.440007 -0.365046
1 1.6 0.527098 -0.0574144
1 1.8 0.404459 0.28653
1 2 0.0625367 0.462411
1 2.2 -0.301956 0.322442
1 2.4 -0.417374 -0.0493332
1 2.6 -0.185696 -0.356004
1 2.8 0.191163 -0.334178
1 3 0.370118 -0.010647
1 3.2 0.189552 0.302553
1 3.4 -0.163727 0.303814
1 3.6 -0.33425 0.00359468
1 3.8 -0.157316 -0.283688
1 4 0.172033 -0.264207
1 4.2 0.305501 0.0296173
1 4.4 0.110424 0.278032
1 4.6 -0.193219 0.218868
1 4.8 -0.275824 -0.0727841
1 5 -0.056371 -0.273223
1 5.2 0.215485 -0.167741
1 5.4 0.240416 0.11742
1 5.6 -0.000484376 0.262364
1 5.8 -0.231997 0.111589
1 6 -0.197424 -0.157845
1 6.2 0.0562226 -0.241899
1 6.4 0.238488 -0.0523366
1 6.6 0.147062 0.189902
1 6.8 -0.107121 0.210728
1 7 -0.232655 -0.0069825
1 7.2 -0.0912052 -0.210363
1 7.4 0.14962 -0.169326
1 7.6 0.213688 0.0629935
1 7.8 0.0327195 0.217287
1 8 -0.18079 0.119689
1 8.2 -0.182293 -0.11212
1 8.4 0.0247744 -0.209853
1 8.6 0.198386 -0.0648072
1 8.8 0.140301 0.151091
1 9 -0.0775312 0.188428
1 9.2 -0.201237 0.00828933
1 9.4 -0.0905746 -0.177349
1 9.6 0.122004 -0.154608
1 9.8 0.18934 0.045926
1.2 -10 -0.112593 0.157457
1.2 -9.8 0.0943336 0.171398
1.2 -9.6 0.197478 -0.0108923
1.2 -9.4 0.0767956 -0.18465
1.2 -9.2 -0.1343 -0.151239
1.2 -9 -0.196973 0.0554176
1.2 -8.8 -0.0368885 0.203755
1.2 -8.6 0.168867 0.124175
1.2 -8.4 0.188256 -0.0980243
1.2 -8.2 -0.00462731 -0.214941
1.2 -8 -0.197179 -0.0925939
1.2 -7.8 -0.173191 0.136948
1.2 -7.6 0.0453652 0.219219
1.2 -7.4 0.21923 0.0591236
1.2 -7.2 0.154267 -0.171139
1.2 -7 -0.0832888 -0.218581
1.2 -6.8 -0.236089 -0.0266421
1.2 -6.6 -0.134807 0.200293
1.2 -6.4 0.116479 0.216056
1.2 -6.2 0.249666 -0.00156511
1.2 -6 0.118832 -0.224627
1.2 -5.8 -0.143156 -0.215646
1.2 -5.6 -0.262925 0.0215969
1.2 -5.4 -0.111825 0.244707
1.2 -5.2 0.160531 0.222801
1.2 -5 0.279205 -0.0275282
1.2 -4.8 0.121473 -0.259886
1.2 -4.6 -0.162758 -0.244359
1.2 -4.4 -0.300731 0.00886707
1.2 -4.2 -0.159389 0.264282
1.2 -4 0.135018 0.286825
1.2 -3.8 0.321559 0.054277
1.2 -3.6 0.240159 -0.23495
1.2 -3.4 -0.0410973 -0.344307
1.2 -3.2 -0.302256 -0.192961
1.2 -3 -0.357403 0.101782
1.2 -2.8 -0.183263 0.339796
1.2 -2.6 0.0979434 0.390102
1.2 -2.4 0.33268 0.256921
1.2 -2.2 0.439272 0.0372949
1.2 -2 0.43376 -0.165524
1.2 -1.8 0.391502 -0.296415
1.2 -1.6 0.398044 -0.337743
1.2 -1.4 0.505495 -0.235864
1.2 -1.2 0.572146 0.178038
1.2 -1 -0.115439 0.636053
1.2 -0.8 -0.279508 -0.639989
1.2 -0.6 -0.50205 0.559394
1.2 -0.4 -0.791336 0.114153
1.2 -0.2 0.180985 0.813124
1.2 0 0.0943317 -0.839988
1.2 0.2 0.180985 0.813124
1.2 0.4 -0.791336 0.114153
1.2 0.6 -0.50205 0.559394
1.2 0.8 -0.279508 -0.639989
1.2 1 -0.115439 0.636053
1.2 1.2 0.572146 0.178038
1.2 1.4 0.505495 -0.235864
1.2 1.6 0.398044 -0.337743
1.2 1.8 0.391502 -0.296415
1.2 2 0.43376 -0.165524
1.2 2.2 0.439272 0.0372949
1.2 2.4 0.33268 0.256921
1.2 2.6 0.0979434 0.390102
1.2 2.8 -0.183263 0.339796
1.2 3 -0.357403 0.101782
1.2 3.2 -0.302256 -0.192961
1.2 3.4 -0.0410973 -0.344307
1.2 3.6 0.240159 -0.23495
1.2 3.8 0.321559 0.054277
1.2 4 0.135018 0.286825
1.2 4.2 -0.159389 0.264282
1.2 4.4 -0.300731 0.00886707
1.2 4.6 -0.162758 -0.244359
1.2 4.8 0.121473 -0.259886
1.2 5 0.279205 -0.0275282
1.2 5.2 0.160531 0.222801
1.2 5.4 -0.111825 0.244707
1.2 5.6 -0.262925 0.0215969
1.2 5.8 -0.143156 -0.215646
1.2 6 0.118832 -0.224627
1.2 6.2 0.249666 -0.00156511
1.2 6.4 0.116479 0.216056
1.2 6.6 -0.134807 0.200293
1.2 6.8 -0.236089 -0.0266421
1.2 7 -0.0832888 -0.218581
1.2 7.2 0.154267 -0.171139
1.2 7.4 0.21923 0.0591236
1.2 7.6 0.0453652 0.219219
1.2 7.8 -0.173191 0.136948
1.2 8 -0.197179 -0.0925939
1.2 8.2 -0.00462731 -0.214941
1.2 8.4 0.188256 -0.0980243
1.2 8.6 0.168867 0.124175
1.2 8.8 -0.0368885 0.203755
1.2 9 -0.196973 0.0554176
1.2 9.2 -0.1343 -0.151239
1.2 9.4 0.0767956 -0.18465
1.2 9.6 0.197478 -0.0108923
1.2 9.8 0.0943336 0.171398
1.4 -10 -0.186989 -0.0526378
1.4 -9.8 -0.133401 0.144069
1.4 -9.6 0.0678827 0.186539
1.4 -9.4 0.199093 0.0256685
1.4 -9.2 0.115991 -0.166659
1.4 -9 -0.0949092 -0.182196
1.4 -8.8 -0.207895 -0.0010827
1.4 -8.6 -0.0997397 0.185311
1.4 -8.4 0.117698 0.177639
1.4 -8.2 0.214975 -0.0193362
1.4 -8 0.0871065 -0.200615
1.4 -7.8 -0.135505 -0.175465
1.4 -7.6 -0.2223 0.0334737
1.4 -7.4 -0.0811034 0.213127
1.4 -7.2 0.147078 0.178643
1.4 -7 0.231733 -0.0385052
1.4 -6.8 0.0853423 -0.222813
1.4 -6.6 -0.150114 -0.190418
1.4 -6.4 -0.244684 0.0301239
1.4 -6.2 -0.104757 0.227845
1.4 -6 0.139289 0.213878
1.4 -5.8 0.259962 -0.00116409
1.4 -5.6 0.145152 -0.221667
1.4 -5.4 -0.103768 -0.249499
1.4 -5.2 -0.269336 -0.0593194
1.4 -5 -0.210494 0.187284
1.4 -4.8 0.0236365 0.287086
1.4 -4.6 0.246088 0.162301
1.4 -4.4 0.288617 -0.0890197
1.4 -4.2 0.125184 -0.283327
1.4 -4 -0.126439 -0.291915
1.4 -3.8 -0.304593 -0.119235
1.4 -3.6 -0.313621 0.123048
1.4 -3.4 -0.166391 0.305072
1.4 -3.2 0.0498196 0.355622
1.4 -3 0.241492 0.282751
1.4 -2.8 0.357993 0.143989
1.4 -2.6 0.401354 0.00279029
1.4 -2.4 0.406949 -0.0979813
1.4 -2.2 0.416594 -0.134495
1.4 -2 0.452397 -0.0793009
1.4 -1.8 0.468954 0.117854
1.4 -1.6 0.258715 0.440415
1.4 -1.4 -0.376678 0.388573
1.4 -1.2 -0.207389 -0.536136
1.4 -1 0.305763 0.529308
1.4 -0.8 0.425402 -0.490234
1.4 -0.6 0.478408 -0.490993
1.4 -0.4 -0.262884 0.666643
1.4 -0.2 -0.232353 0.700271
1.4 0 0.710297 -0.225827
1.4 0.2 -0.232353 0.700271
1.4 0.4 -0.262884 0.666643
1.4 0.6 0.478408 -0.490993
1.4 0.8 0.425402 -0.490234
1.4 1 0.305763 0.529308
1.4 1.2 -0.207389 -0.536136
1.4 1.4 -0.376678 0.388573
1.4 1.6 0.258715 0.440415
1.4 1.8 0.468954 0.117854
1.4 2 0.452397 -0.0793009
1.4 2.2 0.416594 -0.134495
1.4 2.4 0.406949 -0.0979813
1.4 2.6 0.401354 0.00279029
1.4 2.8 0.357993 0.143989
1.4 3 0.241492 0.282751
1.4 3.2 0.0498196 0.355622
1.4 3.4 -0.166391 0.305072
1.4 3.6 -0.313621 0.123048
1.4 3.8 -0.304593 -0.119235
1.4 4 -0.126439 -0.291915
1.4 4.2 0.125184 -0.283327
1.4 4.4 0.288617 -0.0890197
1.4 4.6 0.246088 0.162301
1.4 4.8 0.0236365 0.287086
1.4 5 -0.210494 0.187284
1.4 5.2 -0.269336 -0.0593194
1.4 5.4 -0.103768 -0.249499
1.4 5.6 0.145152 -0.221667
1.4 5.8 0.259962 -0.00116409
1.4 6 0.139289 0.213878
1.4 6.2 -0.104757 0.227845
1.4 6.4 -0.244684 0.0301239
1.4 6.6 -0.150114 -0.190418
1.4 6.8 0.0853423 -0.222813
1.4 7 0.231733 -0.0385052
1.4 7.2 0.147078 0.178643
1.4 7.4 -0.0811034 0.213127
1.4 7.6 -0.2223 0.0334737
1.4 7.8 -0.135505 -0.175465
1.4 8 0.0871065 -0.200615
1.4 8.2 0.214975 -0.0193362
1.4 8.4 0.117698 0.177639
1.4 8.6 -0.0997397 0.185311
1.4 8.8 -0.207895 -0.0010827
1.4 9 -0.0949092 -0.182196
1.4 9.2 0.115991 -0.166659
1.4 9.4 0.199093 0.0256685
1.4 9.6 0.0678827 0.186539
1.4 9.8 -0.133401 0.144069
1.6 -10 0.0646237 -0.183893
1.6 -9.8 -0.130797 -0.147329
1.6 -9.6 -0.194565 0.0425954
1.6 -9.4 -0.0593055 0.192477
1.6 -9.2 0.139357 0.148599
1.6 -9 0.200681 -0.0470374
1.6 -8.8 0.0611835 -0.199435
1.6 -8.6 -0.142411 -0.15595
1.6 -8.4 -0.209535 0.0427877
1.6 -8.2 -0.072875 0.203996
1.6 -8 0.137466 0.171108
1.6 -7.8 0.220897 -0.0264281
1.6 -7.6 0.0973284 -0.203515
1.6 -7.4 -0.119898 -0.194926
1.6 -7.2 -0.232133 -0.00710988
1.6 -7 -0.137412 0.191587
1.6 -6.8 0.0813707 0.225204
1.6 -6.6 0.234741 0.0640669
1.6 -6.4 0.192573 -0.15532
1.6 -6.2 -0.00990406 -0.251477
1.6 -6 -0.209209 -0.147776
1.6 -5.8 -0.250337 0.073329
1.6 -5.6 -0.104616 0.244412
1.6 -5.4 0.119482 0.243371
1.6 -5.2 0.266178 0.0754996
1.6 -5 0.243003 -0.144307
1.6 -4.8 0.0719542 -0.279794
1.6 -4.6 -0.141426 -0.259575
1.6 -4.4 -0.283494 -0.106328
1.6 -4.2 -0.29546 0.0952221
1.6 -4 -0.189707 0.25606
1.6 -3.8 -0.0238469 0.326652
1.6 -3.6 0.139147 0.307018
1.6 -3.4 0.2602 0.230255
1.6 -3.2 0.330983 0.138179
1.6 -3 0.365144 0.0650596
1.6 -2.8 0.382751 0.0342644
1.6 -2.6 0.393689 0.0647181
1.6 -2.4 0.376624 0.174628
1.6 -2.2 0.251412 0.352484
1.6 -2 -0.093124 0.442846
1.6 -1.8 -0.469296 0.0670067
1.6 -1.6 0.00954676 -0.497614
1.6 -1.4 0.34687 0.391876
1.6 -1.2 -0.306294 -0.457721
1.6 -1 -0.377024 0.439662
1.6 -0.8 -0.238896 0.558463
1.6 -0.6 -0.545422 -0.322274
1.6 -0.4 -0.0389525 0.653831
1.6 -0.2 -0.589355 0.317072
1.6 0 0.448519 0.503357
1.6 0.2 -0.589355 0.317072
1.6 0.4 -0.0389525 0.653831
1.6 0.6 -0.545422 -0.322274
1.6 0.8 -0.238896 0.558463
1.6 1 -0.377024 0.439662
1.6 1.2 -0.306294 -0.457721
1.6 1.4 0.34687 0.391876
1.6 1.6 0.00954676 -0.497614
1.6 1.8 -0.469296 0.0670067
1.6 2 -0.093124 0.442846
1.6 2.2 0.251412 0.352484
1.6 2.4 0.376624 0.174628
1.6 2.6 0.393689 0.0647181
1.6 2.8 0.382751 0.0342644
1.6 3 0.365144 0.0650596
1.6 3.2 0.330983 0.138179
1.6 3.4 0.2602 0.230255
1.6 3.6 0.139147 0.307018
1.6 3.8 -0.0238469 0.326652
1.6 4 -0.189707 0.25606
1.6 4.2 -0.29546 0.0952221
1.6 4.4 -0.283494 -0.106328
1.6 4.6 -0.141426 -0.259575
1.6 4.8 0.0719542 -0.279794
1.6 5 0.243003 -0.144307
1.6 5.2 0.266178 0.0754996
1.6 5.4 0.119482 0.243371
1.6 5.6 -0.104616 0.244412
1.6 5.8 -0.250337 0.073329
1.6 6 -0.209209 -0.147776
1.6 6.2 -0.00990406 -0.251477
1.6 6.4 0.192573 -0.15532
1.6 6.6 0.234741 0.0640669
1.6 6.8 0.0813707 0.225204
1.6 7 -0.137412 0.191587
1.6 7.2 -0.232133 -0.00710988
1.6 7.4 -0.119898 -0.194926
1.6 7.6 0.0973284 -0.203515
1.6 7.8 0.220897 -0.0264281
1.6 8 0.137466 0.171108
1.6 8.2 -0.072875 0.203996
1.6 8.4 -0.209535 0.0427877
1.6 8.6 -0.142411 -0.15595
1.6 8.8 0.0611835 -0.199435
1.6 9 0.200681 -0.0470374
1.6 9.2 0.139357 0.148599
1.6 9.4 -0.0593055 0.192477
1.6 9.6 -0.194565 0.0425954
1.6 9.8 -0.130797 -0.147329
1.8 -10 0.134951 0.141418
1.8 -9.8 0.193139 -0.0417105
1.8 -9.6 0.0670241 -0.188198
1.8 -9.4 -0.125137 -0.158611
1.8 -9.2 -0.203313 0.020613
1.8 -9 -0.0941012 0.184098
1.8 -8.8 0.103534 0.181825
1.8 -8.6 0.211285 0.0149424
1.8 -8.4 0.132695 -0.168524
1.8 -8.2 -0.0639143 -0.207672
1.8 -8 -0.209265 -0.0684546
1.8 -7.8 -0.180362 0.131435
1.8 -7.6 -0.00137868 0.226277
1.8 -7.4 0.182198 0.139597
1.8 -7.2 0.225317 -0.0590761
1.8 -7 0.0960581 -0.216101
1.8 -6.8 -0.107174 -0.214948
1.8 -6.6 -0.236812 -0.0589698
1.8 -6.4 -0.204494 0.140497
1.8 -6.2 -0.0359426 0.249814
1.8 -6 0.157672 0.202768
1.8 -5.8 0.259335 0.0339668
1.8 -5.6 0.216541 -0.1554
1.8 -5.4 0.0608144 -0.264885
1.8 -5.2 -0.124031 -0.248008
1.8 -5 -0.254376 -0.124448
1.8 -4.8 -0.285928 0.0446744
1.8 -4.6 -0.222977 0.194695
1.8 -4.4 -0.102246 0.285301
1.8 -4.2 0.0321636 0.308914
1.8 -4 0.147504 0.282435
1.8 -3.8 0.229757 0.233072
1.8 -3.6 0.279758 0.187059
1.8 -3.4 0.304895 0.164758
1.8 -3.2 0.308429 0.180571
1.8 -3 0.278549 0.242183
1.8 -2.8 0.179026 0.337225
1.8 -2.6 -0.0382248 0.393716
1.8 -2.4 -0.332932 0.240177
1.8 -2.2 -0.364393 -0.222173
1.8 -2 0.231647 -0.379276
1.8 -1.8 0.23203 0.40121
1.8 -1.6 -0.399769 -0.272558
1.8 -1.4 0.298502 0.407854
1.8 -1.2 0.34339 -0.400811
1.8 -1 0.0939227 -0.542173
1.8 -0.8 0.537439 -0.195392
1.8 -0.6 -0.524208 0.273367
1.8 -0.4 -0.100805 0.598242
1.8 -0.2 -0.572141 -0.230049
1.8 0 -0.254391 0.565572
1.8 0.2 -0.572141 -0.230049
1.8 0.4 -0.100805 0.598242
1.8 0.6 -0.524208 0.273367
1.8 0.8 0.537439 -0.195392
1.8 1 0.0939227 -0.542173
1.8 1.2 0.34339 -0.400811
1.8 1.4 0.298502 0.407854
1.8 1.6 -0.399769 -0.272558
1.8 1.8 0.23203 0.40121
1.8 2 0.231647 -0.379276
1.8 2.2 -0.364393 -0.222173
1.8 2.4 -0.332932 0.240177
1.8 2.6 -0.0382248 0.393716
1.8 2.8 0.179026 0.337225
1.8 3 0.278549 0.242183
1.8 3.2 0.308429 0.180571
1.8 3.4 0.304895 0.164758
1.8 3.6 0.279758 0.187059
1.8 3.8 0.229757 0.233072
1.8 4 0.147504 0.282435
1.8 4.2 0.0321636 0.308914
1.8 4.4 -0.102246 0.285301
1.8 4.6 -0.222977 0.194695
1.8 4.8 -0.285928 0.0446744
1.8 5 -0.254376 -0.124448
1.8 5.2 -0.124031 -0.248008
1.8 5.4 0.0608144 -0.264885
1.8 5.6 0.216541 -0.1554
1.8 5.8 0.259335 0.0339668
1.8 6 0.157672 0.202768
1.8 6.2 -0.0359426 0.249814
1.8 6.4 -0.204494 0.140497
1.8 6.6 -0.236812 -0.0589698
1.8 6.8 -0.107174 -0.214948
1.8 7 0.0960581 -0.216101
1.8 7.2 0.225317 -0.0590761
1.8 7.4 0.182198 0.139597
1.8 7.6 -0.00137868 0.226277
1.8 7.8 -0.180362 0.131435
1.8 8 -0.209265 -0.0684546
1.8 8.2 -0.0639143 -0.207672
1.8 8.4 0.132695 -0.168524
1.8 8.6 0.211285 0.0149424
1.8 8.8 0.103534 0.181825
1.8 9 -0.0941012 0.184098
1.8 9.2 -0.203313 0.020613
1.8 9.4 -0.125137 -0.158611
1.8 9.6 0.0670241 -0.188198
1.8 9.8 0.193139 -0.0417105
2 -10 -0.194748 -0.0221891
2 -9.8 -0.129653 0.1498
2 -9.6 0.0495171 0.194077
2 -9.4 0.189147 0.0724548
2 -9.2 0.171302 -0.112406
2 -9 0.0109409 -0.207023
2 -8.8 -0.16099 -0.134554
2 -8.6 -0.207249 0.0464933
2 -8.4 -0.0924806 0.194172
2 -8.2 0.0945718 0.196248
2 -8 0.214351 0.0527261
2 -7.8 0.181425 -0.130968
2 -7.6 0.0213596 -0.225881
2 -7.4 -0.155279 -0.169851
2 -7.2 -0.233491 -0.00302523
2 -7 -0.167683 0.167565
2 -6.8 -0.00211559 0.24076
2 -6.6 0.165902 0.179777
2 -6.4 0.247505 0.0239145
2 -6.2 0.207939 -0.143957
2 -6 0.0744824 -0.24636
2 -5.8 -0.0886021 -0.246594
2 -5.6 -0.216667 -0.155939
2 -5.4 -0.271619 -0.0170216
2 -5.2 -0.249536 0.121619
2 -5 -0.171866 0.225333
2 -4.8 -0.0695549 0.281032
2 -4.6 0.0304013 0.294439
2 -4.4 0.111309 0.281721
2 -4.2 0.166966 0.261508
2 -4 0.196762 0.249949
2 -3.8 0.199933 0.258146
2 -3.6 0.169041 0.289765
2 -3.4 0.0869108 0.333959
2 -3.2 -0.0653934 0.349341
2 -3 -0.267874 0.250105
2 -2.8 -0.375939 -0.0429908
2 -2.6 -0.122408 -0.37158
2 -2.4 0.369345 -0.166186
2 -2.2 0.0555718 0.416034
2 -2 -0.350421 -0.258568
2 -1.8 0.413596 0.183002
2 -1.6 -0.287889 -0.371236
2 -1.4 -0.318391 0.369804
2 -1.2 -0.00663633 0.506314
2 -1 -0.306501 0.42545
2 -0.8 -0.173621 -0.512596
2 -0.6 -0.311661 0.460328
2 -0.4 -0.291414 0.486932
2 -0.2 -0.136818 -0.55831
2 0 -0.577417 -0.00143437
2 0.2 -0.136818 -0.55831
2 0.4 -0.291414 0.486932
2 0.6 -0.311661 0.460328
2 0.8 -0.173621 -0.512596
2 1 -0.306501 0.42545
2 1.2 -0.00663633 0.506314
2 1.4 -0.318391 0.369804
2 1.6 -0.287889 -0.371236
2 1.8 0.413596 0.183002
2 2 -0.350421 -0.258568
2 2.2 0.0555718 0.416034
2 2.4 0.369345 -0.166186
2 2.6 -0.122408 -0.37158
2 2.8 -0.375939 -0.0429908
2 3 -0.267874 0.250105
2 3.2 -0.0653934 0.349341
2 3.4 0.0869108 0.333959
2 3.6 0.169041 0.289765
2 3.8 0.199933 0.258146
2 4 0.196762 0.249949
2 4.2 0.166966 0.261508
2 4.4 0.111309 0.281721
2 4.6 0.0304013 0.294439
2 4.8 -0.0695549 0.281032
2 5 -0.171866 0.225333
2 5.2 -0.249536 0.121619
2 5.4 -0.271619 -0.0170216
2 5.6 -0.216667 -0.155939
2 5.8 -0.0886021 -0.246594
2 6 0.0744824 -0.24636
2 6.2 0.207939 -0.143957
2 6.4 0.247505 0.0239145
2 6.6 0.165902 0.179777
2 6.8 -0.00211559 0.24076
2 7 -0.167683 0.167565
2 7.2 -0.233491 -0.00302523
2 7.4 -0.155279 -0.169851
2 7.6 0.0213596 -0.225881
2 7.8 0.181425 -0.130968
2 8 0.214351 0.0527261
2 8.2 0.0945718 0.196248
2 8.4 -0.0924806 0.194172
2 8.6 -0.207249 0.0464933
2 8.8 -0.16099 -0.134554
2 9 0.0109409 -0.207023
2 9.2 0.171302 -0.112406
2 9.4 0.189147 0.0724548
2 9.6 0.0495171 0.194077
2 9.8 -0.129653 0.1498
2.2 -10 0.193254 -0.035385
2.2 -9.8 0.0912572 -0.176388
2.2 -9.6 -0.0827457 -0.18295
2.2 -9.4 -0.19651 -0.0511244
2.2 -9.2 -0.166474 0.120277
2.2 -9 -0.0159876 0.20717
2.2 -8.8 0.147617 0.149765
2.2 -8.6 0.212633 -0.0103641
2.2 -8.4 0.138162 -0.165486
2.2 -8.2 -0.025022 -0.216923
2.2 -8 -0.174434 -0.136083
2.2 -7.8 -0.222808 0.0251935
2.2 -7.6 -0.146975 0.173461
2.2 -7.4 0.00710935 0.230505
2.2 -7.2 0.158011 0.17258
2.2 -7 0.235038 0.0340774
2.2 -6.8 0.209988 -0.118618
2.2 -6.6 0.101764 -0.222901
2.2 -6.4 -0.0415146 -0.245554
2.2 -6.2 -0.168453 -0.189066
2.2 -6 -0.244429 -0.0814623
2.2 -5.8 -0.259062 0.0408882
2.2 -5.6 -0.22231 0.148066
2.2 -5.4 -0.154755 0.223976
2.2 -5.2 -0.0778565 0.266471
2.2 -5 -0.00806646 0.283185
2.2 -4.8 0.0446014 0.28586
2.2 -4.6 0.075177 0.285954
2.2 -4.4 0.080049 0.291642
2.2 -4.2 0.0540873 0.304818
2.2 -4 -0.0107968 0.316984
2.2 -3.8 -0.119824 0.302388
2.2 -3.6 -0.25595 0.214319
2.2 -3.4 -0.342875 0.00829564
2.2 -3.2 -0.232087 -0.265673
2.2 -3 0.140175 -0.335096
2.2 -2.8 0.365591 0.0806145
2.2 -2.6 -0.137503 0.360892
2.2 -2.4 -0.249015 -0.311463
2.2 -2.2 0.391851 0.127662
2.2 -2 -0.409786 -0.116996
2.2 -1.8 0.276597 0.343271
2.2 -1.6 0.298974 -0.344252
2.2 -1.4 -0.0473213 -0.468953
2.2 -1.2 0.0942731 -0.477313
2.2 -1 0.487261 0.117036
2.2 -0.8 -0.499064 -0.125075
2.2 -0.6 -0.231636 0.472217
2.2 -0.4 -0.473637 0.248416
2.2 -0.2 0.370357 -0.393616
2.2 0 -0.220017 -0.495666
2.2 0.2 0.370357 -0.393616
2.2 0.4 -0.473637 0.248416
2.2 0.6 -0.231636 0.472217
2.2 0.8 -0.499064 -0.125075
2.2 1 0.487261 0.117036
2.2 1.2 0.0942731 -0.477313
2.2 1.4 -0.0473213 -0.468953
2.2 1.6 0.298974 -0.344252
2.2 1.8 0.276597 0.343271
2.2 2 -0.409786 -0.116996
2.2 2.2 0.391851 0.127662
2.2 2.4 -0.249015 -0.311463
2.2 2.6 -0.137503 0.360892
2.2 2.8 0.365591 0.0806145
2.2 3 0.140175 -0.335096
2.2 3.2 -0.232087 -0.265673
2.2 3.4 -0.342875 0.00829564
2.2 3.6 -0.25595 0.214319
2.2 3.8 -0.119824 0.302388
2.2 4 -0.0107968 0.316984
2.2 4.2 0.0540873 0.304818
2.2 4.4 0.080049 0.291642
2.2 4.6 0.075177 0.285954
2.2 4.8 0.0446014 0.28586
2.2 5 -0.00806646 0.283185
2.2 5.2 -0.0778565 0.266471
2.2 5.4 -0.154755 0.223976
2.2 5.6 -0.22231 0.148066
2.2 5.8 -0.259062 0.0408882
2.2 6 -0.244429 -0.0814623
2.2 6.2 -0.168453 -0.189066
2.2 6.4 -0.0415146 -0.245554
2.2 6.6 0.101764 -0.222901
2.2 6.8 0.209988 -0.118618
2.2 7 0.235038 0.0340774
2.2 7.2 0.158011 0.17258
2.2 7.4 0.00710935 0.230505
2.2 7.6 -0.146975 0.173461
2.2 7.8 -0.222808 0.0251935
2.2 8 -0.174434 -0.136083
2.2 8.2 -0.025022 -0.216923
2.2 8.4 0.138162 -0.165486
2.2 8.6 0.212633 -0.0103641
2.2 8.8 0.147617 0.149765
2.2 9 -0.0159876 0.20717
2.2 9.2 -0.166474 0.120277
2.2 9.4 -0.19651 -0.0511244
2.2 9.6 -0.0827457 -0.18295
2.2 9.8 0.0912572 -0.176388
2.4 -10 -0.196285 0.015411
2.4 -9.8 -0.119863 0.158857
2.4 -9.6 0.0373933 0.197686
2.4 -9.4 0.171942 0.108771
2.4 -9.2 0.199843 -0.0491792
2.4 -9 0.10698 -0.178644
2.4 -8.8 -0.0488499 -0.204979
2.4 -8.6 -0.178317 -0.117032
2.4 -8.4 -0.213324 0.0336658
2.4 -8.2 -0.140431 0.167719
2.4 -8 -0.000343802 0.221638
2.4 -7.8 0.139612 0.175965
2.4 -7.6 0.220473 0.0569518
2.4 -7.4 0.215507 -0.0829858
2.4 -7.2 0.134632 -0.191764
2.4 -7 0.0125305 -0.237474
2.4 -6.8 -0.109862 -0.214986
2.4 -6.6 -0.200938 -0.140583
2.4 -6.4 -0.245907 -0.0405398
2.4 -6.2 -0.246154 0.0600316
2.4 -6 -0.213673 0.144079
2.4 -5.8 -0.164323 0.204444
2.4 -5.6 -0.112641 0.24215
2.4 -5.4 -0.0695751 0.263059
2.4 -5.2 -0.0424978 0.274135
2.4 -5 -0.03632 0.280625
2.4 -4.8 -0.0553081 0.28352
2.4 -4.6 -0.102802 0.276543
2.4 -4.4 -0.177864 0.24356
2.4 -4.2 -0.264615 0.15855
2.4 -4 -0.315781 -0.000764472
2.4 -3.8 -0.246333 -0.209766
2.4 -3.6 0.00689579 -0.331672
2.4 -3.4 0.305926 -0.149397
2.4 -3.2 0.222284 0.26996
2.4 -3 -0.287026 0.216392
2.4 -2.8 -0.102843 -0.355189
2.4 -2.6 0.341853 0.167555
2.4 -2.4 -0.391521 -0.0227297
2.4 -2.2 0.39831 0.0683958
2.4 -2 -0.265515 -0.3211
2.4 -1.8 -0.283462 0.322693
2.4 -1.6 0.0814806 0.435008
2.4 -1.4 0.0575397 0.451952
2.4 -1.2 -0.40759 0.230593
2.4 -1 0.185288 -0.443155
2.4 -0.8 -0.461181 0.168813
2.4 -0.6 -0.270141 0.421005
2.4 -0.4 -0.498234 -0.094886
2.4 -0.2 0.500045 0.107564
2.4 0 0.343202 -0.381345
2.4 0.2 0.500045 0.107564
2.4 0.4 -0.498234 -0.094886
2.4 0.6 -0.270141 0.421005
2.4 0.8 -0.461181 0.168813
2.4 1 0.185288 -0.443155
2.4 1.2 -0.40759 0.230593
2.4 1.4 0.0575397 0.451952
2.4 1.6 0.0814806 0.435008
2.4 1.8 -0.283462 0.322693
2.4 2 -0.265515 -0.3211
2.4 2.2 0.39831 0.0683958
2.4 2.4 -0.391521 -0.0227297
2.4 2.6 0.341853 0.167555
2.4 2.8 -0.102843 -0.355189
2.4 3 -0.287026 0.216392
2.4 3.2 0.222284 0.26996
2.4 3.4 0.305926 -0.149397
2.4 3.6 0.00689579 -0.331672
2.4 3.8 -0.246333 -0.209766
2.4 4 -0.315781 -0.000764472
2.4 4.2 -0.264615 0.15855
2.4 4.4 -0.177864 0.24356
2.4 4.6 -0.102802 0.276543
2.4 4.8 -0.0553081 0.28352
2.4 5 -0.03632 0.280625
2.4 5.2 -0.0424978 0.274135
2.4 5.4 -0.0695751 0.263059
2.4 5.6 -0.112641 0.24215
2.4 5.8 -0.164323 0.204444
2.4 6 -0.213673 0.144079
2.4 6.2 -0.246154 0.0600316
2.4 6.4 -0.245907 -0.0405398
2.4 6.6 -0.200938 -0.140583
2.4 6.8 -0.109862 -0.214986
2.4 7 0.0125305 -0.237474
2.4 7.2 0.134632 -0.191764
2.4 7.4 0.215507 -0.0829858
2.4 7.6 0.220473 0.0569518
2.4 7.8 0.139612 0.175965
2.4 8 -0.000343802 0.221638
2.4 8.2 -0.140431 0.167719
2.4 8.4 -0.213324 0.0336658
2.4 8.6 -0.178317 -0.117032
2.4 8.8 -0.0488499 -0.204979
2.4 9 0.10698 -0.178644
2.4 9.2 0.199843 -0.0491792
2.4 9.4 0.171942 0.108771
2.4 9.6 0.0373933 0.197686
2.4 9.8 -0.119863 0.158857
2.6 -10 0.180352 0.0798797
2.6 -9.8 0.186919 -0.0693826
2.6 -9.6 0.0892579 -0.18073
2.6 -9.4 -0.0565663 -0.195813
2.6 -9.2 -0.173846 -0.110775
2.6 -9 -0.206619 0.028283
2.6 -8.8 -0.144102 0.154189
2.6 -8.6 -0.0192137 0.212764
2.6 -8.4 0.112755 0.184576
2.6 -8.2 0.201005 0.0870321
2.6 -8 0.218357 -0.0394533
2.6 -7.8 0.166421 -0.151234
2.6 -7.6 0.0684614 -0.21744
2.6 -7.4 -0.0436766 -0.226987
2.6 -7.2 -0.141832 -0.186704
2.6 -7 -0.208798 -0.114112
2.6 -6.8 -0.239793 -0.0291894
2.6 -6.6 -0.239788 0.0517474
2.6 -6.4 -0.219098 0.118814
2.6 -6.2 -0.189268 0.168437
2.6 -6 -0.160421 0.2016
2.6 -5.8 -0.140382 0.221381
2.6 -5.6 -0.134718 0.230357
2.6 -5.4 -0.146925 0.228629
2.6 -5.2 -0.178304 0.21194
2.6 -5 -0.225191 0.170359
2.6 -4.8 -0.27365 0.0900809
2.6 -4.6 -0.291592 -0.0380588
2.6 -4.4 -0.22793 -0.195685
2.6 -4.2 -0.0409966 -0.304295
2.6 -4 0.216339 -0.227709
2.6 -3.8 0.309864 0.0857734
2.6 -3.6 0.0024298 0.329289
2.6 -3.4 -0.337187 0.0147041
2.6 -3.2 0.0671079 -0.339604
2.6 -3 0.260446 0.241682
2.6 -2.8 -0.363389 -0.0330325
2.6 -2.6 0.370547 -0.0567526
2.6 -2.4 -0.383937 -0.0322244
2.6 -2.2 0.254914 0.303173
2.6 -2 0.270693 -0.304116
2.6 -1.8 -0.10348 -0.405465
2.6 -1.6 -0.157633 -0.399802
2.6 -1.4 0.202613 -0.391567
2.6 -1.2 0.288224 0.347672
2.6 -1 -0.25824 -0.382485
2.6 -0.8 -0.375665 0.283053
2.6 -0.6 -0.365547 0.307549
2.6 -0.4 -0.281733 -0.392725
2.6 -0.2 0.147532 0.463897
2.6 0 0.464356 0.149966
2.6 0.2 0.147532 0.463897
2.6 0.4 -0.281733 -0.392725
2.6 0.6 -0.365547 0.307549
2.6 0.8 -0.375665 0.283053
2.6 1 -0.25824 -0.382485
2.6 1.2 0.288224 0.347672
2.6 1.4 0.202613 -0.391567
2.6 1.6 -0.157633 -0.399802
2.6 1.8 -0.10348 -0.405465
2.6 2 0.270693 -0.304116
2.6 2.2 0.254914 0.303173
2.6 2.4 -0.383937 -0.0322244
2.6 2.6 0.370547 -0.0567526
2.6 2.8 -0.363389 -0.0330325
2.6 3 0.260446 0.241682
2.6 3.2 0.0671079 -0.339604
2.6 3.4 -0.337187 0.0147041
2.6 3.6 0.0024298 0.329289
2.6 3.8 0.309864 0.0857734
2.6 4 0.216339 -0.227709
2.6 4.2 -0.0409966 -0.304295
2.6 4.4 -0.22793 -0.195685
2.6 4.6 -0.291592 -0.0380588
2.6 4.8 -0.27365 0.0900809
2.6 5 -0.225191 0.170359
2.6 5.2 -0.178304 0.21194
2.6 5.4 -0.146925 0.228629
2.6 5.6 -0.134718 0.230357
2.6 5.8 -0.140382 0.221381
2.6 6 -0.160421 0.2016
2.6 6.2 -0.189268 0.168437
2.6 6.4 -0.219098 0.118814
2.6 6.6 -0.239788 0.0517474
2.6 6.8 -0.239793 -0.0291894
2.6 7 -0.208798 -0.114112
2.6 7.2 -0.141832 -0.186704
2.6 7.4 -0.0436766 -0.226987
2.6 7.6 0.0684614 -0.21744
2.6 7.8 0.166421 -0.151234
2.6 8 0.218357 -0.0394533
2.6 8.2 0.201005 0.0870321
2.6 8.4 0.112755 0.184576
2.6 8.6 -0.0192137 0.212764
2.6 8.8 -0.144102 0.154189
2.6 9 -0.206619 0.028283
2.6 9.2 -0.173846 -0.110775
2.6 9.4 -0.0565663 -0.195813
2.6 9.6 0.0892579 -0.18073
2.6 9.8 0.186919 -0.0693826
2.8 -10 -0.0527398 -0.190381
2.8 -9.8 -0.163773 -0.114199
2.8 -9.6 -0.201427 0.0128746
2.8 -9.4 -0.153918 0.134032
2.8 -9.2 -0.0456857 0.201308
2.8 -9 0.0784714 0.193516
2.8 -8.8 0.174218 0.119538
2.8 -8.6 0.21364 0.00919031
2.8 -8.4 0.191252 -0.10145
2.8 -8.2 0.120533 -0.183143
2.8 -8 0.0250043 -0.220672
2.8 -7.8 -0.0713005 -0.213418
2.8 -7.6 -0.150581 -0.171294
2.8 -7.4 -0.203999 -0.108931
2.8 -7.2 -0.23102 -0.0405694
2.8 -7 -0.236851 0.023036
2.8 -6.8 -0.229434 0.0755417
2.8 -6.6 -0.216977 0.114386
2.8 -6.4 -0.206501 0.139382
2.8 -6.2 -0.203287 0.150928
2.8 -6 -0.210426 0.148278
2.8 -5.8 -0.22809 0.128509
2.8 -5.6 -0.252133 0.0860796
2.8 -5.4 -0.270834 0.0144286
2.8 -5.2 -0.26195 -0.0877397
2.8 -5 -0.193884 -0.204126
2.8 -4.8 -0.0425455 -0.283888
2.8 -4.6 0.165128 -0.241881
2.8 -4.4 0.298206 -0.0215487
2.8 -4.2 0.165678 0.256519
2.8 -4 -0.19766 0.241541
2.8 -3.8 -0.265637 -0.176855
2.8 -3.6 0.217475 -0.243516
2.8 -3.4 0.139221 0.303889
2.8 -3.2 -0.328229 -0.0975023
2.8 -3 0.342688 -0.0753116
2.8 -2.8 -0.340683 0.115291
2.8 -2.6 0.368808 0.00501818
2.8 -2.4 -0.244946 -0.288298
2.8 -2.2 -0.260015 0.287966
2.8 -2 0.117662 0.380082
2.8 -1.8 0.221137 0.342562
2.8 -1.6 -0.00806637 0.417514
2.8 -1.4 -0.427068 -0.00895329
2.8 -1.2 0.393458 -0.188308
2.8 -1 -0.422671 -0.137748
2.8 -0.8 -0.34294 0.294325
2.8 -0.6 -0.442822 0.116759
2.8 -0.4 0.0938265 -0.452906
2.8 -0.2 -0.320627 0.337221
2.8 0 0.0501821 0.463524
2.8 0.2 -0.320627 0.337221
2.8 0.4 0.0938265 -0.452906
2.8 0.6 -0.442822 0.116759
2.8 0.8 -0.34294 0.294325
2.8 1 -0.422671 -0.137748
2.8 1.2 0.393458 -0.188308
2.8 1.4 -0.427068 -0.00895329
2.8 1.6 -0.00806637 0.417514
2.8 1.8 0.221137 0.342562
2.8 2 0.117662 0.380082
2.8 2.2 -0.260015 0.287966
2.8 2.4 -0.244946 -0.288298
2.8 2.6 0.368808 0.00501818
2.8 2.8 -0.340683 0.115291
2.8 3 0.342688 -0.0753116
2.8 3.2 -0.328229 -0.0975023
2.8 3.4 0.139221 0.303889
2.8 3.6 0.217475 -0.243516
2.8 3.8 -0.265637 -0.176855
2.8 4 -0.19766 0.241541
2.8 4.2 0.165678 0.256519
2.8 4.4 0.298206 -0.0215487
2.8 4.6 0.165128 -0.241881
2.8 4.8 -0.0425455 -0.283888
2.8 5 -0.193884 -0.204126
2.8 5.2 -0.26195 -0.0877397
2.8 5.4 -0.270834 0.0144286
2.8 5.6 -0.252133 0.0860796
2.8 5.8 -0.22809 0.128509
2.8 6 -0.210426 0.148278
2.8 6.2 -0.203287 0.150928
2.8 6.4 -0.206501 0.139382
2.8 6.6 -0.216977 0.114386
2.8 6.8 -0.229434 0.0755417
2.8 7 -0.236851 0.023036
2.8 7.2 -0.23102 -0.0405694
2.8 7.4 -0.203999 -0.108931
2.8 7.6 -0.150581 -0.171294
2.8 7.8 -0.0713005 -0.213418
2.8 8 0.0250043 -0.220672
2.8 8.2 0.120533 -0.183143
2.8 8.4 0.191252 -0.10145
2.8 8.6 0.21364 0.00919031
2.8 8.8 0.174218 0.119538
2.8 9 0.0784714 0.193516
2.8 9.2 -0.0456857 0.201308
2.8 9.4 -0.153918 0.134032
2.8 9.6 -0.201427 0.0128746
2.8 9.8 -0.163773 -0.114199
3 -10 -0.166031 0.107491
3 -9.8 -0.0764233 0.184719
3 -9.6 0.0380219 0.198464
3 -9.4 0.138833 0.149879
3 -9.2 0.197918 0.0592609
3 -9 0.204177 -0.0445799
3 -8.8 0.162789 -0.134964
3 -8.6 0.0895744 -0.194358
3 -8.4 0.00382316 -0.21659
3 -8.2 -0.0776457 -0.205134
3 -8 -0.143816 -0.169338
3 -7.8 -0.190174 -0.120432
3 -7.6 -0.217574 -0.0685501
3 -7.4 -0.230273 -0.0212286
3 -7.2 -0.233925 0.0167935
3 -7 -0.234012 0.0429583
3 -6.8 -0.234867 0.0558832
3 -6.6 -0.239024 0.0542032
3 -6.4 -0.246329 0.0357782
3 -6.2 -0.252844 -0.00211766
3 -6 -0.249541 -0.0614384
3 -5.8 -0.221047 -0.139329
3 -5.6 -0.1482 -0.220608
3 -5.4 -0.0187523 -0.269823
3 -5.2 0.148168 -0.232086
3 -5 0.272601 -0.0661175
3 -4.8 0.224604 0.176802
3 -4.6 -0.0452435 0.287941
3 -4.4 -0.292313 0.0542346
3 -4.2 -0.0988304 -0.286875
3 -4 0.298783 -0.0819424
3 -3.8 -0.0106912 0.316304
3 -3.6 -0.266871 -0.182838
3 -3.4 0.328945 -0.0349174
3 -3.2 -0.300463 0.155544
3 -3 0.308167 -0.157714
3 -2.8 -0.353987 0.0155915
3 -2.6 0.23555 0.275782
3 -2.4 0.250889 -0.273645
3 -2.2 -0.126775 -0.358226
3 -2 -0.260264 -0.288778
3 -1.8 -0.136939 -0.373215
3 -1.6 0.31811 -0.252421
3 -1.4 0.00780714 0.414261
3 -1.2 0.058849 -0.417985
3 -1 -0.427575 0.0370363
3 -0.8 -0.361275 0.242843
3 -0.6 -0.421596 -0.127083
3 -0.4 0.392071 -0.208609
3 -0.2 -0.430194 -0.11937
3 0 -0.386306 0.225351
3 0.2 -0.430194 -0.11937
3 0.4 0.392071 -0.208609
3 0.6 -0.421596 -0.127083
3 0.8 -0.361275 0.242843
3 1 -0.427575 0.0370363
3 1.2 0.058849 -0.417985
3 1.4 0.00780714 0.414261
3 1.6 0.31811 -0.252421
3 1.8 -0.136939 -0.373215
3 2 -0.260264 -0.288778
3 2.2 -0.126775 -0.358226
3 2.4 0.250889 -0.273645
3 2.6 0.23555 0.275782
3 2.8 -0.353987 0.0155915
3 3 0.308167 -0.157714
3 3.2 -0.300463 0.155544
3 3.4 0.328945 -0.0349174
3 3.6 -0.266871 -0.182838
3 3.8 -0.0106912 0.316304
3 4 0.298783 -0.0819424
3 4.2 -0.0988304 -0.286875
3 4.4 -0.292313 0.0542346
3 4.6 -0.0452435 0.287941
3 4.8 0.224604 0.176802
3 5 0.272601 -0.0661175
3 5.2 0.148168 -0.232086
3 5.4 -0.0187523 -0.269823
3 5.6 -0.1482 -0.220608
3 5.8 -0.221047 -0.139329
3 6 -0.249541 -0.0614384
3 6.2 -0.252844 -0.00211766
3 6.4 -0.246329 0.0357782
3 6.6 -0.239024 0.0542032
3 6.8 -0.234867 0.0558832
3 7 -0.234012 0.0429583
3 7.2 -0.233925 0.0167935
3 7.4 -0.230273 -0.0212286
3 7.6 -0.217574 -0.0685501
3 7.8 -0.190174 -0.120432
3 8 -0.143816 -0.169338
3 8.2 -0.0776457 -0.205134
3 8.4 0.00382316 -0.21659
3 8.6 0.0895744 -0.194358
3 8.8 0.162789 -0.134964
3 9 0.204177 -0.0445799
3 9.2 0.197918 0.0592609
3 9.4 0.138833 0.149879
3 9.6 0.0380219 0.198464
3 9.8 -0.0764233 0.184719
3.2 -10 0.0950661 0.173644
3.2 -9.8 0.169491 0.10627
3.2 -9.6 0.201626 0.0153821
3.2 -9.4 0.189853 -0.0758595
3.2 -9.2 0.142991 -0.149329
3.2 -9 0.0752094 -0.195117
3.2 -8.8 0.00108741 -0.21154
3.2 -8.6 -0.0678226 -0.203043
3.2 -8.4 -0.124527 -0.177342
3.2 -8.2 -0.166515 -0.142859
3.2 -8 -0.194711 -0.107008
3.2 -7.8 -0.212037 -0.0754656
3.2 -7.6 -0.22203 -0.0521753
3.2 -7.4 -0.227737 -0.0397581
3.2 -7.2 -0.230926 -0.0400831
3.2 -7 -0.231335 -0.0547357
3.2 -6.8 -0.22579 -0.0848112
3.2 -6.6 -0.207637 -0.129597
3.2 -6.4 -0.166925 -0.184084
3.2 -6.2 -0.0926512 -0.234764
3.2 -6 0.019522 -0.255652
3.2 -5.8 0.153109 -0.210904
3.2 -5.6 0.254495 -0.0738314
3.2 -5.4 0.236989 0.12845
3.2 -5.2 0.0450331 0.270603
3.2 -5 -0.216439 0.176493
3.2 -4.8 -0.246203 -0.142443
3.2 -4.6 0.0952446 -0.273713
3.2 -4.4 0.278868 0.0974292
3.2 -4.2 -0.156999 0.257123
3.2 -4 -0.167609 -0.257619
3.2 -3.8 0.311099 0.0402452
3.2 -3.6 -0.288671 0.138721
3.2 -3.4 0.249601 -0.211355
3.2 -3.2 -0.276156 0.188086
3.2 -3 0.339981 -0.0313155
3.2 -2.8 -0.226764 -0.265138
3.2 -2.6 -0.243055 0.260866
3.2 -2.4 0.13241 0.33943
3.2 -2.2 0.283344 0.241277
3.2 -2 0.232245 0.300786
3.2 -1.8 -0.126116 0.366618
3.2 -1.6 -0.32271 -0.228206
3.2 -1.4 0.386166 0.113203
3.2 -1.2 -0.219862 -0.344996
3.2 -1 -0.399132 0.114202
3.2 -0.8 -0.397601 0.136438
3.2 -0.6 -0.25414 -0.34015
3.2 -0.4 0.389118 0.177685
3.2 -0.2 -0.089033 -0.420396
3.2 0 -0.349695 -0.25088
3.2 0.2 -0.089033 -0.420396
3.2 0.4 0.389118 0.177685
3.2 0.6 -0.25414 -0.34015
3.2 0.8 -0.397601 0.136438
3.2 1 -0.399132 0.114202
3.2 1.2 -0.219862 -0.344996
3.2 1.4 0.386166 0.113203
3.2 1.6 -0.32271 -0.228206
3.2 1.8 -0.126116 0.366618
3.2 2 0.232245 0.300786
3.2 2.2 0.283344 0.241277
3.2 2.4 0.13241 0.33943
3.2 2.6 -0.243055 0.260866
3.2 2.8 -0.226764 -0.265138
3.2 3 0.339981 -0.0313155
3.2 3.2 -0.276156 0.188086
3.2 3.4 0.249601 -0.211355
3.2 3.6 -0.288671 0.138721
3.2 3.8 0.311099 0.0402452
3.2 4 -0.167609 -0.257619
3.2 4.2 -0.156999 0.257123
3.2 4.4 0.278868 0.0974292
3.2 4.6 0.0952446 -0.273713
3.2 4.8 -0.246203 -0.142443
3.2 5 -0.216439 0.176493
3.2 5.2 0.0450331 0.270603
3.2 5.4 0.236989 0.12845
3.2 5.6 0.254495 -0.0738314
3.2 5.8 0.153109 -0.210904
3.2 6 0.019522 -0.255652
3.2 6.2 -0.0926512 -0.234764
3.2 6.4 -0.166925 -0.184084
3.2 6.6 -0.207637 -0.129597
3.2 6.8 -0.22579 -0.0848112
3.2 7 -0.231335 -0.0547357
3.2 7.2 -0.230926 -0.0400831
3.2 7.4 -0.227737 -0.0397581
3.2 7.6 -0.22203 -0.0521753
3.2 7.8 -0.212037 -0.0754656
3.2 8 -0.194711 -0.107008
3.2 8.2 -0.166515 -0.142859
3.2 8.4 -0.124527 -0.177342
3.2 8.6 -0.0678226 -0.203043
3.2 8.8 0.00108741 -0.21154
3.2 9 0.0752094 -0.195117
3.2 9.2 0.142991 -0.149329
3.2 9.4 0.189853 -0.0758595
3.2 9.6 0.201626 0.0153821
3.2 9.8 0.169491 0.10627
3.4 -10 0.197787 -0.0109651
3.4 -9.8 0.178945 -0.0897343
3.4 -9.6 0.134378 -0.15126
3.4 -9.4 0.0755384 -0.190069
3.4 -9.2 0.013154 -0.206385
3.4 -9 -0.0447039 -0.204332
3.4 -8.8 -0.0932765 -0.189935
3.4 -8.6 -0.130812 -0.169495
3.4 -8.4 -0.157713 -0.148576
3.4 -8.2 -0.175491 -0.131596
3.4 -8 -0.185764 -0.121787
3.4 -7.8 -0.189454 -0.121335
3.4 -7.6 -0.186156 -0.131492
3.4 -7.4 -0.173574 -0.152385
3.4 -7.2 -0.147232 -0.182064
3.4 -7 -0.101154 -0.214772
3.4 -6.8 -0.0301342 -0.2389
3.4 -6.6 0.0652243 -0.235462
3.4 -6.4 0.169624 -0.180868
3.4 -6.2 0.244558 -0.0598157
3.4 -6 0.231316 0.109025
3.4 -5.8 0.0863421 0.245038
3.4 -5.6 -0.143407 0.221764
3.4 -5.4 -0.268184 -0.0129157
3.4 -5.2 -0.0894408 -0.258048
3.4 -5 0.235772 -0.147022
3.4 -4.8 0.161738 0.232028
3.4 -4.6 -0.256728 0.13046
3.4 -4.4 -0.0360029 -0.291158
3.4 -4.2 0.268696 0.13102
3.4 -4 -0.292259 0.0862068
3.4 -3.8 0.227883 -0.211182
3.4 -3.6 -0.197459 0.247808
3.4 -3.4 0.246137 -0.209544
3.4 -3.2 -0.326971 0.0433843
3.4 -3 0.218563 0.255939
3.4 -2.8 0.236185 -0.249367
3.4 -2.6 -0.135719 -0.32311
3.4 -2.4 -0.296032 -0.200398
3.4 -2.2 -0.288656 -0.222699
3.4 -2 -0.0532458 -0.367718
3.4 -1.8 0.373357 -0.0618754
3.4 -1.6 -0.239863 0.301201
3.4 -1.4 0.3004 -0.250794
3.4 -1.2 -0.343735 -0.198869
3.4 -1 -0.384274 0.118989
3.4 -0.8 -0.406285 -0.0190727
3.4 -0.6 0.0259899 -0.409544
3.4 -0.4 0.079419 0.405349
3.4 -0.2 0.322463 -0.260765
3.4 0 0.0832792 -0.406825
3.4 0.2 0.322463 -0.260765
3.4 0.4 0.079419 0.405349
3.4 0.6 0.0259899 -0.409544
3.4 0.8 -0.406285 -0.0190727
3.4 1 -0.384274 0.118989
3.4 1.2 -0.343735 -0.198869
3.4 1.4 0.3004 -0.250794
3.4 1.6 -0.239863 0.301201
3.4 1.8 0.373357 -0.0618754
3.4 2 -0.0532458 -0.367718
3.4 2.2 -0.288656 -0.222699
3.4 2.4 -0.296032 -0.200398
3.4 2.6 -0.135719 -0.32311
3.4 2.8 0.236185 -0.249367
3.4 3 0.218563 0.255939
3.4 3.2 -0.326971 0.0433843
3.4 3.4 0.246137 -0.209544
3.4 3.6 -0.197459 0.247808
3.4 3.8 0.227883 -0.211182
3.4 4 -0.292259 0.0862068
3.4 4.2 0.268696 0.13102
3.4 4.4 -0.0360029 -0.291158
3.4 4.6 -0.256728 0.13046
3.4 4.8 0.161738 0.232028
3.4 5 0.235772 -0.147022
3.4 5.2 -0.0894408 -0.258048
3.4 5.4 -0.268184 -0.0129157
3.4 5.6 -0.143407 0.221764
3.4 5.8 0.0863421 0.245038
3.4 6 0.231316 0.109025
3.4 6.2 0.244558 -0.0598157
3.4 6.4 0.169624 -0.180868
3.4 6.6 0.0652243 -0.235462
3.4 6.8 -0.0301342 -0.2389
3.4 7 -0.101154 -0.214772
3.4 7.2 -0.147232 -0.182064
3.4 7.4 -0.173574 -0.152385
3.4 7.6 -0.186156 -0.131492
3.4 7.8 -0.189454 -0.121335
3.4 8 -0.185764 -0.121787
3.4 8.2 -0.175491 -0.131596
3.4 8.4 -0.157713 -0.148576
3.4 8.6 -0.130812 -0.169495
3.4 8.8 -0.0932765 -0.189935
3.4 9 -0.0447039 -0.204332
3.4 9.2 0.013154 -0.206385
3.4 9.4 0.0755384 -0.190069
3.4 9.6 0.134378 -0.15126
3.4 9.8 0.178945 -0.0897343
3.6 -10 0.136013 -0.144128
3.6 -9.8 0.0876666 -0.180023
3.6 -9.6 0.0369491 -0.198967
3.6 -9.4 -0.0102577 -0.20432
3.6 -9.2 -0.0503682 -0.20062
3.6 -9 -0.0817604 -0.192527
3.6 -8.8 -0.10412 -0.184165
3.6 -8.6 -0.117678 -0.178794
3.6 -8.4 -0.122517 -0.178637
3.6 -8.2 -0.118052 -0.184747
3.6 -8 -0.102702 -0.196758
3.6 -7.8 -0.0738388 -0.212293
3.6 -7.6 -0.0284566 -0.225896
3.6 -7.4 0.0348223 -0.228023
3.6 -7.2 0.112202 -0.205077
3.6 -7 0.189631 -0.142155
3.6 -6.8 0.238201 -0.0318041
3.6 -6.6 0.217584 0.109892
3.6 -6.4 0.0975724 0.227303
3.6 -6.2 -0.097086 0.231519
3.6 -6 -0.246482 0.0649926
3.6 -5.8 -0.183821 -0.182305
3.6 -5.6 0.09825 -0.243961
3.6 -5.4 0.265047 0.0345705
3.6 -5.2 -0.00935322 0.271539
3.6 -5 -0.274609 -0.030743
3.6 -4.8 0.103351 -0.261393
3.6 -4.6 0.189369 0.214403
3.6 -4.4 -0.291059 0.00802395
3.6 -4.2 0.235071 -0.180612
3.6 -4 -0.160238 0.255892
3.6 -3.8 0.147911 -0.269653
3.6 -3.6 -0.218718 0.224434
3.6 -3.4 0.314984 -0.0526736
3.6 -3.2 -0.21087 -0.247894
3.6 -3 -0.230114 0.238885
3.6 -2.8 0.137319 0.308861
3.6 -2.6 0.301885 0.165728
3.6 -2.4 0.317402 0.149457
3.6 -2.2 0.185459 0.305262
3.6 -2 -0.247281 0.266412
3.6 -1.8 -0.117688 -0.350331
3.6 -1.6 0.196911 0.319667
3.6 -1.4 0.0510745 -0.377478
3.6 -1.2 -0.375355 -0.0899469
3.6 -1 -0.384097 0.0704349
3.6 -0.8 -0.342299 -0.195798
3.6 -0.6 0.291798 -0.269841
3.6 -0.4 -0.281478 0.283823
3.6 -0.2 0.365269 0.165801
3.6 0 0.392069 -0.087026
3.6 0.2 0.365269 0.165801
3.6 0.4 -0.281478 0.283823
3.6 0.6 0.291798 -0.269841
3.6 0.8 -0.342299 -0.195798
3.6 1 -0.384097 0.0704349
3.6 1.2 -0.375355 -0.0899469
3.6 1.4 0.0510745 -0.377478
3.6 1.6 0.196911 0.319667
3.6 1.8 -0.117688 -0.350331
3.6 2 -0.247281 0.266412
3.6 2.2 0.185459 0.305262
3.6 2.4 0.317402 0.149457
3.6 2.6 0.301885 0.165728
3.6 2.8 0.137319 0.308861
3.6 3 -0.230114 0.238885
3.6 3.2 -0.21087 -0.247894
3.6 3.4 0.314984 -0.0526736
3.6 3.6 -0.218718 0.224434
3.6 3.8 0.147911 -0.269653
3.6 4 -0.160238 0.255892
3.6 4.2 0.235071 -0.180612
3.6 4.4 -0.291059 0.00802395
3.6 4.6 0.189369 0.214403
3.6 4.8 0.103351 -0.261393
3.6 5 -0.274609 -0.030743
3.6 5.2 -0.00935322 0.271539
3.6 5.4 0.265047 0.0345705
3.6 5.6 0.09825 -0.243961
3.6 5.8 -0.183821 -0.182305
3.6 6 -0.246482 0.0649926
3.6 6.2 -0.097086 0.231519
3.6 6.4 0.0975724 0.227303
3.6 6.6 0.217584 0.109892
3.6 6.8 0.238201 -0.0318041
3.6 7 0.189631 -0.142155
3.6 7.2 0.112202 -0.205077
3.6 7.4 0.0348223 -0.228023
3.6 7.6 -0.0284566 -0.225896
3.6 7.8 -0.0738388 -0.212293
3.6 8 -0.102702 -0.196758
3.6 8.2 -0.118052 -0.184747
3.6 8.4 -0.122517 -0.178637
3.6 8.6 -0.117678 -0.178794
3.6 8.8 -0.10412 -0.184165
3.6 9 -0.0817604 -0.192527
3.6 9.2 -0.0503682 -0.20062
3.6 9.4 -0.0102577 -0.20432
3.6 9.6 0.0369491 -0.198967
3.6 9.8 0.0876666 -0.180023
3.8 -10 0.0692855 -0.185703
3.8 -9.8 0.0330195 -0.197534
3.8 -9.6 0.00242983 -0.202376
3.8 -9.4 -0.0207544 -0.203499
3.8 -9.2 -0.0355859 -0.203703
3.8 -9 -0.0413959 -0.204965
3.8 -8.8 -0.0374047 -0.208153
3.8 -8.6 -0.0225441 -0.212731
3.8 -8.4 0.00443753 -0.216383
3.8 -8.2 0.0443809 -0.21449
3.8 -8 0.0962292 -0.199753
3.8 -7.8 0.154519 -0.162827
3.8 -7.6 0.206481 -0.09508
3.8 -7.4 0.230226 0.00536582
3.8 -7.2 0.197907 0.123607
3.8 -7 0.0902971 0.218559
3.8 -6.8 -0.0756774 0.227505
3.8 -6.6 -0.220234 0.103013
3.8 -6.4 -0.218607 -0.114147
3.8 -6.2 -0.0139306 -0.249856
3.8 -6 0.226607 -0.114634
3.8 -5.8 0.175125 0.189213
3.8 -5.6 -0.166898 0.201709
3.8 -5.4 -0.200648 -0.174532
3.8 -5.2 0.213655 -0.165455
3.8 -5 0.075156 0.264176
3.8 -4.8 -0.266171 -0.0844421
3.8 -4.6 0.254606 -0.125741
3.8 -4.4 -0.159998 0.240445
3.8 -4.2 0.0938815 -0.27846
3.8 -4 -0.10277 0.280814
3.8 -3.8 0.194048 -0.234484
3.8 -3.6 -0.303984 0.0598151
3.8 -3.4 0.203628 0.240809
3.8 -3.2 0.22474 -0.229281
3.8 -3 -0.137744 -0.296386
3.8 -2.8 -0.303372 -0.136456
3.8 -2.6 -0.327668 -0.0850419
3.8 -2.4 -0.267683 -0.216578
3.8 -2.2 0.0644953 -0.344104
3.8 -2 0.328079 0.137506
3.8 -1.8 -0.354314 0.0701395
3.8 -1.6 0.366071 0.0148502
3.8 -1.4 -0.145707 -0.341468
3.8 -1.2 -0.373588 -0.0394812
3.8 -1 -0.379043 -0.0207696
3.8 -0.8 -0.183569 -0.336126
3.8 -0.6 0.384963 0.0234419
3.8 -0.4 -0.379416 -0.0793973
3.8 -0.2 0.0128928 0.388616
3.8 0 0.232044 0.312503
3.8 0.2 0.0128928 0.388616
3.8 0.4 -0.379416 -0.0793973
3.8 0.6 0.384963 0.0234419
3.8 0.8 -0.183569 -0.336126
3.8 1 -0.379043 -0.0207696
3.8 1.2 -0.373588 -0.0394812
3.8 1.4 -0.145707 -0.341468
3.8 1.6 0.366071 0.0148502
3.8 1.8 -0.354314 0.0701395
3.8 2 0.328079 0.137506
3.8 2.2 0.0644953 -0.344104
3.8 2.4 -0.267683 -0.216578
3.8 2.6 -0.327668 -0.0850419
3.8 2.8 -0.303372 -0.136456
3.8 3 -0.137744 -0.296386
3.8 3.2 0.22474 -0.229281
3.8 3.4 0.203628 0.240809
3.8 3.6 -0.303984 0.0598151
3.8 3.8 0.194048 -0.234484
3.8 4 -0.10277 0.280814
3.8 4.2 0.0938815 -0.27846
3.8 4.4 -0.159998 0.240445
3.8 4.6 0.254606 -0.125741
3.8 4.8 -0.266171 -0.0844421
3.8 5 0.075156 0.264176
3.8 5.2 0.213655 -0.165455
3.8 5.4 -0.200648 -0.174532
3.8 5.6 -0.166898 0.201709
3.8 5.8 0.175125 0.189213
3.8 6 0.226607 -0.114634
3.8 6.2 -0.0139306 -0.249856
3.8 6.4 -0.218607 -0.114147
3.8 6.6 -0.220234 0.103013
3.8 6.8 -0.0756774 0.227505
3.8 7 0.0902971 0.218559
3.8 7.2 0.197907 0.123607
3.8 7.4 0.230226 0.00536582
3.8 7.6 0.206481 -0.09508
3.8 7.8 0.154519 -0.162827
3.8 8 0.0962292 -0.199753
3.8 8.2 0.0443809 -0.21449
3.8 8.4 0.00443753 -0.216383
3.8 8.6 -0.0225441 -0.212731
3.8 8.8 -0.0374047 -0.208153
3.8 9 -0.0413959 -0.204965
3.8 9.2 -0.0355859 -0.203703
3.8 9.4 -0.0207544 -0.203499
3.8 9.6 0.00242983 -0.202376
3.8 9.8 0.0330195 -0.197534
4 -10 0.0607185 -0.188676
4 -9.8 0.0469684 -0.194644
4 -9.6 0.0410168 -0.19812
4 -9.4 0.0438179 -0.199735
4 -9.2 0.0561026 -0.198945
4 -9 0.0782036 -0.193784
4 -8.8 0.109545 -0.180684
4 -8.6 0.147628 -0.154533
4 -8.4 0.186435 -0.109492
4 -8.2 0.214803 -0.0413971
4 -8 0.21616 0.0478036
4 -7.8 0.171753 0.143979
4 -7.6 0.0705712 0.215681
4 -7.4 -0.0728687 0.217957
4 -7.2 -0.201858 0.116011
4 -7 -0.225455 -0.0694942
4 -6.8 -0.0821017 -0.224553
4 -6.6 0.152187 -0.188662
4 -6.4 0.237923 0.0616833
4 -6.2 0.0115989 0.249002
4 -6 -0.247249 0.0532157
4 -5.8 -0.0590355 -0.249748
4 -5.6 0.259331 -0.0248334
4 -5.4 -0.0553811 0.258646
4 -5.2 -0.205338 -0.17322
4 -5 0.268422 -0.0491343
4 -4.8 -0.183597 0.20776
4 -4.6 0.0812227 -0.269782
4 -4.4 -0.0331493 0.284489
4 -4.2 0.0626792 -0.284348
4 -4 -0.172045 0.240965
4 -3.8 0.29391 -0.0652777
4 -3.6 -0.196804 -0.23453
4 -3.4 -0.219937 0.220453
4 -3.2 0.137345 0.285354
4 -3 0.301982 0.111745
4 -2.8 0.325954 0.0303868
4 -2.6 0.308694 0.124112
4 -2.4 0.100136 0.322863
4 -2.2 -0.324156 0.112983
4 -2 0.113309 -0.329412
4 -1.8 -0.0641454 0.347392
4 -1.6 0.267678 -0.237549
4 -1.4 -0.251643 -0.260495
4 -1.2 -0.363906 -0.0402578
4 -1 -0.341864 -0.140364
4 -0.8 0.0436521 -0.369928
4 -0.6 0.231165 0.295102
4 -0.4 -0.129563 -0.353587
4 -0.2 -0.333531 0.177046
4 0 -0.185106 0.32952
4 0.2 -0.333531 0.177046
4 0.4 -0.129563 -0.353587
4 0.6 0.231165 0.295102
4 0.8 0.0436521 -0.369928
4 1 -0.341864 -0.140364
4 1.2 -0.363906 -0.0402578
4 1.4 -0.251643 -0.260495
4 1.6 0.267678 -0.237549
4 1.8 -0.0641454 0.347392
4 2 0.113309 -0.329412
4 2.2 -0.324156 0.112983
4 2.4 0.100136 0.322863
4 2.6 0.308694 0.124112
4 2.8 0.325954 0.0303868
4 3 0.301982 0.111745
4 3.2 0.137345 0.285354
4 3.4 -0.219937 0.220453
4 3.6 -0.196804 -0.23453
4 3.8 0.29391 -0.0652777
4 4 -0.172045 0.240965
4 4.2 0.0626792 -0.284348
4 4.4 -0.0331493 0.284489
4 4.6 0.0812227 -0.269782
4 4.8 -0.183597 0.20776
4 5 0.268422 -0.0491343
4 5.2 -0.205338 -0.17322
4 5.4 -0.0553811 0.258646
4 5.6 0.259331 -0.0248334
4 5.8 -0.0590355 -0.249748
4 6 -0.247249 0.0532157
4 6.2 0.0115989 0.249002
4 6.4 0.237923 0.0616833
4 6.6 0.152187 -0.188662
4 6.8 -0.0821017 -0.224553
4 7 -0.225455 -0.0694942
4 7.2 -0.201858 0.116011
4 7.4 -0.0728687 0.217957
4 7.6 0.0705712 0.215681
4 7.8 0.171753 0.143979
4 8 0.21616 0.0478036
4 8.2 0.214803 -0.0413971
4 8.4 0.186435 -0.109492
4 8.6 0.147628 -0.154533
4 8.8 0.109545 -0.180684
4 9 0.0782036 -0.193784
4 9.2 0.0561026 -0.198945
4 9.4 0.0438179 -0.199735
4 9.6 0.0410168 -0.19812
4 9.8 0.0469684 -0.194644
4.2 -10 0.113858 -0.162148
4.2 -9.8 0.122625 -0.158195
4.2 -9.6 0.138281 -0.147563
4.2 -9.4 0.15947 -0.127768
4.2 -9.2 0.183036 -0.0956348
4.2 -9 0.203137 -0.0481558
4.2 -8.8 0.210509 0.0156115
4.2 -8.6 0.192911 0.0913673
4.2 -8.4 0.138252 0.165814
4.2 -8.2 0.0417195 0.214399
4.2 -8 -0.0829068 0.20489
4.2 -7.8 -0.192876 0.113298
4.2 -7.6 -0.221584 -0.0466834
4.2 -7.4 -0.116915 -0.197266
4.2 -7.2 0.0879707 -0.214918
4.2 -7 0.232342 -0.0367647
4.2 -6.8 0.133236 0.197641
4.2 -6.6 -0.147784 0.19105
4.2 -6.4 -0.218903 -0.10967
4.2 -6.2 0.0978961 -0.228137
4.2 -6 0.222022 0.118682
4.2 -5.8 -0.170754 0.189936
4.2 -5.6 -0.107862 -0.235611
4.2 -5.4 0.2596 0.0421003
4.2 -5.2 -0.216561 0.156045
4.2 -5 0.0985797 -0.252436
4.2 -4.8 -0.0073533 0.275072
4.2 -4.6 -0.0200403 -0.278786
4.2 -4.4 -0.027648 0.282556
4.2 -4.2 0.152521 -0.244812
4.2 -4 -0.284688 0.0694175
4.2 -3.8 0.190369 0.228926
4.2 -3.6 0.215596 -0.212289
4.2 -3.4 -0.136316 -0.27553
4.2 -3.2 -0.298757 -0.0909264
4.2 -3 -0.316907 0.0150253
4.2 -2.8 -0.319804 -0.0392637
4.2 -2.6 -0.216795 -0.24494
4.2 -2.4 0.186961 -0.274305
4.2 -2.2 0.18318 0.282478
4.2 -2 -0.297 -0.168168
4.2 -1.8 0.246366 0.242494
4.2 -1.6 0.0903548 -0.338005
4.2 -1.4 -0.294588 -0.195752
4.2 -1.2 -0.347771 -0.0814701
4.2 -1 -0.248883 -0.26046
4.2 -0.8 0.257875 -0.255209
4.2 -0.6 -0.0772605 0.356601
4.2 -0.4 0.229449 -0.285654
4.2 -0.2 -0.29644 -0.216885
4.2 0 -0.366074 -0.0335941
4.2 0.2 -0.29644 -0.216885
4.2 0.4 0.229449 -0.285654
4.2 0.6 -0.0772605 0.356601
4.2 0.8 0.257875 -0.255209
4.2 1 -0.248883 -0.26046
4.2 1.2 -0.347771 -0.0814701
4.2 1.4 -0.294588 -0.195752
4.2 1.6 0.0903548 -0.338005
4.2 1.8 0.246366 0.242494
4.2 2 -0.297 -0.168168
4.2 2.2 0.18318 0.282478
4.2 2.4 0.186961 -0.274305
4.2 2.6 -0.216795 -0.24494
4.2 2.8 -0.319804 -0.0392637
4.2 3 -0.316907 0.0150253
4.2 3.2 -0.298757 -0.0909264
4.2 3.4 -0.136316 -0.27553
4.2 3.6 0.215596 -0.212289
4.2 3.8 0.190369 0.228926
4.2 4 -0.284688 0.0694175
4.2 4.2 0.152521 -0.244812
4.2 4.4 -0.027648 0.282556
4.2 4.6 -0.0200403 -0.278786
4.2 4.8 -0.0073533 0.275072
4.2 5 0.0985797 -0.252436
4.2 5.2 -0.216561 0.156045
4.2 5.4 0.2596 0.0421003
4.2 5.6 -0.107862 -0.235611
4.2 5.8 -0.170754 0.189936
4.2 6 0.222022 0.118682
4.2 6.2 0.0978961 -0.228137
4.2 6.4 -0.218903 -0.10967
4.2 6.6 -0.147784 0.19105
4.2 6.8 0.133236 0.197641
4.2 7 0.232342 -0.0367647
4.2 7.2 0.0879707 -0.214918
4.2 7.4 -0.116915 -0.197266
4.2 7.6 -0.221584 -0.0466834
4.2 7.8 -0.192876 0.113298
4.2 8 -0.0829068 0.20489
4.2 8.2 0.0417195 0.214399
4.2 8.4 0.138252 0.165814
4.2 8.6 0.192911 0.0913673
4.2 8.8 0.210509 0.0156115
4.2 9 0.203137 -0.0481558
4.2 9.2 0.183036 -0.0956348
4.2 9.4 0.15947 -0.127768
4.2 9.6 0.138281 -0.147563
4.2 9.8 0.122625 -0.158195
4.4 -10 0.188125 -0.0618437
4.4 -9.8 0.197936 -0.028713
4.4 -9.6 0.201395 0.0161418
4.4 -9.4 0.191246 0.0714192
4.4 -9.2 0.158942 0.131537
4.4 -9 0.09737 0.18439
4.4 -8.8 0.00614606 0.210696
4.4 -8.6 -0.101134 0.187614
4.4 -8.4 -0.191023 0.0998836
4.4 -8.2 -0.214186 -0.0407779
4.4 -8 -0.130462 -0.177858
4.4 -7.8 0.044786 -0.218679
4.4 -7.6 0.204086 -0.0968961
4.4 -7.4 0.191456 0.125054
4.4 -7.2 -0.0305935 0.229516
4.4 -7 -0.229643 0.0474159
4.4 -6.8 -0.0973852 -0.216607
4.4 -6.6 0.209306 -0.11871
4.4 -6.4 0.111485 0.216855
4.4 -6.2 -0.23682 0.0706741
4.4 -6 0.0123688 -0.250264
4.4 -5.8 0.215985 0.133764
4.4 -5.6 -0.243519 0.0842139
4.4 -5.4 0.134852 -0.223856
4.4 -5.2 -0.0140142 0.264779
4.4 -5 -0.05712 -0.262903
4.4 -4.8 0.0652006 0.265175
4.4 -4.6 -0.00263397 -0.27714
4.4 -4.4 -0.135244 0.246717
4.4 -4.2 0.276244 -0.0725081
4.4 -4 -0.18429 -0.223885
4.4 -3.8 -0.211649 0.204688
4.4 -3.6 0.13482 0.266757
4.4 -3.4 0.294431 0.0733428
4.4 -3.2 0.303551 -0.0523327
4.4 -3 0.310804 -0.0332546
4.4 -2.8 0.282142 0.144763
4.4 -2.6 -0.012684 0.321415
4.4 -2.4 -0.319483 -0.0652917
4.4 -2.2 0.278663 -0.177548
4.4 -2 -0.265818 0.203155
4.4 -1.8 0.338522 -0.00314918
4.4 -1.6 -0.0558621 -0.337668
4.4 -1.4 -0.303666 -0.165275
4.4 -1.2 -0.314236 -0.151419
4.4 -1 -0.0946403 -0.338582
4.4 -0.8 0.353217 -0.0210802
4.4 -0.6 -0.319919 0.155345
4.4 -0.4 0.353159 0.0520582
4.4 -0.2 0.0653298 -0.351788
4.4 0 -0.115638 -0.338895
4.4 0.2 0.0653298 -0.351788
4.4 0.4 0.353159 0.0520582
4.4 0.6 -0.319919 0.155345
4.4 0.8 0.353217 -0.0210802
4.4 1 -0.0946403 -0.338582
4.4 1.2 -0.314236 -0.151419
4.4 1.4 -0.303666 -0.165275
4.4 1.6 -0.0558621 -0.337668
4.4 1.8 0.338522 -0.00314918
4.4 2 -0.265818 0.203155
4.4 2.2 0.278663 -0.177548
4.4 2.4 -0.319483 -0.0652917
4.4 2.6 -0.012684 0.321415
4.4 2.8 0.282142 0.144763
4.4 3 0.310804 -0.0332546
4.4 3.2 0.303551 -0.0523327
4.4 3.4 0.294431 0.0733428
4.4 3.6 0.13482 0.266757
4.4 3.8 -0.211649 0.204688
4.4 4 -0.18429 -0.223885
4.4 4.2 0.276244 -0.0725081
4.4 4.4 -0.135244 0.246717
4.4 4.6 -0.00263397 -0.27714
4.4 4.8 0.0652006 0.265175
4.4 5 -0.05712 -0.262903
4.4 5.2 -0.0140142 0.264779
4.4 5.4 0.134852 -0.223856
4.4 5.6 -0.243519 0.0842139
4.4 5.8 0.215985 0.133764
4.4 6 0.0123688 -0.250264
4.4 6.2 -0.23682 0.0706741
4.4 6.4 0.111485 0.216855
4.4 6.6 0.209306 -0.11871
4.4 6.8 -0.0973852 -0.216607
4.4 7 -0.229643 0.0474159
4.4 7.2 -0.0305935 0.229516
4.4 7.4 0.191456 0.125054
4.4 7.6 0.204086 -0.0968961
4.4 7.8 0.044786 -0.218679
4.4 8 -0.130462 -0.177858
4.4 8.2 -0.214186 -0.0407779
4.4 8.4 -0.191023 0.0998836
4.4 8.6 -0.101134 0.187614
4.4 8.8 0.00614606 0.210696
4.4 9 0.09737 0.18439
4.4 9.2 0.158942 0.131537
4.4 9.4 0.191246 0.0714192
4.4 9.6 0.201395 0.0161418
4.4 9.8 0.197936 -0.028713
4.6 -10 0.156729 0.120744
4.6 -9.8 0.11454 0.163732
4.6 -9.6 0.0502327 0.195497
4.6 -9.4 -0.0335673 0.201132
4.6 -9.2 -0.123587 0.164846
4.6 -9 -0.19298 0.0781906
4.6 -8.8 -0.205129 -0.047159
4.6 -8.6 -0.130718 -0.167899
4.6 -8.4 0.0211096 -0.214103
4.6 -8.2 0.175618 -0.12846
4.6 -8 0.210544 0.0641441
4.6 -7.8 0.0564427 0.215377
4.6 -7.6 -0.170677 0.147045
4.6 -7.4 -0.199172 -0.110991
4.6 -7.2 0.0609812 -0.222579
4.6 -7 0.231234 0.0334708
4.6 -6.8 -0.0343046 0.234114
4.6 -6.6 -0.230237 -0.0664501
4.6 -6.4 0.128806 -0.205782
4.6 -6.2 0.134849 0.205726
4.6 -6 -0.24923 -0.00363445
4.6 -5.8 0.178545 -0.178752
4.6 -5.6 -0.0438933 0.252293
4.6 -5.4 -0.0613697 -0.252305
4.6 -5.2 0.110437 0.239015
4.6 -5 -0.102635 -0.246554
4.6 -4.8 0.0286193 0.269342
4.6 -4.6 0.119976 -0.24719
4.6 -4.4 -0.268501 0.0747614
4.6 -4.2 0.178531 0.219319
4.6 -4 0.20805 -0.197574
4.6 -3.8 -0.132998 -0.258893
4.6 -3.6 -0.289439 -0.0584323
4.6 -3.4 -0.287881 0.0826888
4.6 -3.2 -0.289374 0.0923728
4.6 -3 -0.304784 -0.0444028
4.6 -2.8 -0.137083 -0.280528
4.6 -2.6 0.277786 -0.151366
4.6 -2.4 -0.0160177 0.320012
4.6 -2.2 -0.108019 -0.305873
4.6 -2 0.018389 0.327643
4.6 -1.8 0.268037 -0.195509
4.6 -1.6 -0.145937 -0.301648
4.6 -1.4 -0.293221 -0.168534
4.6 -1.2 -0.248695 -0.233297
4.6 -1 0.0946897 -0.330109
4.6 -0.8 0.263859 0.223024
4.6 -0.6 -0.308359 -0.159315
4.6 -0.4 0.127004 0.324258
4.6 -0.2 0.337105 -0.0902965
4.6 0 0.255732 -0.23786
4.6 0.2 0.337105 -0.0902965
4.6 0.4 0.127004 0.324258
4.6 0.6 -0.308359 -0.159315
4.6 0.8 0.263859 0.223024
4.6 1 0.0946897 -0.330109
4.6 1.2 -0.248695 -0.233297
4.6 1.4 -0.293221 -0.168534
4.6 1.6 -0.145937 -0.301648
4.6 1.8 0.268037 -0.195509
4.6 2 0.018389 0.327643
4.6 2.2 -0.108019 -0.305873
4.6 2.4 -0.0160177 0.320012
4.6 2.6 0.277786 -0.151366
4.6 2.8 -0.137083 -0.280528
4.6 3 -0.304784 -0.0444028
4.6 3.2 -0.289374 0.0923728
4.6 3.4 -0.287881 0.0826888
4.6 3.6 -0.289439 -0.0584323
4.6 3.8 -0.132998 -0.258893
4.6 4 0.20805 -0.197574
4.6 4.2 0.178531 0.219319
4.6 4.4 -0.268501 0.0747614
4.6 4.6 0.119976 -0.24719
4.6 4.8 0.0286193 0.269342
4.6 5 -0.102635 -0.246554
4.6 5.2 0.110437 0.239015
4.6 5.4 -0.0613697 -0.252305
4.6 5.6 -0.0438933 0.252293
4.6 5.8 0.178545 -0.178752
4.6 6 -0.24923 -0.00363445
4.6 6.2 0.134849 0.205726
4.6 6.4 0.128806 -0.205782
4.6 6.6 -0.230237 -0.0664501
4.6 6.8 -0.0343046 0.234114
4.6 7 0.231234 0.0334708
4.6 7.2 0.0609812 -0.222579
4.6 7.4 -0.199172 -0.110991
4.6 7.6 -0.170677 0.147045
4.6 7.8 0.0564427 0.215377
4.6 8 0.210544 0.0641441
4.6 8.2 0.175618 -0.12846
4.6 8.4 0.0211096 -0.214103
4.6 8.6 -0.130718 -0.167899
4.6 8.8 -0.205129 -0.047159
4.6 9 -0.19298 0.0781906
4.6 9.2 -0.123587 0.164846
4.6 9.4 -0.0335673 0.201132
4.6 9.6 0.0502327 0.195497
4.6 9.8 0.11454 0.163732
4.8 -10 -0.0743727 0.183136
4.8 -9.8 -0.14649 0.135576
4.8 -9.6 -0.195353 0.0497202
4.8 -9.4 -0.193878 -0.0622516
4.8 -9.2 -0.121916 -0.165728
4.8 -9 0.0127252 -0.207507
4.8 -8.8 0.155056 -0.141762
4.8 -8.6 0.21117 0.0224454
4.8 -8.4 0.109661 0.184582
4.8 -8.2 -0.100219 0.192559
4.8 -8 -0.219476 -0.00377641
4.8 -7.8 -0.0756315 -0.208752
4.8 -7.6 0.184312 -0.128371
4.8 -7.4 0.156361 0.164893
4.8 -7.2 -0.161536 0.163693
4.8 -7 -0.150001 -0.178009
4.8 -6.8 0.209493 -0.107887
4.8 -6.6 0.0260101 0.237191
4.8 -6.4 -0.221757 -0.095957
4.8 -6.2 0.216655 -0.113786
4.8 -6 -0.0891278 0.231326
4.8 -5.8 -0.0418606 -0.247621
4.8 -5.6 0.123251 0.222663
4.8 -5.4 -0.152497 -0.207991
4.8 -5.2 0.13304 0.225047
4.8 -5 -0.0508033 -0.260057
4.8 -4.8 -0.106488 0.246614
4.8 -4.6 0.261388 -0.0763419
4.8 -4.4 -0.173058 -0.215161
4.8 -4.2 -0.20476 0.190894
4.8 -4 0.130953 0.2518
4.8 -3.8 0.284068 0.0457707
4.8 -3.6 0.271255 -0.107227
4.8 -3.4 0.260968 -0.138961
4.8 -3.2 0.296283 -0.0443899
4.8 -3 0.236595 0.190134
4.8 -2.8 -0.133639 0.276868
4.8 -2.6 -0.222384 -0.217761
4.8 -2.4 0.312824 0.0368263
4.8 -2.2 -0.317442 -0.0266641
4.8 -2 0.243912 0.210293
4.8 -1.8 0.146202 -0.2906
4.8 -1.6 -0.189665 -0.268042
4.8 -1.4 -0.265131 -0.198345
4.8 -1.2 -0.141672 -0.302072
4.8 -1 0.25986 -0.21271
4.8 -0.8 0.0244346 0.336777
4.8 -0.6 -0.0489043 -0.335565
4.8 -0.4 -0.215722 0.262968
4.8 -0.2 0.22077 0.259614
4.8 0 0.313954 0.133184
4.8 0.2 0.22077 0.259614
4.8 0.4 -0.215722 0.262968
4.8 0.6 -0.0489043 -0.335565
4.8 0.8 0.0244346 0.336777
4.8 1 0.25986 -0.21271
4.8 1.2 -0.141672 -0.302072
4.8 1.4 -0.265131 -0.198345
4.8 1.6 -0.189665 -0.268042
4.8 1.8 0.146202 -0.2906
4.8 2 0.243912 0.210293
4.8 2.2 -0.317442 -0.0266641
4.8 2.4 0.312824 0.0368263
4.8 2.6 -0.222384 -0.217761
4.8 2.8 -0.133639 0.276868
4.8 3 0.236595 0.190134
4.8 3.2 0.296283 -0.0443899
4.8 3.4 0.260968 -0.138961
4.8 3.6 0.271255 -0.107227
4.8 3.8 0.284068 0.0457707
4.8 4 0.130953 0.2518
4.8 4.2 -0.20476 0.190894
4.8 4.4 -0.173058 -0.215161
4.8 4.6 0.261388 -0.0763419
4.8 4.8 -0.106488 0.246614
4.8 5 -0.0508033 -0.260057
4.8 5.2 0.13304 0.225047
4.8 5.4 -0.152497 -0.207991
4.8 5.6 0.123251 0.222663
4.8 5.8 -0.0418606 -0.247621
4.8 6 -0.0891278 0.231326
4.8 6.2 0.216655 -0.113786
4.8 6.4 -0.221757 -0.095957
4.8 6.6 0.0260101 0.237191
4.8 6.8 0.209493 -0.107887
4.8 7 -0.150001 -0.178009
4.8 7.2 -0.161536 0.163693
4.8 7.4 0.156361 0.164893
4.8 7.6 0.184312 -0.128371
4.8 7.8 -0.0756315 -0.208752
4.8 8 -0.219476 -0.00377641
4.8 8.2 -0.100219 0.192559
4.8 8.4 0.109661 0.184582
4.8 8.6 0.21117 0.0224454
4.8 8.8 0.155056 -0.141762
4.8 9 0.0127252 -0.207507
4.8 9.2 -0.121916 -0.165728
4.8 9.4 -0.193878 -0.0622516
4.8 9.6 -0.195353 0.0497202
4.8 9.8 -0.14649 0.135576
5 -10 -0.179101 -0.0830276
5 -9.8 -0.106013 -0.168798
5 -9.6 0.015844 -0.200684
5 -9.4 0.143782 -0.14377
5 -9.2 0.205378 -0.0016687
5 -9 0.137956 0.154991
5 -8.8 -0.04226 0.205374
5 -8.6 -0.198727 0.0735528
5 -8.4 -0.157196 -0.145445
5 -8.2 0.0782093 -0.201874
5 -8 0.217996 0.019893
5 -7.8 0.0184579 0.220576
5 -7.6 -0.221421 0.03296
5 -7.4 -0.0214713 -0.22545
5 -7.2 0.228348 0.0188085
5 -7 -0.0883917 0.214328
5 -6.8 -0.156519 -0.174821
5 -6.6 0.235438 -0.0311271
5 -6.4 -0.1409 0.194795
5 -6.2 -0.00422144 -0.243373
5 -6 0.113906 0.21856
5 -5.8 -0.170313 -0.182509
5 -5.6 0.184115 0.17328
5 -5.4 -0.157266 -0.202171
5 -5.2 0.0696712 0.249925
5 -5 0.0945706 -0.245272
5 -4.8 -0.25484 0.0773781
5 -4.6 0.167844 0.211356
5 -4.4 0.201742 -0.184604
5 -4.2 -0.128744 -0.245362
5 -4 -0.278532 -0.0350145
5 -3.8 -0.254512 0.126994
5 -3.6 -0.229253 0.174563
5 -3.4 -0.267467 0.116677
5 -3.2 -0.283699 -0.0827641
5 -3 -0.0317964 -0.297496
5 -2.8 0.30269 0.0060319
5 -2.6 -0.196162 0.23526
5 -2.4 0.115081 -0.287572
5 -2.2 -0.197202 0.243103
5 -2 0.315616 0.0190292
5 -1.8 0.0385838 -0.316823
5 -1.6 -0.200913 -0.251571
5 -1.4 -0.214509 -0.243422
5 -1.2 0.00177395 -0.326704
5 -1 0.328505 -0.0110933
5 -0.8 -0.226373 0.240571
5 -0.6 0.242958 -0.225744
5 -0.4 -0.326919 -0.0610117
5 -0.2 -0.137397 0.303494
5 0 0.00639265 0.333306
5 0.2 -0.137397 0.303494
5 0.4 -0.326919 -0.0610117
5 0.6 0.242958 -0.225744
5 0.8 -0.226373 0.240571
5 1 0.328505 -0.0110933
5 1.2 0.00177395 -0.326704
5 1.4 -0.214509 -0.243422
5 1.6 -0.200913 -0.251571
5 1.8 0.0385838 -0.316823
5 2 0.315616 0.0190292
5 2.2 -0.197202 0.243103
5 2.4 0.115081 -0.287572
5 2.6 -0.196162 0.23526
5 2.8 0.30269 0.0060319
5 3 -0.0317964 -0.297496
5 3.2 -0.283699 -0.0827641
5 3.4 -0.267467 0.116677
5 3.6 -0.229253 0.174563
5 3.8 -0.254512 0.126994
5 4 -0.278532 -0.0350145
5 4.2 -0.128744 -0.245362
5 4.4 0.201742 -0.184604
5 4.6 0.167844 0.211356
5 4.8 -0.25484 0.0773781
5 5 0.0945706 -0.245272
5 5.2 0.0696712 0.249925
5 5.4 -0.157266 -0.202171
5 5.6 0.184115 0.17328
5 5.8 -0.170313 -0.182509
5 6 0.113906 0.21856
5 6.2 -0.00422144 -0.243373
5 6.4 -0.1409 0.194795
5 6.6 0.235438 -0.0311271
5 6.8 -0.156519 -0.174821
5 7 -0.0883917 0.214328
5 7.2 0.228348 0.0188085
5 7.4 -0.0214713 -0.22545
5 7.6 -0.221421 0.03296
5 7.8 0.0184579 0.220576
5 8 0.217996 0.019893
5 8.2 0.0782093 -0.201874
5 8.4 -0.157196 -0.145445
5 8.6 -0.198727 0.0735528
5 8.8 -0.04226 0.205374
5 9 0.137956 0.154991
5 9.2 0.205378 -0.0016687
5 9.4 0.143782 -0.14377
5 9.6 0.015844 -0.200684
5 9.8 -0.106013 -0.168798
5.2 -10 0.140596 -0.138206
5.2 -9.8 0.198694 -0.0119199
5.2 -9.6 0.150442 0.133268
5.2 -9.4 -0.00211362 0.202941
5.2 -9.2 -0.165778 0.120573
5.2 -9 -0.192137 -0.0772256
5.2 -8.8 -0.019626 -0.208267
5.2 -8.6 0.187283 -0.0979586
5.2 -8.4 0.14971 0.15235
5.2 -8.2 -0.121538 0.178426
5.2 -8 -0.190889 -0.105733
5.2 -7.8 0.110339 -0.191055
5.2 -7.6 0.176483 0.136497
5.2 -7.4 -0.179007 0.137335
5.2 -7.2 -0.0598972 -0.22021
5.2 -7 0.22297 0.0598623
5.2 -6.8 -0.188261 0.13821
5.2 -6.6 0.0466028 -0.231682
5.2 -6.4 0.0873603 0.222624
5.2 -6.2 -0.168425 -0.17383
5.2 -6 0.203077 0.137115
5.2 -5.8 -0.206538 -0.13736
5.2 -5.6 0.176187 0.178981
5.2 -5.4 -0.085672 -0.2394
5.2 -5.2 -0.0840359 0.243377
5.2 -5 0.248797 -0.0779707
5.2 -4.8 -0.162864 -0.207861
5.2 -4.6 -0.19896 0.178667
5.2 -4.4 0.126414 0.239492
5.2 -4.2 0.272987 0.0258627
5.2 -4 0.238143 -0.142852
5.2 -3.8 0.196688 -0.200906
5.2 -3.6 0.226974 -0.171724
5.2 -3.4 0.287393 -0.0201056
5.2 -3.2 0.16609 0.23959
5.2 -3 -0.233409 0.180276
5.2 -2.8 -0.0578794 -0.292603
5.2 -2.6 0.207717 0.218564
5.2 -2.4 -0.207719 -0.222891
5.2 -2.2 0.0415384 0.304932
5.2 -2 0.27894 -0.136611
5.2 -1.8 -0.0340317 -0.311478
5.2 -1.6 -0.187886 -0.253891
5.2 -1.4 -0.135731 -0.287759
5.2 -1.2 0.155417 -0.27992
5.2 -1 0.254477 0.197266
5.2 -0.8 -0.323221 -0.0124737
5.2 -0.6 0.315822 0.0751451
5.2 -0.4 -0.099626 -0.309859
5.2 -0.2 -0.325964 0.00459708
5.2 0 -0.295182 0.138803
5.2 0.2 -0.325964 0.00459708
5.2 0.4 -0.099626 -0.309859
5.2 0.6 0.315822 0.0751451
5.2 0.8 -0.323221 -0.0124737
5.2 1 0.254477 0.197266
5.2 1.2 0.155417 -0.27992
5.2 1.4 -0.135731 -0.287759
5.2 1.6 -0.187886 -0.253891
5.2 1.8 -0.0340317 -0.311478
5.2 2 0.27894 -0.136611
5.2 2.2 0.0415384 0.304932
5.2 2.4 -0.207719 -0.222891
5.2 2.6 0.207717 0.218564
5.2 2.8 -0.0578794 -0.292603
5.2 3 -0.233409 0.180276
5.2 3.2 0.16609 0.23959
5.2 3.4 0.287393 -0.0201056
5.2 3.6 0.226974 -0.171724
5.2 3.8 0.196688 -0.200906
5.2 4 0.238143 -0.142852
5.2 4.2 0.272987 0.0258627
5.2 4.4 0.126414 0.239492
5.2 4.6 -0.19896 0.178667
5.2 4.8 -0.162864 -0.207861
5.2 5 0.248797 -0.0779707
5.2 5.2 -0.0840359 0.243377
5.2 5.4 -0.085672 -0.2394
5.2 5.6 0.176187 0.178981
5.2 5.8 -0.206538 -0.13736
5.2 6 0.203077 0.137115
5.2 6.2 -0.168425 -0.17383
5.2 6.4 0.0873603 0.222624
5.2 6.6 0.0466028 -0.231682
5.2 6.8 -0.188261 0.13821
5.2 7 0.22297 0.0598623
5.2 7.2 -0.0598972 -0.22021
5.2 7.4 -0.179007 0.137335
5.2 7.6 0.176483 0.136497
5.2 7.8 0.110339 -0.191055
5.2 8 -0.190889 -0.105733
5.2 8.2 -0.121538 0.178426
5.2 8.4 0.14971 0.15235
5.2 8.6 0.187283 -0.0979586
5.2 8.8 -0.019626 -0.208267
5.2 9 -0.192137 -0.0772256
5.2 9.2 -0.165778 0.120573
5.2 9.4 -0.00211362 0.202941
5.2 9.6 0.150442 0.133268
5.2 9.8 0.198694 -0.0119199
5.4 -10 0.0220617 0.195607
5.4 -9.8 -0.135185 0.145621
5.4 -9.6 -0.199385 -0.0220656
5.4 -9.4 -0.0884285 -0.18224
5.4 -9.2 0.12167 -0.164428
5.4 -9 0.200692 0.0489245
5.4 -8.8 0.0146442 0.208142
5.4 -8.6 -0.202237 0.0594892
5.4 -8.4 -0.0836037 -0.195889
5.4 -8.2 0.196785 -0.087138
5.4 -8 0.0685393 0.206448
5.4 -7.8 -0.218596 0.0237353
5.4 -7.6 0.0499643 -0.216582
5.4 -7.4 0.173143 0.143282
5.4 -7.2 -0.218559 0.0622453
5.4 -7 0.104055 -0.204886
5.4 -6.8 0.0460233 0.22783
5.4 -6.6 -0.152361 -0.179057
5.4 -6.4 0.204822 0.120915
5.4 -6.2 -0.223064 -0.090372
5.4 -6 0.221155 0.101932
5.4 -5.8 -0.19063 -0.156184
5.4 -5.6 0.0992082 0.228796
5.4 -5.4 0.0747168 -0.241088
5.4 -5.2 -0.243206 0.0781998
5.4 -5 0.158098 0.204641
5.4 -4.8 0.196382 -0.173049
5.4 -4.6 -0.123992 -0.234121
5.4 -4.4 -0.267527 -0.0180556
5.4 -4.2 -0.22245 0.155498
5.4 -4 -0.164824 0.219701
5.4 -3.8 -0.181016 0.210891
5.4 -3.6 -0.260107 0.106761
5.4 -3.4 -0.247767 -0.139697
5.4 -3.2 0.0854873 -0.27464
5.4 -3 0.244282 0.157725
5.4 -2.8 -0.2871 0.062932
5.4 -2.6 0.265134 -0.133643
5.4 -2.4 -0.296394 0.0452166
5.4 -2.2 0.219624 0.208221
5.4 -2 0.201579 -0.229267
5.4 -1.8 -0.0720501 -0.299217
5.4 -1.6 -0.152956 -0.269709
5.4 -1.4 -0.0287511 -0.310862
5.4 -1.2 0.273782 -0.15378
5.4 -1 0.0571253 0.310429
5.4 -0.8 -0.192898 -0.251559
5.4 -0.6 0.106461 0.299703
5.4 -0.4 0.221998 -0.22884
5.4 -0.2 -0.139392 -0.287258
5.4 0 -0.242074 -0.208445
5.4 0.2 -0.139392 -0.287258
5.4 0.4 0.221998 -0.22884
5.4 0.6 0.106461 0.299703
5.4 0.8 -0.192898 -0.251559
5.4 1 0.0571253 0.310429
5.4 1.2 0.273782 -0.15378
5.4 1.4 -0.0287511 -0.310862
5.4 1.6 -0.152956 -0.269709
5.4 1.8 -0.0720501 -0.299217
5.4 2 0.201579 -0.229267
5.4 2.2 0.219624 0.208221
5.4 2.4 -0.296394 0.0452166
5.4 2.6 0.265134 -0.133643
5.4 2.8 -0.2871 0.062932
5.4 3 0.244282 0.157725
5.4 3.2 0.0854873 -0.27464
5.4 3.4 -0.247767 -0.139697
5.4 3.6 -0.260107 0.106761
5.4 3.8 -0.181016 0.210891
5.4 4 -0.164824 0.219701
5.4 4.2 -0.22245 0.155498
5.4 4.4 -0.267527 -0.0180556
5.4 4.6 -0.123992 -0.234121
5.4 4.8 0.196382 -0.173049
5.4 5 0.158098 0.204641
5.4 5.2 -0.243206 0.0781998
5.4 5.4 0.0747168 -0.241088
5.4 5.6 0.0992082 0.228796
5.4 5.8 -0.19063 -0.156184
5.4 6 0.221155 0.101932
5.4 6.2 -0.223064 -0.090372
5.4 6.4 0.204822 0.120915
5.4 6.6 -0.152361 -0.179057
5.4 6.8 0.0460233 0.22783
5.4 7 0.104055 -0.204886
5.4 7.2 -0.218559 0.0622453
5.4 7.4 0.173143 0.143282
5.4 7.6 0.0499643 -0.216582
5.4 7.8 -0.218596 0.0237353
5.4 8 0.0685393 0.206448
5.4 8.2 0.196785 -0.087138
5.4 8.4 -0.0836037 -0.195889
5.4 8.6 -0.202237 0.0594892
5.4 8.8 0.0146442 0.208142
5.4 9 0.200692 0.0489245
5.4 9.2 0.12167 -0.164428
5.4 9.4 -0.0884285 -0.18224
5.4 9.6 -0.199385 -0.0220656
5.4 9.8 -0.135185 0.145621
5.6 -10 -0.129784 -0.147523
5.6 -9.8 0.0558165 -0.190311
5.6 -9.6 0.196127 -0.0401848
5.6 -9.4 0.115631 0.165751
5.6 -9.2 -0.121696 0.163782
5.6 -9 -0.189366 -0.0812403
5.6 -8.8 0.0545223 -0.200839
5.6 -8.6 0.204972 0.0465397
5.6 -8.4 -0.059709 0.203768
5.6 -8.2 -0.192606 -0.0945162
5.6 -8 0.146595 -0.159698
5.6 -7.8 0.0893648 0.200005
5.6 -7.6 -0.219921 -0.0256824
5.6 -7.4 0.158734 -0.157754
5.6 -7.2 -0.00752041 0.226091
5.6 -7 -0.123469 -0.192537
5.6 -6.8 0.196224 0.122384
5.6 -6.6 -0.224469 -0.0656349
5.6 -6.4 0.232225 0.0449778
5.6 -6.2 -0.229326 -0.0681028
5.6 -6 0.201338 0.134243
5.6 -5.8 -0.110633 -0.218333
5.6 -5.6 -0.0664667 0.238527
5.6 -5.4 0.238021 -0.0781293
5.6 -5.2 -0.153529 -0.201664
5.6 -5 -0.193983 0.167715
5.6 -4.8 0.12151 0.229195
5.6 -4.6 0.262204 0.0113817
5.6 -4.4 0.207617 -0.165509
5.6 -4.2 0.134549 -0.232462
5.6 -4 0.133851 -0.236394
5.6 -3.8 0.213684 -0.17265
5.6 -3.6 0.276317 0.0288313
5.6 -3.4 0.0700854 0.27194
5.6 -3.2 -0.280514 0.0432464
5.6 -3 0.118613 -0.261117
5.6 -2.8 0.0171516 0.289148
5.6 -2.6 -0.00381742 -0.292442
5.6 -2.4 -0.164454 0.245117
5.6 -2.2 0.291278 0.0616115
5.6 -2 0.126794 -0.272115
5.6 -1.8 -0.0812064 -0.291357
5.6 -1.6 -0.0956481 -0.289165
5.6 -1.4 0.0952288 -0.291332
5.6 -1.2 0.307073 0.0263119
5.6 -1 -0.169577 0.259084
5.6 -0.8 0.0753603 -0.30164
5.6 -0.6 -0.192817 0.245092
5.6 -0.4 0.299852 0.088215
5.6 -0.2 0.197458 -0.24284
5.6 0 0.0897004 -0.299991
5.6 0.2 0.197458 -0.24284
5.6 0.4 0.299852 0.088215
5.6 0.6 -0.192817 0.245092
5.6 0.8 0.0753603 -0.30164
5.6 1 -0.169577 0.259084
5.6 1.2 0.307073 0.0263119
5.6 1.4 0.0952288 -0.291332
5.6 1.6 -0.0956481 -0.289165
5.6 1.8 -0.0812064 -0.291357
5.6 2 0.126794 -0.272115
5.6 2.2 0.291278 0.0616115
5.6 2.4 -0.164454 0.245117
5.6 2.6 -0.00381742 -0.292442
5.6 2.8 0.0171516 0.289148
5.6 3 0.118613 -0.261117
5.6 3.2 -0.280514 0.0432464
5.6 3.4 0.0700854 0.27194
5.6 3.6 0.276317 0.0288313
5.6 3.8 0.213684 -0.17265
5.6 4 0.133851 -0.236394
5.6 4.2 0.134549 -0.232462
5.6 4.4 0.207617 -0.165509
5.6 4.6 0.262204 0.0113817
5.6 4.8 0.12151 0.229195
5.6 5 -0.193983 0.167715
5.6 5.2 -0.153529 -0.201664
5.6 5.4 0.238021 -0.0781293
5.6 5.6 -0.0664667 0.238527
5.6 5.8 -0.110633 -0.218333
5.6 6 0.201338 0.134243
5.6 6.2 -0.229326 -0.0681028
5.6 6.4 0.232225 0.0449778
5.6 6.6 -0.224469 -0.0656349
5.6 6.8 0.196224 0.122384
5.6 7 -0.123469 -0.192537
5.6 7.2 -0.00752041 0.226091
5.6 7.4 0.158734 -0.157754
5.6 7.6 -0.219921 -0.0256824
5.6 7.8 0.0893648 0.200005
5.6 8 0.146595 -0.159698
5.6 8.2 -0.192606 -0.0945162
5.6 8.4 -0.059709 0.203768
5.6 8.6 0.204972 0.0465397
5.6 8.8 0.0545223 -0.200839
5.6 9 -0.189366 -0.0812403
5.6 9.2 -0.121696 0.163782
5.6 9.4 0.115631 0.165751
5.6 9.6 0.196127 -0.0401848
5.6 9.8 0.0558165 -0.190311
5.8 -10 0.169195 0.0991697
5.8 -9.8 -0.0226615 0.196605
5.8 -9.6 -0.194916 0.0435909
5.8 -9.4 -0.0913313 -0.179739
5.8 -9.2 0.164325 -0.120117
5.8 -9 0.132203 0.157334
5.8 -8.8 -0.162861 0.128581
5.8 -8.6 -0.106759 -0.180336
5.8 -8.4 0.20272 -0.0609148
5.8 -8.2 -0.0139132 0.213348
5.8 -8 -0.18496 -0.111533
5.8 -7.8 0.198953 -0.0896688
5.8 -7.6 -0.0683805 0.209612
5.8 -7.4 -0.0816866 -0.207285
5.8 -7.2 0.178716 0.137004
5.8 -7 -0.219335 -0.0607665
5.8 -6.8 0.229757 0.012151
5.8 -6.6 -0.232594 -0.00266958
5.8 -6.4 0.232293 0.036543
5.8 -6.2 -0.208961 -0.113437
5.8 -6 0.120253 0.208156
5.8 -5.8 0.0591577 -0.235783
5.8 -5.6 -0.233202 0.0778106
5.8 -5.4 0.149144 0.198903
5.8 -5.2 0.191741 -0.162637
5.8 -5 -0.118991 -0.224664
5.8 -4.8 -0.257047 -0.005673
5.8 -4.6 -0.193736 0.173376
5.8 -4.4 -0.106334 0.240449
5.8 -4.2 -0.0882272 0.250714
5.8 -4 -0.157603 0.217623
5.8 -3.8 -0.261839 0.0721738
5.8 -3.6 -0.18838 -0.199635
5.8 -3.4 0.190515 -0.201524
5.8 -3.2 0.113479 0.256109
5.8 -3 -0.254012 -0.124553
5.8 -2.8 0.276045 0.0730704
5.8 -2.6 -0.239987 -0.159528
5.8 -2.4 0.0311345 0.289009
5.8 -2.2 0.285471 -0.0661575
5.8 -2 0.0727769 -0.286212
5.8 -1.8 -0.0662634 -0.289931
5.8 -1.6 -0.0166263 -0.298886
5.8 -1.4 0.211199 -0.214601
5.8 -1.2 0.226969 0.200247
5.8 -1 -0.297855 0.0607142
5.8 -0.8 0.280057 -0.121166
5.8 -0.6 -0.303999 -0.034917
5.8 -0.4 0.0588687 0.300936
5.8 -0.2 0.297681 0.0752359
5.8 0 0.304559 -0.0397503
5.8 0.2 0.297681 0.0752359
5.8 0.4 0.0588687 0.300936
5.8 0.6 -0.303999 -0.034917
5.8 0.8 0.280057 -0.121166
5.8 1 -0.297855 0.0607142
5.8 1.2 0.226969 0.200247
5.8 1.4 0.211199 -0.214601
5.8 1.6 -0.0166263 -0.298886
5.8 1.8 -0.0662634 -0.289931
5.8 2 0.0727769 -0.286212
5.8 2.2 0.285471 -0.0661575
5.8 2.4 0.0311345 0.289009
5.8 2.6 -0.239987 -0.159528
5.8 2.8 0.276045 0.0730704
5.8 3 -0.254012 -0.124553
5.8 3.2 0.113479 0.256109
5.8 3.4 0.190515 -0.201524
5.8 3.6 -0.18838 -0.199635
5.8 3.8 -0.261839 0.0721738
5.8 4 -0.157603 0.217623
5.8 4.2 -0.0882272 0.250714
5.8 4.4 -0.106334 0.240449
5.8 4.6 -0.193736 0.173376
5.8 4.8 -0.257047 -0.005673
5.8 5 -0.118991 -0.224664
5.8 5.2 0.191741 -0.162637
5.8 5.4 0.149144 0.198903
5.8 5.6 -0.233202 0.0778106
5.8 5.8 0.0591577 -0.235783
5.8 6 0.120253 0.208156
5.8 6.2 -0.208961 -0.113437
5.8 6.4 0.232293 0.036543
5.8 6.6 -0.232594 -0.00266958
5.8 6.8 0.229757 0.012151
5.8 7 -0.219335 -0.0607665
5.8 7.2 0.178716 0.137004
5.8 7.4 -0.0816866 -0.207285
5.8 7.6 -0.0683805 0.209612
5.8 7.8 0.198953 -0.0896688
5.8 8 -0.18496 -0.111533
5.8 8.2 -0.0139132 0.213348
5.8 8.4 0.20272 -0.0609148
5.8 8.6 -0.106759 -0.180336
5.8 8.8 -0.162861 0.128581
5.8 9 0.132203 0.157334
5.8 9.2 0.164325 -0.120117
5.8 9.4 -0.0913313 -0.179739
5.8 9.6 -0.194916 0.0435909
5.8 9.8 -0.0226615 0.196605
6 -10 -0.172296 -0.0927651
6 -9.8 0.0447868 -0.192298
6 -9.6 0.199028 0.00968033
6 -9.4 0.0085667 0.200932
6 -9.2 -0.202822 0.00823303
6 -9 0.0121437 -0.204555
6 -8.8 0.199835 0.0536009
6 -8.6 -0.113248 0.175545
6 -8.4 -0.114448 -0.177189
6 -8.2 0.212937 -0.00632585
6 -8 -0.128484 0.172591
6 -7.8 -0.0279443 -0.215511
6 -7.6 0.15101 0.159345
6 -7.4 -0.209869 -0.0717917
6 -7.2 0.224101 0.00036797
6 -7 -0.223453 0.0368095
6 -6.8 0.226089 -0.0355425
6 -6.6 -0.231151 -0.00761041
6 -6.4 0.214059 0.093922
6 -6.2 -0.128332 -0.19836
6 -6 -0.0526784 0.232924
6 -5.8 0.228713 -0.0772856
6 -5.6 -0.144928 -0.196334
6 -5.4 -0.189641 0.15779
6 -5.2 0.116457 0.220483
6 -5 0.252073 0.000794269
6 -4.8 0.180831 -0.179501
6 -4.6 0.0804011 -0.244693
6 -4.4 0.0457506 -0.256228
6 -4.2 0.0987539 -0.243802
6 -4 0.217869 -0.152227
6 -3.8 0.251921 0.0930111
6 -3.6 -0.041715 0.267984
6 -3.4 -0.25392 -0.102702
6 -3.2 0.24187 -0.134069
6 -3 -0.168232 0.222688
6 -2.8 0.186605 -0.21091
6 -2.6 -0.275081 0.0707046
6 -2.4 0.181664 0.221334
6 -2.2 0.244404 -0.15341
6 -2 0.0436237 -0.287332
6 -1.8 -0.0301192 -0.291031
6 -1.6 0.0782356 -0.283772
6 -1.4 0.284103 -0.0829509
6 -1.2 0.0515987 0.292911
6 -1 -0.243961 -0.172206
6 -0.8 0.259167 0.150456
6 -0.6 -0.124812 -0.273318
6 -0.4 -0.236299 0.186517
6 -0.2 0.0558939 0.296194
6 0 0.157619 0.257019
6 0.2 0.0558939 0.296194
6 0.4 -0.236299 0.186517
6 0.6 -0.124812 -0.273318
6 0.8 0.259167 0.150456
6 1 -0.243961 -0.172206
6 1.2 0.0515987 0.292911
6 1.4 0.284103 -0.0829509
6 1.6 0.0782356 -0.283772
6 1.8 -0.0301192 -0.291031
6 2 0.0436237 -0.287332
6 2.2 0.244404 -0.15341
6 2.4 0.181664 0.221334
6 2.6 -0.275081 0.0707046
6 2.8 0.186605 -0.21091
6 3 -0.168232 0.222688
6 3.2 0.24187 -0.134069
6 3.4 -0.25392 -0.102702
6 3.6 -0.041715 0.267984
6 3.8 0.251921 0.0930111
6 4 0.217869 -0.152227
6 4.2 0.0987539 -0.243802
6 4.4 0.0457506 -0.256228
6 4.6 0.0804011 -0.244693
6 4.8 0.180831 -0.179501
6 5 0.252073 0.000794269
6 5.2 0.116457 0.220483
6 5.4 -0.189641 0.15779
6 5.6 -0.144928 -0.196334
6 5.8 0.228713 -0.0772856
6 6 -0.0526784 0.232924
6 6.2 -0.128332 -0.19836
6 6.4 0.214059 0.093922
6 6.6 -0.231151 -0.00761041
6 6.8 0.226089 -0.0355425
6 7 -0.223453 0.0368095
6 7.2 0.224101 0.00036797
6 7.4 -0.209869 -0.0717917
6 7.6 0.15101 0.159345
6 7.8 -0.0279443 -0.215511
6 8 -0.128484 0.172591
6 8.2 0.212937 -0.00632585
6 8.4 -0.114448 -0.177189
6 8.6 -0.113248 0.175545
6 8.8 0.199835 0.0536009
6 9 0.0121437 -0.204555
6 9.2 -0.202822 0.00823303
6 9.4 0.0085667 0.200932
6 9.6 0.199028 0.00968033
6 9.8 0.0447868 -0.192298
6.2 -10 0.14508 0.13065
6.2 -9.8 -0.114493 0.160299
6.2 -9.6 -0.16447 -0.111604
6.2 -9.4 0.123779 -0.15781
6.2 -9.2 0.136375 0.149587
6.2 -9 -0.182128 0.0926089
6.2 -8.8 -0.0194114 -0.205319
6.2 -8.6 0.192199 0.0799988
6.2 -8.4 -0.177032 0.113314
6.2 -8.2 0.0342354 -0.209444
6.2 -8 0.111427 0.183029
6.2 -7.8 -0.194642 -0.0945829
6.2 -7.6 0.218504 0.00552219
6.2 -7.4 -0.213901 0.0546039
6.2 -7.2 0.208301 -0.0796633
6.2 -7 -0.214413 0.0691755
6.2 -6.8 0.226828 -0.0185537
6.2 -6.6 -0.217104 -0.0757662
6.2 -6.4 0.135094 0.189002
6.2 -6.2 0.0469317 -0.230003
6.2 -6 -0.224521 0.0765888
6.2 -5.8 0.14087 0.193936
6.2 -5.6 0.187669 -0.153152
6.2 -5.4 -0.113921 -0.216612
6.2 -5.2 -0.247295 0.00336724
6.2 -5 -0.168881 0.184208
6.2 -4.8 -0.0568104 0.246044
6.2 -4.6 -0.00723394 0.255009
6.2 -4.4 -0.0417858 0.254301
6.2 -4.2 -0.157167 0.207529
6.2 -4 -0.262317 0.0180664
6.2 -3.8 -0.102877 -0.24475
6.2 -3.6 0.254434 -0.0843368
6.2 -3.4 -0.0497129 0.265954
6.2 -3.2 -0.114799 -0.247734
6.2 -3 0.15196 0.229693
6.2 -2.8 -0.0676405 -0.269423
6.2 -2.6 -0.158656 0.230736
6.2 -2.4 0.258649 0.112777
6.2 -2.2 0.19816 -0.203793
6.2 -2 0.0378845 -0.283617
6.2 -1.8 0.0246448 -0.286913
6.2 -1.6 0.174899 -0.230814
6.2 -1.4 0.280672 0.0771546
6.2 -1.2 -0.14822 0.252063
6.2 -1 -0.0343965 -0.291507
6.2 -0.8 0.0280874 0.293137
6.2 -0.6 0.168687 -0.242288
6.2 -0.4 -0.268641 -0.123664
6.2 -0.2 -0.241051 0.171954
6.2 0 -0.167314 0.244371
6.2 0.2 -0.241051 0.171954
6.2 0.4 -0.268641 -0.123664
6.2 0.6 0.168687 -0.242288
6.2 0.8 0.0280874 0.293137
6.2 1 -0.0343965 -0.291507
6.2 1.2 -0.14822 0.252063
6.2 1.4 0.280672 0.0771546
6.2 1.6 0.174899 -0.230814
6.2 1.8 0.0246448 -0.286913
6.2 2 0.0378845 -0.283617
6.2 2.2 0.19816 -0.203793
6.2 2.4 0.258649 0.112777
6.2 2.6 -0.158656 0.230736
6.2 2.8 -0.0676405 -0.269423
6.2 3 0.15196 0.229693
6.2 3.2 -0.114799 -0.247734
6.2 3.4 -0.0497129 0.265954
6.2 3.6 0.254434 -0.0843368
6.2 3.8 -0.102877 -0.24475
6.2 4 -0.262317 0.0180664
6.2 4.2 -0.157167 0.207529
6.2 4.4 -0.0417858 0.254301
6.2 4.6 -0.00723394 0.255009
6.2 4.8 -0.0568104 0.246044
6.2 5 -0.168881 0.184208
6.2 5.2 -0.247295 0.00336724
6.2 5.4 -0.113921 -0.216612
6.2 5.6 0.187669 -0.153152
6.2 5.8 0.14087 0.193936
6.2 6 -0.224521 0.0765888
6.2 6.2 0.0469317 -0.230003
6.2 6.4 0.135094 0.189002
6.2 6.6 -0.217104 -0.0757662
6.2 6.8 0.226828 -0.0185537
6.2 7 -0.214413 0.0691755
6.2 7.2 0.208301 -0.0796633
6.2 7.4 -0.213901 0.0546039
6.2 7.6 0.218504 0.00552219
6.2 7.8 -0.194642 -0.0945829
6.2 8 0.111427 0.183029
6.2 8.2 0.0342354 -0.209444
6.2 8.4 -0.177032 0.113314
6.2 8.6 0.192199 0.0799988
6.2 8.8 -0.0194114 -0.205319
6.2 9 -0.182128 0.0926089
6.2 9.2 0.136375 0.149587
6.2 9.4 0.123779 -0.15781
6.2 9.6 -0.16447 -0.111604
6.2 9.8 -0.114493 0.160299
6.4 -10 -0.0630939 -0.18428
6.4 -9.8 0.188318 -0.056049
6.4 -9.6 0.0308044 0.195813
6.4 -9.4 -0.199461 -0.0148522
6.4 -9.2 0.0797931 -0.185386
6.4 -9 0.135167 0.152337
6.4 -8.8 -0.202372 0.0359009
6.4 -8.6 0.0979577 -0.182872
6.4 -8.4 0.0596377 0.200723
6.4 -8.2 -0.170769 -0.124556
6.4 -8 0.212031 0.0242018
6.4 -7.8 -0.208194 0.0555438
6.4 -7.6 0.192374 -0.10162
6.4 -7.4 -0.186796 0.115681
6.4 -7.2 0.199015 -0.0981128
6.4 -7 -0.220104 0.041954
6.4 -6.8 0.218493 0.0589785
6.4 -6.6 -0.140733 -0.180114
6.4 -6.4 -0.0418332 0.227058
6.4 -6.2 0.220599 -0.0757483
6.4 -6 -0.136959 -0.19169
6.4 -5.8 -0.185812 0.148705
6.4 -5.6 0.111395 0.213016
6.4 -5.4 0.24272 -0.00690823
6.4 -5.2 0.157845 -0.187756
6.4 -5 0.0355102 -0.245195
6.4 -4.8 -0.0270087 -0.248774
6.4 -4.6 -0.010468 -0.252468
6.4 -4.4 0.0899579 -0.238808
6.4 -4.2 0.231178 -0.113764
6.4 -4 0.204682 0.160521
6.4 -3.8 -0.149029 0.21612
6.4 -3.6 -0.154569 -0.215194
6.4 -3.4 0.264486 0.0387458
6.4 -3.2 -0.263505 0.057039
6.4 -3 0.270266 -0.0295337
6.4 -2.8 -0.243317 -0.126111
6.4 -2.6 0.000922681 0.276155
6.4 -2.4 0.277973 0.010282
6.4 -2.2 0.1623 -0.228267
6.4 -2 0.0526783 -0.276886
6.4 -1.8 0.0933478 -0.267729
6.4 -1.6 0.251065 -0.134975
6.4 -1.4 0.186983 0.216973
6.4 -1.2 -0.27445 0.0861063
6.4 -1 0.195064 -0.212814
6.4 -0.8 -0.22079 0.187318
6.4 -0.6 0.289281 0.0236594
6.4 -0.4 -0.010559 -0.290515
6.4 -0.2 -0.25273 -0.144339
6.4 0 -0.286392 -0.052127
6.4 0.2 -0.25273 -0.144339
6.4 0.4 -0.010559 -0.290515
6.4 0.6 0.289281 0.0236594
6.4 0.8 -0.22079 0.187318
6.4 1 0.195064 -0.212814
6.4 1.2 -0.27445 0.0861063
6.4 1.4 0.186983 0.216973
6.4 1.6 0.251065 -0.134975
6.4 1.8 0.0933478 -0.267729
6.4 2 0.0526783 -0.276886
6.4 2.2 0.1623 -0.228267
6.4 2.4 0.277973 0.010282
6.4 2.6 0.000922681 0.276155
6.4 2.8 -0.243317 -0.126111
6.4 3 0.270266 -0.0295337
6.4 3.2 -0.263505 0.057039
6.4 3.4 0.264486 0.0387458
6.4 3.6 -0.154569 -0.215194
6.4 3.8 -0.149029 0.21612
6.4 4 0.204682 0.160521
6.4 4.2 0.231178 -0.113764
6.4 4.4 0.0899579 -0.238808
6.4 4.6 -0.010468 -0.252468
6.4 4.8 -0.0270087 -0.248774
6.4 5 0.0355102 -0.245195
6.4 5.2 0.157845 -0.187756
6.4 5.4 0.24272 -0.00690823
6.4 5.6 0.111395 0.213016
6.4 5.8 -0.185812 0.148705
6.4 6 -0.136959 -0.19169
6.4 6.2 0.220599 -0.0757483
6.4 6.4 -0.0418332 0.227058
6.4 6.6 -0.140733 -0.180114
6.4 6.8 0.218493 0.0589785
6.4 7 -0.220104 0.041954
6.4 7.2 0.199015 -0.0981128
6.4 7.4 -0.186796 0.115681
6.4 7.6 0.192374 -0.10162
6.4 7.8 -0.208194 0.0555438
6.4 8 0.212031 0.0242018
6.4 8.2 -0.170769 -0.124556
6.4 8.4 0.0596377 0.200723
6.4 8.6 0.0979577 -0.182872
6.4 8.8 -0.202372 0.0359009
6.4 9 0.135167 0.152337
6.4 9.2 0.0797931 -0.185386
6.4 9.4 -0.199461 -0.0148522
6.4 9.6 0.0308044 0.195813
6.4 9.8 0.188318 -0.056049
6.6 -10 -0.0826157 0.175836
6.6 -9.8 -0.157837 -0.116136
6.6 -9.6 0.158006 -0.118796
6.6 -9.4 0.0496963 0.193126
6.6 -9.2 -0.195089 -0.0490999
6.6 -9 0.153237 -0.133111
6.6 -8.8 -0.00199384 0.204812
6.6 -8.6 -0.135461 -0.156094
6.6 -8.4 0.201638 0.0533351
6.6 -8.2 -0.206097 0.0429723
6.6 -8 0.18336 -0.107411
6.6 -7.8 -0.162972 0.139467
6.6 -7.6 0.161084 -0.144738
6.6 -7.4 -0.181095 0.12248
6.6 -7.2 0.211614 -0.0626889
6.6 -7 -0.218556 -0.0435286
6.6 -6.8 0.145411 0.171709
6.6 -6.6 0.0373094 -0.224117
6.6 -6.4 -0.216922 0.0747877
6.6 -6.2 0.133183 0.189582
6.6 -6 0.18406 -0.144433
6.6 -5.8 -0.108883 -0.209664
6.6 -5.6 -0.238349 0.00991253
6.6 -5.4 -0.147673 0.190351
6.6 -5.2 -0.0163775 0.242699
6.6 -5 0.0569708 0.238921
6.6 -4.8 0.0565267 0.241417
6.6 -4.6 -0.0236122 0.249211
6.6 -4.4 -0.173159 0.18402
6.6 -4.2 -0.250114 -0.0498509
6.6 -4 0.00192448 -0.257319
6.6 -3.8 0.25426 0.0526158
6.6 -3.6 -0.188626 0.181705
6.6 -3.4 0.0665066 -0.255626
6.6 -3.2 -0.038368 0.263506
6.6 -3 0.126873 -0.236564
6.6 -2.8 -0.261718 0.0681605
6.6 -2.6 0.132333 0.238128
6.6 -2.4 0.265957 -0.0671708
6.6 -2.2 0.142619 -0.236375
6.6 -2 0.0846771 -0.264529
6.6 -1.8 0.166961 -0.223876
6.6 -1.6 0.280652 -0.00538103
6.6 -1.4 0.0238739 0.280958
6.6 -1.2 -0.253957 -0.12509
6.6 -1 0.283723 0.0139631
6.6 -0.8 -0.274427 -0.076351
6.6 -0.6 0.121109 0.258546
6.6 -0.4 0.25079 -0.137323
6.6 -0.2 0.024996 -0.285144
6.6 0 -0.06813 -0.278062
6.6 0.2 0.024996 -0.285144
6.6 0.4 0.25079 -0.137323
6.6 0.6 0.121109 0.258546
6.6 0.8 -0.274427 -0.076351
6.6 1 0.283723 0.0139631
6.6 1.2 -0.253957 -0.12509
6.6 1.4 0.0238739 0.280958
6.6 1.6 0.280652 -0.00538103
6.6 1.8 0.166961 -0.223876
6.6 2 0.0846771 -0.264529
6.6 2.2 0.142619 -0.236375
6.6 2.4 0.265957 -0.0671708
6.6 2.6 0.132333 0.238128
6.6 2.8 -0.261718 0.0681605
6.6 3 0.126873 -0.236564
6.6 3.2 -0.038368 0.263506
6.6 3.4 0.0665066 -0.255626
6.6 3.6 -0.188626 0.181705
6.6 3.8 0.25426 0.0526158
6.6 4 0.00192448 -0.257319
6.6 4.2 -0.250114 -0.0498509
6.6 4.4 -0.173159 0.18402
6.6 4.6 -0.0236122 0.249211
6.6 4.8 0.0565267 0.241417
6.6 5 0.0569708 0.238921
6.6 5.2 -0.0163775 0.242699
6.6 5.4 -0.147673 0.190351
6.6 5.6 -0.238349 0.00991253
6.6 5.8 -0.108883 -0.209664
6.6 6 0.18406 -0.144433
6.6 6.2 0.133183 0.189582
6.6 6.4 -0.216922 0.0747877
6.6 6.6 0.0373094 -0.224117
6.6 6.8 0.145411 0.171709
6.6 7 -0.218556 -0.0435286
6.6 7.2 0.211614 -0.0626889
6.6 7.4 -0.181095 0.12248
6.6 7.6 0.161084 -0.144738
6.6 7.8 -0.162972 0.139467
6.6 8 0.18336 -0.107411
6.6 8.2 -0.206097 0.0429723
6.6 8.4 0.201638 0.0533351
6.6 8.6 -0.135461 -0.156094
6.6 8.8 -0.00199384 0.204812
6.6 9 0.153237 -0.133111
6.6 9.2 -0.195089 -0.0490999
6.6 9.4 0.0496963 0.193126
6.6 9.6 0.158006 -0.118796
6.6 9.8 -0.157837 -0.116136
6.8 -10 0.192638 -0.020923
6.8 -9.8 -0.0469421 0.189703
6.8 -9.6 -0.151545 -0.126004
6.8 -9.4 0.188598 -0.0627915
6.8 -9.2 -0.0676162 0.188771
6.8 -9 -0.0874034 -0.182423
6.8 -8.8 0.183474 0.0893164
6.8 -8.6 -0.205003 0.019037
6.8 -8.4 0.181638 -0.10086
6.8 -8.2 -0.148497 0.147992
6.8 -8 0.128727 -0.167894
6.8 -7.8 -0.132928 0.167107
6.8 -7.6 0.161617 -0.142552
6.8 -7.4 -0.201878 0.0809141
6.8 -7.2 0.217566 0.0293615
6.8 -7 -0.149269 -0.163788
6.8 -6.8 -0.033296 0.221202
6.8 -6.6 0.213468 -0.0737267
6.8 -6.4 -0.129534 -0.187597
6.8 -6.2 -0.182405 0.140324
6.8 -6 0.106392 0.20653
6.8 -5.8 0.23418 -0.0124525
6.8 -5.6 0.138313 -0.192163
6.8 -5.4 -0.000746343 -0.238989
6.8 -5.2 -0.0828383 -0.22657
6.8 -5 -0.0958268 -0.223819
6.8 -4.8 -0.037087 -0.242904
6.8 -4.6 0.101858 -0.226102
6.8 -4.4 0.243259 -0.0585834
6.8 -4.2 0.130566 0.216043
6.8 -4 -0.225499 0.118241
6.8 -3.8 -0.0097306 -0.256638
6.8 -3.6 0.178929 0.187175
6.8 -3.4 -0.228948 -0.125382
6.8 -3.2 0.212737 0.154774
6.8 -3 -0.0937951 -0.247927
6.8 -2.8 -0.169482 0.206276
6.8 -2.6 0.2135 0.163354
6.8 -2.4 0.243727 -0.117526
6.8 -2.2 0.139755 -0.233598
6.8 -2 0.129439 -0.241275
6.8 -1.8 0.231087 -0.149443
6.8 -1.6 0.243231 0.13159
6.8 -1.4 -0.150762 0.233219
6.8 -1.2 -0.0896413 -0.263948
6.8 -1 0.163981 0.22653
6.8 -0.8 -0.0864684 -0.266713
6.8 -0.6 -0.163105 0.228799
6.8 -0.4 0.230952 0.160726
6.8 -0.2 0.265222 -0.0948138
6.8 0 0.222442 -0.172857
6.8 0.2 0.265222 -0.0948138
6.8 0.4 0.230952 0.160726
6.8 0.6 -0.163105 0.228799
6.8 0.8 -0.0864684 -0.266713
6.8 1 0.163981 0.22653
6.8 1.2 -0.0896413 -0.263948
6.8 1.4 -0.150762 0.233219
6.8 1.6 0.243231 0.13159
6.8 1.8 0.231087 -0.149443
6.8 2 0.129439 -0.241275
6.8 2.2 0.139755 -0.233598
6.8 2.4 0.243727 -0.117526
6.8 2.6 0.2135 0.163354
6.8 2.8 -0.169482 0.206276
6.8 3 -0.0937951 -0.247927
6.8 3.2 0.212737 0.154774
6.8 3.4 -0.228948 -0.125382
6.8 3.6 0.178929 0.187175
6.8 3.8 -0.0097306 -0.256638
6.8 4 -0.225499 0.118241
6.8 4.2 0.130566 0.216043
6.8 4.4 0.243259 -0.0585834
6.8 4.6 0.101858 -0.226102
6.8 4.8 -0.037087 -0.242904
6.8 5 -0.0958268 -0.223819
6.8 5.2 -0.0828383 -0.22657
6.8 5.4 -0.000746343 -0.238989
6.8 5.6 0.138313 -0.192163
6.8 5.8 0.23418 -0.0124525
6.8 6 0.106392 0.20653
6.8 6.2 -0.182405 0.140324
6.8 6.4 -0.129534 -0.187597
6.8 6.6 0.213468 -0.0737267
6.8 6.8 -0.033296 0.221202
6.8 7 -0.149269 -0.163788
6.8 7.2 0.217566 0.0293615
6.8 7.4 -0.201878 0.0809141
6.8 7.6 0.161617 -0.142552
6.8 7.8 -0.132928 0.167107
6.8 8 0.128727 -0.167894
6.8 8.2 -0.148497 0.147992
6.8 8.4 0.181638 -0.10086
6.8 8.6 -0.205003 0.019037
6.8 8.8 0.183474 0.0893164
6.8 9 -0.0874034 -0.182423
6.8 9.2 -0.0676162 0.188771
6.8 9.4 0.188598 -0.0627915
6.8 9.6 -0.151545 -0.126004
6.8 9.8 -0.0469421 0.189703
7 -10 -0.0766704 -0.177374
7 -9.8 0.193877 0.0192516
7 -9.6 -0.128025 0.149019
7 -9.4 -0.0279822 -0.196151
7 -9.2 0.153989 0.127354
7 -9 -0.201028 -0.0143393
7 -8.8 0.185216 -0.0838177
7 -8.6 -0.144104 0.145945
7 -8.4 0.107703 -0.176664
7 -8.2 -0.0921477 0.187301
7 -8 0.10373 -0.183309
7 -7.8 -0.14134 0.158691
7 -7.6 0.191308 -0.0968162
7 -7.4 -0.215749 -0.0164074
7 -7.2 0.152424 0.15634
7 -7 0.0297372 -0.218328
7 -6.8 -0.210217 0.0725818
7 -6.6 0.126003 0.185723
7 -6.4 0.180837 -0.136364
7 -6.2 -0.103923 -0.203593
7 -6 -0.230206 0.0145899
7 -5.8 -0.129713 0.19333
7 -5.6 0.0160315 0.2344
7 -5.4 0.104913 0.212603
7 -5.2 0.128383 0.201858
7 -5 0.0894584 0.224162
7 -4.8 -0.0280582 0.241911
7 -4.6 -0.197355 0.14628
7 -4.4 -0.215477 -0.122346
7 -4.2 0.109048 -0.224822
7 -4 0.183778 0.172406
7 -3.8 -0.251786 0.0337151
7 -3.6 0.208146 -0.14912
7 -3.4 -0.198016 0.165412
7 -3.2 0.245073 -0.0867395
7 -3 -0.234346 -0.116716
7 -2.8 -0.0409898 0.260413
7 -2.6 0.251139 0.0856382
7 -2.4 0.223983 -0.145295
7 -2.2 0.151817 -0.221477
7 -2 0.18019 -0.201064
7 -1.8 0.2673 -0.0463761
7 -1.6 0.135995 0.2362
7 -1.4 -0.260663 0.0832094
7 -1.2 0.126855 -0.24355
7 -1 -0.0771575 0.264404
7 -0.8 0.174138 -0.214277
7 -0.6 -0.274946 -0.0308126
7 -0.4 -0.0410416 0.273978
7 -0.2 0.19372 0.198404
7 0 0.244731 0.130489
7 0.2 0.19372 0.198404
7 0.4 -0.0410416 0.273978
7 0.6 -0.274946 -0.0308126
7 0.8 0.174138 -0.214277
7 1 -0.0771575 0.264404
7 1.2 0.126855 -0.24355
7 1.4 -0.260663 0.0832094
7 1.6 0.135995 0.2362
7 1.8 0.2673 -0.0463761
7 2 0.18019 -0.201064
7 2.2 0.151817 -0.221477
7 2.4 0.223983 -0.145295
7 2.6 0.251139 0.0856382
7 2.8 -0.0409898 0.260413
7 3 -0.234346 -0.116716
7 3.2 0.245073 -0.0867395
7 3.4 -0.198016 0.165412
7 3.6 0.208146 -0.14912
7 3.8 -0.251786 0.0337151
7 4 0.183778 0.172406
7 4.2 0.109048 -0.224822
7 4.4 -0.215477 -0.122346
7 4.6 -0.197355 0.14628
7 4.8 -0.0280582 0.241911
7 5 0.0894584 0.224162
7 5.2 0.128383 0.201858
7 5.4 0.104913 0.212603
7 5.6 0.0160315 0.2344
7 5.8 -0.129713 0.19333
7 6 -0.230206 0.0145899
7 6.2 -0.103923 -0.203593
7 6.4 0.180837 -0.136364
7 6.6 0.126003 0.185723
7 6.8 -0.210217 0.0725818
7 7 0.0297372 -0.218328
7 7.2 0.152424 0.15634
7 7.4 -0.215749 -0.0164074
7 7.6 0.191308 -0.0968162
7 7.8 -0.14134 0.158691
7 8 0.10373 -0.183309
7 8.2 -0.0921477 0.187301
7 8.4 0.107703 -0.176664
7 8.6 -0.144104 0.145945
7 8.8 0.185216 -0.0838177
7 9 -0.201028 -0.0143393
7 9.2 0.153989 0.127354
7 9.4 -0.0279822 -0.196151
7 9.6 -0.128025 0.149019
7 9.8 0.193877 0.0192516
7.2 -10 -0.172004 0.0867644
7.2 -9.8 0.037908 -0.19049
7.2 -9.6 0.111108 0.161269
7.2 -9.4 -0.18978 -0.0545434
7.2 -9.2 0.190738 -0.0571306
7.2 -9 -0.148298 0.135393
7.2 -8.8 0.098766 -0.176821
7.2 -8.6 -0.0644349 0.193837
7.2 -8.4 0.0552118 -0.198493
7.2 -8.2 -0.0745614 0.193996
7.2 -8 0.120851 -0.171296
7.2 -7.8 -0.180232 0.110596
7.2 -7.6 0.213289 0.00458903
7.2 -7.4 -0.154978 -0.149353
7.2 -7.2 -0.0265838 0.215508
7.2 -7 0.207152 -0.0713666
7.2 -6.8 -0.122582 -0.183949
7.2 -6.6 -0.179349 0.132544
7.2 -6.4 0.101479 0.200833
7.2 -6.2 0.226419 -0.0163772
7.2 -6 0.121819 -0.193971
7.2 -5.8 -0.0296459 -0.229193
7.2 -5.6 -0.123554 -0.197695
7.2 -5.4 -0.154559 -0.177269
7.2 -5.2 -0.13236 -0.196858
7.2 -5 -0.0406642 -0.235814
7.2 -4.8 0.128135 -0.204519
7.2 -4.6 0.243158 0.0101814
7.2 -4.4 0.0340614 0.243012
7.2 -4.2 -0.247277 -0.00746447
7.2 -4 0.133494 -0.210656
7.2 -3.8 0.0229538 0.250259
7.2 -3.6 -0.0874556 -0.237647
7.2 -3.4 0.0516412 0.24981
7.2 -3.2 0.0929598 -0.239514
7.2 -3 -0.254184 0.0478229
7.2 -2.8 0.0735589 0.24976
7.2 -2.6 0.261055 0.0218523
7.2 -2.4 0.212627 -0.155641
7.2 -2.2 0.175284 -0.198693
7.2 -2 0.226946 -0.139349
7.2 -1.8 0.25765 0.0721101
7.2 -1.6 -0.01727 0.268156
7.2 -1.4 -0.247818 -0.106447
7.2 -1.2 0.261324 -0.0703689
7.2 -1 -0.253781 0.0961747
7.2 -0.8 0.270186 0.0316681
7.2 -0.6 -0.103848 -0.251981
7.2 -0.4 -0.260026 0.0828034
7.2 -0.2 -0.0982065 0.254856
7.2 0 -0.0189736 0.27252
7.2 0.2 -0.0982065 0.254856
7.2 0.4 -0.260026 0.0828034
7.2 0.6 -0.103848 -0.251981
7.2 0.8 0.270186 0.0316681
7.2 1 -0.253781 0.0961747
7.2 1.2 0.261324 -0.0703689
7.2 1.4 -0.247818 -0.106447
7.2 1.6 -0.01727 0.268156
7.2 1.8 0.25765 0.0721101
7.2 2 0.226946 -0.139349
7.2 2.2 0.175284 -0.198693
7.2 2.4 0.212627 -0.155641
7.2 2.6 0.261055 0.0218523
7.2 2.8 0.0735589 0.24976
7.2 3 -0.254184 0.0478229
7.2 3.2 0.0929598 -0.239514
7.2 3.4 0.0516412 0.24981
7.2 3.6 -0.0874556 -0.237647
7.2 3.8 0.0229538 0.250259
7.2 4 0.133494 -0.210656
7.2 4.2 -0.247277 -0.00746447
7.2 4.4 0.0340614 0.243012
7.2 4.6 0.243158 0.0101814
7.2 4.8 0.128135 -0.204519
7.2 5 -0.0406642 -0.235814
7.2 5.2 -0.13236 -0.196858
7.2 5.4 -0.154559 -0.177269
7.2 5.6 -0.123554 -0.197695
7.2 5.8 -0.0296459 -0.229193
7.2 6 0.121819 -0.193971
7.2 6.2 0.226419 -0.0163772
7.2 6.4 0.101479 0.200833
7.2 6.6 -0.179349 0.132544
7.2 6.8 -0.122582 -0.183949
7.2 7 0.207152 -0.0713666
7.2 7.2 -0.0265838 0.215508
7.2 7.4 -0.154978 -0.149353
7.2 7.6 0.213289 0.00458903
7.2 7.8 -0.180232 0.110596
7.2 8 0.120851 -0.171296
7.2 8.2 -0.0745614 0.193996
7.2 8.4 0.0552118 -0.198493
7.2 8.6 -0.0644349 0.193837
7.2 8.8 0.098766 -0.176821
7.2 9 -0.148298 0.135393
7.2 9.2 0.190738 -0.0571306
7.2 9.4 -0.18978 -0.0545434
7.2 9.6 0.111108 0.161269
7.2 9.8 0.037908 -0.19049
7.4 -10 0.0553654 0.18391
7.4 -9.8 -0.167218 -0.0975979
7.4 -9.6 0.193976 -0.0216258
7.4 -9.4 -0.158402 0.11673
7.4 -9.2 0.100638 -0.170986
7.4 -9 -0.050231 0.193654
7.4 -8.8 0.0214294 -0.200582
7.4 -8.6 -0.0194029 0.20249
7.4 -8.4 0.0462157 -0.199873
7.4 -8.2 -0.100588 0.180775
7.4 -8 0.168908 -0.122454
7.4 -7.8 -0.210339 0.00617421
7.4 -7.6 0.157016 0.142808
7.4 -7.4 0.0237929 -0.212747
7.4 -7.2 -0.204257 0.070093
7.4 -7 0.119264 0.182267
7.4 -6.8 0.177934 -0.128854
7.4 -6.6 -0.0990611 -0.198235
7.4 -6.4 -0.222807 0.0178586
7.4 -6.2 -0.114577 0.194182
7.4 -6 0.041749 0.223572
7.4 -5.8 0.139137 0.182352
7.4 -5.6 0.17492 0.151394
7.4 -5.4 0.165681 0.16424
7.4 -5.2 0.099676 0.213102
7.4 -5 -0.0498884 0.231941
7.4 -4.8 -0.220289 0.0931539
7.4 -4.6 -0.153359 -0.186069
7.4 -4.4 0.194543 -0.145663
7.4 -4.2 0.0598476 0.237544
7.4 -4 -0.215127 -0.121007
7.4 -3.8 0.247908 0.0193835
7.4 -3.6 -0.250316 -0.00885484
7.4 -3.4 0.232508 0.097828
7.4 -3.2 -0.0963664 -0.234947
7.4 -3 -0.188359 0.172777
7.4 -2.8 0.154946 0.205295
7.4 -2.6 0.257704 -0.0227966
7.4 -2.4 0.211119 -0.152011
7.4 -2.2 0.204918 -0.162496
7.4 -2 0.256765 -0.0558579
7.4 -1.8 0.191956 0.18118
7.4 -1.6 -0.167148 0.205658
7.4 -1.4 -0.109872 -0.242212
7.4 -1.2 0.222771 0.146851
7.4 -1 -0.224466 -0.145553
7.4 -0.8 0.114387 0.242507
7.4 -0.6 0.169329 -0.208495
7.4 -0.4 -0.185886 -0.194342
7.4 -0.2 -0.268631 0.0164594
7.4 0 -0.252798 0.0925173
7.4 0.2 -0.268631 0.0164594
7.4 0.4 -0.185886 -0.194342
7.4 0.6 0.169329 -0.208495
7.4 0.8 0.114387 0.242507
7.4 1 -0.224466 -0.145553
7.4 1.2 0.222771 0.146851
7.4 1.4 -0.109872 -0.242212
7.4 1.6 -0.167148 0.205658
7.4 1.8 0.191956 0.18118
7.4 2 0.256765 -0.0558579
7.4 2.2 0.204918 -0.162496
7.4 2.4 0.211119 -0.152011
7.4 2.6 0.257704 -0.0227966
7.4 2.8 0.154946 0.205295
7.4 3 -0.188359 0.172777
7.4 3.2 -0.0963664 -0.234947
7.4 3.4 0.232508 0.097828
7.4 3.6 -0.250316 -0.00885484
7.4 3.8 0.247908 0.0193835
7.4 4 -0.215127 -0.121007
7.4 4.2 0.0598476 0.237544
7.4 4.4 0.194543 -0.145663
7.4 4.6 -0.153359 -0.186069
7.4 4.8 -0.220289 0.0931539
7.4 5 -0.0498884 0.231941
7.4 5.2 0.099676 0.213102
7.4 5.4 0.165681 0.16424
7.4 5.6 0.17492 0.151394
7.4 5.8 0.139137 0.182352
7.4 6 0.041749 0.223572
7.4 6.2 -0.114577 0.194182
7.4 6.4 -0.222807 0.0178586
7.4 6.6 -0.0990611 -0.198235
7.4 6.8 0.177934 -0.128854
7.4 7 0.119264 0.182267
7.4 7.2 -0.204257 0.070093
7.4 7.4 0.0237929 -0.212747
7.4 7.6 0.157016 0.142808
7.4 7.8 -0.210339 0.00617421
7.4 8 0.168908 -0.122454
7.4 8.2 -0.100588 0.180775
7.4 8.4 0.0462157 -0.199873
7.4 8.6 -0.0194029 0.20249
7.4 8.8 0.0214294 -0.200582
7.4 9 -0.050231 0.193654
7.4 9.2 0.100638 -0.170986
7.4 9.4 -0.158402 0.11673
7.4 9.6 0.193976 -0.0216258
7.4 9.8 -0.167218 -0.0975979
7.6 -10 0.190309 0.0210063
7.6 -9.8 -0.170887 0.0896356
7.6 -9.6 0.111192 -0.159589
7.6 -9.4 -0.0481392 0.190083
7.6 -9.2 0.00221688 -0.197664
7.6 -9 0.0192781 0.198337
7.6 -8.8 -0.0142239 -0.200398
7.6 -8.6 -0.0192531 0.201646
7.6 -8.4 0.0808751 -0.187526
7.6 -8.2 -0.157534 0.132589
7.6 -8 0.207022 -0.0159625
7.6 -7.8 -0.158612 -0.136684
7.6 -7.6 -0.0213268 0.210053
7.6 -7.4 0.201518 -0.0687709
7.6 -7.2 -0.116041 -0.180668
7.6 -7 -0.176584 0.125285
7.6 -6.8 0.0966715 0.195784
7.6 -6.6 0.219362 -0.0190715
7.6 -6.4 0.107937 -0.194043
7.6 -6.2 -0.0524903 -0.217697
7.6 -6 -0.152026 -0.166945
7.6 -5.8 -0.190124 -0.125238
7.6 -5.6 -0.189943 -0.1289
7.6 -5.4 -0.146705 -0.178984
7.6 -5.2 -0.0263004 -0.23185
7.6 -5 0.161733 -0.170759
7.6 -4.8 0.221159 0.0853414
7.6 -4.6 -0.0707405 0.228188
7.6 -4.4 -0.202995 -0.129421
7.6 -4.2 0.224503 -0.0918558
7.6 -4 -0.135406 0.203362
7.6 -3.8 0.0882887 -0.229701
7.6 -3.6 -0.126174 0.213261
7.6 -3.4 0.222661 -0.112508
7.6 -3.2 -0.218375 -0.123856
7.6 -3 -0.0883765 0.236687
7.6 -2.8 0.20375 0.151882
7.6 -2.6 0.250862 -0.0487815
7.6 -2.4 0.218101 -0.135784
7.6 -2.2 0.23342 -0.110388
7.6 -2 0.255816 0.0427494
7.6 -1.8 0.0756814 0.249258
7.6 -1.6 -0.25389 0.0624703
7.6 -1.4 0.0864784 -0.247711
7.6 -1.2 0.0328923 0.26109
7.6 -1 -0.0121755 -0.26354
7.6 -0.8 -0.144953 0.221107
7.6 -0.6 0.260113 0.0496674
7.6 -0.4 0.0920825 -0.248628
7.6 -0.2 -0.124795 -0.234134
7.6 0 -0.184967 -0.190302
7.6 0.2 -0.124795 -0.234134
7.6 0.4 0.0920825 -0.248628
7.6 0.6 0.260113 0.0496674
7.6 0.8 -0.144953 0.221107
7.6 1 -0.0121755 -0.26354
7.6 1.2 0.0328923 0.26109
7.6 1.4 0.0864784 -0.247711
7.6 1.6 -0.25389 0.0624703
7.6 1.8 0.0756814 0.249258
7.6 2 0.255816 0.0427494
7.6 2.2 0.23342 -0.110388
7.6 2.4 0.218101 -0.135784
7.6 2.6 0.250862 -0.0487815
7.6 2.8 0.20375 0.151882
7.6 3 -0.0883765 0.236687
7.6 3.2 -0.218375 -0.123856
7.6 3.4 0.222661 -0.112508
7.6 3.6 -0.126174 0.213261
7.6 3.8 0.0882887 -0.229701
7.6 4 -0.135406 0.203362
7.6 4.2 0.224503 -0.0918558
7.6 4.4 -0.202995 -0.129421
7.6 4.6 -0.0707405 0.228188
7.6 4.8 0.221159 0.0853414
7.6 5 0.161733 -0.170759
7.6 5.2 -0.0263004 -0.23185
7.6 5.4 -0.146705 -0.178984
7.6 5.6 -0.189943 -0.1289
7.6 5.8 -0.190124 -0.125238
7.6 6 -0.152026 -0.166945
7.6 6.2 -0.0524903 -0.217697
7.6 6.4 0.107937 -0.194043
7.6 6.6 0.219362 -0.0190715
7.6 6.8 0.0966715 0.195784
7.6 7 -0.176584 0.125285
7.6 7.2 -0.116041 -0.180668
7.6 7.4 0.201518 -0.0687709
7.6 7.6 -0.0213268 0.210053
7.6 7.8 -0.158612 -0.136684
7.6 8 0.207022 -0.0159625
7.6 8.2 -0.157534 0.132589
7.6 8.4 0.0808751 -0.187526
7.6 8.6 -0.0192531 0.201646
7.6 8.8 -0.0142239 -0.200398
7.6 9 0.0192781 0.198337
7.6 9.2 0.00221688 -0.197664
7.6 9.4 -0.0481392 0.190083
7.6 9.6 0.111192 -0.159589
7.6 9.8 -0.170887 0.0896356
7.8 -10 0.127717 -0.141794
7.8 -9.8 -0.0562944 0.183896
7.8 -9.6 -0.00426757 -0.193795
7.8 -9.4 0.0424969 0.190694
7.8 -9.2 -0.0562804 -0.188693
7.8 -9 0.0449704 0.193315
7.8 -8.8 -0.00595258 -0.199985
7.8 -8.6 -0.0619393 0.191921
7.8 -8.4 0.146261 -0.141184
7.8 -8.2 -0.20344 0.0248537
7.8 -8 0.159828 0.130959
7.8 -7.8 0.0191521 -0.207428
7.8 -7.6 -0.198921 0.0674086
7.8 -7.4 0.112909 0.179144
7.8 -7.2 0.175294 -0.121829
7.8 -7 -0.094311 -0.193467
7.8 -6.8 -0.216074 0.0200476
7.8 -6.6 -0.101849 0.19362
7.8 -6.4 0.0620087 0.211692
7.8 -6.2 0.16256 0.151745
7.8 -6 0.200858 0.0995245
7.8 -5.8 0.206034 0.0928257
7.8 -5.6 0.18118 0.13804
7.8 -5.4 0.0929643 0.209939
7.8 -5.2 -0.0842031 0.215542
7.8 -5 -0.231728 0.0259421
7.8 -4.8 -0.0662521 -0.225433
7.8 -4.6 0.234444 -0.0327747
7.8 -4.4 -0.0798642 0.224727
7.8 -4.2 -0.0941818 -0.22096
7.8 -4 0.171622 0.170452
7.8 -3.8 -0.175278 -0.169108
7.8 -3.6 0.1031 0.222448
7.8 -3.4 0.080517 -0.233244
7.8 -3.2 -0.247784 0.0154681
7.8 -3 0.00865611 0.249622
7.8 -2.8 0.228512 0.104212
7.8 -2.6 0.245694 -0.0582961
7.8 -2.4 0.230185 -0.10688
7.8 -2.2 0.251502 -0.0420484
7.8 -2 0.213451 0.14149
7.8 -1.8 -0.0655604 0.248653
7.8 -1.6 -0.23429 -0.108149
7.8 -1.4 0.232863 -0.113191
7.8 -1.2 -0.177507 0.189472
7.8 -1 0.206127 -0.158904
7.8 -0.8 -0.260606 -0.00978728
7.8 -0.6 0.0773773 0.249463
7.8 -0.4 0.260276 -0.0251845
7.8 -0.2 0.158982 -0.207818
7.8 0 0.0969004 -0.243127
7.8 0.2 0.158982 -0.207818
7.8 0.4 0.260276 -0.0251845
7.8 0.6 0.0773773 0.249463
7.8 0.8 -0.260606 -0.00978728
7.8 1 0.206127 -0.158904
7.8 1.2 -0.177507 0.189472
7.8 1.4 0.232863 -0.113191
7.8 1.6 -0.23429 -0.108149
7.8 1.8 -0.0655604 0.248653
7.8 2 0.213451 0.14149
7.8 2.2 0.251502 -0.0420484
7.8 2.4 0.230185 -0.10688
7.8 2.6 0.245694 -0.0582961
7.8 2.8 0.228512 0.104212
7.8 3 0.00865611 0.249622
7.8 3.2 -0.247784 0.0154681
7.8 3.4 0.080517 -0.233244
7.8 3.6 0.1031 0.222448
7.8 3.8 -0.175278 -0.169108
7.8 4 0.171622 0.170452
7.8 4.2 -0.0941818 -0.22096
7.8 4.4 -0.0798642 0.224727
7.8 4.6 0.234444 -0.0327747
7.8 4.8 -0.0662521 -0.225433
7.8 5 -0.231728 0.0259421
7.8 5.2 -0.0842031 0.215542
7.8 5.4 0.0929643 0.209939
7.8 5.6 0.18118 0.13804
7.8 5.8 0.206034 0.0928257
7.8 6 0.200858 0.0995245
7.8 6.2 0.16256 0.151745
7.8 6.4 0.0620087 0.211692
7.8 6.6 -0.101849 0.19362
7.8 6.8 -0.216074 0.0200476
7.8 7 -0.094311 -0.193467
7.8 7.2 0.175294 -0.121829
7.8 7.4 0.112909 0.179144
7.8 7.6 -0.198921 0.0674086
7.8 7.8 0.0191521 -0.207428
7.8 8 0.159828 0.130959
7.8 8.2 -0.20344 0.0248537
7.8 8.4 0.146261 -0.141184
7.8 8.6 -0.0619393 0.191921
7.8 8.8 -0.00595258 -0.199985
7.8 9 0.0449704 0.193315
7.8 9.2 -0.0562804 -0.188693
7.8 9.4 0.0424969 0.190694
7.8 9.6 -0.00426757 -0.193795
7.8 9.8 -0.0562944 0.183896
8 -10 4.30203e-05 -0.190205
8 -9.8 0.0528133 0.184254
8 -9.6 -0.0820075 -0.17487
8 -9.4 0.0886991 0.173236
8 -9.2 -0.0724238 -0.182276
8 -9 0.0291741 0.195508
8 -8.8 0.0439342 -0.194302
8 -8.6 -0.135205 0.148414
8 -8.4 0.199674 -0.032922
8 -8.2 -0.160718 -0.125612
8 -8 -0.0172395 0.204874
8 -7.8 0.196456 -0.0660133
8 -7.6 -0.109861 -0.17769
8 -7.4 -0.174059 0.118479
8 -7.2 0.0919805 0.191274
8 -7 0.212932 -0.0208141
8 -6.8 0.096266 -0.192967
8 -6.6 -0.0704326 -0.205655
8 -6.4 -0.171046 -0.136943
8 -6.2 -0.20778 -0.0747545
8 -6 -0.215012 -0.0574724
8 -5.8 -0.203641 -0.0940093
8 -5.6 -0.145914 -0.172629
8 -5.4 0.00245886 -0.227773
8 -5.2 0.19432 -0.122075
8 -5 0.171393 0.155175
8 -4.8 -0.162239 0.167103
8 -4.6 -0.101036 -0.211727
8 -4.4 0.229398 0.0565696
8 -4.2 -0.227381 0.0698843
8 -4 0.212202 -0.11107
8 -3.8 -0.230434 0.0708631
8 -3.6 0.234126 0.0636695
8 -3.4 -0.0834545 -0.229391
8 -3.2 -0.208166 0.130268
8 -3 0.0853809 0.231734
8 -2.8 0.238523 0.0689005
8 -2.6 0.243793 -0.0533626
8 -2.4 0.242235 -0.0648389
8 -2.2 0.248894 0.0387161
8 -2 0.127567 0.218406
8 -1.8 -0.189243 0.169299
8 -1.6 -0.108516 -0.230494
8 -1.4 0.240167 0.0874315
8 -1.2 -0.255534 -0.0190468
8 -1 0.244335 0.0792051
8 -0.8 -0.123086 -0.225987
8 -0.6 -0.182019 0.182435
8 -0.4 0.133966 0.220487
8 -0.2 0.251614 0.0576916
8 0 0.257998 -0.0106076
8 0.2 0.251614 0.0576916
8 0.4 0.133966 0.220487
8 0.6 -0.182019 0.182435
8 0.8 -0.123086 -0.225987
8 1 0.244335 0.0792051
8 1.2 -0.255534 -0.0190468
8 1.4 0.240167 0.0874315
8 1.6 -0.108516 -0.230494
8 1.8 -0.189243 0.169299
8 2 0.127567 0.218406
8 2.2 0.248894 0.0387161
8 2.4 0.242235 -0.0648389
8 2.6 0.243793 -0.0533626
8 2.8 0.238523 0.0689005
8 3 0.0853809 0.231734
8 3.2 -0.208166 0.130268
8 3.4 -0.0834545 -0.229391
8 3.6 0.234126 0.0636695
8 3.8 -0.230434 0.0708631
8 4 0.212202 -0.11107
8 4.2 -0.227381 0.0698843
8 4.4 0.229398 0.0565696
8 4.6 -0.101036 -0.211727
8 4.8 -0.162239 0.167103
8 5 0.171393 0.155175
8 5.2 0.19432 -0.122075
8 5.4 0.00245886 -0.227773
8 5.6 -0.145914 -0.172629
8 5.8 -0.203641 -0.0940093
8 6 -0.215012 -0.0574724
8 6.2 -0.20778 -0.0747545
8 6.4 -0.171046 -0.136943
8 6.6 -0.0704326 -0.205655
8 6.8 0.096266 -0.192967
8 7 0.212932 -0.0208141
8 7.2 0.0919805 0.191274
8 7.4 -0.174059 0.118479
8 7.6 -0.109861 -0.17769
8 7.8 0.196456 -0.0660133
8 8 -0.0172395 0.204874
8 8.2 -0.160718 -0.125612
8 8.4 0.199674 -0.032922
8 8.6 -0.135205 0.148414
8 8.8 0.0439342 -0.194302
8 9 0.0291741 0.195508
8 9.2 -0.0724238 -0.182276
8 9.4 0.0886991 0.173236
8 9.6 -0.0820075 -0.17487
8 9.8 0.0528133 0.184254
8.2 -10 -0.0948906 -0.164117
8.2 -9.8 0.11517 0.152359
8.2 -9.6 -0.11608 -0.153459
8.2 -9.4 0.0963924 0.168216
8.2 -9.2 -0.0502968 -0.18877
8.2 -9 -0.0269551 0.19498
8.2 -8.8 0.124447 -0.154436
8.2 -8.6 -0.19579 0.0402374
8.2 -8.4 0.161329 0.12062
8.2 -8.2 0.0155631 -0.202392
8.2 -8 -0.194111 0.0645912
8.2 -7.8 0.106893 0.176299
8.2 -7.6 0.172875 -0.115227
8.2 -7.4 -0.0896807 -0.189193
8.2 -7.2 -0.209929 0.0213945
8.2 -7 -0.0911458 0.192127
8.2 -6.8 0.0778793 0.19966
8.2 -6.6 0.177763 0.122673
8.2 -6.4 0.211499 0.0512567
8.2 -6.2 0.217987 0.0238541
8.2 -6 0.215287 0.0497694
8.2 -5.8 0.183547 0.125993
8.2 -5.6 0.0724238 0.212306
8.2 -5.4 -0.125354 0.188007
8.2 -5.2 -0.222089 -0.0497968
8.2 -5 0.0343584 -0.22667
8.2 -4.8 0.213704 0.0873866
8.2 -4.6 -0.188425 0.136222
8.2 -4.4 0.0604122 -0.226141
8.2 -4.2 0.0191286 0.234854
8.2 -4 -0.016704 -0.236595
8.2 -3.8 -0.0715773 0.227685
8.2 -3.6 0.208993 -0.118262
8.2 -3.4 -0.196028 -0.141107
8.2 -3.2 -0.135333 0.20175
8.2 -3 0.138436 0.201203
8.2 -2.8 0.240791 0.0478175
8.2 -2.6 0.244159 -0.0353373
8.2 -2.4 0.247624 -0.0101481
8.2 -2.2 0.216607 0.122583
8.2 -2 0.0093751 0.24971
8.2 -1.8 -0.249044 0.0296054
8.2 -1.6 0.0697894 -0.241728
8.2 -1.4 0.0988368 0.232216
8.2 -1.2 -0.140924 -0.210098
8.2 -1 0.0695523 0.243841
8.2 -0.8 0.13098 -0.217633
8.2 -0.6 -0.242864 -0.0756242
8.2 -0.4 -0.138864 0.213437
8.2 -0.2 0.0510823 0.249595
8.2 0 0.113468 0.228189
8.2 0.2 0.0510823 0.249595
8.2 0.4 -0.138864 0.213437
8.2 0.6 -0.242864 -0.0756242
8.2 0.8 0.13098 -0.217633
8.2 1 0.0695523 0.243841
8.2 1.2 -0.140924 -0.210098
8.2 1.4 0.0988368 0.232216
8.2 1.6 0.0697894 -0.241728
8.2 1.8 -0.249044 0.0296054
8.2 2 0.0093751 0.24971
8.2 2.2 0.216607 0.122583
8.2 2.4 0.247624 -0.0101481
8.2 2.6 0.244159 -0.0353373
8.2 2.8 0.240791 0.0478175
8.2 3 0.138436 0.201203
8.2 3.2 -0.135333 0.20175
8.2 3.4 -0.196028 -0.141107
8.2 3.6 0.208993 -0.118262
8.2 3.8 -0.0715773 0.227685
8.2 4 -0.016704 -0.236595
8.2 4.2 0.0191286 0.234854
8.2 4.4 0.0604122 -0.226141
8.2 4.6 -0.188425 0.136222
8.2 4.8 0.213704 0.0873866
8.2 5 0.0343584 -0.22667
8.2 5.2 -0.222089 -0.0497968
8.2 5.4 -0.125354 0.188007
8.2 5.6 0.0724238 0.212306
8.2 5.8 0.183547 0.125993
8.2 6 0.215287 0.0497694
8.2 6.2 0.217987 0.0238541
8.2 6.4 0.211499 0.0512567
8.2 6.6 0.177763 0.122673
8.2 6.8 0.0778793 0.19966
8.2 7 -0.0911458 0.192127
8.2 7.2 -0.209929 0.0213945
8.2 7.4 -0.0896807 -0.189193
8.2 7.6 0.172875 -0.115227
8.2 7.8 0.106893 0.176299
8.2 8 -0.194111 0.0645912
8.2 8.2 0.0155631 -0.202392
8.2 8.4 0.161329 0.12062
8.2 8.6 -0.19579 0.0402374
8.2 8.8 0.124447 -0.154436
8.2 9 -0.0269551 0.19498
8.2 9.2 -0.0502968 -0.18877
8.2 9.4 0.0963924 0.168216
8.2 9.6 -0.11608 -0.153459
8.2 9.8 0.11517 0.152359
8.4 -10 -0.141453 -0.125205
8.4 -9.8 0.138297 0.130697
8.4 -9.6 -0.11685 -0.151961
8.4 -9.4 0.0692907 0.18026
8.4 -9.2 0.0110531 -0.19423
8.4 -9 -0.114049 0.159394
8.4 -8.8 0.191843 -0.046865
8.4 -8.6 -0.161698 -0.115962
8.4 -8.4 -0.0140998 0.199981
8.4 -8.2 0.191878 -0.0631474
8.4 -8 -0.104 -0.174966
8.4 -7.8 -0.171736 0.112068
8.4 -7.6 0.087412 0.187215
8.4 -7.4 0.207056 -0.0218094
8.4 -7.2 0.0864492 -0.191136
8.4 -7 -0.0844554 -0.193762
8.4 -6.8 -0.182959 -0.109024
8.4 -6.6 -0.212561 -0.0292313
8.4 -6.4 -0.216029 0.0073723
8.4 -6.2 -0.217649 -0.00741034
8.4 -6 -0.206081 -0.0752085
8.4 -5.8 -0.133406 -0.176188
8.4 -5.6 0.0423472 -0.218535
8.4 -5.4 0.216421 -0.0584148
8.4 -5.2 0.0945825 0.204997
8.4 -5 -0.21689 0.0681244
8.4 -4.8 0.0297459 -0.226959
8.4 -4.6 0.146355 0.177994
8.4 -4.4 -0.2143 -0.0886825
8.4 -4.2 0.226684 0.0557562
8.4 -4 -0.212528 -0.100039
8.4 -3.8 0.12778 0.198792
8.4 -3.6 0.0838286 -0.222423
8.4 -3.4 -0.237754 -0.0248097
8.4 -3.2 -0.0574082 0.233407
8.4 -3 0.171289 0.170351
8.4 -2.8 0.23937 0.0406399
8.4 -2.6 0.243869 -0.00522268
8.4 -2.4 0.238886 0.0543622
8.4 -2.2 0.150302 0.194733
8.4 -2 -0.115225 0.218408
8.4 -1.8 -0.215094 -0.123007
8.4 -1.6 0.212216 -0.129399
8.4 -1.4 -0.104652 0.226242
8.4 -1.2 0.0802369 -0.236611
8.4 -1 -0.163249 0.189871
8.4 -0.8 0.25077 0.00426529
8.4 -0.6 -0.0443196 -0.247209
8.4 -0.4 -0.249273 -0.0326368
8.4 -0.2 -0.203418 0.147937
8.4 0 -0.159956 0.194208
8.4 0.2 -0.203418 0.147937
8.4 0.4 -0.249273 -0.0326368
8.4 0.6 -0.0443196 -0.247209
8.4 0.8 0.25077 0.00426529
8.4 1 -0.163249 0.189871
8.4 1.2 0.0802369 -0.236611
8.4 1.4 -0.104652 0.226242
8.4 1.6 0.212216 -0.129399
8.4 1.8 -0.215094 -0.123007
8.4 2 -0.115225 0.218408
8.4 2.2 0.150302 0.194733
8.4 2.4 0.238886 0.0543622
8.4 2.6 0.243869 -0.00522268
8.4 2.8 0.23937 0.0406399
8.4 3 0.171289 0.170351
8.4 3.2 -0.0574082 0.233407
8.4 3.4 -0.237754 -0.0248097
8.4 3.6 0.0838286 -0.222423
8.4 3.8 0.12778 0.198792
8.4 4 -0.212528 -0.100039
8.4 4.2 0.226684 0.0557562
8.4 4.4 -0.2143 -0.0886825
8.4 4.6 0.146355 0.177994
8.4 4.8 0.0297459 -0.226959
8.4 5 -0.21689 0.0681244
8.4 5.2 0.0945825 0.204997
8.4 5.4 0.216421 -0.0584148
8.4 5.6 0.0423472 -0.218535
8.4 5.8 -0.133406 -0.176188
8.4 6 -0.206081 -0.0752085
8.4 6.2 -0.217649 -0.00741034
8.4 6.4 -0.216029 0.0073723
8.4 6.6 -0.212561 -0.0292313
8.4 6.8 -0.182959 -0.109024
8.4 7 -0.0844554 -0.193762
8.4 7.2 0.0864492 -0.191136
8.4 7.4 0.207056 -0.0218094
8.4 7.6 0.087412 0.187215
8.4 7.8 -0.171736 0.112068
8.4 8 -0.104 -0.174966
8.4 8.2 0.191878 -0.0631474
8.4 8.4 -0.0140998 0.199981
8.4 8.6 -0.161698 -0.115962
8.4 8.8 0.191843 -0.046865
8.4 9 -0.114049 0.159394
8.4 9.2 0.0110531 -0.19423
8.4 9.4 0.0692907 0.18026
8.4 9.6 -0.11685 -0.151961
8.4 9.8 0.138297 0.130697
8.6 -10 -0.155459 -0.106106
8.6 -9.8 0.133889 0.134218
8.6 -9.6 -0.086187 -0.1704
8.6 -9.4 0.0037543 0.192296
8.6 -9.2 0.10405 -0.163419
8.6 -9 -0.187874 0.0528652
8.6 -8.8 0.16186 0.111618
8.6 -8.6 0.0128292 -0.19764
8.6 -8.4 -0.189748 0.0616864
8.6 -8.2 0.101177 0.173687
8.6 -8 0.170639 -0.108996
8.6 -7.8 -0.0851746 -0.185332
8.6 -7.6 -0.204305 0.0220767
8.6 -7.4 -0.0821409 0.190023
8.6 -7.2 0.0902565 0.188
8.6 -7 0.186853 0.0960522
8.6 -6.8 0.211444 0.00878496
8.6 -6.6 0.21012 -0.0358255
8.6 -6.4 0.212368 -0.0316502
8.6 -6.2 0.214888 0.0243466
8.6 -6 0.17703 0.126897
8.6 -5.8 0.0397466 0.215741
8.6 -5.6 -0.166135 0.145565
8.6 -5.4 -0.184797 -0.123763
8.6 -5.2 0.129193 -0.182925
8.6 -5 0.133836 0.181423
8.6 -4.8 -0.226938 0.00218802
8.6 -4.6 0.183394 -0.136127
8.6 -4.4 -0.135289 0.185806
8.6 -4.2 0.142343 -0.182294
8.6 -4 -0.201024 0.117126
8.6 -3.8 0.228872 0.0488012
8.6 -3.6 -0.0594243 -0.227698
8.6 -3.4 -0.222854 0.0795413
8.6 -3.2 0.00998278 0.237639
8.6 -3 0.189234 0.146005
8.6 -2.8 0.235677 0.0462567
8.6 -2.6 0.238588 0.0355966
8.6 -2.4 0.209061 0.122377
8.6 -2.2 0.0539396 0.237132
8.6 -2 -0.210265 0.123959
8.6 -1.8 -0.0928898 -0.226569
8.6 -1.6 0.240002 0.0522092
8.6 -1.4 -0.236229 0.0696393
8.6 -1.2 0.234695 -0.076419
8.6 -1 -0.245091 -0.0333616
8.6 -0.8 0.119336 0.217084
8.6 -0.6 0.196905 -0.150861
8.6 -0.4 -0.0769537 -0.236059
8.6 -0.2 -0.216129 -0.122437
8.6 0 -0.239565 -0.0659476
8.6 0.2 -0.216129 -0.122437
8.6 0.4 -0.0769537 -0.236059
8.6 0.6 0.196905 -0.150861
8.6 0.8 0.119336 0.217084
8.6 1 -0.245091 -0.0333616
8.6 1.2 0.234695 -0.076419
8.6 1.4 -0.236229 0.0696393
8.6 1.6 0.240002 0.0522092
8.6 1.8 -0.0928898 -0.226569
8.6 2 -0.210265 0.123959
8.6 2.2 0.0539396 0.237132
8.6 2.4 0.209061 0.122377
8.6 2.6 0.238588 0.0355966
8.6 2.8 0.235677 0.0462567
8.6 3 0.189234 0.146005
8.6 3.2 0.00998278 0.237639
8.6 3.4 -0.222854 0.0795413
8.6 3.6 -0.0594243 -0.227698
8.6 3.8 0.228872 0.0488012
8.6 4 -0.201024 0.117126
8.6 4.2 0.142343 -0.182294
8.6 4.4 -0.135289 0.185806
8.6 4.6 0.183394 -0.136127
8.6 4.8 -0.226938 0.00218802
8.6 5 0.133836 0.181423
8.6 5.2 0.129193 -0.182925
8.6 5.4 -0.184797 -0.123763
8.6 5.6 -0.166135 0.145565
8.6 5.8 0.0397466 0.215741
8.6 6 0.17703 0.126897
8.6 6.2 0.214888 0.0243466
8.6 6.4 0.212368 -0.0316502
8.6 6.6 0.21012 -0.0358255
8.6 6.8 0.211444 0.00878496
8.6 7 0.186853 0.0960522
8.6 7.2 0.0902565 0.188
8.6 7.4 -0.0821409 0.190023
8.6 7.6 -0.204305 0.0220767
8.6 7.8 -0.0851746 -0.185332
8.6 8 0.170639 -0.108996
8.6 8.2 0.101177 0.173687
8.6 8.4 -0.189748 0.0616864
8.6 8.6 0.0128292 -0.19764
8.6 8.8 0.16186 0.111618
8.6 9 -0.187874 0.0528652
8.6 9.2 0.10405 -0.163419
8.6 9.4 0.0037543 0.192296
8.6 9.6 -0.086187 -0.1704
8.6 9.8 0.133889 0.134218
8.8 -10 -0.147684 -0.115581
8.8 -9.8 0.101061 0.159551
8.8 -9.6 -0.0174746 -0.189389
8.8 -9.4 -0.0944762 0.166627
8.8 -9.2 0.183919 -0.0582933
8.8 -9 -0.161845 -0.107567
8.8 -8.8 -0.0117331 0.195368
8.8 -8.6 0.187713 -0.0602121
8.8 -8.4 -0.0984219 -0.172457
8.8 -8.2 -0.16958 0.106005
8.8 -8 0.0829685 0.183537
8.8 -7.8 0.20167 -0.0222124
8.8 -7.6 0.078189 -0.188813
8.8 -7.4 -0.0953679 -0.182403
8.8 -7.2 -0.189639 -0.0837845
8.8 -7 -0.208566 0.0100437
8.8 -6.8 -0.20113 0.0613287
8.8 -6.6 -0.201047 0.0665431
8.8 -6.4 -0.211965 0.0236127
8.8 -6.2 -0.202603 -0.0712423
8.8 -6 -0.110188 -0.186095
8.8 -5.8 0.089062 -0.198696
8.8 -5.6 0.218615 0.016029
8.8 -5.4 -0.000200502 0.220692
8.8 -5.2 -0.217091 -0.0471251
8.8 -5 0.147607 -0.167946
8.8 -4.8 0.00856998 0.224853
8.8 -4.6 -0.105206 -0.200469
8.8 -4.4 0.129519 0.187406
8.8 -4.2 -0.0876534 -0.211735
8.8 -4 -0.0374488 0.22741
8.8 -3.8 0.203605 -0.110733
8.8 -3.6 -0.166529 -0.16299
8.8 -3.4 -0.175962 0.15464
8.8 -3.2 0.0611525 0.227317
8.8 -3 0.19683 0.131165
8.8 -2.8 0.229045 0.0632547
8.8 -2.6 0.223172 0.0844457
8.8 -2.4 0.153796 0.183702
8.8 -2.2 -0.057822 0.233422
8.8 -2 -0.241046 -0.0114824
8.8 -1.8 0.0705807 -0.231542
8.8 -1.6 0.132358 0.20352
8.8 -1.4 -0.203805 -0.133043
8.8 -1.2 0.19783 0.142669
8.8 -1 -0.102376 -0.22193
8.8 -0.8 -0.128613 0.208233
8.8 -0.6 0.221376 0.105125
8.8 -0.4 0.177917 -0.168846
8.8 -0.2 0.0218446 -0.244416
8.8 0 -0.0371031 -0.242646
8.8 0.2 0.0218446 -0.244416
8.8 0.4 0.177917 -0.168846
8.8 0.6 0.221376 0.105125
8.8 0.8 -0.128613 0.208233
8.8 1 -0.102376 -0.22193
8.8 1.2 0.19783 0.142669
8.8 1.4 -0.203805 -0.133043
8.8 1.6 0.132358 0.20352
8.8 1.8 0.0705807 -0.231542
8.8 2 -0.241046 -0.0114824
8.8 2.2 -0.057822 0.233422
8.8 2.4 0.153796 0.183702
8.8 2.6 0.223172 0.0844457
8.8 2.8 0.229045 0.0632547
8.8 3 0.19683 0.131165
8.8 3.2 0.0611525 0.227317
8.8 3.4 -0.175962 0.15464
8.8 3.6 -0.166529 -0.16299
8.8 3.8 0.203605 -0.110733
8.8 4 -0.0374488 0.22741
8.8 4.2 -0.0876534 -0.211735
8.8 4.4 0.129519 0.187406
8.8 4.6 -0.105206 -0.200469
8.8 4.8 0.00856998 0.224853
8.8 5 0.147607 -0.167946
8.8 5.2 -0.217091 -0.0471251
8.8 5.4 -0.000200502 0.220692
8.8 5.6 0.218615 0.016029
8.8 5.8 0.089062 -0.198696
8.8 6 -0.110188 -0.186095
8.8 6.2 -0.202603 -0.0712423
8.8 6.4 -0.211965 0.0236127
8.8 6.6 -0.201047 0.0665431
8.8 6.8 -0.20113 0.0613287
8.8 7 -0.208566 0.0100437
8.8 7.2 -0.189639 -0.0837845
8.8 7.4 -0.0953679 -0.182403
8.8 7.6 0.078189 -0.188813
8.8 7.8 0.20167 -0.0222124
8.8 8 0.0829685 0.183537
8.8 8.2 -0.16958 0.106005
8.8 8.4 -0.0984219 -0.172457
8.8 8.6 0.187713 -0.0602121
8.8 8.8 -0.0117331 0.195368
8.8 9 -0.161845 -0.107567
8.8 9.2 0.183919 -0.0582933
8.8 9.4 -0.0944762 0.166627
8.8 9.6 -0.0174746 -0.189389
8.8 9.8 0.101061 0.159551
9 -10 -0.114015 -0.148019
9 -9.8 0.0301332 0.185697
9 -9.6 0.0853425 -0.169122
9 -9.4 -0.180004 0.0632003
9 -9.2 0.161676 0.103791
9 -9 0.0107953 -0.193164
9 -8.8 -0.185766 0.0587276
9 -8.6 0.0957299 0.171273
9 -8.4 0.168557 -0.103091
9 -8.2 -0.0807935 -0.181821
9 -8 -0.199144 0.0222304
9 -7.8 -0.0745644 0.187526
9 -7.6 0.0998656 0.17699
9 -7.4 0.191487 0.0722297
9 -7.2 0.204284 -0.0272649
9 -7 0.189813 -0.0838515
9 -6.8 0.185159 -0.0968259
9 -6.6 0.199566 -0.066665
9 -6.4 0.211323 0.0148135
9 -6.2 0.162677 0.137943
9 -6 -0.00329071 0.214702
9 -5.8 -0.197797 0.0871113
9 -5.6 -0.118972 -0.182149
9 -5.4 0.195542 -0.098581
9 -5.2 0.0156873 0.219817
9 -5 -0.180766 -0.128468
9 -4.8 0.222943 0.00868385
9 -4.6 -0.21864 0.0507738
9 -4.4 0.222399 -0.0390665
9 -4.2 -0.222035 -0.0475868
9 -4 0.135328 0.18392
9 -3.8 0.0979651 -0.207621
9 -3.6 -0.220179 -0.069127
9 -3.4 -0.118471 0.1994
9 -3.2 0.0961067 0.21228
9 -3 0.196967 0.126548
9 -2.8 0.217303 0.0898123
9 -2.6 0.192599 0.136527
9 -2.4 0.0738779 0.225193
9 -2.2 -0.160373 0.175648
9 -2 -0.189443 -0.145121
9 -1.8 0.201665 -0.128908
9 -1.6 -0.0524615 0.23422
9 -1.4 -0.0274322 -0.239022
9 -1.2 -0.000806987 0.241094
9 -1 0.131964 -0.202327
9 -0.8 -0.241659 -0.0103566
9 -0.6 0.00674323 0.242095
9 -0.4 0.226109 0.0873233
9 -0.2 0.228859 -0.0801506
9 0 0.203938 -0.131322
9 0.2 0.228859 -0.0801506
9 0.4 0.226109 0.0873233
9 0.6 0.00674323 0.242095
9 0.8 -0.241659 -0.0103566
9 1 0.131964 -0.202327
9 1.2 -0.000806987 0.241094
9 1.4 -0.0274322 -0.239022
9 1.6 -0.0524615 0.23422
9 1.8 0.201665 -0.128908
9 2 -0.189443 -0.145121
9 2.2 -0.160373 0.175648
9 2.4 0.0738779 0.225193
9 2.6 0.192599 0.136527
9 2.8 0.217303 0.0898123
9 3 0.196967 0.126548
9 3.2 0.0961067 0.21228
9 3.4 -0.118471 0.1994
9 3.6 -0.220179 -0.069127
9 3.8 0.0979651 -0.207621
9 4 0.135328 0.18392
9 4.2 -0.222035 -0.0475868
9 4.4 0.222399 -0.0390665
9 4.6 -0.21864 0.0507738
9 4.8 0.222943 0.00868385
9 5 -0.180766 -0.128468
9 5.2 0.0156873 0.219817
9 5.4 0.195542 -0.098581
9 5.6 -0.118972 -0.182149
9 5.8 -0.197797 0.0871113
9 6 -0.00329071 0.214702
9 6.2 0.162677 0.137943
9 6.4 0.211323 0.0148135
9 6.6 0.199566 -0.066665
9 6.8 0.185159 -0.0968259
9 7 0.189813 -0.0838515
9 7.2 0.204284 -0.0272649
9 7.4 0.191487 0.0722297
9 7.6 0.0998656 0.17699
9 7.8 -0.0745644 0.187526
9 8 -0.199144 0.0222304
9 8.2 -0.0807935 -0.181821
9 8.4 0.168557 -0.103091
9 8.6 0.0957299 0.171273
9 8.8 -0.185766 0.0587276
9 9 0.0107953 -0.193164
9 9.2 0.161676 0.103791
9 9.4 -0.180004 0.0632003
9 9.6 0.0853425 -0.169122
9 9.8 0.0301332 0.185697
9.2 -10 -0.0417682 -0.181376
9.2 -9.8 -0.0766539 0.170995
9.2 -9.6 0.176151 -0.0676328
9.2 -9.4 -0.161376 -0.100272
9.2 -9.2 -0.0100012 0.191026
9.2 -9 0.183901 -0.057236
9.2 -8.8 -0.0930981 -0.17013
9.2 -8.6 -0.167567 0.10025
9.2 -8.4 0.0786492 0.180179
9.2 -8.2 0.196721 -0.0221435
9.2 -8 0.0712409 -0.186178
9.2 -7.8 -0.103817 -0.171774
9.2 -7.6 -0.192543 -0.0613814
9.2 -7.4 -0.198904 0.042923
9.2 -7.2 -0.176804 0.103464
9.2 -7 -0.166002 0.122373
9.2 -6.8 -0.179941 0.10362
9.2 -6.6 -0.205518 0.0381935
9.2 -6.4 -0.194752 -0.0796912
9.2 -6.2 -0.0763488 -0.197586
9.2 -6 0.136437 -0.163809
9.2 -5.8 0.193707 0.0922562
9.2 -5.6 -0.0959836 0.19344
9.2 -5.4 -0.158813 -0.148309
9.2 -5.2 0.212059 -0.053224
9.2 -5 -0.127794 0.179029
9.2 -4.8 0.0473807 -0.216117
9.2 -4.6 -0.0269605 0.220924
9.2 -4.4 0.0758907 -0.210569
9.2 -4.2 -0.176022 0.140217
9.2 -4 0.220972 0.0486332
9.2 -3.8 -0.0269982 -0.225822
9.2 -3.6 -0.227444 0.0228063
9.2 -3.4 -0.0641314 0.220538
9.2 -3.2 0.117138 0.19877
9.2 -3 0.190798 0.131571
9.2 -2.8 0.197373 0.12328
9.2 -2.6 0.143343 0.18448
9.2 -2.4 -0.0226014 0.233405
9.2 -2.2 -0.224439 0.0706568
9.2 -2 -0.0667993 -0.226394
9.2 -1.8 0.2338 0.0370539
9.2 -1.6 -0.203874 0.121551
9.2 -1.4 0.166659 -0.169752
9.2 -1.2 -0.195522 0.13636
9.2 -1 0.238741 0.00565571
9.2 -0.8 -0.106904 -0.213883
9.2 -0.6 -0.210477 0.114087
9.2 -0.4 0.0175705 0.238943
9.2 -0.2 0.165579 0.173301
9.2 0 0.200767 0.13106
9.2 0.2 0.165579 0.173301
9.2 0.4 0.0175705 0.238943
9.2 0.6 -0.210477 0.114087
9.2 0.8 -0.106904 -0.213883
9.2 1 0.238741 0.00565571
9.2 1.2 -0.195522 0.13636
9.2 1.4 0.166659 -0.169752
9.2 1.6 -0.203874 0.121551
9.2 1.8 0.2338 0.0370539
9.2 2 -0.0667993 -0.226394
9.2 2.2 -0.224439 0.0706568
9.2 2.4 -0.0226014 0.233405
9.2 2.6 0.143343 0.18448
9.2 2.8 0.197373 0.12328
9.2 3 0.190798 0.131571
9.2 3.2 0.117138 0.19877
9.2 3.4 -0.0641314 0.220538
9.2 3.6 -0.227444 0.0228063
9.2 3.8 -0.0269982 -0.225822
9.2 4 0.220972 0.0486332
9.2 4.2 -0.176022 0.140217
9.2 4.4 0.0758907 -0.210569
9.2 4.6 -0.0269605 0.220924
9.2 4.8 0.0473807 -0.216117
9.2 5 -0.127794 0.179029
9.2 5.2 0.212059 -0.053224
9.2 5.4 -0.158813 -0.148309
9.2 5.6 -0.0959836 0.19344
9.2 5.8 0.193707 0.0922562
9.2 6 0.136437 -0.163809
9.2 6.2 -0.0763488 -0.197586
9.2 6.4 -0.194752 -0.0796912
9.2 6.6 -0.205518 0.0381935
9.2 6.8 -0.179941 0.10362
9.2 7 -0.166002 0.122373
9.2 7.2 -0.176804 0.103464
9.2 7.4 -0.198904 0.042923
9.2 7.6 -0.192543 -0.0613814
9.2 7.8 -0.103817 -0.171774
9.2 8 0.0712409 -0.186178
9.2 8.2 0.196721 -0.0221435
9.2 8.4 0.0786492 0.180179
9.2 8.6 -0.167567 0.10025
9.2 8.8 -0.0930981 -0.17013
9.2 9 0.183901 -0.057236
9.2 9.2 -0.0100012 0.191026
9.2 9.4 -0.161376 -0.100272
9.2 9.6 0.176151 -0.0676328
9.2 9.8 -0.0766539 0.170995
9.4 -10 0.0684089 -0.172329
9.4 -9.8 -0.172375 0.0716331
9.4 -9.6 0.160963 0.0969932
9.4 -9.4 0.00933783 -0.18895
9.4 -9.2 -0.18211 0.0557395
9.4 -9 0.0905234 0.169027
9.4 -8.8 0.166606 -0.0974776
9.4 -8.6 -0.0765351 -0.178605
9.4 -8.4 -0.194393 0.0219626
9.4 -8.2 -0.0681945 0.184784
9.4 -8 0.10728 0.166762
9.4 -7.8 0.192934 0.0512226
9.4 -7.6 0.192687 -0.0570859
9.4 -7.4 0.162635 -0.120304
9.4 -7.2 0.144678 -0.143282
9.4 -7 0.15518 -0.133928
9.4 -6.8 0.188054 -0.0849175
9.4 -6.6 0.206833 0.0186896
9.4 -6.4 0.139777 0.155418
9.4 -6.2 -0.0535752 0.203422
9.4 -6 -0.211092 0.0156378
9.4 -5.8 -0.0314271 -0.210682
9.4 -5.6 0.214137 0.00927651
9.4 -5.4 -0.104918 0.188383
9.4 -5.2 -0.0673523 -0.206203
9.4 -5 0.163768 0.144162
9.4 -4.8 -0.193887 -0.102764
9.4 -4.6 0.186923 0.117329
9.4 -4.4 -0.129092 -0.180463
9.4 -4.2 -0.0207554 0.222092
9.4 -4 0.203825 -0.0934388
9.4 -3.8 -0.129276 -0.184571
9.4 -3.6 -0.204716 0.0967799
9.4 -3.4 -0.0197408 0.226606
9.4 -3.2 0.126791 0.190074
9.4 -3 0.178039 0.144768
9.4 -2.8 0.166025 0.159688
9.4 -2.6 0.0750927 0.218708
9.4 -2.4 -0.119606 0.198867
9.4 -2.2 -0.225716 -0.0570854
9.4 -2 0.0835368 -0.218076
9.4 -1.8 0.145267 0.183671
9.4 -1.6 -0.224972 -0.0671407
9.4 -1.4 0.233921 0.0252108
9.4 -1.2 -0.220801 -0.082601
9.4 -1 0.118278 0.20439
9.4 -0.8 0.134436 -0.194497
9.4 -0.6 -0.19438 -0.135102
9.4 -0.4 -0.206232 0.116548
9.4 -0.2 -0.0884889 0.21984
9.4 0 -0.0372924 0.234098
9.4 0.2 -0.0884889 0.21984
9.4 0.4 -0.206232 0.116548
9.4 0.6 -0.19438 -0.135102
9.4 0.8 0.134436 -0.194497
9.4 1 0.118278 0.20439
9.4 1.2 -0.220801 -0.082601
9.4 1.4 0.233921 0.0252108
9.4 1.6 -0.224972 -0.0671407
9.4 1.8 0.145267 0.183671
9.4 2 0.0835368 -0.218076
9.4 2.2 -0.225716 -0.0570854
9.4 2.4 -0.119606 0.198867
9.4 2.6 0.0750927 0.218708
9.4 2.8 0.166025 0.159688
9.4 3 0.178039 0.144768
9.4 3.2 0.126791 0.190074
9.4 3.4 -0.0197408 0.226606
9.4 3.6 -0.204716 0.0967799
9.4 3.8 -0.129276 -0.184571
9.4 4 0.203825 -0.0934388
9.4 4.2 -0.0207554 0.222092
9.4 4.4 -0.129092 -0.180463
9.4 4.6 0.186923 0.117329
9.4 4.8 -0.193887 -0.102764
9.4 5 0.163768 0.144162
9.4 5.2 -0.0673523 -0.206203
9.4 5.4 -0.104918 0.188383
9.4 5.6 0.214137 0.00927651
9.4 5.8 -0.0314271 -0.210682
9.4 6 -0.211092 0.0156378
9.4 6.2 -0.0535752 0.203422
9.4 6.4 0.139777 0.155418
9.4 6.6 0.206833 0.0186896
9.4 6.8 0.188054 -0.0849175
9.4 7 0.15518 -0.133928
9.4 7.2 0.144678 -0.143282
9.4 7.4 0.162635 -0.120304
9.4 7.6 0.192687 -0.0570859
9.4 7.8 0.192934 0.0512226
9.4 8 0.10728 0.166762
9.4 8.2 -0.0681945 0.184784
9.4 8.4 -0.194393 0.0219626
9.4 8.6 -0.0765351 -0.178605
9.4 8.8 0.166606 -0.0974776
9.4 9 0.0905234 0.169027
9.4 9.2 -0.18211 0.0557395
9.4 9.4 0.00933783 -0.18895
9.4 9.6 0.160963 0.0969932
9.4 9.8 -0.172375 0.0716331
9.6 -10 0.16869 -0.0752399
9.6 -9.8 -0.160453 -0.0939396
9.6 -9.6 -0.00879357 0.186935
9.6 -9.4 0.18039 -0.0542402
9.6 -9.2 -0.0880032 -0.167958
9.6 -9 -0.165673 0.0947696
9.6 -8.8 0.0744508 0.177094
9.6 -8.6 0.192157 -0.0216977
9.6 -8.4 0.0654035 -0.183356
9.6 -8.2 -0.110309 -0.161957
9.6 -8 -0.19277 -0.0417293
9.6 -7.8 -0.185848 0.069837
9.6 -7.6 -0.147743 0.13455
9.6 -7.4 -0.122102 0.159799
9.6 -7.2 -0.127121 0.157522
9.6 -7 -0.161919 0.123657
9.6 -6.8 -0.201233 0.0392885
9.6 -6.6 -0.181721 -0.0977294
9.6 -6.4 -0.0324191 -0.205087
9.6 -6.2 0.1764 -0.111908
9.6 -6 0.139352 0.157357
9.6 -5.8 -0.171223 0.124137
9.6 -5.6 -0.0557633 -0.205306
9.6 -5.4 0.199557 0.0772687
9.6 -5.2 -0.206496 0.060694
9.6 -5 0.171987 -0.131401
9.6 -4.8 -0.163344 0.143861
9.6 -4.6 0.193465 -0.102302
9.6 -4.4 -0.219549 -0.0137717
9.6 -4.2 0.131562 0.177727
9.6 -4 0.118745 -0.187841
9.6 -3.8 -0.192456 -0.113245
9.6 -3.6 -0.168012 0.148662
9.6 -3.4 0.0124981 0.224971
9.6 -3.2 0.126922 0.187363
9.6 -3 0.157444 0.163837
9.6 -2.8 0.120852 0.193424
9.6 -2.6 -0.00758014 0.228798
9.6 -2.4 -0.195233 0.121019
9.6 -2.2 -0.156247 -0.169353
9.6 -2 0.199256 -0.117048
9.6 -1.8 -0.0214262 0.230715
9.6 -1.6 -0.0987743 -0.210225
9.6 -1.4 0.121804 0.198331
9.6 -1.2 -0.0549545 -0.226631
9.6 -1 -0.112693 0.204586
9.6 -0.8 0.232539 0.0247149
9.6 -0.6 0.0333016 -0.231738
9.6 -0.4 -0.191167 -0.135421
9.6 -0.2 -0.234152 0.00998261
9.6 0 -0.226406 0.0608077
9.6 0.2 -0.234152 0.00998261
9.6 0.4 -0.191167 -0.135421
9.6 0.6 0.0333016 -0.231738
9.6 0.8 0.232539 0.0247149
9.6 1 -0.112693 0.204586
9.6 1.2 -0.0549545 -0.226631
9.6 1.4 0.121804 0.198331
9.6 1.6 -0.0987743 -0.210225
9.6 1.8 -0.0214262 0.230715
9.6 2 0.199256 -0.117048
9.6 2.2 -0.156247 -0.169353
9.6 2.4 -0.195233 0.121019
9.6 2.6 -0.00758014 0.228798
9.6 2.8 0.120852 0.193424
9.6 3 0.157444 0.163837
9.6 3.2 0.126922 0.187363
9.6 3.4 0.0124981 0.224971
9.6 3.6 -0.168012 0.148662
9.6 3.8 -0.192456 -0.113245
9.6 4 0.118745 -0.187841
9.6 4.2 0.131562 0.177727
9.6 4.4 -0.219549 -0.0137717
9.6 4.6 0.193465 -0.102302
9.6 4.8 -0.163344 0.143861
9.6 5 0.171987 -0.131401
9.6 5.2 -0.206496 0.060694
9.6 5.4 0.199557 0.0772687
9.6 5.6 -0.0557633 -0.205306
9.6 5.8 -0.171223 0.124137
9.6 6 0.139352 0.157357
9.6 6.2 0.1764 -0.111908
9.6 6.4 -0.0324191 -0.205087
9.6 6.6 -0.181721 -0.0977294
9.6 6.8 -0.201233 0.0392885
9.6 7 -0.161919 0.123657
9.6 7.2 -0.127121 0.157522
9.6 7.4 -0.122102 0.159799
9.6 7.6 -0.147743 0.13455
9.6 7.8 -0.185848 0.069837
9.6 8 -0.19277 -0.0417293
9.6 8.2 -0.110309 -0.161957
9.6 8.4 0.0654035 -0.183356
9.6 8.6 0.192157 -0.0216977
9.6 8.8 0.0744508 0.177094
9.6 9 -0.165673 0.0947696
9.6 9.2 -0.0880032 -0.167958
9.6 9.4 0.18039 -0.0542402
9.6 9.6 -0.00879357 0.186935
9.6 9.8 -0.160453 -0.0939396
9.8 -10 0.15986 0.0910961
9.8 -9.8 0.00835791 -0.184979
9.8 -9.6 -0.178735 0.0527401
9.8 -9.4 0.0855347 0.166923
9.8 -9.2 0.164766 -0.0921229
9.8 -9 -0.0723956 -0.17564
9.8 -8.8 -0.190005 0.0213576
9.8 -8.6 -0.062848 0.181903
9.8 -8.4 0.112949 0.15736
9.8 -8.2 0.192145 0.0328729
9.8 -8 0.178569 -0.0812681
9.8 -7.8 0.132483 -0.146405
9.8 -7.6 0.0990104 -0.172261
9.8 -7.4 0.0973115 -0.174668
9.8 -7.2 0.129942 -0.153648
9.8 -7 0.181304 -0.0901677
9.8 -6.8 0.200941 0.0336585
9.8 -6.6 0.107164 0.174764
9.8 -6.4 -0.105878 0.17699
9.8 -6.2 -0.19828 -0.0610874
9.8 -6 0.0631642 -0.198952
9.8 -5.8 0.176518 0.113706
9.8 -5.6 -0.188273 0.095645
9.8 -5.4 0.0688269 -0.200923
9.8 -5.2 0.034312 0.210789
9.8 -5 -0.0768258 -0.200525
9.8 -4.8 0.0587259 0.207777
9.8 -4.6 0.0255069 -0.215525
9.8 -4.4 -0.15974 0.148534
9.8 -4.2 0.211069 0.0592475
9.8 -4 0.0114435 -0.219979
9.8 -3.8 -0.21832 -0.0362401
9.8 -3.6 -0.129021 0.181011
9.8 -3.4 0.0327518 0.220817
9.8 -3.2 0.118457 0.190327
9.8 -3 0.127404 0.185499
9.8 -2.8 0.0614595 0.217336
9.8 -2.6 -0.0942758 0.206135
9.8 -2.4 -0.227082 0.0119946
9.8 -2.2 -0.0326377 -0.22574
9.8 -2 0.225712 0.0370139
9.8 -1.8 -0.175366 0.147755
9.8 -1.6 0.0927355 -0.210307
9.8 -1.4 -0.0837048 0.214549
9.8 -1.2 0.156342 -0.169687
9.8 -1 -0.230943 0.00785645
9.8 -0.8 0.0878829 0.214003
9.8 -0.6 0.219841 -0.0728627
9.8 -0.4 0.0408296 -0.228119
9.8 -0.2 -0.104513 -0.206938
9.8 0 -0.146309 -0.179914
9.8 0.2 -0.104513 -0.206938
9.8 0.4 0.0408296 -0.228119
9.8 0.6 0.219841 -0.0728627
9.8 0.8 0.0878829 0.214003
9.8 1 -0.230943 0.00785645
9.8 1.2 0.156342 -0.169687
9.8 1.4 -0.0837048 0.214549
9.8 1.6 0.0927355 -0.210307
9.8 1.8 -0.175366 0.147755
9.8 2 0.225712 0.0370139
9.8 2.2 -0.0326377 -0.22574
9.8 2.4 -0.227082 0.0119946
9.8 2.6 -0.0942758 0.206135
9.8 2.8 0.0614595 0.217336
9.8 3 0.127404 0.185499
9.8 3.2 0.118457 0.190327
9.8 3.4 0.0327518 0.220817
9.8 3.6 -0.129021 0.181011
9.8 3.8 -0.21832 -0.0362401
9.8 4 0.0114435 -0.219979
9.8 4.2 0.211069 0.0592475
9.8 4.4 -0.15974 0.148534
9.8 4.6 0.0255069 -0.215525
9.8 4.8 0.0587259 0.207777
9.8 5 -0.0768258 -0.200525
9.8 5.2 0.034312 0.210789
9.8 5.4 0.0688269 -0.200923
9.8 5.6 -0.188273 0.095645
9.8 5.8 0.176518 0.113706
9.8 6 0.0631642 -0.198952
9.8 6.2 -0.19828 -0.0610874
9.8 6.4 -0.105878 0.17699
9.8 6.6 0.107164 0.174764
9.8 6.8 0.200941 0.0336585
9.8 7 0.181304 -0.0901677
9.8 7.2 0.129942 -0.153648
9.8 7.4 0.0973115 -0.174668
9.8 7.6 0.0990104 -0.172261
9.8 7.8 0.132483 -0.146405
9.8 8 0.178569 -0.0812681
9.8 8.2 0.192145 0.0328729
9.8 8.4 0.112949 0.15736
9.8 8.6 -0.062848 0.181903
9.8 8.8 -0.190005 0.0213576
9.8 9 -0.0723956 -0.17564
9.8 9.2 0.164766 -0.0921229
9.8 9.4 0.0855347 0.166923
9.8 9.6 -0.178735 0.0527401
9.8 9.8 0.00835791 -0.184979
