-10 -10 0.0929271 -0.0692843
-10 -9.8 0.0457407 -0.106208
-10 -9.6 0.00599739 -0.115566
-10 -9.4 -0.0155134 -0.114702
-10 -9.2 -0.0162065 -0.114214
-10 -9 0.00425588 -0.115376
-10 -8.8 0.0446683 -0.106425
-10 -8.6 0.0938479 -0.0663408
-10 -8.4 0.114015 0.0162626
-10 -8.2 0.052333 0.102241
-10 -8 -0.0738483 0.0874676
-10 -7.8 -0.0999497 -0.0565013
-10 -7.6 0.0596882 -0.0971369
-10 -7.4 0.0778564 0.0836857
-10 -7.2 -0.110257 0.0287943
-10 -7 0.0537512 -0.0999792
-10 -6.8 0.0107978 0.113463
-10 -6.6 -0.0459043 -0.103074
-10 -6.4 0.0533451 0.100584
-10 -6.2 -0.0321713 -0.107712
-10 -6 -0.0212788 0.111651
-10 -5.8 0.0902317 -0.0667023
-10 -5.6 -0.103951 -0.0458268
-10 -5.4 -0.0186627 0.110578
-10 -5.2 0.110486 0.0278421
-10 -5 0.0637899 -0.0922784
-10 -4.8 -0.0299776 -0.11095
-10 -4.6 -0.0836389 -0.0751296
-10 -4.4 -0.102204 -0.0563835
-10 -4.2 -0.0933248 -0.0644384
-10 -4 -0.0614321 -0.101974
-10 -3.8 0.0314889 -0.112254
-10 -3.6 0.118416 -0.0249688
-10 -3.4 0.0279517 0.120817
-10 -3.2 -0.122829 -0.000670089
-10 -3 0.086074 -0.104423
-10 -2.8 -0.0209807 0.128886
-10 -2.6 -0.0101779 -0.145451
-10 -2.4 -0.0360289 0.15087
-10 -2.2 0.107677 -0.115514
-10 -2 -0.192078 -0.0334392
-10 -1.8 -0.00463733 0.205121
-10 -1.6 0.248431 0.0160868
-10 -1.4 0.201713 -0.261318
-10 -1.2 -0.0407339 -0.388494
-10 -1 -0.325518 -0.47384
-10 -0.8 -0.504104 -0.54772
-10 -0.6 -0.722758 -0.649512
-10 -0.4 -0.660515 -0.903033
-10 -0.2 -0.59255 -0.911438
-10 0 -0.434464 -0.737814
-10 0.2 -0.59255 -0.911438
-10 0.4 -0.660515 -0.903033
-10 0.6 -0.722758 -0.649512
-10 0.8 -0.504104 -0.54772
-10 1 -0.325518 -0.47384
-10 1.2 -0.0407339 -0.388494
-10 1.4 0.201713 -0.261318
-10 1.6 0.248431 0.0160868
-10 1.8 -0.00463733 0.205121
-10 2 -0.192078 -0.0334392
-10 2.2 0.107677 -0.115514
-10 2.4 -0.0360289 0.15087
-10 2.6 -0.0101779 -0.145451
-10 2.8 -0.0209807 0.128886
-10 3 0.086074 -0.104423
-10 3.2 -0.122829 -0.000670089
-10 3.4 0.0279517 0.120817
-10 3.6 0.118416 -0.0249688
-10 3.8 0.0314889 -0.112254
-10 4 -0.0614321 -0.101974
-10 4.2 -0.0933248 -0.0644384
-10 4.4 -0.102204 -0.0563835
-10 4.6 -0.0836389 -0.0751296
-10 4.8 -0.0299776 -0.11095
-10 5 0.0637899 -0.0922784
-10 5.2 0.110486 0.0278421
-10 5.4 -0.0186627 0.110578
-10 5.6 -0.103951 -0.0458268
-10 5.8 0.0902317 -0.0667023
-10 6 -0.0212788 0.111651
-10 6.2 -0.0321713 -0.107712
-10 6.4 0.0533451 0.100584
-10 6.6 -0.0459043 -0.103074
-10 6.8 0.0107978 0.113463
-10 7 0.0537512 -0.0999792
-10 7.2 -0.110257 0.0287943
-10 7.4 0.0778564 0.0836857
-10 7.6 0.0596882 -0.0971369
-10 7.8 -0.0999497 -0.0565013
-10 8 -0.0738483 0.0874676
-10 8.2 0.052333 0.102241
-10 8.4 0.114015 0.0162626
-10 8.6 0.0938479 -0.0663408
-10 8.8 0.0446683 -0.106425
-10 9 0.00425588 -0.115376
-10 9.2 -0.0162065 -0.114214
-10 9.4 -0.0155134 -0.114702
-10 9.6 0.00599739 -0.115566
-10 9.8 0.0457407 -0.106208
-9.8 -10 -0.116631 -0.00964
-9.8 -9.8 -0.0974435 0.0648118
-9.8 -9.6 -0.0542283 0.103392
-9.8 -9.4 -0.0180148 0.115443
-9.8 -9.2 8.7462e-05 0.116839
-9.8 -9 -0.00329865 0.116402
-9.8 -8.8 -0.0283588 0.113086
-9.8 -8.6 -0.0705647 0.0926512
-9.8 -8.4 -0.110452 0.0355075
-9.8 -8.2 -0.102057 -0.0557679
-9.8 -8 -0.00612241 -0.11565
-9.8 -7.8 0.107317 -0.0431147
-9.8 -7.6 0.0552737 0.101766
-9.8 -7.4 -0.106877 0.0424716
-9.8 -7.2 -0.00286323 -0.115491
-9.8 -7 0.096871 0.061406
-9.8 -6.8 -0.113511 0.0179266
-9.8 -6.6 0.0920254 -0.068334
-9.8 -6.4 -0.0761643 0.0851225
-9.8 -6.2 0.0803961 -0.0817004
-9.8 -6 -0.102267 0.0495515
-9.8 -5.8 0.113294 0.0176991
-9.8 -5.6 -0.0544295 -0.0993317
-9.8 -5.4 -0.07314 0.0885273
-9.8 -5.2 0.0909955 0.067359
-9.8 -5 0.0879066 -0.0744156
-9.8 -4.8 -0.0136348 -0.112942
-9.8 -4.6 -0.0850594 -0.0782981
-9.8 -4.4 -0.105337 -0.0473682
-9.8 -4.2 -0.107843 -0.0425514
-9.8 -4 -0.0877998 -0.0804523
-9.8 -3.8 -0.0200249 -0.114833
-9.8 -3.6 0.0954673 -0.0793106
-9.8 -3.4 0.0898134 0.0801456
-9.8 -3.2 -0.0990264 0.0813321
-9.8 -3 -0.00600548 -0.131905
-9.8 -2.8 0.0866788 0.0987589
-9.8 -2.6 -0.120238 -0.088872
-9.8 -2.4 0.0990423 0.11007
-9.8 -2.2 -0.0458435 -0.157911
-9.8 -2 -0.129099 0.143267
-9.8 -1.8 0.177419 0.0904454
-9.8 -1.6 0.12987 -0.222265
-9.8 -1.4 -0.141396 -0.288862
-9.8 -1.2 -0.374602 -0.114109
-9.8 -1 -0.572458 0.0954387
-9.8 -0.8 -0.697759 0.240017
-9.8 -0.6 -0.902701 0.396099
-9.8 -0.4 -1.08706 0.228224
-9.8 -0.2 -1.07641 0.161176
-9.8 0 -0.845514 0.111833
-9.8 0.2 -1.07641 0.161176
-9.8 0.4 -1.08706 0.228224
-9.8 0.6 -0.902701 0.396099
-9.8 0.8 -0.697759 0.240017
-9.8 1 -0.572458 0.0954387
-9.8 1.2 -0.374602 -0.114109
-9.8 1.4 -0.141396 -0.288862
-9.8 1.6 0.12987 -0.222265
-9.8 1.8 0.177419 0.0904454
-9.8 2 -0.129099 0.143267
-9.8 2.2 -0.0458435 -0.157911
-9.8 2.4 0.0990423 0.11007
-9.8 2.6 -0.120238 -0.088872
-9.8 2.8 0.0866788 0.0987589
-9.8 3 -0.00600548 -0.131905
-9.8 3.2 -0.0990264 0.0813321
-9.8 3.4 0.0898134 0.0801456
-9.8 3.6 0.0954673 -0.0793106
-9.8 3.8 -0.0200249 -0.114833
-9.8 4 -0.0877998 -0.0804523
-9.8 4.2 -0.107843 -0.0425514
-9.8 4.4 -0.105337 -0.0473682
-9.8 4.6 -0.0850594 -0.0782981
-9.8 4.8 -0.0136348 -0.112942
-9.8 5 0.0879066 -0.0744156
-9.8 5.2 0.0909955 0.067359
-9.8 5.4 -0.07314 0.0885273
-9.8 5.6 -0.0544295 -0.0993317
-9.8 5.8 0.113294 0.0176991
-9.8 6 -0.102267 0.0495515
-9.8 6.2 0.0803961 -0.0817004
-9.8 6.4 -0.0761643 0.0851225
-9.8 6.6 0.0920254 -0.068334
-9.8 6.8 -0.113511 0.0179266
-9.8 7 0.096871 0.061406
-9.8 7.2 -0.00286323 -0.115491
-9.8 7.4 -0.106877 0.0424716
-9.8 7.6 0.0552737 0.101766
-9.8 7.8 0.107317 -0.0431147
-9.8 8 -0.00612241 -0.11565
-9.8 8.2 -0.102057 -0.0557679
-9.8 8.4 -0.110452 0.0355075
-9.8 8.6 -0.0705647 0.0926512
-9.8 8.8 -0.0283588 0.113086
-9.8 9 -0.00329865 0.116402
-9.8 9.2 8.7462e-05 0.116839
-9.8 9.4 -0.0180148 0.115443
-9.8 9.6 -0.0542283 0.103392
-9.8 9.8 -0.0974435 0.0648118
-9.6 -10 0.0704395 0.0947391
-9.6 -9.8 0.117334 0.0140526
-9.6 -9.6 0.101935 -0.0597948
-9.6 -9.4 0.0629352 -0.0996897
-9.6 -9.2 0.0306317 -0.113946
-9.6 -9 0.0163684 -0.116821
-9.6 -8.8 0.0239931 -0.115102
-9.6 -8.6 0.0527163 -0.105289
-9.6 -8.4 0.0932444 -0.0715433
-9.6 -8.2 0.11716 0.000869764
-9.6 -8 0.0752544 0.0901522
-9.6 -7.8 -0.044146 0.108146
-9.6 -7.6 -0.115936 -0.0149381
-9.6 -7.4 0.0103025 -0.11629
-9.6 -7.2 0.111183 0.0336702
-9.6 -7 -0.0781311 0.0865827
-9.6 -6.8 -0.01656 -0.114404
-9.6 -6.6 0.0804634 0.0839634
-9.6 -6.4 -0.104135 -0.0493523
-9.6 -6.2 0.108415 0.0408856
-9.6 -6 -0.0986597 -0.0591034
-9.6 -5.8 0.0600855 0.0986949
-9.6 -5.6 0.0234247 -0.112418
-9.6 -5.4 -0.11083 0.032653
-9.6 -5.2 0.0551572 0.100534
-9.6 -5 0.108196 -0.0420905
-9.6 -4.8 0.00559908 -0.114409
-9.6 -4.6 -0.0795554 -0.0863465
-9.6 -4.4 -0.107896 -0.0392241
-9.6 -4.2 -0.116463 -0.0257052
-9.6 -4 -0.10474 -0.0515009
-9.6 -3.8 -0.0650696 -0.10161
-9.6 -3.6 0.0494074 -0.111906
-9.6 -3.4 0.120655 0.0135871
-9.6 -3.2 -0.0320858 0.127026
-9.6 -3 -0.0921342 -0.087987
-9.6 -2.8 0.137206 0.00168107
-9.6 -2.6 -0.143656 0.0313709
-9.6 -2.4 0.143523 -0.0227752
-9.6 -2.2 -0.163591 -0.0509597
-9.6 -2 0.0531069 0.177707
-9.6 -1.8 0.158156 -0.122013
-9.6 -1.6 -0.138806 -0.223289
-9.6 -1.4 -0.310708 0.00371651
-9.6 -1.2 -0.256602 0.303649
-9.6 -1 -0.15722 0.560117
-9.6 -0.8 -0.0566614 0.731565
-9.6 -0.6 -0.0144024 0.998863
-9.6 -0.4 -0.236355 1.07721
-9.6 -0.2 -0.300879 1.04627
-9.6 0 -0.225823 0.821235
-9.6 0.2 -0.300879 1.04627
-9.6 0.4 -0.236355 1.07721
-9.6 0.6 -0.0144024 0.998863
-9.6 0.8 -0.0566614 0.731565
-9.6 1 -0.15722 0.560117
-9.6 1.2 -0.256602 0.303649
-9.6 1.4 -0.310708 0.00371651
-9.6 1.6 -0.138806 -0.223289
-9.6 1.8 0.158156 -0.122013
-9.6 2 0.0531069 0.177707
-9.6 2.2 -0.163591 -0.0509597
-9.6 2.4 0.143523 -0.0227752
-9.6 2.6 -0.143656 0.0313709
-9.6 2.8 0.137206 0.00168107
-9.6 3 -0.0921342 -0.087987
-9.6 3.2 -0.0320858 0.127026
-9.6 3.4 0.120655 0.0135871
-9.6 3.6 0.0494074 -0.111906
-9.6 3.8 -0.0650696 -0.10161
-9.6 4 -0.10474 -0.0515009
-9.6 4.2 -0.116463 -0.0257052
-9.6 4.4 -0.107896 -0.0392241
-9.6 4.6 -0.0795554 -0.0863465
-9.6 4.8 0.00559908 -0.114409
-9.6 5 0.108196 -0.0420905
-9.6 5.2 0.0551572 0.100534
-9.6 5.4 -0.11083 0.032653
-9.6 5.6 0.0234247 -0.112418
-9.6 5.8 0.0600855 0.0986949
-9.6 6 -0.0986597 -0.0591034
-9.6 6.2 0.108415 0.0408856
-9.6 6.4 -0.104135 -0.0493523
-9.6 6.6 0.0804634 0.0839634
-9.6 6.8 -0.01656 -0.114404
-9.6 7 -0.0781311 0.0865827
-9.6 7.2 0.111183 0.0336702
-9.6 7.4 0.0103025 -0.11629
-9.6 7.6 -0.115936 -0.0149381
-9.6 7.8 -0.044146 0.108146
-9.6 8 0.0752544 0.0901522
-9.6 8.2 0.11716 0.000869764
-9.6 8.4 0.0932444 -0.0715433
-9.6 8.6 0.0527163 -0.105289
-9.6 8.8 0.0239931 -0.115102
-9.6 9 0.0163684 -0.116821
-9.6 9.2 0.0306317 -0.113946
-9.6 9.4 0.0629352 -0.0996897
-9.6 9.6 0.101935 -0.0597948
-9.6 9.8 0.117334 0.0140526
-9.4 -10 0.0401548 -0.112475
-9.4 -9.8 -0.0690269 -0.0972346
-9.4 -9.6 -0.117865 -0.0187698
-9.4 -9.4 -0.106353 0.0541867
-9.4 -9.2 -0.0717877 0.0949975
-9.4 -9 -0.0437201 0.110869
-9.4 -8.8 -0.0335887 0.114282
-9.4 -8.6 -0.045265 0.109775
-9.4 -8.4 -0.0759837 0.091505
-9.4 -8.2 -0.110323 0.0435851
-9.4 -8 -0.11155 -0.0395802
-9.4 -7.8 -0.035318 -0.113178
-9.4 -7.6 0.0885251 -0.0778295
-9.4 -7.4 0.0931715 0.0726675
-9.4 -7.2 -0.0761441 0.0897037
-9.4 -7 -0.0636214 -0.09877
-9.4 -6.8 0.117459 -0.00466622
-9.4 -6.6 -0.0805981 0.0845313
-9.4 -6.4 0.0286102 -0.113854
-9.4 -6.2 -0.00121139 0.116211
-9.4 -6 0.00564895 -0.117083
-9.4 -5.8 -0.0425503 0.107655
-9.4 -5.6 0.0983417 -0.0636728
-9.4 -5.4 -0.108436 -0.0396113
-9.4 -5.2 -0.000990003 0.117306
-9.4 -5 0.115444 -0.000662884
-9.4 -4.8 0.0332499 -0.11284
-9.4 -4.6 -0.0685076 -0.0939562
-9.4 -4.4 -0.111774 -0.0372515
-9.4 -4.2 -0.118148 -0.0122841
-9.4 -4 -0.115813 -0.0213817
-9.4 -3.8 -0.0964201 -0.0763251
-9.4 -3.6 -0.00717439 -0.11947
-9.4 -3.4 0.113766 -0.0548096
-9.4 -3.2 0.0469625 0.11947
-9.4 -3 -0.127858 0.00149661
-9.4 -2.8 0.101767 -0.0983334
-9.4 -2.6 -0.0649723 0.125004
-9.4 -2.4 0.0627372 -0.135765
-9.4 -2.2 -0.137634 0.105261
-9.4 -2 0.172661 0.0394334
-9.4 -1.8 -0.0396545 -0.202541
-9.4 -1.6 -0.262223 0.0156911
-9.4 -1.4 -0.1206 0.275613
-9.4 -1.2 0.177471 0.366046
-9.4 -1 0.438253 0.377933
-9.4 -0.8 0.649224 0.340554
-9.4 -0.6 0.912244 0.43472
-9.4 -0.4 0.880501 0.651804
-9.4 -0.2 0.825277 0.708489
-9.4 0 0.669756 0.528174
-9.4 0.2 0.825277 0.708489
-9.4 0.4 0.880501 0.651804
-9.4 0.6 0.912244 0.43472
-9.4 0.8 0.649224 0.340554
-9.4 1 0.438253 0.377933
-9.4 1.2 0.177471 0.366046
-9.4 1.4 -0.1206 0.275613
-9.4 1.6 -0.262223 0.0156911
-9.4 1.8 -0.0396545 -0.202541
-9.4 2 0.172661 0.0394334
-9.4 2.2 -0.137634 0.105261
-9.4 2.4 0.0627372 -0.135765
-9.4 2.6 -0.0649723 0.125004
-9.4 2.8 0.101767 -0.0983334
-9.4 3 -0.127858 0.00149661
-9.4 3.2 0.0469625 0.11947
-9.4 3.4 0.113766 -0.0548096
-9.4 3.6 -0.00717439 -0.11947
-9.4 3.8 -0.0964201 -0.0763251
-9.4 4 -0.115813 -0.0213817
-9.4 4.2 -0.118148 -0.0122841
-9.4 4.4 -0.111774 -0.0372515
-9.4 4.6 -0.0685076 -0.0939562
-9.4 4.8 0.0332499 -0.11284
-9.4 5 0.115444 -0.000662884
-9.4 5.2 -0.000990003 0.117306
-9.4 5.4 -0.108436 -0.0396113
-9.4 5.6 0.0983417 -0.0636728
-9.4 5.8 -0.0425503 0.107655
-9.4 6 0.00564895 -0.117083
-9.4 6.2 -0.00121139 0.116211
-9.4 6.4 0.0286102 -0.113854
-9.4 6.6 -0.0805981 0.0845313
-9.4 6.8 0.117459 -0.00466622
-9.4 7 -0.0636214 -0.09877
-9.4 7.2 -0.0761441 0.0897037
-9.4 7.4 0.0931715 0.0726675
-9.4 7.6 0.0885251 -0.0778295
-9.4 7.8 -0.035318 -0.113178
-9.4 8 -0.11155 -0.0395802
-9.4 8.2 -0.110323 0.0435851
-9.4 8.4 -0.0759837 0.091505
-9.4 8.6 -0.045265 0.109775
-9.4 8.8 -0.0335887 0.114282
-9.4 9 -0.0437201 0.110869
-9.4 9.2 -0.0717877 0.0949975
-9.4 9.4 -0.106353 0.0541867
-9.4 9.6 -0.117865 -0.0187698
-9.4 9.8 -0.0690269 -0.0972346
-9.2 -10 -0.119951 0.0128205
-9.2 -9.8 -0.0417103 0.113225
-9.2 -9.6 0.0674212 0.0998381
-9.2 -9.4 0.11819 0.0238069
-9.2 -9.2 0.110642 -0.0479397
-9.2 -9 0.0806903 -0.0892056
-9.2 -8.8 0.0571041 -0.105996
-9.2 -8.6 0.0512053 -0.108861
-9.2 -8.4 0.0663031 -0.0999564
-9.2 -8.2 0.0965244 -0.0715618
-9.2 -8 0.119319 -0.0100892
-9.2 -7.8 0.0922102 0.0761942
-9.2 -7.6 -0.0131401 0.118956
-9.2 -7.4 -0.115723 0.0278532
-9.2 -7.2 -0.040742 -0.112239
-9.2 -7 0.115779 -0.0258546
-9.2 -6.8 -0.0196758 0.117245
-9.2 -6.6 -0.0825309 -0.0848618
-9.2 -6.4 0.117113 0.0165752
-9.2 -6.2 -0.114158 0.0304754
-9.2 -6 0.110035 -0.0419248
-9.2 -5.8 -0.115632 0.0231856
-9.2 -5.6 0.112657 0.0331586
-9.2 -5.4 -0.058509 -0.102126
-9.2 -5.2 -0.0648334 0.0980401
-9.2 -5 0.107817 0.0464631
-9.2 -4.8 0.0660783 -0.0982122
-9.2 -4.6 -0.0551922 -0.103249
-9.2 -4.4 -0.111978 -0.0432589
-9.2 -4.2 -0.117505 0.000323733
-9.2 -4 -0.121612 0.00338433
-9.2 -3.8 -0.113264 -0.0423918
-9.2 -3.6 -0.0606554 -0.105774
-9.2 -3.4 0.0743992 -0.10432
-9.2 -3.2 0.10643 0.0653515
-9.2 -3 -0.098597 0.0896534
-9.2 -2.8 0.00605802 -0.139512
-9.2 -2.6 0.0573643 0.12547
-9.2 -2.4 -0.0742646 -0.137666
-9.2 -2.2 0.00637887 0.168401
-9.2 -2 0.113564 -0.131421
-9.2 -1.8 -0.204447 -0.0648512
-9.2 -1.6 -0.107303 0.232702
-9.2 -1.4 0.201268 0.216577
-9.2 -1.2 0.41644 -0.00808303
-9.2 -1 0.520649 -0.23589
-9.2 -0.8 0.571612 -0.464812
-9.2 -0.6 0.783912 -0.652216
-9.2 -0.4 0.948569 -0.53546
-9.2 -0.2 0.985758 -0.453768
-9.2 0 0.750409 -0.413477
-9.2 0.2 0.985758 -0.453768
-9.2 0.4 0.948569 -0.53546
-9.2 0.6 0.783912 -0.652216
-9.2 0.8 0.571612 -0.464812
-9.2 1 0.520649 -0.23589
-9.2 1.2 0.41644 -0.00808303
-9.2 1.4 0.201268 0.216577
-9.2 1.6 -0.107303 0.232702
-9.2 1.8 -0.204447 -0.0648512
-9.2 2 0.113564 -0.131421
-9.2 2.2 0.00637887 0.168401
-9.2 2.4 -0.0742646 -0.137666
-9.2 2.6 0.0573643 0.12547
-9.2 2.8 0.00605802 -0.139512
-9.2 3 -0.098597 0.0896534
-9.2 3.2 0.10643 0.0653515
-9.2 3.4 0.0743992 -0.10432
-9.2 3.6 -0.0606554 -0.105774
-9.2 3.8 -0.113264 -0.0423918
-9.2 4 -0.121612 0.00338433
-9.2 4.2 -0.117505 0.000323733
-9.2 4.4 -0.111978 -0.0432589
-9.2 4.6 -0.0551922 -0.103249
-9.2 4.8 0.0660783 -0.0982122
-9.2 5 0.107817 0.0464631
-9.2 5.2 -0.0648334 0.0980401
-9.2 5.4 -0.058509 -0.102126
-9.2 5.6 0.112657 0.0331586
-9.2 5.8 -0.115632 0.0231856
-9.2 6 0.110035 -0.0419248
-9.2 6.2 -0.114158 0.0304754
-9.2 6.4 0.117113 0.0165752
-9.2 6.6 -0.0825309 -0.0848618
-9.2 6.8 -0.0196758 0.117245
-9.2 7 0.115779 -0.0258546
-9.2 7.2 -0.040742 -0.112239
-9.2 7.4 -0.115723 0.0278532
-9.2 7.6 -0.0131401 0.118956
-9.2 7.8 0.0922102 0.0761942
-9.2 8 0.119319 -0.0100892
-9.2 8.2 0.0965244 -0.0715618
-9.2 8.4 0.0663031 -0.0999564
-9.2 8.6 0.0512053 -0.108861
-9.2 8.8 0.0571041 -0.105996
-9.2 9 0.0806903 -0.0892056
-9.2 9.2 0.110642 -0.0479397
-9.2 9.4 0.11819 0.0238069
-9.2 9.6 0.0674212 0.0998381
-9.2 9.8 -0.0417103 0.113225
-9 -10 0.0492614 0.111353
-9 -9.8 0.121197 -0.0128832
-9 -9.6 0.0433989 -0.113951
-9 -9.4 -0.0656011 -0.10255
-9 -9.2 -0.11827 -0.0291783
-9 -9 -0.114732 0.0410056
-9 -8.8 -0.0895212 0.0822026
-9 -8.6 -0.0705505 0.0991131
-9 -8.4 -0.0687308 0.100221
-9 -8.2 -0.0860819 0.0853146
-9 -8 -0.112459 0.0457383
-9 -7.8 -0.117938 -0.0266453
-9 -7.6 -0.0593891 -0.105329
-9 -7.4 0.0624653 -0.103387
-9 -7.2 0.115826 0.0324521
-9 -7 -0.0286954 0.11713
-9 -6.8 -0.107206 -0.0533112
-9 -6.6 0.0972 -0.0707751
-9 -6.4 -0.0134828 0.118506
-9 -6.2 -0.0503555 -0.108733
-9 -6 0.0772929 0.0902779
-9 -5.8 -0.0751613 -0.0929333
-9 -5.6 0.0424796 0.110527
-9 -5.4 0.0315534 -0.115246
-9 -5.2 -0.110126 0.0423643
-9 -5 0.0742641 0.0940165
-9 -4.8 0.0945402 -0.070425
-9 -4.6 -0.0333605 -0.115537
-9 -4.4 -0.107056 -0.0519232
-9 -4.2 -0.119877 0.00854241
-9 -4 -0.120329 0.0217544
-9 -3.8 -0.120086 -0.00520813
-9 -3.6 -0.0998088 -0.0770765
-9 -3.4 0.0155827 -0.124219
-9 -3.2 0.126492 -0.0113074
-9 -3 -0.0227156 0.134416
-9 -2.8 -0.0906931 -0.0992855
-9 -2.6 0.137651 0.0352753
-9 -2.4 -0.155943 -0.0302756
-9 -2.2 0.137587 0.0834842
-9 -2 -0.062715 -0.166475
-9 -1.8 -0.162332 0.146265
-9 -1.6 0.152206 0.193321
-9 -1.4 0.280253 -0.0993567
-9 -1.2 0.174727 -0.385831
-9 -1 0.000513296 -0.561809
-9 -0.8 -0.20303 -0.716559
-9 -0.6 -0.264448 -0.991385
-9 -0.4 -0.103547 -1.07968
-9 -0.2 -0.00106582 -1.08096
-9 0 -0.0893082 -0.858678
-9 0.2 -0.00106582 -1.08096
-9 0.4 -0.103547 -1.07968
-9 0.6 -0.264448 -0.991385
-9 0.8 -0.20303 -0.716559
-9 1 0.000513296 -0.561809
-9 1.2 0.174727 -0.385831
-9 1.4 0.280253 -0.0993567
-9 1.6 0.152206 0.193321
-9 1.8 -0.162332 0.146265
-9 2 -0.062715 -0.166475
-9 2.2 0.137587 0.0834842
-9 2.4 -0.155943 -0.0302756
-9 2.6 0.137651 0.0352753
-9 2.8 -0.0906931 -0.0992855
-9 3 -0.0227156 0.134416
-9 3.2 0.126492 -0.0113074
-9 3.4 0.0155827 -0.124219
-9 3.6 -0.0998088 -0.0770765
-9 3.8 -0.120086 -0.00520813
-9 4 -0.120329 0.0217544
-9 4.2 -0.119877 0.00854241
-9 4.4 -0.107056 -0.0519232
-9 4.6 -0.0333605 -0.115537
-9 4.8 0.0945402 -0.070425
-9 5 0.0742641 0.0940165
-9 5.2 -0.110126 0.0423643
-9 5.4 0.0315534 -0.115246
-9 5.6 0.0424796 0.110527
-9 5.8 -0.0751613 -0.0929333
-9 6 0.0772929 0.0902779
-9 6.2 -0.0503555 -0.108733
-9 6.4 -0.0134828 0.118506
-9 6.6 0.0972 -0.0707751
-9 6.8 -0.107206 -0.0533112
-9 7 -0.0286954 0.11713
-9 7.2 0.115826 0.0324521
-9 7.4 0.0624653 -0.103387
-9 7.6 -0.0593891 -0.105329
-9 7.8 -0.117938 -0.0266453
-9 8 -0.112459 0.0457383
-9 8.2 -0.0860819 0.0853146
-9 8.4 -0.0687308 0.100221
-9 8.6 -0.0705505 0.0991131
-9 8.8 -0.0895212 0.0822026
-9 9 -0.114732 0.0410056
-9 9.2 -0.11827 -0.0291783
-9 9.4 -0.0656011 -0.10255
-9 9.6 0.0433989 -0.113951
-9 9.8 0.121197 -0.0128832
-8.8 -10 0.103049 -0.0674818
-8.8 -9.8 -0.0504821 -0.112243
-8.8 -9.6 -0.122488 0.0128954
-8.8 -9.4 -0.0452305 0.114647
-8.8 -9.2 0.0635427 0.105368
-8.8 -9 0.118058 0.0348973
-8.8 -8.8 0.118538 -0.0333373
-8.8 -8.6 0.0981273 -0.0738783
-8.8 -8.4 0.083759 -0.0900159
-8.8 -8.2 0.0855435 -0.0880793
-8.8 -8 0.103361 -0.0657324
-8.8 -7.8 0.121766 -0.0149125
-8.8 -7.6 0.104465 0.0632556
-8.8 -7.4 0.0156249 0.121255
-8.8 -7.2 -0.102566 0.0659066
-8.8 -7 -0.0840119 -0.0879774
-8.8 -6.8 0.0922079 -0.0794405
-8.8 -6.6 0.0462768 0.111822
-8.8 -6.4 -0.119331 -0.0224789
-8.8 -6.2 0.104257 -0.0603056
-8.8 -6 -0.0697999 0.0989935
-8.8 -5.8 0.0553016 -0.106419
-8.8 -5.6 -0.0720823 0.097035
-8.8 -5.4 0.107448 -0.0524729
-8.8 -5.2 -0.114229 -0.038918
-8.8 -5 0.0136038 0.118909
-8.8 -4.8 0.116671 -0.0294525
-8.8 -4.6 -0.000435163 -0.120791
-8.8 -4.4 -0.101589 -0.0634734
-8.8 -4.2 -0.122608 0.00771353
-8.8 -4 -0.114531 0.0377552
-8.8 -3.8 -0.120844 0.0274866
-8.8 -3.6 -0.119714 -0.0386135
-8.8 -3.4 -0.0464552 -0.115112
-8.8 -3.2 0.103842 -0.081362
-8.8 -3 0.0622235 0.117944
-8.8 -2.8 -0.133791 -0.00344006
-8.8 -2.6 0.123913 -0.0810466
-8.8 -2.4 -0.118908 0.0984817
-8.8 -2.2 0.140478 -0.0720145
-8.8 -2 -0.182606 -0.0335589
-8.8 -1.8 0.0418681 0.211238
-8.8 -1.6 0.231339 -0.0524689
-8.8 -1.4 0.0251232 -0.303782
-8.8 -1.2 -0.271927 -0.327044
-8.8 -1 -0.504285 -0.223718
-8.8 -0.8 -0.749725 -0.101484
-8.8 -0.6 -1.01369 -0.17695
-8.8 -0.4 -1.02657 -0.342151
-8.8 -0.2 -0.977103 -0.447676
-8.8 0 -0.83428 -0.255758
-8.8 0.2 -0.977103 -0.447676
-8.8 0.4 -1.02657 -0.342151
-8.8 0.6 -1.01369 -0.17695
-8.8 0.8 -0.749725 -0.101484
-8.8 1 -0.504285 -0.223718
-8.8 1.2 -0.271927 -0.327044
-8.8 1.4 0.0251232 -0.303782
-8.8 1.6 0.231339 -0.0524689
-8.8 1.8 0.0418681 0.211238
-8.8 2 -0.182606 -0.0335589
-8.8 2.2 0.140478 -0.0720145
-8.8 2.4 -0.118908 0.0984817
-8.8 2.6 0.123913 -0.0810466
-8.8 2.8 -0.133791 -0.00344006
-8.8 3 0.0622235 0.117944
-8.8 3.2 0.103842 -0.081362
-8.8 3.4 -0.0464552 -0.115112
-8.8 3.6 -0.119714 -0.0386135
-8.8 3.8 -0.120844 0.0274866
-8.8 4 -0.114531 0.0377552
-8.8 4.2 -0.122608 0.00771353
-8.8 4.4 -0.101589 -0.0634734
-8.8 4.6 -0.000435163 -0.120791
-8.8 4.8 0.116671 -0.0294525
-8.8 5 0.0136038 0.118909
-8.8 5.2 -0.114229 -0.038918
-8.8 5.4 0.107448 -0.0524729
-8.8 5.6 -0.0720823 0.097035
-8.8 5.8 0.0553016 -0.106419
-8.8 6 -0.0697999 0.0989935
-8.8 6.2 0.104257 -0.0603056
-8.8 6.4 -0.119331 -0.0224789
-8.8 6.6 0.0462768 0.111822
-8.8 6.8 0.0922079 -0.0794405
-8.8 7 -0.0840119 -0.0879774
-8.8 7.2 -0.102566 0.0659066
-8.8 7.4 0.0156249 0.121255
-8.8 7.6 0.104465 0.0632556
-8.8 7.8 0.121766 -0.0149125
-8.8 8 0.103361 -0.0657324
-8.8 8.2 0.0855435 -0.0880793
-8.8 8.4 0.083759 -0.0900159
-8.8 8.6 0.0981273 -0.0738783
-8.8 8.8 0.118538 -0.0333373
-8.8 9 0.118058 0.0348973
-8.8 9.2 0.0635427 0.105368
-8.8 9.4 -0.0452305 0.114647
-8.8 9.6 -0.122488 0.0128954
-8.8 9.8 -0.0504821 -0.112243
-8.6 -10 -0.0692994 -0.103335
-8.6 -9.8 -0.103547 0.0691883
-8.6 -9.6 0.0517135 0.113175
-8.6 -9.4 0.123828 -0.012852
-8.6 -9.2 0.0472158 -0.115307
-8.6 -9 -0.0612195 -0.10829
-8.6 -8.8 -0.117503 -0.040975
-8.6 -8.6 -0.121963 0.0248903
-8.6 -8.4 -0.10632 0.0641287
-8.6 -8.2 -0.0963526 0.0785233
-8.6 -8 -0.100877 0.0722494
-8.6 -7.8 -0.116709 0.0414026
-8.6 -7.6 -0.122462 -0.0192945
-8.6 -7.4 -0.0782795 -0.095389
-8.6 -7.2 0.0338043 -0.11891
-8.6 -7 0.122571 -0.0111194
-8.6 -6.8 0.0243807 0.120644
-8.6 -6.6 -0.122571 0.00710167
-8.6 -6.4 0.0434041 -0.11455
-8.6 -6.2 0.0612572 0.106011
-8.6 -6 -0.109367 -0.0540049
-8.6 -5.8 0.120671 0.0182146
-8.6 -5.6 -0.120081 -0.0193823
-8.6 -5.4 0.108754 0.0542931
-8.6 -5.2 -0.0543336 -0.108888
-8.6 -5 -0.0568474 0.106759
-8.6 -4.8 0.119083 0.0279455
-8.6 -4.6 0.0363079 -0.11498
-8.6 -4.4 -0.0910262 -0.0828049
-8.6 -4.2 -0.121884 0.00170529
-8.6 -4 -0.111556 0.0511891
-8.6 -3.8 -0.114999 0.0512449
-8.6 -3.6 -0.123524 0.00453876
-8.6 -3.4 -0.0962889 -0.0848066
-8.6 -3.2 0.0489783 -0.122675
-8.6 -3 0.119606 0.0514392
-8.6 -2.8 -0.103093 0.0935518
-8.6 -2.6 0.0296129 -0.145284
-8.6 -2.4 0.00598634 0.148228
-8.6 -2.2 0.0153146 -0.161911
-8.6 -2 -0.131343 0.136822
-8.6 -1.8 0.195971 0.0654586
-8.6 -1.6 0.0477545 -0.230159
-8.6 -1.4 -0.270799 -0.158693
-8.6 -1.2 -0.408471 0.100945
-8.6 -1 -0.399531 0.369424
-8.6 -0.8 -0.403511 0.656619
-8.6 -0.6 -0.5854 0.845739
-8.6 -0.4 -0.728518 0.799996
-8.6 -0.2 -0.808269 0.695695
-8.6 0 -0.570088 0.676451
-8.6 0.2 -0.808269 0.695695
-8.6 0.4 -0.728518 0.799996
-8.6 0.6 -0.5854 0.845739
-8.6 0.8 -0.403511 0.656619
-8.6 1 -0.399531 0.369424
-8.6 1.2 -0.408471 0.100945
-8.6 1.4 -0.270799 -0.158693
-8.6 1.6 0.0477545 -0.230159
-8.6 1.8 0.195971 0.0654586
-8.6 2 -0.131343 0.136822
-8.6 2.2 0.0153146 -0.161911
-8.6 2.4 0.00598634 0.148228
-8.6 2.6 0.0296129 -0.145284
-8.6 2.8 -0.103093 0.0935518
-8.6 3 0.119606 0.0514392
-8.6 3.2 0.0489783 -0.122675
-8.6 3.4 -0.0962889 -0.0848066
-8.6 3.6 -0.123524 0.00453876
-8.6 3.8 -0.114999 0.0512449
-8.6 4 -0.111556 0.0511891
-8.6 4.2 -0.121884 0.00170529
-8.6 4.4 -0.0910262 -0.0828049
-8.6 4.6 0.0363079 -0.11498
-8.6 4.8 0.119083 0.0279455
-8.6 5 -0.0568474 0.106759
-8.6 5.2 -0.0543336 -0.108888
-8.6 5.4 0.108754 0.0542931
-8.6 5.6 -0.120081 -0.0193823
-8.6 5.8 0.120671 0.0182146
-8.6 6 -0.109367 -0.0540049
-8.6 6.2 0.0612572 0.106011
-8.6 6.4 0.0434041 -0.11455
-8.6 6.6 -0.122571 0.00710167
-8.6 6.8 0.0243807 0.120644
-8.6 7 0.122571 -0.0111194
-8.6 7.2 0.0338043 -0.11891
-8.6 7.4 -0.0782795 -0.095389
-8.6 7.6 -0.122462 -0.0192945
-8.6 7.8 -0.116709 0.0414026
-8.6 8 -0.100877 0.0722494
-8.6 8.2 -0.0963526 0.0785233
-8.6 8.4 -0.10632 0.0641287
-8.6 8.6 -0.121963 0.0248903
-8.6 8.8 -0.117503 -0.040975
-8.6 9 -0.0612195 -0.10829
-8.6 9.2 0.0472158 -0.115307
-8.6 9.4 0.123828 -0.012852
-8.6 9.6 0.0517135 0.113175
-8.6 9.8 -0.103547 0.0691883
-8.4 -10 -0.113292 0.0544121
-8.4 -9.8 0.0710601 0.103788
-8.4 -9.6 0.104057 -0.0709268
-8.4 -9.4 -0.0529539 -0.114154
-8.4 -9.2 -0.125218 0.0127473
-8.4 -9 -0.0493661 0.11592
-8.4 -8.8 0.0586018 0.111312
-8.4 -8.6 0.116543 0.0474192
-8.4 -8.4 0.124888 -0.0156253
-8.4 -8.2 0.113869 -0.0528627
-8.4 -8 0.107868 -0.0644981
-8.4 -7.8 0.113815 -0.0526919
-8.4 -7.6 0.124557 -0.0129381
-8.4 -7.4 0.112865 0.0544096
-8.4 -7.2 0.0404156 0.118008
-8.4 -7 -0.0808694 0.0953096
-8.4 -6.8 -0.11367 -0.0502979
-8.4 -6.6 0.0477358 -0.115036
-8.4 -6.4 0.09992 0.0732115
-8.4 -6.2 -0.113585 0.0499147
-8.4 -6 0.0465336 -0.114275
-8.4 -5.8 0.00951188 0.123326
-8.4 -5.6 -0.030152 -0.119062
-8.4 -5.4 0.01155 0.122999
-8.4 -5.2 0.0447125 -0.113776
-8.4 -5 -0.114289 0.0470708
-8.4 -4.8 0.0884187 0.0842136
-8.4 -4.6 0.0774645 -0.0961066
-8.4 -4.4 -0.0682426 -0.102787
-8.4 -4.2 -0.122503 -0.00712163
-8.4 -4 -0.112529 0.0563525
-8.4 -3.8 -0.102898 0.069436
-8.4 -3.6 -0.118076 0.0446527
-8.4 -3.4 -0.123731 -0.0419556
-8.4 -3.2 -0.0199071 -0.127238
-8.4 -3 0.129053 -0.0339728
-8.4 -2.8 -0.0192289 0.141164
-8.4 -2.6 -0.081325 -0.117638
-8.4 -2.4 0.123362 0.0833319
-8.4 -2.2 -0.127567 -0.111488
-8.4 -2 0.0396059 0.18162
-8.4 -1.8 0.143245 -0.137736
-8.4 -1.6 -0.192318 -0.144766
-8.4 -1.4 -0.268435 0.172801
-8.4 -1.2 -0.0814892 0.402814
-8.4 -1 0.183537 0.509905
-8.4 -0.8 0.441151 0.649435
-8.4 -0.6 0.522385 0.881964
-8.4 -0.4 0.4371 0.992609
-8.4 -0.2 0.292511 1.01447
-8.4 0 0.403604 0.803653
-8.4 0.2 0.292511 1.01447
-8.4 0.4 0.4371 0.992609
-8.4 0.6 0.522385 0.881964
-8.4 0.8 0.441151 0.649435
-8.4 1 0.183537 0.509905
-8.4 1.2 -0.0814892 0.402814
-8.4 1.4 -0.268435 0.172801
-8.4 1.6 -0.192318 -0.144766
-8.4 1.8 0.143245 -0.137736
-8.4 2 0.0396059 0.18162
-8.4 2.2 -0.127567 -0.111488
-8.4 2.4 0.123362 0.0833319
-8.4 2.6 -0.081325 -0.117638
-8.4 2.8 -0.0192289 0.141164
-8.4 3 0.129053 -0.0339728
-8.4 3.2 -0.0199071 -0.127238
-8.4 3.4 -0.123731 -0.0419556
-8.4 3.6 -0.118076 0.0446527
-8.4 3.8 -0.102898 0.069436
-8.4 4 -0.112529 0.0563525
-8.4 4.2 -0.122503 -0.00712163
-8.4 4.4 -0.0682426 -0.102787
-8.4 4.6 0.0774645 -0.0961066
-8.4 4.8 0.0884187 0.0842136
-8.4 5 -0.114289 0.0470708
-8.4 5.2 0.0447125 -0.113776
-8.4 5.4 0.01155 0.122999
-8.4 5.6 -0.030152 -0.119062
-8.4 5.8 0.00951188 0.123326
-8.4 6 0.0465336 -0.114275
-8.4 6.2 -0.113585 0.0499147
-8.4 6.4 0.09992 0.0732115
-8.4 6.6 0.0477358 -0.115036
-8.4 6.8 -0.11367 -0.0502979
-8.4 7 -0.0808694 0.0953096
-8.4 7.2 0.0404156 0.118008
-8.4 7.4 0.112865 0.0544096
-8.4 7.6 0.124557 -0.0129381
-8.4 7.8 0.113815 -0.0526919
-8.4 8 0.107868 -0.0644981
-8.4 8.2 0.113869 -0.0528627
-8.4 8.4 0.124888 -0.0156253
-8.4 8.6 0.116543 0.0474192
-8.4 8.8 0.0586018 0.111312
-8.4 9 -0.0493661 0.11592
-8.4 9.2 -0.125218 0.0127473
-8.4 9.4 -0.0529539 -0.114154
-8.4 9.6 0.104057 -0.0709268
-8.4 9.8 0.0710601 0.103788
-8.2 -10 0.0180744 0.125845
-8.2 -9.8 0.114249 -0.0557668
-8.2 -9.6 -0.0728694 -0.104253
-8.2 -9.4 -0.104579 0.0727003
-8.2 -9.2 0.0542015 0.115181
-8.2 -9 0.126665 -0.0125744
-8.2 -8.8 0.0516939 -0.116477
-8.2 -8.6 -0.0556564 -0.114426
-8.2 -8.4 -0.11511 -0.0542338
-8.2 -8.2 -0.127174 0.00551165
-8.2 -8 -0.120497 0.0400112
-8.2 -7.8 -0.11775 0.0478719
-8.2 -7.6 -0.123308 0.0295785
-8.2 -7.4 -0.125311 -0.0185137
-8.2 -7.2 -0.0919597 -0.0870795
-8.2 -7 0.00589253 -0.126014
-8.2 -6.8 0.115529 -0.0511991
-8.2 -6.6 0.0728739 0.102337
-8.2 -6.4 -0.107251 0.0660908
-8.2 -6.2 -0.0258878 -0.122387
-8.2 -6 0.114457 0.0516597
-8.2 -5.8 -0.121548 0.0270892
-8.2 -5.6 0.10637 -0.0660842
-8.2 -5.4 -0.104123 0.0673991
-8.2 -5.2 0.120229 -0.0337709
-8.2 -5 -0.115334 -0.0454455
-8.2 -4.8 0.0271501 0.121268
-8.2 -4.6 0.11318 -0.0527068
-8.2 -4.4 -0.0373795 -0.117762
-8.2 -4.2 -0.12341 -0.0256637
-8.2 -4 -0.112467 0.0546653
-8.2 -3.8 -0.0918326 0.0856208
-8.2 -3.6 -0.106162 0.0742364
-8.2 -3.4 -0.128074 0.00680286
-8.2 -3.2 -0.0828112 -0.100602
-8.2 -3 0.0909607 -0.103598
-8.2 -2.8 0.0729816 0.118471
-8.2 -2.6 -0.139889 -0.0182183
-8.2 -2.4 0.148597 -0.0451019
-8.2 -2.2 -0.166862 0.0323605
-8.2 -2 0.167236 0.0603077
-8.2 -1.8 -0.0585172 -0.189711
-8.2 -1.6 -0.224425 0.108357
-8.2 -1.4 0.0301749 0.315899
-8.2 -1.2 0.324058 0.233742
-8.2 -1 0.545498 0.0303628
-8.2 -0.8 0.786252 -0.13302
-8.2 -0.6 1.01344 -0.109169
-8.2 -0.4 1.08979 0.00408207
-8.2 -0.2 1.03136 0.15399
-8.2 0 0.914879 -0.0526446
-8.2 0.2 1.03136 0.15399
-8.2 0.4 1.08979 0.00408207
-8.2 0.6 1.01344 -0.109169
-8.2 0.8 0.786252 -0.13302
-8.2 1 0.545498 0.0303628
-8.2 1.2 0.324058 0.233742
-8.2 1.4 0.0301749 0.315899
-8.2 1.6 -0.224425 0.108357
-8.2 1.8 -0.0585172 -0.189711
-8.2 2 0.167236 0.0603077
-8.2 2.2 -0.166862 0.0323605
-8.2 2.4 0.148597 -0.0451019
-8.2 2.6 -0.139889 -0.0182183
-8.2 2.8 0.0729816 0.118471
-8.2 3 0.0909607 -0.103598
-8.2 3.2 -0.0828112 -0.100602
-8.2 3.4 -0.128074 0.00680286
-8.2 3.6 -0.106162 0.0742364
-8.2 3.8 -0.0918326 0.0856208
-8.2 4 -0.112467 0.0546653
-8.2 4.2 -0.12341 -0.0256637
-8.2 4.4 -0.0373795 -0.117762
-8.2 4.6 0.11318 -0.0527068
-8.2 4.8 0.0271501 0.121268
-8.2 5 -0.115334 -0.0454455
-8.2 5.2 0.120229 -0.0337709
-8.2 5.4 -0.104123 0.0673991
-8.2 5.6 0.10637 -0.0660842
-8.2 5.8 -0.121548 0.0270892
-8.2 6 0.114457 0.0516597
-8.2 6.2 -0.0258878 -0.122387
-8.2 6.4 -0.107251 0.0660908
-8.2 6.6 0.0728739 0.102337
-8.2 6.8 0.115529 -0.0511991
-8.2 7 0.00589253 -0.126014
-8.2 7.2 -0.0919597 -0.0870795
-8.2 7.4 -0.125311 -0.0185137
-8.2 7.6 -0.123308 0.0295785
-8.2 7.8 -0.11775 0.0478719
-8.2 8 -0.120497 0.0400112
-8.2 8.2 -0.127174 0.00551165
-8.2 8.4 -0.11511 -0.0542338
-8.2 8.6 -0.0556564 -0.114426
-8.2 8.8 0.0516939 -0.116477
-8.2 9 0.126665 -0.0125744
-8.2 9.2 0.0542015 0.115181
-8.2 9.4 -0.104579 0.0727003
-8.2 9.6 -0.0728694 -0.104253
-8.2 9.8 0.114249 -0.0557668
-8 -10 0.121527 0.04146
-8 -9.8 -0.018145 -0.127322
-8 -9.6 -0.115256 0.057132
-8 -9.4 0.0747308 0.104735
-8 -9.2 0.105114 -0.0745124
-8 -9 -0.0554541 -0.116261
-8 -8.8 -0.128172 0.0123256
-8 -8.6 -0.0542125 0.116967
-8 -8.4 0.0523468 0.117621
-8 -8.2 0.113126 0.0614163
-8 -8 0.128658 0.00546862
-8 -7.8 0.125877 -0.0255391
-8 -7.6 0.125348 -0.0286777
-8 -7.4 0.128195 -0.00336798
-8 -7.2 0.117512 0.0511658
-8 -7 0.0598438 0.113184
-8 -6.8 -0.0548716 0.11525
-8 -6.6 -0.127511 -0.00745003
-8 -6.4 -0.00673694 -0.126915
-8 -6.2 0.126584 0.0138044
-8 -6 -0.0676364 0.106949
-8 -5.8 -0.0326663 -0.122603
-8 -5.6 0.0876287 0.0906443
-8 -5.4 -0.104203 -0.0714167
-8 -5.2 0.0928154 0.0851202
-8 -5 -0.044959 -0.117241
-8 -4.8 -0.0564079 0.113069
-8 -4.6 0.124647 0.00857816
-8 -4.4 0.00551359 -0.126576
-8 -4.2 -0.115324 -0.0511602
-8 -4 -0.115029 0.0511039
-8 -3.8 -0.0870099 0.0953322
-8 -3.6 -0.0871959 0.0939431
-8 -3.4 -0.117091 0.0539646
-8 -3.2 -0.123215 -0.0546585
-8 -3 0.0217619 -0.134409
-8 -2.8 0.130317 0.0407332
-8 -2.6 -0.114383 0.0911732
-8 -2.4 0.0679639 -0.142746
-8 -2.2 -0.0718732 0.147048
-8 -2 0.133502 -0.112105
-8 -1.8 -0.201716 -0.0402559
-8 -1.6 -0.0142795 0.252765
-8 -1.4 0.287384 0.111877
-8 -1.2 0.336428 -0.200618
-8 -1 0.24919 -0.49742
-8 -0.8 0.211453 -0.777267
-8 -0.6 0.314762 -0.962541
-8 -0.4 0.451829 -0.999938
-8 -0.2 0.559219 -0.861955
-8 0 0.324113 -0.877632
-8 0.2 0.559219 -0.861955
-8 0.4 0.451829 -0.999938
-8 0.6 0.314762 -0.962541
-8 0.8 0.211453 -0.777267
-8 1 0.24919 -0.49742
-8 1.2 0.336428 -0.200618
-8 1.4 0.287384 0.111877
-8 1.6 -0.0142795 0.252765
-8 1.8 -0.201716 -0.0402559
-8 2 0.133502 -0.112105
-8 2.2 -0.0718732 0.147048
-8 2.4 0.0679639 -0.142746
-8 2.6 -0.114383 0.0911732
-8 2.8 0.130317 0.0407332
-8 3 0.0217619 -0.134409
-8 3.2 -0.123215 -0.0546585
-8 3.4 -0.117091 0.0539646
-8 3.6 -0.0871959 0.0939431
-8 3.8 -0.0870099 0.0953322
-8 4 -0.115029 0.0511039
-8 4.2 -0.115324 -0.0511602
-8 4.4 0.00551359 -0.126576
-8 4.6 0.124647 0.00857816
-8 4.8 -0.0564079 0.113069
-8 5 -0.044959 -0.117241
-8 5.2 0.0928154 0.0851202
-8 5.4 -0.104203 -0.0714167
-8 5.6 0.0876287 0.0906443
-8 5.8 -0.0326663 -0.122603
-8 6 -0.0676364 0.106949
-8 6.2 0.126584 0.0138044
-8 6.4 -0.00673694 -0.126915
-8 6.6 -0.127511 -0.00745003
-8 6.8 -0.0548716 0.11525
-8 7 0.0598438 0.113184
-8 7.2 0.117512 0.0511658
-8 7.4 0.128195 -0.00336798
-8 7.6 0.125348 -0.0286777
-8 7.8 0.125877 -0.0255391
-8 8 0.128658 0.00546862
-8 8.2 0.113126 0.0614163
-8 8.4 0.0523468 0.117621
-8 8.6 -0.0542125 0.116967
-8 8.8 -0.128172 0.0123256
-8 9 -0.0554541 -0.116261
-8 9.2 0.105114 -0.0745124
-8 9.4 0.0747308 0.104735
-8 9.6 -0.115256 0.057132
-8 9.8 -0.018145 -0.127322
-7.8 -10 0.10713 -0.0733258
-7.8 -9.8 -0.12245 -0.043392
-7.8 -9.6 0.0181573 0.128848
-7.8 -9.4 0.116315 -0.0585043
-7.8 -9.2 -0.0766469 -0.105239
-7.8 -9 -0.10566 0.0763676
-7.8 -8.8 0.0567097 0.117397
-7.8 -8.6 0.129743 -0.0119917
-7.8 -8.4 0.0569359 -0.117376
-7.8 -8.2 -0.0486319 -0.120882
-7.8 -8 -0.1105 -0.0689566
-7.8 -7.8 -0.129153 -0.017315
-7.8 -7.6 -0.129624 0.0094609
-7.8 -7.4 -0.129921 0.00709137
-7.8 -7.2 -0.127271 -0.0251104
-7.8 -7 -0.10008 -0.0825239
-7.8 -6.8 -0.0182275 -0.128164
-7.8 -6.6 0.0983089 -0.083855
-7.8 -6.4 0.109251 0.0687624
-7.8 -6.2 -0.0667446 0.110025
-7.8 -6 -0.0887709 -0.0930638
-7.8 -5.8 0.125918 -0.0241723
-7.8 -5.6 -0.0805413 0.0994831
-7.8 -5.4 0.0392904 -0.121771
-7.8 -5.2 -0.0328609 0.122915
-7.8 -5 0.0682555 -0.10826
-7.8 -4.8 -0.118559 0.0445769
-7.8 -4.6 0.101989 0.0770132
-7.8 -4.4 0.0582212 -0.113398
-7.8 -4.2 -0.099925 -0.078146
-7.8 -4 -0.123236 0.0390379
-7.8 -3.8 -0.0838756 0.097324
-7.8 -3.6 -0.0667405 0.110058
-7.8 -3.4 -0.0980655 0.0900277
-7.8 -3.2 -0.134023 -5.03799e-06
-7.8 -3 -0.0543954 -0.122334
-7.8 -2.8 0.130591 -0.0528859
-7.8 -2.6 -0.024214 0.147755
-7.8 -2.4 -0.0579565 -0.142093
-7.8 -2.2 0.0778195 0.139265
-7.8 -2 -0.027637 -0.17752
-7.8 -1.8 -0.14294 0.156343
-7.8 -1.6 0.209605 0.13357
-7.8 -1.4 0.215895 -0.204545
-7.8 -1.2 -0.0531887 -0.387963
-7.8 -1 -0.359757 -0.440217
-7.8 -0.8 -0.618019 -0.52046
-7.8 -0.6 -0.747103 -0.675325
-7.8 -0.4 -0.731874 -0.829662
-7.8 -0.2 -0.545322 -0.85017
-7.8 0 -0.687457 -0.664895
-7.8 0.2 -0.545322 -0.85017
-7.8 0.4 -0.731874 -0.829662
-7.8 0.6 -0.747103 -0.675325
-7.8 0.8 -0.618019 -0.52046
-7.8 1 -0.359757 -0.440217
-7.8 1.2 -0.0531887 -0.387963
-7.8 1.4 0.215895 -0.204545
-7.8 1.6 0.209605 0.13357
-7.8 1.8 -0.14294 0.156343
-7.8 2 -0.027637 -0.17752
-7.8 2.2 0.0778195 0.139265
-7.8 2.4 -0.0579565 -0.142093
-7.8 2.6 -0.024214 0.147755
-7.8 2.8 0.130591 -0.0528859
-7.8 3 -0.0543954 -0.122334
-7.8 3.2 -0.134023 -5.03799e-06
-7.8 3.4 -0.0980655 0.0900277
-7.8 3.6 -0.0667405 0.110058
-7.8 3.8 -0.0838756 0.097324
-7.8 4 -0.123236 0.0390379
-7.8 4.2 -0.099925 -0.078146
-7.8 4.4 0.0582212 -0.113398
-7.8 4.6 0.101989 0.0770132
-7.8 4.8 -0.118559 0.0445769
-7.8 5 0.0682555 -0.10826
-7.8 5.2 -0.0328609 0.122915
-7.8 5.4 0.0392904 -0.121771
-7.8 5.6 -0.0805413 0.0994831
-7.8 5.8 0.125918 -0.0241723
-7.8 6 -0.0887709 -0.0930638
-7.8 6.2 -0.0667446 0.110025
-7.8 6.4 0.109251 0.0687624
-7.8 6.6 0.0983089 -0.083855
-7.8 6.8 -0.0182275 -0.128164
-7.8 7 -0.10008 -0.0825239
-7.8 7.2 -0.127271 -0.0251104
-7.8 7.4 -0.129921 0.00709137
-7.8 7.6 -0.129624 0.0094609
-7.8 7.8 -0.129153 -0.017315
-7.8 8 -0.1105 -0.0689566
-7.8 8.2 -0.0486319 -0.120882
-7.8 8.4 0.0569359 -0.117376
-7.8 8.6 0.129743 -0.0119917
-7.8 8.8 0.0567097 0.117397
-7.8 9 -0.10566 0.0763676
-7.8 9.2 -0.0766469 -0.105239
-7.8 9.4 0.116315 -0.0585043
-7.8 9.6 0.0181573 0.128848
-7.8 9.8 -0.12245 -0.043392
-7.6 -10 0.0286495 -0.128098
-7.6 -9.8 -0.110436 0.0712357
-7.6 -9.6 0.123362 0.0454975
-7.6 -9.4 -0.0181107 -0.130429
-7.6 -9.2 -0.117426 0.0598812
-7.6 -9 0.078619 0.10577
-7.6 -8.8 0.106219 -0.0782716
-7.6 -8.6 -0.0579658 -0.11859
-7.6 -8.4 -0.131382 0.0115618
-7.6 -8.2 -0.0598798 0.117688
-7.6 -8 0.0444664 0.12419
-7.6 -7.8 0.107132 0.0768337
-7.6 -7.6 0.128442 0.0300011
-7.6 -7.4 0.1313 0.00813915
-7.6 -7.2 0.130656 0.0165197
-7.6 -7 0.119385 0.0545723
-7.6 -6.8 0.0726421 0.109395
-7.6 -6.6 -0.0291158 0.127647
-7.6 -6.4 -0.1264 0.0338308
-7.6 -6.2 -0.0596893 -0.116019
-7.6 -6 0.120482 -0.0498255
-7.6 -5.8 0.00231499 0.12986
-7.6 -5.6 -0.10145 -0.081296
-7.6 -5.4 0.128363 0.0143443
-7.6 -5.2 -0.128908 0.0148314
-7.6 -5 0.1286 0.000322406
-7.6 -4.8 -0.115384 -0.0583487
-7.6 -4.6 0.0325324 0.124826
-7.6 -4.4 0.104559 -0.0743582
-7.6 -4.2 -0.0712615 -0.108801
-7.6 -4 -0.128068 0.0169835
-7.6 -3.8 -0.0837658 0.0985069
-7.6 -3.6 -0.0532533 0.121374
-7.6 -3.4 -0.0718875 0.111577
-7.6 -3.2 -0.120769 0.0546332
-7.6 -3 -0.113411 -0.0785526
-7.6 -2.8 0.0777415 -0.121267
-7.6 -2.6 0.0780648 0.123416
-7.6 -2.4 -0.142685 -0.0465106
-7.6 -2.2 0.163104 0.0181871
-7.6 -2 -0.167645 -0.0803836
-7.6 -1.8 0.0553906 0.202117
-7.6 -1.6 0.207226 -0.118208
-7.6 -1.4 -0.0975242 -0.275214
-7.6 -1.2 -0.384074 -0.108599
-7.6 -1 -0.559951 0.144052
-7.6 -0.8 -0.728347 0.342259
-7.6 -0.6 -0.916917 0.410344
-7.6 -0.4 -1.06742 0.32534
-7.6 -0.2 -0.97999 0.146639
-7.6 0 -0.907366 0.365723
-7.6 0.2 -0.97999 0.146639
-7.6 0.4 -1.06742 0.32534
-7.6 0.6 -0.916917 0.410344
-7.6 0.8 -0.728347 0.342259
-7.6 1 -0.559951 0.144052
-7.6 1.2 -0.384074 -0.108599
-7.6 1.4 -0.0975242 -0.275214
-7.6 1.6 0.207226 -0.118208
-7.6 1.8 0.0553906 0.202117
-7.6 2 -0.167645 -0.0803836
-7.6 2.2 0.163104 0.0181871
-7.6 2.4 -0.142685 -0.0465106
-7.6 2.6 0.0780648 0.123416
-7.6 2.8 0.0777415 -0.121267
-7.6 3 -0.113411 -0.0785526
-7.6 3.2 -0.120769 0.0546332
-7.6 3.4 -0.0718875 0.111577
-7.6 3.6 -0.0532533 0.121374
-7.6 3.8 -0.0837658 0.0985069
-7.6 4 -0.128068 0.0169835
-7.6 4.2 -0.0712615 -0.108801
-7.6 4.4 0.104559 -0.0743582
-7.6 4.6 0.0325324 0.124826
-7.6 4.8 -0.115384 -0.0583487
-7.6 5 0.1286 0.000322406
-7.6 5.2 -0.128908 0.0148314
-7.6 5.4 0.128363 0.0143443
-7.6 5.6 -0.10145 -0.081296
-7.6 5.8 0.00231499 0.12986
-7.6 6 0.120482 -0.0498255
-7.6 6.2 -0.0596893 -0.116019
-7.6 6.4 -0.1264 0.0338308
-7.6 6.6 -0.0291158 0.127647
-7.6 6.8 0.0726421 0.109395
-7.6 7 0.119385 0.0545723
-7.6 7.2 0.130656 0.0165197
-7.6 7.4 0.1313 0.00813915
-7.6 7.6 0.128442 0.0300011
-7.6 7.8 0.107132 0.0768337
-7.6 8 0.0444664 0.12419
-7.6 8.2 -0.0598798 0.117688
-7.6 8.4 -0.131382 0.0115618
-7.6 8.6 -0.0579658 -0.11859
-7.6 8.8 0.106219 -0.0782716
-7.6 9 0.078619 0.10577
-7.6 9.2 -0.117426 0.0598812
-7.6 9.4 -0.0181107 -0.130429
-7.6 9.6 0.123362 0.0454975
-7.6 9.8 -0.110436 0.0712357
-7.4 -10 -0.0453196 -0.124635
-7.4 -9.8 -0.0350752 0.12814
-7.4 -9.6 0.113878 -0.0688313
-7.4 -9.4 -0.124256 -0.0478
-7.4 -9.2 0.0180026 0.132072
-7.4 -9 0.118586 -0.0612622
-7.4 -8.8 -0.0806468 -0.106332
-7.4 -8.6 -0.106794 0.0802304
-7.4 -8.4 0.0592208 0.119844
-7.4 -8.2 0.133096 -0.0110235
-7.4 -8 0.0630605 -0.117885
-7.4 -7.8 -0.0398005 -0.127518
-7.4 -7.6 -0.102908 -0.0850126
-7.4 -7.4 -0.126277 -0.0434656
-7.4 -7.2 -0.130413 -0.027082
-7.4 -7 -0.126698 -0.0415397
-7.4 -6.8 -0.103591 -0.0832065
-7.4 -6.6 -0.035918 -0.128026
-7.4 -6.4 0.0761014 -0.108417
-7.4 -6.2 0.129625 0.0276029
-7.4 -6 -0.0121171 0.131365
-7.4 -5.8 -0.126977 -0.0364331
-7.4 -5.6 0.0917339 -0.0938949
-7.4 -5.4 -0.00298868 0.131662
-7.4 -5.2 -0.050044 -0.120733
-7.4 -5 0.0592193 0.116967
-7.4 -4.8 -0.0226213 -0.128771
-7.4 -4.6 -0.0596628 0.115613
-7.4 -4.4 0.131144 -0.00673093
-7.4 -4.2 -0.023326 -0.128205
-7.4 -4 -0.130099 -0.0104176
-7.4 -3.8 -0.0930749 0.0946538
-7.4 -3.6 -0.0442043 0.124629
-7.4 -3.4 -0.0418876 0.125524
-7.4 -3.2 -0.0947355 0.0984658
-7.4 -3 -0.139017 -0.0185976
-7.4 -2.8 -0.00493546 -0.140771
-7.4 -2.6 0.139695 0.0359156
-7.4 -2.4 -0.133572 0.078395
-7.4 -2.2 0.121155 -0.118526
-7.4 -2 -0.161746 0.0875293
-7.4 -1.8 0.193811 0.0533524
-7.4 -1.6 -0.0156273 -0.232062
-7.4 -1.4 -0.295136 -0.0237762
-7.4 -1.2 -0.266377 0.310425
-7.4 -1 -0.108803 0.571001
-7.4 -0.8 0.011299 0.797519
-7.4 -0.6 0.00811926 1.0069
-7.4 -0.4 -0.151237 1.1144
-7.4 -0.2 -0.258221 0.93578
-7.4 0 -0.039975 0.999808
-7.4 0.2 -0.258221 0.93578
-7.4 0.4 -0.151237 1.1144
-7.4 0.6 0.00811926 1.0069
-7.4 0.8 0.011299 0.797519
-7.4 1 -0.108803 0.571001
-7.4 1.2 -0.266377 0.310425
-7.4 1.4 -0.295136 -0.0237762
-7.4 1.6 -0.0156273 -0.232062
-7.4 1.8 0.193811 0.0533524
-7.4 2 -0.161746 0.0875293
-7.4 2.2 0.121155 -0.118526
-7.4 2.4 -0.133572 0.078395
-7.4 2.6 0.139695 0.0359156
-7.4 2.8 -0.00493546 -0.140771
-7.4 3 -0.139017 -0.0185976
-7.4 3.2 -0.0947355 0.0984658
-7.4 3.4 -0.0418876 0.125524
-7.4 3.6 -0.0442043 0.124629
-7.4 3.8 -0.0930749 0.0946538
-7.4 4 -0.130099 -0.0104176
-7.4 4.2 -0.023326 -0.128205
-7.4 4.4 0.131144 -0.00673093
-7.4 4.6 -0.0596628 0.115613
-7.4 4.8 -0.0226213 -0.128771
-7.4 5 0.0592193 0.116967
-7.4 5.2 -0.050044 -0.120733
-7.4 5.4 -0.00298868 0.131662
-7.4 5.6 0.0917339 -0.0938949
-7.4 5.8 -0.126977 -0.0364331
-7.4 6 -0.0121171 0.131365
-7.4 6.2 0.129625 0.0276029
-7.4 6.4 0.0761014 -0.108417
-7.4 6.6 -0.035918 -0.128026
-7.4 6.8 -0.103591 -0.0832065
-7.4 7 -0.126698 -0.0415397
-7.4 7.2 -0.130413 -0.027082
-7.4 7.4 -0.126277 -0.0434656
-7.4 7.6 -0.102908 -0.0850126
-7.4 7.8 -0.0398005 -0.127518
-7.4 8 0.0630605 -0.117885
-7.4 8.2 0.133096 -0.0110235
-7.4 8.4 0.0592208 0.119844
-7.4 8.6 -0.106794 0.0802304
-7.4 8.8 -0.0806468 -0.106332
-7.4 9 0.118586 -0.0612622
-7.4 9.2 0.0180026 0.132072
-7.4 9.4 -0.124256 -0.0478
-7.4 9.6 0.113878 -0.0688313
-7.4 9.8 -0.0350752 0.12814
-7.2 -10 -0.0893253 -0.100079
-7.2 -9.8 0.0367664 0.129171
-7.2 -9.6 0.0419189 -0.127805
-7.2 -9.4 -0.117442 0.0660791
-7.2 -9.2 0.125114 0.0503231
-7.2 -9 -0.0178267 -0.133791
-7.2 -8.8 -0.119796 0.0626495
-7.2 -8.6 0.0827289 0.106931
-7.2 -8.4 0.107389 -0.0822504
-7.2 -8.2 -0.0604734 -0.121161
-7.2 -8 -0.134887 0.0103621
-7.2 -7.8 -0.066496 0.117945
-7.2 -7.6 0.0345791 0.130831
-7.2 -7.4 0.0976999 0.0934402
-7.2 -7.2 0.122384 0.0575999
-7.2 -7 0.126425 0.0470634
-7.2 -6.8 0.117212 0.0670433
-7.2 -6.6 0.079365 0.108639
-7.2 -6.4 -0.00784895 0.134441
-7.2 -6.2 -0.114523 0.0697129
-7.2 -6 -0.101779 -0.0875314
-7.2 -5.8 0.0855161 -0.102501
-7.2 -5.6 0.0730554 0.112062
-7.2 -5.4 -0.13277 -0.0060869
-7.2 -5.2 0.112043 -0.0719246
-7.2 -5 -0.0896382 0.0978458
-7.2 -4.8 0.0977343 -0.0889729
-7.2 -4.6 -0.128309 0.0347336
-7.2 -4.4 0.109067 0.0740534
-7.2 -4.2 0.0357269 -0.12728
-7.2 -4 -0.123965 -0.0495549
-7.2 -3.8 -0.104651 0.081291
-7.2 -3.6 -0.037998 0.127528
-7.2 -3.4 -0.0182867 0.135086
-7.2 -3.2 -0.0610004 0.123533
-7.2 -3 -0.130218 0.0447916
-7.2 -2.8 -0.0858274 -0.112147
-7.2 -2.6 0.133817 -0.0665179
-7.2 -2.4 -0.0412643 0.153052
-7.2 -2.2 -0.0111417 -0.166076
-7.2 -2 -0.0176134 0.175857
-7.2 -1.8 0.136908 -0.141845
-7.2 -1.6 -0.219155 -0.0893451
-7.2 -1.4 -0.154658 0.262736
-7.2 -1.2 0.164722 0.379794
-7.2 -1 0.467066 0.33776
-7.2 -0.8 0.727074 0.309185
-7.2 -0.6 0.93312 0.40002
-7.2 -0.4 0.952637 0.609487
-7.2 -0.2 0.737843 0.59933
-7.2 0 0.9129 0.460602
-7.2 0.2 0.737843 0.59933
-7.2 0.4 0.952637 0.609487
-7.2 0.6 0.93312 0.40002
-7.2 0.8 0.727074 0.309185
-7.2 1 0.467066 0.33776
-7.2 1.2 0.164722 0.379794
-7.2 1.4 -0.154658 0.262736
-7.2 1.6 -0.219155 -0.0893451
-7.2 1.8 0.136908 -0.141845
-7.2 2 -0.0176134 0.175857
-7.2 2.2 -0.0111417 -0.166076
-7.2 2.4 -0.0412643 0.153052
-7.2 2.6 0.133817 -0.0665179
-7.2 2.8 -0.0858274 -0.112147
-7.2 3 -0.130218 0.0447916
-7.2 3.2 -0.0610004 0.123533
-7.2 3.4 -0.0182867 0.135086
-7.2 3.6 -0.037998 0.127528
-7.2 3.8 -0.104651 0.081291
-7.2 4 -0.123965 -0.0495549
-7.2 4.2 0.0357269 -0.12728
-7.2 4.4 0.109067 0.0740534
-7.2 4.6 -0.128309 0.0347336
-7.2 4.8 0.0977343 -0.0889729
-7.2 5 -0.0896382 0.0978458
-7.2 5.2 0.112043 -0.0719246
-7.2 5.4 -0.13277 -0.0060869
-7.2 5.6 0.0730554 0.112062
-7.2 5.8 0.0855161 -0.102501
-7.2 6 -0.101779 -0.0875314
-7.2 6.2 -0.114523 0.0697129
-7.2 6.4 -0.00784895 0.134441
-7.2 6.6 0.079365 0.108639
-7.2 6.8 0.117212 0.0670433
-7.2 7 0.126425 0.0470634
-7.2 7.2 0.122384 0.0575999
-7.2 7.4 0.0976999 0.0934402
-7.2 7.6 0.0345791 0.130831
-7.2 7.8 -0.066496 0.117945
-7.2 8 -0.134887 0.0103621
-7.2 8.2 -0.0604734 -0.121161
-7.2 8.4 0.107389 -0.0822504
-7.2 8.6 0.0827289 0.106931
-7.2 8.8 -0.119796 0.0626495
-7.2 9 -0.0178267 -0.133791
-7.2 9.2 0.125114 0.0503231
-7.2 9.4 -0.117442 0.0660791
-7.2 9.6 0.0419189 -0.127805
-7.2 9.8 0.0367664 0.129171
-7 -10 -0.10733 -0.0828031
-7 -9.8 0.0797403 0.109999
-7 -9.6 -0.0272658 -0.1333
-7 -9.4 -0.049201 0.127034
-7 -9.2 0.121112 -0.062949
-7 -9 -0.125916 -0.0530879
-7 -8.8 0.0175712 0.135598
-7 -8.6 0.121055 -0.0640486
-7 -8.4 -0.084863 -0.107568
-7 -8.2 -0.108009 0.0843376
-7 -8 0.061723 0.122544
-7 -7.8 0.136759 -0.0095607
-7 -7.6 0.0702055 -0.117843
-7 -7.4 -0.0287425 -0.134085
-7 -7.2 -0.0913673 -0.10204
-7 -7 -0.116459 -0.0722339
-7 -6.8 -0.118775 -0.0676179
-7 -6.6 -0.101471 -0.0917365
-7 -6.4 -0.0468812 -0.127967
-7 -6.2 0.0545197 -0.125051
-7 -6 0.134982 -0.0146991
-7 -5.8 0.043796 0.128709
-7 -5.6 -0.131568 0.0312113
-7 -5.4 0.0246131 -0.13309
-7 -5.2 0.0791492 0.109161
-7 -5 -0.119603 -0.0613969
-7 -4.8 0.125294 0.0497414
-7 -4.6 -0.106041 -0.0814829
-7 -4.4 0.0337402 0.129918
-7 -4.2 0.0989807 -0.091296
-7 -4 -0.098243 -0.0904872
-7 -3.8 -0.119042 0.0627273
-7 -3.6 -0.042814 0.129637
-7 -3.4 -0.00182121 0.136366
-7 -3.2 -0.0217694 0.134806
-7 -3 -0.0995881 0.0988306
-7 -2.8 -0.136354 -0.0521321
-7 -2.6 0.0669712 -0.134818
-7 -2.4 0.0749805 0.135023
-7 -2.2 -0.133137 -0.0916687
-7 -2 0.138549 0.109649
-7 -1.8 -0.0569888 -0.194843
-7 -1.6 -0.189201 0.154682
-7 -1.4 0.163288 0.261721
-7 -1.2 0.409131 0.0188254
-7 -1 0.491815 -0.280714
-7 -0.8 0.569938 -0.542403
-7 -0.6 0.75342 -0.701004
-7 -0.4 0.957429 -0.606273
-7 -0.2 0.825938 -0.431169
-7 0 0.816274 -0.649446
-7 0.2 0.825938 -0.431169
-7 0.4 0.957429 -0.606273
-7 0.6 0.75342 -0.701004
-7 0.8 0.569938 -0.542403
-7 1 0.491815 -0.280714
-7 1.2 0.409131 0.0188254
-7 1.4 0.163288 0.261721
-7 1.6 -0.189201 0.154682
-7 1.8 -0.0569888 -0.194843
-7 2 0.138549 0.109649
-7 2.2 -0.133137 -0.0916687
-7 2.4 0.0749805 0.135023
-7 2.6 0.0669712 -0.134818
-7 2.8 -0.136354 -0.0521321
-7 3 -0.0995881 0.0988306
-7 3.2 -0.0217694 0.134806
-7 3.4 -0.00182121 0.136366
-7 3.6 -0.042814 0.129637
-7 3.8 -0.119042 0.0627273
-7 4 -0.098243 -0.0904872
-7 4.2 0.0989807 -0.091296
-7 4.4 0.0337402 0.129918
-7 4.6 -0.106041 -0.0814829
-7 4.8 0.125294 0.0497414
-7 5 -0.119603 -0.0613969
-7 5.2 0.0791492 0.109161
-7 5.4 0.0246131 -0.13309
-7 5.6 -0.131568 0.0312113
-7 5.8 0.043796 0.128709
-7 6 0.134982 -0.0146991
-7 6.2 0.0545197 -0.125051
-7 6.4 -0.0468812 -0.127967
-7 6.6 -0.101471 -0.0917365
-7 6.8 -0.118775 -0.0676179
-7 7 -0.116459 -0.0722339
-7 7.2 -0.0913673 -0.10204
-7 7.4 -0.0287425 -0.134085
-7 7.6 0.0702055 -0.117843
-7 7.8 0.136759 -0.0095607
-7 8 0.061723 0.122544
-7 8.2 -0.108009 0.0843376
-7 8.4 -0.084863 -0.107568
-7 8.6 0.121055 -0.0640486
-7 8.8 0.0175712 0.135598
-7 9 -0.125916 -0.0530879
-7 9.2 0.121112 -0.062949
-7 9.4 -0.049201 0.127034
-7 9.6 -0.0272658 -0.1333
-7 9.8 0.0797403 0.109999
-6.8 -10 -0.107264 -0.085344
-6.8 -9.8 0.0963489 0.0978382
-6.8 -9.6 -0.0684358 -0.119403
-6.8 -9.4 0.0167548 0.136862
-6.8 -9.2 0.0569459 -0.12575
-6.8 -9 -0.124877 0.0594109
-6.8 -8.8 0.126634 0.0561098
-6.8 -8.6 -0.0172177 -0.137505
-6.8 -8.4 -0.122367 0.0654671
-6.8 -8.2 0.0870473 0.108242
-6.8 -8 0.108663 -0.0864969
-6.8 -7.8 -0.0629702 -0.123996
-6.8 -7.6 -0.138714 0.00860011
-6.8 -7.4 -0.07421 0.11755
-6.8 -7.2 0.0222259 0.137224
-6.8 -7 0.083756 0.110704
-6.8 -6.8 0.108175 0.0871179
-6.8 -6.6 0.10691 0.0880784
-6.8 -6.4 0.0789914 0.113911
-6.8 -6.2 0.00735454 0.13791
-6.8 -6 -0.0978869 0.0975799
-6.8 -5.8 -0.12884 -0.0482988
-6.8 -5.6 0.0327256 -0.133722
-6.8 -5.4 0.123342 0.0599152
-6.8 -5.2 -0.114871 0.0744105
-6.8 -5 0.0442859 -0.129535
-6.8 -4.8 -0.00315748 0.135933
-6.8 -4.6 0.0131386 -0.135835
-6.8 -4.4 -0.0738391 0.114404
-6.8 -4.2 0.134331 -0.0166378
-6.8 -4 -0.0525275 -0.125959
-6.8 -3.8 -0.13383 0.0293965
-6.8 -3.6 -0.0538455 0.125119
-6.8 -3.4 0.0118849 0.136698
-6.8 -3.2 0.0123754 0.139919
-6.8 -3 -0.0582545 0.130839
-6.8 -2.8 -0.14322 0.0204425
-6.8 -2.6 -0.0290943 -0.144305
-6.8 -2.4 0.148348 0.0405255
-6.8 -2.2 -0.158831 0.0473295
-6.8 -2 0.176118 -0.0509773
-6.8 -1.8 -0.199291 -0.0595372
-6.8 -1.6 0.0380443 0.241237
-6.8 -1.4 0.301011 -0.0231746
-6.8 -1.2 0.185459 -0.352711
-6.8 -1 -0.0605274 -0.554284
-6.8 -0.8 -0.275736 -0.741773
-6.8 -0.6 -0.336135 -0.990937
-6.8 -0.4 -0.141732 -1.12131
-6.8 -0.2 -0.0724725 -0.912866
-6.8 0 -0.248903 -1.03178
-6.8 0.2 -0.0724725 -0.912866
-6.8 0.4 -0.141732 -1.12131
-6.8 0.6 -0.336135 -0.990937
-6.8 0.8 -0.275736 -0.741773
-6.8 1 -0.0605274 -0.554284
-6.8 1.2 0.185459 -0.352711
-6.8 1.4 0.301011 -0.0231746
-6.8 1.6 0.0380443 0.241237
-6.8 1.8 -0.199291 -0.0595372
-6.8 2 0.176118 -0.0509773
-6.8 2.2 -0.158831 0.0473295
-6.8 2.4 0.148348 0.0405255
-6.8 2.6 -0.0290943 -0.144305
-6.8 2.8 -0.14322 0.0204425
-6.8 3 -0.0582545 0.130839
-6.8 3.2 0.0123754 0.139919
-6.8 3.4 0.0118849 0.136698
-6.8 3.6 -0.0538455 0.125119
-6.8 3.8 -0.13383 0.0293965
-6.8 4 -0.0525275 -0.125959
-6.8 4.2 0.134331 -0.0166378
-6.8 4.4 -0.0738391 0.114404
-6.8 4.6 0.0131386 -0.135835
-6.8 4.8 -0.00315748 0.135933
-6.8 5 0.0442859 -0.129535
-6.8 5.2 -0.114871 0.0744105
-6.8 5.4 0.123342 0.0599152
-6.8 5.6 0.0327256 -0.133722
-6.8 5.8 -0.12884 -0.0482988
-6.8 6 -0.0978869 0.0975799
-6.8 6.2 0.00735454 0.13791
-6.8 6.4 0.0789914 0.113911
-6.8 6.6 0.10691 0.0880784
-6.8 6.8 0.108175 0.0871179
-6.8 7 0.083756 0.110704
-6.8 7.2 0.0222259 0.137224
-6.8 7.4 -0.07421 0.11755
-6.8 7.6 -0.138714 0.00860011
-6.8 7.8 -0.0629702 -0.123996
-6.8 8 0.108663 -0.0864969
-6.8 8.2 0.0870473 0.108242
-6.8 8.4 -0.122367 0.0654671
-6.8 8.6 -0.0172177 -0.137505
-6.8 8.8 0.126634 0.0561098
-6.8 9 -0.124877 0.0594109
-6.8 9.2 0.0569459 -0.12575
-6.8 9.4 0.0167548 0.136862
-6.8 9.6 -0.0684358 -0.119403
-6.8 9.8 0.0963489 0.0978382
-6.6 -10 -0.0866974 -0.108117
-6.6 -9.8 0.0917988 0.104262
-6.6 -9.6 -0.082497 -0.112075
-6.6 -9.4 0.0553206 0.128009
-6.6 -9.2 -0.00519591 -0.139666
-6.6 -9 -0.0651728 0.123849
-6.6 -8.8 0.128732 -0.0554282
-6.6 -8.6 -0.127244 -0.0593986
-6.6 -8.4 0.0167422 0.139519
-6.6 -8.2 0.123744 -0.066913
-6.6 -8 -0.089282 -0.108949
-6.6 -7.8 -0.109358 0.088731
-6.6 -7.6 0.0642167 0.125523
-6.6 -7.4 0.140755 -0.00745859
-6.6 -7.2 0.0785317 -0.117029
-6.6 -7 -0.0149599 -0.140173
-6.6 -6.8 -0.0747003 -0.119288
-6.6 -6.6 -0.0971965 -0.101901
-6.6 -6.4 -0.0903331 -0.107534
-6.6 -6.2 -0.0497151 -0.13143
-6.6 -6 0.0366007 -0.135145
-6.6 -5.8 0.129932 -0.0522967
-6.6 -5.6 0.0913212 0.105493
-6.6 -5.4 -0.104474 0.0922727
-6.6 -5.2 -0.0525336 -0.128864
-6.6 -5 0.132429 0.0404781
-6.6 -4.8 -0.13551 0.0301293
-6.6 -4.6 0.129779 -0.0470896
-6.6 -4.4 -0.137208 0.0121699
-6.6 -4.2 0.114916 0.0772912
-6.6 -4 0.0184406 -0.136684
-6.6 -3.8 -0.136652 -0.01487
-6.6 -3.6 -0.0718652 0.118956
-6.6 -3.4 0.0146981 0.13988
-6.6 -3.2 0.0366751 0.136132
-6.6 -3 -0.00990005 0.141227
-6.6 -2.8 -0.114644 0.0882722
-6.6 -2.6 -0.112666 -0.100281
-6.6 -2.4 0.141641 -0.072696
-6.6 -2.2 -0.0749841 0.152036
-6.6 -2 0.0686057 -0.169674
-6.6 -1.8 -0.155675 0.130197
-6.6 -1.6 0.220927 0.0813061
-6.6 -1.4 0.106268 -0.271453
-6.6 -1.2 -0.243421 -0.304984
-6.6 -1 -0.533727 -0.160245
-6.6 -0.8 -0.803038 -0.0426946
-6.6 -0.6 -1.05804 -0.108619
-6.6 -0.4 -1.06667 -0.345071
-6.6 -0.2 -0.859191 -0.282488
-6.6 0 -1.05431 -0.21607
-6.6 0.2 -0.859191 -0.282488
-6.6 0.4 -1.06667 -0.345071
-6.6 0.6 -1.05804 -0.108619
-6.6 0.8 -0.803038 -0.0426946
-6.6 1 -0.533727 -0.160245
-6.6 1.2 -0.243421 -0.304984
-6.6 1.4 0.106268 -0.271453
-6.6 1.6 0.220927 0.0813061
-6.6 1.8 -0.155675 0.130197
-6.6 2 0.0686057 -0.169674
-6.6 2.2 -0.0749841 0.152036
-6.6 2.4 0.141641 -0.072696
-6.6 2.6 -0.112666 -0.100281
-6.6 2.8 -0.114644 0.0882722
-6.6 3 -0.00990005 0.141227
-6.6 3.2 0.0366751 0.136132
-6.6 3.4 0.0146981 0.13988
-6.6 3.6 -0.0718652 0.118956
-6.6 3.8 -0.136652 -0.01487
-6.6 4 0.0184406 -0.136684
-6.6 4.2 0.114916 0.0772912
-6.6 4.4 -0.137208 0.0121699
-6.6 4.6 0.129779 -0.0470896
-6.6 4.8 -0.13551 0.0301293
-6.6 5 0.132429 0.0404781
-6.6 5.2 -0.0525336 -0.128864
-6.6 5.4 -0.104474 0.0922727
-6.6 5.6 0.0913212 0.105493
-6.6 5.8 0.129932 -0.0522967
-6.6 6 0.0366007 -0.135145
-6.6 6.2 -0.0497151 -0.13143
-6.6 6.4 -0.0903331 -0.107534
-6.6 6.6 -0.0971965 -0.101901
-6.6 6.8 -0.0747003 -0.119288
-6.6 7 -0.0149599 -0.140173
-6.6 7.2 0.0785317 -0.117029
-6.6 7.4 0.140755 -0.00745859
-6.6 7.6 0.0642167 0.125523
-6.6 7.8 -0.109358 0.088731
-6.6 8 -0.089282 -0.108949
-6.6 8.2 0.123744 -0.066913
-6.6 8.4 0.0167422 0.139519
-6.6 8.6 -0.127244 -0.0593986
-6.6 8.8 0.128732 -0.0554282
-6.6 9 -0.0651728 0.123849
-6.6 9.2 -0.00519591 -0.139666
-6.6 9.4 0.0553206 0.128009
-6.6 9.6 -0.082497 -0.112075
-6.6 9.8 0.0917988 0.104262
-6.4 -10 -0.0333475 -0.13606
-6.4 -9.8 0.0614346 0.126284
-6.4 -9.6 -0.0718769 -0.121083
-6.4 -9.4 0.065588 0.124932
-6.4 -9.2 -0.0403201 -0.135492
-6.4 -9 -0.00741653 0.141501
-6.4 -8.8 0.0738818 -0.1212
-6.4 -8.6 -0.132673 0.050949
-6.4 -8.4 0.127725 0.0629619
-6.4 -8.2 -0.0161187 -0.14164
-6.4 -8 -0.125199 0.0683918
-6.4 -7.8 0.0915713 0.109684
-6.4 -7.6 0.110104 -0.0910403
-6.4 -7.4 -0.0654648 -0.127133
-6.4 -7.2 -0.142881 0.00611206
-6.4 -7 -0.0831946 0.116238
-6.4 -6.8 0.00687198 0.142843
-6.4 -6.6 0.0640265 0.127597
-6.4 -6.4 0.0831927 0.116105
-6.4 -6.2 0.0686893 0.124789
-6.4 -6 0.014249 0.141779
-6.4 -5.8 -0.0806627 0.11688
-6.4 -5.6 -0.141808 -0.00659826
-6.4 -5.4 -0.0253913 -0.139279
-6.4 -5.2 0.14079 -0.0102265
-6.4 -5 -0.0544263 0.130322
-6.4 -4.8 -0.0466702 -0.132388
-6.4 -4.6 0.0895883 0.108182
-6.4 -4.4 -0.0833147 -0.113116
-6.4 -4.2 0.0229828 0.13766
-6.4 -4 0.0934795 -0.103999
-6.4 -3.8 -0.122334 -0.0697551
-6.4 -3.6 -0.0983385 0.100622
-6.4 -3.4 0.00955847 0.140055
-6.4 -3.2 0.0574165 0.129681
-6.4 -3 0.0350336 0.140793
-6.4 -2.8 -0.0672967 0.132911
-6.4 -2.6 -0.151056 -0.0240906
-6.4 -2.4 0.0617246 -0.145219
-6.4 -2.2 0.058371 0.154426
-6.4 -2 -0.0925643 -0.151002
-6.4 -1.8 0.0304604 0.194818
-6.4 -1.6 0.169534 -0.157031
-6.4 -1.4 -0.201848 -0.207901
-6.4 -1.2 -0.378923 0.10331
-6.4 -1 -0.364574 0.433848
-6.4 -0.8 -0.373685 0.731107
-6.4 -0.6 -0.551317 0.924777
-6.4 -0.4 -0.753178 0.809928
-6.4 -0.2 -0.587025 0.681505
-6.4 0 -0.652253 0.868965
-6.4 0.2 -0.587025 0.681505
-6.4 0.4 -0.753178 0.809928
-6.4 0.6 -0.551317 0.924777
-6.4 0.8 -0.373685 0.731107
-6.4 1 -0.364574 0.433848
-6.4 1.2 -0.378923 0.10331
-6.4 1.4 -0.201848 -0.207901
-6.4 1.6 0.169534 -0.157031
-6.4 1.8 0.0304604 0.194818
-6.4 2 -0.0925643 -0.151002
-6.4 2.2 0.058371 0.154426
-6.4 2.4 0.0617246 -0.145219
-6.4 2.6 -0.151056 -0.0240906
-6.4 2.8 -0.0672967 0.132911
-6.4 3 0.0350336 0.140793
-6.4 3.2 0.0574165 0.129681
-6.4 3.4 0.00955847 0.140055
-6.4 3.6 -0.0983385 0.100622
-6.4 3.8 -0.122334 -0.0697551
-6.4 4 0.0934795 -0.103999
-6.4 4.2 0.0229828 0.13766
-6.4 4.4 -0.0833147 -0.113116
-6.4 4.6 0.0895883 0.108182
-6.4 4.8 -0.0466702 -0.132388
-6.4 5 -0.0544263 0.130322
-6.4 5.2 0.14079 -0.0102265
-6.4 5.4 -0.0253913 -0.139279
-6.4 5.6 -0.141808 -0.00659826
-6.4 5.8 -0.0806627 0.11688
-6.4 6 0.014249 0.141779
-6.4 6.2 0.0686893 0.124789
-6.4 6.4 0.0831927 0.116105
-6.4 6.6 0.0640265 0.127597
-6.4 6.8 0.00687198 0.142843
-6.4 7 -0.0831946 0.116238
-6.4 7.2 -0.142881 0.00611206
-6.4 7.4 -0.0654648 -0.127133
-6.4 7.6 0.110104 -0.0910403
-6.4 7.8 0.0915713 0.109684
-6.4 8 -0.125199 0.0683918
-6.4 8.2 -0.0161187 -0.14164
-6.4 8.4 0.127725 0.0629619
-6.4 8.6 -0.132673 0.050949
-6.4 8.8 0.0738818 -0.1212
-6.4 9 -0.00741653 0.141501
-6.4 9.2 -0.0403201 -0.135492
-6.4 9.4 0.065588 0.124932
-6.4 9.6 -0.0718769 -0.121083
-6.4 9.8 0.0614346 0.126284
-6.2 -10 0.0572168 -0.129597
-6.2 -9.8 -0.00504206 0.141949
-6.2 -9.6 -0.030796 -0.139005
-6.2 -9.4 0.0475477 0.134608
-6.2 -9.2 -0.0455324 -0.13568
-6.2 -9 0.0233775 0.141463
-6.2 -8.8 0.0210626 -0.142143
-6.2 -8.6 -0.0830415 0.117656
-6.2 -8.4 0.13669 -0.0459001
-6.2 -8.2 -0.128066 -0.0668126
-6.2 -8 0.0153243 0.143859
-6.2 -7.8 0.126754 -0.0699027
-6.2 -7.6 -0.0939248 -0.110443
-6.2 -7.4 -0.110907 0.0934227
-6.2 -7.2 0.0667167 0.128836
-6.2 -7 0.145088 -0.00453419
-6.2 -6.8 0.0882241 -0.115127
-6.2 -6.6 0.00211281 -0.145119
-6.2 -6.4 -0.051559 -0.135378
-6.2 -6.2 -0.0658694 -0.1291
-6.2 -6 -0.0418724 -0.138339
-6.2 -5.8 0.0258493 -0.14222
-6.2 -5.6 0.118688 -0.0817347
-6.2 -5.4 0.125847 0.0698362
-6.2 -5.2 -0.054774 0.132868
-6.2 -5 -0.115871 -0.0839058
-6.2 -4.8 0.13526 -0.0470987
-6.2 -4.6 -0.0880412 0.112211
-6.2 -4.4 0.0671586 -0.125209
-6.2 -4.2 -0.0965599 0.104876
-6.2 -4 0.141139 -0.0185427
-6.2 -3.8 -0.074757 -0.120289
-6.2 -3.6 -0.123843 0.0697309
-6.2 -3.4 -0.00399177 0.143698
-6.2 -3.2 0.0679949 0.128292
-6.2 -3 0.067314 0.129742
-6.2 -2.8 -0.00961465 0.147301
-6.2 -2.6 -0.138271 0.0601022
-6.2 -2.4 -0.0484486 -0.14888
-6.2 -2.2 0.154762 0.0596538
-6.2 -2 -0.179506 -0.0141625
-6.2 -1.8 0.186428 0.0777755
-6.2 -1.6 -0.0598738 -0.229696
-6.2 -1.4 -0.282476 0.0928931
-6.2 -1.2 -0.0662271 0.396564
-6.2 -1 0.249766 0.522028
-6.2 -0.8 0.517244 0.65547
-6.2 -0.6 0.606772 0.896236
-6.2 -0.4 0.413223 1.00473
-6.2 -0.2 0.406282 0.805332
-6.2 0 0.506891 0.966284
-6.2 0.2 0.406282 0.805332
-6.2 0.4 0.413223 1.00473
-6.2 0.6 0.606772 0.896236
-6.2 0.8 0.517244 0.65547
-6.2 1 0.249766 0.522028
-6.2 1.2 -0.0662271 0.396564
-6.2 1.4 -0.282476 0.0928931
-6.2 1.6 -0.0598738 -0.229696
-6.2 1.8 0.186428 0.0777755
-6.2 2 -0.179506 -0.0141625
-6.2 2.2 0.154762 0.0596538
-6.2 2.4 -0.0484486 -0.14888
-6.2 2.6 -0.138271 0.0601022
-6.2 2.8 -0.00961465 0.147301
-6.2 3 0.067314 0.129742
-6.2 3.2 0.0679949 0.128292
-6.2 3.4 -0.00399177 0.143698
-6.2 3.6 -0.123843 0.0697309
-6.2 3.8 -0.074757 -0.120289
-6.2 4 0.141139 -0.0185427
-6.2 4.2 -0.0965599 0.104876
-6.2 4.4 0.0671586 -0.125209
-6.2 4.6 -0.0880412 0.112211
-6.2 4.8 0.13526 -0.0470987
-6.2 5 -0.115871 -0.0839058
-6.2 5.2 -0.054774 0.132868
-6.2 5.4 0.125847 0.0698362
-6.2 5.6 0.118688 -0.0817347
-6.2 5.8 0.0258493 -0.14222
-6.2 6 -0.0418724 -0.138339
-6.2 6.2 -0.0658694 -0.1291
-6.2 6.4 -0.051559 -0.135378
-6.2 6.6 0.00211281 -0.145119
-6.2 6.8 0.0882241 -0.115127
-6.2 7 0.145088 -0.00453419
-6.2 7.2 0.0667167 0.128836
-6.2 7.4 -0.110907 0.0934227
-6.2 7.6 -0.0939248 -0.110443
-6.2 7.8 0.126754 -0.0699027
-6.2 8 0.0153243 0.143859
-6.2 8.2 -0.128066 -0.0668126
-6.2 8.4 0.13669 -0.0459001
-6.2 8.6 -0.0830415 0.117656
-6.2 8.8 0.0210626 -0.142143
-6.2 9 0.0233775 0.141463
-6.2 9.2 -0.0455324 -0.13568
-6.2 9.4 0.0475477 0.134608
-6.2 9.6 -0.030796 -0.139005
-6.2 9.8 -0.00504206 0.141949
-6 -10 0.137903 -0.0385343
-6 -9.8 -0.0980082 0.104991
-6 -9.6 0.0461471 -0.136469
-6 -9.4 -0.00424931 0.144359
-6 -9.2 -0.0191624 -0.143514
-6 -9 0.0224123 0.143451
-6 -8.8 -0.00448428 -0.145437
-6 -8.6 -0.0357088 0.141349
-6 -8.4 0.0925886 -0.11307
-6 -8.2 -0.140748 0.0401905
-6 -8 0.128256 0.0709776
-6 -7.8 -0.014344 -0.146167
-6 -7.6 -0.128428 0.0714363
-6 -7.4 0.0963578 0.111222
-6 -7.2 0.11177 -0.0958748
-6 -7 -0.067973 -0.130648
-6 -6.8 -0.147374 0.0026966
-6 -6.6 -0.093646 0.113633
-6 -6.4 -0.0120687 0.146859
-6 -6.2 0.0371305 0.142301
-6 -6 0.0450129 0.140073
-6 -5.8 0.0101806 0.146371
-6 -5.6 -0.0677669 0.130104
-6 -5.4 -0.143007 0.0308999
-6 -5.2 -0.0787312 -0.12292
-6 -5 0.12316 -0.0782592
-6 -4.8 0.0276361 0.142509
-6 -4.6 -0.12217 -0.0783234
-6 -4.4 0.142855 0.0251215
-6 -4.2 -0.141339 -0.0286856
-6 -4 0.113438 0.0889184
-6 -3.8 0.00368981 -0.144784
-6 -3.6 -0.143818 0.0186414
-6 -3.4 -0.030423 0.141501
-6 -3.2 0.0704734 0.126881
-6 -3 0.0937147 0.113259
-6 -2.8 0.047074 0.142784
-6 -2.6 -0.0912489 0.125349
-6 -2.4 -0.133632 -0.0905522
-6 -2.2 0.156533 -0.0674392
-6 -2 -0.12867 0.131421
-6 -1.8 0.173267 -0.109728
-6 -1.6 -0.230096 -0.0679702
-6 -1.4 -0.051595 0.295327
-6 -1.2 0.329115 0.236039
-6 -1 0.582955 -0.00411678
-6 -0.8 0.817152 -0.194249
-6 -0.6 1.06631 -0.170995
-6 -0.4 1.06441 0.0369467
-6 -0.2 0.909945 -0.0659546
-6 0 1.08838 -0.0418879
-6 0.2 0.909945 -0.0659546
-6 0.4 1.06441 0.0369467
-6 0.6 1.06631 -0.170995
-6 0.8 0.817152 -0.194249
-6 1 0.582955 -0.00411678
-6 1.2 0.329115 0.236039
-6 1.4 -0.051595 0.295327
-6 1.6 -0.230096 -0.0679702
-6 1.8 0.173267 -0.109728
-6 2 -0.12867 0.131421
-6 2.2 0.156533 -0.0674392
-6 2.4 -0.133632 -0.0905522
-6 2.6 -0.0912489 0.125349
-6 2.8 0.047074 0.142784
-6 3 0.0937147 0.113259
-6 3.2 0.0704734 0.126881
-6 3.4 -0.030423 0.141501
-6 3.6 -0.143818 0.0186414
-6 3.8 0.00368981 -0.144784
-6 4 0.113438 0.0889184
-6 4.2 -0.141339 -0.0286856
-6 4.4 0.142855 0.0251215
-6 4.6 -0.12217 -0.0783234
-6 4.8 0.0276361 0.142509
-6 5 0.12316 -0.0782592
-6 5.2 -0.0787312 -0.12292
-6 5.4 -0.143007 0.0308999
-6 5.6 -0.0677669 0.130104
-6 5.8 0.0101806 0.146371
-6 6 0.0450129 0.140073
-6 6.2 0.0371305 0.142301
-6 6.4 -0.0120687 0.146859
-6 6.6 -0.093646 0.113633
-6 6.8 -0.147374 0.0026966
-6 7 -0.067973 -0.130648
-6 7.2 0.11177 -0.0958748
-6 7.4 0.0963578 0.111222
-6 7.6 -0.128428 0.0714363
-6 7.8 -0.014344 -0.146167
-6 8 0.128256 0.0709776
-6 8.2 -0.140748 0.0401905
-6 8.4 0.0925886 -0.11307
-6 8.6 -0.0357088 0.141349
-6 8.8 -0.00448428 -0.145437
-6 9 0.0224123 0.143451
-6 9.2 -0.0191624 -0.143514
-6 9.4 -0.00424931 0.144359
-6 9.6 0.0461471 -0.136469
-6 9.8 -0.0980082 0.104991
-5.8 -10 0.0962348 0.10819
-5.8 -9.8 -0.144036 -0.0186557
-5.8 -9.6 0.130076 -0.0655802
-5.8 -9.4 -0.0863746 0.117882
-5.8 -9.2 0.0420119 -0.140413
-5.8 -9 -0.0125714 0.146388
-5.8 -8.8 0.00346256 -0.147292
-5.8 -8.6 -0.0162598 0.146822
-5.8 -8.4 0.051305 -0.138828
-5.8 -8.2 -0.102441 0.107298
-5.8 -8 0.14478 -0.0337255
-5.8 -7.8 -0.128274 -0.0755015
-5.8 -7.6 0.0131714 0.148558
-5.8 -7.4 0.130235 -0.0729759
-5.8 -7.2 -0.0988888 -0.112029
-5.8 -7 -0.112693 0.0983943
-5.8 -6.8 0.0692311 0.132588
-5.8 -6.6 0.149732 -0.000568904
-5.8 -6.4 0.0994861 -0.11168
-5.8 -6.2 0.0230655 -0.147885
-5.8 -6 -0.0205973 -0.147947
-5.8 -5.8 -0.0205546 -0.148004
-5.8 -5.6 0.0254851 -0.146819
-5.8 -5.4 0.107182 -0.10341
-5.8 -5.2 0.145439 0.0305462
-5.8 -5 0.00546701 0.148027
-5.8 -4.8 -0.147485 -0.0140651
-5.8 -4.6 0.0856653 -0.120085
-5.8 -4.4 0.00321606 0.147022
-5.8 -4.2 -0.0338464 -0.143333
-5.8 -4 -0.00137153 0.146962
-5.8 -3.8 0.0957377 -0.110617
-5.8 -3.6 -0.138504 -0.0474418
-5.8 -3.4 -0.0649909 0.132366
-5.8 -3.2 0.0655786 0.133617
-5.8 -3 0.109915 0.102462
-5.8 -2.8 0.0883548 0.123764
-5.8 -2.6 -0.0251254 0.152856
-5.8 -2.4 -0.159534 0.00386052
-5.8 -2.2 0.0661297 -0.153477
-5.8 -2 0.0178823 0.178295
-5.8 -1.8 0.00721937 -0.198764
-5.8 -1.6 -0.169281 0.159058
-5.8 -1.4 0.231207 0.176896
-5.8 -1.2 0.348056 -0.18968
-5.8 -1 0.23841 -0.524546
-5.8 -0.8 0.162304 -0.819892
-5.8 -0.6 0.286663 -1.03358
-5.8 -0.4 0.457354 -0.940617
-5.8 -0.2 0.299587 -0.879856
-5.8 0 0.425949 -0.992348
-5.8 0.2 0.299587 -0.879856
-5.8 0.4 0.457354 -0.940617
-5.8 0.6 0.286663 -1.03358
-5.8 0.8 0.162304 -0.819892
-5.8 1 0.23841 -0.524546
-5.8 1.2 0.348056 -0.18968
-5.8 1.4 0.231207 0.176896
-5.8 1.6 -0.169281 0.159058
-5.8 1.8 0.00721937 -0.198764
-5.8 2 0.0178823 0.178295
-5.8 2.2 0.0661297 -0.153477
-5.8 2.4 -0.159534 0.00386052
-5.8 2.6 -0.0251254 0.152856
-5.8 2.8 0.0883548 0.123764
-5.8 3 0.109915 0.102462
-5.8 3.2 0.0655786 0.133617
-5.8 3.4 -0.0649909 0.132366
-5.8 3.6 -0.138504 -0.0474418
-5.8 3.8 0.0957377 -0.110617
-5.8 4 -0.00137153 0.146962
-5.8 4.2 -0.0338464 -0.143333
-5.8 4.4 0.00321606 0.147022
-5.8 4.6 0.0856653 -0.120085
-5.8 4.8 -0.147485 -0.0140651
-5.8 5 0.00546701 0.148027
-5.8 5.2 0.145439 0.0305462
-5.8 5.4 0.107182 -0.10341
-5.8 5.6 0.0254851 -0.146819
-5.8 5.8 -0.0205546 -0.148004
-5.8 6 -0.0205973 -0.147947
-5.8 6.2 0.0230655 -0.147885
-5.8 6.4 0.0994861 -0.11168
-5.8 6.6 0.149732 -0.000568904
-5.8 6.8 0.0692311 0.132588
-5.8 7 -0.112693 0.0983943
-5.8 7.2 -0.0988888 -0.112029
-5.8 7.4 0.130235 -0.0729759
-5.8 7.6 0.0131714 0.148558
-5.8 7.8 -0.128274 -0.0755015
-5.8 8 0.14478 -0.0337255
-5.8 8.2 -0.102441 0.107298
-5.8 8.4 0.051305 -0.138828
-5.8 8.6 -0.0162598 0.146822
-5.8 8.8 0.00346256 -0.147292
-5.8 9 -0.0125714 0.146388
-5.8 9.2 0.0420119 -0.140413
-5.8 9.4 -0.0863746 0.117882
-5.8 9.6 0.130076 -0.0655802
-5.8 9.8 -0.144036 -0.0186557
-5.6 -10 -0.086212 0.118263
-5.6 -9.8 -0.0366273 -0.142237
-5.6 -9.6 0.125524 0.0772312
-5.6 -9.4 -0.147164 0.0140377
-5.6 -9.2 0.121089 -0.0856105
-5.6 -9 -0.0799005 0.125502
-5.6 -8.8 0.0464794 -0.141761
-5.6 -8.6 -0.0315334 0.146211
-5.6 -8.4 0.0385861 -0.144959
-5.6 -8.2 -0.0677488 0.134216
-5.6 -8 0.112512 -0.10019
-5.6 -7.8 -0.148693 0.0264245
-5.6 -7.6 0.128073 0.0804399
-5.6 -7.4 -0.0118018 -0.151042
-5.6 -7.2 -0.132181 0.074503
-5.6 -7 0.101535 0.112878
-5.6 -6.8 0.11367 -0.100984
-5.6 -6.6 -0.070483 -0.134678
-5.6 -6.4 -0.152155 -0.00188177
-5.6 -6.2 -0.105768 0.109175
-5.6 -6 -0.0351628 0.147978
-5.6 -5.8 0.00186404 0.151784
-5.6 -5.6 -0.00733684 0.151655
-5.6 -5.4 -0.0633818 0.137511
-5.6 -5.2 -0.138185 0.0615609
-5.6 -5 -0.119328 -0.0925702
-5.6 -4.8 0.0771423 -0.129136
-5.6 -4.6 0.103737 0.108899
-5.6 -4.4 -0.149617 0.0112294
-5.6 -4.2 0.128695 -0.0756913
-5.6 -4 -0.128096 0.0765645
-5.6 -3.8 0.149204 -0.0103521
-5.6 -3.6 -0.0933877 -0.116782
-5.6 -3.4 -0.107449 0.103626
-5.6 -3.2 0.0480556 0.141548
-5.6 -3 0.118182 0.0933918
-5.6 -2.8 0.119572 0.0953032
-5.6 -2.6 0.0453468 0.14978
-5.6 -2.4 -0.129559 0.0969408
-5.6 -2.2 -0.0589882 -0.15909
-5.6 -2 0.151536 0.0999761
-5.6 -1.8 -0.163638 -0.115305
-5.6 -1.6 0.0590053 0.223577
-5.6 -1.4 0.254962 -0.13076
-5.6 -1.2 -0.031018 -0.387264
-5.6 -1 -0.379278 -0.422548
-5.6 -0.8 -0.680161 -0.476415
-5.6 -0.6 -0.821681 -0.68052
-5.6 -0.4 -0.669502 -0.786337
-5.6 -0.2 -0.704374 -0.639107
-5.6 0 -0.704422 -0.796318
-5.6 0.2 -0.704374 -0.639107
-5.6 0.4 -0.669502 -0.786337
-5.6 0.6 -0.821681 -0.68052
-5.6 0.8 -0.680161 -0.476415
-5.6 1 -0.379278 -0.422548
-5.6 1.2 -0.031018 -0.387264
-5.6 1.4 0.254962 -0.13076
-5.6 1.6 0.0590053 0.223577
-5.6 1.8 -0.163638 -0.115305
-5.6 2 0.151536 0.0999761
-5.6 2.2 -0.0589882 -0.15909
-5.6 2.4 -0.129559 0.0969408
-5.6 2.6 0.0453468 0.14978
-5.6 2.8 0.119572 0.0953032
-5.6 3 0.118182 0.0933918
-5.6 3.2 0.0480556 0.141548
-5.6 3.4 -0.107449 0.103626
-5.6 3.6 -0.0933877 -0.116782
-5.6 3.8 0.149204 -0.0103521
-5.6 4 -0.128096 0.0765645
-5.6 4.2 0.128695 -0.0756913
-5.6 4.4 -0.149617 0.0112294
-5.6 4.6 0.103737 0.108899
-5.6 4.8 0.0771423 -0.129136
-5.6 5 -0.119328 -0.0925702
-5.6 5.2 -0.138185 0.0615609
-5.6 5.4 -0.0633818 0.137511
-5.6 5.6 -0.00733684 0.151655
-5.6 5.8 0.00186404 0.151784
-5.6 6 -0.0351628 0.147978
-5.6 6.2 -0.105768 0.109175
-5.6 6.4 -0.152155 -0.00188177
-5.6 6.6 -0.070483 -0.134678
-5.6 6.8 0.11367 -0.100984
-5.6 7 0.101535 0.112878
-5.6 7.2 -0.132181 0.074503
-5.6 7.4 -0.0118018 -0.151042
-5.6 7.6 0.128073 0.0804399
-5.6 7.8 -0.148693 0.0264245
-5.6 8 0.112512 -0.10019
-5.6 8.2 -0.0677488 0.134216
-5.6 8.4 0.0385861 -0.144959
-5.6 8.6 -0.0315334 0.146211
-5.6 8.8 0.0464794 -0.141761
-5.6 9 -0.0799005 0.125502
-5.6 9.2 0.121089 -0.0856105
-5.6 9.4 -0.147164 0.0140377
-5.6 9.6 0.125524 0.0772312
-5.6 9.8 -0.0366273 -0.142237
-5.4 -10 -0.116577 -0.0911462
-5.4 -9.8 0.137629 -0.0557922
-5.4 -9.6 -0.0365944 0.144476
-5.4 -9.4 -0.0811508 -0.125664
-5.4 -9.2 0.143503 0.0440095
-5.4 -9 -0.144942 0.0407698
-5.4 -8.8 0.114391 -0.0986675
-5.4 -8.6 -0.0807468 0.128243
-5.4 -8.4 0.0609556 -0.139183
-5.4 -8.2 -0.0620367 0.139175
-5.4 -8 0.0848261 -0.127086
-5.4 -7.8 -0.122705 0.0915612
-5.4 -7.6 0.152387 -0.0182251
-5.4 -7.4 -0.127577 -0.0858401
-5.4 -7.2 0.0102178 0.153644
-5.4 -7 0.134258 -0.0760067
-5.4 -6.8 -0.104306 -0.113791
-5.4 -6.6 -0.114693 0.103654
-5.4 -6.4 0.071714 0.136939
-5.4 -6.2 0.154638 0.004692
-5.4 -6 0.11251 -0.106006
-5.4 -5.8 0.0484013 -0.14687
-5.4 -5.6 0.0190815 -0.153158
-5.4 -5.4 0.0381308 -0.149576
-5.4 -5.2 0.100669 -0.116455
-5.4 -5 0.153596 -0.00652344
-5.4 -4.8 0.0627957 0.140116
-5.4 -4.6 -0.140263 0.0608365
-5.4 -4.4 0.0021305 -0.15267
-5.4 -4.2 0.0978786 0.117083
-5.4 -4 -0.123741 -0.088292
-5.4 -3.8 0.101238 0.112658
-5.4 -3.6 -0.00214569 -0.151554
-5.4 -3.4 -0.143397 0.0510368
-5.4 -3.2 0.0185683 0.151958
-5.4 -3 0.121074 0.0955501
-5.4 -2.8 0.138523 0.0717425
-5.4 -2.6 0.0987347 0.124511
-5.4 -2.4 -0.0616348 0.15164
-5.4 -2.2 -0.148317 -0.0859596
-5.4 -2 0.178746 -0.043119
-5.4 -1.8 -0.193719 0.0637848
-5.4 -1.6 0.227308 0.0665499
-5.4 -1.4 -0.00223678 -0.292962
-5.4 -1.2 -0.371137 -0.130758
-5.4 -1 -0.540385 0.184347
-5.4 -0.8 -0.710171 0.438395
-5.4 -0.6 -0.957331 0.47745
-5.4 -0.4 -0.983602 0.296461
-5.4 -0.2 -0.890782 0.393702
-5.4 0 -0.996711 0.295879
-5.4 0.2 -0.890782 0.393702
-5.4 0.4 -0.983602 0.296461
-5.4 0.6 -0.957331 0.47745
-5.4 0.8 -0.710171 0.438395
-5.4 1 -0.540385 0.184347
-5.4 1.2 -0.371137 -0.130758
-5.4 1.4 -0.00223678 -0.292962
-5.4 1.6 0.227308 0.0665499
-5.4 1.8 -0.193719 0.0637848
-5.4 2 0.178746 -0.043119
-5.4 2.2 -0.148317 -0.0859596
-5.4 2.4 -0.0616348 0.15164
-5.4 2.6 0.0987347 0.124511
-5.4 2.8 0.138523 0.0717425
-5.4 3 0.121074 0.0955501
-5.4 3.2 0.0185683 0.151958
-5.4 3.4 -0.143397 0.0510368
-5.4 3.6 -0.00214569 -0.151554
-5.4 3.8 0.101238 0.112658
-5.4 4 -0.123741 -0.088292
-5.4 4.2 0.0978786 0.117083
-5.4 4.4 0.0021305 -0.15267
-5.4 4.6 -0.140263 0.0608365
-5.4 4.8 0.0627957 0.140116
-5.4 5 0.153596 -0.00652344
-5.4 5.2 0.100669 -0.116455
-5.4 5.4 0.0381308 -0.149576
-5.4 5.6 0.0190815 -0.153158
-5.4 5.8 0.0484013 -0.14687
-5.4 6 0.11251 -0.106006
-5.4 6.2 0.154638 0.004692
-5.4 6.4 0.071714 0.136939
-5.4 6.6 -0.114693 0.103654
-5.4 6.8 -0.104306 -0.113791
-5.4 7 0.134258 -0.0760067
-5.4 7.2 0.0102178 0.153644
-5.4 7.4 -0.127577 -0.0858401
-5.4 7.6 0.152387 -0.0182251
-5.4 7.8 -0.122705 0.0915612
-5.4 8 0.0848261 -0.127086
-5.4 8.2 -0.0620367 0.139175
-5.4 8.4 0.0609556 -0.139183
-5.4 8.6 -0.0807468 0.128243
-5.4 8.8 0.114391 -0.0986675
-5.4 9 -0.144942 0.0407698
-5.4 9.2 0.143503 0.0440095
-5.4 9.4 -0.0811508 -0.125664
-5.4 9.6 -0.0365944 0.144476
-5.4 9.8 0.137629 -0.0557922
-5.2 -10 0.121856 -0.0867249
-5.2 -9.8 0.0389377 0.145042
-5.2 -9.6 -0.147743 -0.0300335
-5.2 -9.4 0.105924 -0.108059
-5.2 -9.2 0.0155963 0.151075
-5.2 -9 -0.11534 -0.0996889
-5.2 -8.8 0.15239 0.0132837
-5.2 -8.6 -0.141201 0.0601014
-5.2 -8.4 0.1128 -0.104824
-5.2 -8.2 -0.0904802 0.125176
-5.2 -8 0.0859737 -0.128811
-5.2 -7.8 -0.102173 0.116999
-5.2 -7.6 0.132869 -0.0811666
-5.2 -7.4 -0.155773 0.00906177
-5.2 -7.2 0.126693 0.0917242
-5.2 -7 -0.00837576 -0.156395
-5.2 -6.8 -0.13646 0.0774927
-5.2 -6.6 0.1072 0.11479
-5.2 -6.4 0.115759 -0.106425
-5.2 -6.2 -0.0729032 -0.139392
-5.2 -6 -0.157174 -0.00790475
-5.2 -5.8 -0.11972 0.102034
-5.2 -5.6 -0.0627905 0.144232
-5.2 -5.4 -0.0421168 0.151271
-5.2 -5.2 -0.0707724 0.140164
-5.2 -5 -0.133195 0.0823302
-5.2 -4.8 -0.145966 -0.0559363
-5.2 -4.6 0.0171294 -0.155228
-5.2 -4.4 0.150021 0.0410806
-5.2 -4.2 -0.117291 0.101478
-5.2 -4 0.05127 -0.146359
-5.2 -3.8 -0.0458965 0.147977
-5.2 -3.6 0.107538 -0.110941
-5.2 -3.4 -0.151254 -0.0300422
-5.2 -3.2 -0.0270097 0.152038
-5.2 -3 0.115205 0.104165
-5.2 -2.8 0.148629 0.0506227
-5.2 -2.6 0.136179 0.0835153
-5.2 -2.4 0.0240018 0.162195
-5.2 -2.2 -0.168035 0.0287662
-5.2 -2 0.087291 -0.158537
-5.2 -1.8 -0.0620415 0.189123
-5.2 -1.6 0.173306 -0.153894
-5.2 -1.4 -0.25669 -0.138395
-5.2 -1.2 -0.283779 0.28032
-5.2 -1 -0.0534725 0.580152
-5.2 -0.8 0.118537 0.842207
-5.2 -0.6 0.0457953 1.082
-5.2 -0.4 -0.12806 1.01951
-5.2 -0.2 -0.00978465 0.994017
-5.2 0 -0.139776 1.00176
-5.2 0.2 -0.00978465 0.994017
-5.2 0.4 -0.12806 1.01951
-5.2 0.6 0.0457953 1.082
-5.2 0.8 0.118537 0.842207
-5.2 1 -0.0534725 0.580152
-5.2 1.2 -0.283779 0.28032
-5.2 1.4 -0.25669 -0.138395
-5.2 1.6 0.173306 -0.153894
-5.2 1.8 -0.0620415 0.189123
-5.2 2 0.087291 -0.158537
-5.2 2.2 -0.168035 0.0287662
-5.2 2.4 0.0240018 0.162195
-5.2 2.6 0.136179 0.0835153
-5.2 2.8 0.148629 0.0506227
-5.2 3 0.115205 0.104165
-5.2 3.2 -0.0270097 0.152038
-5.2 3.4 -0.151254 -0.0300422
-5.2 3.6 0.107538 -0.110941
-5.2 3.8 -0.0458965 0.147977
-5.2 4 0.05127 -0.146359
-5.2 4.2 -0.117291 0.101478
-5.2 4.4 0.150021 0.0410806
-5.2 4.6 0.0171294 -0.155228
-5.2 4.8 -0.145966 -0.0559363
-5.2 5 -0.133195 0.0823302
-5.2 5.2 -0.0707724 0.140164
-5.2 5.4 -0.0421168 0.151271
-5.2 5.6 -0.0627905 0.144232
-5.2 5.8 -0.11972 0.102034
-5.2 6 -0.157174 -0.00790475
-5.2 6.2 -0.0729032 -0.139392
-5.2 6.4 0.115759 -0.106425
-5.2 6.6 0.1072 0.11479
-5.2 6.8 -0.13646 0.0774927
-5.2 7 -0.00837576 -0.156395
-5.2 7.2 0.126693 0.0917242
-5.2 7.4 -0.155773 0.00906177
-5.2 7.6 0.132869 -0.0811666
-5.2 7.8 -0.102173 0.116999
-5.2 8 0.0859737 -0.128811
-5.2 8.2 -0.0904802 0.125176
-5.2 8.4 0.1128 -0.104824
-5.2 8.6 -0.141201 0.0601014
-5.2 8.8 0.15239 0.0132837
-5.2 9 -0.11534 -0.0996889
-5.2 9.2 0.0155963 0.151075
-5.2 9.4 0.105924 -0.108059
-5.2 9.6 -0.147743 -0.0300335
-5.2 9.8 0.0389377 0.145042
-5 -10 0.0102575 0.150858
-5 -9.8 -0.150674 -0.0186923
-5 -9.6 0.0617853 -0.139377
-5 -9.4 0.104616 0.11178
-5 -9.2 -0.149366 0.0362891
-5 -9 0.0592898 -0.142442
-5 -8.8 0.0629767 0.141502
-5 -8.6 -0.138626 -0.0703923
-5 -8.4 0.155571 -0.0115686
-5 -8.2 -0.139373 0.0712438
-5 -8 0.1183 -0.103323
-5 -7.8 -0.109537 0.113195
-5 -7.6 0.119292 -0.10356
-5 -7.4 -0.142739 0.0687371
-5 -7.2 0.158753 0.00116895
-5 -7 -0.125337 -0.0980909
-5 -6.8 0.00620552 0.159307
-5 -6.6 0.138795 -0.0789814
-5 -6.4 -0.110202 -0.115886
-5 -6.2 -0.116879 0.109324
-5 -6 0.0740259 0.14205
-5 -5.8 0.159759 0.0115736
-5 -5.6 0.127391 -0.0970933
-5 -5.4 0.0782905 -0.139669
-5 -5.2 0.0669124 -0.145176
-5 -5 0.103485 -0.121789
-5 -4.8 0.155435 -0.035238
-5 -4.6 0.109638 0.115207
-5 -4.4 -0.100926 0.122738
-5 -4.2 -0.0850318 -0.133627
-5 -4 0.154372 0.0325421
-5 -3.8 -0.156683 0.01631
-5 -3.6 0.156856 0.0153709
-5 -3.4 -0.105529 -0.11728
-5 -3.2 -0.085556 0.132883
-5 -3 0.0990941 0.123941
-5 -2.8 0.154388 0.0422089
-5 -2.6 0.156244 0.0450687
-5 -2.4 0.0953412 0.137141
-5 -2.2 -0.120803 0.125553
-5 -2 -0.0532136 -0.177687
-5 -1.8 0.117555 0.165137
-5 -1.6 -0.0456888 -0.226299
-5 -1.4 -0.233644 0.161813
-5 -1.2 0.125896 0.370426
-5 -1 0.505098 0.295672
-5 -0.8 0.830406 0.24678
-5 -0.6 1.01727 0.416946
-5 -0.4 0.875365 0.53763
-5 -0.2 0.91168 0.430701
-5 0 0.834966 0.517042
-5 0.2 0.91168 0.430701
-5 0.4 0.875365 0.53763
-5 0.6 1.01727 0.416946
-5 0.8 0.830406 0.24678
-5 1 0.505098 0.295672
-5 1.2 0.125896 0.370426
-5 1.4 -0.233644 0.161813
-5 1.6 -0.0456888 -0.226299
-5 1.8 0.117555 0.165137
-5 2 -0.0532136 -0.177687
-5 2.2 -0.120803 0.125553
-5 2.4 0.0953412 0.137141
-5 2.6 0.156244 0.0450687
-5 2.8 0.154388 0.0422089
-5 3 0.0990941 0.123941
-5 3.2 -0.085556 0.132883
-5 3.4 -0.105529 -0.11728
-5 3.6 0.156856 0.0153709
-5 3.8 -0.156683 0.01631
-5 4 0.154372 0.0325421
-5 4.2 -0.0850318 -0.133627
-5 4.4 -0.100926 0.122738
-5 4.6 0.109638 0.115207
-5 4.8 0.155435 -0.035238
-5 5 0.103485 -0.121789
-5 5.2 0.0669124 -0.145176
-5 5.4 0.0782905 -0.139669
-5 5.6 0.127391 -0.0970933
-5 5.8 0.159759 0.0115736
-5 6 0.0740259 0.14205
-5 6.2 -0.116879 0.109324
-5 6.4 -0.110202 -0.115886
-5 6.6 0.138795 -0.0789814
-5 6.8 0.00620552 0.159307
-5 7 -0.125337 -0.0980909
-5 7.2 0.158753 0.00116895
-5 7.4 -0.142739 0.0687371
-5 7.6 0.119292 -0.10356
-5 7.8 -0.109537 0.113195
-5 8 0.1183 -0.103323
-5 8.2 -0.139373 0.0712438
-5 8.4 0.155571 -0.0115686
-5 8.6 -0.138626 -0.0703923
-5 8.8 0.0629767 0.141502
-5 9 0.0592898 -0.142442
-5 9.2 -0.149366 0.0362891
-5 9.4 0.104616 0.11178
-5 9.6 0.0617853 -0.139377
-5 9.8 -0.150674 -0.0186923
-4.8 -10 -0.11156 -0.104438
-4.8 -9.8 0.107982 -0.109121
-4.8 -9.6 0.0951621 0.121335
-4.8 -9.4 -0.140335 0.0654771
-4.8 -9.2 -0.0154794 -0.154749
-4.8 -9 0.14668 0.053683
-4.8 -8.8 -0.124875 0.0948851
-4.8 -8.6 0.00735708 -0.157269
-4.8 -8.4 0.101172 0.121451
-4.8 -8.2 -0.152723 -0.0430538
-4.8 -8 0.15668 -0.0283002
-4.8 -7.8 -0.142022 0.07321
-4.8 -7.6 0.131509 -0.0916897
-4.8 -7.4 -0.135579 0.0863953
-4.8 -7.2 0.151939 -0.0540443
-4.8 -7 -0.161167 -0.0126129
-4.8 -6.8 0.123447 0.104949
-4.8 -6.6 -0.00363319 -0.162356
-4.8 -6.4 -0.141302 0.0804913
-4.8 -6.2 0.113304 0.11707
-4.8 -6 0.118075 -0.112377
-4.8 -5.8 -0.0750605 -0.144921
-4.8 -5.6 -0.162386 -0.0157682
-4.8 -5.4 -0.13549 0.0909843
-4.8 -5.2 -0.0947863 0.132701
-4.8 -5 -0.0928335 0.133792
-4.8 -4.8 -0.133552 0.0930534
-4.8 -4.6 -0.160794 -0.0222624
-4.8 -4.4 -0.0440996 -0.155797
-4.8 -4.2 0.156693 -0.0401391
-4.8 -4 -0.0381414 0.156811
-4.8 -3.8 -0.0558454 -0.150771
-4.8 -3.6 0.0673269 0.14548
-4.8 -3.4 0.00505565 -0.160091
-4.8 -3.2 -0.140696 0.0770639
-4.8 -3 0.0674114 0.14631
-4.8 -2.8 0.156545 0.0430274
-4.8 -2.6 0.164199 0.00929775
-4.8 -2.4 0.14462 0.085232
-4.8 -2.2 -0.0265955 0.171403
-4.8 -2 -0.159302 -0.0907516
-4.8 -1.8 0.201235 0.0139677
-4.8 -1.6 -0.21772 -0.0864452
-4.8 -1.4 0.0378996 0.286132
-4.8 -1.2 0.385828 0.0361246
-4.8 -1 0.470486 -0.334936
-4.8 -0.8 0.574433 -0.652658
-4.8 -0.6 0.816771 -0.747836
-4.8 -0.4 0.847628 -0.565678
-4.8 -0.2 0.778586 -0.651225
-4.8 0 0.782444 -0.55099
-4.8 0.2 0.778586 -0.651225
-4.8 0.4 0.847628 -0.565678
-4.8 0.6 0.816771 -0.747836
-4.8 0.8 0.574433 -0.652658
-4.8 1 0.470486 -0.334936
-4.8 1.2 0.385828 0.0361246
-4.8 1.4 0.0378996 0.286132
-4.8 1.6 -0.21772 -0.0864452
-4.8 1.8 0.201235 0.0139677
-4.8 2 -0.159302 -0.0907516
-4.8 2.2 -0.0265955 0.171403
-4.8 2.4 0.14462 0.085232
-4.8 2.6 0.164199 0.00929775
-4.8 2.8 0.156545 0.0430274
-4.8 3 0.0674114 0.14631
-4.8 3.2 -0.140696 0.0770639
-4.8 3.4 0.00505565 -0.160091
-4.8 3.6 0.0673269 0.14548
-4.8 3.8 -0.0558454 -0.150771
-4.8 4 -0.0381414 0.156811
-4.8 4.2 0.156693 -0.0401391
-4.8 4.4 -0.0440996 -0.155797
-4.8 4.6 -0.160794 -0.0222624
-4.8 4.8 -0.133552 0.0930534
-4.8 5 -0.0928335 0.133792
-4.8 5.2 -0.0947863 0.132701
-4.8 5.4 -0.13549 0.0909843
-4.8 5.6 -0.162386 -0.0157682
-4.8 5.8 -0.0750605 -0.144921
-4.8 6 0.118075 -0.112377
-4.8 6.2 0.113304 0.11707
-4.8 6.4 -0.141302 0.0804913
-4.8 6.6 -0.00363319 -0.162356
-4.8 6.8 0.123447 0.104949
-4.8 7 -0.161167 -0.0126129
-4.8 7.2 0.151939 -0.0540443
-4.8 7.4 -0.135579 0.0863953
-4.8 7.6 0.131509 -0.0916897
-4.8 7.8 -0.142022 0.07321
-4.8 8 0.15668 -0.0283002
-4.8 8.2 -0.152723 -0.0430538
-4.8 8.4 0.101172 0.121451
-4.8 8.6 0.00735708 -0.157269
-4.8 8.8 -0.124875 0.0948851
-4.8 9 0.14668 0.053683
-4.8 9.2 -0.0154794 -0.154749
-4.8 9.4 -0.140335 0.0654771
-4.8 9.6 0.0951621 0.121335
-4.8 9.8 0.107982 -0.109121
-4.6 -10 0.148503 0.0424957
-4.6 -9.8 -0.0223215 0.153574
-4.6 -9.6 -0.155083 -0.0160991
-4.6 -9.4 0.0250655 -0.154638
-4.6 -9.2 0.149333 0.0496811
-4.6 -9 -0.0880162 0.131305
-4.6 -8.8 -0.0891433 -0.131389
-4.6 -8.6 0.158821 -0.0145346
-4.6 -8.4 -0.0824752 0.137282
-4.6 -8.2 -0.0417641 -0.155273
-4.6 -8 0.128881 0.0972493
-4.6 -7.8 -0.160602 -0.0217741
-4.6 -7.6 0.158796 -0.0351336
-4.6 -7.4 -0.150209 0.0638974
-4.6 -7.2 0.150243 -0.0651186
-4.6 -7 -0.160028 0.0369217
-4.6 -6.8 0.162755 0.0254024
-4.6 -6.6 -0.12095 -0.112352
-4.6 -6.4 0.000611915 0.165502
-4.6 -6.2 0.144036 -0.082013
-4.6 -6 -0.116517 -0.118322
-4.6 -5.8 -0.119384 0.115593
-4.6 -5.6 0.075994 0.148009
-4.6 -5.4 0.165039 0.02058
-4.6 -5.2 0.14395 -0.0834742
-4.6 -5 0.112051 -0.122766
-4.6 -4.8 0.118808 -0.11595
-4.6 -4.6 0.15713 -0.0532214
-4.6 -4.4 0.14258 0.0839251
-4.6 -4.2 -0.0416459 0.159633
-4.6 -4 -0.148875 -0.0705214
-4.6 -3.8 0.148228 -0.0712848
-4.6 -3.6 -0.112167 0.119754
-4.6 -3.4 0.131472 -0.0975155
-4.6 -3.2 -0.162305 -0.01994
-4.6 -3 0.0124136 0.163312
-4.6 -2.8 0.153539 0.0596047
-4.6 -2.6 0.166179 -0.0130519
-4.6 -2.4 0.167725 0.0303801
-4.6 -2.2 0.0690331 0.162956
-4.6 -2 -0.182504 0.0413932
-4.6 -1.8 0.136479 -0.149308
-4.6 -1.6 -0.186288 0.133835
-4.6 -1.4 0.266024 0.10608
-4.6 -1.2 0.201452 -0.338333
-4.6 -1 -0.122624 -0.566735
-4.6 -0.8 -0.361547 -0.787536
-4.6 -0.6 -0.32866 -1.05194
-4.6 -0.4 -0.158793 -0.986306
-4.6 -0.2 -0.267644 -0.979673
-4.6 0 -0.207518 -0.919475
-4.6 0.2 -0.267644 -0.979673
-4.6 0.4 -0.158793 -0.986306
-4.6 0.6 -0.32866 -1.05194
-4.6 0.8 -0.361547 -0.787536
-4.6 1 -0.122624 -0.566735
-4.6 1.2 0.201452 -0.338333
-4.6 1.4 0.266024 0.10608
-4.6 1.6 -0.186288 0.133835
-4.6 1.8 0.136479 -0.149308
-4.6 2 -0.182504 0.0413932
-4.6 2.2 0.0690331 0.162956
-4.6 2.4 0.167725 0.0303801
-4.6 2.6 0.166179 -0.0130519
-4.6 2.8 0.153539 0.0596047
-4.6 3 0.0124136 0.163312
-4.6 3.2 -0.162305 -0.01994
-4.6 3.4 0.131472 -0.0975155
-4.6 3.6 -0.112167 0.119754
-4.6 3.8 0.148228 -0.0712848
-4.6 4 -0.148875 -0.0705214
-4.6 4.2 -0.0416459 0.159633
-4.6 4.4 0.14258 0.0839251
-4.6 4.6 0.15713 -0.0532214
-4.6 4.8 0.118808 -0.11595
-4.6 5 0.112051 -0.122766
-4.6 5.2 0.14395 -0.0834742
-4.6 5.4 0.165039 0.02058
-4.6 5.6 0.075994 0.148009
-4.6 5.8 -0.119384 0.115593
-4.6 6 -0.116517 -0.118322
-4.6 6.2 0.144036 -0.082013
-4.6 6.4 0.000611915 0.165502
-4.6 6.6 -0.12095 -0.112352
-4.6 6.8 0.162755 0.0254024
-4.6 7 -0.160028 0.0369217
-4.6 7.2 0.150243 -0.0651186
-4.6 7.4 -0.150209 0.0638974
-4.6 7.6 0.158796 -0.0351336
-4.6 7.8 -0.160602 -0.0217741
-4.6 8 0.128881 0.0972493
-4.6 8.2 -0.0417641 -0.155273
-4.6 8.4 -0.0824752 0.137282
-4.6 8.6 0.158821 -0.0145346
-4.6 8.8 -0.0891433 -0.131389
-4.6 9 -0.0880162 0.131305
-4.6 9.2 0.149333 0.0496811
-4.6 9.4 0.0250655 -0.154638
-4.6 9.6 -0.155083 -0.0160991
-4.6 9.8 -0.0223215 0.153574
-4.4 -10 -0.155463 -0.0139544
-4.4 -9.8 -0.0319435 -0.153597
-4.4 -9.6 0.144544 -0.062988
-4.4 -9.4 0.0791989 0.137227
-4.4 -9.2 -0.136767 0.0815066
-4.4 -9 -0.0692742 -0.144221
-4.4 -8.8 0.155809 -0.0396069
-4.4 -8.6 -0.0105548 0.161155
-4.4 -8.4 -0.142243 -0.0780315
-4.4 -8.2 0.142718 -0.0787187
-4.4 -8 -0.0320496 0.160516
-4.4 -7.8 -0.0828375 -0.141961
-4.4 -7.6 0.147176 0.0747224
-4.4 -7.4 -0.165399 -0.00970114
-4.4 -7.2 0.163576 -0.0298964
-4.4 -7 -0.162173 0.0394267
-4.4 -6.8 0.166508 -0.0172028
-4.4 -6.6 -0.163192 -0.0395935
-4.4 -6.4 0.117698 0.120375
-4.4 -6.2 0.00287856 -0.168731
-4.4 -6 -0.147043 0.0835003
-4.4 -5.8 0.119881 0.119631
-4.4 -5.6 0.120834 -0.118962
-4.4 -5.4 -0.0768249 -0.151331
-4.4 -5.2 -0.167683 -0.0261241
-4.4 -5 -0.152658 0.0742936
-4.4 -4.8 -0.129693 0.109206
-4.4 -4.6 -0.143164 0.0905033
-4.4 -4.4 -0.169187 0.00290789
-4.4 -4.2 -0.0960592 -0.138745
-4.4 -4 0.125189 -0.112386
-4.4 -3.8 0.0598768 0.156846
-4.4 -3.6 -0.144914 -0.0842912
-4.4 -3.4 0.15397 0.065815
-4.4 -3.2 -0.107939 -0.127926
-4.4 -3 -0.0633447 0.155211
-4.4 -2.8 0.142624 0.0897055
-4.4 -2.6 0.168443 -0.0246043
-4.4 -2.4 0.171761 -0.0219966
-4.4 -2.2 0.141599 0.107549
-4.4 -2 -0.112788 0.14814
-4.4 -1.8 -0.0207564 -0.202152
-4.4 -1.6 0.00907728 0.233081
-4.4 -1.4 0.214438 -0.184787
-4.4 -1.2 -0.211984 -0.32516
-4.4 -1 -0.576174 -0.124739
-4.4 -0.8 -0.876239 0.0176707
-4.4 -0.6 -1.08523 -0.135335
-4.4 -0.4 -0.940542 -0.246215
-4.4 -0.2 -1.00186 -0.15913
-4.4 0 -0.931578 -0.155249
-4.4 0.2 -1.00186 -0.15913
-4.4 0.4 -0.940542 -0.246215
-4.4 0.6 -1.08523 -0.135335
-4.4 0.8 -0.876239 0.0176707
-4.4 1 -0.576174 -0.124739
-4.4 1.2 -0.211984 -0.32516
-4.4 1.4 0.214438 -0.184787
-4.4 1.6 0.00907728 0.233081
-4.4 1.8 -0.0207564 -0.202152
-4.4 2 -0.112788 0.14814
-4.4 2.2 0.141599 0.107549
-4.4 2.4 0.171761 -0.0219966
-4.4 2.6 0.168443 -0.0246043
-4.4 2.8 0.142624 0.0897055
-4.4 3 -0.0633447 0.155211
-4.4 3.2 -0.107939 -0.127926
-4.4 3.4 0.15397 0.065815
-4.4 3.6 -0.144914 -0.0842912
-4.4 3.8 0.0598768 0.156846
-4.4 4 0.125189 -0.112386
-4.4 4.2 -0.0960592 -0.138745
-4.4 4.4 -0.169187 0.00290789
-4.4 4.6 -0.143164 0.0905033
-4.4 4.8 -0.129693 0.109206
-4.4 5 -0.152658 0.0742936
-4.4 5.2 -0.167683 -0.0261241
-4.4 5.4 -0.0768249 -0.151331
-4.4 5.6 0.120834 -0.118962
-4.4 5.8 0.119881 0.119631
-4.4 6 -0.147043 0.0835003
-4.4 6.2 0.00287856 -0.168731
-4.4 6.4 0.117698 0.120375
-4.4 6.6 -0.163192 -0.0395935
-4.4 6.8 0.166508 -0.0172028
-4.4 7 -0.162173 0.0394267
-4.4 7.2 0.163576 -0.0298964
-4.4 7.4 -0.165399 -0.00970114
-4.4 7.6 0.147176 0.0747224
-4.4 7.8 -0.0828375 -0.141961
-4.4 8 -0.0320496 0.160516
-4.4 8.2 0.142718 -0.0787187
-4.4 8.4 -0.142243 -0.0780315
-4.4 8.6 -0.0105548 0.161155
-4.4 8.8 0.155809 -0.0396069
-4.4 9 -0.0692742 -0.144221
-4.4 9.2 -0.136767 0.0815066
-4.4 9.4 0.0791989 0.137227
-4.4 9.6 0.144544 -0.062988
-4.4 9.8 -0.0319435 -0.153597
-4.2 -10 0.154837 0.0301117
-4.2 -9.8 0.040852 0.153214
-4.2 -9.6 -0.12888 0.0937997
-4.2 -9.4 -0.126439 -0.0984456
-4.2 -9.2 0.0736232 -0.143279
-4.2 -9 0.149985 0.0609858
-4.2 -8.8 -0.0636306 0.14977
-4.2 -8.6 -0.141359 -0.0822705
-4.2 -8.4 0.11423 -0.118197
-4.2 -8.2 0.0700996 0.149541
-4.2 -8 -0.165681 -0.00927844
-4.2 -7.8 0.105852 -0.128816
-4.2 -7.6 0.017547 0.166536
-4.2 -7.4 -0.113712 -0.123908
-4.2 -7.2 0.15836 0.0587328
-4.2 -7 -0.169262 -0.00966074
-4.2 -6.8 0.169929 -0.00932103
-4.2 -6.6 -0.170697 -0.00529235
-4.2 -6.4 0.162159 0.0551991
-4.2 -6.2 -0.113465 -0.12904
-4.2 -6 -0.0068872 0.172075
-4.2 -5.8 0.150324 -0.0849022
-4.2 -5.6 -0.12345 -0.121024
-4.2 -5.4 -0.122433 0.122467
-4.2 -5.2 0.0775533 0.154928
-4.2 -5 0.170248 0.0325363
-4.2 -4.8 0.161437 -0.0631342
-4.2 -4.6 0.147079 -0.0912805
-4.2 -4.4 0.163442 -0.0565392
-4.2 -4.2 0.163762 0.0549421
-4.2 -4 0.0219377 0.170866
-4.2 -3.8 -0.171082 0.0148168
-4.2 -3.6 0.0791985 -0.151863
-4.2 -3.4 -0.00641571 0.170834
-4.2 -3.2 0.0323217 -0.167697
-4.2 -3 -0.141477 0.0957798
-4.2 -2.8 0.11179 0.129813
-4.2 -2.6 0.171235 -0.0204382
-4.2 -2.4 0.164254 -0.0600679
-4.2 -2.2 0.17647 0.0359175
-4.2 -2 0.00148361 0.189737
-4.2 -1.8 -0.165804 -0.119272
-4.2 -1.6 0.1938 0.123544
-4.2 -1.4 -0.0558635 -0.280153
-4.2 -1.2 -0.382686 0.0572388
-4.2 -1 -0.351291 0.46872
-4.2 -0.8 -0.352304 0.821432
-4.2 -0.6 -0.569793 0.937822
-4.2 -0.4 -0.580422 0.755078
-4.2 -0.2 -0.555793 0.852185
-4.2 0 -0.510933 0.817059
-4.2 0.2 -0.555793 0.852185
-4.2 0.4 -0.580422 0.755078
-4.2 0.6 -0.569793 0.937822
-4.2 0.8 -0.352304 0.821432
-4.2 1 -0.351291 0.46872
-4.2 1.2 -0.382686 0.0572388
-4.2 1.4 -0.0558635 -0.280153
-4.2 1.6 0.1938 0.123544
-4.2 1.8 -0.165804 -0.119272
-4.2 2 0.00148361 0.189737
-4.2 2.2 0.17647 0.0359175
-4.2 2.4 0.164254 -0.0600679
-4.2 2.6 0.171235 -0.0204382
-4.2 2.8 0.11179 0.129813
-4.2 3 -0.141477 0.0957798
-4.2 3.2 0.0323217 -0.167697
-4.2 3.4 -0.00641571 0.170834
-4.2 3.6 0.0791985 -0.151863
-4.2 3.8 -0.171082 0.0148168
-4.2 4 0.0219377 0.170866
-4.2 4.2 0.163762 0.0549421
-4.2 4.4 0.163442 -0.0565392
-4.2 4.6 0.147079 -0.0912805
-4.2 4.8 0.161437 -0.0631342
-4.2 5 0.170248 0.0325363
-4.2 5.2 0.0775533 0.154928
-4.2 5.4 -0.122433 0.122467
-4.2 5.6 -0.12345 -0.121024
-4.2 5.8 0.150324 -0.0849022
-4.2 6 -0.0068872 0.172075
-4.2 6.2 -0.113465 -0.12904
-4.2 6.4 0.162159 0.0551991
-4.2 6.6 -0.170697 -0.00529235
-4.2 6.8 0.169929 -0.00932103
-4.2 7 -0.169262 -0.00966074
-4.2 7.2 0.15836 0.0587328
-4.2 7.4 -0.113712 -0.123908
-4.2 7.6 0.017547 0.166536
-4.2 7.8 0.105852 -0.128816
-4.2 8 -0.165681 -0.00927844
-4.2 8.2 0.0700996 0.149541
-4.2 8.4 0.11423 -0.118197
-4.2 8.6 -0.141359 -0.0822705
-4.2 8.8 -0.0636306 0.14977
-4.2 9 0.149985 0.0609858
-4.2 9.2 0.0736232 -0.143279
-4.2 9.4 -0.126439 -0.0984456
-4.2 9.6 -0.12888 0.0937997
-4.2 9.8 0.040852 0.153214
-4 -10 -0.132058 -0.0892074
-4 -9.8 -0.00225425 -0.160246
-4 -9.6 0.137971 -0.0832852
-4 -9.4 0.135353 0.0891015
-4 -9.2 -0.0363286 0.158833
-4 -9 -0.163705 0.00645131
-4 -8.8 -0.0335947 -0.161272
-4 -8.6 0.15973 -0.0437584
-4 -8.4 0.0362038 0.1625
-4 -8.2 -0.167119 0.00909847
-4 -8 0.0389957 -0.163656
-4 -7.8 0.13424 0.102781
-4 -7.6 -0.159107 0.059597
-4 -7.4 0.0582873 -0.160475
-4 -7.2 0.060118 0.160616
-4 -7 -0.134609 -0.107497
-4 -6.8 0.164584 0.0533256
-4 -6.6 -0.171886 -0.0248032
-4 -6.4 0.171645 0.030585
-4 -6.2 -0.159283 -0.0722756
-4 -6 0.108029 0.138286
-4 -5.8 0.0115455 -0.17556
-4 -5.6 -0.153862 0.0862156
-4 -5.4 0.127245 0.122562
-4 -5.2 0.124157 -0.126111
-4 -5 -0.0781582 -0.158869
-4 -4.8 -0.172627 -0.0399611
-4 -4.6 -0.17003 0.0496437
-4 -4.4 -0.163235 0.068201
-4 -4.2 -0.176216 0.0137598
-4 -4 -0.134873 -0.113827
-4 -3.8 0.0688585 -0.161988
-4 -3.6 0.141808 0.103345
-4 -3.4 -0.173018 0.0260976
-4 -3.2 0.165339 -0.0561335
-4 -3 -0.172837 -0.0237882
-4 -2.8 0.0495289 0.167588
-4 -2.6 0.17588 0.00222668
-4 -2.4 0.157276 -0.0846226
-4 -2.2 0.179832 -0.0360317
-4 -2 0.112011 0.154155
-4 -1.8 -0.201461 0.03437
-4 -1.6 0.215729 -0.0876739
-4 -1.4 -0.268012 -0.0852134
-4 -1.2 -0.118772 0.370113
-4 -1 0.29108 0.510132
-4 -0.8 0.60203 0.665782
-4 -0.6 0.617334 0.920332
-4 -0.4 0.471717 0.824113
-4 -0.2 0.553457 0.864991
-4 0 0.562403 0.820279
-4 0.2 0.553457 0.864991
-4 0.4 0.471717 0.824113
-4 0.6 0.617334 0.920332
-4 0.8 0.60203 0.665782
-4 1 0.29108 0.510132
-4 1.2 -0.118772 0.370113
-4 1.4 -0.268012 -0.0852134
-4 1.6 0.215729 -0.0876739
-4 1.8 -0.201461 0.03437
-4 2 0.112011 0.154155
-4 2.2 0.179832 -0.0360317
-4 2.4 0.157276 -0.0846226
-4 2.6 0.17588 0.00222668
-4 2.8 0.0495289 0.167588
-4 3 -0.172837 -0.0237882
-4 3.2 0.165339 -0.0561335
-4 3.4 -0.173018 0.0260976
-4 3.6 0.141808 0.103345
-4 3.8 0.0688585 -0.161988
-4 4 -0.134873 -0.113827
-4 4.2 -0.176216 0.0137598
-4 4.4 -0.163235 0.068201
-4 4.6 -0.17003 0.0496437
-4 4.8 -0.172627 -0.0399611
-4 5 -0.0781582 -0.158869
-4 5.2 0.124157 -0.126111
-4 5.4 0.127245 0.122562
-4 5.6 -0.153862 0.0862156
-4 5.8 0.0115455 -0.17556
-4 6 0.108029 0.138286
-4 6.2 -0.159283 -0.0722756
-4 6.4 0.171645 0.030585
-4 6.6 -0.171886 -0.0248032
-4 6.8 0.164584 0.0533256
-4 7 -0.134609 -0.107497
-4 7.2 0.060118 0.160616
-4 7.4 0.0582873 -0.160475
-4 7.6 -0.159107 0.059597
-4 7.8 0.13424 0.102781
-4 8 0.0389957 -0.163656
-4 8.2 -0.167119 0.00909847
-4 8.4 0.0362038 0.1625
-4 8.6 0.15973 -0.0437584
-4 8.8 -0.0335947 -0.161272
-4 9 -0.163705 0.00645131
-4 9.2 -0.0363286 0.158833
-4 9.4 0.135353 0.0891015
-4 9.6 0.137971 -0.0832852
-4 9.8 -0.00225425 -0.160246
-3.8 -10 0.0426161 0.155268
-3.8 -9.8 -0.0835366 0.138741
-3.8 -9.6 -0.161192 0.0234703
-3.8 -9.4 -0.112003 -0.119588
-3.8 -9.2 0.0475838 -0.157792
-3.8 -9 0.164033 -0.0239208
-3.8 -8.8 0.0784302 0.147116
-3.8 -8.6 -0.124205 0.112638
-3.8 -8.4 -0.129923 -0.107512
-3.8 -8.2 0.103783 -0.134123
-3.8 -8 0.125582 0.115347
-3.8 -7.8 -0.139635 0.0994933
-3.8 -7.6 -0.0473509 -0.165755
-3.8 -7.4 0.169703 0.0349839
-3.8 -7.2 -0.129089 0.116906
-3.8 -7 0.00966613 -0.174766
-3.8 -6.8 0.0924763 0.149558
-3.8 -6.6 -0.146767 -0.0983154
-3.8 -6.4 0.166172 0.0621345
-3.8 -6.2 -0.16826 -0.0583965
-3.8 -6 0.153991 0.0908485
-3.8 -5.8 -0.101209 -0.148069
-3.8 -5.6 -0.0170178 0.179121
-3.8 -5.4 0.157697 -0.0874786
-3.8 -5.2 -0.131239 -0.124285
-3.8 -5 -0.125993 0.129947
-3.8 -4.8 0.0785742 0.163235
-3.8 -4.6 0.174675 0.0485415
-3.8 -4.4 0.178069 -0.0334168
-3.8 -4.2 0.176701 -0.0392114
-3.8 -4 0.177014 0.0369022
-3.8 -3.8 0.0785393 0.162515
-3.8 -3.6 -0.150706 0.0984718
-3.8 -3.4 -0.0253569 -0.177706
-3.8 -3.2 0.111039 0.140472
-3.8 -3 -0.0929465 -0.152771
-3.8 -2.8 -0.047675 0.172566
-3.8 -2.6 0.174274 0.0451469
-3.8 -2.4 0.155244 -0.0951866
-3.8 -2.2 0.16074 -0.0925926
-3.8 -2 0.178389 0.072396
-3.8 -1.8 -0.122321 0.167331
-3.8 -1.6 0.0572727 -0.223671
-3.8 -1.4 -0.209933 0.190071
-3.8 -1.2 0.280426 0.262429
-3.8 -1 0.591641 -0.0532212
-3.8 -0.8 0.856915 -0.284386
-3.8 -0.6 1.09276 -0.163362
-3.8 -0.4 0.949279 -0.10659
-3.8 -0.2 1.02731 -0.139314
-3.8 0 1.01013 -0.171783
-3.8 0.2 1.02731 -0.139314
-3.8 0.4 0.949279 -0.10659
-3.8 0.6 1.09276 -0.163362
-3.8 0.8 0.856915 -0.284386
-3.8 1 0.591641 -0.0532212
-3.8 1.2 0.280426 0.262429
-3.8 1.4 -0.209933 0.190071
-3.8 1.6 0.0572727 -0.223671
-3.8 1.8 -0.122321 0.167331
-3.8 2 0.178389 0.072396
-3.8 2.2 0.16074 -0.0925926
-3.8 2.4 0.155244 -0.0951866
-3.8 2.6 0.174274 0.0451469
-3.8 2.8 -0.047675 0.172566
-3.8 3 -0.0929465 -0.152771
-3.8 3.2 0.111039 0.140472
-3.8 3.4 -0.0253569 -0.177706
-3.8 3.6 -0.150706 0.0984718
-3.8 3.8 0.0785393 0.162515
-3.8 4 0.177014 0.0369022
-3.8 4.2 0.176701 -0.0392114
-3.8 4.4 0.178069 -0.0334168
-3.8 4.6 0.174675 0.0485415
-3.8 4.8 0.0785742 0.163235
-3.8 5 -0.125993 0.129947
-3.8 5.2 -0.131239 -0.124285
-3.8 5.4 0.157697 -0.0874786
-3.8 5.6 -0.0170178 0.179121
-3.8 5.8 -0.101209 -0.148069
-3.8 6 0.153991 0.0908485
-3.8 6.2 -0.16826 -0.0583965
-3.8 6.4 0.166172 0.0621345
-3.8 6.6 -0.146767 -0.0983154
-3.8 6.8 0.0924763 0.149558
-3.8 7 0.00966613 -0.174766
-3.8 7.2 -0.129089 0.116906
-3.8 7.4 0.169703 0.0349839
-3.8 7.6 -0.0473509 -0.165755
-3.8 7.8 -0.139635 0.0994933
-3.8 8 0.125582 0.115347
-3.8 8.2 0.103783 -0.134123
-3.8 8.4 -0.129923 -0.107512
-3.8 8.6 -0.124205 0.112638
-3.8 8.8 0.0784302 0.147116
-3.8 9 0.164033 -0.0239208
-3.8 9.2 0.0475838 -0.157792
-3.8 9.4 -0.112003 -0.119588
-3.8 9.6 -0.161192 0.0234703
-3.8 9.8 -0.0835366 0.138741
-3.6 -10 0.111485 -0.118405
-3.6 -9.8 0.161666 -0.0252915
-3.6 -9.6 0.138206 0.0894774
-3.6 -9.4 0.0317959 0.162575
-3.6 -9.2 -0.105775 0.1288
-3.6 -9 -0.167156 -0.0133291
-3.6 -8.8 -0.0720977 -0.15254
-3.6 -8.6 0.109386 -0.129813
-3.6 -8.4 0.159292 0.0615717
-3.6 -8.2 -0.0241951 0.170087
-3.6 -8 -0.172785 -0.00414639
-3.6 -7.8 0.00414699 -0.173809
-3.6 -7.6 0.172927 0.0258959
-3.6 -7.4 -0.0695528 0.161518
-3.6 -7.2 -0.122396 -0.127658
-3.6 -7 0.173786 -0.0375666
-3.6 -6.8 -0.0858224 0.156793
-3.6 -6.6 -0.032707 -0.176666
-3.6 -6.4 0.113655 0.140248
-3.6 -6.2 -0.15062 -0.101055
-3.6 -6 0.159348 0.0882291
-3.6 -5.8 -0.145566 -0.110717
-3.6 -5.6 0.0927173 0.158401
-3.6 -5.4 0.0233953 -0.18265
-3.6 -5.2 -0.161943 0.0886724
-3.6 -5 0.135412 0.126166
-3.6 -4.8 0.127985 -0.134046
-3.6 -4.6 -0.0786976 -0.168074
-3.6 -4.4 -0.176224 -0.0584239
-3.6 -4.2 -0.185014 0.0139866
-3.6 -4 -0.185362 0.00376076
-3.6 -3.8 -0.160505 -0.0923491
-3.6 -3.6 0.00354716 -0.184769
-3.6 -3.4 0.183701 0.0151979
-3.6 -3.2 -0.126102 0.133805
-3.6 -3 0.0902712 -0.159814
-3.6 -2.8 -0.152106 0.10278
-3.6 -2.6 0.149726 0.107228
-3.6 -2.4 0.162822 -0.0888732
-3.6 -2.2 0.136451 -0.130103
-3.6 -2 0.19452 -0.0231106
-3.6 -1.8 0.0207826 0.206949
-3.6 -1.6 -0.140928 -0.18484
-3.6 -1.4 0.0592766 0.274647
-3.6 -1.2 0.361228 -0.135824
-3.6 -1 0.190762 -0.559769
-3.6 -0.8 0.0954644 -0.915095
-3.6 -0.6 0.304075 -1.0498
-3.6 -0.4 0.283767 -0.908346
-3.6 -0.2 0.3142 -0.984606
-3.6 0 0.287439 -0.998128
-3.6 0.2 0.3142 -0.984606
-3.6 0.4 0.283767 -0.908346
-3.6 0.6 0.304075 -1.0498
-3.6 0.8 0.0954644 -0.915095
-3.6 1 0.190762 -0.559769
-3.6 1.2 0.361228 -0.135824
-3.6 1.4 0.0592766 0.274647
-3.6 1.6 -0.140928 -0.18484
-3.6 1.8 0.0207826 0.206949
-3.6 2 0.19452 -0.0231106
-3.6 2.2 0.136451 -0.130103
-3.6 2.4 0.162822 -0.0888732
-3.6 2.6 0.149726 0.107228
-3.6 2.8 -0.152106 0.10278
-3.6 3 0.0902712 -0.159814
-3.6 3.2 -0.126102 0.133805
-3.6 3.4 0.183701 0.0151979
-3.6 3.6 0.00354716 -0.184769
-3.6 3.8 -0.160505 -0.0923491
-3.6 4 -0.185362 0.00376076
-3.6 4.2 -0.185014 0.0139866
-3.6 4.4 -0.176224 -0.0584239
-3.6 4.6 -0.0786976 -0.168074
-3.6 4.8 0.127985 -0.134046
-3.6 5 0.135412 0.126166
-3.6 5.2 -0.161943 0.0886724
-3.6 5.4 0.0233953 -0.18265
-3.6 5.6 0.0927173 0.158401
-3.6 5.8 -0.145566 -0.110717
-3.6 6 0.159348 0.0882291
-3.6 6.2 -0.15062 -0.101055
-3.6 6.4 0.113655 0.140248
-3.6 6.6 -0.032707 -0.176666
-3.6 6.8 -0.0858224 0.156793
-3.6 7 0.173786 -0.0375666
-3.6 7.2 -0.122396 -0.127658
-3.6 7.4 -0.0695528 0.161518
-3.6 7.6 0.172927 0.0258959
-3.6 7.8 0.00414699 -0.173809
-3.6 8 -0.172785 -0.00414639
-3.6 8.2 -0.0241951 0.170087
-3.6 8.4 0.159292 0.0615717
-3.6 8.6 0.109386 -0.129813
-3.6 8.8 -0.0720977 -0.15254
-3.6 9 -0.167156 -0.0133291
-3.6 9.2 -0.105775 0.1288
-3.6 9.4 0.0317959 0.162575
-3.6 9.6 0.138206 0.0894774
-3.6 9.8 0.161666 -0.0252915
-3.4 -10 -0.141779 -0.082951
-3.4 -9.8 -0.0831762 -0.142864
-3.4 -9.6 0.008575 -0.16615
-3.4 -9.4 0.107698 -0.128211
-3.4 -9.2 0.166564 -0.0256543
-3.4 -9 0.135755 0.101698
-3.4 -8.8 0.00870801 0.170495
-3.4 -8.6 -0.135842 0.105199
-3.4 -8.4 -0.159586 -0.0665909
-3.4 -8.2 -0.00421074 -0.17399
-3.4 -8 0.165098 -0.058482
-3.4 -7.8 0.0916067 0.150573
-3.4 -7.6 -0.142753 0.105253
-3.4 -7.4 -0.100618 -0.1474
-3.4 -7.2 0.163289 -0.0746486
-3.4 -7 0.0207909 0.179415
-3.4 -6.8 -0.170596 -0.0625017
-3.4 -6.6 0.151937 -0.10146
-3.4 -6.4 -0.0398266 0.179338
-3.4 -6.2 -0.064328 -0.173115
-3.4 -6 0.123229 0.138764
-3.4 -5.8 -0.143414 -0.119195
-3.4 -5.6 0.133301 0.131518
-3.4 -5.4 -0.0821003 -0.169165
-3.4 -5.2 -0.0307679 0.18613
-3.4 -5 0.166669 -0.0896832
-3.4 -4.8 -0.139839 -0.128174
-3.4 -4.6 -0.130224 0.138428
-3.4 -4.4 0.0784366 0.173395
-3.4 -4.2 0.177084 0.0697946
-3.4 -4 0.190058 0.00916329
-3.4 -3.8 0.186269 0.0381721
-3.4 -3.6 0.121297 0.146059
-3.4 -3.4 -0.0986102 0.161753
-3.4 -3.2 -0.127736 -0.139264
-3.4 -3 0.184827 0.0374136
-3.4 -2.8 -0.18086 -0.0527872
-3.4 -2.6 0.0794744 0.171065
-3.4 -2.4 0.179409 -0.0611533
-3.4 -2.2 0.118282 -0.151843
-3.4 -2 0.168951 -0.104912
-3.4 -1.8 0.147216 0.149281
-3.4 -1.6 -0.23376 -0.00768391
-3.4 -1.4 0.264333 0.0928192
-3.4 -1.2 0.0341988 -0.381611
-3.4 -1 -0.437518 -0.408467
-3.4 -0.8 -0.797574 -0.468444
-3.4 -0.6 -0.829069 -0.713883
-3.4 -0.4 -0.721203 -0.610347
-3.4 -0.2 -0.741401 -0.68527
-3.4 0 -0.765242 -0.684893
-3.4 0.2 -0.741401 -0.68527
-3.4 0.4 -0.721203 -0.610347
-3.4 0.6 -0.829069 -0.713883
-3.4 0.8 -0.797574 -0.468444
-3.4 1 -0.437518 -0.408467
-3.4 1.2 0.0341988 -0.381611
-3.4 1.4 0.264333 0.0928192
-3.4 1.6 -0.23376 -0.00768391
-3.4 1.8 0.147216 0.149281
-3.4 2 0.168951 -0.104912
-3.4 2.2 0.118282 -0.151843
-3.4 2.4 0.179409 -0.0611533
-3.4 2.6 0.0794744 0.171065
-3.4 2.8 -0.18086 -0.0527872
-3.4 3 0.184827 0.0374136
-3.4 3.2 -0.127736 -0.139264
-3.4 3.4 -0.0986102 0.161753
-3.4 3.6 0.121297 0.146059
-3.4 3.8 0.186269 0.0381721
-3.4 4 0.190058 0.00916329
-3.4 4.2 0.177084 0.0697946
-3.4 4.4 0.0784366 0.173395
-3.4 4.6 -0.130224 0.138428
-3.4 4.8 -0.139839 -0.128174
-3.4 5 0.166669 -0.0896832
-3.4 5.2 -0.0307679 0.18613
-3.4 5.4 -0.0821003 -0.169165
-3.4 5.6 0.133301 0.131518
-3.4 5.8 -0.143414 -0.119195
-3.4 6 0.123229 0.138764
-3.4 6.2 -0.064328 -0.173115
-3.4 6.4 -0.0398266 0.179338
-3.4 6.6 0.151937 -0.10146
-3.4 6.8 -0.170596 -0.0625017
-3.4 7 0.0207909 0.179415
-3.4 7.2 0.163289 -0.0746486
-3.4 7.4 -0.100618 -0.1474
-3.4 7.6 -0.142753 0.105253
-3.4 7.8 0.0916067 0.150573
-3.4 8 0.165098 -0.058482
-3.4 8.2 -0.00421074 -0.17399
-3.4 8.4 -0.159586 -0.0665909
-3.4 8.6 -0.135842 0.105199
-3.4 8.8 0.00870801 0.170495
-3.4 9 0.135755 0.101698
-3.4 9.2 0.166564 -0.0256543
-3.4 9.4 0.107698 -0.128211
-3.4 9.6 0.008575 -0.16615
-3.4 9.8 -0.0831762 -0.142864
-3.2 -10 -0.0980473 0.133786
-3.2 -9.8 -0.140908 0.0895869
-3.2 -9.6 -0.166581 0.0225569
-3.2 -9.4 -0.158374 -0.0596599
-3.2 -9.2 -0.10295 -0.135762
-3.2 -9 -0.00277111 -0.171513
-3.2 -8.8 0.110161 -0.133007
-3.2 -8.6 0.173162 -0.015861
-3.2 -8.4 0.12431 0.123283
-3.2 -8.2 -0.0304125 0.173621
-3.2 -8 -0.16741 0.0588659
-3.2 -7.8 -0.121393 -0.131093
-3.2 -7.6 0.0900698 -0.1557
-3.2 -7.4 0.170565 0.0607705
-3.2 -7.2 -0.0513377 0.174882
-3.2 -7 -0.171504 -0.0651501
-3.2 -6.8 0.101884 -0.153972
-3.2 -6.6 0.106406 0.15229
-3.2 -6.4 -0.18651 0.0125555
-3.2 -6.2 0.114461 -0.149166
-3.2 -6 0.000259293 0.189097
-3.2 -5.8 -0.0825469 -0.171269
-3.2 -5.6 0.118886 0.149594
-3.2 -5.4 -0.116291 -0.152782
-3.2 -5.2 0.0689493 0.180065
-3.2 -5 0.0393913 -0.189523
-3.2 -4.8 -0.171855 0.0904553
-3.2 -4.6 0.144615 0.130386
-3.2 -4.4 0.132747 -0.143048
-3.2 -4.2 -0.0777483 -0.179234
-3.2 -4 -0.176982 -0.0829253
-3.2 -3.8 -0.191983 -0.036525
-3.2 -3.6 -0.175526 -0.0855192
-3.2 -3.4 -0.0559008 -0.186721
-3.2 -3.2 0.177199 -0.0801028
-3.2 -3 -0.0204424 0.192935
-3.2 -2.8 -0.0412656 -0.189251
-3.2 -2.6 -0.047059 0.187859
-3.2 -2.4 0.194237 -0.00410186
-3.2 -2.2 0.114469 -0.160107
-3.2 -2 0.123806 -0.159749
-3.2 -1.8 0.20958 0.035065
-3.2 -1.6 -0.160069 0.171136
-3.2 -1.4 0.219052 -0.176112
-3.2 -1.2 -0.324556 -0.20117
-3.2 -1 -0.550802 0.233081
-3.2 -0.8 -0.764841 0.54579
-3.2 -0.6 -0.992399 0.441725
-3.2 -0.4 -0.854055 0.438237
-3.2 -0.2 -0.896971 0.394009
-3.2 0 -0.912755 0.398826
-3.2 0.2 -0.896971 0.394009
-3.2 0.4 -0.854055 0.438237
-3.2 0.6 -0.992399 0.441725
-3.2 0.8 -0.764841 0.54579
-3.2 1 -0.550802 0.233081
-3.2 1.2 -0.324556 -0.20117
-3.2 1.4 0.219052 -0.176112
-3.2 1.6 -0.160069 0.171136
-3.2 1.8 0.20958 0.035065
-3.2 2 0.123806 -0.159749
-3.2 2.2 0.114469 -0.160107
-3.2 2.4 0.194237 -0.00410186
-3.2 2.6 -0.047059 0.187859
-3.2 2.8 -0.0412656 -0.189251
-3.2 3 -0.0204424 0.192935
-3.2 3.2 0.177199 -0.0801028
-3.2 3.4 -0.0559008 -0.186721
-3.2 3.6 -0.175526 -0.0855192
-3.2 3.8 -0.191983 -0.036525
-3.2 4 -0.176982 -0.0829253
-3.2 4.2 -0.0777483 -0.179234
-3.2 4.4 0.132747 -0.143048
-3.2 4.6 0.144615 0.130386
-3.2 4.8 -0.171855 0.0904553
-3.2 5 0.0393913 -0.189523
-3.2 5.2 0.0689493 0.180065
-3.2 5.4 -0.116291 -0.152782
-3.2 5.6 0.118886 0.149594
-3.2 5.8 -0.0825469 -0.171269
-3.2 6 0.000259293 0.189097
-3.2 6.2 0.114461 -0.149166
-3.2 6.4 -0.18651 0.0125555
-3.2 6.6 0.106406 0.15229
-3.2 6.8 0.101884 -0.153972
-3.2 7 -0.171504 -0.0651501
-3.2 7.2 -0.0513377 0.174882
-3.2 7.4 0.170565 0.0607705
-3.2 7.6 0.0900698 -0.1557
-3.2 7.8 -0.121393 -0.131093
-3.2 8 -0.16741 0.0588659
-3.2 8.2 -0.0304125 0.173621
-3.2 8.4 0.12431 0.123283
-3.2 8.6 0.173162 -0.015861
-3.2 8.8 0.110161 -0.133007
-3.2 9 -0.00277111 -0.171513
-3.2 9.2 -0.10295 -0.135762
-3.2 9.4 -0.158374 -0.0596599
-3.2 9.6 -0.166581 0.0225569
-3.2 9.8 -0.140908 0.0895869
-3 -10 0.0801504 0.147048
-3 -9.8 0.0441708 0.16275
-3 -9.6 -0.00405204 0.169767
-3 -9.4 -0.0619729 0.159383
-3 -9.2 -0.121041 0.122509
-3 -9 -0.164774 0.0541676
-3 -8.8 -0.17027 -0.0390614
-3 -8.6 -0.117133 -0.131288
-3 -8.4 -0.00588367 -0.17711
-3 -8.2 0.121094 -0.131125
-3 -8 0.179617 0.00769119
-3 -7.8 0.0969439 0.152944
-3 -7.6 -0.0874179 0.16006
-3 -7.4 -0.182713 -0.0188608
-3 -7.2 -0.0326678 -0.182094
-3 -7 0.176089 -0.0608465
-3 -6.8 0.0648979 0.176014
-3 -6.6 -0.183967 0.0428862
-3 -6.4 0.00970529 -0.189924
-3 -6.2 0.168026 0.0916903
-3 -6 -0.174216 0.0822492
-3 -5.8 0.072917 -0.179589
-3 -5.6 0.0282082 0.192928
-3 -5.4 -0.0844271 -0.17695
-3 -5.2 0.0934332 0.173522
-3 -5 -0.0528047 -0.190838
-3 -4.8 -0.0495173 0.192594
-3 -4.6 0.177595 -0.0910162
-3 -4.4 -0.149714 -0.132901
-3 -4.2 -0.135512 0.147936
-3 -4 0.0765599 0.185727
-3 -3.8 0.175448 0.0981513
-3 -3.6 0.189011 0.0683886
-3 -3.4 0.148393 0.135235
-3 -3.2 -0.0333576 0.197591
-3 -3 -0.193239 -0.0513093
-3 -2.8 0.175719 -0.0945356
-3 -2.6 -0.178985 0.0877407
-3 -2.4 0.18037 0.0855864
-3 -2.2 0.130555 -0.153628
-3 -2 0.0797538 -0.190014
-3 -1.8 0.198715 -0.0838407
-3 -1.6 0.0140442 0.235214
-3 -1.4 -0.0294781 -0.27908
-3 -1.2 -0.325159 0.200856
-3 -1 -0.0148019 0.602848
-3 -0.8 0.179985 0.93167
-3 -0.6 -0.0105761 1.07107
-3 -0.4 0.0555403 0.980983
-3 -0.2 0.021521 0.973382
-3 0 0.0143127 0.974509
-3 0.2 0.021521 0.973382
-3 0.4 0.0555403 0.980983
-3 0.6 -0.0105761 1.07107
-3 0.8 0.179985 0.93167
-3 1 -0.0148019 0.602848
-3 1.2 -0.325159 0.200856
-3 1.4 -0.0294781 -0.27908
-3 1.6 0.0140442 0.235214
-3 1.8 0.198715 -0.0838407
-3 2 0.0797538 -0.190014
-3 2.2 0.130555 -0.153628
-3 2.4 0.18037 0.0855864
-3 2.6 -0.178985 0.0877407
-3 2.8 0.175719 -0.0945356
-3 3 -0.193239 -0.0513093
-3 3.2 -0.0333576 0.197591
-3 3.4 0.148393 0.135235
-3 3.6 0.189011 0.0683886
-3 3.8 0.175448 0.0981513
-3 4 0.0765599 0.185727
-3 4.2 -0.135512 0.147936
-3 4.4 -0.149714 -0.132901
-3 4.6 0.177595 -0.0910162
-3 4.8 -0.0495173 0.192594
-3 5 -0.0528047 -0.190838
-3 5.2 0.0934332 0.173522
-3 5.4 -0.0844271 -0.17695
-3 5.6 0.0282082 0.192928
-3 5.8 0.072917 -0.179589
-3 6 -0.174216 0.0822492
-3 6.2 0.168026 0.0916903
-3 6.4 0.00970529 -0.189924
-3 6.6 -0.183967 0.0428862
-3 6.8 0.0648979 0.176014
-3 7 0.176089 -0.0608465
-3 7.2 -0.0326678 -0.182094
-3 7.4 -0.182713 -0.0188608
-3 7.6 -0.0874179 0.16006
-3 7.8 0.0969439 0.152944
-3 8 0.179617 0.00769119
-3 8.2 0.121094 -0.131125
-3 8.4 -0.00588367 -0.17711
-3 8.6 -0.117133 -0.131288
-3 8.8 -0.17027 -0.0390614
-3 9 -0.164774 0.0541676
-3 9.2 -0.121041 0.122509
-3 9.4 -0.0619729 0.159383
-3 9.6 -0.00405204 0.169767
-3 9.8 0.0441708 0.16275
-2.8 -10 0.162306 0.0472844
-2.8 -9.8 0.157862 0.0638152
-2.8 -9.6 0.147556 0.0874291
-2.8 -9.4 0.127745 0.116327
-2.8 -9.2 0.0942392 0.146333
-2.8 -9 0.0437953 0.169789
-2.8 -8.8 -0.0230362 0.175149
-2.8 -8.6 -0.0977716 0.148729
-2.8 -8.4 -0.160175 0.0806665
-2.8 -8.2 -0.179116 -0.0239427
-2.8 -8 -0.12499 -0.132414
-2.8 -7.8 0.00227659 -0.183463
-2.8 -7.6 0.141928 -0.118486
-2.8 -7.4 0.179677 0.0492647
-2.8 -7.2 0.0431849 0.182696
-2.8 -7 -0.154403 0.109265
-2.8 -6.8 -0.14626 -0.1222
-2.8 -6.6 0.103863 -0.161511
-2.8 -6.4 0.160498 0.10797
-2.8 -6.2 -0.135624 0.139902
-2.8 -6 -0.0859654 -0.176413
-2.8 -5.8 0.196985 0.0154765
-2.8 -5.6 -0.144132 0.137115
-2.8 -5.4 0.0376307 -0.196629
-2.8 -5.2 0.0390045 0.197617
-2.8 -5 -0.0637623 -0.192267
-2.8 -4.8 0.0329632 0.200953
-2.8 -4.6 0.0613148 -0.195164
-2.8 -4.4 -0.184063 0.0912185
-2.8 -4.2 0.155135 0.135672
-2.8 -4 0.138578 -0.153229
-2.8 -3.8 -0.0746375 -0.193037
-2.8 -3.6 -0.171755 -0.115747
-2.8 -3.4 -0.178698 -0.10456
-2.8 -3.2 -0.099945 -0.181012
-2.8 -3 0.131937 -0.158685
-2.8 -2.8 0.102779 0.178461
-2.8 -2.6 -0.166069 -0.121293
-2.8 -2.4 0.0953269 0.182286
-2.8 -2.2 0.166412 -0.12314
-2.8 -2 0.0511455 -0.204531
-2.8 -1.8 0.138134 -0.170285
-2.8 -1.6 0.175046 0.160928
-2.8 -1.4 -0.24744 -0.13196
-2.8 -1.2 0.0326305 0.379435
-2.8 -1 0.548406 0.260393
-2.8 -0.8 0.938034 0.223283
-2.8 -0.6 0.957532 0.456434
-2.8 -0.4 0.929964 0.35234
-2.8 -0.2 0.916931 0.371902
-2.8 0 0.918909 0.365751
-2.8 0.2 0.916931 0.371902
-2.8 0.4 0.929964 0.35234
-2.8 0.6 0.957532 0.456434
-2.8 0.8 0.938034 0.223283
-2.8 1 0.548406 0.260393
-2.8 1.2 0.0326305 0.379435
-2.8 1.4 -0.24744 -0.13196
-2.8 1.6 0.175046 0.160928
-2.8 1.8 0.138134 -0.170285
-2.8 2 0.0511455 -0.204531
-2.8 2.2 0.166412 -0.12314
-2.8 2.4 0.0953269 0.182286
-2.8 2.6 -0.166069 -0.121293
-2.8 2.8 0.102779 0.178461
-2.8 3 0.131937 -0.158685
-2.8 3.2 -0.099945 -0.181012
-2.8 3.4 -0.178698 -0.10456
-2.8 3.6 -0.171755 -0.115747
-2.8 3.8 -0.0746375 -0.193037
-2.8 4 0.138578 -0.153229
-2.8 4.2 0.155135 0.135672
-2.8 4.4 -0.184063 0.0912185
-2.8 4.6 0.0613148 -0.195164
-2.8 4.8 0.0329632 0.200953
-2.8 5 -0.0637623 -0.192267
-2.8 5.2 0.0390045 0.197617
-2.8 5.4 0.0376307 -0.196629
-2.8 5.6 -0.144132 0.137115
-2.8 5.8 0.196985 0.0154765
-2.8 6 -0.0859654 -0.176413
-2.8 6.2 -0.135624 0.139902
-2.8 6.4 0.160498 0.10797
-2.8 6.6 0.103863 -0.161511
-2.8 6.8 -0.14626 -0.1222
-2.8 7 -0.154403 0.109265
-2.8 7.2 0.0431849 0.182696
-2.8 7.4 0.179677 0.0492647
-2.8 7.6 0.141928 -0.118486
-2.8 7.8 0.00227659 -0.183463
-2.8 8 -0.12499 -0.132414
-2.8 8.2 -0.179116 -0.0239427
-2.8 8.4 -0.160175 0.0806665
-2.8 8.6 -0.0977716 0.148729
-2.8 8.8 -0.0230362 0.175149
-2.8 9 0.0437953 0.169789
-2.8 9.2 0.0942392 0.146333
-2.8 9.4 0.127745 0.116327
-2.8 9.6 0.147556 0.0874291
-2.8 9.8 0.157862 0.0638152
-2.6 -10 0.168588 -0.0262712
-2.6 -9.8 0.16905 -0.0311724
-2.6 -9.6 0.170852 -0.0284105
-2.6 -9.4 0.17366 -0.0172719
-2.6 -9.2 0.17583 0.0030867
-2.6 -9 0.174084 0.0332033
-2.6 -8.8 0.163303 0.0723504
-2.6 -8.6 0.136869 0.116944
-2.6 -8.4 0.0883066 0.158519
-2.6 -8.2 0.0151324 0.182279
-2.6 -8 -0.0747394 0.16855
-2.6 -7.8 -0.156164 0.100805
-2.6 -7.6 -0.186584 -0.0173502
-2.6 -7.4 -0.124584 -0.142013
-2.6 -7.2 0.0259746 -0.188674
-2.6 -7 0.171143 -0.0870557
-2.6 -6.8 0.158935 0.110519
-2.6 -6.6 -0.0461859 0.189606
-2.6 -6.4 -0.196719 -0.000860649
-2.6 -6.2 -0.0168388 -0.197585
-2.6 -6 0.199829 -0.00337434
-2.6 -5.8 -0.0444644 0.196431
-2.6 -5.6 -0.161736 -0.122569
-2.6 -5.4 0.195695 -0.0590315
-2.6 -5.2 -0.109116 0.17456
-2.6 -5 0.0171272 -0.206514
-2.6 -4.8 0.0262517 0.206881
-2.6 -4.6 -0.00883426 -0.209544
-2.6 -4.4 -0.0751891 0.196982
-2.6 -4.2 0.19127 -0.0909142
-2.6 -4 -0.161039 -0.138754
-2.6 -3.8 -0.142105 0.158932
-2.6 -3.6 0.0716906 0.201193
-2.6 -3.4 0.164983 0.13587
-2.6 -3.2 0.15784 0.143988
-2.6 -3 0.0268482 0.211671
-2.6 -2.8 -0.205448 0.0560623
-2.6 -2.6 0.0821078 -0.19611
-2.6 -2.4 -0.0780059 0.197705
-2.6 -2.2 0.207283 -0.0500782
-2.6 -2 0.0477687 -0.211025
-2.6 -1.8 0.0620364 -0.214742
-2.6 -1.6 0.240529 0.0069284
-2.6 -1.4 -0.251741 0.124804
-2.6 -1.2 0.351012 0.144504
-2.6 -1 0.464214 -0.395878
-2.6 -0.8 0.598751 -0.770194
-2.6 -0.6 0.795555 -0.669475
-2.6 -0.4 0.722545 -0.718127
-2.6 -0.2 0.721111 -0.691255
-2.6 0 0.734819 -0.700844
-2.6 0.2 0.721111 -0.691255
-2.6 0.4 0.722545 -0.718127
-2.6 0.6 0.795555 -0.669475
-2.6 0.8 0.598751 -0.770194
-2.6 1 0.464214 -0.395878
-2.6 1.2 0.351012 0.144504
-2.6 1.4 -0.251741 0.124804
-2.6 1.6 0.240529 0.0069284
-2.6 1.8 0.0620364 -0.214742
-2.6 2 0.0477687 -0.211025
-2.6 2.2 0.207283 -0.0500782
-2.6 2.4 -0.0780059 0.197705
-2.6 2.6 0.0821078 -0.19611
-2.6 2.8 -0.205448 0.0560623
-2.6 3 0.0268482 0.211671
-2.6 3.2 0.15784 0.143988
-2.6 3.4 0.164983 0.13587
-2.6 3.6 0.0716906 0.201193
-2.6 3.8 -0.142105 0.158932
-2.6 4 -0.161039 -0.138754
-2.6 4.2 0.19127 -0.0909142
-2.6 4.4 -0.0751891 0.196982
-2.6 4.6 -0.00883426 -0.209544
-2.6 4.8 0.0262517 0.206881
-2.6 5 0.0171272 -0.206514
-2.6 5.2 -0.109116 0.17456
-2.6 5.4 0.195695 -0.0590315
-2.6 5.6 -0.161736 -0.122569
-2.6 5.8 -0.0444644 0.196431
-2.6 6 0.199829 -0.00337434
-2.6 6.2 -0.0168388 -0.197585
-2.6 6.4 -0.196719 -0.000860649
-2.6 6.6 -0.0461859 0.189606
-2.6 6.8 0.158935 0.110519
-2.6 7 0.171143 -0.0870557
-2.6 7.2 0.0259746 -0.188674
-2.6 7.4 -0.124584 -0.142013
-2.6 7.6 -0.186584 -0.0173502
-2.6 7.8 -0.156164 0.100805
-2.6 8 -0.0747394 0.16855
-2.6 8.2 0.0151324 0.182279
-2.6 8.4 0.0883066 0.158519
-2.6 8.6 0.136869 0.116944
-2.6 8.8 0.163303 0.0723504
-2.6 9 0.174084 0.0332033
-2.6 9.2 0.17583 0.0030867
-2.6 9.4 0.17366 -0.0172719
-2.6 9.6 0.170852 -0.0284105
-2.6 9.8 0.16905 -0.0311724
-2.4 -10 0.167401 -0.0402332
-2.4 -9.8 0.160686 -0.0654353
-2.4 -9.6 0.153713 -0.0833452
-2.4 -9.4 0.148966 -0.094176
-2.4 -9.2 0.148129 -0.0980656
-2.4 -9 0.152015 -0.0946734
-2.4 -8.8 0.160371 -0.0829354
-2.4 -8.6 0.171482 -0.0610712
-2.4 -8.4 0.181542 -0.0270397
-2.4 -8.2 0.183976 0.0202458
-2.4 -8 0.169301 0.0786023
-2.4 -7.8 0.126748 0.13919
-2.4 -7.6 0.0494365 0.183318
-2.4 -7.4 -0.0557523 0.183211
-2.4 -7.2 -0.15647 0.113282
-2.4 -7 -0.193483 -0.023138
-2.4 -6.8 -0.111222 -0.16207
-2.4 -6.6 0.070247 -0.185417
-2.4 -6.4 0.198519 -0.0244147
-2.4 -6.2 0.0920543 0.179533
-2.4 -6 -0.158181 0.128015
-2.4 -5.8 -0.136741 -0.153048
-2.4 -5.6 0.170129 -0.117862
-2.4 -5.4 0.0604912 0.199703
-2.4 -5.2 -0.205093 -0.046734
-2.4 -5 0.174715 -0.120022
-2.4 -4.8 -0.0816829 0.197308
-2.4 -4.6 0.0195826 -0.21413
-2.4 -4.4 -0.0203278 0.215469
-2.4 -4.2 0.091454 -0.197524
-2.4 -4 -0.199408 0.0900293
-2.4 -3.8 0.167418 0.142293
-2.4 -3.6 0.146084 -0.165042
-2.4 -3.4 -0.0675073 -0.210294
-2.4 -3.2 -0.153912 -0.158691
-2.4 -3 -0.122303 -0.184083
-2.4 -2.8 0.068593 -0.20978
-2.4 -2.6 0.198315 0.0959388
-2.4 -2.4 -0.219212 0.0198205
-2.4 -2.2 0.205996 0.0787117
-2.4 -2 0.0773548 -0.208809
-2.4 -1.8 -0.00247814 -0.228798
-2.4 -1.6 0.198891 -0.141904
-2.4 -1.4 -0.0536502 0.277045
-2.4 -1.2 0.290896 -0.242753
-2.4 -1 -0.172014 -0.589794
-2.4 -0.8 -0.456596 -0.877995
-2.4 -0.6 -0.274566 -0.981335
-2.4 -0.4 -0.342624 -0.965631
-2.4 -0.2 -0.337794 -0.953673
-2.4 0 -0.314427 -0.954244
-2.4 0.2 -0.337794 -0.953673
-2.4 0.4 -0.342624 -0.965631
-2.4 0.6 -0.274566 -0.981335
-2.4 0.8 -0.456596 -0.877995
-2.4 1 -0.172014 -0.589794
-2.4 1.2 0.290896 -0.242753
-2.4 1.4 -0.0536502 0.277045
-2.4 1.6 0.198891 -0.141904
-2.4 1.8 -0.00247814 -0.228798
-2.4 2 0.0773548 -0.208809
-2.4 2.2 0.205996 0.0787117
-2.4 2.4 -0.219212 0.0198205
-2.4 2.6 0.198315 0.0959388
-2.4 2.8 0.068593 -0.20978
-2.4 3 -0.122303 -0.184083
-2.4 3.2 -0.153912 -0.158691
-2.4 3.4 -0.0675073 -0.210294
-2.4 3.6 0.146084 -0.165042
-2.4 3.8 0.167418 0.142293
-2.4 4 -0.199408 0.0900293
-2.4 4.2 0.091454 -0.197524
-2.4 4.4 -0.0203278 0.215469
-2.4 4.6 0.0195826 -0.21413
-2.4 4.8 -0.0816829 0.197308
-2.4 5 0.174715 -0.120022
-2.4 5.2 -0.205093 -0.046734
-2.4 5.4 0.0604912 0.199703
-2.4 5.6 0.170129 -0.117862
-2.4 5.8 -0.136741 -0.153048
-2.4 6 -0.158181 0.128015
-2.4 6.2 0.0920543 0.179533
-2.4 6.4 0.198519 -0.0244147
-2.4 6.6 0.070247 -0.185417
-2.4 6.8 -0.111222 -0.16207
-2.4 7 -0.193483 -0.023138
-2.4 7.2 -0.15647 0.113282
-2.4 7.4 -0.0557523 0.183211
-2.4 7.6 0.0494365 0.183318
-2.4 7.8 0.126748 0.13919
-2.4 8 0.169301 0.0786023
-2.4 8.2 0.183976 0.0202458
-2.4 8.4 0.181542 -0.0270397
-2.4 8.6 0.171482 -0.0610712
-2.4 8.8 0.160371 -0.0829354
-2.4 9 0.152015 -0.0946734
-2.4 9.2 0.148129 -0.0980656
-2.4 9.4 0.148966 -0.094176
-2.4 9.6 0.153713 -0.0833452
-2.4 9.8 0.160686 -0.0654353
-2.2 -10 0.173504 0.00802234
-2.2 -9.8 0.170779 -0.0385623
-2.2 -9.6 0.158606 -0.0774248
-2.2 -9.4 0.141901 -0.107362
-2.2 -9.2 0.124949 -0.128751
-2.2 -9 0.111104 -0.142781
-2.2 -8.8 0.102795 -0.150735
-2.2 -8.6 0.10165 -0.153393
-2.2 -8.4 0.108574 -0.15055
-2.2 -8.2 0.123595 -0.140663
-2.2 -8 0.145304 -0.120719
-2.2 -7.8 0.169793 -0.086593
-2.2 -7.6 0.18921 -0.0344616
-2.2 -7.4 0.19072 0.0359667
-2.2 -7.2 0.157821 0.116009
-2.2 -7 0.0773579 0.181923
-2.2 -6.8 -0.0449692 0.194394
-2.2 -6.6 -0.164884 0.115649
-2.2 -6.4 -0.197886 -0.0465943
-2.2 -6.2 -0.0753119 -0.19089
-2.2 -6 0.136541 -0.15576
-2.2 -5.8 0.193516 0.0791595
-2.2 -5.6 -0.0448547 0.206201
-2.2 -5.4 -0.208154 -0.0449709
-2.2 -5.2 0.0838966 -0.197836
-2.2 -5 0.151275 0.15527
-2.2 -4.8 -0.216375 0.031389
-2.2 -4.6 0.148594 -0.162817
-2.2 -4.4 -0.0733607 0.209687
-2.2 -4.2 0.0550964 -0.216856
-2.2 -4 -0.110547 0.196233
-2.2 -3.8 0.208617 -0.0882433
-2.2 -3.6 -0.174371 -0.14627
-2.2 -3.4 -0.150647 0.171742
-2.2 -3.2 0.0615893 0.220582
-2.2 -3 0.136562 0.184167
-2.2 -2.8 0.0671895 0.219162
-2.2 -2.6 -0.170423 0.152879
-2.2 -2.4 -0.0603145 -0.220495
-2.2 -2.2 0.0812936 0.213805
-2.2 -2 0.143398 -0.180078
-2.2 -1.8 -0.0396757 -0.231918
-2.2 -1.6 0.09333 -0.230585
-2.2 -1.4 0.18052 0.219073
-2.2 -1.2 -0.0752121 -0.370888
-2.2 -1 -0.613672 -0.0854061
-2.2 -0.8 -1.00353 0.0484211
-2.2 -0.6 -0.987389 -0.142475
-2.2 -0.4 -1.01801 -0.10076
-2.2 -0.2 -1.00184 -0.100956
-2.2 0 -0.985921 -0.084743
-2.2 0.2 -1.00184 -0.100956
-2.2 0.4 -1.01801 -0.10076
-2.2 0.6 -0.987389 -0.142475
-2.2 0.8 -1.00353 0.0484211
-2.2 1 -0.613672 -0.0854061
-2.2 1.2 -0.0752121 -0.370888
-2.2 1.4 0.18052 0.219073
-2.2 1.6 0.09333 -0.230585
-2.2 1.8 -0.0396757 -0.231918
-2.2 2 0.143398 -0.180078
-2.2 2.2 0.0812936 0.213805
-2.2 2.4 -0.0603145 -0.220495
-2.2 2.6 -0.170423 0.152879
-2.2 2.8 0.0671895 0.219162
-2.2 3 0.136562 0.184167
-2.2 3.2 0.0615893 0.220582
-2.2 3.4 -0.150647 0.171742
-2.2 3.6 -0.174371 -0.14627
-2.2 3.8 0.208617 -0.0882433
-2.2 4 -0.110547 0.196233
-2.2 4.2 0.0550964 -0.216856
-2.2 4.4 -0.0733607 0.209687
-2.2 4.6 0.148594 -0.162817
-2.2 4.8 -0.216375 0.031389
-2.2 5 0.151275 0.15527
-2.2 5.2 0.0838966 -0.197836
-2.2 5.4 -0.208154 -0.0449709
-2.2 5.6 -0.0448547 0.206201
-2.2 5.8 0.193516 0.0791595
-2.2 6 0.136541 -0.15576
-2.2 6.2 -0.0753119 -0.19089
-2.2 6.4 -0.197886 -0.0465943
-2.2 6.6 -0.164884 0.115649
-2.2 6.8 -0.0449692 0.194394
-2.2 7 0.0773579 0.181923
-2.2 7.2 0.157821 0.116009
-2.2 7.4 0.19072 0.0359667
-2.2 7.6 0.18921 -0.0344616
-2.2 7.8 0.169793 -0.086593
-2.2 8 0.145304 -0.120719
-2.2 8.2 0.123595 -0.140663
-2.2 8.4 0.108574 -0.15055
-2.2 8.6 0.10165 -0.153393
-2.2 8.8 0.102795 -0.150735
-2.2 9 0.111104 -0.142781
-2.2 9.2 0.124949 -0.128751
-2.2 9.4 0.141901 -0.107362
-2.2 9.6 0.158606 -0.0774248
-2.2 9.8 0.170779 -0.0385623
-2 -10 0.134245 0.112558
-2 -9.8 0.16777 0.0552369
-2 -9.6 0.178023 -0.00529082
-2 -9.4 0.169109 -0.0605027
-2 -9.2 0.147284 -0.105457
-2 -9 0.119102 -0.138569
-2 -8.8 0.0902306 -0.160736
-2 -8.6 0.0649514 -0.174264
-2 -8.4 0.0462005 -0.181879
-2 -8.2 0.0359127 -0.185935
-2 -8 0.0354403 -0.187811
-2 -7.8 0.0458294 -0.187397
-2 -7.6 0.0677245 -0.1826
-2 -7.4 0.100626 -0.168929
-2 -7.2 0.141221 -0.139548
-2 -7 0.18075 -0.086735
-2 -6.8 0.202373 -0.00627355
-2 -6.6 0.181673 0.0938822
-2 -6.4 0.0965438 0.182607
-2 -6.2 -0.04749 0.203168
-2 -6 -0.18428 0.102291
-2 -5.8 -0.191041 -0.0940087
-2 -5.6 -0.00156842 -0.215079
-2 -5.4 0.206541 -0.0674092
-2 -5.2 0.0957135 0.197484
-2 -5 -0.204426 0.0856211
-2 -4.8 -0.0291838 -0.221885
-2 -4.6 0.210664 0.0816233
-2 -4.4 -0.206355 0.096936
-2 -4.2 0.132687 -0.187843
-2 -4 -0.0958107 0.211133
-2 -3.8 0.132876 -0.192097
-2 -3.6 -0.219095 0.0853255
-2 -3.4 0.18201 0.150889
-2 -3.2 0.155959 -0.179016
-2 -3 -0.0532661 -0.232066
-2 -2.8 -0.110211 -0.211421
-2 -2.6 0.011391 -0.238144
-2 -2.4 0.236981 -0.0242471
-2 -2.2 -0.164918 0.171773
-2 -2 0.224256 -0.0827581
-2 -1.8 -0.0399447 -0.239529
-2 -1.6 -0.0206591 -0.253519
-2 -1.4 0.286056 0.0139216
-2 -1.2 -0.360205 -0.114564
-2 -1 -0.332687 0.529802
-2 -0.8 -0.38325 0.944914
-2 -0.6 -0.510671 0.833098
-2 -0.4 -0.504221 0.86684
-2 -0.2 -0.484357 0.865925
-2 0 -0.489028 0.880671
-2 0.2 -0.484357 0.865925
-2 0.4 -0.504221 0.86684
-2 0.6 -0.510671 0.833098
-2 0.8 -0.38325 0.944914
-2 1 -0.332687 0.529802
-2 1.2 -0.360205 -0.114564
-2 1.4 0.286056 0.0139216
-2 1.6 -0.0206591 -0.253519
-2 1.8 -0.0399447 -0.239529
-2 2 0.224256 -0.0827581
-2 2.2 -0.164918 0.171773
-2 2.4 0.236981 -0.0242471
-2 2.6 0.011391 -0.238144
-2 2.8 -0.110211 -0.211421
-2 3 -0.0532661 -0.232066
-2 3.2 0.155959 -0.179016
-2 3.4 0.18201 0.150889
-2 3.6 -0.219095 0.0853255
-2 3.8 0.132876 -0.192097
-2 4 -0.0958107 0.211133
-2 4.2 0.132687 -0.187843
-2 4.4 -0.206355 0.096936
-2 4.6 0.210664 0.0816233
-2 4.8 -0.0291838 -0.221885
-2 5 -0.204426 0.0856211
-2 5.2 0.0957135 0.197484
-2 5.4 0.206541 -0.0674092
-2 5.6 -0.00156842 -0.215079
-2 5.8 -0.191041 -0.0940087
-2 6 -0.18428 0.102291
-2 6.2 -0.04749 0.203168
-2 6.4 0.0965438 0.182607
-2 6.6 0.181673 0.0938822
-2 6.8 0.202373 -0.00627355
-2 7 0.18075 -0.086735
-2 7.2 0.141221 -0.139548
-2 7.4 0.100626 -0.168929
-2 7.6 0.0677245 -0.1826
-2 7.8 0.0458294 -0.187397
-2 8 0.0354403 -0.187811
-2 8.2 0.0359127 -0.185935
-2 8.4 0.0462005 -0.181879
-2 8.6 0.0649514 -0.174264
-2 8.8 0.0902306 -0.160736
-2 9 0.119102 -0.138569
-2 9.2 0.147284 -0.105457
-2 9.4 0.169109 -0.0605027
-2 9.6 0.178023 -0.00529082
-2 9.8 0.16777 0.0552369
-1.8 -10 -0.0270899 0.174564
-1.8 -9.8 0.0578555 0.168493
-1.8 -9.6 0.127347 0.126759
-1.8 -9.4 0.169907 0.0631067
-1.8 -9.2 0.182702 -0.00738893
-1.8 -9 0.169713 -0.0723544
-1.8 -8.8 0.138748 -0.124134
-1.8 -8.6 0.0985671 -0.159963
-1.8 -8.4 0.0568391 -0.180937
-1.8 -8.2 0.0191662 -0.190499
-1.8 -8 -0.0109883 -0.192998
-1.8 -7.8 -0.031784 -0.192602
-1.8 -7.6 -0.0422315 -0.192571
-1.8 -7.4 -0.0414342 -0.194774
-1.8 -7.2 -0.0280677 -0.199197
-1.8 -7 -0.000365227 -0.203246
-1.8 -6.8 0.0429616 -0.200835
-1.8 -6.6 0.10025 -0.181743
-1.8 -6.4 0.16241 -0.132785
-1.8 -6.2 0.207485 -0.0437765
-1.8 -6 0.199504 0.0784431
-1.8 -5.8 0.103595 0.190374
-1.8 -5.6 -0.0702237 0.207574
-1.8 -5.4 -0.212919 0.0612781
-1.8 -5.2 -0.149764 -0.166609
-1.8 -5 0.119906 -0.192161
-1.8 -4.8 0.2044 0.103226
-1.8 -4.6 -0.128752 0.192359
-1.8 -4.4 -0.136103 -0.190246
-1.8 -4.2 0.236325 0.00139459
-1.8 -4 -0.191806 0.141996
-1.8 -3.8 0.141969 -0.194581
-1.8 -3.6 -0.158872 0.183759
-1.8 -3.4 0.231043 -0.0807654
-1.8 -3.2 -0.190458 -0.156222
-1.8 -3 -0.162186 0.187055
-1.8 -2.8 0.0416449 0.244911
-1.8 -2.6 0.0711559 0.238468
-1.8 -2.4 -0.11205 0.222268
-1.8 -2.2 -0.19542 -0.154056
-1.8 -2 0.222603 0.112397
-1.8 -1.8 0.0107368 -0.251893
-1.8 -1.6 -0.105906 -0.239169
-1.8 -1.4 0.21825 -0.191425
-1.8 -1.2 -0.279824 0.254704
-1.8 -1 0.350306 0.526087
-1.8 -0.8 0.704304 0.75784
-1.8 -0.6 0.563806 0.783777
-1.8 -0.4 0.585765 0.794046
-1.8 -0.2 0.602901 0.798186
-1.8 0 0.595023 0.797718
-1.8 0.2 0.602901 0.798186
-1.8 0.4 0.585765 0.794046
-1.8 0.6 0.563806 0.783777
-1.8 0.8 0.704304 0.75784
-1.8 1 0.350306 0.526087
-1.8 1.2 -0.279824 0.254704
-1.8 1.4 0.21825 -0.191425
-1.8 1.6 -0.105906 -0.239169
-1.8 1.8 0.0107368 -0.251893
-1.8 2 0.222603 0.112397
-1.8 2.2 -0.19542 -0.154056
-1.8 2.4 -0.11205 0.222268
-1.8 2.6 0.0711559 0.238468
-1.8 2.8 0.0416449 0.244911
-1.8 3 -0.162186 0.187055
-1.8 3.2 -0.190458 -0.156222
-1.8 3.4 0.231043 -0.0807654
-1.8 3.6 -0.158872 0.183759
-1.8 3.8 0.141969 -0.194581
-1.8 4 -0.191806 0.141996
-1.8 4.2 0.236325 0.00139459
-1.8 4.4 -0.136103 -0.190246
-1.8 4.6 -0.128752 0.192359
-1.8 4.8 0.2044 0.103226
-1.8 5 0.119906 -0.192161
-1.8 5.2 -0.149764 -0.166609
-1.8 5.4 -0.212919 0.0612781
-1.8 5.6 -0.0702237 0.207574
-1.8 5.8 0.103595 0.190374
-1.8 6 0.199504 0.0784431
-1.8 6.2 0.207485 -0.0437765
-1.8 6.4 0.16241 -0.132785
-1.8 6.6 0.10025 -0.181743
-1.8 6.8 0.0429616 -0.200835
-1.8 7 -0.000365227 -0.203246
-1.8 7.2 -0.0280677 -0.199197
-1.8 7.4 -0.0414342 -0.194774
-1.8 7.6 -0.0422315 -0.192571
-1.8 7.8 -0.031784 -0.192602
-1.8 8 -0.0109883 -0.192998
-1.8 8.2 0.0191662 -0.190499
-1.8 8.4 0.0568391 -0.180937
-1.8 8.6 0.0985671 -0.159963
-1.8 8.8 0.138748 -0.124134
-1.8 9 0.169713 -0.0723544
-1.8 9.2 0.182702 -0.00738893
-1.8 9.4 0.169907 0.0631067
-1.8 9.6 0.127347 0.126759
-1.8 9.8 0.0578555 0.168493
-1.6 -10 -0.178084 0.00156836
-1.6 -9.8 -0.149083 0.100223
-1.6 -9.6 -0.0738442 0.165499
-1.6 -9.4 0.0208419 0.181659
-1.6 -9.2 0.107386 0.150049
-1.6 -9 0.165908 0.0845808
-1.6 -8.8 0.187922 0.00451213
-1.6 -8.6 0.17548 -0.0722565
-1.6 -8.4 0.137557 -0.1334
-1.6 -8.2 0.085735 -0.173482
-1.6 -8 0.0307074 -0.193026
-1.6 -7.8 -0.0196899 -0.196462
-1.6 -7.6 -0.0609639 -0.189947
-1.6 -7.4 -0.0913918 -0.179684
-1.6 -7.2 -0.110912 -0.170915
-1.6 -7 -0.119885 -0.167477
-1.6 -6.8 -0.117985 -0.171589
-1.6 -6.6 -0.103378 -0.183448
-1.6 -6.4 -0.0724854 -0.200247
-1.6 -6.2 -0.020994 -0.214391
-1.6 -6 0.0526415 -0.21148
-1.6 -5.8 0.139767 -0.170559
-1.6 -5.6 0.211067 -0.0724106
-1.6 -5.4 0.212423 0.076656
-1.6 -5.2 0.0913969 0.209507
-1.6 -5 -0.121583 0.19684
-1.6 -4.8 -0.2326 -0.0271803
-1.6 -4.6 -0.0310433 -0.234996
-1.6 -4.4 0.236587 -0.0397135
-1.6 -4.2 -0.00938893 0.242567
-1.6 -4 -0.213678 -0.121016
-1.6 -3.8 0.239322 -0.06622
-1.6 -3.6 -0.191517 0.162163
-1.6 -3.4 0.18871 -0.169156
-1.6 -3.2 -0.24474 0.0739264
-1.6 -3 0.199859 0.162512
-1.6 -2.8 0.169596 -0.195932
-1.6 -2.6 -0.0252881 -0.258988
-1.6 -2.4 -0.0144156 -0.260413
-1.6 -2.2 0.217733 -0.144005
-1.6 -2 -0.0155253 0.260942
-1.6 -1.8 0.127811 -0.230206
-1.6 -1.6 -0.149575 -0.225681
-1.6 -1.4 0.0487922 -0.291746
-1.6 -1.2 0.0719455 0.372464
-1.6 -1 0.631304 -0.105058
-1.6 -0.8 0.998836 -0.317379
-1.6 -0.6 0.944878 -0.220952
-1.6 -0.4 0.969648 -0.227863
-1.6 -0.2 0.976558 -0.215558
-1.6 0 0.977718 -0.217741
-1.6 0.2 0.976558 -0.215558
-1.6 0.4 0.969648 -0.227863
-1.6 0.6 0.944878 -0.220952
-1.6 0.8 0.998836 -0.317379
-1.6 1 0.631304 -0.105058
-1.6 1.2 0.0719455 0.372464
-1.6 1.4 0.0487922 -0.291746
-1.6 1.6 -0.149575 -0.225681
-1.6 1.8 0.127811 -0.230206
-1.6 2 -0.0155253 0.260942
-1.6 2.2 0.217733 -0.144005
-1.6 2.4 -0.0144156 -0.260413
-1.6 2.6 -0.0252881 -0.258988
-1.6 2.8 0.169596 -0.195932
-1.6 3 0.199859 0.162512
-1.6 3.2 -0.24474 0.0739264
-1.6 3.4 0.18871 -0.169156
-1.6 3.6 -0.191517 0.162163
-1.6 3.8 0.239322 -0.06622
-1.6 4 -0.213678 -0.121016
-1.6 4.2 -0.00938893 0.242567
-1.6 4.4 0.236587 -0.0397135
-1.6 4.6 -0.0310433 -0.234996
-1.6 4.8 -0.2326 -0.0271803
-1.6 5 -0.121583 0.19684
-1.6 5.2 0.0913969 0.209507
-1.6 5.4 0.212423 0.076656
-1.6 5.6 0.211067 -0.0724106
-1.6 5.8 0.139767 -0.170559
-1.6 6 0.0526415 -0.21148
-1.6 6.2 -0.020994 -0.214391
-1.6 6.4 -0.0724854 -0.200247
-1.6 6.6 -0.103378 -0.183448
-1.6 6.8 -0.117985 -0.171589
-1.6 7 -0.119885 -0.167477
-1.6 7.2 -0.110912 -0.170915
-1.6 7.4 -0.0913918 -0.179684
-1.6 7.6 -0.0609639 -0.189947
-1.6 7.8 -0.0196899 -0.196462
-1.6 8 0.0307074 -0.193026
-1.6 8.2 0.085735 -0.173482
-1.6 8.4 0.137557 -0.1334
-1.6 8.6 0.17548 -0.0722565
-1.6 8.8 0.187922 0.00451213
-1.6 9 0.165908 0.0845808
-1.6 9.2 0.107386 0.150049
-1.6 9.4 0.0208419 0.181659
-1.6 9.6 -0.0738442 0.165499
-1.6 9.8 -0.149083 0.100223
-1.4 -10 0.0382457 -0.175369
-1.4 -9.8 -0.08034 -0.162294
-1.4 -9.6 -0.163992 -0.0806074
-1.4 -9.4 -0.181566 0.0322977
-1.4 -9.2 -0.131526 0.131722
-1.4 -9 -0.0371253 0.184215
-1.4 -8.8 0.0670066 0.177515
-1.4 -8.6 0.14925 0.120165
-1.4 -8.4 0.190557 0.033818
-1.4 -8.2 0.187088 -0.0567693
-1.4 -8 0.14714 -0.131807
-1.4 -7.8 0.0852913 -0.180496
-1.4 -7.6 0.0166254 -0.201098
-1.4 -7.4 -0.0471677 -0.19847
-1.4 -7.2 -0.0993344 -0.180784
-1.4 -7 -0.137697 -0.156727
-1.4 -6.8 -0.163213 -0.133786
-1.4 -6.6 -0.178204 -0.117625
-1.4 -6.4 -0.184688 -0.112171
-1.4 -6.2 -0.182941 -0.119878
-1.4 -6 -0.170321 -0.141507
-1.4 -5.8 -0.140554 -0.174708
-1.4 -5.6 -0.0845455 -0.210773
-1.4 -5.4 0.00479316 -0.229996
-1.4 -5.2 0.120084 -0.19976
-1.4 -5 0.219557 -0.0870377
-1.4 -4.8 0.218342 0.0980578
-1.4 -4.6 0.044276 0.238512
-1.4 -4.4 -0.202594 0.139325
-1.4 -4.2 -0.180441 -0.171878
-1.4 -4 0.180216 -0.176923
-1.4 -3.8 0.115289 0.228431
-1.4 -3.6 -0.255945 -0.0406971
-1.4 -3.4 0.23924 -0.107636
-1.4 -3.2 -0.222091 0.145231
-1.4 -3 0.260421 -0.0638283
-1.4 -2.8 -0.210444 -0.17003
-1.4 -2.6 -0.178591 0.205842
-1.4 -2.4 0.00203876 0.27393
-1.4 -2.2 -0.0653144 0.266933
-1.4 -2 -0.274616 -0.0207726
-1.4 -1.8 0.266576 -0.0744562
-1.4 -1.6 -0.143689 -0.243102
-1.4 -1.4 -0.119704 -0.278869
-1.4 -1.2 0.353059 0.144528
-1.4 -1 0.165739 -0.627874
-1.4 -0.8 0.145511 -1.04797
-1.4 -0.6 0.175733 -0.977605
-1.4 -0.4 0.200282 -0.985895
-1.4 -0.2 0.196372 -0.981242
-1.4 0 0.198287 -0.981294
-1.4 0.2 0.196372 -0.981242
-1.4 0.4 0.200282 -0.985895
-1.4 0.6 0.175733 -0.977605
-1.4 0.8 0.145511 -1.04797
-1.4 1 0.165739 -0.627874
-1.4 1.2 0.353059 0.144528
-1.4 1.4 -0.119704 -0.278869
-1.4 1.6 -0.143689 -0.243102
-1.4 1.8 0.266576 -0.0744562
-1.4 2 -0.274616 -0.0207726
-1.4 2.2 -0.0653144 0.266933
-1.4 2.4 0.00203876 0.27393
-1.4 2.6 -0.178591 0.205842
-1.4 2.8 -0.210444 -0.17003
-1.4 3 0.260421 -0.0638283
-1.4 3.2 -0.222091 0.145231
-1.4 3.4 0.23924 -0.107636
-1.4 3.6 -0.255945 -0.0406971
-1.4 3.8 0.115289 0.228431
-1.4 4 0.180216 -0.176923
-1.4 4.2 -0.180441 -0.171878
-1.4 4.4 -0.202594 0.139325
-1.4 4.6 0.044276 0.238512
-1.4 4.8 0.218342 0.0980578
-1.4 5 0.219557 -0.0870377
-1.4 5.2 0.120084 -0.19976
-1.4 5.4 0.00479316 -0.229996
-1.4 5.6 -0.0845455 -0.210773
-1.4 5.8 -0.140554 -0.174708
-1.4 6 -0.170321 -0.141507
-1.4 6.2 -0.182941 -0.119878
-1.4 6.4 -0.184688 -0.112171
-1.4 6.6 -0.178204 -0.117625
-1.4 6.8 -0.163213 -0.133786
-1.4 7 -0.137697 -0.156727
-1.4 7.2 -0.0993344 -0.180784
-1.4 7.4 -0.0471677 -0.19847
-1.4 7.6 0.0166254 -0.201098
-1.4 7.8 0.0852913 -0.180496
-1.4 8 0.14714 -0.131807
-1.4 8.2 0.187088 -0.0567693
-1.4 8.4 0.190557 0.033818
-1.4 8.6 0.14925 0.120165
-1.4 8.8 0.0670066 0.177515
-1.4 9 -0.0371253 0.184215
-1.4 9.2 -0.131526 0.131722
-1.4 9.4 -0.181566 0.0322977
-1.4 9.6 -0.163992 -0.0806074
-1.4 9.8 -0.08034 -0.162294
-1.2 -10 0.122129 0.133393
-1.2 -9.8 0.182047 0.0129535
-1.2 -9.6 0.144296 -0.114493
-1.2 -9.4 0.0325572 -0.183069
-1.2 -9.2 -0.0947679 -0.162053
-1.2 -9 -0.177638 -0.066181
-1.2 -8.8 -0.182514 0.0578242
-1.2 -8.6 -0.112939 0.156996
-1.2 -8.4 -0.00156008 0.195392
-1.2 -8.2 0.108388 0.16505
-1.2 -8 0.181473 0.0830632
-1.2 -7.8 0.200749 -0.0202267
-1.2 -7.6 0.168748 -0.114665
-1.2 -7.4 0.101364 -0.17973
-1.2 -7.2 0.0191869 -0.207857
-1.2 -7 -0.0598033 -0.202571
-1.2 -6.8 -0.12422 -0.173972
-1.2 -6.6 -0.169889 -0.134049
-1.2 -6.4 -0.198226 -0.0934064
-1.2 -6.2 -0.213726 -0.0598501
-1.2 -6 -0.221537 -0.0385073
-1.2 -5.8 -0.225495 -0.0327836
-1.2 -5.6 -0.226475 -0.0453575
-1.2 -5.4 -0.220708 -0.0782915
-1.2 -5.2 -0.1981 -0.131004
-1.2 -5 -0.142159 -0.194511
-1.2 -4.8 -0.0365403 -0.241703
-1.2 -4.6 0.112959 -0.220868
-1.2 -4.4 0.239432 -0.077973
-1.2 -4.2 0.20337 0.154876
-1.2 -4 -0.0653035 0.251172
-1.2 -3.8 -0.262222 -0.0256918
-1.2 -3.6 0.0578809 -0.261118
-1.2 -3.4 0.214257 0.166628
-1.2 -3.2 -0.27421 0.02465
-1.2 -3 0.257501 -0.107563
-1.2 -2.8 -0.278279 0.0489553
-1.2 -2.6 0.222484 0.17917
-1.2 -2.4 0.189727 -0.216992
-1.2 -2.2 0.0314495 -0.288466
-1.2 -2 0.16982 -0.236959
-1.2 -1.8 0.172443 0.236825
-1.2 -1.6 -0.0555779 -0.291933
-1.2 -1.4 -0.229316 -0.214833
-1.2 -1.2 0.327053 -0.203804
-1.2 -1 -0.513331 -0.416396
-1.2 -0.8 -0.882158 -0.588806
-1.2 -0.6 -0.828002 -0.582322
-1.2 -0.4 -0.812291 -0.57853
-1.2 -0.2 -0.814385 -0.580107
-1.2 0 -0.813924 -0.580763
-1.2 0.2 -0.814385 -0.580107
-1.2 0.4 -0.812291 -0.57853
-1.2 0.6 -0.828002 -0.582322
-1.2 0.8 -0.882158 -0.588806
-1.2 1 -0.513331 -0.416396
-1.2 1.2 0.327053 -0.203804
-1.2 1.4 -0.229316 -0.214833
-1.2 1.6 -0.0555779 -0.291933
-1.2 1.8 0.172443 0.236825
-1.2 2 0.16982 -0.236959
-1.2 2.2 0.0314495 -0.288466
-1.2 2.4 0.189727 -0.216992
-1.2 2.6 0.222484 0.17917
-1.2 2.8 -0.278279 0.0489553
-1.2 3 0.257501 -0.107563
-1.2 3.2 -0.27421 0.02465
-1.2 3.4 0.214257 0.166628
-1.2 3.6 0.0578809 -0.261118
-1.2 3.8 -0.262222 -0.0256918
-1.2 4 -0.0653035 0.251172
-1.2 4.2 0.20337 0.154876
-1.2 4.4 0.239432 -0.077973
-1.2 4.6 0.112959 -0.220868
-1.2 4.8 -0.0365403 -0.241703
-1.2 5 -0.142159 -0.194511
-1.2 5.2 -0.1981 -0.131004
-1.2 5.4 -0.220708 -0.0782915
-1.2 5.6 -0.226475 -0.0453575
-1.2 5.8 -0.225495 -0.0327836
-1.2 6 -0.221537 -0.0385073
-1.2 6.2 -0.213726 -0.0598501
-1.2 6.4 -0.198226 -0.0934064
-1.2 6.6 -0.169889 -0.134049
-1.2 6.8 -0.12422 -0.173972
-1.2 7 -0.0598033 -0.202571
-1.2 7.2 0.0191869 -0.207857
-1.2 7.4 0.101364 -0.17973
-1.2 7.6 0.168748 -0.114665
-1.2 7.8 0.200749 -0.0202267
-1.2 8 0.181473 0.0830632
-1.2 8.2 0.108388 0.16505
-1.2 8.4 -0.00156008 0.195392
-1.2 8.6 -0.112939 0.156996
-1.2 8.8 -0.182514 0.0578242
-1.2 9 -0.177638 -0.066181
-1.2 9.2 -0.0947679 -0.162053
-1.2 9.4 0.0325572 -0.183069
-1.2 9.6 0.144296 -0.114493
-1.2 9.8 0.182047 0.0129535
-1 -10 -0.175627 -0.0484258
-1 -9.8 -0.155222 0.0985792
-1 -9.6 -0.033885 0.182506
-1 -9.4 0.109429 0.152155
-1 -9.2 0.18698 0.0293187
-1 -9 0.155594 -0.111058
-1 -8.8 0.0370244 -0.189536
-1 -8.6 -0.101387 -0.166726
-1 -8.4 -0.188092 -0.0592649
-1 -8.2 -0.184196 0.0762319
-1 -8 -0.0973329 0.176496
-1 -7.8 0.0295367 0.201682
-1 -7.6 0.143202 0.148344
-1 -7.4 0.204035 0.043481
-1 -7.2 0.198232 -0.0726613
-1 -7 0.136488 -0.164471
-1 -6.8 0.043748 -0.21195
-1 -6.6 -0.0530588 -0.212685
-1 -6.4 -0.133961 -0.17714
-1 -6.2 -0.189528 -0.121414
-1 -6 -0.21988 -0.0610047
-1 -5.8 -0.231289 -0.00733293
-1 -5.6 -0.232431 0.0328878
-1 -5.4 -0.231463 0.05631
-1 -5.2 -0.234061 0.0607445
-1 -5 -0.241745 0.0430931
-1 -4.8 -0.249435 -0.00138355
-1 -4.6 -0.241724 -0.0762532
-1 -4.4 -0.190304 -0.173676
-1 -4.2 -0.0632118 -0.254225
-1 -4 0.132274 -0.23128
-1 -3.8 0.270057 -0.0229741
-1 -3.6 0.12069 0.247937
-1 -3.4 -0.239972 0.145351
-1 -3.2 -0.0870505 -0.271815
-1 -3 0.276185 0.089273
-1 -2.8 -0.290721 0.0499962
-1 -2.6 0.298272 -0.0269413
-1 -2.4 -0.236347 -0.190536
-1 -2.2 -0.203892 0.229632
-1 -2 -0.08049 0.299224
-1 -1.8 -0.282861 0.132027
-1 -1.6 0.167181 -0.267925
-1 -1.4 -0.277483 -0.177068
-1 -1.2 0.0534322 -0.388358
-1 -1 -0.603999 0.303181
-1 -0.8 -0.905317 0.529962
-1 -0.6 -0.864704 0.500661
-1 -0.4 -0.862167 0.505836
-1 -0.2 -0.862335 0.506346
-1 0 -0.862324 0.506375
-1 0.2 -0.862335 0.506346
-1 0.4 -0.862167 0.505836
-1 0.6 -0.864704 0.500661
-1 0.8 -0.905317 0.529962
-1 1 -0.603999 0.303181
-1 1.2 0.0534322 -0.388358
-1 1.4 -0.277483 -0.177068
-1 1.6 0.167181 -0.267925
-1 1.8 -0.282861 0.132027
-1 2 -0.08049 0.299224
-1 2.2 -0.203892 0.229632
-1 2.4 -0.236347 -0.190536
-1 2.6 0.298272 -0.0269413
-1 2.8 -0.290721 0.0499962
-1 3 0.276185 0.089273
-1 3.2 -0.0870505 -0.271815
-1 3.4 -0.239972 0.145351
-1 3.6 0.12069 0.247937
-1 3.8 0.270057 -0.0229741
-1 4 0.132274 -0.23128
-1 4.2 -0.0632118 -0.254225
-1 4.4 -0.190304 -0.173676
-1 4.6 -0.241724 -0.0762532
-1 4.8 -0.249435 -0.00138355
-1 5 -0.241745 0.0430931
-1 5.2 -0.234061 0.0607445
-1 5.4 -0.231463 0.05631
-1 5.6 -0.232431 0.0328878
-1 5.8 -0.231289 -0.00733293
-1 6 -0.21988 -0.0610047
-1 6.2 -0.189528 -0.121414
-1 6.4 -0.133961 -0.17714
-1 6.6 -0.0530588 -0.212685
-1 6.8 0.043748 -0.21195
-1 7 0.136488 -0.164471
-1 7.2 0.198232 -0.0726613
-1 7.4 0.204035 0.043481
-1 7.6 0.143202 0.148344
-1 7.8 0.0295367 0.201682
-1 8 -0.0973329 0.176496
-1 8.2 -0.184196 0.0762319
-1 8.4 -0.188092 -0.0592649
-1 8.6 -0.101387 -0.166726
-1 8.8 0.0370244 -0.189536
-1 9 0.155594 -0.111058
-1 9.2 0.18698 0.0293187
-1 9.4 0.109429 0.152155
-1 9.6 -0.033885 0.182506
-1 9.8 -0.155222 0.0985792
-0.8 -10 0.182387 0.0198474
-0.8 -9.8 0.129688 -0.132226
-0.8 -9.6 -0.0218662 -0.185722
-0.8 -9.4 -0.158793 -0.102222
-0.8 -9.2 -0.182365 0.0559416
-0.8 -9 -0.0779442 0.176245
-0.8 -8.8 0.0805793 0.177275
-0.8 -8.6 0.187072 0.06114
-0.8 -8.4 0.174925 -0.0947902
-0.8 -8.2 0.0553479 -0.19341
-0.8 -8 -0.0972692 -0.178706
-0.8 -7.8 -0.195707 -0.0637542
-0.8 -7.6 -0.190079 0.0851446
-0.8 -7.4 -0.0891674 0.191025
-0.8 -7.2 0.0530301 0.206742
-0.8 -7 0.170864 0.132396
-0.8 -6.8 0.218888 0.00624998
-0.8 -6.6 0.186878 -0.119661
-0.8 -6.4 0.0955925 -0.203626
-0.8 -6.2 -0.0191722 -0.227304
-0.8 -6 -0.123676 -0.195578
-0.8 -5.8 -0.197047 -0.127733
-0.8 -5.6 -0.233803 -0.0465588
-0.8 -5.4 -0.240293 0.0296344
-0.8 -5.2 -0.228841 0.0902513
-0.8 -5 -0.212631 0.131573
-0.8 -4.8 -0.202652 0.153591
-0.8 -4.6 -0.206307 0.15609
-0.8 -4.4 -0.226083 0.135001
-0.8 -4.2 -0.255814 0.080397
-0.8 -4 -0.27247 -0.0198486
-0.8 -3.8 -0.227212 -0.16097
-0.8 -3.6 -0.060914 -0.277321
-0.8 -3.4 0.197662 -0.211679
-0.8 -3.2 0.269807 0.120508
-0.8 -3 -0.121717 0.275868
-0.8 -2.8 -0.212857 -0.222127
-0.8 -2.6 0.311799 0.0350651
-0.8 -2.4 -0.319666 -0.00602393
-0.8 -2.2 0.252529 0.205075
-0.8 -2 0.222555 -0.244038
-0.8 -1.8 0.153255 -0.297367
-0.8 -1.6 0.325194 0.0957243
-0.8 -1.4 -0.262911 -0.230724
-0.8 -1.2 -0.237313 -0.325983
-0.8 -1 0.0280048 0.695145
-0.8 -0.8 0.0909739 1.01249
-0.8 -0.6 0.110393 0.993882
-0.8 0.6 0.110393 0.993882
-0.8 0.8 0.0909739 1.01249
-0.8 1 0.0280048 0.695145
-0.8 1.2 -0.237313 -0.325983
-0.8 1.4 -0.262911 -0.230724
-0.8 1.6 0.325194 0.0957243
-0.8 1.8 0.153255 -0.297367
-0.8 2 0.222555 -0.244038
-0.8 2.2 0.252529 0.205075
-0.8 2.4 -0.319666 -0.00602393
-0.8 2.6 0.311799 0.0350651
-0.8 2.8 -0.212857 -0.222127
-0.8 3 -0.121717 0.275868
-0.8 3.2 0.269807 0.120508
-0.8 3.4 0.197662 -0.211679
-0.8 3.6 -0.060914 -0.277321
-0.8 3.8 -0.227212 -0.16097
-0.8 4 -0.27247 -0.0198486
-0.8 4.2 -0.255814 0.080397
-0.8 4.4 -0.226083 0.135001
-0.8 4.6 -0.206307 0.15609
-0.8 4.8 -0.202652 0.153591
-0.8 5 -0.212631 0.131573
-0.8 5.2 -0.228841 0.0902513
-0.8 5.4 -0.240293 0.0296344
-0.8 5.6 -0.233803 -0.0465588
-0.8 5.8 -0.197047 -0.127733
-0.8 6 -0.123676 -0.195578
-0.8 6.2 -0.0191722 -0.227304
-0.8 6.4 0.0955925 -0.203626
-0.8 6.6 0.186878 -0.119661
-0.8 6.8 0.218888 0.00624998
-0.8 7 0.170864 0.132396
-0.8 7.2 0.0530301 0.206742
-0.8 7.4 -0.0891674 0.191025
-0.8 7.6 -0.190079 0.0851446
-0.8 7.8 -0.195707 -0.0637542
-0.8 8 -0.0972692 -0.178706
-0.8 8.2 0.0553479 -0.19341
-0.8 8.4 0.174925 -0.0947902
-0.8 8.6 0.187072 0.06114
-0.8 8.8 0.0805793 0.177275
-0.8 9 -0.0779442 0.176245
-0.8 9.2 -0.182365 0.0559416
-0.8 9.4 -0.158793 -0.102222
-0.8 9.6 -0.0218662 -0.185722
-0.8 9.8 0.129688 -0.132226
-0.6 -10 -0.173436 -0.0635235
-0.6 -9.8 -0.152542 0.107287
-0.6 -9.6 -0.000341198 0.188334
-0.6 -9.4 0.154258 0.111322
-0.6 -9.2 0.182832 -0.0592245
-0.6 -9 0.0627263 -0.183791
-0.6 -8.8 -0.10909 -0.16317
-0.6 -8.6 -0.197874 -0.0147572
-0.6 -8.4 -0.136793 0.146778
-0.6 -8.2 0.0266953 0.201165
-0.6 -8 0.172769 0.110896
-0.6 -7.8 0.19951 -0.0579254
-0.6 -7.6 0.0917064 -0.189238
-0.6 -7.4 -0.0766193 -0.198657
-0.6 -7.2 -0.198422 -0.0844653
-0.6 -7 -0.203146 0.0804251
-0.6 -6.8 -0.0937455 0.200611
-0.6 -6.6 0.0651983 0.214823
-0.6 -6.4 0.191493 0.12318
-0.6 -6.2 0.229795 -0.0237164
-0.6 -6 0.172504 -0.158825
-0.6 -5.8 0.0524514 -0.232258
-0.6 -5.6 -0.0810333 -0.227917
-0.6 -5.4 -0.186277 -0.160455
-0.6 -5.2 -0.242602 -0.060396
-0.6 -5 -0.250879 0.0419355
-0.6 -4.8 -0.225945 0.126468
-0.6 -4.6 -0.187284 0.185691
-0.6 -4.4 -0.152471 0.221363
-0.6 -4.2 -0.134673 0.238751
-0.6 -4 -0.142896 0.240473
-0.6 -3.8 -0.181695 0.220403
-0.6 -3.6 -0.245003 0.158643
-0.6 -3.4 -0.297354 0.0256604
-0.6 -3.2 -0.248569 -0.17741
-0.6 -3 0.00557871 -0.312612
-0.6 -2.8 0.309278 -0.0831888
-0.6 -2.6 0.0474057 0.324727
-0.6 -2.4 -0.29918 -0.153517
-0.6 -2.2 0.339805 0.0561563
-0.6 -2 -0.271712 -0.224355
-0.6 -1.8 -0.248328 0.260446
-0.6 -1.6 -0.260092 0.259041
-0.6 -1.4 -0.0691039 -0.371385
-0.6 -1.2 -0.393883 -0.151171
-0.6 -1 0.671125 0.272724
-0.6 -0.8 0.952407 0.304816
-0.6 0.8 0.952407 0.304816
-0.6 1 0.671125 0.272724
-0.6 1.2 -0.393883 -0.151171
-0.6 1.4 -0.0691039 -0.371385
-0.6 1.6 -0.260092 0.259041
-0.6 1.8 -0.248328 0.260446
-0.6 2 -0.271712 -0.224355
-0.6 2.2 0.339805 0.0561563
-0.6 2.4 -0.29918 -0.153517
-0.6 2.6 0.0474057 0.324727
-0.6 2.8 0.309278 -0.0831888
-0.6 3 0.00557871 -0.312612
-0.6 3.2 -0.248569 -0.17741
-0.6 3.4 -0.297354 0.0256604
-0.6 3.6 -0.245003 0.158643
-0.6 3.8 -0.181695 0.220403
-0.6 4 -0.142896 0.240473
-0.6 4.2 -0.134673 0.238751
-0.6 4.4 -0.152471 0.221363
-0.6 4.6 -0.187284 0.185691
-0.6 4.8 -0.225945 0.126468
-0.6 5 -0.250879 0.0419355
-0.6 5.2 -0.242602 -0.060396
-0.6 5.4 -0.186277 -0.160455
-0.6 5.6 -0.0810333 -0.227917
-0.6 5.8 0.0524514 -0.232258
-0.6 6 0.172504 -0.158825
-0.6 6.2 0.229795 -0.0237164
-0.6 6.4 0.191493 0.12318
-0.6 6.6 0.0651983 0.214823
-0.6 6.8 -0.0937455 0.200611
-0.6 7 -0.203146 0.0804251
-0.6 7.2 -0.198422 -0.0844653
-0.6 7.4 -0.0766193 -0.198657
-0.6 7.6 0.0917064 -0.189238
-0.6 7.8 0.19951 -0.0579254
-0.6 8 0.172769 0.110896
-0.6 8.2 0.0266953 0.201165
-0.6 8.4 -0.136793 0.146778
-0.6 8.6 -0.197874 -0.0147572
-0.6 8.8 -0.10909 -0.16317
-0.6 9 0.0627263 -0.183791
-0.6 9.2 0.182832 -0.0592245
-0.6 9.4 0.154258 0.111322
-0.6 9.6 -0.000341198 0.188334
-0.6 9.8 -0.152542 0.107287
-0.4 -10 0.100391 0.156456
-0.4 -9.8 0.187703 -0.00301089
-0.4 -9.6 0.0981678 -0.162223
-0.4 -9.4 -0.0850782 -0.171627
-0.4 -9.2 -0.192333 -0.0217793
-0.4 -9 -0.124942 0.150535
-0.4 -8.8 0.0566473 0.189479
-0.4 -8.6 0.190736 0.0600691
-0.4 -8.4 0.159602 -0.124231
-0.4 -8.2 -0.00977938 -0.204378
-0.4 -8 -0.173663 -0.112752
-0.4 -7.8 -0.196121 0.0739135
-0.4 -7.6 -0.0598423 0.2036
-0.4 -7.4 0.125915 0.174195
-0.4 -7.2 0.217529 0.0102311
-0.4 -7 0.148006 -0.163734
-0.4 -6.8 -0.0293044 -0.221852
-0.4 -6.6 -0.188448 -0.126506
-0.4 -6.4 -0.223855 0.0541214
-0.4 -6.2 -0.117579 0.202064
-0.4 -6 0.0599902 0.229718
-0.4 -5.8 0.204425 0.128073
-0.4 -5.6 0.241844 -0.0405703
-0.4 -5.4 0.162952 -0.188824
-0.4 -5.2 0.0143861 -0.253414
-0.4 -5 -0.136521 -0.219463
-0.4 -4.8 -0.237278 -0.114257
-0.4 -4.6 -0.267998 0.0167788
-0.4 -4.4 -0.238899 0.13416
-0.4 -4.2 -0.176266 0.217285
-0.4 -4 -0.107935 0.264793
-0.4 -3.8 -0.0551563 0.287249
-0.4 -3.6 -0.0319492 0.297768
-0.4 -3.4 -0.0490135 0.302989
-0.4 -3.2 -0.116157 0.292687
-0.4 -3 -0.230808 0.226553
-0.4 -2.8 -0.330413 0.0375685
-0.4 -2.6 -0.223948 -0.258879
-0.4 -2.4 0.213456 -0.280788
-0.4 -2.2 0.210844 0.296407
-0.4 -2 -0.350793 -0.133472
-0.4 -1.8 0.294774 0.251197
-0.4 -1.6 0.286396 -0.278657
-0.4 -1.4 0.397256 -0.116963
-0.4 -1.2 -0.447575 -0.0664814
-0.4 -1 0.561059 -0.529866
-0.4 1 0.561059 -0.529866
-0.4 1.2 -0.447575 -0.0664814
-0.4 1.4 0.397256 -0.116963
-0.4 1.6 0.286396 -0.278657
-0.4 1.8 0.294774 0.251197
-0.4 2 -0.350793 -0.133472
-0.4 2.2 0.210844 0.296407
-0.4 2.4 0.213456 -0.280788
-0.4 2.6 -0.223948 -0.258879
-0.4 2.8 -0.330413 0.0375685
-0.4 3 -0.230808 0.226553
-0.4 3.2 -0.116157 0.292687
-0.4 3.4 -0.0490135 0.302989
-0.4 3.6 -0.0319492 0.297768
-0.4 3.8 -0.0551563 0.287249
-0.4 4 -0.107935 0.264793
-0.4 4.2 -0.176266 0.217285
-0.4 4.4 -0.238899 0.13416
-0.4 4.6 -0.267998 0.0167788
-0.4 4.8 -0.237278 -0.114257
-0.4 5 -0.136521 -0.219463
-0.4 5.2 0.0143861 -0.253414
-0.4 5.4 0.162952 -0.188824
-0.4 5.6 0.241844 -0.0405703
-0.4 5.8 0.204425 0.128073
-0.4 6 0.0599902 0.229718
-0.4 6.2 -0.117579 0.202064
-0.4 6.4 -0.223855 0.0541214
-0.4 6.6 -0.188448 -0.126506
-0.4 6.8 -0.0293044 -0.221852
-0.4 7 0.148006 -0.163734
-0.4 7.2 0.217529 0.0102311
-0.4 7.4 0.125915 0.174195
-0.4 7.6 -0.0598423 0.2036
-0.4 7.8 -0.196121 0.0739135
-0.4 8 -0.173663 -0.112752
-0.4 8.2 -0.00977938 -0.204378
-0.4 8.4 0.159602 -0.124231
-0.4 8.6 0.190736 0.0600691
-0.4 8.8 0.0566473 0.189479
-0.4 9 -0.124942 0.150535
-0.4 9.2 -0.192333 -0.0217793
-0.4 9.4 -0.0850782 -0.171627
-0.4 9.6 0.0981678 -0.162223
-0.4 9.8 0.187703 -0.00301089
-0.2 -10 0.0876798 -0.165215
-0.2 -9.8 -0.102311 -0.158808
-0.2 -9.6 -0.190521 0.0110338
-0.2 -9.4 -0.08574 0.172718
-0.2 -9.2 0.107931 0.162263
-0.2 -9 0.196654 -0.0116458
-0.2 -8.8 0.0908724 -0.177251
-0.2 -8.6 -0.10679 -0.170817
-0.2 -8.4 -0.203771 0.00296117
-0.2 -8.2 -0.105309 0.177301
-0.2 -8 0.0959327 0.185379
-0.2 -7.8 0.210536 0.0183805
-0.2 -7.6 0.131176 -0.169137
-0.2 -7.4 -0.0702584 -0.205158
-0.2 -7.2 -0.212358 -0.0566351
-0.2 -7 -0.169074 0.14514
-0.2 -6.8 0.0219822 0.22493
-0.2 -6.6 0.198228 0.115287
-0.2 -6.4 0.213819 -0.0920161
-0.2 -6.2 0.0575845 -0.22928
-0.2 -6 -0.146488 -0.190357
-0.2 -5.8 -0.24406 -0.00760024
-0.2 -5.6 -0.167176 0.183675
-0.2 -5.4 0.0258554 0.251442
-0.2 -5.2 0.204471 0.156374
-0.2 -5 0.259972 -0.0350063
-0.2 -4.8 0.168781 -0.207545
-0.2 -4.6 -0.00936898 -0.272857
-0.2 -4.4 -0.181531 -0.2117
-0.2 -4.2 -0.277168 -0.0668367
-0.2 -4 -0.275889 0.0949754
-0.2 -3.8 -0.201142 0.221124
-0.2 -3.6 -0.0953542 0.291392
-0.2 -3.4 0.00343012 0.314853
-0.2 -3.2 0.0718159 0.315759
-0.2 -3 0.0974249 0.318996
-0.2 -2.8 0.0668403 0.33758
-0.2 -2.6 -0.0442571 0.352957
-0.2 -2.4 -0.24493 0.275252
-0.2 -2.2 -0.379222 -0.0498234
-0.2 -2 0.0151047 -0.397718
-0.2 -1.8 0.329965 0.252096
-0.2 -1.6 -0.322623 -0.291182
-0.2 -1.4 -0.348755 0.296339
-0.2 -1.2 -0.400313 -0.298107
-0.2 -1 -0.289969 -0.822324
-0.2 1 -0.289969 -0.822324
-0.2 1.2 -0.400313 -0.298107
-0.2 1.4 -0.348755 0.296339
-0.2 1.6 -0.322623 -0.291182
-0.2 1.8 0.329965 0.252096
-0.2 2 0.0151047 -0.397718
-0.2 2.2 -0.379222 -0.0498234
-0.2 2.4 -0.24493 0.275252
-0.2 2.6 -0.0442571 0.352957
-0.2 2.8 0.0668403 0.33758
-0.2 3 0.0974249 0.318996
-0.2 3.2 0.0718159 0.315759
-0.2 3.4 0.00343012 0.314853
-0.2 3.6 -0.0953542 0.291392
-0.2 3.8 -0.201142 0.221124
-0.2 4 -0.275889 0.0949754
-0.2 4.2 -0.277168 -0.0668367
-0.2 4.4 -0.181531 -0.2117
-0.2 4.6 -0.00936898 -0.272857
-0.2 4.8 0.168781 -0.207545
-0.2 5 0.259972 -0.0350063
-0.2 5.2 0.204471 0.156374
-0.2 5.4 0.0258554 0.251442
-0.2 5.6 -0.167176 0.183675
-0.2 5.8 -0.24406 -0.00760024
-0.2 6 -0.146488 -0.190357
-0.2 6.2 0.0575845 -0.22928
-0.2 6.4 0.213819 -0.0920161
-0.2 6.6 0.198228 0.115287
-0.2 6.8 0.0219822 0.22493
-0.2 7 -0.169074 0.14514
-0.2 7.2 -0.212358 -0.0566351
-0.2 7.4 -0.0702584 -0.205158
-0.2 7.6 0.131176 -0.169137
-0.2 7.8 0.210536 0.0183805
-0.2 8 0.0959327 0.185379
-0.2 8.2 -0.105309 0.177301
-0.2 8.4 -0.203771 0.00296117
-0.2 8.6 -0.10679 -0.170817
-0.2 8.8 0.0908724 -0.177251
-0.2 9 0.196654 -0.0116458
-0.2 9.2 0.107931 0.162263
-0.2 9.4 -0.08574 0.172718
-0.2 9.6 -0.190521 0.0110338
-0.2 9.8 -0.102311 -0.158808
0 -10 -0.17423 -0.0709773
0 -9.8 -0.144283 0.123686
0 -9.6 0.04397 0.186907
0 -9.4 0.188049 0.0478407
0 -9.2 0.131088 -0.145894
0 -9 -0.0685617 -0.186071
0 -8.8 -0.198692 -0.0271561
0 -8.6 -0.119187 0.164149
0 -8.4 0.0887256 0.185086
0 -8.2 0.207452 0.0109212
0 -8 0.111066 -0.178599
0 -7.8 -0.103273 -0.186281
0 -7.6 -0.215768 -0.00148394
0 -7.4 -0.109642 0.189192
0 -7.2 0.110433 0.192212
0 -7 0.224808 0.0019876
0 -6.8 0.118442 -0.194932
0 -6.6 -0.106945 -0.205337
0 -6.4 -0.23448 -0.0170743
0 -6.2 -0.14161 0.192349
0 -6 0.0864872 0.226868
0 -5.8 0.241043 0.0536207
0 -5.6 0.182772 -0.172464
0 -5.4 -0.037475 -0.253135
0 -5.2 -0.231521 -0.11996
0 -5 -0.23942 0.115678
0 -4.8 -0.0572569 0.265256
0 -4.6 0.172705 0.216798
0 -4.4 0.283167 0.0110755
0 -4.2 0.204215 -0.205934
0 -4 -0.00360366 -0.297127
0 -3.8 -0.210871 -0.220119
0 -3.6 -0.311429 -0.0325863
0 -3.4 -0.276409 0.165461
0 -3.2 -0.147141 0.297602
0 -3 0.00868377 0.342681
0 -2.8 0.138288 0.32665
0 -2.6 0.2188 0.295863
0 -2.4 0.244595 0.294529
0 -2.2 0.195087 0.348851
0 -2 -0.000746457 0.419019
0 -1.8 -0.367354 0.245032
0 -1.6 -0.21322 -0.417329
0 -1.4 0.354687 0.356862
0 -1.2 0.471467 -0.298834
0 -1 -0.999992 8.10693e-15
0 1 -0.999992 8.10693e-15
0 1.2 0.471467 -0.298834
0 1.4 0.354687 0.356862
0 1.6 -0.21322 -0.417329
0 1.8 -0.367354 0.245032
0 2 -0.000746457 0.419019
0 2.2 0.195087 0.348851
0 2.4 0.244595 0.294529
0 2.6 0.2188 0.295863
0 2.8 0.138288 0.32665
0 3 0.00868377 0.342681
0 3.2 -0.147141 0.297602
0 3.4 -0.276409 0.165461
0 3.6 -0.311429 -0.0325863
0 3.8 -0.210871 -0.220119
0 4 -0.00360366 -0.297127
0 4.2 0.204215 -0.205934
0 4.4 0.283167 0.0110755
0 4.6 0.172705 0.216798
0 4.8 -0.0572569 0.265256
0 5 -0.23942 0.115678
0 5.2 -0.231521 -0.11996
0 5.4 -0.037475 -0.253135
0 5.6 0.182772 -0.172464
0 5.8 0.241043 0.0536207
0 6 0.0864872 0.226868
0 6.2 -0.14161 0.192349
0 6.4 -0.23448 -0.0170743
0 6.6 -0.106945 -0.205337
0 6.8 0.118442 -0.194932
0 7 0.224808 0.0019876
0 7.2 0.110433 0.192212
0 7.4 -0.109642 0.189192
0 7.6 -0.215768 -0.00148394
0 7.8 -0.103273 -0.186281
0 8 0.111066 -0.178599
0 8.2 0.207452 0.0109212
0 8.4 0.0887256 0.185086
0 8.6 -0.119187 0.164149
0 8.8 -0.198692 -0.0271561
0 9 -0.0685617 -0.186071
0 9.2 0.131088 -0.145894
0 9.4 0.188049 0.0478407
0 9.6 0.04397 0.186907
0 9.8 -0.144283 0.123686
0.2 -10 -0.121696 0.144835
0.2 -9.8 0.0785189 0.174243
0.2 -9.6 0.193054 0.00511121
0.2 -9.4 0.0897226 -0.173347
0.2 -9.2 -0.117943 -0.158201
0.2 -9 -0.196072 0.0370168
0.2 -8.8 -0.0536444 0.19456
0.2 -8.6 0.152645 0.135614
0.2 -8.4 0.191491 -0.0776469
0.2 -8.2 0.0158704 -0.208573
0.2 -8 -0.181755 -0.108764
0.2 -7.8 -0.181102 0.115042
0.2 -7.6 0.0212286 0.216361
0.2 -7.4 0.20521 0.0803106
0.2 -7.2 0.167409 -0.148009
0.2 -7 -0.0554123 -0.219803
0.2 -6.8 -0.223801 -0.0532483
0.2 -6.6 -0.15366 0.175911
0.2 -6.4 0.0845056 0.221704
0.2 -6.2 0.239126 0.0310601
0.2 -6 0.144001 -0.198466
0.2 -5.8 -0.106005 -0.225846
0.2 -5.6 -0.253346 -0.0182334
0.2 -5.4 -0.143911 0.215065
0.2 -5.2 0.11597 0.236968
0.2 -5 0.268325 0.0214986
0.2 -4.8 0.160923 -0.22286
0.2 -4.6 -0.106335 -0.260072
0.2 -4.4 -0.282692 -0.0522469
0.2 -4.2 -0.204858 0.211526
0.2 -4 0.0589395 0.296184
0.2 -3.8 0.281882 0.129323
0.2 -3.6 0.281669 -0.149691
0.2 -3.4 0.0634883 -0.322438
0.2 -3.2 -0.206968 -0.268779
0.2 -3 -0.348835 -0.0384798
0.2 -2.8 -0.292504 0.216655
0.2 -2.6 -0.0969559 0.366049
0.2 -2.4 0.124503 0.375223
0.2 -2.2 0.28936 0.296833
0.2 -2 0.378974 0.21766
0.2 -1.8 0.407842 0.221361
0.2 -1.6 0.325362 0.376585
0.2 -1.4 -0.151983 0.52062
0.2 -1.2 -0.377918 -0.481414
0.2 -1 -0.861455 0.150555
0.2 1 -0.861455 0.150555
0.2 1.2 -0.377918 -0.481414
0.2 1.4 -0.151983 0.52062
0.2 1.6 0.325362 0.376585
0.2 1.8 0.407842 0.221361
0.2 2 0.378974 0.21766
0.2 2.2 0.28936 0.296833
0.2 2.4 0.124503 0.375223
0.2 2.6 -0.0969559 0.366049
0.2 2.8 -0.292504 0.216655
0.2 3 -0.348835 -0.0384798
0.2 3.2 -0.206968 -0.268779
0.2 3.4 0.0634883 -0.322438
0.2 3.6 0.281669 -0.149691
0.2 3.8 0.281882 0.129323
0.2 4 0.0589395 0.296184
0.2 4.2 -0.204858 0.211526
0.2 4.4 -0.282692 -0.0522469
0.2 4.6 -0.106335 -0.260072
0.2 4.8 0.160923 -0.22286
0.2 5 0.268325 0.0214986
0.2 5.2 0.11597 0.236968
0.2 5.4 -0.143911 0.215065
0.2 5.6 -0.253346 -0.0182334
0.2 5.8 -0.106005 -0.225846
0.2 6 0.144001 -0.198466
0.2 6.2 0.239126 0.0310601
0.2 6.4 0.0845056 0.221704
0.2 6.6 -0.15366 0.175911
0.2 6.8 -0.223801 -0.0532483
0.2 7 -0.0554123 -0.219803
0.2 7.2 0.167409 -0.148009
0.2 7.4 0.20521 0.0803106
0.2 7.6 0.0212286 0.216361
0.2 7.8 -0.181102 0.115042
0.2 8 -0.181755 -0.108764
0.2 8.2 0.0158704 -0.208573
0.2 8.4 0.191491 -0.0776469
0.2 8.6 0.152645 0.135614
0.2 8.8 -0.0536444 0.19456
0.2 9 -0.196072 0.0370168
0.2 9.2 -0.117943 -0.158201
0.2 9.4 0.0897226 -0.173347
0.2 9.6 0.193054 0.00511121
0.2 9.8 0.0785189 0.174243
0.4 -10 0.0276495 0.188141
0.4 -9.8 0.184396 0.0539855
0.4 -9.6 0.127448 -0.146494
0.4 -9.4 -0.0805997 -0.178966
0.4 -9.2 -0.198444 -0.00178817
0.4 -9 -0.0857992 0.181436
0.4 -8.8 0.130135 0.155835
0.4 -8.6 0.198433 -0.053179
0.4 -8.4 0.0357447 -0.204837
0.4 -8.2 -0.172784 -0.120273
0.4 -8 -0.184329 0.107157
0.4 -7.8 0.0193319 0.215143
0.4 -7.6 0.205776 0.0747108
0.4 -7.4 0.157217 -0.156667
0.4 -7.2 -0.0758514 -0.211946
0.4 -7 -0.227325 -0.0222281
0.4 -6.8 -0.11919 0.198878
0.4 -6.6 0.130423 0.196051
0.4 -6.4 0.236862 -0.0337659
0.4 -6.2 0.073166 -0.231967
0.4 -6 -0.180255 -0.169474
0.4 -5.8 -0.235225 0.0898996
0.4 -5.6 -0.0226576 0.255467
0.4 -5.4 0.223573 0.135422
0.4 -5.2 0.224876 -0.143209
0.4 -5 -0.0284125 -0.27066
0.4 -4.8 -0.260063 -0.0983894
0.4 -4.6 -0.210283 0.191423
0.4 -4.4 0.0756463 0.281127
0.4 -4.2 0.291303 0.064699
0.4 -4 0.198863 -0.232909
0.4 -3.8 -0.113239 -0.293699
0.4 -3.6 -0.320994 -0.0444185
0.4 -3.4 -0.203406 0.265192
0.4 -3.2 0.130042 0.320005
0.4 -3 0.353202 0.0575033
0.4 -2.8 0.247883 -0.277065
0.4 -2.6 -0.0942107 -0.375866
0.4 -2.4 -0.375838 -0.152179
0.4 -2.2 -0.372303 0.207763
0.4 -2 -0.103982 0.438883
0.4 -1.8 0.232092 0.421258
0.4 -1.6 0.461795 0.235967
0.4 -1.4 0.565269 0.0622971
0.4 -1.2 0.633239 0.113024
0.4 -1 0.261438 0.753271
0.4 1 0.261438 0.753271
0.4 1.2 0.633239 0.113024
0.4 1.4 0.565269 0.0622971
0.4 1.6 0.461795 0.235967
0.4 1.8 0.232092 0.421258
0.4 2 -0.103982 0.438883
0.4 2.2 -0.372303 0.207763
0.4 2.4 -0.375838 -0.152179
0.4 2.6 -0.0942107 -0.375866
0.4 2.8 0.247883 -0.277065
0.4 3 0.353202 0.0575033
0.4 3.2 0.130042 0.320005
0.4 3.4 -0.203406 0.265192
0.4 3.6 -0.320994 -0.0444185
0.4 3.8 -0.113239 -0.293699
0.4 4 0.198863 -0.232909
0.4 4.2 0.291303 0.064699
0.4 4.4 0.0756463 0.281127
0.4 4.6 -0.210283 0.191423
0.4 4.8 -0.260063 -0.0983894
0.4 5 -0.0284125 -0.27066
0.4 5.2 0.224876 -0.143209
0.4 5.4 0.223573 0.135422
0.4 5.6 -0.0226576 0.255467
0.4 5.8 -0.235225 0.0898996
0.4 6 -0.180255 -0.169474
0.4 6.2 0.073166 -0.231967
0.4 6.4 0.236862 -0.0337659
0.4 6.6 0.130423 0.196051
0.4 6.8 -0.11919 0.198878
0.4 7 -0.227325 -0.0222281
0.4 7.2 -0.0758514 -0.211946
0.4 7.4 0.157217 -0.156667
0.4 7.6 0.205776 0.0747108
0.4 7.8 0.0193319 0.215143
0.4 8 -0.184329 0.107157
0.4 8.2 -0.172784 -0.120273
0.4 8.4 0.0357447 -0.204837
0.4 8.6 0.198433 -0.053179
0.4 8.8 0.130135 0.155835
0.4 9 -0.0857992 0.181436
0.4 9.2 -0.198444 -0.00178817
0.4 9.4 -0.0805997 -0.178966
0.4 9.6 0.127448 -0.146494
0.4 9.8 0.184396 0.0539855
0.6 -10 0.104066 0.160273
0.6 -9.8 0.190805 -0.0296716
0.6 -9.6 0.0515672 -0.18823
0.6 -9.4 -0.152277 -0.125457
0.6 -9.2 -0.178781 0.0885498
0.6 -9 0.0076705 0.201646
0.6 -8.8 0.189295 0.0764657
0.6 -8.6 0.149057 -0.143064
0.6 -8.4 -0.0702975 -0.196975
0.6 -8.2 -0.211112 -0.0167936
0.6 -8 -0.103156 0.188085
0.6 -7.8 0.130985 0.173463
0.6 -7.6 0.214807 -0.0490014
0.6 -7.4 0.0440194 -0.219034
0.6 -7.2 -0.184312 -0.13188
0.6 -7 -0.198812 0.115646
0.6 -6.8 0.0241961 0.232263
0.6 -6.6 0.225209 0.0744852
0.6 -6.4 0.163054 -0.177567
0.6 -6.2 -0.0964465 -0.225368
0.6 -6 -0.249368 -0.00485735
0.6 -5.8 -0.108977 0.22935
0.6 -5.6 0.167211 0.197383
0.6 -5.4 0.253596 -0.0724077
0.6 -5.2 0.0393978 -0.266181
0.6 -5 -0.230971 -0.148835
0.6 -4.8 -0.23607 0.152127
0.6 -4.6 0.041795 0.284277
0.6 -4.4 0.282747 0.0816403
0.6 -4.2 0.196462 -0.229095
0.6 -4 -0.130131 -0.28126
0.6 -3.8 -0.318705 0.0012096
0.6 -3.6 -0.135934 0.298846
0.6 -3.4 0.221345 0.256554
0.6 -3.2 0.336995 -0.096231
0.6 -3 0.0570261 -0.358884
0.6 -2.8 -0.312751 -0.212064
0.6 -2.6 -0.339475 0.200485
0.6 -2.4 0.0362146 0.411426
0.6 -2.2 0.406398 0.15456
0.6 -2 0.337424 -0.313419
0.6 -1.8 -0.135304 -0.472629
0.6 -1.6 -0.518976 -0.109082
0.6 -1.4 -0.382501 0.436781
0.6 -1.2 0.1882 0.622572
0.6 -1 0.711781 0.266493
0.6 -0.8 0.952407 -0.304816
0.6 0.8 0.952407 -0.304816
0.6 1 0.711781 0.266493
0.6 1.2 0.1882 0.622572
0.6 1.4 -0.382501 0.436781
0.6 1.6 -0.518976 -0.109082
0.6 1.8 -0.135304 -0.472629
0.6 2 0.337424 -0.313419
0.6 2.2 0.406398 0.15456
0.6 2.4 0.0362146 0.411426
0.6 2.6 -0.339475 0.200485
0.6 2.8 -0.312751 -0.212064
0.6 3 0.0570261 -0.358884
0.6 3.2 0.336995 -0.096231
0.6 3.4 0.221345 0.256554
0.6 3.6 -0.135934 0.298846
0.6 3.8 -0.318705 0.0012096
0.6 4 -0.130131 -0.28126
0.6 4.2 0.196462 -0.229095
0.6 4.4 0.282747 0.0816403
0.6 4.6 0.041795 0.284277
0.6 4.8 -0.23607 0.152127
0.6 5 -0.230971 -0.148835
0.6 5.2 0.0393978 -0.266181
0.6 5.4 0.253596 -0.0724077
0.6 5.6 0.167211 0.197383
0.6 5.8 -0.108977 0.22935
0.6 6 -0.249368 -0.00485735
0.6 6.2 -0.0964465 -0.225368
0.6 6.4 0.163054 -0.177567
0.6 6.6 0.225209 0.0744852
0.6 6.8 0.0241961 0.232263
0.6 7 -0.198812 0.115646
0.6 7.2 -0.184312 -0.13188
0.6 7.4 0.0440194 -0.219034
0.6 7.6 0.214807 -0.0490014
0.6 7.8 0.130985 0.173463
0.6 8 -0.103156 0.188085
0.6 8.2 -0.211112 -0.0167936
0.6 8.4 -0.0702975 -0.196975
0.6 8.6 0.149057 -0.143064
0.6 8.8 0.189295 0.0764657
0.6 9 0.0076705 0.201646
0.6 9.2 -0.178781 0.0885498
0.6 9.4 -0.152277 -0.125457
0.6 9.6 0.0515672 -0.18823
0.6 9.8 0.190805 -0.0296716
0.8 -10 0.106973 0.159405
0.8 -9.8 0.191212 -0.0327744
0.8 -9.6 0.048815 -0.189922
0.8 -9.4 -0.155035 -0.123575
0.8 -9.2 -0.17817 0.0919462
0.8 -9 0.0111363 0.202505
0.8 -8.8 0.191572 0.0735532
0.8 -8.6 0.147266 -0.146451
0.8 -8.4 -0.0742634 -0.196715
0.8 -8.2 -0.212547 -0.0129248
0.8 -8 -0.100095 0.191089
0.8 -7.8 0.135138 0.171834
0.8 -7.6 0.215027 -0.0536427
0.8 -7.4 0.0396963 -0.22122
0.8 -7.2 -0.18824 -0.128694
0.8 -7 -0.197451 0.120753
0.8 -6.8 0.0296566 0.233148
0.8 -6.6 0.228396 0.0696416
0.8 -6.4 0.159782 -0.182699
0.8 -6.2 -0.102777 -0.224434
0.8 -6 -0.251197 0.00162919
0.8 -5.8 -0.103521 0.233911
0.8 -5.6 0.173972 0.194091
0.8 -5.4 0.253345 -0.080372
0.8 -5.2 0.0315703 -0.2694
0.8 -5 -0.237511 -0.142633
0.8 -4.8 -0.232887 0.16121
0.8 -4.6 0.0520653 0.285152
0.8 -4.4 0.288127 0.0719575
0.8 -4.2 0.189314 -0.238669
0.8 -4 -0.142763 -0.278452
0.8 -3.8 -0.321557 0.0149963
0.8 -3.6 -0.123467 0.30788
0.8 -3.4 0.236039 0.248134
0.8 -3.2 0.335188 -0.114896
0.8 -3 0.0372167 -0.36562
0.8 -2.8 -0.328853 -0.194872
0.8 -2.6 -0.329225 0.22525
0.8 -2.4 0.0670837 0.412486
0.8 -2.2 0.422531 0.122199
0.8 -2 0.310333 -0.347043
0.8 -1.8 -0.186641 -0.459789
0.8 -1.6 -0.531856 -0.0431362
0.8 -1.4 -0.310446 0.490388
0.8 -1.2 0.304451 0.564045
0.8 -1 0.720985 0.0488558
0.8 -0.8 0.563103 -0.61998
0.8 -0.6 0.110393 -0.993882
0.8 0.6 0.110393 -0.993882
0.8 0.8 0.563103 -0.61998
0.8 1 0.720985 0.0488558
0.8 1.2 0.304451 0.564045
0.8 1.4 -0.310446 0.490388
0.8 1.6 -0.531856 -0.0431362
0.8 1.8 -0.186641 -0.459789
0.8 2 0.310333 -0.347043
0.8 2.2 0.422531 0.122199
0.8 2.4 0.0670837 0.412486
0.8 2.6 -0.329225 0.22525
0.8 2.8 -0.328853 -0.194872
0.8 3 0.0372167 -0.36562
0.8 3.2 0.335188 -0.114896
0.8 3.4 0.236039 0.248134
0.8 3.6 -0.123467 0.30788
0.8 3.8 -0.321557 0.0149963
0.8 4 -0.142763 -0.278452
0.8 4.2 0.189314 -0.238669
0.8 4.4 0.288127 0.0719575
0.8 4.6 0.0520653 0.285152
0.8 4.8 -0.232887 0.16121
0.8 5 -0.237511 -0.142633
0.8 5.2 0.0315703 -0.2694
0.8 5.4 0.253345 -0.080372
0.8 5.6 0.173972 0.194091
0.8 5.8 -0.103521 0.233911
0.8 6 -0.251197 0.00162919
0.8 6.2 -0.102777 -0.224434
0.8 6.4 0.159782 -0.182699
0.8 6.6 0.228396 0.0696416
0.8 6.8 0.0296566 0.233148
0.8 7 -0.197451 0.120753
0.8 7.2 -0.18824 -0.128694
0.8 7.4 0.0396963 -0.22122
0.8 7.6 0.215027 -0.0536427
0.8 7.8 0.135138 0.171834
0.8 8 -0.100095 0.191089
0.8 8.2 -0.212547 -0.0129248
0.8 8.4 -0.0742634 -0.196715
0.8 8.6 0.147266 -0.146451
0.8 8.8 0.191572 0.0735532
0.8 9 0.0111363 0.202505
0.8 9.2 -0.17817 0.0919462
0.8 9.4 -0.155035 -0.123575
0.8 9.6 0.048815 -0.189922
0.8 9.8 0.191212 -0.0327744
1 -10 0.0367592 0.189254
1 -9.8 0.189355 0.0459146
1 -9.6 0.122004 -0.154623
1 -9.4 -0.0905831 -0.177355
1 -9.2 -0.201241 0.00829117
1 -9 -0.0775295 0.188427
1 -8.8 0.140298 0.151083
1 -8.6 0.198372 -0.0648127
1 -8.4 0.0247563 -0.209843
1 -8.2 -0.182298 -0.112096
1 -8 -0.180775 0.11971
1 -7.8 0.0327438 0.217291
1 -7.6 0.213704 0.0629815
1 -7.4 0.149621 -0.169338
1 -7.2 -0.0912068 -0.210363
1 -7 -0.232646 -0.00697802
1 -6.8 -0.107101 0.210721
1 -6.6 0.147076 0.189878
1 -6.4 0.238484 -0.0523642
1 -6.2 0.0562086 -0.241913
1 -6 -0.197429 -0.157845
1 -5.8 -0.231984 0.111588
1 -5.6 -0.000463158 0.262346
1 -5.4 0.240428 0.117393
1 -5.2 0.215484 -0.167758
1 -5 -0.0563706 -0.273214
1 -4.8 -0.275809 -0.0727581
1 -4.6 -0.193199 0.218889
1 -4.4 0.110425 0.27803
1 -4.2 0.305478 0.0295954
1 -4 0.172015 -0.264223
1 -3.8 -0.157307 -0.283668
1 -3.6 -0.334243 0.00362608
1 -3.4 -0.163716 0.303793
1 -3.2 0.189571 0.30254
1 -3 0.370082 -0.0106663
1 -2.8 0.191157 -0.334152
1 -2.6 -0.185687 -0.355999
1 -2.4 -0.417366 -0.0493363
1 -2.2 -0.301958 0.322418
1 -2 0.0625156 0.462366
1 -1.8 0.404452 0.286529
1 -1.6 0.527068 -0.0574074
1 -1.4 0.44001 -0.365038
1 -1.2 0.305379 -0.542179
1 -1 0.332587 -0.597747
1 -0.8 0.687604 -0.319794
1 -0.6 0.161435 0.826509
1 -0.4 0.645883 -0.659175
1 -0.2 0.285743 0.937483
1 0 -0.862324 -0.506375
1 0.2 0.285743 0.937483
1 0.4 0.645883 -0.659175
1 0.6 0.161435 0.826509
1 0.8 0.687604 -0.319794
1 1 0.332587 -0.597747
1 1.2 0.305379 -0.542179
1 1.4 0.44001 -0.365038
1 1.6 0.527068 -0.0574074
1 1.8 0.404452 0.286529
1 2 0.0625156 0.462366
1 2.2 -0.301958 0.322418
1 2.4 -0.417366 -0.0493363
1 2.6 -0.185687 -0.355999
1 2.8 0.191157 -0.334152
1 3 0.370082 -0.0106663
1 3.2 0.189571 0.30254
1 3.4 -0.163716 0.303793
1 3.6 -0.334243 0.00362608
1 3.8 -0.157307 -0.283668
1 4 0.172015 -0.264223
1 4.2 0.305478 0.0295954
1 4.4 0.110425 0.27803
1 4.6 -0.193199 0.218889
1 4.8 -0.275809 -0.0727581
1 5 -0.0563706 -0.273214
1 5.2 0.215484 -0.167758
1 5.4 0.240428 0.117393
1 5.6 -0.000463158 0.262346
1 5.8 -0.231984 0.111588
1 6 -0.197429 -0.157845
1 6.2 0.0562086 -0.241913
1 6.4 0.238484 -0.0523642
1 6.6 0.147076 0.189878
1 6.8 -0.107101 0.210721
1 7 -0.232646 -0.00697802
1 7.2 -0.0912068 -0.210363
1 7.4 0.149621 -0.169338
1 7.6 0.213704 0.0629815
1 7.8 0.0327438 0.217291
1 8 -0.180775 0.11971
1 8.2 -0.182298 -0.112096
1 8.4 0.0247563 -0.209843
1 8.6 0.198372 -0.0648127
1 8.8 0.140298 0.151083
1 9 -0.0775295 0.188427
1 9.2 -0.201241 0.00829117
1 9.4 -0.0905831 -0.177355
1 9.6 0.122004 -0.154623
1 9.8 0.189355 0.0459146
1.2 -10 -0.112577 0.157445
1.2 -9.8 0.0943342 0.171375
1.2 -9.6 0.197461 -0.0109078
1.2 -9.4 0.0767731 -0.184647
1.2 -9.2 -0.13431 -0.151223
1.2 -9 -0.196969 0.0554315
1.2 -8.8 -0.0368814 0.203758
1.2 -8.6 0.168866 0.124174
1.2 -8.4 0.188251 -0.0980161
1.2 -8.2 -0.00462291 -0.214924
1.2 -8 -0.197159 -0.0925816
1.2 -7.8 -0.173165 0.136942
1.2 -7.6 0.0453792 0.2192
1.2 -7.4 0.219228 0.0591073
1.2 -7.2 0.154263 -0.171142
1.2 -7 -0.0832802 -0.218578
1.2 -6.8 -0.236069 -0.026649
1.2 -6.6 -0.13479 0.20027
1.2 -6.4 0.11648 0.216031
1.2 -6.2 0.24966 -0.00157552
1.2 -6 0.118837 -0.224621
1.2 -5.8 -0.143132 -0.215638
1.2 -5.6 -0.262895 0.0215941
1.2 -5.4 -0.111811 0.2447
1.2 -5.2 0.160521 0.222807
1.2 -5 0.279183 -0.0275058
1.2 -4.8 0.121461 -0.259868
1.2 -4.6 -0.162749 -0.244367
1.2 -4.4 -0.300709 0.00884162
1.2 -4.2 -0.159386 0.264276
1.2 -4 0.134986 0.286836
1.2 -3.8 0.321549 0.0542787
1.2 -3.6 0.240187 -0.234926
1.2 -3.4 -0.0410949 -0.344317
1.2 -3.2 -0.302237 -0.192978
1.2 -3 -0.357434 0.101758
1.2 -2.8 -0.183287 0.339827
1.2 -2.6 0.0979637 0.390135
1.2 -2.4 0.332723 0.256928
1.2 -2.2 0.439305 0.0372861
1.2 -2 0.433735 -0.165531
1.2 -1.8 0.391488 -0.296433
1.2 -1.6 0.398016 -0.337733
1.2 -1.4 0.505514 -0.235864
1.2 -1.2 0.572173 0.178057
1.2 -1 -0.115438 0.636046
1.2 -0.8 -0.279511 -0.640035
1.2 -0.6 -0.502065 0.559426
1.2 -0.4 -0.791316 0.114189
1.2 -0.2 0.180963 0.813202
1.2 0 0.0943675 -0.839895
1.2 0.2 0.180963 0.813202
1.2 0.4 -0.791316 0.114189
1.2 0.6 -0.502065 0.559426
1.2 0.8 -0.279511 -0.640035
1.2 1 -0.115438 0.636046
1.2 1.2 0.572173 0.178057
1.2 1.4 0.505514 -0.235864
1.2 1.6 0.398016 -0.337733
1.2 1.8 0.391488 -0.296433
1.2 2 0.433735 -0.165531
1.2 2.2 0.439305 0.0372861
1.2 2.4 0.332723 0.256928
1.2 2.6 0.0979637 0.390135
1.2 2.8 -0.183287 0.339827
1.2 3 -0.357434 0.101758
1.2 3.2 -0.302237 -0.192978
1.2 3.4 -0.0410949 -0.344317
1.2 3.6 0.240187 -0.234926
1.2 3.8 0.321549 0.0542787
1.2 4 0.134986 0.286836
1.2 4.2 -0.159386 0.264276
1.2 4.4 -0.300709 0.00884162
1.2 4.6 -0.162749 -0.244367
1.2 4.8 0.121461 -0.259868
1.2 5 0.279183 -0.0275058
1.2 5.2 0.160521 0.222807
1.2 5.4 -0.111811 0.2447
1.2 5.6 -0.262895 0.0215941
1.2 5.8 -0.143132 -0.215638
1.2 6 0.118837 -0.224621
1.2 6.2 0.24966 -0.00157552
1.2 6.4 0.11648 0.216031
1.2 6.6 -0.13479 0.20027
1.2 6.8 -0.236069 -0.026649
1.2 7 -0.0832802 -0.218578
1.2 7.2 0.154263 -0.171142
1.2 7.4 0.219228 0.0591073
1.2 7.6 0.0453792 0.2192
1.2 7.8 -0.173165 0.136942
1.2 8 -0.197159 -0.0925816
1.2 8.2 -0.00462291 -0.214924
1.2 8.4 0.188251 -0.0980161
1.2 8.6 0.168866 0.124174
1.2 8.8 -0.0368814 0.203758
1.2 9 -0.196969 0.0554315
1.2 9.2 -0.13431 -0.151223
1.2 9.4 0.0767731 -0.184647
1.2 9.6 0.197461 -0.0109078
1.2 9.8 0.0943342 0.171375
1.4 -10 -0.186987 -0.0526394
1.4 -9.8 -0.133405 0.144061
1.4 -9.6 0.0678678 0.186535
1.4 -9.4 0.199075 0.0256791
1.4 -9.2 0.115985 -0.166636
1.4 -9 -0.0948965 -0.182176
1.4 -8.8 -0.207876 -0.001078
1.4 -8.6 -0.0997279 0.185304
1.4 -8.4 0.117699 0.177634
1.4 -8.2 0.214976 -0.0193296
1.4 -8 0.0871205 -0.200605
1.4 -7.8 -0.135481 -0.175467
1.4 -7.6 -0.222281 0.0334565
1.4 -7.4 -0.0810991 0.213107
1.4 -7.2 0.147074 0.178635
1.4 -7 0.231737 -0.0384997
1.4 -6.8 0.085363 -0.222808
1.4 -6.6 -0.150087 -0.190425
1.4 -6.4 -0.244668 0.0301091
1.4 -6.2 -0.104757 0.227841
1.4 -6 0.139286 0.213895
1.4 -5.8 0.259966 -0.00113502
1.4 -5.6 0.145161 -0.221648
1.4 -5.4 -0.103769 -0.249505
1.4 -5.2 -0.269353 -0.0593437
1.4 -5 -0.210508 0.187266
1.4 -4.8 0.0236414 0.287098
1.4 -4.6 0.2461 0.162331
1.4 -4.4 0.28862 -0.0890184
1.4 -4.2 0.125196 -0.283358
1.4 -4 -0.12644 -0.291918
1.4 -3.8 -0.304627 -0.119236
1.4 -3.6 -0.31361 0.123066
1.4 -3.4 -0.166394 0.305084
1.4 -3.2 0.0498518 0.355628
1.4 -3 0.241502 0.282714
1.4 -2.8 0.357961 0.143965
1.4 -2.6 0.401315 0.00279823
1.4 -2.4 0.406925 -0.0979627
1.4 -2.2 0.416609 -0.134497
1.4 -2 0.452435 -0.07929
1.4 -1.8 0.468966 0.117809
1.4 -1.6 0.258691 0.440373
1.4 -1.4 -0.37669 0.388547
1.4 -1.2 -0.207439 -0.536118
1.4 -1 0.305722 0.529338
1.4 -0.8 0.425424 -0.490207
1.4 -0.6 0.478436 -0.490964
1.4 -0.4 -0.262927 0.666677
1.4 -0.2 -0.232421 0.700281
1.4 0 0.710332 -0.225887
1.4 0.2 -0.232421 0.700281
1.4 0.4 -0.262927 0.666677
1.4 0.6 0.478436 -0.490964
1.4 0.8 0.425424 -0.490207
1.4 1 0.305722 0.529338
1.4 1.2 -0.207439 -0.536118
1.4 1.4 -0.37669 0.388547
1.4 1.6 0.258691 0.440373
1.4 1.8 0.468966 0.117809
1.4 2 0.452435 -0.07929
1.4 2.2 0.416609 -0.134497
1.4 2.4 0.406925 -0.0979627
1.4 2.6 0.401315 0.00279823
1.4 2.8 0.357961 0.143965
1.4 3 0.241502 0.282714
1.4 3.2 0.0498518 0.355628
1.4 3.4 -0.166394 0.305084
1.4 3.6 -0.31361 0.123066
1.4 3.8 -0.304627 -0.119236
1.4 4 -0.12644 -0.291918
1.4 4.2 0.125196 -0.283358
1.4 4.4 0.28862 -0.0890184
1.4 4.6 0.2461 0.162331
1.4 4.8 0.0236414 0.287098
1.4 5 -0.210508 0.187266
1.4 5.2 -0.269353 -0.0593437
1.4 5.4 -0.103769 -0.249505
1.4 5.6 0.145161 -0.221648
1.4 5.8 0.259966 -0.00113502
1.4 6 0.139286 0.213895
1.4 6.2 -0.104757 0.227841
1.4 6.4 -0.244668 0.0301091
1.4 6.6 -0.150087 -0.190425
1.4 6.8 0.085363 -0.222808
1.4 7 0.231737 -0.0384997
1.4 7.2 0.147074 0.178635
1.4 7.4 -0.0810991 0.213107
1.4 7.6 -0.222281 0.0334565
1.4 7.8 -0.135481 -0.175467
1.4 8 0.0871205 -0.200605
1.4 8.2 0.214976 -0.0193296
1.4 8.4 0.117699 0.177634
1.4 8.6 -0.0997279 0.185304
1.4 8.8 -0.207876 -0.001078
1.4 9 -0.0948965 -0.182176
1.4 9.2 0.115985 -0.166636
1.4 9.4 0.199075 0.0256791
1.4 9.6 0.0678678 0.186535
1.4 9.8 -0.133405 0.144061
1.6 -10 0.064622 -0.183875
1.6 -9.8 -0.13079 -0.14732
1.6 -9.6 -0.194561 0.0425953
1.6 -9.4 -0.0593101 0.192479
1.6 -9.2 0.139352 0.148611
1.6 -9 0.200689 -0.0470186
1.6 -8.8 0.0612052 -0.199425
1.6 -8.6 -0.142388 -0.155955
1.6 -8.4 -0.209525 0.0427744
1.6 -8.2 -0.0728754 0.203989
1.6 -8 0.137468 0.171114
1.6 -7.8 0.220912 -0.0264185
1.6 -7.6 0.0973538 -0.203515
1.6 -7.4 -0.119878 -0.194939
1.6 -7.2 -0.232127 -0.00712159
1.6 -7 -0.137414 0.191591
1.6 -6.8 0.0813753 0.225224
1.6 -6.6 0.234757 0.0640893
1.6 -6.4 0.192589 -0.15531
1.6 -6.2 -0.00990587 -0.251479
1.6 -6 -0.209232 -0.147782
1.6 -5.8 -0.250364 0.0733276
1.6 -5.6 -0.104622 0.244413
1.6 -5.4 0.119505 0.243372
1.6 -5.2 0.266205 0.0755017
1.6 -5 0.243 -0.14431
1.6 -4.8 0.071928 -0.279811
1.6 -4.6 -0.141432 -0.25958
1.6 -4.4 -0.283492 -0.106297
1.6 -4.2 -0.29546 0.0952269
1.6 -4 -0.189674 0.256053
1.6 -3.8 -0.0238578 0.326637
1.6 -3.6 0.13915 0.307005
1.6 -3.4 0.260169 0.230246
1.6 -3.2 0.330967 0.138212
1.6 -3 0.365167 0.0650871
1.6 -2.8 0.382788 0.0342674
1.6 -2.6 0.393725 0.064705
1.6 -2.4 0.37664 0.174621
1.6 -2.2 0.251382 0.35247
1.6 -2 -0.0931266 0.442834
1.6 -1.8 -0.469325 0.0669928
1.6 -1.6 0.00952161 -0.497618
1.6 -1.4 0.346879 0.391897
1.6 -1.2 -0.30632 -0.457713
1.6 -1 -0.377053 0.439667
1.6 -0.8 -0.238899 0.558488
1.6 -0.6 -0.545423 -0.322299
1.6 -0.4 -0.0389297 0.653837
1.6 -0.2 -0.589341 0.317087
1.6 0 0.448576 0.503348
1.6 0.2 -0.589341 0.317087
1.6 0.4 -0.0389297 0.653837
1.6 0.6 -0.545423 -0.322299
1.6 0.8 -0.238899 0.558488
1.6 1 -0.377053 0.439667
1.6 1.2 -0.30632 -0.457713
1.6 1.4 0.346879 0.391897
1.6 1.6 0.00952161 -0.497618
1.6 1.8 -0.469325 0.0669928
1.6 2 -0.0931266 0.442834
1.6 2.2 0.251382 0.35247
1.6 2.4 0.37664 0.174621
1.6 2.6 0.393725 0.064705
1.6 2.8 0.382788 0.0342674
1.6 3 0.365167 0.0650871
1.6 3.2 0.330967 0.138212
1.6 3.4 0.260169 0.230246
1.6 3.6 0.13915 0.307005
1.6 3.8 -0.0238578 0.326637
1.6 4 -0.189674 0.256053
1.6 4.2 -0.29546 0.0952269
1.6 4.4 -0.283492 -0.106297
1.6 4.6 -0.141432 -0.25958
1.6 4.8 0.071928 -0.279811
1.6 5 0.243 -0.14431
1.6 5.2 0.266205 0.0755017
1.6 5.4 0.119505 0.243372
1.6 5.6 -0.104622 0.244413
1.6 5.8 -0.250364 0.0733276
1.6 6 -0.209232 -0.147782
1.6 6.2 -0.00990587 -0.251479
1.6 6.4 0.192589 -0.15531
1.6 6.6 0.234757 0.0640893
1.6 6.8 0.0813753 0.225224
1.6 7 -0.137414 0.191591
1.6 7.2 -0.232127 -0.00712159
1.6 7.4 -0.119878 -0.194939
1.6 7.6 0.0973538 -0.203515
1.6 7.8 0.220912 -0.0264185
1.6 8 0.137468 0.171114
1.6 8.2 -0.0728754 0.203989
1.6 8.4 -0.209525 0.0427744
1.6 8.6 -0.142388 -0.155955
1.6 8.8 0.0612052 -0.199425
1.6 9 0.200689 -0.0470186
1.6 9.2 0.139352 0.148611
1.6 9.4 -0.0593101 0.192479
1.6 9.6 -0.194561 0.0425953
1.6 9.8 -0.13079 -0.14732
1.8 -10 0.134944 0.141438
1.8 -9.8 0.193148 -0.0416894
1.8 -9.6 0.0670422 -0.188189
1.8 -9.4 -0.125124 -0.158614
1.8 -9.2 -0.20331 0.0206089
1.8 -9 -0.0941027 0.184104
1.8 -8.8 0.103541 0.181839
1.8 -8.6 0.211306 0.0149535
1.8 -8.4 0.132719 -0.168526
1.8 -8.2 -0.0638998 -0.207682
1.8 -8 -0.209263 -0.0684601
1.8 -7.8 -0.180363 0.131445
1.8 -7.6 -0.0013702 0.226297
1.8 -7.4 0.182217 0.139615
1.8 -7.2 0.225334 -0.0590701
1.8 -7 0.0960583 -0.216102
1.8 -6.8 -0.107192 -0.214946
1.8 -6.6 -0.236837 -0.0589591
1.8 -6.4 -0.204507 0.140506
1.8 -6.2 -0.0359359 0.249811
1.8 -6 0.157693 0.202751
1.8 -5.8 0.25935 0.0339527
1.8 -5.6 0.216534 -0.155397
1.8 -5.4 0.0607871 -0.264875
1.8 -5.2 -0.124043 -0.248006
1.8 -5 -0.254352 -0.124439
1.8 -4.8 -0.285913 0.0446878
1.8 -4.6 -0.22298 0.194671
1.8 -4.4 -0.102238 0.285286
1.8 -4.2 0.0321327 0.308914
1.8 -4 0.147504 0.28244
1.8 -3.8 0.229739 0.233091
1.8 -3.6 0.279782 0.187083
1.8 -3.4 0.30492 0.164744
1.8 -3.2 0.308429 0.180551
1.8 -3 0.278536 0.242168
1.8 -2.8 0.179001 0.337212
1.8 -2.6 -0.0382587 0.393698
1.8 -2.4 -0.332945 0.24016
1.8 -2.2 -0.364413 -0.222147
1.8 -2 0.231641 -0.379277
1.8 -1.8 0.232007 0.401207
1.8 -1.6 -0.399784 -0.272563
1.8 -1.4 0.298494 0.407879
1.8 -1.2 0.343374 -0.400836
1.8 -1 0.0939246 -0.542217
1.8 -0.8 0.53747 -0.195379
1.8 -0.6 -0.524192 0.273386
1.8 -0.4 -0.100777 0.59823
1.8 -0.2 -0.57219 -0.230057
1.8 0 -0.25443 0.565606
1.8 0.2 -0.57219 -0.230057
1.8 0.4 -0.100777 0.59823
1.8 0.6 -0.524192 0.273386
1.8 0.8 0.53747 -0.195379
1.8 1 0.0939246 -0.542217
1.8 1.2 0.343374 -0.400836
1.8 1.4 0.298494 0.407879
1.8 1.6 -0.399784 -0.272563
1.8 1.8 0.232007 0.401207
1.8 2 0.231641 -0.379277
1.8 2.2 -0.364413 -0.222147
1.8 2.4 -0.332945 0.24016
1.8 2.6 -0.0382587 0.393698
1.8 2.8 0.179001 0.337212
1.8 3 0.278536 0.242168
1.8 3.2 0.308429 0.180551
1.8 3.4 0.30492 0.164744
1.8 3.6 0.279782 0.187083
1.8 3.8 0.229739 0.233091
1.8 4 0.147504 0.28244
1.8 4.2 0.0321327 0.308914
1.8 4.4 -0.102238 0.285286
1.8 4.6 -0.22298 0.194671
1.8 4.8 -0.285913 0.0446878
1.8 5 -0.254352 -0.124439
1.8 5.2 -0.124043 -0.248006
1.8 5.4 0.0607871 -0.264875
1.8 5.6 0.216534 -0.155397
1.8 5.8 0.25935 0.0339527
1.8 6 0.157693 0.202751
1.8 6.2 -0.0359359 0.249811
1.8 6.4 -0.204507 0.140506
1.8 6.6 -0.236837 -0.0589591
1.8 6.8 -0.107192 -0.214946
1.8 7 0.0960583 -0.216102
1.8 7.2 0.225334 -0.0590701
1.8 7.4 0.182217 0.139615
1.8 7.6 -0.0013702 0.226297
1.8 7.8 -0.180363 0.131445
1.8 8 -0.209263 -0.0684601
1.8 8.2 -0.0638998 -0.207682
1.8 8.4 0.132719 -0.168526
1.8 8.6 0.211306 0.0149535
1.8 8.8 0.103541 0.181839
1.8 9 -0.0941027 0.184104
1.8 9.2 -0.20331 0.0206089
1.8 9.4 -0.125124 -0.158614
1.8 9.6 0.0670422 -0.188189
1.8 9.8 0.193148 -0.0416894
2 -10 -0.194753 -0.022186
2 -9.8 -0.129658 0.149814
2 -9.6 0.0495243 0.194096
2 -9.4 0.189166 0.0724681
2 -9.2 0.171322 -0.112405
2 -9 0.0109509 -0.207029
2 -8.8 -0.160991 -0.134555
2 -8.6 -0.20725 0.0465061
2 -8.4 -0.0924723 0.194193
2 -8.2 0.0945898 0.196264
2 -8 0.214367 0.0527311
2 -7.8 0.181427 -0.130969
2 -7.6 0.0213454 -0.225877
2 -7.4 -0.155299 -0.169837
2 -7.2 -0.233505 -0.00300841
2 -7 -0.167685 0.16757
2 -6.8 -0.00210822 0.240745
2 -6.6 0.165911 0.179752
2 -6.4 0.247509 0.0238994
2 -6.2 0.207934 -0.143947
2 -6 0.0744686 -0.246336
2 -5.8 -0.0886106 -0.246583
2 -5.6 -0.216651 -0.155947
2 -5.4 -0.271593 -0.0170262
2 -5.2 -0.249542 0.121616
2 -5 -0.171883 0.225309
2 -4.8 -0.0695571 0.281036
2 -4.6 0.0303764 0.294455
2 -4.4 0.111322 0.281729
2 -4.2 0.166965 0.261528
2 -4 0.196795 0.249948
2 -3.8 0.199935 0.258126
2 -3.6 0.169042 0.289763
2 -3.4 0.0869202 0.33395
2 -3.2 -0.0653906 0.349323
2 -3 -0.267877 0.250089
2 -2.8 -0.375941 -0.0429914
2 -2.6 -0.122422 -0.371559
2 -2.4 0.36931 -0.166186
2 -2.2 0.0555676 0.41605
2 -2 -0.350436 -0.258583
2 -1.8 0.413571 0.182977
2 -1.6 -0.287889 -0.371268
2 -1.4 -0.318386 0.369802
2 -1.2 -0.00659368 0.506318
2 -1 -0.306492 0.425469
2 -0.8 -0.173633 -0.512602
2 -0.6 -0.311644 0.460353
2 -0.4 -0.291368 0.486931
2 -0.2 -0.136816 -0.558309
2 0 -0.57737 -0.00144284
2 0.2 -0.136816 -0.558309
2 0.4 -0.291368 0.486931
2 0.6 -0.311644 0.460353
2 0.8 -0.173633 -0.512602
2 1 -0.306492 0.425469
2 1.2 -0.00659368 0.506318
2 1.4 -0.318386 0.369802
2 1.6 -0.287889 -0.371268
2 1.8 0.413571 0.182977
2 2 -0.350436 -0.258583
2 2.2 0.0555676 0.41605
2 2.4 0.36931 -0.166186
2 2.6 -0.122422 -0.371559
2 2.8 -0.375941 -0.0429914
2 3 -0.267877 0.250089
2 3.2 -0.0653906 0.349323
2 3.4 0.0869202 0.33395
2 3.6 0.169042 0.289763
2 3.8 0.199935 0.258126
2 4 0.196795 0.249948
2 4.2 0.166965 0.261528
2 4.4 0.111322 0.281729
2 4.6 0.0303764 0.294455
2 4.8 -0.0695571 0.281036
2 5 -0.171883 0.225309
2 5.2 -0.249542 0.121616
2 5.4 -0.271593 -0.0170262
2 5.6 -0.216651 -0.155947
2 5.8 -0.0886106 -0.246583
2 6 0.0744686 -0.246336
2 6.2 0.207934 -0.143947
2 6.4 0.247509 0.0238994
2 6.6 0.165911 0.179752
2 6.8 -0.00210822 0.240745
2 7 -0.167685 0.16757
2 7.2 -0.233505 -0.00300841
2 7.4 -0.155299 -0.169837
2 7.6 0.0213454 -0.225877
2 7.8 0.181427 -0.130969
2 8 0.214367 0.0527311
2 8.2 0.0945898 0.196264
2 8.4 -0.0924723 0.194193
2 8.6 -0.20725 0.0465061
2 8.8 -0.160991 -0.134555
2 9 0.0109509 -0.207029
2 9.2 0.171322 -0.112405
2 9.4 0.189166 0.0724681
2 9.6 0.0495243 0.194096
2 9.8 -0.129658 0.149814
2.2 -10 0.193269 -0.0353816
2.2 -9.8 0.091263 -0.176391
2.2 -9.6 -0.0827495 -0.182947
2.2 -9.4 -0.196514 -0.0511097
2.2 -9.2 -0.166469 0.120299
2.2 -9 -0.0159728 0.207187
2.2 -8.8 0.147631 0.149771
2.2 -8.6 0.212636 -0.0103648
2.2 -8.4 0.138151 -0.165483
2.2 -8.2 -0.0250402 -0.21691
2.2 -8 -0.174448 -0.136064
2.2 -7.8 -0.222813 0.0252061
2.2 -7.6 -0.146973 0.173457
2.2 -7.4 0.00711151 0.230484
2.2 -7.2 0.158011 0.172555
2.2 -7 0.235037 0.0340666
2.2 -6.8 0.209987 -0.118606
2.2 -6.6 0.101762 -0.222875
2.2 -6.4 -0.0415167 -0.245538
2.2 -6.2 -0.168447 -0.189077
2.2 -6 -0.244411 -0.0814827
2.2 -5.8 -0.259056 0.0408838
2.2 -5.6 -0.222334 0.148063
2.2 -5.4 -0.154771 0.223965
2.2 -5.2 -0.0778542 0.26649
2.2 -5 -0.00807917 0.283202
2.2 -4.8 0.044624 0.285864
2.2 -4.6 0.0751824 0.285966
2.2 -4.4 0.0800752 0.291626
2.2 -4.2 0.0540811 0.304806
2.2 -4 -0.010785 0.316977
2.2 -3.8 -0.119825 0.302359
2.2 -3.6 -0.255976 0.214299
2.2 -3.4 -0.342906 0.00829409
2.2 -3.2 -0.232117 -0.265667
2.2 -3 0.140141 -0.335091
2.2 -2.8 0.36556 0.0806024
2.2 -2.6 -0.137507 0.36088
2.2 -2.4 -0.249043 -0.311459
2.2 -2.2 0.391857 0.127643
2.2 -2 -0.409782 -0.117033
2.2 -1.8 0.276616 0.343244
2.2 -1.6 0.299006 -0.344238
2.2 -1.4 -0.0473575 -0.468935
2.2 -1.2 0.0942852 -0.477317
2.2 -1 0.487274 0.117075
2.2 -0.8 -0.499081 -0.125095
2.2 -0.6 -0.231641 0.472232
2.2 -0.4 -0.473628 0.248435
2.2 -0.2 0.370346 -0.393582
2.2 0 -0.220037 -0.495705
2.2 0.2 0.370346 -0.393582
2.2 0.4 -0.473628 0.248435
2.2 0.6 -0.231641 0.472232
2.2 0.8 -0.499081 -0.125095
2.2 1 0.487274 0.117075
2.2 1.2 0.0942852 -0.477317
2.2 1.4 -0.0473575 -0.468935
2.2 1.6 0.299006 -0.344238
2.2 1.8 0.276616 0.343244
2.2 2 -0.409782 -0.117033
2.2 2.2 0.391857 0.127643
2.2 2.4 -0.249043 -0.311459
2.2 2.6 -0.137507 0.36088
2.2 2.8 0.36556 0.0806024
2.2 3 0.140141 -0.335091
2.2 3.2 -0.232117 -0.265667
2.2 3.4 -0.342906 0.00829409
2.2 3.6 -0.255976 0.214299
2.2 3.8 -0.119825 0.302359
2.2 4 -0.010785 0.316977
2.2 4.2 0.0540811 0.304806
2.2 4.4 0.0800752 0.291626
2.2 4.6 0.0751824 0.285966
2.2 4.8 0.044624 0.285864
2.2 5 -0.00807917 0.283202
2.2 5.2 -0.0778542 0.26649
2.2 5.4 -0.154771 0.223965
2.2 5.6 -0.222334 0.148063
2.2 5.8 -0.259056 0.0408838
2.2 6 -0.244411 -0.0814827
2.2 6.2 -0.168447 -0.189077
2.2 6.4 -0.0415167 -0.245538
2.2 6.6 0.101762 -0.222875
2.2 6.8 0.209987 -0.118606
2.2 7 0.235037 0.0340666
2.2 7.2 0.158011 0.172555
2.2 7.4 0.00711151 0.230484
2.2 7.6 -0.146973 0.173457
2.2 7.8 -0.222813 0.0252061
2.2 8 -0.174448 -0.136064
2.2 8.2 -0.0250402 -0.21691
2.2 8.4 0.138151 -0.165483
2.2 8.6 0.212636 -0.0103648
2.2 8.8 0.147631 0.149771
2.2 9 -0.0159728 0.207187
2.2 9.2 -0.166469 0.120299
2.2 9.4 -0.196514 -0.0511097
2.2 9.6 -0.0827495 -0.182947
2.2 9.8 0.091263 -0.176391
2.4 -10 -0.196285 0.0154327
2.4 -9.8 -0.119853 0.158876
2.4 -9.6 0.0374058 0.197695
2.4 -9.4 0.171947 0.108772
2.4 -9.2 0.199835 -0.0491787
2.4 -9 0.106963 -0.178635
2.4 -8.8 -0.0488657 -0.204961
2.4 -8.6 -0.178325 -0.117016
2.4 -8.4 -0.213324 0.0336705
2.4 -8.2 -0.140431 0.167707
2.4 -8 -0.000346924 0.221615
2.4 -7.8 0.139606 0.175944
2.4 -7.6 0.22047 0.0569455
2.4 -7.4 0.215511 -0.0829726
2.4 -7.2 0.134639 -0.19174
2.4 -7 0.0125342 -0.237458
2.4 -6.8 -0.109861 -0.214993
2.4 -6.6 -0.200932 -0.140608
2.4 -6.4 -0.245899 -0.0405545
2.4 -6.2 -0.246164 0.0600372
2.4 -6 -0.2137 0.144081
2.4 -5.8 -0.164327 0.204443
2.4 -5.6 -0.112633 0.242175
2.4 -5.4 -0.0695795 0.263069
2.4 -5.2 -0.0424716 0.274133
2.4 -5 -0.0363144 0.280631
2.4 -4.8 -0.055289 0.283498
2.4 -4.6 -0.102808 0.276538
2.4 -4.4 -0.177852 0.243542
2.4 -4.2 -0.264633 0.158527
2.4 -4 -0.315798 -0.000762727
2.4 -3.8 -0.246333 -0.209768
2.4 -3.6 0.00689464 -0.331686
2.4 -3.4 0.305921 -0.149416
2.4 -3.2 0.222282 0.269942
2.4 -3 -0.287024 0.216383
2.4 -2.8 -0.102855 -0.35519
2.4 -2.6 0.341848 0.167522
2.4 -2.4 -0.391502 -0.0227258
2.4 -2.2 0.398342 0.0683906
2.4 -2 -0.265513 -0.321098
2.4 -1.8 -0.283474 0.322677
2.4 -1.6 0.081504 0.435
2.4 -1.4 0.0575295 0.451961
2.4 -1.2 -0.407608 0.23059
2.4 -1 0.185272 -0.44312
2.4 -0.8 -0.461173 0.168795
2.4 -0.6 -0.270124 0.421005
2.4 -0.4 -0.498203 -0.0949006
2.4 -0.2 0.50008 0.107584
2.4 0 0.343162 -0.381336
2.4 0.2 0.50008 0.107584
2.4 0.4 -0.498203 -0.0949006
2.4 0.6 -0.270124 0.421005
2.4 0.8 -0.461173 0.168795
2.4 1 0.185272 -0.44312
2.4 1.2 -0.407608 0.23059
2.4 1.4 0.0575295 0.451961
2.4 1.6 0.081504 0.435
2.4 1.8 -0.283474 0.322677
2.4 2 -0.265513 -0.321098
2.4 2.2 0.398342 0.0683906
2.4 2.4 -0.391502 -0.0227258
2.4 2.6 0.341848 0.167522
2.4 2.8 -0.102855 -0.35519
2.4 3 -0.287024 0.216383
2.4 3.2 0.222282 0.269942
2.4 3.4 0.305921 -0.149416
2.4 3.6 0.00689464 -0.331686
2.4 3.8 -0.246333 -0.209768
2.4 4 -0.315798 -0.000762727
2.4 4.2 -0.264633 0.158527
2.4 4.4 -0.177852 0.243542
2.4 4.6 -0.102808 0.276538
2.4 4.8 -0.055289 0.283498
2.4 5 -0.0363144 0.280631
2.4 5.2 -0.0424716 0.274133
2.4 5.4 -0.0695795 0.263069
2.4 5.6 -0.112633 0.242175
2.4 5.8 -0.164327 0.204443
2.4 6 -0.2137 0.144081
2.4 6.2 -0.246164 0.0600372
2.4 6.4 -0.245899 -0.0405545
2.4 6.6 -0.200932 -0.140608
2.4 6.8 -0.109861 -0.214993
2.4 7 0.0125342 -0.237458
2.4 7.2 0.134639 -0.19174
2.4 7.4 0.215511 -0.0829726
2.4 7.6 0.22047 0.0569455
2.4 7.8 0.139606 0.175944
2.4 8 -0.000346924 0.221615
2.4 8.2 -0.140431 0.167707
2.4 8.4 -0.213324 0.0336705
2.4 8.6 -0.178325 -0.117016
2.4 8.8 -0.0488657 -0.204961
2.4 9 0.106963 -0.178635
2.4 9.2 0.199835 -0.0491787
2.4 9.4 0.171947 0.108772
2.4 9.6 0.0374058 0.197695
2.4 9.8 -0.119853 0.158876
2.6 -10 0.180346 0.0798783
2.6 -9.8 0.186903 -0.0693786
2.6 -9.6 0.0892398 -0.180718
2.6 -9.4 -0.0565782 -0.195796
2.6 -9.2 -0.17385 -0.110764
2.6 -9 -0.206618 0.0282801
2.6 -8.8 -0.144104 0.154172
2.6 -8.6 -0.0192201 0.212741
2.6 -8.4 0.112747 0.184559
2.6 -8.2 0.201003 0.0870293
2.6 -8 0.218364 -0.0394404
2.6 -7.8 0.166432 -0.151213
2.6 -7.6 0.0684691 -0.217424
2.6 -7.4 -0.0436766 -0.22699
2.6 -7.2 -0.141834 -0.186726
2.6 -7 -0.208794 -0.114134
2.6 -6.8 -0.239794 -0.0291898
2.6 -6.6 -0.239807 0.0517602
2.6 -6.4 -0.219117 0.118816
2.6 -6.2 -0.18926 0.168443
2.6 -6 -0.160412 0.201624
2.6 -5.8 -0.140382 0.221383
2.6 -5.6 -0.134691 0.230353
2.6 -5.4 -0.146922 0.228632
2.6 -5.2 -0.17829 0.211917
2.6 -5 -0.225193 0.170357
2.6 -4.8 -0.273642 0.0900556
2.6 -4.6 -0.291611 -0.0380696
2.6 -4.4 -0.227928 -0.195689
2.6 -4.2 -0.0410011 -0.30432
2.6 -4 0.216316 -0.227728
2.6 -3.8 0.309841 0.0857671
2.6 -3.6 0.00241316 0.329287
2.6 -3.4 -0.3372 0.0146992
2.6 -3.2 0.0670968 -0.339618
2.6 -3 0.260452 0.241656
2.6 -2.8 -0.363356 -0.0330303
2.6 -2.6 0.370541 -0.0567354
2.6 -2.4 -0.383934 -0.0322021
2.6 -2.2 0.254908 0.303149
2.6 -2 0.270711 -0.304144
2.6 -1.8 -0.103465 -0.405456
2.6 -1.6 -0.15764 -0.399801
2.6 -1.4 0.202623 -0.391568
2.6 -1.2 0.288209 0.347649
2.6 -1 -0.258277 -0.382487
2.6 -0.8 -0.375667 0.283053
2.6 -0.6 -0.365559 0.307585
2.6 -0.4 -0.281734 -0.39271
2.6 -0.2 0.147553 0.463887
2.6 0 0.464341 0.150001
2.6 0.2 0.147553 0.463887
2.6 0.4 -0.281734 -0.39271
2.6 0.6 -0.365559 0.307585
2.6 0.8 -0.375667 0.283053
2.6 1 -0.258277 -0.382487
2.6 1.2 0.288209 0.347649
2.6 1.4 0.202623 -0.391568
2.6 1.6 -0.15764 -0.399801
2.6 1.8 -0.103465 -0.405456
2.6 2 0.270711 -0.304144
2.6 2.2 0.254908 0.303149
2.6 2.4 -0.383934 -0.0322021
2.6 2.6 0.370541 -0.0567354
2.6 2.8 -0.363356 -0.0330303
2.6 3 0.260452 0.241656
2.6 3.2 0.0670968 -0.339618
2.6 3.4 -0.3372 0.0146992
2.6 3.6 0.00241316 0.329287
2.6 3.8 0.309841 0.0857671
2.6 4 0.216316 -0.227728
2.6 4.2 -0.0410011 -0.30432
2.6 4.4 -0.227928 -0.195689
2.6 4.6 -0.291611 -0.0380696
2.6 4.8 -0.273642 0.0900556
2.6 5 -0.225193 0.170357
2.6 5.2 -0.17829 0.211917
2.6 5.4 -0.146922 0.228632
2.6 5.6 -0.134691 0.230353
2.6 5.8 -0.140382 0.221383
2.6 6 -0.160412 0.201624
2.6 6.2 -0.18926 0.168443
2.6 6.4 -0.219117 0.118816
2.6 6.6 -0.239807 0.0517602
2.6 6.8 -0.239794 -0.0291898
2.6 7 -0.208794 -0.114134
2.6 7.2 -0.141834 -0.186726
2.6 7.4 -0.0436766 -0.22699
2.6 7.6 0.0684691 -0.217424
2.6 7.8 0.166432 -0.151213
2.6 8 0.218364 -0.0394404
2.6 8.2 0.201003 0.0870293
2.6 8.4 0.112747 0.184559
2.6 8.6 -0.0192201 0.212741
2.6 8.8 -0.144104 0.154172
2.6 9 -0.206618 0.0282801
2.6 9.2 -0.17385 -0.110764
2.6 9.4 -0.0565782 -0.195796
2.6 9.6 0.0892398 -0.180718
2.6 9.8 0.186903 -0.0693786
2.8 -10 -0.0527479 -0.190368
2.8 -9.8 -0.163774 -0.114195
2.8 -9.6 -0.201426 0.0128658
2.8 -9.4 -0.153921 0.134013
2.8 -9.2 -0.0456932 0.201287
2.8 -9 0.0784637 0.193503
2.8 -8.8 0.174217 0.119538
2.8 -8.6 0.213648 0.00920286
2.8 -8.4 0.191266 -0.101431
2.8 -8.2 0.120543 -0.183128
2.8 -8 0.0250052 -0.220672
2.8 -7.8 -0.0713054 -0.213436
2.8 -7.6 -0.150583 -0.171317
2.8 -7.4 -0.203998 -0.10894
2.8 -7.2 -0.231029 -0.0405576
2.8 -7 -0.236872 0.0230489
2.8 -6.8 -0.229442 0.0755428
2.8 -6.6 -0.216962 0.114398
2.8 -6.4 -0.206495 0.139403
2.8 -6.2 -0.203283 0.150923
2.8 -6 -0.2104 0.148275
2.8 -5.8 -0.228089 0.12851
2.8 -5.6 -0.25212 0.0860565
2.8 -5.4 -0.270833 0.0144277
2.8 -5.2 -0.261945 -0.0877666
2.8 -5 -0.193894 -0.20413
2.8 -4.8 -0.0425365 -0.283906
2.8 -4.6 0.165113 -0.241903
2.8 -4.4 0.298197 -0.0215506
2.8 -4.2 0.165688 0.256511
2.8 -4 -0.197646 0.241519
2.8 -3.8 -0.265623 -0.176882
2.8 -3.6 0.217494 -0.243539
2.8 -3.4 0.13925 0.30388
2.8 -3.2 -0.328204 -0.0974826
2.8 -3 0.342674 -0.0752848
2.8 -2.8 -0.340696 0.115279
2.8 -2.6 0.368795 0.00501595
2.8 -2.4 -0.244913 -0.288301
2.8 -2.2 -0.260013 0.287968
2.8 -2 0.117662 0.380051
2.8 -1.8 0.221166 0.342574
2.8 -1.6 -0.00808717 0.417512
2.8 -1.4 -0.427054 -0.00894252
2.8 -1.2 0.393473 -0.188327
2.8 -1 -0.422667 -0.137782
2.8 -0.8 -0.342921 0.294302
2.8 -0.6 -0.442826 0.116753
2.8 -0.4 0.0938508 -0.452878
2.8 -0.2 -0.320627 0.337219
2.8 0 0.0501892 0.46356
2.8 0.2 -0.320627 0.337219
2.8 0.4 0.0938508 -0.452878
2.8 0.6 -0.442826 0.116753
2.8 0.8 -0.342921 0.294302
2.8 1 -0.422667 -0.137782
2.8 1.2 0.393473 -0.188327
2.8 1.4 -0.427054 -0.00894252
2.8 1.6 -0.00808717 0.417512
2.8 1.8 0.221166 0.342574
2.8 2 0.117662 0.380051
2.8 2.2 -0.260013 0.287968
2.8 2.4 -0.244913 -0.288301
2.8 2.6 0.368795 0.00501595
2.8 2.8 -0.340696 0.115279
2.8 3 0.342674 -0.0752848
2.8 3.2 -0.328204 -0.0974826
2.8 3.4 0.13925 0.30388
2.8 3.6 0.217494 -0.243539
2.8 3.8 -0.265623 -0.176882
2.8 4 -0.197646 0.241519
2.8 4.2 0.165688 0.256511
2.8 4.4 0.298197 -0.0215506
2.8 4.6 0.165113 -0.241903
2.8 4.8 -0.0425365 -0.283906
2.8 5 -0.193894 -0.20413
2.8 5.2 -0.261945 -0.0877666
2.8 5.4 -0.270833 0.0144277
2.8 5.6 -0.25212 0.0860565
2.8 5.8 -0.228089 0.12851
2.8 6 -0.2104 0.148275
2.8 6.2 -0.203283 0.150923
2.8 6.4 -0.206495 0.139403
2.8 6.6 -0.216962 0.114398
2.8 6.8 -0.229442 0.0755428
2.8 7 -0.236872 0.0230489
2.8 7.2 -0.231029 -0.0405576
2.8 7.4 -0.203998 -0.10894
2.8 7.6 -0.150583 -0.171317
2.8 7.8 -0.0713054 -0.213436
2.8 8 0.0250052 -0.220672
2.8 8.2 0.120543 -0.183128
2.8 8.4 0.191266 -0.101431
2.8 8.6 0.213648 0.00920286
2.8 8.8 0.174217 0.119538
2.8 9 0.0784637 0.193503
2.8 9.2 -0.0456932 0.201287
2.8 9.4 -0.153921 0.134013
2.8 9.6 -0.201426 0.0128658
2.8 9.8 -0.163774 -0.114195
3 -10 -0.166034 0.107471
3 -9.8 -0.0764305 0.184699
3 -9.6 0.0380155 0.198453
3 -9.4 0.138834 0.14988
3 -9.2 0.197927 0.0592734
3 -9 0.204191 -0.0445622
3 -8.8 0.1628 -0.13495
3 -8.6 0.0895766 -0.194356
3 -8.4 0.00381758 -0.216604
3 -8.2 -0.0776512 -0.205157
3 -8 -0.143817 -0.169353
3 -7.8 -0.190177 -0.120427
3 -7.6 -0.217589 -0.0685333
3 -7.4 -0.23029 -0.0212205
3 -7.2 -0.233922 0.0167948
3 -7 -0.233995 0.0429744
3 -6.8 -0.234865 0.0558992
3 -6.6 -0.239016 0.0541939
3 -6.4 -0.246304 0.0357785
3 -6.2 -0.252844 -0.00211931
3 -6 -0.249526 -0.0614595
3 -5.8 -0.221043 -0.139329
3 -5.6 -0.148196 -0.220634
3 -5.4 -0.0187527 -0.269825
3 -5.2 0.148176 -0.232111
3 -5 0.27259 -0.0661275
3 -4.8 0.224618 0.176796
3 -4.6 -0.0452326 0.287915
3 -4.4 -0.292315 0.0542161
3 -4.2 -0.0988291 -0.286876
3 -4 0.298792 -0.0819293
3 -3.8 -0.0106836 0.316328
3 -3.6 -0.266879 -0.182812
3 -3.4 0.328918 -0.0349089
3 -3.2 -0.300476 0.155521
3 -3 0.308184 -0.157719
3 -2.8 -0.353984 0.0155894
3 -2.6 0.235544 0.275809
3 -2.4 0.2509 -0.273667
3 -2.2 -0.126756 -0.358227
3 -2 -0.260267 -0.2888
3 -1.8 -0.136915 -0.373192
3 -1.6 0.318095 -0.252438
3 -1.4 0.00780325 0.414272
3 -1.2 0.0588562 -0.417978
3 -1 -0.42756 0.0370443
3 -0.8 -0.361269 0.242872
3 -0.6 -0.42163 -0.127092
3 -0.4 0.392088 -0.208603
3 -0.2 -0.430195 -0.119354
3 0 -0.386287 0.225381
3 0.2 -0.430195 -0.119354
3 0.4 0.392088 -0.208603
3 0.6 -0.42163 -0.127092
3 0.8 -0.361269 0.242872
3 1 -0.42756 0.0370443
3 1.2 0.0588562 -0.417978
3 1.4 0.00780325 0.414272
3 1.6 0.318095 -0.252438
3 1.8 -0.136915 -0.373192
3 2 -0.260267 -0.2888
3 2.2 -0.126756 -0.358227
3 2.4 0.2509 -0.273667
3 2.6 0.235544 0.275809
3 2.8 -0.353984 0.0155894
3 3 0.308184 -0.157719
3 3.2 -0.300476 0.155521
3 3.4 0.328918 -0.0349089
3 3.6 -0.266879 -0.182812
3 3.8 -0.0106836 0.316328
3 4 0.298792 -0.0819293
3 4.2 -0.0988291 -0.286876
3 4.4 -0.292315 0.0542161
3 4.6 -0.0452326 0.287915
3 4.8 0.224618 0.176796
3 5 0.27259 -0.0661275
3 5.2 0.148176 -0.232111
3 5.4 -0.0187527 -0.269825
3 5.6 -0.148196 -0.220634
3 5.8 -0.221043 -0.139329
3 6 -0.249526 -0.0614595
3 6.2 -0.252844 -0.00211931
3 6.4 -0.246304 0.0357785
3 6.6 -0.239016 0.0541939
3 6.8 -0.234865 0.0558992
3 7 -0.233995 0.0429744
3 7.2 -0.233922 0.0167948
3 7.4 -0.23029 -0.0212205
3 7.6 -0.217589 -0.0685333
3 7.8 -0.190177 -0.120427
3 8 -0.143817 -0.169353
3 8.2 -0.0776512 -0.205157
3 8.4 0.00381758 -0.216604
3 8.6 0.0895766 -0.194356
3 8.8 0.1628 -0.13495
3 9 0.204191 -0.0445622
3 9.2 0.197927 0.0592734
3 9.4 0.138834 0.14988
3 9.6 0.0380155 0.198453
3 9.8 -0.0764305 0.184699
3.2 -10 0.0950672 0.173647
3.2 -9.8 0.169499 0.106283
3.2 -9.6 0.201639 0.0153993
3.2 -9.4 0.189865 -0.0758454
3.2 -9.2 0.142995 -0.149325
3.2 -9 0.0752046 -0.195128
3.2 -8.8 0.00108058 -0.211561
3.2 -8.6 -0.0678251 -0.203061
3.2 -8.4 -0.124527 -0.177345
3.2 -8.2 -0.166523 -0.142845
3.2 -8 -0.194729 -0.106993
3.2 -7.8 -0.212047 -0.0754628
3.2 -7.6 -0.222018 -0.0521705
3.2 -7.4 -0.227723 -0.0397385
3.2 -7.2 -0.230926 -0.0400736
3.2 -7 -0.231321 -0.0547457
3.2 -6.8 -0.225768 -0.0848064
3.2 -6.6 -0.207637 -0.129601
3.2 -6.4 -0.166908 -0.184102
3.2 -6.2 -0.0926455 -0.234762
3.2 -6 0.0195283 -0.255676
3.2 -5.8 0.153117 -0.210904
3.2 -5.6 0.254502 -0.0738559
3.2 -5.4 0.23699 0.128449
3.2 -5.2 0.0450544 0.270588
3.2 -5 -0.216438 0.176477
3.2 -4.8 -0.246195 -0.142435
3.2 -4.6 0.0952702 -0.273704
3.2 -4.4 0.27889 0.097432
3.2 -4.2 -0.156992 0.257125
3.2 -4 -0.167617 -0.25762
3.2 -3.8 0.311089 0.0402313
3.2 -3.6 -0.288663 0.138701
3.2 -3.4 0.249622 -0.211351
3.2 -3.2 -0.276161 0.188101
3.2 -3 0.339978 -0.0313187
3.2 -2.8 -0.226775 -0.265148
3.2 -2.6 -0.243034 0.260888
3.2 -2.4 0.132409 0.339413
3.2 -2.2 0.283367 0.241272
3.2 -2 0.232248 0.300769
3.2 -1.8 -0.126113 0.366649
3.2 -1.6 -0.322703 -0.228221
3.2 -1.4 0.38617 0.113203
3.2 -1.2 -0.219851 -0.345005
3.2 -1 -0.399117 0.114193
3.2 -0.8 -0.39759 0.136446
3.2 -0.6 -0.254144 -0.340148
3.2 -0.4 0.389106 0.177684
3.2 -0.2 -0.0890292 -0.420369
3.2 0 -0.349672 -0.250854
3.2 0.2 -0.0890292 -0.420369
3.2 0.4 0.389106 0.177684
3.2 0.6 -0.254144 -0.340148
3.2 0.8 -0.39759 0.136446
3.2 1 -0.399117 0.114193
3.2 1.2 -0.219851 -0.345005
3.2 1.4 0.38617 0.113203
3.2 1.6 -0.322703 -0.228221
3.2 1.8 -0.126113 0.366649
3.2 2 0.232248 0.300769
3.2 2.2 0.283367 0.241272
3.2 2.4 0.132409 0.339413
3.2 2.6 -0.243034 0.260888
3.2 2.8 -0.226775 -0.265148
3.2 3 0.339978 -0.0313187
3.2 3.2 -0.276161 0.188101
3.2 3.4 0.249622 -0.211351
3.2 3.6 -0.288663 0.138701
3.2 3.8 0.311089 0.0402313
3.2 4 -0.167617 -0.25762
3.2 4.2 -0.156992 0.257125
3.2 4.4 0.27889 0.097432
3.2 4.6 0.0952702 -0.273704
3.2 4.8 -0.246195 -0.142435
3.2 5 -0.216438 0.176477
3.2 5.2 0.0450544 0.270588
3.2 5.4 0.23699 0.128449
3.2 5.6 0.254502 -0.0738559
3.2 5.8 0.153117 -0.210904
3.2 6 0.0195283 -0.255676
3.2 6.2 -0.0926455 -0.234762
3.2 6.4 -0.166908 -0.184102
3.2 6.6 -0.207637 -0.129601
3.2 6.8 -0.225768 -0.0848064
3.2 7 -0.231321 -0.0547457
3.2 7.2 -0.230926 -0.0400736
3.2 7.4 -0.227723 -0.0397385
3.2 7.6 -0.222018 -0.0521705
3.2 7.8 -0.212047 -0.0754628
3.2 8 -0.194729 -0.106993
3.2 8.2 -0.166523 -0.142845
3.2 8.4 -0.124527 -0.177345
3.2 8.6 -0.0678251 -0.203061
3.2 8.8 0.00108058 -0.211561
3.2 9 0.0752046 -0.195128
3.2 9.2 0.142995 -0.149325
3.2 9.4 0.189865 -0.0758454
3.2 9.6 0.201639 0.0153993
3.2 9.8 0.169499 0.106283
3.4 -10 0.197797 -0.0109506
3.4 -9.8 0.178949 -0.0897291
3.4 -9.6 0.134375 -0.151268
3.4 -9.4 0.0755319 -0.190088
3.4 -9.2 0.0131504 -0.206405
3.4 -9 -0.0447038 -0.204341
3.4 -8.8 -0.0932802 -0.189927
3.4 -8.6 -0.130826 -0.169479
3.4 -8.4 -0.15773 -0.148568
3.4 -8.2 -0.175492 -0.131595
3.4 -8 -0.185749 -0.121777
3.4 -7.8 -0.189446 -0.121315
3.4 -7.6 -0.186156 -0.131489
3.4 -7.4 -0.173556 -0.152392
3.4 -7.2 -0.147215 -0.182055
3.4 -7 -0.101154 -0.214777
3.4 -6.8 -0.0301135 -0.238913
3.4 -6.6 0.0652309 -0.235458
3.4 -6.4 0.169633 -0.180888
3.4 -6.2 0.244571 -0.0598123
3.4 -6 0.231324 0.109006
3.4 -5.8 0.0863543 0.245044
3.4 -5.6 -0.143389 0.221749
3.4 -5.4 -0.268182 -0.0129111
3.4 -5.2 -0.089418 -0.258036
3.4 -5 0.235787 -0.147023
3.4 -4.8 0.161729 0.232036
3.4 -4.6 -0.256747 0.130479
3.4 -4.4 -0.0360209 -0.291143
3.4 -4.2 0.268687 0.131023
3.4 -4 -0.292256 0.0862065
3.4 -3.8 0.227888 -0.211171
3.4 -3.6 -0.197472 0.247817
3.4 -3.4 0.24613 -0.209559
3.4 -3.2 -0.326961 0.0433855
3.4 -3 0.218565 0.25594
3.4 -2.8 0.236166 -0.249362
3.4 -2.6 -0.13569 -0.323103
3.4 -2.4 -0.296036 -0.200413
3.4 -2.2 -0.288634 -0.222698
3.4 -2 -0.0532292 -0.367732
3.4 -1.8 0.373333 -0.0618605
3.4 -1.6 -0.239863 0.301202
3.4 -1.4 0.30039 -0.250772
3.4 -1.2 -0.343733 -0.198838
3.4 -1 -0.384285 0.119018
3.4 -0.8 -0.406314 -0.0190788
3.4 -0.6 0.0260158 -0.409557
3.4 -0.4 0.0793888 0.405352
3.4 -0.2 0.322469 -0.260733
3.4 0 0.0833014 -0.406801
3.4 0.2 0.322469 -0.260733
3.4 0.4 0.0793888 0.405352
3.4 0.6 0.0260158 -0.409557
3.4 0.8 -0.406314 -0.0190788
3.4 1 -0.384285 0.119018
3.4 1.2 -0.343733 -0.198838
3.4 1.4 0.30039 -0.250772
3.4 1.6 -0.239863 0.301202
3.4 1.8 0.373333 -0.0618605
3.4 2 -0.0532292 -0.367732
3.4 2.2 -0.288634 -0.222698
3.4 2.4 -0.296036 -0.200413
3.4 2.6 -0.13569 -0.323103
3.4 2.8 0.236166 -0.249362
3.4 3 0.218565 0.25594
3.4 3.2 -0.326961 0.0433855
3.4 3.4 0.24613 -0.209559
3.4 3.6 -0.197472 0.247817
3.4 3.8 0.227888 -0.211171
3.4 4 -0.292256 0.0862065
3.4 4.2 0.268687 0.131023
3.4 4.4 -0.0360209 -0.291143
3.4 4.6 -0.256747 0.130479
3.4 4.8 0.161729 0.232036
3.4 5 0.235787 -0.147023
3.4 5.2 -0.089418 -0.258036
3.4 5.4 -0.268182 -0.0129111
3.4 5.6 -0.143389 0.221749
3.4 5.8 0.0863543 0.245044
3.4 6 0.231324 0.109006
3.4 6.2 0.244571 -0.0598123
3.4 6.4 0.169633 -0.180888
3.4 6.6 0.0652309 -0.235458
3.4 6.8 -0.0301135 -0.238913
3.4 7 -0.101154 -0.214777
3.4 7.2 -0.147215 -0.182055
3.4 7.4 -0.173556 -0.152392
3.4 7.6 -0.186156 -0.131489
3.4 7.8 -0.189446 -0.121315
3.4 8 -0.185749 -0.121777
3.4 8.2 -0.175492 -0.131595
3.4 8.4 -0.15773 -0.148568
3.4 8.6 -0.130826 -0.169479
3.4 8.8 -0.0932802 -0.189927
3.4 9 -0.0447038 -0.204341
3.4 9.2 0.0131504 -0.206405
3.4 9.4 0.0755319 -0.190088
3.4 9.6 0.134375 -0.151268
3.4 9.8 0.178949 -0.0897291
3.6 -10 0.136008 -0.144144
3.6 -9.8 0.0876631 -0.180044
3.6 -9.6 0.0369493 -0.198981
3.6 -9.4 -0.0102588 -0.204319
3.6 -9.2 -0.0503782 -0.200607
3.6 -9 -0.0817786 -0.192515
3.6 -8.8 -0.104132 -0.184163
3.6 -8.6 -0.117671 -0.178791
3.6 -8.4 -0.122504 -0.17862
3.6 -8.2 -0.118051 -0.184729
3.6 -8 -0.1027 -0.19676
3.6 -7.8 -0.0738176 -0.212294
3.6 -7.6 -0.0284441 -0.225884
3.6 -7.4 0.0348245 -0.228029
3.6 -7.2 0.112225 -0.205083
3.6 -7 0.189637 -0.142148
3.6 -6.8 0.238213 -0.0318192
3.6 -6.6 0.2176 0.1099
3.6 -6.4 0.0975794 0.227291
3.6 -6.2 -0.0970682 0.231531
3.6 -6 -0.246471 0.0649843
3.6 -5.8 -0.183815 -0.182287
3.6 -5.6 0.0982681 -0.243955
3.6 -5.4 0.265038 0.0345763
3.6 -5.2 -0.0093659 0.271561
3.6 -5 -0.274611 -0.0307328
3.6 -4.8 0.10335 -0.261408
3.6 -4.6 0.189372 0.214376
3.6 -4.4 -0.291048 0.00800471
3.6 -4.2 0.23508 -0.180615
3.6 -4 -0.160241 0.255892
3.6 -3.8 0.147915 -0.269664
3.6 -3.6 -0.218704 0.224441
3.6 -3.4 0.314972 -0.0526651
3.6 -3.2 -0.210867 -0.247903
3.6 -3 -0.230113 0.238884
3.6 -2.8 0.137308 0.308874
3.6 -2.6 0.301914 0.16573
3.6 -2.4 0.317401 0.149438
3.6 -2.2 0.185471 0.305271
3.6 -2 -0.247254 0.266421
3.6 -1.8 -0.117698 -0.350341
3.6 -1.6 0.196919 0.319647
3.6 -1.4 0.0510559 -0.377502
3.6 -1.2 -0.375366 -0.089957
3.6 -1 -0.384096 0.0704396
3.6 -0.8 -0.342318 -0.195796
3.6 -0.6 0.29182 -0.269856
3.6 -0.4 -0.281508 0.283826
3.6 -0.2 0.365271 0.165833
3.6 0 0.392087 -0.0869999
3.6 0.2 0.365271 0.165833
3.6 0.4 -0.281508 0.283826
3.6 0.6 0.29182 -0.269856
3.6 0.8 -0.342318 -0.195796
3.6 1 -0.384096 0.0704396
3.6 1.2 -0.375366 -0.089957
3.6 1.4 0.0510559 -0.377502
3.6 1.6 0.196919 0.319647
3.6 1.8 -0.117698 -0.350341
3.6 2 -0.247254 0.266421
3.6 2.2 0.185471 0.305271
3.6 2.4 0.317401 0.149438
3.6 2.6 0.301914 0.16573
3.6 2.8 0.137308 0.308874
3.6 3 -0.230113 0.238884
3.6 3.2 -0.210867 -0.247903
3.6 3.4 0.314972 -0.0526651
3.6 3.6 -0.218704 0.224441
3.6 3.8 0.147915 -0.269664
3.6 4 -0.160241 0.255892
3.6 4.2 0.23508 -0.180615
3.6 4.4 -0.291048 0.00800471
3.6 4.6 0.189372 0.214376
3.6 4.8 0.10335 -0.261408
3.6 5 -0.274611 -0.0307328
3.6 5.2 -0.0093659 0.271561
3.6 5.4 0.265038 0.0345763
3.6 5.6 0.0982681 -0.243955
3.6 5.8 -0.183815 -0.182287
3.6 6 -0.246471 0.0649843
3.6 6.2 -0.0970682 0.231531
3.6 6.4 0.0975794 0.227291
3.6 6.6 0.2176 0.1099
3.6 6.8 0.238213 -0.0318192
3.6 7 0.189637 -0.142148
3.6 7.2 0.112225 -0.205083
3.6 7.4 0.0348245 -0.228029
3.6 7.6 -0.0284441 -0.225884
3.6 7.8 -0.0738176 -0.212294
3.6 8 -0.1027 -0.19676
3.6 8.2 -0.118051 -0.184729
3.6 8.4 -0.122504 -0.17862
3.6 8.6 -0.117671 -0.178791
3.6 8.8 -0.104132 -0.184163
3.6 9 -0.0817786 -0.192515
3.6 9.2 -0.0503782 -0.200607
3.6 9.4 -0.0102588 -0.204319
3.6 9.6 0.0369493 -0.198981
3.6 9.8 0.0876631 -0.180044
3.8 -10 0.0692863 -0.185707
3.8 -9.8 0.0330133 -0.197526
3.8 -9.6 0.00241348 -0.202364
3.8 -9.4 -0.0207721 -0.203494
3.8 -9.2 -0.0355901 -0.203703
3.8 -9 -0.0413858 -0.204956
3.8 -8.8 -0.0373982 -0.208132
3.8 -8.6 -0.022548 -0.212719
3.8 -8.4 0.00444419 -0.216386
3.8 -8.2 0.0444018 -0.214484
3.8 -8 0.0962356 -0.199739
3.8 -7.8 0.154523 -0.162833
3.8 -7.6 0.206504 -0.0950784
3.8 -7.4 0.23023 0.00537533
3.8 -7.2 0.19792 0.123598
3.8 -7 0.0903125 0.218572
3.8 -6.8 -0.0756724 0.2275
3.8 -6.6 -0.220216 0.103029
3.8 -6.4 -0.218606 -0.114147
3.8 -6.2 -0.0139238 -0.249833
3.8 -6 0.226609 -0.114633
3.8 -5.8 0.175106 0.189228
3.8 -5.6 -0.1669 0.20172
3.8 -5.4 -0.200655 -0.174549
3.8 -5.2 0.213641 -0.165474
3.8 -5 0.0751545 0.264173
3.8 -4.8 -0.266161 -0.0844263
3.8 -4.6 0.25461 -0.125715
3.8 -4.4 -0.160008 0.240461
3.8 -4.2 0.0938767 -0.278461
3.8 -4 -0.102768 0.280821
3.8 -3.8 0.194033 -0.234481
3.8 -3.6 -0.303979 0.0597977
3.8 -3.4 0.203634 0.240826
3.8 -3.2 0.224732 -0.229292
3.8 -3 -0.137742 -0.296382
3.8 -2.8 -0.303378 -0.136447
3.8 -2.6 -0.327643 -0.0850359
3.8 -2.4 -0.26767 -0.216601
3.8 -2.2 0.0644945 -0.344104
3.8 -2 0.328078 0.137534
3.8 -1.8 -0.35432 0.0701458
3.8 -1.6 0.366091 0.0148716
3.8 -1.4 -0.145701 -0.341467
3.8 -1.2 -0.373612 -0.0394825
3.8 -1 -0.379059 -0.0207952
3.8 -0.8 -0.183553 -0.33613
3.8 -0.6 0.384965 0.0234406
3.8 -0.4 -0.379434 -0.0793982
3.8 -0.2 0.0128895 0.388644
3.8 0 0.232055 0.312531
3.8 0.2 0.0128895 0.388644
3.8 0.4 -0.379434 -0.0793982
3.8 0.6 0.384965 0.0234406
3.8 0.8 -0.183553 -0.33613
3.8 1 -0.379059 -0.0207952
3.8 1.2 -0.373612 -0.0394825
3.8 1.4 -0.145701 -0.341467
3.8 1.6 0.366091 0.0148716
3.8 1.8 -0.35432 0.0701458
3.8 2 0.328078 0.137534
3.8 2.2 0.0644945 -0.344104
3.8 2.4 -0.26767 -0.216601
3.8 2.6 -0.327643 -0.0850359
3.8 2.8 -0.303378 -0.136447
3.8 3 -0.137742 -0.296382
3.8 3.2 0.224732 -0.229292
3.8 3.4 0.203634 0.240826
3.8 3.6 -0.303979 0.0597977
3.8 3.8 0.194033 -0.234481
3.8 4 -0.102768 0.280821
3.8 4.2 0.0938767 -0.278461
3.8 4.4 -0.160008 0.240461
3.8 4.6 0.25461 -0.125715
3.8 4.8 -0.266161 -0.0844263
3.8 5 0.0751545 0.264173
3.8 5.2 0.213641 -0.165474
3.8 5.4 -0.200655 -0.174549
3.8 5.6 -0.1669 0.20172
3.8 5.8 0.175106 0.189228
3.8 6 0.226609 -0.114633
3.8 6.2 -0.0139238 -0.249833
3.8 6.4 -0.218606 -0.114147
3.8 6.6 -0.220216 0.103029
3.8 6.8 -0.0756724 0.2275
3.8 7 0.0903125 0.218572
3.8 7.2 0.19792 0.123598
3.8 7.4 0.23023 0.00537533
3.8 7.6 0.206504 -0.0950784
3.8 7.8 0.154523 -0.162833
3.8 8 0.0962356 -0.199739
3.8 8.2 0.0444018 -0.214484
3.8 8.4 0.00444419 -0.216386
3.8 8.6 -0.022548 -0.212719
3.8 8.8 -0.0373982 -0.208132
3.8 9 -0.0413858 -0.204956
3.8 9.2 -0.0355901 -0.203703
3.8 9.4 -0.0207721 -0.203494
3.8 9.6 0.00241348 -0.202364
3.8 9.8 0.0330133 -0.197526
4 -10 0.060699 -0.188669
4 -9.8 0.0469556 -0.194644
4 -9.6 0.0410192 -0.198118
4 -9.4 0.0438262 -0.199719
4 -9.2 0.0561011 -0.198924
4 -9 0.0781984 -0.193777
4 -8.8 0.109556 -0.180685
4 -8.6 0.147645 -0.154519
4 -8.4 0.186435 -0.109478
4 -8.2 0.214811 -0.0414016
4 -8 0.21618 0.0478133
4 -7.8 0.171753 0.143991
4 -7.6 0.0705847 0.215677
4 -7.4 -0.0728576 0.217976
4 -7.2 -0.201857 0.116011
4 -7 -0.225442 -0.0694754
4 -6.8 -0.0821094 -0.224548
4 -6.6 0.152191 -0.188641
4 -6.4 0.237911 0.0616809
4 -6.2 0.0115835 0.249016
4 -6 -0.247249 0.0532053
4 -5.8 -0.0590496 -0.249767
4 -5.6 0.259331 -0.024834
4 -5.4 -0.055358 0.258651
4 -5.2 -0.205321 -0.173216
4 -5 0.268415 -0.0491361
4 -4.8 -0.183613 0.207742
4 -4.6 0.081223 -0.269805
4 -4.4 -0.0331394 0.284483
4 -4.2 0.0626762 -0.28435
4 -4 -0.172035 0.240955
4 -3.8 0.293916 -0.0652579
4 -3.6 -0.196823 -0.234542
4 -3.4 -0.219914 0.220459
4 -3.2 0.137325 0.285346
4 -3 0.30199 0.111758
4 -2.8 0.325954 0.0303845
4 -2.6 0.308706 0.124122
4 -2.4 0.100164 0.322857
4 -2.2 -0.32414 0.112975
4 -2 0.113295 -0.329412
4 -1.8 -0.0641587 0.347367
4 -1.6 0.26767 -0.237548
4 -1.4 -0.251623 -0.260512
4 -1.2 -0.363888 -0.0402647
4 -1 -0.341873 -0.140373
4 -0.8 0.0436805 -0.369936
4 -0.6 0.231146 0.295111
4 -0.4 -0.129564 -0.353587
4 -0.2 -0.33354 0.177066
4 0 -0.185105 0.32955
4 0.2 -0.33354 0.177066
4 0.4 -0.129564 -0.353587
4 0.6 0.231146 0.295111
4 0.8 0.0436805 -0.369936
4 1 -0.341873 -0.140373
4 1.2 -0.363888 -0.0402647
4 1.4 -0.251623 -0.260512
4 1.6 0.26767 -0.237548
4 1.8 -0.0641587 0.347367
4 2 0.113295 -0.329412
4 2.2 -0.32414 0.112975
4 2.4 0.100164 0.322857
4 2.6 0.308706 0.124122
4 2.8 0.325954 0.0303845
4 3 0.30199 0.111758
4 3.2 0.137325 0.285346
4 3.4 -0.219914 0.220459
4 3.6 -0.196823 -0.234542
4 3.8 0.293916 -0.0652579
4 4 -0.172035 0.240955
4 4.2 0.0626762 -0.28435
4 4.4 -0.0331394 0.284483
4 4.6 0.081223 -0.269805
4 4.8 -0.183613 0.207742
4 5 0.268415 -0.0491361
4 5.2 -0.205321 -0.173216
4 5.4 -0.055358 0.258651
4 5.6 0.259331 -0.024834
4 5.8 -0.0590496 -0.249767
4 6 -0.247249 0.0532053
4 6.2 0.0115835 0.249016
4 6.4 0.237911 0.0616809
4 6.6 0.152191 -0.188641
4 6.8 -0.0821094 -0.224548
4 7 -0.225442 -0.0694754
4 7.2 -0.201857 0.116011
4 7.4 -0.0728576 0.217976
4 7.6 0.0705847 0.215677
4 7.8 0.171753 0.143991
4 8 0.21618 0.0478133
4 8.2 0.214811 -0.0414016
4 8.4 0.186435 -0.109478
4 8.6 0.147645 -0.154519
4 8.8 0.109556 -0.180685
4 9 0.0781984 -0.193777
4 9.2 0.0561011 -0.198924
4 9.4 0.0438262 -0.199719
4 9.6 0.0410192 -0.198118
4 9.8 0.0469556 -0.194644
4.2 -10 0.113863 -0.162141
4.2 -9.8 0.122627 -0.158175
4.2 -9.6 0.138272 -0.147547
4.2 -9.4 0.159467 -0.127766
4.2 -9.2 0.183049 -0.0956301
4.2 -9 0.203146 -0.0481366
4.2 -8.8 0.210505 0.0156219
4.2 -8.6 0.19292 0.0913661
4.2 -8.4 0.138266 0.16583
4.2 -8.2 0.0417152 0.21441
4.2 -8 -0.0828954 0.204892
4.2 -7.8 -0.192872 0.11332
4.2 -7.6 -0.221589 -0.0466813
4.2 -7.4 -0.116909 -0.197247
4.2 -7.2 0.0879549 -0.214914
4.2 -7 0.232342 -0.0367522
4.2 -6.8 0.133216 0.197634
4.2 -6.6 -0.14779 0.191055
4.2 -6.4 -0.218905 -0.109692
4.2 -6.2 0.09789 -0.228144
4.2 -6 0.222043 0.118685
4.2 -5.8 -0.170738 0.189932
4.2 -5.6 -0.107874 -0.235604
4.2 -5.4 0.259578 0.0421099
4.2 -5.2 -0.216568 0.156045
4.2 -5 0.0985962 -0.252432
4.2 -4.8 -0.00734115 0.275094
4.2 -4.6 -0.0200489 -0.278773
4.2 -4.4 -0.0276477 0.282555
4.2 -4.2 0.152517 -0.244799
4.2 -4 -0.284705 0.0694023
4.2 -3.8 0.190394 0.228925
4.2 -3.6 0.215572 -0.212279
4.2 -3.4 -0.136291 -0.27554
4.2 -3.2 -0.298784 -0.090929
4.2 -3 -0.316895 0.0150467
4.2 -2.8 -0.319789 -0.0392743
4.2 -2.6 -0.216796 -0.244943
4.2 -2.4 0.186971 -0.274291
4.2 -2.2 0.183196 0.282501
4.2 -2 -0.297001 -0.168154
4.2 -1.8 0.246385 0.242494
4.2 -1.6 0.0903421 -0.337984
4.2 -1.4 -0.294593 -0.195739
4.2 -1.2 -0.347753 -0.0814854
4.2 -1 -0.248867 -0.260447
4.2 -0.8 0.257886 -0.255211
4.2 -0.6 -0.0772888 0.356608
4.2 -0.4 0.22946 -0.285646
4.2 -0.2 -0.296451 -0.216874
4.2 0 -0.366084 -0.0335666
4.2 0.2 -0.296451 -0.216874
4.2 0.4 0.22946 -0.285646
4.2 0.6 -0.0772888 0.356608
4.2 0.8 0.257886 -0.255211
4.2 1 -0.248867 -0.260447
4.2 1.2 -0.347753 -0.0814854
4.2 1.4 -0.294593 -0.195739
4.2 1.6 0.0903421 -0.337984
4.2 1.8 0.246385 0.242494
4.2 2 -0.297001 -0.168154
4.2 2.2 0.183196 0.282501
4.2 2.4 0.186971 -0.274291
4.2 2.6 -0.216796 -0.244943
4.2 2.8 -0.319789 -0.0392743
4.2 3 -0.316895 0.0150467
4.2 3.2 -0.298784 -0.090929
4.2 3.4 -0.136291 -0.27554
4.2 3.6 0.215572 -0.212279
4.2 3.8 0.190394 0.228925
4.2 4 -0.284705 0.0694023
4.2 4.2 0.152517 -0.244799
4.2 4.4 -0.0276477 0.282555
4.2 4.6 -0.0200489 -0.278773
4.2 4.8 -0.00734115 0.275094
4.2 5 0.0985962 -0.252432
4.2 5.2 -0.216568 0.156045
4.2 5.4 0.259578 0.0421099
4.2 5.6 -0.107874 -0.235604
4.2 5.8 -0.170738 0.189932
4.2 6 0.222043 0.118685
4.2 6.2 0.09789 -0.228144
4.2 6.4 -0.218905 -0.109692
4.2 6.6 -0.14779 0.191055
4.2 6.8 0.133216 0.197634
4.2 7 0.232342 -0.0367522
4.2 7.2 0.0879549 -0.214914
4.2 7.4 -0.116909 -0.197247
4.2 7.6 -0.221589 -0.0466813
4.2 7.8 -0.192872 0.11332
4.2 8 -0.0828954 0.204892
4.2 8.2 0.0417152 0.21441
4.2 8.4 0.138266 0.16583
4.2 8.6 0.19292 0.0913661
4.2 8.8 0.210505 0.0156219
4.2 9 0.203146 -0.0481366
4.2 9.2 0.183049 -0.0956301
4.2 9.4 0.159467 -0.127766
4.2 9.6 0.138272 -0.147547
4.2 9.8 0.122627 -0.158175
4.4 -10 0.188113 -0.0618347
4.4 -9.8 0.197936 -0.0287125
4.4 -9.6 0.201406 0.0161533
4.4 -9.4 0.191246 0.0714398
4.4 -9.2 0.158936 0.131543
4.4 -9 0.0973797 0.184394
4.4 -8.8 0.00615179 0.210716
4.4 -8.6 -0.101143 0.187623
4.4 -8.4 -0.191016 0.0998883
4.4 -8.2 -0.21419 -0.0407565
4.4 -8 -0.130472 -0.177858
4.4 -7.8 0.0447858 -0.218664
4.4 -7.6 0.204066 -0.0968965
4.4 -7.4 0.191455 0.125056
4.4 -7.2 -0.0306133 0.229505
4.4 -7 -0.229638 0.0474117
4.4 -6.8 -0.0973866 -0.216628
4.4 -6.6 0.209315 -0.118705
4.4 -6.4 0.111506 0.216854
4.4 -6.2 -0.236827 0.070679
4.4 -6 0.0123542 -0.250246
4.4 -5.8 0.215984 0.133764
4.4 -5.6 -0.243506 0.084195
4.4 -5.4 0.134865 -0.223866
4.4 -5.2 -0.0140224 0.264782
4.4 -5 -0.05714 -0.262917
4.4 -4.8 0.0652025 0.265156
4.4 -4.6 -0.00263112 -0.27714
4.4 -4.4 -0.135246 0.246703
4.4 -4.2 0.276266 -0.0725021
4.4 -4 -0.184312 -0.223871
4.4 -3.8 -0.211636 0.204668
4.4 -3.6 0.134809 0.266777
4.4 -3.4 0.294447 0.0733286
4.4 -3.2 0.303528 -0.0523352
4.4 -3 0.310809 -0.0332293
4.4 -2.8 0.282169 0.144764
4.4 -2.6 -0.0126677 0.3214
4.4 -2.4 -0.319479 -0.0652988
4.4 -2.2 0.278652 -0.177541
4.4 -2 -0.265843 0.203143
4.4 -1.8 0.33853 -0.00316196
4.4 -1.6 -0.0558635 -0.337685
4.4 -1.4 -0.303663 -0.165249
4.4 -1.2 -0.314243 -0.151411
4.4 -1 -0.0946202 -0.338565
4.4 -0.8 0.353203 -0.0210799
4.4 -0.6 -0.319941 0.155343
4.4 -0.4 0.353171 0.0520781
4.4 -0.2 0.0653213 -0.351785
4.4 0 -0.115659 -0.338876
4.4 0.2 0.0653213 -0.351785
4.4 0.4 0.353171 0.0520781
4.4 0.6 -0.319941 0.155343
4.4 0.8 0.353203 -0.0210799
4.4 1 -0.0946202 -0.338565
4.4 1.2 -0.314243 -0.151411
4.4 1.4 -0.303663 -0.165249
4.4 1.6 -0.0558635 -0.337685
4.4 1.8 0.33853 -0.00316196
4.4 2 -0.265843 0.203143
4.4 2.2 0.278652 -0.177541
4.4 2.4 -0.319479 -0.0652988
4.4 2.6 -0.0126677 0.3214
4.4 2.8 0.282169 0.144764
4.4 3 0.310809 -0.0332293
4.4 3.2 0.303528 -0.0523352
4.4 3.4 0.294447 0.0733286
4.4 3.6 0.134809 0.266777
4.4 3.8 -0.211636 0.204668
4.4 4 -0.184312 -0.223871
4.4 4.2 0.276266 -0.0725021
4.4 4.4 -0.135246 0.246703
4.4 4.6 -0.00263112 -0.27714
4.4 4.8 0.0652025 0.265156
4.4 5 -0.05714 -0.262917
4.4 5.2 -0.0140224 0.264782
4.4 5.4 0.134865 -0.223866
4.4 5.6 -0.243506 0.084195
4.4 5.8 0.215984 0.133764
4.4 6 0.0123542 -0.250246
4.4 6.2 -0.236827 0.070679
4.4 6.4 0.111506 0.216854
4.4 6.6 0.209315 -0.118705
4.4 6.8 -0.0973866 -0.216628
4.4 7 -0.229638 0.0474117
4.4 7.2 -0.0306133 0.229505
4.4 7.4 0.191455 0.125056
4.4 7.6 0.204066 -0.0968965
4.4 7.8 0.0447858 -0.218664
4.4 8 -0.130472 -0.177858
4.4 8.2 -0.21419 -0.0407565
4.4 8.4 -0.191016 0.0998883
4.4 8.6 -0.101143 0.187623
4.4 8.8 0.00615179 0.210716
4.4 9 0.0973797 0.184394
4.4 9.2 0.158936 0.131543
4.4 9.4 0.191246 0.0714398
4.4 9.6 0.201406 0.0161533
4.4 9.8 0.197936 -0.0287125
4.6 -10 0.156734 0.12076
4.6 -9.8 0.114532 0.163749
4.6 -9.6 0.0502255 0.195499
4.6 -9.4 -0.0335596 0.20114
4.6 -9.2 -0.123591 0.164866
4.6 -9 -0.192992 0.0781945
4.6 -8.8 -0.205125 -0.047153
4.6 -8.6 -0.13073 -0.167882
4.6 -8.4 0.0210976 -0.214108
4.6 -8.2 0.175614 -0.128451
4.6 -8 0.210524 0.0641367
4.6 -7.8 0.0564449 0.215372
4.6 -7.6 -0.170691 0.147032
4.6 -7.4 -0.199158 -0.110999
4.6 -7.2 0.0609819 -0.22259
4.6 -7 0.231251 0.0334832
4.6 -6.8 -0.0342977 0.234114
4.6 -6.6 -0.230253 -0.0664348
4.6 -6.4 0.128803 -0.205775
4.6 -6.2 0.13485 0.205705
4.6 -6 -0.24923 -0.00364759
4.6 -5.8 0.178545 -0.178736
4.6 -5.6 -0.0439023 0.252313
4.6 -5.4 -0.0613704 -0.252305
4.6 -5.2 0.110458 0.239019
4.6 -5 -0.102628 -0.246533
4.6 -4.8 0.0286146 0.269344
4.6 -4.6 0.119983 -0.247179
4.6 -4.4 -0.268524 0.0747657
4.6 -4.2 0.178543 0.219298
4.6 -4 0.208049 -0.197555
4.6 -3.8 -0.132999 -0.258906
4.6 -3.6 -0.289441 -0.0584248
4.6 -3.4 -0.287877 0.0826855
4.6 -3.2 -0.28938 0.09237
4.6 -3 -0.304789 -0.0443932
4.6 -2.8 -0.137073 -0.280513
4.6 -2.6 0.277808 -0.151354
4.6 -2.4 -0.0159953 0.320026
4.6 -2.2 -0.108014 -0.305857
4.6 -2 0.0183926 0.327641
4.6 -1.8 0.268041 -0.195484
4.6 -1.6 -0.14595 -0.301666
4.6 -1.4 -0.293223 -0.168541
4.6 -1.2 -0.248711 -0.233275
4.6 -1 0.0946925 -0.330107
4.6 -0.8 0.263833 0.223018
4.6 -0.6 -0.308364 -0.159318
4.6 -0.4 0.127007 0.324286
4.6 -0.2 0.337102 -0.090297
4.6 0 0.255705 -0.237854
4.6 0.2 0.337102 -0.090297
4.6 0.4 0.127007 0.324286
4.6 0.6 -0.308364 -0.159318
4.6 0.8 0.263833 0.223018
4.6 1 0.0946925 -0.330107
4.6 1.2 -0.248711 -0.233275
4.6 1.4 -0.293223 -0.168541
4.6 1.6 -0.14595 -0.301666
4.6 1.8 0.268041 -0.195484
4.6 2 0.0183926 0.327641
4.6 2.2 -0.108014 -0.305857
4.6 2.4 -0.0159953 0.320026
4.6 2.6 0.277808 -0.151354
4.6 2.8 -0.137073 -0.280513
4.6 3 -0.304789 -0.0443932
4.6 3.2 -0.28938 0.09237
4.6 3.4 -0.287877 0.0826855
4.6 3.6 -0.289441 -0.0584248
4.6 3.8 -0.132999 -0.258906
4.6 4 0.208049 -0.197555
4.6 4.2 0.178543 0.219298
4.6 4.4 -0.268524 0.0747657
4.6 4.6 0.119983 -0.247179
4.6 4.8 0.0286146 0.269344
4.6 5 -0.102628 -0.246533
4.6 5.2 0.110458 0.239019
4.6 5.4 -0.0613704 -0.252305
4.6 5.6 -0.0439023 0.252313
4.6 5.8 0.178545 -0.178736
4.6 6 -0.24923 -0.00364759
4.6 6.2 0.13485 0.205705
4.6 6.4 0.128803 -0.205775
4.6 6.6 -0.230253 -0.0664348
4.6 6.8 -0.0342977 0.234114
4.6 7 0.231251 0.0334832
4.6 7.2 0.0609819 -0.22259
4.6 7.4 -0.199158 -0.110999
4.6 7.6 -0.170691 0.147032
4.6 7.8 0.0564449 0.215372
4.6 8 0.210524 0.0641367
4.6 8.2 0.175614 -0.128451
4.6 8.4 0.0210976 -0.214108
4.6 8.6 -0.13073 -0.167882
4.6 8.8 -0.205125 -0.047153
4.6 9 -0.192992 0.0781945
4.6 9.2 -0.123591 0.164866
4.6 9.4 -0.0335596 0.20114
4.6 9.6 0.0502255 0.195499
4.6 9.8 0.114532 0.163749
4.8 -10 -0.0743785 0.183134
4.8 -9.8 -0.146487 0.135587
4.8 -9.6 -0.195366 0.049736
4.8 -9.4 -0.193892 -0.062254
4.8 -9.2 -0.121915 -0.165723
4.8 -9 0.0127076 -0.207498
4.8 -8.8 0.155046 -0.141773
4.8 -8.6 0.211166 0.0224488
4.8 -8.4 0.109645 0.184568
4.8 -8.2 -0.10021 0.19255
4.8 -8 -0.219482 -0.00378638
4.8 -7.8 -0.0756113 -0.208758
4.8 -7.6 0.184313 -0.12837
4.8 -7.4 0.156377 0.164907
4.8 -7.2 -0.161545 0.163695
4.8 -7 -0.150014 -0.177995
4.8 -6.8 0.209495 -0.1079
4.8 -6.6 0.0260056 0.237173
4.8 -6.4 -0.22175 -0.0959463
4.8 -6.2 0.216665 -0.113768
4.8 -6 -0.0891307 0.23132
4.8 -5.8 -0.0418613 -0.247644
4.8 -5.6 0.123256 0.222656
4.8 -5.4 -0.152514 -0.207987
4.8 -5.2 0.133025 0.225029
4.8 -5 -0.0507986 -0.260063
4.8 -4.8 -0.106498 0.246607
4.8 -4.6 0.261408 -0.0763552
4.8 -4.4 -0.17306 -0.215139
4.8 -4.2 -0.204766 0.190883
4.8 -4 0.130953 0.251802
4.8 -3.8 0.284073 0.0457769
4.8 -3.6 0.271254 -0.107241
4.8 -3.4 0.260955 -0.138952
4.8 -3.2 0.296294 -0.0443777
4.8 -3 0.236609 0.190129
4.8 -2.8 -0.133635 0.27686
4.8 -2.6 -0.222385 -0.217761
4.8 -2.4 0.312816 0.0368357
4.8 -2.2 -0.317465 -0.0266667
4.8 -2 0.243915 0.210268
4.8 -1.8 0.146211 -0.290592
4.8 -1.6 -0.189654 -0.268035
4.8 -1.4 -0.265145 -0.198368
4.8 -1.2 -0.141679 -0.302063
4.8 -1 0.259849 -0.212727
4.8 -0.8 0.0244149 0.336765
4.8 -0.6 -0.0488981 -0.335557
4.8 -0.4 -0.215733 0.262992
4.8 -0.2 0.220772 0.259616
4.8 0 0.313929 0.133174
4.8 0.2 0.220772 0.259616
4.8 0.4 -0.215733 0.262992
4.8 0.6 -0.0488981 -0.335557
4.8 0.8 0.0244149 0.336765
4.8 1 0.259849 -0.212727
4.8 1.2 -0.141679 -0.302063
4.8 1.4 -0.265145 -0.198368
4.8 1.6 -0.189654 -0.268035
4.8 1.8 0.146211 -0.290592
4.8 2 0.243915 0.210268
4.8 2.2 -0.317465 -0.0266667
4.8 2.4 0.312816 0.0368357
4.8 2.6 -0.222385 -0.217761
4.8 2.8 -0.133635 0.27686
4.8 3 0.236609 0.190129
4.8 3.2 0.296294 -0.0443777
4.8 3.4 0.260955 -0.138952
4.8 3.6 0.271254 -0.107241
4.8 3.8 0.284073 0.0457769
4.8 4 0.130953 0.251802
4.8 4.2 -0.204766 0.190883
4.8 4.4 -0.17306 -0.215139
4.8 4.6 0.261408 -0.0763552
4.8 4.8 -0.106498 0.246607
4.8 5 -0.0507986 -0.260063
4.8 5.2 0.133025 0.225029
4.8 5.4 -0.152514 -0.207987
4.8 5.6 0.123256 0.222656
4.8 5.8 -0.0418613 -0.247644
4.8 6 -0.0891307 0.23132
4.8 6.2 0.216665 -0.113768
4.8 6.4 -0.22175 -0.0959463
4.8 6.6 0.0260056 0.237173
4.8 6.8 0.209495 -0.1079
4.8 7 -0.150014 -0.177995
4.8 7.2 -0.161545 0.163695
4.8 7.4 0.156377 0.164907
4.8 7.6 0.184313 -0.12837
4.8 7.8 -0.0756113 -0.208758
4.8 8 -0.219482 -0.00378638
4.8 8.2 -0.10021 0.19255
4.8 8.4 0.109645 0.184568
4.8 8.6 0.211166 0.0224488
4.8 8.8 0.155046 -0.141773
4.8 9 0.0127076 -0.207498
4.8 9.2 -0.121915 -0.165723
4.8 9.4 -0.193892 -0.062254
4.8 9.6 -0.195366 0.049736
4.8 9.8 -0.146487 0.135587
5 -10 -0.17912 -0.0830203
5 -9.8 -0.106024 -0.168807
5 -9.6 0.0158425 -0.20068
5 -9.4 0.143764 -0.14377
5 -9.2 0.205373 -0.00168538
5 -9 0.137955 0.154991
5 -8.8 -0.0422681 0.205357
5 -8.6 -0.198711 0.0735455
5 -8.4 -0.157197 -0.145449
5 -8.2 0.0782301 -0.201874
5 -8 0.217993 0.0199037
5 -7.8 0.0184667 0.220587
5 -7.6 -0.221441 0.0329619
5 -7.4 -0.0214751 -0.225446
5 -7.2 0.228348 0.0187866
5 -7 -0.0883911 0.214328
5 -6.8 -0.156503 -0.174806
5 -6.6 0.235437 -0.0311271
5 -6.4 -0.14092 0.194783
5 -6.2 -0.00422394 -0.243376
5 -6 0.113916 0.21858
5 -5.8 -0.170316 -0.182495
5 -5.6 0.184125 0.173273
5 -5.4 -0.157246 -0.20216
5 -5.2 0.0696682 0.249934
5 -5 0.094583 -0.245269
5 -4.8 -0.254853 0.0773975
5 -4.6 0.167838 0.211338
5 -4.4 0.201746 -0.184601
5 -4.2 -0.128736 -0.24536
5 -4 -0.27855 -0.0350213
5 -3.8 -0.254496 0.127012
5 -3.6 -0.22925 0.174538
5 -3.4 -0.267491 0.11668
5 -3.2 -0.2837 -0.0827394
5 -3 -0.0317768 -0.297481
5 -2.8 0.302715 0.00603797
5 -2.6 -0.196139 0.235268
5 -2.4 0.115092 -0.287556
5 -2.2 -0.197207 0.243111
5 -2 0.31562 0.0190353
5 -1.8 0.0385626 -0.31683
5 -1.6 -0.200889 -0.251565
5 -1.4 -0.214515 -0.243429
5 -1.2 0.00178445 -0.326715
5 -1 0.328497 -0.0111182
5 -0.8 -0.226378 0.240565
5 -0.6 0.242962 -0.225723
5 -0.4 -0.326938 -0.0609997
5 -0.2 -0.137396 0.303501
5 0 0.00637855 0.333283
5 0.2 -0.137396 0.303501
5 0.4 -0.326938 -0.0609997
5 0.6 0.242962 -0.225723
5 0.8 -0.226378 0.240565
5 1 0.328497 -0.0111182
5 1.2 0.00178445 -0.326715
5 1.4 -0.214515 -0.243429
5 1.6 -0.200889 -0.251565
5 1.8 0.0385626 -0.31683
5 2 0.31562 0.0190353
5 2.2 -0.197207 0.243111
5 2.4 0.115092 -0.287556
5 2.6 -0.196139 0.235268
5 2.8 0.302715 0.00603797
5 3 -0.0317768 -0.297481
5 3.2 -0.2837 -0.0827394
5 3.4 -0.267491 0.11668
5 3.6 -0.22925 0.174538
5 3.8 -0.254496 0.127012
5 4 -0.27855 -0.0350213
5 4.2 -0.128736 -0.24536
5 4.4 0.201746 -0.184601
5 4.6 0.167838 0.211338
5 4.8 -0.254853 0.0773975
5 5 0.094583 -0.245269
5 5.2 0.0696682 0.249934
5 5.4 -0.157246 -0.20216
5 5.6 0.184125 0.173273
5 5.8 -0.170316 -0.182495
5 6 0.113916 0.21858
5 6.2 -0.00422394 -0.243376
5 6.4 -0.14092 0.194783
5 6.6 0.235437 -0.0311271
5 6.8 -0.156503 -0.174806
5 7 -0.0883911 0.214328
5 7.2 0.228348 0.0187866
5 7.4 -0.0214751 -0.225446
5 7.6 -0.221441 0.0329619
5 7.8 0.0184667 0.220587
5 8 0.217993 0.0199037
5 8.2 0.0782301 -0.201874
5 8.4 -0.157197 -0.145449
5 8.6 -0.198711 0.0735455
5 8.8 -0.0422681 0.205357
5 9 0.137955 0.154991
5 9.2 0.205373 -0.00168538
5 9.4 0.143764 -0.14377
5 9.6 0.0158425 -0.20068
5 9.8 -0.106024 -0.168807
5.2 -10 0.140594 -0.138205
5.2 -9.8 0.198679 -0.0119279
5.2 -9.6 0.150445 0.13325
5.2 -9.4 -0.00211 0.20294
5.2 -9.2 -0.165778 0.120558
5.2 -9 -0.192117 -0.0772264
5.2 -8.8 -0.0196258 -0.208263
5.2 -8.6 0.187299 -0.0979535
5.2 -8.4 0.1497 0.152365
5.2 -8.2 -0.121537 0.17843
5.2 -8 -0.19091 -0.105734
5.2 -7.8 0.110345 -0.191062
5.2 -7.6 0.176483 0.13648
5.2 -7.4 -0.178997 0.137348
5.2 -7.2 -0.0598871 -0.220204
5.2 -7 0.222951 0.0598589
5.2 -6.8 -0.188271 0.138209
5.2 -6.6 0.0466223 -0.23168
5.2 -6.4 0.0873717 0.222628
5.2 -6.2 -0.168437 -0.173841
5.2 -6 0.203074 0.137097
5.2 -5.8 -0.206543 -0.137354
5.2 -5.6 0.176165 0.178976
5.2 -5.4 -0.085672 -0.23941
5.2 -5.2 -0.0840485 0.243378
5.2 -5 0.248803 -0.0779932
5.2 -4.8 -0.162854 -0.20785
5.2 -4.6 -0.198958 0.178667
5.2 -4.4 0.126397 0.239495
5.2 -4.2 0.27301 0.0258585
5.2 -4 0.23812 -0.142857
5.2 -3.8 0.196698 -0.200892
5.2 -3.6 0.22698 -0.171734
5.2 -3.4 0.287387 -0.0201095
5.2 -3.2 0.166086 0.239592
5.2 -3 -0.233411 0.180281
5.2 -2.8 -0.0578811 -0.292596
5.2 -2.6 0.207711 0.218574
5.2 -2.4 -0.207737 -0.222889
5.2 -2.2 0.0415342 0.304909
5.2 -2 0.278964 -0.136603
5.2 -1.8 -0.0340493 -0.311476
5.2 -1.6 -0.187884 -0.253891
5.2 -1.4 -0.135721 -0.287745
5.2 -1.2 0.155437 -0.279936
5.2 -1 0.254477 0.197251
5.2 -0.8 -0.323219 -0.0124642
5.2 -0.6 0.315813 0.0751693
5.2 -0.4 -0.0996417 -0.30986
5.2 -0.2 -0.32597 0.0046072
5.2 0 -0.295179 0.138777
5.2 0.2 -0.32597 0.0046072
5.2 0.4 -0.0996417 -0.30986
5.2 0.6 0.315813 0.0751693
5.2 0.8 -0.323219 -0.0124642
5.2 1 0.254477 0.197251
5.2 1.2 0.155437 -0.279936
5.2 1.4 -0.135721 -0.287745
5.2 1.6 -0.187884 -0.253891
5.2 1.8 -0.0340493 -0.311476
5.2 2 0.278964 -0.136603
5.2 2.2 0.0415342 0.304909
5.2 2.4 -0.207737 -0.222889
5.2 2.6 0.207711 0.218574
5.2 2.8 -0.0578811 -0.292596
5.2 3 -0.233411 0.180281
5.2 3.2 0.166086 0.239592
5.2 3.4 0.287387 -0.0201095
5.2 3.6 0.22698 -0.171734
5.2 3.8 0.196698 -0.200892
5.2 4 0.23812 -0.142857
5.2 4.2 0.27301 0.0258585
5.2 4.4 0.126397 0.239495
5.2 4.6 -0.198958 0.178667
5.2 4.8 -0.162854 -0.20785
5.2 5 0.248803 -0.0779932
5.2 5.2 -0.0840485 0.243378
5.2 5.4 -0.085672 -0.23941
5.2 5.6 0.176165 0.178976
5.2 5.8 -0.206543 -0.137354
5.2 6 0.203074 0.137097
5.2 6.2 -0.168437 -0.173841
5.2 6.4 0.0873717 0.222628
5.2 6.6 0.0466223 -0.23168
5.2 6.8 -0.188271 0.138209
5.2 7 0.222951 0.0598589
5.2 7.2 -0.0598871 -0.220204
5.2 7.4 -0.178997 0.137348
5.2 7.6 0.176483 0.13648
5.2 7.8 0.110345 -0.191062
5.2 8 -0.19091 -0.105734
5.2 8.2 -0.121537 0.17843
5.2 8.4 0.1497 0.152365
5.2 8.6 0.187299 -0.0979535
5.2 8.8 -0.0196258 -0.208263
5.2 9 -0.192117 -0.0772264
5.2 9.2 -0.165778 0.120558
5.2 9.4 -0.00211 0.20294
5.2 9.6 0.150445 0.13325
5.2 9.8 0.198679 -0.0119279
5.4 -10 0.0220739 0.195593
5.4 -9.8 -0.135178 0.145624
5.4 -9.6 -0.19938 -0.022076
5.4 -9.4 -0.0884099 -0.182232
5.4 -9.2 0.121666 -0.16442
5.4 -9 0.200701 0.0489313
5.4 -8.8 0.0146282 0.208155
5.4 -8.6 -0.202239 0.059483
5.4 -8.4 -0.0836189 -0.195893
5.4 -8.2 0.196799 -0.0871503
5.4 -8 0.0685399 0.206444
5.4 -7.8 -0.218583 0.0237518
5.4 -7.6 0.0499585 -0.216583
5.4 -7.4 0.173124 0.143283
5.4 -7.2 -0.218548 0.0622413
5.4 -7 0.104071 -0.204892
5.4 -6.8 0.0460108 0.227835
5.4 -6.6 -0.152379 -0.179057
5.4 -6.4 0.204832 0.120919
5.4 -6.2 -0.223054 -0.0903536
5.4 -6 0.221156 0.101929
5.4 -5.8 -0.190608 -0.156187
5.4 -5.6 0.0992118 0.228808
5.4 -5.4 0.0747283 -0.241093
5.4 -5.2 -0.243205 0.0782227
5.4 -5 0.158087 0.204635
5.4 -4.8 0.196375 -0.173047
5.4 -4.6 -0.123975 -0.234134
5.4 -4.4 -0.267544 -0.0180414
5.4 -4.2 -0.222437 0.155492
5.4 -4 -0.164826 0.2197
5.4 -3.8 -0.18102 0.210883
5.4 -3.6 -0.260121 0.106768
5.4 -3.4 -0.247762 -0.139678
5.4 -3.2 0.0855062 -0.274629
5.4 -3 0.244304 0.157728
5.4 -2.8 -0.287079 0.0629378
5.4 -2.6 0.265147 -0.133627
5.4 -2.4 -0.296402 0.0452316
5.4 -2.2 0.219616 0.208215
5.4 -2 0.201579 -0.229268
5.4 -1.8 -0.0720388 -0.299222
5.4 -1.6 -0.152979 -0.269709
5.4 -1.4 -0.0287384 -0.31084
5.4 -1.2 0.273796 -0.153786
5.4 -1 0.0571237 0.310432
5.4 -0.8 -0.192905 -0.251538
5.4 -0.6 0.106441 0.299717
5.4 -0.4 0.221992 -0.228846
5.4 -0.2 -0.139406 -0.287252
5.4 0 -0.242056 -0.208463
5.4 0.2 -0.139406 -0.287252
5.4 0.4 0.221992 -0.228846
5.4 0.6 0.106441 0.299717
5.4 0.8 -0.192905 -0.251538
5.4 1 0.0571237 0.310432
5.4 1.2 0.273796 -0.153786
5.4 1.4 -0.0287384 -0.31084
5.4 1.6 -0.152979 -0.269709
5.4 1.8 -0.0720388 -0.299222
5.4 2 0.201579 -0.229268
5.4 2.2 0.219616 0.208215
5.4 2.4 -0.296402 0.0452316
5.4 2.6 0.265147 -0.133627
5.4 2.8 -0.287079 0.0629378
5.4 3 0.244304 0.157728
5.4 3.2 0.0855062 -0.274629
5.4 3.4 -0.247762 -0.139678
5.4 3.6 -0.260121 0.106768
5.4 3.8 -0.18102 0.210883
5.4 4 -0.164826 0.2197
5.4 4.2 -0.222437 0.155492
5.4 4.4 -0.267544 -0.0180414
5.4 4.6 -0.123975 -0.234134
5.4 4.8 0.196375 -0.173047
5.4 5 0.158087 0.204635
5.4 5.2 -0.243205 0.0782227
5.4 5.4 0.0747283 -0.241093
5.4 5.6 0.0992118 0.228808
5.4 5.8 -0.190608 -0.156187
5.4 6 0.221156 0.101929
5.4 6.2 -0.223054 -0.0903536
5.4 6.4 0.204832 0.120919
5.4 6.6 -0.152379 -0.179057
5.4 6.8 0.0460108 0.227835
5.4 7 0.104071 -0.204892
5.4 7.2 -0.218548 0.0622413
5.4 7.4 0.173124 0.143283
5.4 7.6 0.0499585 -0.216583
5.4 7.8 -0.218583 0.0237518
5.4 8 0.0685399 0.206444
5.4 8.2 0.196799 -0.0871503
5.4 8.4 -0.0836189 -0.195893
5.4 8.6 -0.202239 0.059483
5.4 8.8 0.0146282 0.208155
5.4 9 0.200701 0.0489313
5.4 9.2 0.121666 -0.16442
5.4 9.4 -0.0884099 -0.182232
5.4 9.6 -0.19938 -0.022076
5.4 9.8 -0.135178 0.145624
5.6 -10 -0.129778 -0.147527
5.6 -9.8 0.0558294 -0.190296
5.6 -9.6 0.196116 -0.0401754
5.6 -9.4 0.115633 0.165755
5.6 -9.2 -0.121714 0.163788
5.6 -9 -0.189366 -0.0812545
5.6 -8.8 0.0545164 -0.200843
5.6 -8.6 0.204989 0.0465289
5.6 -8.4 -0.0597096 0.203777
5.6 -8.2 -0.192597 -0.0945043
5.6 -8 0.146578 -0.159703
5.6 -7.8 0.0893596 0.200006
5.6 -7.6 -0.219904 -0.0256939
5.6 -7.4 0.158733 -0.157752
5.6 -7.2 -0.00753456 0.226107
5.6 -7 -0.123466 -0.192541
5.6 -6.8 0.196243 0.122376
5.6 -6.6 -0.224473 -0.0656348
5.6 -6.4 0.232209 0.0449627
5.6 -6.2 -0.229325 -0.0681046
5.6 -6 0.201318 0.134251
5.6 -5.8 -0.11064 -0.218344
5.6 -5.6 -0.0664763 0.238534
5.6 -5.4 0.238014 -0.0781503
5.6 -5.2 -0.153521 -0.201662
5.6 -5 -0.193972 0.167708
5.6 -4.8 0.121498 0.229215
5.6 -4.6 0.262211 0.0113662
5.6 -4.4 0.207615 -0.165508
5.6 -4.2 0.134538 -0.232456
5.6 -4 0.13387 -0.236385
5.6 -3.8 0.213689 -0.172673
5.6 -3.6 0.276297 0.0288246
5.6 -3.4 0.0700718 0.271951
5.6 -3.2 -0.280518 0.04326
5.6 -3 0.118611 -0.261106
5.6 -2.8 0.0171455 0.289158
5.6 -2.6 -0.00383039 -0.29244
5.6 -2.4 -0.164459 0.245101
5.6 -2.2 0.291299 0.0616128
5.6 -2 0.126774 -0.272102
5.6 -1.8 -0.0811861 -0.291371
5.6 -1.6 -0.0956685 -0.289164
5.6 -1.4 0.0952327 -0.291322
5.6 -1.2 0.307068 0.0263122
5.6 -1 -0.169591 0.259097
5.6 -0.8 0.0753413 -0.301624
5.6 -0.6 -0.192836 0.245092
5.6 -0.4 0.299851 0.088214
5.6 -0.2 0.197441 -0.242846
5.6 0 0.0897255 -0.299992
5.6 0.2 0.197441 -0.242846
5.6 0.4 0.299851 0.088214
5.6 0.6 -0.192836 0.245092
5.6 0.8 0.0753413 -0.301624
5.6 1 -0.169591 0.259097
5.6 1.2 0.307068 0.0263122
5.6 1.4 0.0952327 -0.291322
5.6 1.6 -0.0956685 -0.289164
5.6 1.8 -0.0811861 -0.291371
5.6 2 0.126774 -0.272102
5.6 2.2 0.291299 0.0616128
5.6 2.4 -0.164459 0.245101
5.6 2.6 -0.00383039 -0.29244
5.6 2.8 0.0171455 0.289158
5.6 3 0.118611 -0.261106
5.6 3.2 -0.280518 0.04326
5.6 3.4 0.0700718 0.271951
5.6 3.6 0.276297 0.0288246
5.6 3.8 0.213689 -0.172673
5.6 4 0.13387 -0.236385
5.6 4.2 0.134538 -0.232456
5.6 4.4 0.207615 -0.165508
5.6 4.6 0.262211 0.0113662
5.6 4.8 0.121498 0.229215
5.6 5 -0.193972 0.167708
5.6 5.2 -0.153521 -0.201662
5.6 5.4 0.238014 -0.0781503
5.6 5.6 -0.0664763 0.238534
5.6 5.8 -0.11064 -0.218344
5.6 6 0.201318 0.134251
5.6 6.2 -0.229325 -0.0681046
5.6 6.4 0.232209 0.0449627
5.6 6.6 -0.224473 -0.0656348
5.6 6.8 0.196243 0.122376
5.6 7 -0.123466 -0.192541
5.6 7.2 -0.00753456 0.226107
5.6 7.4 0.158733 -0.157752
5.6 7.6 -0.219904 -0.0256939
5.6 7.8 0.0893596 0.200006
5.6 8 0.146578 -0.159703
5.6 8.2 -0.192597 -0.0945043
5.6 8.4 -0.0597096 0.203777
5.6 8.6 0.204989 0.0465289
5.6 8.8 0.0545164 -0.200843
5.6 9 -0.189366 -0.0812545
5.6 9.2 -0.121714 0.163788
5.6 9.4 0.115633 0.165755
5.6 9.6 0.196116 -0.0401754
5.6 9.8 0.0558294 -0.190296
5.8 -10 0.169179 0.0991744
5.8 -9.8 -0.0226623 0.196604
5.8 -9.6 -0.194931 0.0435901
5.8 -9.4 -0.0913256 -0.179757
5.8 -9.2 0.164327 -0.120116
5.8 -9 0.132219 0.157328
5.8 -8.8 -0.162866 0.128598
5.8 -8.6 -0.106758 -0.180333
5.8 -8.4 0.202701 -0.0609205
5.8 -8.2 -0.0139036 0.213344
5.8 -8 -0.184949 -0.111543
5.8 -7.8 0.198945 -0.0896532
5.8 -7.6 -0.0683833 0.209618
5.8 -7.4 -0.0816799 -0.207305
5.8 -7.2 0.178718 0.137002
5.8 -7 -0.219351 -0.0607522
5.8 -6.8 0.229755 0.012151
5.8 -6.6 -0.232575 -0.00265985
5.8 -6.4 0.232294 0.0365487
5.8 -6.2 -0.208946 -0.113449
5.8 -6 0.120264 0.208166
5.8 -5.8 0.0591651 -0.235792
5.8 -5.6 -0.23319 0.0778283
5.8 -5.4 0.149139 0.198903
5.8 -5.2 0.191732 -0.162624
5.8 -5 -0.118988 -0.224686
5.8 -4.8 -0.257047 -0.00566374
5.8 -4.6 -0.193737 0.173385
5.8 -4.4 -0.106324 0.24043
5.8 -4.2 -0.0882487 0.250719
5.8 -4 -0.157594 0.217635
5.8 -3.8 -0.261835 0.0721715
5.8 -3.6 -0.188378 -0.19963
5.8 -3.4 0.190527 -0.201518
5.8 -3.2 0.113496 0.256112
5.8 -3 -0.253993 -0.124547
5.8 -2.8 0.276058 0.0730872
5.8 -2.6 -0.239996 -0.159509
5.8 -2.4 0.0311167 0.288999
5.8 -2.2 0.285487 -0.0661657
5.8 -2 0.0727677 -0.286201
5.8 -1.8 -0.0662575 -0.289936
5.8 -1.6 -0.0166252 -0.298886
5.8 -1.4 0.211198 -0.214612
5.8 -1.2 0.22695 0.200242
5.8 -1 -0.297879 0.0607204
5.8 -0.8 0.280036 -0.121163
5.8 -0.6 -0.304007 -0.034923
5.8 -0.4 0.0588658 0.300941
5.8 -0.2 0.297672 0.0752187
5.8 0 0.304577 -0.0397333
5.8 0.2 0.297672 0.0752187
5.8 0.4 0.0588658 0.300941
5.8 0.6 -0.304007 -0.034923
5.8 0.8 0.280036 -0.121163
5.8 1 -0.297879 0.0607204
5.8 1.2 0.22695 0.200242
5.8 1.4 0.211198 -0.214612
5.8 1.6 -0.0166252 -0.298886
5.8 1.8 -0.0662575 -0.289936
5.8 2 0.0727677 -0.286201
5.8 2.2 0.285487 -0.0661657
5.8 2.4 0.0311167 0.288999
5.8 2.6 -0.239996 -0.159509
5.8 2.8 0.276058 0.0730872
5.8 3 -0.253993 -0.124547
5.8 3.2 0.113496 0.256112
5.8 3.4 0.190527 -0.201518
5.8 3.6 -0.188378 -0.19963
5.8 3.8 -0.261835 0.0721715
5.8 4 -0.157594 0.217635
5.8 4.2 -0.0882487 0.250719
5.8 4.4 -0.106324 0.24043
5.8 4.6 -0.193737 0.173385
5.8 4.8 -0.257047 -0.00566374
5.8 5 -0.118988 -0.224686
5.8 5.2 0.191732 -0.162624
5.8 5.4 0.149139 0.198903
5.8 5.6 -0.23319 0.0778283
5.8 5.8 0.0591651 -0.235792
5.8 6 0.120264 0.208166
5.8 6.2 -0.208946 -0.113449
5.8 6.4 0.232294 0.0365487
5.8 6.6 -0.232575 -0.00265985
5.8 6.8 0.229755 0.012151
5.8 7 -0.219351 -0.0607522
5.8 7.2 0.178718 0.137002
5.8 7.4 -0.0816799 -0.207305
5.8 7.6 -0.0683833 0.209618
5.8 7.8 0.198945 -0.0896532
5.8 8 -0.184949 -0.111543
5.8 8.2 -0.0139036 0.213344
5.8 8.4 0.202701 -0.0609205
5.8 8.6 -0.106758 -0.180333
5.8 8.8 -0.162866 0.128598
5.8 9 0.132219 0.157328
5.8 9.2 0.164327 -0.120116
5.8 9.4 -0.0913256 -0.179757
5.8 9.6 -0.194931 0.0435901
5.8 9.8 -0.0226623 0.196604
6 -10 -0.172305 -0.0927697
6 -9.8 0.0447989 -0.192313
6 -9.6 0.199033 0.00968896
6 -9.4 0.00857601 0.200931
6 -9.2 -0.202831 0.00825061
6 -9 0.0121398 -0.204562
6 -8.8 0.199823 0.0535961
6 -8.6 -0.11323 0.175539
6 -8.4 -0.114448 -0.177189
6 -8.2 0.212931 -0.00630755
6 -8 -0.128484 0.17258
6 -7.8 -0.0279451 -0.215525
6 -7.6 0.151011 0.159362
6 -7.4 -0.20987 -0.0717826
6 -7.2 0.224111 0.000351092
6 -7 -0.223447 0.0368063
6 -6.8 0.22607 -0.0355465
6 -6.6 -0.231154 -0.00761885
6 -6.4 0.214048 0.0939359
6 -6.2 -0.128345 -0.198367
6 -6 -0.0526833 0.232935
6 -5.8 0.228697 -0.0772993
6 -5.6 -0.144926 -0.196334
6 -5.4 -0.189635 0.157772
6 -5.2 0.11646 0.220502
6 -5 0.252073 0.00079317
6 -4.8 0.180825 -0.179517
6 -4.6 0.0804017 -0.244671
6 -4.4 0.0457591 -0.256239
6 -4.2 0.0987557 -0.243802
6 -4 0.217868 -0.152242
6 -3.8 0.251899 0.0930065
6 -3.6 -0.0417322 0.267999
6 -3.4 -0.253926 -0.102683
6 -3.2 0.241866 -0.134054
6 -3 -0.168239 0.222697
6 -2.8 0.186597 -0.210909
6 -2.6 -0.275083 0.0706984
6 -2.4 0.181671 0.221334
6 -2.2 0.244398 -0.153404
6 -2 0.0436294 -0.287342
6 -1.8 -0.030131 -0.291021
6 -1.6 0.0782553 -0.283768
6 -1.4 0.284106 -0.082974
6 -1.2 0.0515801 0.292896
6 -1 -0.243981 -0.172212
6 -0.8 0.259156 0.15045
6 -0.6 -0.124813 -0.273319
6 -0.4 -0.23631 0.18652
6 -0.2 0.0559004 0.296174
6 0 0.157619 0.257043
6 0.2 0.0559004 0.296174
6 0.4 -0.23631 0.18652
6 0.6 -0.124813 -0.273319
6 0.8 0.259156 0.15045
6 1 -0.243981 -0.172212
6 1.2 0.0515801 0.292896
6 1.4 0.284106 -0.082974
6 1.6 0.0782553 -0.283768
6 1.8 -0.030131 -0.291021
6 2 0.0436294 -0.287342
6 2.2 0.244398 -0.153404
6 2.4 0.181671 0.221334
6 2.6 -0.275083 0.0706984
6 2.8 0.186597 -0.210909
6 3 -0.168239 0.222697
6 3.2 0.241866 -0.134054
6 3.4 -0.253926 -0.102683
6 3.6 -0.0417322 0.267999
6 3.8 0.251899 0.0930065
6 4 0.217868 -0.152242
6 4.2 0.0987557 -0.243802
6 4.4 0.0457591 -0.256239
6 4.6 0.0804017 -0.244671
6 4.8 0.180825 -0.179517
6 5 0.252073 0.00079317
6 5.2 0.11646 0.220502
6 5.4 -0.189635 0.157772
6 5.6 -0.144926 -0.196334
6 5.8 0.228697 -0.0772993
6 6 -0.0526833 0.232935
6 6.2 -0.128345 -0.198367
6 6.4 0.214048 0.0939359
6 6.6 -0.231154 -0.00761885
6 6.8 0.22607 -0.0355465
6 7 -0.223447 0.0368063
6 7.2 0.224111 0.000351092
6 7.4 -0.20987 -0.0717826
6 7.6 0.151011 0.159362
6 7.8 -0.0279451 -0.215525
6 8 -0.128484 0.17258
6 8.2 0.212931 -0.00630755
6 8.4 -0.114448 -0.177189
6 8.6 -0.11323 0.175539
6 8.8 0.199823 0.0535961
6 9 0.0121398 -0.204562
6 9.2 -0.202831 0.00825061
6 9.4 0.00857601 0.200931
6 9.6 0.199033 0.00968896
6 9.8 0.0447989 -0.192313
6.2 -10 0.145083 0.130665
6.2 -9.8 -0.114492 0.160299
6.2 -9.6 -0.164481 -0.111591
6.2 -9.4 0.123775 -0.157826
6.2 -9.2 0.136373 0.149585
6.2 -9 -0.18211 0.0926041
6.2 -8.8 -0.0194195 -0.205308
6.2 -8.6 0.192197 0.0800076
6.2 -8.4 -0.177035 0.113294
6.2 -8.2 0.0342369 -0.209441
6.2 -8 0.111435 0.183046
6.2 -7.8 -0.194647 -0.0945934
6.2 -7.6 0.218502 0.00550773
6.2 -7.4 -0.213905 0.0546195
6.2 -7.2 0.208292 -0.0796553
6.2 -7 -0.214395 0.0691747
6.2 -6.8 0.226835 -0.0185441
6.2 -6.6 -0.217097 -0.0757809
6.2 -6.4 0.135109 0.189006
6.2 -6.2 0.0469341 -0.230014
6.2 -6 -0.224503 0.076598
6.2 -5.8 0.140871 0.193935
6.2 -5.6 0.187667 -0.153131
6.2 -5.4 -0.113928 -0.216626
6.2 -5.2 -0.2473 0.00336304
6.2 -5 -0.168866 0.184223
6.2 -4.8 -0.056819 0.246029
6.2 -4.6 -0.00723439 0.255009
6.2 -4.4 -0.041799 0.25431
6.2 -4.2 -0.157151 0.207544
6.2 -4 -0.262303 0.018054
6.2 -3.8 -0.102879 -0.244758
6.2 -3.6 0.254437 -0.0843356
6.2 -3.4 -0.0497012 0.265957
6.2 -3.2 -0.114783 -0.247726
6.2 -3 0.151971 0.229712
6.2 -2.8 -0.067652 -0.269403
6.2 -2.6 -0.158676 0.230724
6.2 -2.4 0.258669 0.112764
6.2 -2.2 0.198151 -0.203771
6.2 -2 0.037893 -0.283639
6.2 -1.8 0.0246269 -0.286898
6.2 -1.6 0.17492 -0.230805
6.2 -1.4 0.280681 0.0771365
6.2 -1.2 -0.148227 0.252049
6.2 -1 -0.0344032 -0.291514
6.2 -0.8 0.0280867 0.293136
6.2 -0.6 0.168684 -0.242281
6.2 -0.4 -0.268655 -0.123672
6.2 -0.2 -0.241032 0.171944
6.2 0 -0.167331 0.244388
6.2 0.2 -0.241032 0.171944
6.2 0.4 -0.268655 -0.123672
6.2 0.6 0.168684 -0.242281
6.2 0.8 0.0280867 0.293136
6.2 1 -0.0344032 -0.291514
6.2 1.2 -0.148227 0.252049
6.2 1.4 0.280681 0.0771365
6.2 1.6 0.17492 -0.230805
6.2 1.8 0.0246269 -0.286898
6.2 2 0.037893 -0.283639
6.2 2.2 0.198151 -0.203771
6.2 2.4 0.258669 0.112764
6.2 2.6 -0.158676 0.230724
6.2 2.8 -0.067652 -0.269403
6.2 3 0.151971 0.229712
6.2 3.2 -0.114783 -0.247726
6.2 3.4 -0.0497012 0.265957
6.2 3.6 0.254437 -0.0843356
6.2 3.8 -0.102879 -0.244758
6.2 4 -0.262303 0.018054
6.2 4.2 -0.157151 0.207544
6.2 4.4 -0.041799 0.25431
6.2 4.6 -0.00723439 0.255009
6.2 4.8 -0.056819 0.246029
6.2 5 -0.168866 0.184223
6.2 5.2 -0.2473 0.00336304
6.2 5.4 -0.113928 -0.216626
6.2 5.6 0.187667 -0.153131
6.2 5.8 0.140871 0.193935
6.2 6 -0.224503 0.076598
6.2 6.2 0.0469341 -0.230014
6.2 6.4 0.135109 0.189006
6.2 6.6 -0.217097 -0.0757809
6.2 6.8 0.226835 -0.0185441
6.2 7 -0.214395 0.0691747
6.2 7.2 0.208292 -0.0796553
6.2 7.4 -0.213905 0.0546195
6.2 7.6 0.218502 0.00550773
6.2 7.8 -0.194647 -0.0945934
6.2 8 0.111435 0.183046
6.2 8.2 0.0342369 -0.209441
6.2 8.4 -0.177035 0.113294
6.2 8.6 0.192197 0.0800076
6.2 8.8 -0.0194195 -0.205308
6.2 9 -0.18211 0.0926041
6.2 9.2 0.136373 0.149585
6.2 9.4 0.123775 -0.157826
6.2 9.6 -0.164481 -0.111591
6.2 9.8 -0.114492 0.160299
6.4 -10 -0.0631034 -0.184274
6.4 -9.8 0.188317 -0.056068
6.4 -9.6 0.0308112 0.195818
6.4 -9.4 -0.199449 -0.0148538
6.4 -9.2 0.0797807 -0.185371
6.4 -9 0.135167 0.152332
6.4 -8.8 -0.202377 0.0358858
6.4 -8.6 0.0979674 -0.182859
6.4 -8.4 0.0596411 0.200727
6.4 -8.2 -0.170784 -0.12457
6.4 -8 0.212035 0.0242053
6.4 -7.8 -0.208186 0.0555599
6.4 -7.6 0.192373 -0.101631
6.4 -7.4 -0.186788 0.115668
6.4 -7.2 0.199001 -0.0981086
6.4 -7 -0.220114 0.0419448
6.4 -6.8 0.21849 0.0589927
6.4 -6.6 -0.140749 -0.180115
6.4 -6.4 -0.0418332 0.227069
6.4 -6.2 0.22058 -0.0757532
6.4 -6 -0.13696 -0.191688
6.4 -5.8 -0.185816 0.148684
6.4 -5.6 0.111402 0.213024
6.4 -5.4 0.242732 -0.00690354
6.4 -5.2 0.157825 -0.187763
6.4 -5 0.0355171 -0.245191
6.4 -4.8 -0.0270029 -0.248764
6.4 -4.6 -0.0104606 -0.252488
6.4 -4.4 0.0899413 -0.238807
6.4 -4.2 0.231178 -0.113762
6.4 -4 0.20467 0.160519
6.4 -3.8 -0.149045 0.216132
6.4 -3.6 -0.154579 -0.215174
6.4 -3.4 0.264479 0.038762
6.4 -3.2 -0.263513 0.0570466
6.4 -3 0.270262 -0.0295341
6.4 -2.8 -0.243316 -0.126109
6.4 -2.6 0.000915714 0.276156
6.4 -2.4 0.277978 0.0102734
6.4 -2.2 0.162298 -0.228256
6.4 -2 0.0526818 -0.276897
6.4 -1.8 0.0933385 -0.267723
6.4 -1.6 0.251073 -0.134969
6.4 -1.4 0.186987 0.216968
6.4 -1.2 -0.27445 0.0861039
6.4 -1 0.195064 -0.212812
6.4 -0.8 -0.220792 0.187326
6.4 -0.6 0.289267 0.0236635
6.4 -0.4 -0.0105639 -0.290533
6.4 -0.2 -0.25271 -0.144331
6.4 0 -0.286415 -0.0521288
6.4 0.2 -0.25271 -0.144331
6.4 0.4 -0.0105639 -0.290533
6.4 0.6 0.289267 0.0236635
6.4 0.8 -0.220792 0.187326
6.4 1 0.195064 -0.212812
6.4 1.2 -0.27445 0.0861039
6.4 1.4 0.186987 0.216968
6.4 1.6 0.251073 -0.134969
6.4 1.8 0.0933385 -0.267723
6.4 2 0.0526818 -0.276897
6.4 2.2 0.162298 -0.228256
6.4 2.4 0.277978 0.0102734
6.4 2.6 0.000915714 0.276156
6.4 2.8 -0.243316 -0.126109
6.4 3 0.270262 -0.0295341
6.4 3.2 -0.263513 0.0570466
6.4 3.4 0.264479 0.038762
6.4 3.6 -0.154579 -0.215174
6.4 3.8 -0.149045 0.216132
6.4 4 0.20467 0.160519
6.4 4.2 0.231178 -0.113762
6.4 4.4 0.0899413 -0.238807
6.4 4.6 -0.0104606 -0.252488
6.4 4.8 -0.0270029 -0.248764
6.4 5 0.0355171 -0.245191
6.4 5.2 0.157825 -0.187763
6.4 5.4 0.242732 -0.00690354
6.4 5.6 0.111402 0.213024
6.4 5.8 -0.185816 0.148684
6.4 6 -0.13696 -0.191688
6.4 6.2 0.22058 -0.0757532
6.4 6.4 -0.0418332 0.227069
6.4 6.6 -0.140749 -0.180115
6.4 6.8 0.21849 0.0589927
6.4 7 -0.220114 0.0419448
6.4 7.2 0.199001 -0.0981086
6.4 7.4 -0.186788 0.115668
6.4 7.6 0.192373 -0.101631
6.4 7.8 -0.208186 0.0555599
6.4 8 0.212035 0.0242053
6.4 8.2 -0.170784 -0.12457
6.4 8.4 0.0596411 0.200727
6.4 8.6 0.0979674 -0.182859
6.4 8.8 -0.202377 0.0358858
6.4 9 0.135167 0.152332
6.4 9.2 0.0797807 -0.185371
6.4 9.4 -0.199449 -0.0148538
6.4 9.6 0.0308112 0.195818
6.4 9.8 0.188317 -0.056068
6.6 -10 -0.0826053 0.175847
6.6 -9.8 -0.157836 -0.116136
6.6 -9.6 0.157993 -0.118784
6.6 -9.4 0.0496985 0.193111
6.6 -9.2 -0.19509 -0.0491039
6.6 -9 0.15325 -0.133097
6.6 -8.8 -0.00200317 0.204806
6.6 -8.6 -0.135472 -0.156098
6.6 -8.4 0.201655 0.0533418
6.6 -8.2 -0.206096 0.0429733
6.6 -8 0.183346 -0.107425
6.6 -7.8 -0.16297 0.139474
6.6 -7.6 0.161078 -0.144721
6.6 -7.4 -0.181085 0.122474
6.6 -7.2 0.211628 -0.0626813
6.6 -7 -0.218556 -0.0435415
6.6 -6.8 0.145427 0.171707
6.6 -6.6 0.0373072 -0.224128
6.6 -6.4 -0.216903 0.0747887
6.6 -6.2 0.133185 0.189577
6.6 -6 0.184069 -0.144414
6.6 -5.8 -0.108888 -0.209667
6.6 -5.6 -0.238366 0.00991143
6.6 -5.4 -0.147655 0.190351
6.6 -5.2 -0.0163762 0.242699
6.6 -5 0.0569544 0.238911
6.6 -4.8 0.0565315 0.241435
6.6 -4.6 -0.0236097 0.249209
6.6 -4.4 -0.173148 0.184028
6.6 -4.2 -0.250098 -0.0498656
6.6 -4 0.00192132 -0.257337
6.6 -3.8 0.254256 0.0526115
6.6 -3.6 -0.18862 0.181708
6.6 -3.4 0.0665198 -0.255617
6.6 -3.2 -0.0383607 0.263526
6.6 -3 0.126859 -0.236547
6.6 -2.8 -0.261734 0.0681492
6.6 -2.6 0.132347 0.238118
6.6 -2.4 0.265953 -0.0671575
6.6 -2.2 0.14262 -0.236386
6.6 -2 0.084674 -0.26452
6.6 -1.8 0.166969 -0.22388
6.6 -1.6 0.280647 -0.00538781
6.6 -1.4 0.0238649 0.28096
6.6 -1.2 -0.253964 -0.125081
6.6 -1 0.283717 0.0139748
6.6 -0.8 -0.274441 -0.0763421
6.6 -0.6 0.121092 0.258537
6.6 -0.4 0.250801 -0.137341
6.6 -0.2 0.0250035 -0.285123
6.6 0 -0.0681437 -0.278081
6.6 0.2 0.0250035 -0.285123
6.6 0.4 0.250801 -0.137341
6.6 0.6 0.121092 0.258537
6.6 0.8 -0.274441 -0.0763421
6.6 1 0.283717 0.0139748
6.6 1.2 -0.253964 -0.125081
6.6 1.4 0.0238649 0.28096
6.6 1.6 0.280647 -0.00538781
6.6 1.8 0.166969 -0.22388
6.6 2 0.084674 -0.26452
6.6 2.2 0.14262 -0.236386
6.6 2.4 0.265953 -0.0671575
6.6 2.6 0.132347 0.238118
6.6 2.8 -0.261734 0.0681492
6.6 3 0.126859 -0.236547
6.6 3.2 -0.0383607 0.263526
6.6 3.4 0.0665198 -0.255617
6.6 3.6 -0.18862 0.181708
6.6 3.8 0.254256 0.0526115
6.6 4 0.00192132 -0.257337
6.6 4.2 -0.250098 -0.0498656
6.6 4.4 -0.173148 0.184028
6.6 4.6 -0.0236097 0.249209
6.6 4.8 0.0565315 0.241435
6.6 5 0.0569544 0.238911
6.6 5.2 -0.0163762 0.242699
6.6 5.4 -0.147655 0.190351
6.6 5.6 -0.238366 0.00991143
6.6 5.8 -0.108888 -0.209667
6.6 6 0.184069 -0.144414
6.6 6.2 0.133185 0.189577
6.6 6.4 -0.216903 0.0747887
6.6 6.6 0.0373072 -0.224128
6.6 6.8 0.145427 0.171707
6.6 7 -0.218556 -0.0435415
6.6 7.2 0.211628 -0.0626813
6.6 7.4 -0.181085 0.122474
6.6 7.6 0.161078 -0.144721
6.6 7.8 -0.16297 0.139474
6.6 8 0.183346 -0.107425
6.6 8.2 -0.206096 0.0429733
6.6 8.4 0.201655 0.0533418
6.6 8.6 -0.135472 -0.156098
6.6 8.8 -0.00200317 0.204806
6.6 9 0.15325 -0.133097
6.6 9.2 -0.19509 -0.0491039
6.6 9.4 0.0496985 0.193111
6.6 9.6 0.157993 -0.118784
6.6 9.8 -0.157836 -0.116136
6.8 -10 0.19263 -0.0209172
6.8 -9.8 -0.0469379 0.189684
6.8 -9.6 -0.151542 -0.125996
6.8 -9.4 0.188606 -0.0627837
6.8 -9.2 -0.0676336 0.188764
6.8 -9 -0.0873999 -0.182423
6.8 -8.8 0.18349 0.0893168
6.8 -8.6 -0.205018 0.0190366
6.8 -8.4 0.181631 -0.100862
6.8 -8.2 -0.14848 0.148002
6.8 -8 0.128725 -0.167896
6.8 -7.8 -0.132927 0.167088
6.8 -7.6 0.16161 -0.142546
6.8 -7.4 -0.201894 0.080909
6.8 -7.2 0.217568 0.0293725
6.8 -7 -0.149284 -0.163782
6.8 -6.8 -0.033292 0.221212
6.8 -6.6 0.21345 -0.0737242
6.8 -6.4 -0.129536 -0.18759
6.8 -6.2 -0.182418 0.140308
6.8 -6 0.106393 0.206531
6.8 -5.8 0.234199 -0.012457
6.8 -5.6 0.138301 -0.192158
6.8 -5.4 -0.000755499 -0.238986
6.8 -5.2 -0.0828173 -0.226569
6.8 -5 -0.095834 -0.223826
6.8 -4.8 -0.037086 -0.242914
6.8 -4.6 0.101837 -0.226099
6.8 -4.4 0.24326 -0.0585678
6.8 -4.2 0.130566 0.216044
6.8 -4 -0.225512 0.118248
6.8 -3.8 -0.00974398 -0.256621
6.8 -3.6 0.178918 0.18719
6.8 -3.4 -0.228958 -0.125377
6.8 -3.2 0.212737 0.154774
6.8 -3 -0.0937937 -0.247917
6.8 -2.8 -0.169499 0.206276
6.8 -2.6 0.21351 0.163336
6.8 -2.4 0.243728 -0.117504
6.8 -2.2 0.139754 -0.23362
6.8 -2 0.12943 -0.241255
6.8 -1.8 0.231107 -0.149447
6.8 -1.6 0.243226 0.13157
6.8 -1.4 -0.150781 0.233215
6.8 -1.2 -0.0896598 -0.263941
6.8 -1 0.163963 0.226538
6.8 -0.8 -0.086489 -0.266716
6.8 -0.6 -0.163112 0.228778
6.8 -0.4 0.230973 0.160722
6.8 -0.2 0.265211 -0.0947944
6.8 0 0.222448 -0.172879
6.8 0.2 0.265211 -0.0947944
6.8 0.4 0.230973 0.160722
6.8 0.6 -0.163112 0.228778
6.8 0.8 -0.086489 -0.266716
6.8 1 0.163963 0.226538
6.8 1.2 -0.0896598 -0.263941
6.8 1.4 -0.150781 0.233215
6.8 1.6 0.243226 0.13157
6.8 1.8 0.231107 -0.149447
6.8 2 0.12943 -0.241255
6.8 2.2 0.139754 -0.23362
6.8 2.4 0.243728 -0.117504
6.8 2.6 0.21351 0.163336
6.8 2.8 -0.169499 0.206276
6.8 3 -0.0937937 -0.247917
6.8 3.2 0.212737 0.154774
6.8 3.4 -0.228958 -0.125377
6.8 3.6 0.178918 0.18719
6.8 3.8 -0.00974398 -0.256621
6.8 4 -0.225512 0.118248
6.8 4.2 0.130566 0.216044
6.8 4.4 0.24326 -0.0585678
6.8 4.6 0.101837 -0.226099
6.8 4.8 -0.037086 -0.242914
6.8 5 -0.095834 -0.223826
6.8 5.2 -0.0828173 -0.226569
6.8 5.4 -0.000755499 -0.238986
6.8 5.6 0.138301 -0.192158
6.8 5.8 0.234199 -0.012457
6.8 6 0.106393 0.206531
6.8 6.2 -0.182418 0.140308
6.8 6.4 -0.129536 -0.18759
6.8 6.6 0.21345 -0.0737242
6.8 6.8 -0.033292 0.221212
6.8 7 -0.149284 -0.163782
6.8 7.2 0.217568 0.0293725
6.8 7.4 -0.201894 0.080909
6.8 7.6 0.16161 -0.142546
6.8 7.8 -0.132927 0.167088
6.8 8 0.128725 -0.167896
6.8 8.2 -0.14848 0.148002
6.8 8.4 0.181631 -0.100862
6.8 8.6 -0.205018 0.0190366
6.8 8.8 0.18349 0.0893168
6.8 9 -0.0873999 -0.182423
6.8 9.2 -0.0676336 0.188764
6.8 9.4 0.188606 -0.0627837
6.8 9.6 -0.151542 -0.125996
6.8 9.8 -0.0469379 0.189684
7 -10 -0.0766651 -0.177358
7 -9.8 0.193876 0.0192517
7 -9.6 -0.128041 0.149015
7 -9.4 -0.0279669 -0.196152
7 -9.2 0.153993 0.127354
7 -9 -0.201046 -0.0143332
7 -8.8 0.185226 -0.0838207
7 -8.6 -0.144092 0.145944
7 -8.4 0.107686 -0.176669
7 -8.2 -0.0921493 0.187299
7 -8 0.103732 -0.18329
7 -7.8 -0.141337 0.158687
7 -7.6 0.191326 -0.0968141
7 -7.4 -0.215752 -0.0164165
7 -7.2 0.152439 0.156333
7 -7 0.0297315 -0.218338
7 -6.8 -0.210201 0.0725763
7 -6.6 0.126004 0.185714
7 -6.4 0.180852 -0.136352
7 -6.2 -0.10392 -0.203593
7 -6 -0.230224 0.0145999
7 -5.8 -0.129707 0.193326
7 -5.6 0.0160435 0.234389
7 -5.4 0.104896 0.21261
7 -5.2 0.128382 0.201858
7 -5 0.0894676 0.224179
7 -4.8 -0.0280467 0.241897
7 -4.6 -0.197356 0.14628
7 -4.4 -0.215465 -0.122356
7 -4.2 0.109047 -0.224843
7 -4 0.183771 0.172396
7 -3.8 -0.251784 0.0337162
7 -3.6 0.208155 -0.149109
7 -3.4 -0.198014 0.165433
7 -3.2 0.245057 -0.0867268
7 -3 -0.234356 -0.116726
7 -2.8 -0.0409845 0.26041
7 -2.6 0.251139 0.0856359
7 -2.4 0.223985 -0.145286
7 -2.2 0.151816 -0.221491
7 -2 0.180181 -0.201049
7 -1.8 0.26732 -0.0463749
7 -1.6 0.135997 0.236179
7 -1.4 -0.26068 0.0831955
7 -1.2 0.126834 -0.243555
7 -1 -0.0771788 0.264397
7 -0.8 0.174125 -0.214294
7 -0.6 -0.274935 -0.0308319
7 -0.4 -0.0410243 0.273993
7 -0.2 0.193698 0.198408
7 0 0.244751 0.13048
7 0.2 0.193698 0.198408
7 0.4 -0.0410243 0.273993
7 0.6 -0.274935 -0.0308319
7 0.8 0.174125 -0.214294
7 1 -0.0771788 0.264397
7 1.2 0.126834 -0.243555
7 1.4 -0.26068 0.0831955
7 1.6 0.135997 0.236179
7 1.8 0.26732 -0.0463749
7 2 0.180181 -0.201049
7 2.2 0.151816 -0.221491
7 2.4 0.223985 -0.145286
7 2.6 0.251139 0.0856359
7 2.8 -0.0409845 0.26041
7 3 -0.234356 -0.116726
7 3.2 0.245057 -0.0867268
7 3.4 -0.198014 0.165433
7 3.6 0.208155 -0.149109
7 3.8 -0.251784 0.0337162
7 4 0.183771 0.172396
7 4.2 0.109047 -0.224843
7 4.4 -0.215465 -0.122356
7 4.6 -0.197356 0.14628
7 4.8 -0.0280467 0.241897
7 5 0.0894676 0.224179
7 5.2 0.128382 0.201858
7 5.4 0.104896 0.21261
7 5.6 0.0160435 0.234389
7 5.8 -0.129707 0.193326
7 6 -0.230224 0.0145999
7 6.2 -0.10392 -0.203593
7 6.4 0.180852 -0.136352
7 6.6 0.126004 0.185714
7 6.8 -0.210201 0.0725763
7 7 0.0297315 -0.218338
7 7.2 0.152439 0.156333
7 7.4 -0.215752 -0.0164165
7 7.6 0.191326 -0.0968141
7 7.8 -0.141337 0.158687
7 8 0.103732 -0.18329
7 8.2 -0.0921493 0.187299
7 8.4 0.107686 -0.176669
7 8.6 -0.144092 0.145944
7 8.8 0.185226 -0.0838207
7 9 -0.201046 -0.0143332
7 9.2 0.153993 0.127354
7 9.4 -0.0279669 -0.196152
7 9.6 -0.128041 0.149015
7 9.8 0.193876 0.0192517
7.2 -10 -0.172011 0.0867626
7.2 -9.8 0.0379261 -0.190494
7.2 -9.6 0.111099 0.161274
7.2 -9.4 -0.189788 -0.0545379
7.2 -9.2 0.190752 -0.0571422
7.2 -9 -0.148301 0.135396
7.2 -8.8 0.0987513 -0.176816
7.2 -8.6 -0.0644196 0.193837
7.2 -8.4 0.0552172 -0.198489
7.2 -8.2 -0.0745678 0.193978
7.2 -8 0.12085 -0.171294
7.2 -7.8 -0.180251 0.110597
7.2 -7.6 0.213293 0.00459603
7.2 -7.4 -0.154991 -0.149343
7.2 -7.2 -0.0265769 0.215516
7.2 -7 0.207138 -0.0713588
7.2 -6.8 -0.122581 -0.183939
7.2 -6.6 -0.179365 0.132536
7.2 -6.4 0.101472 0.200835
7.2 -6.2 0.226433 -0.0163911
7.2 -6 0.121818 -0.19397
7.2 -5.8 -0.029655 -0.229176
7.2 -5.6 -0.123546 -0.197704
7.2 -5.4 -0.154549 -0.177272
7.2 -5.2 -0.132378 -0.196868
7.2 -5 -0.0406646 -0.235807
7.2 -4.8 0.128122 -0.204517
7.2 -4.6 0.243158 0.0102021
7.2 -4.4 0.0340706 0.243017
7.2 -4.2 -0.247284 -0.00746241
7.2 -4 0.133478 -0.210644
7.2 -3.8 0.0229379 0.250271
7.2 -3.6 -0.0874655 -0.237644
7.2 -3.4 0.0516442 0.249811
7.2 -3.2 0.0929587 -0.2395
7.2 -3 -0.254204 0.0478206
7.2 -2.8 0.0735704 0.249743
7.2 -2.6 0.261057 0.0218692
7.2 -2.4 0.212624 -0.155651
7.2 -2.2 0.175284 -0.198689
7.2 -2 0.226944 -0.139347
7.2 -1.8 0.257659 0.0721132
7.2 -1.6 -0.0172633 0.268145
7.2 -1.4 -0.247824 -0.106463
7.2 -1.2 0.261312 -0.0703829
7.2 -1 -0.253791 0.0961578
7.2 -0.8 0.270189 0.0316474
7.2 -0.6 -0.103827 -0.251985
7.2 -0.4 -0.260026 0.0828252
7.2 -0.2 -0.0982227 0.254842
7.2 0 -0.0189539 0.27253
7.2 0.2 -0.0982227 0.254842
7.2 0.4 -0.260026 0.0828252
7.2 0.6 -0.103827 -0.251985
7.2 0.8 0.270189 0.0316474
7.2 1 -0.253791 0.0961578
7.2 1.2 0.261312 -0.0703829
7.2 1.4 -0.247824 -0.106463
7.2 1.6 -0.0172633 0.268145
7.2 1.8 0.257659 0.0721132
7.2 2 0.226944 -0.139347
7.2 2.2 0.175284 -0.198689
7.2 2.4 0.212624 -0.155651
7.2 2.6 0.261057 0.0218692
7.2 2.8 0.0735704 0.249743
7.2 3 -0.254204 0.0478206
7.2 3.2 0.0929587 -0.2395
7.2 3.4 0.0516442 0.249811
7.2 3.6 -0.0874655 -0.237644
7.2 3.8 0.0229379 0.250271
7.2 4 0.133478 -0.210644
7.2 4.2 -0.247284 -0.00746241
7.2 4.4 0.0340706 0.243017
7.2 4.6 0.243158 0.0102021
7.2 4.8 0.128122 -0.204517
7.2 5 -0.0406646 -0.235807
7.2 5.2 -0.132378 -0.196868
7.2 5.4 -0.154549 -0.177272
7.2 5.6 -0.123546 -0.197704
7.2 5.8 -0.029655 -0.229176
7.2 6 0.121818 -0.19397
7.2 6.2 0.226433 -0.0163911
7.2 6.4 0.101472 0.200835
7.2 6.6 -0.179365 0.132536
7.2 6.8 -0.122581 -0.183939
7.2 7 0.207138 -0.0713588
7.2 7.2 -0.0265769 0.215516
7.2 7.4 -0.154991 -0.149343
7.2 7.6 0.213293 0.00459603
7.2 7.8 -0.180251 0.110597
7.2 8 0.12085 -0.171294
7.2 8.2 -0.0745678 0.193978
7.2 8.4 0.0552172 -0.198489
7.2 8.6 -0.0644196 0.193837
7.2 8.8 0.0987513 -0.176816
7.2 9 -0.148301 0.135396
7.2 9.2 0.190752 -0.0571422
7.2 9.4 -0.189788 -0.0545379
7.2 9.6 0.111099 0.161274
7.2 9.8 0.0379261 -0.190494
7.4 -10 0.055351 0.18392
7.4 -9.8 -0.167215 -0.0976011
7.4 -9.6 0.193984 -0.0216376
7.4 -9.4 -0.158411 0.116744
7.4 -9.2 0.100638 -0.170986
7.4 -9 -0.0502164 0.193644
7.4 -8.8 0.0214177 -0.200579
7.4 -8.6 -0.0194123 0.202486
7.4 -8.4 0.046225 -0.199858
7.4 -8.2 -0.100589 0.180776
7.4 -8 0.168926 -0.122459
7.4 -7.8 -0.210343 0.00616911
7.4 -7.6 0.157028 0.142796
7.4 -7.4 0.023785 -0.212754
7.4 -7.2 -0.204244 0.0700834
7.4 -7 0.11926 0.182256
7.4 -6.8 0.177949 -0.12885
7.4 -6.6 -0.0990524 -0.19824
7.4 -6.4 -0.222817 0.0178742
7.4 -6.2 -0.114578 0.194187
7.4 -6 0.041752 0.223552
7.4 -5.8 0.139136 0.182356
7.4 -5.6 0.174907 0.151407
7.4 -5.4 0.165696 0.164239
7.4 -5.2 0.0996795 0.213107
7.4 -5 -0.0498758 0.231925
7.4 -4.8 -0.220299 0.0931451
7.4 -4.6 -0.153353 -0.186072
7.4 -4.4 0.194547 -0.145682
7.4 -4.2 0.059842 0.237528
7.4 -4 -0.215128 -0.121009
7.4 -3.8 0.247913 0.0193959
7.4 -3.6 -0.25032 -0.00883451
7.4 -3.4 0.232492 0.0978348
7.4 -3.2 -0.0963706 -0.234953
7.4 -3 -0.188363 0.172779
7.4 -2.8 0.154949 0.20528
7.4 -2.6 0.25771 -0.0227771
7.4 -2.4 0.211112 -0.152031
7.4 -2.2 0.204917 -0.162478
7.4 -2 0.256775 -0.0558651
7.4 -1.8 0.191952 0.181176
7.4 -1.6 -0.167148 0.205658
7.4 -1.4 -0.109871 -0.242218
7.4 -1.2 0.22277 0.14684
7.4 -1 -0.224463 -0.145567
7.4 -0.8 0.1144 0.242497
7.4 -0.6 0.169344 -0.208484
7.4 -0.4 -0.185902 -0.194329
7.4 -0.2 -0.26863 0.016438
7.4 0 -0.252794 0.0925387
7.4 0.2 -0.26863 0.016438
7.4 0.4 -0.185902 -0.194329
7.4 0.6 0.169344 -0.208484
7.4 0.8 0.1144 0.242497
7.4 1 -0.224463 -0.145567
7.4 1.2 0.22277 0.14684
7.4 1.4 -0.109871 -0.242218
7.4 1.6 -0.167148 0.205658
7.4 1.8 0.191952 0.181176
7.4 2 0.256775 -0.0558651
7.4 2.2 0.204917 -0.162478
7.4 2.4 0.211112 -0.152031
7.4 2.6 0.25771 -0.0227771
7.4 2.8 0.154949 0.20528
7.4 3 -0.188363 0.172779
7.4 3.2 -0.0963706 -0.234953
7.4 3.4 0.232492 0.0978348
7.4 3.6 -0.25032 -0.00883451
7.4 3.8 0.247913 0.0193959
7.4 4 -0.215128 -0.121009
7.4 4.2 0.059842 0.237528
7.4 4.4 0.194547 -0.145682
7.4 4.6 -0.153353 -0.186072
7.4 4.8 -0.220299 0.0931451
7.4 5 -0.0498758 0.231925
7.4 5.2 0.0996795 0.213107
7.4 5.4 0.165696 0.164239
7.4 5.6 0.174907 0.151407
7.4 5.8 0.139136 0.182356
7.4 6 0.041752 0.223552
7.4 6.2 -0.114578 0.194187
7.4 6.4 -0.222817 0.0178742
7.4 6.6 -0.0990524 -0.19824
7.4 6.8 0.177949 -0.12885
7.4 7 0.11926 0.182256
7.4 7.2 -0.204244 0.0700834
7.4 7.4 0.023785 -0.212754
7.4 7.6 0.157028 0.142796
7.4 7.8 -0.210343 0.00616911
7.4 8 0.168926 -0.122459
7.4 8.2 -0.100589 0.180776
7.4 8.4 0.046225 -0.199858
7.4 8.6 -0.0194123 0.202486
7.4 8.8 0.0214177 -0.200579
7.4 9 -0.0502164 0.193644
7.4 9.2 0.100638 -0.170986
7.4 9.4 -0.158411 0.116744
7.4 9.6 0.193984 -0.0216376
7.4 9.8 -0.167215 -0.0976011
7.6 -10 0.19031 0.0210042
7.6 -9.8 -0.170891 0.0896521
7.6 -9.6 0.111196 -0.159602
7.6 -9.4 -0.0481366 0.190078
7.6 -9.2 0.00220467 -0.19765
7.6 -9 0.0192855 0.198334
7.6 -8.8 -0.0142112 -0.200396
7.6 -8.6 -0.0192641 0.201633
7.6 -8.4 0.080876 -0.187529
7.6 -8.2 -0.157551 0.132596
7.6 -8 0.207026 -0.0159591
7.6 -7.8 -0.158622 -0.13667
7.6 -7.6 -0.021318 0.210059
7.6 -7.4 0.201507 -0.06876
7.6 -7.2 -0.116036 -0.180657
7.6 -7 -0.176598 0.125284
7.6 -6.8 0.096662 0.195792
7.6 -6.6 0.219367 -0.0190865
7.6 -6.4 0.107936 -0.194053
7.6 -6.2 -0.0524872 -0.217678
7.6 -6 -0.152026 -0.166942
7.6 -5.8 -0.190118 -0.125257
7.6 -5.6 -0.189949 -0.128897
7.6 -5.4 -0.146719 -0.178989
7.6 -5.2 -0.0263002 -0.231832
7.6 -5 0.161733 -0.170758
7.6 -4.8 0.221157 0.0853594
7.6 -4.6 -0.0707277 0.2282
7.6 -4.4 -0.202994 -0.129421
7.6 -4.2 0.224487 -0.0918505
7.6 -4 -0.135425 0.203368
7.6 -3.8 0.0882788 -0.229702
7.6 -3.6 -0.12617 0.213265
7.6 -3.4 0.222654 -0.112491
7.6 -3.2 -0.218395 -0.123863
7.6 -3 -0.0883669 0.236676
7.6 -2.8 0.20375 0.151886
7.6 -2.6 0.250866 -0.0487747
7.6 -2.4 0.218096 -0.135799
7.6 -2.2 0.233416 -0.110367
7.6 -2 0.255836 0.0427423
7.6 -1.8 0.0756741 0.249242
7.6 -1.6 -0.253902 0.0624708
7.6 -1.4 0.0864744 -0.247708
7.6 -1.2 0.032893 0.261089
7.6 -1 -0.0121696 -0.263544
7.6 -0.8 -0.14494 0.22111
7.6 -0.6 0.260114 0.0496837
7.6 -0.4 0.0920638 -0.248632
7.6 -0.2 -0.124778 -0.234146
7.6 0 -0.184981 -0.190287
7.6 0.2 -0.124778 -0.234146
7.6 0.4 0.0920638 -0.248632
7.6 0.6 0.260114 0.0496837
7.6 0.8 -0.14494 0.22111
7.6 1 -0.0121696 -0.263544
7.6 1.2 0.032893 0.261089
7.6 1.4 0.0864744 -0.247708
7.6 1.6 -0.253902 0.0624708
7.6 1.8 0.0756741 0.249242
7.6 2 0.255836 0.0427423
7.6 2.2 0.233416 -0.110367
7.6 2.4 0.218096 -0.135799
7.6 2.6 0.250866 -0.0487747
7.6 2.8 0.20375 0.151886
7.6 3 -0.0883669 0.236676
7.6 3.2 -0.218395 -0.123863
7.6 3.4 0.222654 -0.112491
7.6 3.6 -0.12617 0.213265
7.6 3.8 0.0882788 -0.229702
7.6 4 -0.135425 0.203368
7.6 4.2 0.224487 -0.0918505
7.6 4.4 -0.202994 -0.129421
7.6 4.6 -0.0707277 0.2282
7.6 4.8 0.221157 0.0853594
7.6 5 0.161733 -0.170758
7.6 5.2 -0.0263002 -0.231832
7.6 5.4 -0.146719 -0.178989
7.6 5.6 -0.189949 -0.128897
7.6 5.8 -0.190118 -0.125257
7.6 6 -0.152026 -0.166942
7.6 6.2 -0.0524872 -0.217678
7.6 6.4 0.107936 -0.194053
7.6 6.6 0.219367 -0.0190865
7.6 6.8 0.096662 0.195792
7.6 7 -0.176598 0.125284
7.6 7.2 -0.116036 -0.180657
7.6 7.4 0.201507 -0.06876
7.6 7.6 -0.021318 0.210059
7.6 7.8 -0.158622 -0.13667
7.6 8 0.207026 -0.0159591
7.6 8.2 -0.157551 0.132596
7.6 8.4 0.080876 -0.187529
7.6 8.6 -0.0192641 0.201633
7.6 8.8 -0.0142112 -0.200396
7.6 9 0.0192855 0.198334
7.6 9.2 0.00220467 -0.19765
7.6 9.4 -0.0481366 0.190078
7.6 9.6 0.111196 -0.159602
7.6 9.8 -0.170891 0.0896521
7.8 -10 0.127716 -0.141812
7.8 -9.8 -0.0562941 0.183905
7.8 -9.6 -0.00426959 -0.193785
7.8 -9.4 0.0425053 0.190678
7.8 -9.2 -0.0562838 -0.18869
7.8 -9 0.0449554 0.193316
7.8 -8.8 -0.00594088 -0.199975
7.8 -8.6 -0.0619396 0.191927
7.8 -8.4 0.146277 -0.141194
7.8 -8.2 -0.203443 0.0248516
7.8 -8 0.159836 0.130944
7.8 -7.8 0.0191428 -0.207432
7.8 -7.6 -0.198912 0.0673969
7.8 -7.4 0.112901 0.179133
7.8 -7.2 0.175307 -0.12183
7.8 -7 -0.0943019 -0.193479
7.8 -6.8 -0.216075 0.0200603
7.8 -6.6 -0.101844 0.193633
7.8 -6.4 0.0620019 0.211679
7.8 -6.2 0.162556 0.151736
7.8 -6 0.200859 0.0995429
7.8 -5.8 0.206033 0.0928277
7.8 -5.6 0.181199 0.138035
7.8 -5.4 0.0929586 0.209932
7.8 -5.2 -0.0841947 0.215532
7.8 -5 -0.23174 0.0259275
7.8 -4.8 -0.0662557 -0.225433
7.8 -4.6 0.234451 -0.0327886
7.8 -4.4 -0.0798646 0.224708
7.8 -4.2 -0.0941826 -0.220965
7.8 -4 0.171622 0.170464
7.8 -3.8 -0.175289 -0.16909
7.8 -3.6 0.103085 0.222449
7.8 -3.4 0.0805169 -0.233245
7.8 -3.2 -0.247797 0.0154711
7.8 -3 0.00866238 0.249602
7.8 -2.8 0.228518 0.10423
7.8 -2.6 0.245689 -0.058305
7.8 -2.4 0.230185 -0.106881
7.8 -2.2 0.251498 -0.0420377
7.8 -2 0.21347 0.141489
7.8 -1.8 -0.0655605 0.248632
7.8 -1.6 -0.234307 -0.108158
7.8 -1.4 0.232849 -0.113189
7.8 -1.2 -0.177514 0.189473
7.8 -1 0.206126 -0.158904
7.8 -0.8 -0.260602 -0.00978163
7.8 -0.6 0.0773679 0.249471
7.8 -0.4 0.260268 -0.0252001
7.8 -0.2 0.159001 -0.207811
7.8 0 0.0968794 -0.243129
7.8 0.2 0.159001 -0.207811
7.8 0.4 0.260268 -0.0252001
7.8 0.6 0.0773679 0.249471
7.8 0.8 -0.260602 -0.00978163
7.8 1 0.206126 -0.158904
7.8 1.2 -0.177514 0.189473
7.8 1.4 0.232849 -0.113189
7.8 1.6 -0.234307 -0.108158
7.8 1.8 -0.0655605 0.248632
7.8 2 0.21347 0.141489
7.8 2.2 0.251498 -0.0420377
7.8 2.4 0.230185 -0.106881
7.8 2.6 0.245689 -0.058305
7.8 2.8 0.228518 0.10423
7.8 3 0.00866238 0.249602
7.8 3.2 -0.247797 0.0154711
7.8 3.4 0.0805169 -0.233245
7.8 3.6 0.103085 0.222449
7.8 3.8 -0.175289 -0.16909
7.8 4 0.171622 0.170464
7.8 4.2 -0.0941826 -0.220965
7.8 4.4 -0.0798646 0.224708
7.8 4.6 0.234451 -0.0327886
7.8 4.8 -0.0662557 -0.225433
7.8 5 -0.23174 0.0259275
7.8 5.2 -0.0841947 0.215532
7.8 5.4 0.0929586 0.209932
7.8 5.6 0.181199 0.138035
7.8 5.8 0.206033 0.0928277
7.8 6 0.200859 0.0995429
7.8 6.2 0.162556 0.151736
7.8 6.4 0.0620019 0.211679
7.8 6.6 -0.101844 0.193633
7.8 6.8 -0.216075 0.0200603
7.8 7 -0.0943019 -0.193479
7.8 7.2 0.175307 -0.12183
7.8 7.4 0.112901 0.179133
7.8 7.6 -0.198912 0.0673969
7.8 7.8 0.0191428 -0.207432
7.8 8 0.159836 0.130944
7.8 8.2 -0.203443 0.0248516
7.8 8.4 0.146277 -0.141194
7.8 8.6 -0.0619396 0.191927
7.8 8.8 -0.00594088 -0.199975
7.8 9 0.0449554 0.193316
7.8 9.2 -0.0562838 -0.18869
7.8 9.4 0.0425053 0.190678
7.8 9.6 -0.00426959 -0.193785
7.8 9.8 -0.0562941 0.183905
8 -10 4.1479e-05 -0.19021
8 -9.8 0.0528126 0.184241
8 -9.6 -0.0820118 -0.174854
8 -9.4 0.0886993 0.173236
8 -9.2 -0.0724077 -0.182279
8 -9 0.0291627 0.195502
8 -8.8 0.0439333 -0.19431
8 -8.6 -0.135219 0.148425
8 -8.4 0.199676 -0.032921
8 -8.2 -0.160724 -0.125596
8 -8 -0.0172299 0.204877
8 -7.8 0.196449 -0.0660011
8 -7.6 -0.109851 -0.17768
8 -7.4 -0.17407 0.118481
8 -7.2 0.0919729 0.191288
8 -7 0.212931 -0.0208235
8 -6.8 0.0962571 -0.192981
8 -6.6 -0.0704253 -0.205648
8 -6.4 -0.171036 -0.136932
8 -6.2 -0.207786 -0.0747673
8 -6 -0.215012 -0.0574828
8 -5.8 -0.203654 -0.0939967
8 -5.6 -0.145916 -0.172629
8 -5.4 0.00245864 -0.227754
8 -5.2 0.194331 -0.122074
8 -5 0.171389 0.155186
8 -4.8 -0.162228 0.167119
8 -4.6 -0.10103 -0.211725
8 -4.4 0.229386 0.0565693
8 -4.2 -0.227401 0.0698829
8 -4 0.212193 -0.111075
8 -3.8 -0.230431 0.0708703
8 -3.6 0.234113 0.0636845
8 -3.4 -0.0834691 -0.229401
8 -3.2 -0.208162 0.130265
8 -3 0.0853807 0.231725
8 -2.8 0.238532 0.0689171
8 -2.6 0.243783 -0.0533798
8 -2.4 0.242237 -0.0648255
8 -2.2 0.248896 0.038714
8 -2 0.127575 0.218409
8 -1.8 -0.189236 0.169284
8 -1.6 -0.108526 -0.230512
8 -1.4 0.24015 0.0874213
8 -1.2 -0.255547 -0.0190541
8 -1 0.24433 0.0791989
8 -0.8 -0.123086 -0.225986
8 -0.6 -0.182028 0.182433
8 -0.4 0.133973 0.220474
8 -0.2 0.251619 0.0577104
8 0 0.257988 -0.0106259
8 0.2 0.251619 0.0577104
8 0.4 0.133973 0.220474
8 0.6 -0.182028 0.182433
8 0.8 -0.123086 -0.225986
8 1 0.24433 0.0791989
8 1.2 -0.255547 -0.0190541
8 1.4 0.24015 0.0874213
8 1.6 -0.108526 -0.230512
8 1.8 -0.189236 0.169284
8 2 0.127575 0.218409
8 2.2 0.248896 0.038714
8 2.4 0.242237 -0.0648255
8 2.6 0.243783 -0.0533798
8 2.8 0.238532 0.0689171
8 3 0.0853807 0.231725
8 3.2 -0.208162 0.130265
8 3.4 -0.0834691 -0.229401
8 3.6 0.234113 0.0636845
8 3.8 -0.230431 0.0708703
8 4 0.212193 -0.111075
8 4.2 -0.227401 0.0698829
8 4.4 0.229386 0.0565693
8 4.6 -0.10103 -0.211725
8 4.8 -0.162228 0.167119
8 5 0.171389 0.155186
8 5.2 0.194331 -0.122074
8 5.4 0.00245864 -0.227754
8 5.6 -0.145916 -0.172629
8 5.8 -0.203654 -0.0939967
8 6 -0.215012 -0.0574828
8 6.2 -0.207786 -0.0747673
8 6.4 -0.171036 -0.136932
8 6.6 -0.0704253 -0.205648
8 6.8 0.0962571 -0.192981
8 7 0.212931 -0.0208235
8 7.2 0.0919729 0.191288
8 7.4 -0.17407 0.118481
8 7.6 -0.109851 -0.17768
8 7.8 0.196449 -0.0660011
8 8 -0.0172299 0.204877
8 8.2 -0.160724 -0.125596
8 8.4 0.199676 -0.032921
8 8.6 -0.135219 0.148425
8 8.8 0.0439333 -0.19431
8 9 0.0291627 0.195502
8 9.2 -0.0724077 -0.182279
8 9.4 0.0886993 0.173236
8 9.6 -0.0820118 -0.174854
8 9.8 0.0528126 0.184241
8.2 -10 -0.0948861 -0.164102
8.2 -9.8 0.11517 0.152344
8.2 -9.6 -0.116079 -0.153461
8.2 -9.4 0.0963763 0.168223
8.2 -9.2 -0.0502866 -0.188767
8.2 -9 -0.0269526 0.194989
8.2 -8.8 0.124459 -0.154449
8.2 -8.6 -0.195791 0.0402372
8.2 -8.4 0.161333 0.120603
8.2 -8.2 0.0155533 -0.202393
8.2 -8 -0.194107 0.0645788
8.2 -7.8 0.106881 0.17629
8.2 -7.6 0.172883 -0.11523
8.2 -7.4 -0.0896753 -0.189209
8.2 -7.2 -0.209927 0.0214003
8.2 -7 -0.0911328 0.192139
8.2 -6.8 0.0778745 0.199657
8.2 -6.6 0.177748 0.122664
8.2 -6.4 0.211505 0.0512623
8.2 -6.2 0.217994 0.0238689
8.2 -6 0.215291 0.049757
8.2 -5.8 0.183557 0.12599
8.2 -5.6 0.0724128 0.212292
8.2 -5.4 -0.125353 0.188006
8.2 -5.2 -0.222098 -0.0498132
8.2 -5 0.0343468 -0.22667
8.2 -4.8 0.213711 0.0873796
8.2 -4.6 -0.188419 0.136203
8.2 -4.4 0.0604142 -0.226149
8.2 -4.2 0.0191245 0.234864
8.2 -4 -0.0167202 -0.236583
8.2 -3.8 -0.0715889 0.227682
8.2 -3.6 0.208993 -0.118257
8.2 -3.4 -0.196046 -0.141108
8.2 -3.2 -0.135324 0.201734
8.2 -3 0.138438 0.201211
8.2 -2.8 0.240794 0.0478224
8.2 -2.6 0.244151 -0.0353523
8.2 -2.4 0.247624 -0.0101279
8.2 -2.2 0.216619 0.122574
8.2 -2 0.0093719 0.249707
8.2 -1.8 -0.249038 0.0296012
8.2 -1.6 0.0697906 -0.241744
8.2 -1.4 0.0988298 0.232197
8.2 -1.2 -0.14093 -0.210116
8.2 -1 0.0695549 0.243828
8.2 -0.8 0.130984 -0.217635
8.2 -0.6 -0.242866 -0.0756283
8.2 -0.4 -0.138851 0.213435
8.2 -0.2 0.0510702 0.249609
8.2 0 0.113478 0.228171
8.2 0.2 0.0510702 0.249609
8.2 0.4 -0.138851 0.213435
8.2 0.6 -0.242866 -0.0756283
8.2 0.8 0.130984 -0.217635
8.2 1 0.0695549 0.243828
8.2 1.2 -0.14093 -0.210116
8.2 1.4 0.0988298 0.232197
8.2 1.6 0.0697906 -0.241744
8.2 1.8 -0.249038 0.0296012
8.2 2 0.0093719 0.249707
8.2 2.2 0.216619 0.122574
8.2 2.4 0.247624 -0.0101279
8.2 2.6 0.244151 -0.0353523
8.2 2.8 0.240794 0.0478224
8.2 3 0.138438 0.201211
8.2 3.2 -0.135324 0.201734
8.2 3.4 -0.196046 -0.141108
8.2 3.6 0.208993 -0.118257
8.2 3.8 -0.0715889 0.227682
8.2 4 -0.0167202 -0.236583
8.2 4.2 0.0191245 0.234864
8.2 4.4 0.0604142 -0.226149
8.2 4.6 -0.188419 0.136203
8.2 4.8 0.213711 0.0873796
8.2 5 0.0343468 -0.22667
8.2 5.2 -0.222098 -0.0498132
8.2 5.4 -0.125353 0.188006
8.2 5.6 0.0724128 0.212292
8.2 5.8 0.183557 0.12599
8.2 6 0.215291 0.049757
8.2 6.2 0.217994 0.0238689
8.2 6.4 0.211505 0.0512623
8.2 6.6 0.177748 0.122664
8.2 6.8 0.0778745 0.199657
8.2 7 -0.0911328 0.192139
8.2 7.2 -0.209927 0.0214003
8.2 7.4 -0.0896753 -0.189209
8.2 7.6 0.172883 -0.11523
8.2 7.8 0.106881 0.17629
8.2 8 -0.194107 0.0645788
8.2 8.2 0.0155533 -0.202393
8.2 8.4 0.161333 0.120603
8.2 8.6 -0.195791 0.0402372
8.2 8.8 0.124459 -0.154449
8.2 9 -0.0269526 0.194989
8.2 9.2 -0.0502866 -0.188767
8.2 9.4 0.0963763 0.168223
8.2 9.6 -0.116079 -0.153461
8.2 9.8 0.11517 0.152344
8.4 -10 -0.141452 -0.125193
8.4 -9.8 0.138294 0.130702
8.4 -9.6 -0.116835 -0.151971
8.4 -9.4 0.0692822 0.180258
8.4 -9.2 0.0110487 -0.19424
8.4 -9 -0.114059 0.159408
8.4 -8.8 0.191843 -0.0468653
8.4 -8.6 -0.1617 -0.115945
8.4 -8.4 -0.01409 0.199981
8.4 -8.2 0.191875 -0.0631351
8.4 -8 -0.103986 -0.174959
8.4 -7.8 -0.171742 0.112071
8.4 -7.6 0.0874093 0.187233
8.4 -7.4 0.207055 -0.0218119
8.4 -7.2 0.0864334 -0.191146
8.4 -7 -0.0844547 -0.193761
8.4 -6.8 -0.182941 -0.10902
8.4 -6.6 -0.212562 -0.0292322
8.4 -6.4 -0.216042 0.00735939
8.4 -6.2 -0.217649 -0.00740505
8.4 -6 -0.206092 -0.0751954
8.4 -5.8 -0.133395 -0.176185
8.4 -5.6 0.042346 -0.218523
8.4 -5.4 0.216438 -0.0584109
8.4 -5.2 0.0945815 0.204999
8.4 -5 -0.216884 0.0681425
8.4 -4.8 0.0297546 -0.226951
8.4 -4.6 0.146347 0.17799
8.4 -4.4 -0.214318 -0.0886915
8.4 -4.2 0.226678 0.055749
8.4 -4 -0.212527 -0.10003
8.4 -3.8 0.127763 0.198801
8.4 -3.6 0.0838207 -0.222434
8.4 -3.4 -0.237757 -0.024808
8.4 -3.2 -0.0574058 0.233391
8.4 -3 0.171297 0.170369
8.4 -2.8 0.239365 0.040632
8.4 -2.6 0.243867 -0.00522711
8.4 -2.4 0.238883 0.0543784
8.4 -2.2 0.150321 0.194727
8.4 -2 -0.11523 0.218394
8.4 -1.8 -0.215098 -0.123006
8.4 -1.6 0.212221 -0.129405
8.4 -1.4 -0.104646 0.226226
8.4 -1.2 0.0802459 -0.23663
8.4 -1 -0.163234 0.189862
8.4 -0.8 0.250779 0.00426975
8.4 -0.6 -0.0443193 -0.247209
8.4 -0.4 -0.249265 -0.0326291
8.4 -0.2 -0.203436 0.147935
8.4 0 -0.159936 0.194205
8.4 0.2 -0.203436 0.147935
8.4 0.4 -0.249265 -0.0326291
8.4 0.6 -0.0443193 -0.247209
8.4 0.8 0.250779 0.00426975
8.4 1 -0.163234 0.189862
8.4 1.2 0.0802459 -0.23663
8.4 1.4 -0.104646 0.226226
8.4 1.6 0.212221 -0.129405
8.4 1.8 -0.215098 -0.123006
8.4 2 -0.11523 0.218394
8.4 2.2 0.150321 0.194727
8.4 2.4 0.238883 0.0543784
8.4 2.6 0.243867 -0.00522711
8.4 2.8 0.239365 0.040632
8.4 3 0.171297 0.170369
8.4 3.2 -0.0574058 0.233391
8.4 3.4 -0.237757 -0.024808
8.4 3.6 0.0838207 -0.222434
8.4 3.8 0.127763 0.198801
8.4 4 -0.212527 -0.10003
8.4 4.2 0.226678 0.055749
8.4 4.4 -0.214318 -0.0886915
8.4 4.6 0.146347 0.17799
8.4 4.8 0.0297546 -0.226951
8.4 5 -0.216884 0.0681425
8.4 5.2 0.0945815 0.204999
8.4 5.4 0.216438 -0.0584109
8.4 5.6 0.042346 -0.218523
8.4 5.8 -0.133395 -0.176185
8.4 6 -0.206092 -0.0751954
8.4 6.2 -0.217649 -0.00740505
8.4 6.4 -0.216042 0.00735939
8.4 6.6 -0.212562 -0.0292322
8.4 6.8 -0.182941 -0.10902
8.4 7 -0.0844547 -0.193761
8.4 7.2 0.0864334 -0.191146
8.4 7.4 0.207055 -0.0218119
8.4 7.6 0.0874093 0.187233
8.4 7.8 -0.171742 0.112071
8.4 8 -0.103986 -0.174959
8.4 8.2 0.191875 -0.0631351
8.4 8.4 -0.01409 0.199981
8.4 8.6 -0.1617 -0.115945
8.4 8.8 0.191843 -0.0468653
8.4 9 -0.114059 0.159408
8.4 9.2 0.0110487 -0.19424
8.4 9.4 0.0692822 0.180258
8.4 9.6 -0.116835 -0.151971
8.4 9.8 0.138294 0.130702
8.6 -10 -0.155457 -0.106115
8.6 -9.8 0.133876 0.13423
8.6 -9.6 -0.0861807 -0.1704
8.6 -9.4 0.00376072 0.192306
8.6 -9.2 0.104058 -0.163434
8.6 -9 -0.187873 0.0528656
8.6 -8.8 0.161861 0.111601
8.6 -8.6 0.0128195 -0.197639
8.6 -8.4 -0.189747 0.0616744
8.6 -8.2 0.101163 0.173681
8.6 -8 0.170643 -0.108999
8.6 -7.8 -0.0851746 -0.185351
8.6 -7.6 -0.204306 0.0220765
8.6 -7.4 -0.0821238 0.190029
8.6 -7.2 0.0902603 0.188
8.6 -7 0.186835 0.0960534
8.6 -6.8 0.211439 0.00878503
8.6 -6.6 0.210137 -0.0358187
8.6 -6.4 0.21237 -0.031648
8.6 -6.2 0.214891 0.0243282
8.6 -6 0.177028 0.126897
8.6 -5.8 0.0397367 0.215726
8.6 -5.6 -0.166143 0.145569
8.6 -5.4 -0.184801 -0.123777
8.6 -5.2 0.129177 -0.18293
8.6 -5 0.133839 0.181421
8.6 -4.8 -0.226925 0.00217387
8.6 -4.6 0.183401 -0.136136
8.6 -4.4 -0.135296 0.185812
8.6 -4.2 0.142324 -0.18229
8.6 -4 -0.201031 0.11712
8.6 -3.8 0.228869 0.0488103
8.6 -3.6 -0.0594427 -0.227704
8.6 -3.4 -0.222846 0.0795315
8.6 -3.2 0.0099822 0.237636
8.6 -3 0.189243 0.146019
8.6 -2.8 0.235666 0.0462413
8.6 -2.6 0.238591 0.0356055
8.6 -2.4 0.209059 0.122382
8.6 -2.2 0.0539566 0.237133
8.6 -2 -0.210264 0.12394
8.6 -1.8 -0.0929014 -0.226575
8.6 -1.6 0.240001 0.0522093
8.6 -1.4 -0.236219 0.0696339
8.6 -1.2 0.234713 -0.076425
8.6 -1 -0.245072 -0.0333558
8.6 -0.8 0.119338 0.217097
8.6 -0.6 0.196902 -0.150861
8.6 -0.4 -0.0769553 -0.23605
8.6 -0.2 -0.216137 -0.122452
8.6 0 -0.239552 -0.0659326
8.6 0.2 -0.216137 -0.122452
8.6 0.4 -0.0769553 -0.23605
8.6 0.6 0.196902 -0.150861
8.6 0.8 0.119338 0.217097
8.6 1 -0.245072 -0.0333558
8.6 1.2 0.234713 -0.076425
8.6 1.4 -0.236219 0.0696339
8.6 1.6 0.240001 0.0522093
8.6 1.8 -0.0929014 -0.226575
8.6 2 -0.210264 0.12394
8.6 2.2 0.0539566 0.237133
8.6 2.4 0.209059 0.122382
8.6 2.6 0.238591 0.0356055
8.6 2.8 0.235666 0.0462413
8.6 3 0.189243 0.146019
8.6 3.2 0.0099822 0.237636
8.6 3.4 -0.222846 0.0795315
8.6 3.6 -0.0594427 -0.227704
8.6 3.8 0.228869 0.0488103
8.6 4 -0.201031 0.11712
8.6 4.2 0.142324 -0.18229
8.6 4.4 -0.135296 0.185812
8.6 4.6 0.183401 -0.136136
8.6 4.8 -0.226925 0.00217387
8.6 5 0.133839 0.181421
8.6 5.2 0.129177 -0.18293
8.6 5.4 -0.184801 -0.123777
8.6 5.6 -0.166143 0.145569
8.6 5.8 0.0397367 0.215726
8.6 6 0.177028 0.126897
8.6 6.2 0.214891 0.0243282
8.6 6.4 0.21237 -0.031648
8.6 6.6 0.210137 -0.0358187
8.6 6.8 0.211439 0.00878503
8.6 7 0.186835 0.0960534
8.6 7.2 0.0902603 0.188
8.6 7.4 -0.0821238 0.190029
8.6 7.6 -0.204306 0.0220765
8.6 7.8 -0.0851746 -0.185351
8.6 8 0.170643 -0.108999
8.6 8.2 0.101163 0.173681
8.6 8.4 -0.189747 0.0616744
8.6 8.6 0.0128195 -0.197639
8.6 8.8 0.161861 0.111601
8.6 9 -0.187873 0.0528656
8.6 9.2 0.104058 -0.163434
8.6 9.4 0.00376072 0.192306
8.6 9.6 -0.0861807 -0.1704
8.6 9.8 0.133876 0.13423
8.8 -10 -0.147673 -0.115594
8.8 -9.8 0.101057 0.159552
8.8 -9.6 -0.017483 -0.1894
8.8 -9.4 -0.0944824 0.166641
8.8 -9.2 0.183917 -0.0582937
8.8 -9 -0.161843 -0.10755
8.8 -8.8 -0.0117236 0.195367
8.8 -8.6 0.187713 -0.0602005
8.8 -8.4 -0.0984063 -0.172453
8.8 -8.2 -0.169583 0.106007
8.8 -8 0.0829711 0.183555
8.8 -7.8 0.201673 -0.0222104
8.8 -7.6 0.078172 -0.188816
8.8 -7.4 -0.0953756 -0.182401
8.8 -7.2 -0.189624 -0.0837897
8.8 -7 -0.208556 0.0100408
8.8 -6.8 -0.201146 0.0613284
8.8 -6.6 -0.201056 0.0665383
8.8 -6.4 -0.211961 0.0236282
8.8 -6.2 -0.202608 -0.0712363
8.8 -6 -0.110171 -0.186089
8.8 -5.8 0.0890616 -0.198694
8.8 -5.6 0.218632 0.0160371
8.8 -5.4 -0.000195665 0.220688
8.8 -5.2 -0.217092 -0.0471094
8.8 -5 0.147614 -0.167933
8.8 -4.8 0.008566 0.224849
8.8 -4.6 -0.105218 -0.200484
8.8 -4.4 0.129517 0.187397
8.8 -4.2 -0.0876577 -0.211725
8.8 -4 -0.0374678 0.227413
8.8 -3.8 0.203602 -0.110741
8.8 -3.6 -0.16654 -0.162989
8.8 -3.4 -0.175956 0.154622
8.8 -3.2 0.0611563 0.227328
8.8 -3 0.196833 0.131168
8.8 -2.8 0.229036 0.06324
8.8 -2.6 0.223174 0.0844637
8.8 -2.4 0.153801 0.183697
8.8 -2.2 -0.0578147 0.233426
8.8 -2 -0.241036 -0.0114981
8.8 -1.8 0.0705716 -0.231558
8.8 -1.6 0.132349 0.203516
8.8 -1.4 -0.203801 -0.133042
8.8 -1.2 0.197844 0.142676
8.8 -1 -0.102368 -0.221912
8.8 -0.8 -0.128623 0.208246
8.8 -0.6 0.221372 0.105121
8.8 -0.4 0.177911 -0.168844
8.8 -0.2 0.0218521 -0.24443
8.8 0 -0.0371082 -0.242627
8.8 0.2 0.0218521 -0.24443
8.8 0.4 0.177911 -0.168844
8.8 0.6 0.221372 0.105121
8.8 0.8 -0.128623 0.208246
8.8 1 -0.102368 -0.221912
8.8 1.2 0.197844 0.142676
8.8 1.4 -0.203801 -0.133042
8.8 1.6 0.132349 0.203516
8.8 1.8 0.0705716 -0.231558
8.8 2 -0.241036 -0.0114981
8.8 2.2 -0.0578147 0.233426
8.8 2.4 0.153801 0.183697
8.8 2.6 0.223174 0.0844637
8.8 2.8 0.229036 0.06324
8.8 3 0.196833 0.131168
8.8 3.2 0.0611563 0.227328
8.8 3.4 -0.175956 0.154622
8.8 3.6 -0.16654 -0.162989
8.8 3.8 0.203602 -0.110741
8.8 4 -0.0374678 0.227413
8.8 4.2 -0.0876577 -0.211725
8.8 4.4 0.129517 0.187397
8.8 4.6 -0.105218 -0.200484
8.8 4.8 0.008566 0.224849
8.8 5 0.147614 -0.167933
8.8 5.2 -0.217092 -0.0471094
8.8 5.4 -0.000195665 0.220688
8.8 5.6 0.218632 0.0160371
8.8 5.8 0.0890616 -0.198694
8.8 6 -0.110171 -0.186089
8.8 6.2 -0.202608 -0.0712363
8.8 6.4 -0.211961 0.0236282
8.8 6.6 -0.201056 0.0665383
8.8 6.8 -0.201146 0.0613284
8.8 7 -0.208556 0.0100408
8.8 7.2 -0.189624 -0.0837897
8.8 7.4 -0.0953756 -0.182401
8.8 7.6 0.078172 -0.188816
8.8 7.8 0.201673 -0.0222104
8.8 8 0.0829711 0.183555
8.8 8.2 -0.169583 0.106007
8.8 8.4 -0.0984063 -0.172453
8.8 8.6 0.187713 -0.0602005
8.8 8.8 -0.0117236 0.195367
8.8 9 -0.161843 -0.10755
8.8 9.2 0.183917 -0.0582937
8.8 9.4 -0.0944824 0.166641
8.8 9.6 -0.017483 -0.1894
8.8 9.8 0.101057 0.159552
9 -10 -0.114014 -0.14802
9 -9.8 0.0301434 0.185707
9 -9.6 0.0853468 -0.169136
9 -9.4 -0.180001 0.0632005
9 -9.2 0.161673 0.103774
9 -9 0.0107861 -0.193162
9 -8.8 -0.185767 0.0587167
9 -8.6 0.0957137 0.17127
9 -8.4 0.168558 -0.103093
9 -8.2 -0.0807984 -0.181838
9 -8 -0.19915 0.0222276
9 -7.8 -0.0745489 0.187525
9 -7.6 0.0998758 0.176985
9 -7.4 0.191476 0.0722367
9 -7.2 0.204272 -0.0272571
9 -7 0.189823 -0.0838549
9 -6.8 0.185174 -0.0968243
9 -6.6 0.199558 -0.0666728
9 -6.4 0.211325 0.0147993
9 -6.2 0.162665 0.137947
9 -6 -0.00329596 0.214691
9 -5.8 -0.197812 0.0871166
9 -5.6 -0.118972 -0.182156
9 -5.4 0.195527 -0.0985919
9 -5.2 0.0156852 0.219816
9 -5 -0.18075 -0.128475
9 -4.8 0.222954 0.00867795
9 -4.6 -0.218648 0.0507763
9 -4.4 0.222381 -0.0390713
9 -4.2 -0.222038 -0.0475928
9 -4 0.13532 0.18393
9 -3.8 0.0979507 -0.207632
9 -3.6 -0.220174 -0.0691298
9 -3.4 -0.118471 0.199387
9 -3.2 0.0961157 0.212297
9 -3 0.196962 0.126541
9 -2.8 0.217299 0.0898055
9 -2.6 0.192597 0.136546
9 -2.4 0.0738921 0.225185
9 -2.2 -0.160375 0.175646
9 -2 -0.189433 -0.145127
9 -1.8 0.201666 -0.128928
9 -1.6 -0.0524683 0.234205
9 -1.4 -0.0274342 -0.239025
9 -1.2 -0.00080429 0.241103
9 -1 0.131955 -0.202311
9 -0.8 -0.241678 -0.0103577
9 -0.6 0.00674412 0.242086
9 -0.4 0.226106 0.0873211
9 -0.2 0.228874 -0.080152
9 0 0.20392 -0.131316
9 0.2 0.228874 -0.080152
9 0.4 0.226106 0.0873211
9 0.6 0.00674412 0.242086
9 0.8 -0.241678 -0.0103577
9 1 0.131955 -0.202311
9 1.2 -0.00080429 0.241103
9 1.4 -0.0274342 -0.239025
9 1.6 -0.0524683 0.234205
9 1.8 0.201666 -0.128928
9 2 -0.189433 -0.145127
9 2.2 -0.160375 0.175646
9 2.4 0.0738921 0.225185
9 2.6 0.192597 0.136546
9 2.8 0.217299 0.0898055
9 3 0.196962 0.126541
9 3.2 0.0961157 0.212297
9 3.4 -0.118471 0.199387
9 3.6 -0.220174 -0.0691298
9 3.8 0.0979507 -0.207632
9 4 0.13532 0.18393
9 4.2 -0.222038 -0.0475928
9 4.4 0.222381 -0.0390713
9 4.6 -0.218648 0.0507763
9 4.8 0.222954 0.00867795
9 5 -0.18075 -0.128475
9 5.2 0.0156852 0.219816
9 5.4 0.195527 -0.0985919
9 5.6 -0.118972 -0.182156
9 5.8 -0.197812 0.0871166
9 6 -0.00329596 0.214691
9 6.2 0.162665 0.137947
9 6.4 0.211325 0.0147993
9 6.6 0.199558 -0.0666728
9 6.8 0.185174 -0.0968243
9 7 0.189823 -0.0838549
9 7.2 0.204272 -0.0272571
9 7.4 0.191476 0.0722367
9 7.6 0.0998758 0.176985
9 7.8 -0.0745489 0.187525
9 8 -0.19915 0.0222276
9 8.2 -0.0807984 -0.181838
9 8.4 0.168558 -0.103093
9 8.6 0.0957137 0.17127
9 8.8 -0.185767 0.0587167
9 9 0.0107861 -0.193162
9 9.2 0.161673 0.103774
9 9.4 -0.180001 0.0632005
9 9.6 0.0853468 -0.169136
9 9.8 0.0301434 0.185707
9.2 -10 -0.0417801 -0.181386
9.2 -9.8 -0.0766566 0.171009
9.2 -9.6 0.176147 -0.0676326
9.2 -9.4 -0.161371 -0.100255
9.2 -9.2 -0.00999236 0.191022
9.2 -9 0.183902 -0.0572256
9.2 -8.8 -0.0930815 -0.170129
9.2 -8.6 -0.167567 0.10025
9.2 -8.4 0.0786561 0.180195
9.2 -8.2 0.196729 -0.0221406
9.2 -8 0.0712277 -0.186175
9.2 -7.8 -0.103828 -0.171765
9.2 -7.6 -0.192537 -0.0613879
9.2 -7.4 -0.198894 0.0429103
9.2 -7.2 -0.176808 0.103467
9.2 -7 -0.166018 0.122378
9.2 -6.8 -0.179937 0.103621
9.2 -6.6 -0.205511 0.0382101
9.2 -6.4 -0.194749 -0.0796944
9.2 -6.2 -0.0763332 -0.197579
9.2 -6 0.136441 -0.163816
9.2 -5.8 0.193719 0.0922664
9.2 -5.6 -0.095972 0.193437
9.2 -5.4 -0.158818 -0.148299
9.2 -5.2 0.21206 -0.053207
9.2 -5 -0.127795 0.179026
9.2 -4.8 0.0473772 -0.216135
9.2 -4.6 -0.0269586 0.220915
9.2 -4.4 0.0758816 -0.210561
9.2 -4.2 -0.176039 0.140211
9.2 -4 0.220972 0.0486305
9.2 -3.8 -0.0270134 -0.225824
9.2 -3.6 -0.227434 0.0227924
9.2 -3.4 -0.0641313 0.220539
9.2 -3.2 0.117147 0.198782
9.2 -3 0.190787 0.131557
9.2 -2.8 0.197375 0.123285
9.2 -2.6 0.143339 0.184491
9.2 -2.4 -0.0225824 0.233402
9.2 -2.2 -0.224442 0.0706446
9.2 -2 -0.0667966 -0.226394
9.2 -1.8 0.23381 0.0370419
9.2 -1.6 -0.203869 0.121533
9.2 -1.4 0.166662 -0.169762
9.2 -1.2 -0.195525 0.136364
9.2 -1 0.238725 0.00565926
9.2 -0.8 -0.106915 -0.213899
9.2 -0.6 -0.210466 0.114081
9.2 -0.4 0.0175704 0.238941
9.2 -0.2 0.165588 0.173312
9.2 0 0.200752 0.131047
9.2 0.2 0.165588 0.173312
9.2 0.4 0.0175704 0.238941
9.2 0.6 -0.210466 0.114081
9.2 0.8 -0.106915 -0.213899
9.2 1 0.238725 0.00565926
9.2 1.2 -0.195525 0.136364
9.2 1.4 0.166662 -0.169762
9.2 1.6 -0.203869 0.121533
9.2 1.8 0.23381 0.0370419
9.2 2 -0.0667966 -0.226394
9.2 2.2 -0.224442 0.0706446
9.2 2.4 -0.0225824 0.233402
9.2 2.6 0.143339 0.184491
9.2 2.8 0.197375 0.123285
9.2 3 0.190787 0.131557
9.2 3.2 0.117147 0.198782
9.2 3.4 -0.0641313 0.220539
9.2 3.6 -0.227434 0.0227924
9.2 3.8 -0.0270134 -0.225824
9.2 4 0.220972 0.0486305
9.2 4.2 -0.176039 0.140211
9.2 4.4 0.0758816 -0.210561
9.2 4.6 -0.0269586 0.220915
9.2 4.8 0.0473772 -0.216135
9.2 5 -0.127795 0.179026
9.2 5.2 0.21206 -0.053207
9.2 5.4 -0.158818 -0.148299
9.2 5.6 -0.095972 0.193437
9.2 5.8 0.193719 0.0922664
9.2 6 0.136441 -0.163816
9.2 6.2 -0.0763332 -0.197579
9.2 6.4 -0.194749 -0.0796944
9.2 6.6 -0.205511 0.0382101
9.2 6.8 -0.179937 0.103621
9.2 7 -0.166018 0.122378
9.2 7.2 -0.176808 0.103467
9.2 7.4 -0.198894 0.0429103
9.2 7.6 -0.192537 -0.0613879
9.2 7.8 -0.103828 -0.171765
9.2 8 0.0712277 -0.186175
9.2 8.2 0.196729 -0.0221406
9.2 8.4 0.0786561 0.180195
9.2 8.6 -0.167567 0.10025
9.2 8.8 -0.0930815 -0.170129
9.2 9 0.183902 -0.0572256
9.2 9.2 -0.00999236 0.191022
9.2 9.4 -0.161371 -0.100255
9.2 9.6 0.176147 -0.0676326
9.2 9.8 -0.0766566 0.171009
9.4 -10 0.0684102 -0.172342
9.4 -9.8 -0.172371 0.0716324
9.4 -9.6 0.160956 0.0969776
9.4 -9.4 0.00932943 -0.188946
9.4 -9.2 -0.182113 0.0557298
9.4 -9 0.0905067 0.169027
9.4 -8.8 0.166606 -0.0974765
9.4 -8.6 -0.0765435 -0.178619
9.4 -8.4 -0.194404 0.0219605
9.4 -8.2 -0.0681841 0.18478
9.4 -8 0.107291 0.16675
9.4 -7.8 0.192932 0.0512268
9.4 -7.6 0.192679 -0.05707
9.4 -7.4 0.162635 -0.120303
9.4 -7.2 0.144692 -0.143293
9.4 -7 0.155183 -0.133929
9.4 -6.8 0.188041 -0.0849291
9.4 -6.6 0.206833 0.0186855
9.4 -6.4 0.13976 0.155421
9.4 -6.2 -0.0535761 0.203419
9.4 -6 -0.21111 0.0156395
9.4 -5.8 -0.0314276 -0.210682
9.4 -5.6 0.214127 0.00926142
9.4 -5.4 -0.104925 0.18838
9.4 -5.2 -0.0673371 -0.206202
9.4 -5 0.163782 0.144162
9.4 -4.8 -0.193895 -0.102765
9.4 -4.6 0.186909 0.117317
9.4 -4.4 -0.129092 -0.180467
9.4 -4.2 -0.0207694 0.222099
9.4 -4 0.203817 -0.0934526
9.4 -3.8 -0.129278 -0.18457
9.4 -3.6 -0.204711 0.0967629
9.4 -3.4 -0.019736 0.22662
9.4 -3.2 0.126794 0.190077
9.4 -3 0.178029 0.144753
9.4 -2.8 0.166028 0.159703
9.4 -2.6 0.0750924 0.218708
9.4 -2.4 -0.11959 0.19887
9.4 -2.2 -0.225712 -0.0571031
9.4 -2 0.0835315 -0.21808
9.4 -1.8 0.145277 0.183669
9.4 -1.6 -0.224956 -0.0671511
9.4 -1.4 0.233934 0.0252026
9.4 -1.2 -0.2208 -0.0826011
9.4 -1 0.118268 0.204382
9.4 -0.8 0.134442 -0.194515
9.4 -0.6 -0.194367 -0.135096
9.4 -0.4 -0.206232 0.116548
9.4 -0.2 -0.0884933 0.219852
9.4 0 -0.0372901 0.234079
9.4 0.2 -0.0884933 0.219852
9.4 0.4 -0.206232 0.116548
9.4 0.6 -0.194367 -0.135096
9.4 0.8 0.134442 -0.194515
9.4 1 0.118268 0.204382
9.4 1.2 -0.2208 -0.0826011
9.4 1.4 0.233934 0.0252026
9.4 1.6 -0.224956 -0.0671511
9.4 1.8 0.145277 0.183669
9.4 2 0.0835315 -0.21808
9.4 2.2 -0.225712 -0.0571031
9.4 2.4 -0.11959 0.19887
9.4 2.6 0.0750924 0.218708
9.4 2.8 0.166028 0.159703
9.4 3 0.178029 0.144753
9.4 3.2 0.126794 0.190077
9.4 3.4 -0.019736 0.22662
9.4 3.6 -0.204711 0.0967629
9.4 3.8 -0.129278 -0.18457
9.4 4 0.203817 -0.0934526
9.4 4.2 -0.0207694 0.222099
9.4 4.4 -0.129092 -0.180467
9.4 4.6 0.186909 0.117317
9.4 4.8 -0.193895 -0.102765
9.4 5 0.163782 0.144162
9.4 5.2 -0.0673371 -0.206202
9.4 5.4 -0.104925 0.18838
9.4 5.6 0.214127 0.00926142
9.4 5.8 -0.0314276 -0.210682
9.4 6 -0.21111 0.0156395
9.4 6.2 -0.0535761 0.203419
9.4 6.4 0.13976 0.155421
9.4 6.6 0.206833 0.0186855
9.4 6.8 0.188041 -0.0849291
9.4 7 0.155183 -0.133929
9.4 7.2 0.144692 -0.143293
9.4 7.4 0.162635 -0.120303
9.4 7.6 0.192679 -0.05707
9.4 7.8 0.192932 0.0512268
9.4 8 0.107291 0.16675
9.4 8.2 -0.0681841 0.18478
9.4 8.4 -0.194404 0.0219605
9.4 8.6 -0.0765435 -0.178619
9.4 8.8 0.166606 -0.0974765
9.4 9 0.0905067 0.169027
9.4 9.2 -0.182113 0.0557298
9.4 9.4 0.00932943 -0.188946
9.4 9.6 0.160956 0.0969776
9.4 9.8 -0.172371 0.0716324
9.6 -10 0.168685 -0.0752386
9.6 -9.8 -0.160445 -0.0939246
9.6 -9.6 -0.00878563 0.186931
9.6 -9.4 0.180394 -0.0542313
9.6 -9.2 -0.0879866 -0.16796
9.6 -9 -0.165673 0.0947672
9.6 -8.8 0.0744603 0.177106
9.6 -8.6 0.192169 -0.0216969
9.6 -8.4 0.0653961 -0.183352
9.6 -8.2 -0.110317 -0.161942
9.6 -8 -0.19277 -0.04173
9.6 -7.8 -0.185845 0.06982
9.6 -7.6 -0.147742 0.134544
9.6 -7.4 -0.122111 0.159812
9.6 -7.2 -0.127129 0.157526
9.6 -7 -0.161905 0.12366
9.6 -6.8 -0.201228 0.0392991
9.6 -6.6 -0.181711 -0.0977388
9.6 -6.4 -0.0324096 -0.205081
9.6 -6.2 0.17641 -0.111919
9.6 -6 0.139358 0.157365
9.6 -5.8 -0.171207 0.124138
9.6 -5.6 -0.0557679 -0.205302
9.6 -5.4 0.19955 0.0772852
9.6 -5.2 -0.206497 0.0606943
9.6 -5 0.171992 -0.131418
9.6 -4.8 -0.163339 0.143855
9.6 -4.6 0.193453 -0.102299
9.6 -4.4 -0.219561 -0.0137833
9.6 -4.2 0.131562 0.177729
9.6 -4 0.11873 -0.18785
9.6 -3.8 -0.192447 -0.113252
9.6 -3.6 -0.168012 0.148654
9.6 -3.4 0.0125069 0.224988
9.6 -3.2 0.126917 0.187355
9.6 -3 0.157439 0.163829
9.6 -2.8 0.120851 0.193443
9.6 -2.6 -0.00757198 0.228793
9.6 -2.4 -0.195227 0.121023
9.6 -2.2 -0.156234 -0.169367
9.6 -2 0.199251 -0.117061
9.6 -1.8 -0.0214245 0.230716
9.6 -1.6 -0.0987585 -0.210222
9.6 -1.4 0.121821 0.198335
9.6 -1.2 -0.0549493 -0.226627
9.6 -1 -0.112693 0.204577
9.6 -0.8 0.232557 0.0247099
9.6 -0.6 0.0333038 -0.231723
9.6 -0.4 -0.191169 -0.135422
9.6 -0.2 -0.234164 0.00998549
9.6 0 -0.226389 0.0607997
9.6 0.2 -0.234164 0.00998549
9.6 0.4 -0.191169 -0.135422
9.6 0.6 0.0333038 -0.231723
9.6 0.8 0.232557 0.0247099
9.6 1 -0.112693 0.204577
9.6 1.2 -0.0549493 -0.226627
9.6 1.4 0.121821 0.198335
9.6 1.6 -0.0987585 -0.210222
9.6 1.8 -0.0214245 0.230716
9.6 2 0.199251 -0.117061
9.6 2.2 -0.156234 -0.169367
9.6 2.4 -0.195227 0.121023
9.6 2.6 -0.00757198 0.228793
9.6 2.8 0.120851 0.193443
9.6 3 0.157439 0.163829
9.6 3.2 0.126917 0.187355
9.6 3.4 0.0125069 0.224988
9.6 3.6 -0.168012 0.148654
9.6 3.8 -0.192447 -0.113252
9.6 4 0.11873 -0.18785
9.6 4.2 0.131562 0.177729
9.6 4.4 -0.219561 -0.0137833
9.6 4.6 0.193453 -0.102299
9.6 4.8 -0.163339 0.143855
9.6 5 0.171992 -0.131418
9.6 5.2 -0.206497 0.0606943
9.6 5.4 0.19955 0.0772852
9.6 5.6 -0.0557679 -0.205302
9.6 5.8 -0.171207 0.124138
9.6 6 0.139358 0.157365
9.6 6.2 0.17641 -0.111919
9.6 6.4 -0.0324096 -0.205081
9.6 6.6 -0.181711 -0.0977388
9.6 6.8 -0.201228 0.0392991
9.6 7 -0.161905 0.12366
9.6 7.2 -0.127129 0.157526
9.6 7.4 -0.122111 0.159812
9.6 7.6 -0.147742 0.134544
9.6 7.8 -0.185845 0.06982
9.6 8 -0.19277 -0.04173
9.6 8.2 -0.110317 -0.161942
9.6 8.4 0.0653961 -0.183352
9.6 8.6 0.192169 -0.0216969
9.6 8.8 0.0744603 0.177106
9.6 9 -0.165673 0.0947672
9.6 9.2 -0.0879866 -0.16796
9.6 9.4 0.180394 -0.0542313
9.6 9.6 -0.00878563 0.186931
9.6 9.8 -0.160445 -0.0939246
9.8 -10 0.159851 0.0910819
9.8 -9.8 0.00835044 -0.184974
9.8 -9.6 -0.178739 0.0527319
9.8 -9.4 0.0855184 0.166927
9.8 -9.2 0.164766 -0.0921193
9.8 -9 -0.0724056 -0.17565
9.8 -8.8 -0.190019 0.0213584
9.8 -8.6 -0.0628433 0.1819
9.8 -8.4 0.112955 0.157344
9.8 -8.2 0.192145 0.0328698
9.8 -8 0.17857 -0.0812522
9.8 -7.8 0.132483 -0.146395
9.8 -7.6 0.0990136 -0.172273
9.8 -7.4 0.0973206 -0.174679
9.8 -7.2 0.129933 -0.153646
9.8 -7 0.181291 -0.0901778
9.8 -6.8 0.20094 0.0336648
9.8 -6.6 0.107148 0.174765
9.8 -6.4 -0.105879 0.176997
9.8 -6.2 -0.198296 -0.0610906
9.8 -6 0.0631593 -0.198946
9.8 -5.8 0.176515 0.11369
9.8 -5.6 -0.18828 0.0956371
9.8 -5.4 0.0688381 -0.200917
9.8 -5.2 0.0343253 0.210796
9.8 -5 -0.0768313 -0.20053
9.8 -4.8 0.0587199 0.20776
9.8 -4.6 0.0255079 -0.215526
9.8 -4.4 -0.159757 0.148534
9.8 -4.2 0.211067 0.0592354
9.8 -4 0.0114348 -0.219979
9.8 -3.8 -0.21831 -0.0362555
9.8 -3.6 -0.12902 0.181016
9.8 -3.4 0.0327594 0.220829
9.8 -3.2 0.118447 0.190313
9.8 -3 0.127405 0.1855
9.8 -2.8 0.0614552 0.217351
9.8 -2.6 -0.0942596 0.20613
9.8 -2.4 -0.227083 0.0119927
9.8 -2.2 -0.032624 -0.225745
9.8 -2 0.225716 0.0369966
9.8 -1.8 -0.175369 0.14775
9.8 -1.6 0.0927423 -0.210299
9.8 -1.4 -0.0836954 0.214565
9.8 -1.2 0.156341 -0.169676
9.8 -1 -0.230939 0.00785349
9.8 -0.8 0.0878963 0.214014
9.8 -0.6 0.219829 -0.0728516
9.8 -0.4 0.040829 -0.228122
9.8 -0.2 -0.104522 -0.206947
9.8 0 -0.146293 -0.179903
9.8 0.2 -0.104522 -0.206947
9.8 0.4 0.040829 -0.228122
9.8 0.6 0.219829 -0.0728516
9.8 0.8 0.0878963 0.214014
9.8 1 -0.230939 0.00785349
9.8 1.2 0.156341 -0.169676
9.8 1.4 -0.0836954 0.214565
9.8 1.6 0.0927423 -0.210299
9.8 1.8 -0.175369 0.14775
9.8 2 0.225716 0.0369966
9.8 2.2 -0.032624 -0.225745
9.8 2.4 -0.227083 0.0119927
9.8 2.6 -0.0942596 0.20613
9.8 2.8 0.0614552 0.217351
9.8 3 0.127405 0.1855
9.8 3.2 0.118447 0.190313
9.8 3.4 0.0327594 0.220829
9.8 3.6 -0.12902 0.181016
9.8 3.8 -0.21831 -0.0362555
9.8 4 0.0114348 -0.219979
9.8 4.2 0.211067 0.0592354
9.8 4.4 -0.159757 0.148534
9.8 4.6 0.0255079 -0.215526
9.8 4.8 0.0587199 0.20776
9.8 5 -0.0768313 -0.20053
9.8 5.2 0.0343253 0.210796
9.8 5.4 0.0688381 -0.200917
9.8 5.6 -0.18828 0.0956371
9.8 5.8 0.176515 0.11369
9.8 6 0.0631593 -0.198946
9.8 6.2 -0.198296 -0.0610906
9.8 6.4 -0.105879 0.176997
9.8 6.6 0.107148 0.174765
9.8 6.8 0.20094 0.0336648
9.8 7 0.181291 -0.0901778
9.8 7.2 0.129933 -0.153646
9.8 7.4 0.0973206 -0.174679
9.8 7.6 0.0990136 -0.172273
9.8 7.8 0.132483 -0.146395
9.8 8 0.17857 -0.0812522
9.8 8.2 0.192145 0.0328698
9.8 8.4 0.112955 0.157344
9.8 8.6 -0.0628433 0.1819
9.8 8.8 -0.190019 0.0213584
9.8 9 -0.0724056 -0.17565
9.8 9.2 0.164766 -0.0921193
9.8 9.4 0.0855184 0.166927
9.8 9.6 -0.178739 0.0527319
9.8 9.8 0.00835044 -0.184974
