1.2 0 0.113369 0.839748
1.2 0.000753982 0.113367 0.839748
1.2 0.00150796 0.113363 0.839748
1.2 0.00226195 0.113356 0.839749
1.2 0.00301593 0.113346 0.83975
1.19999 0.0037699 0.113333 0.839752
1.19999 0.00452388 0.113317 0.839754
1.19999 0.00527786 0.113298 0.839756
1.19998 0.00603183 0.113277 0.839758
1.19998 0.0067858 0.113253 0.839761
1.19998 0.00753977 0.113225 0.839764
1.19997 0.00829374 0.113195 0.839768
1.19997 0.0090477 0.113162 0.839771
1.19996 0.00980166 0.113126 0.839776
1.19995 0.0105556 0.113088 0.83978
1.19995 0.0113096 0.113046 0.839785
1.19994 0.0120635 0.113002 0.83979
1.19993 0.0128175 0.112954 0.839795
1.19992 0.0135714 0.112904 0.839801
1.19991 0.0143253 0.112851 0.839807
1.19991 0.0150792 0.112795 0.839814
1.1999 0.0158332 0.112736 0.839821
1.19989 0.0165871 0.112674 0.839828
1.19987 0.017341 0.11261 0.839835
1.19986 0.0180949 0.112542 0.839843
1.19985 0.0188488 0.112472 0.839851
1.19984 0.0196027 0.112399 0.839859
1.19983 0.0203565 0.112323 0.839868
1.19981 0.0211104 0.112244 0.839877
1.1998 0.0218643 0.112162 0.839886
1.19979 0.0226181 0.112078 0.839896
1.19977 0.023372 0.11199 0.839906
1.19976 0.0241258 0.1119 0.839916
1.19974 0.0248796 0.111807 0.839927
1.19973 0.0256334 0.11171 0.839938
1.19971 0.0263873 0.111611 0.839949
1.19969 0.027141 0.11151 0.839961
1.19968 0.0278948 0.111405 0.839973
1.19966 0.0286486 0.111297 0.839985
1.19964 0.0294024 0.111187 0.839997
1.19962 0.0301561 0.111073 0.84001
1.1996 0.0309099 0.110957 0.840023
1.19958 0.0316636 0.110838 0.840037
1.19956 0.0324173 0.110716 0.84005
1.19954 0.033171 0.110591 0.840064
1.19952 0.0339247 0.110464 0.840079
1.1995 0.0346784 0.110333 0.840093
1.19948 0.035432 0.1102 0.840108
1.19945 0.0361857 0.110063 0.840124
1.19943 0.0369393 0.109924 0.840139
1.19941 0.0376929 0.109782 0.840155
1.19938 0.0384465 0.109637 0.840171
1.19936 0.0392001 0.10949 0.840188
1.19933 0.0399537 0.109339 0.840204
1.19931 0.0407072 0.109185 0.840221
1.19928 0.0414608 0.109029 0.840239
1.19926 0.0422143 0.10887 0.840256
1.19923 0.0429678 0.108708 0.840274
1.1992 0.0437213 0.108542 0.840292
1.19918 0.0444748 0.108375 0.840311
1.19915 0.0452282 0.108204 0.840329
1.19912 0.0459817 0.10803 0.840348
1.19909 0.0467351 0.107854 0.840368
1.19906 0.0474885 0.107674 0.840387
1.19903 0.0482419 0.107492 0.840407
1.199 0.0489952 0.107307 0.840427
1.19897 0.0497486 0.107119 0.840448
1.19894 0.0505019 0.106928 0.840468
1.1989 0.0512552 0.106734 0.840489
1.19887 0.0520085 0.106538 0.84051
1.19884 0.0527617 0.106338 0.840532
1.19881 0.053515 0.106136 0.840553
1.19877 0.0542682 0.105931 0.840575
1.19874 0.0550214 0.105723 0.840598
1.1987 0.0557746 0.105512 0.84062
1.19867 0.0565277 0.105298 0.840643
1.19863 0.0572809 0.105081 0.840666
1.1986 0.058034 0.104861 0.840689
1.19856 0.0587871 0.104639 0.840712
1.19852 0.0595401 0.104414 0.840736
1.19848 0.0602932 0.104185 0.84076
1.19845 0.0610462 0.103954 0.840784
1.19841 0.0617992 0.10372 0.840809
1.19837 0.0625522 0.103484 0.840833
1.19833 0.0633051 0.103244 0.840858
1.19829 0.064058 0.103001 0.840883
1.19825 0.0648109 0.102756 0.840908
1.19821 0.0655638 0.102507 0.840934
1.19817 0.0663166 0.102256 0.84096
1.19812 0.0670695 0.102002 0.840986
1.19808 0.0678222 0.101745 0.841012
1.19804 0.068575 0.101485 0.841038
1.198 0.0693277 0.101223 0.841065
1.19795 0.0700805 0.100957 0.841092
1.19791 0.0708331 0.100689 0.841119
1.19786 0.0715858 0.100417 0.841146
1.19782 0.0723384 0.100143 0.841173
1.19777 0.073091 0.0998659 0.841201
1.19773 0.0738436 0.099586 0.841229
1.19768 0.0745961 0.0993031 0.841257
1.19763 0.0753486 0.0990174 0.841285
1.19758 0.0761011 0.0987288 0.841314
1.19754 0.0768536 0.0984373 0.841342
1.19749 0.077606 0.098143 0.841371
1.19744 0.0783584 0.0978458 0.8414
1.19739 0.0791107 0.0975457 0.841429
1.19734 0.079863 0.0972427 0.841458
1.19729 0.0806153 0.0969368 0.841488
1.19724 0.0813676 0.0966281 0.841517
1.19719 0.0821198 0.0963165 0.841547
1.19714 0.082872 0.096002 0.841577
1.19708 0.0836242 0.0956846 0.841607
1.19703 0.0843763 0.0953644 0.841637
1.19698 0.0851284 0.0950413 0.841667
1.19692 0.0858805 0.0947153 0.841698
1.19687 0.0866325 0.0943864 0.841729
1.19681 0.0873845 0.0940547 0.841759
1.19676 0.0881365 0.09372 0.84179
1.1967 0.0888884 0.0933825 0.841821
1.19665 0.0896403 0.0930422 0.841852
1.19659 0.0903922 0.0926989 0.841884
1.19653 0.091144 0.0923528 0.841915
1.19648 0.0918958 0.0920037 0.841947
1.19642 0.0926475 0.0916518 0.841978
1.19636 0.0933992 0.0912971 0.84201
1.1963 0.0941509 0.0909394 0.842042
1.19624 0.0949026 0.0905789 0.842074
1.19618 0.0956542 0.0902155 0.842106
1.19612 0.0964057 0.0898492 0.842138
1.19606 0.0971572 0.08948 0.84217
1.196 0.0979087 0.089108 0.842203
1.19594 0.0986602 0.0887331 0.842235
1.19588 0.0994116 0.0883553 0.842267
1.19581 0.100163 0.0879746 0.8423
1.19575 0.100914 0.087591 0.842333
1.19569 0.101666 0.0872046 0.842365
1.19562 0.102417 0.0868153 0.842398
1.19556 0.103168 0.0864231 0.842431
1.19549 0.103919 0.086028 0.842464
1.19543 0.10467 0.08563 0.842497
1.19536 0.105421 0.0852292 0.84253
1.19529 0.106172 0.0848255 0.842563
1.19523 0.106923 0.0844189 0.842596
1.19516 0.107674 0.0840094 0.842629
1.19509 0.108425 0.0835971 0.842662
1.19502 0.109176 0.0831818 0.842695
1.19495 0.109927 0.0827637 0.842728
1.19489 0.110678 0.0823427 0.842761
1.19482 0.111429 0.0819188 0.842795
1.19475 0.112179 0.0814921 0.842828
1.19467 0.11293 0.0810625 0.842861
1.1946 0.113681 0.08063 0.842894
1.19453 0.114431 0.0801946 0.842927
1.19446 0.115182 0.0797563 0.842961
1.19439 0.115932 0.0793152 0.842994
1.19431 0.116683 0.0788711 0.843027
1.19424 0.117433 0.0784242 0.84306
1.19417 0.118183 0.0779744 0.843093
1.19409 0.118934 0.0775218 0.843126
1.19402 0.119684 0.0770662 0.843159
1.19394 0.120434 0.0766078 0.843192
1.19387 0.121184 0.0761465 0.843225
1.19379 0.121934 0.0756823 0.843258
1.19371 0.122684 0.0752153 0.843291
1.19363 0.123434 0.0747453 0.843324
1.19356 0.124184 0.0742725 0.843357
1.19348 0.124934 0.0737968 0.843389
1.1934 0.125684 0.0733182 0.843422
1.19332 0.126434 0.0728368 0.843454
1.19324 0.127184 0.0723524 0.843487
1.19316 0.127933 0.0718652 0.843519
1.19308 0.128683 0.0713751 0.843551
1.193 0.129433 0.0708822 0.843584
1.19292 0.130182 0.0703863 0.843616
1.19284 0.130932 0.0698876 0.843648
1.19275 0.131681 0.069386 0.843679
1.19267 0.132431 0.0688815 0.843711
1.19259 0.13318 0.0683741 0.843743
1.1925 0.133929 0.0678639 0.843774
1.19242 0.134678 0.0673508 0.843805
1.19233 0.135428 0.0668348 0.843837
1.19225 0.136177 0.0663159 0.843868
1.19216 0.136926 0.0657942 0.843898
1.19208 0.137675 0.0652696 0.843929
1.19199 0.138424 0.0647421 0.84396
1.1919 0.139173 0.0642117 0.84399
1.19181 0.139922 0.0636784 0.84402
1.19173 0.14067 0.0631423 0.84405
1.19164 0.141419 0.0626033 0.84408
1.19155 0.142168 0.0620614 0.84411
1.19146 0.142917 0.0615166 0.844139
1.19137 0.143665 0.060969 0.844169
1.19128 0.144414 0.0604185 0.844198
1.19119 0.145162 0.0598651 0.844226
1.1911 0.145911 0.0593088 0.844255
1.191 0.146659 0.0587497 0.844283
1.19091 0.147407 0.0581877 0.844312
1.19082 0.148156 0.0576228 0.84434
1.19073 0.148904 0.0570551 0.844367
1.19063 0.149652 0.0564844 0.844395
1.19054 0.1504 0.0559109 0.844422
1.19044 0.151148 0.0553345 0.844449
1.19035 0.151896 0.0547553 0.844476
1.19025 0.152644 0.0541732 0.844502
1.19016 0.153392 0.0535882 0.844528
1.19006 0.154139 0.0530003 0.844554
1.18996 0.154887 0.0524096 0.84458
1.18986 0.155635 0.051816 0.844605
1.18977 0.156382 0.0512195 0.84463
1.18967 0.15713 0.0506201 0.844655
1.18957 0.157877 0.0500179 0.844679
1.18947 0.158625 0.0494128 0.844703
1.18937 0.159372 0.0488049 0.844727
1.18927 0.160119 0.048194 0.84475
1.18917 0.160866 0.0475804 0.844773
1.18907 0.161614 0.0469638 0.844796
1.18897 0.162361 0.0463444 0.844818
1.18886 0.163108 0.0457221 0.84484
1.18876 0.163855 0.0450969 0.844862
1.18866 0.164602 0.0444689 0.844883
1.18855 0.165348 0.043838 0.844904
1.18845 0.166095 0.0432042 0.844925
1.18834 0.166842 0.0425676 0.844945
1.18824 0.167588 0.0419281 0.844965
1.18813 0.168335 0.0412857 0.844984
1.18803 0.169081 0.0406405 0.845003
1.18792 0.169828 0.0399924 0.845022
1.18781 0.170574 0.0393415 0.84504
1.18771 0.171321 0.0386877 0.845057
1.1876 0.172067 0.038031 0.845075
1.18749 0.172813 0.0373715 0.845091
1.18738 0.173559 0.0367091 0.845108
1.18727 0.174305 0.0360438 0.845124
1.18716 0.175051 0.0353757 0.845139
1.18705 0.175797 0.0347048 0.845154
1.18694 0.176543 0.034031 0.845169
1.18683 0.177288 0.0333543 0.845183
1.18672 0.178034 0.0326747 0.845196
1.18661 0.17878 0.0319923 0.845209
1.1865 0.179525 0.0313071 0.845222
1.18638 0.180271 0.030619 0.845234
1.18627 0.181016 0.029928 0.845246
1.18615 0.181761 0.0292342 0.845257
1.18604 0.182507 0.0285376 0.845267
1.18593 0.183252 0.0278381 0.845277
1.18581 0.183997 0.0271357 0.845287
1.18569 0.184742 0.0264305 0.845295
1.18558 0.185487 0.0257224 0.845304
1.18546 0.186232 0.0250115 0.845311
1.18534 0.186977 0.0242978 0.845319
1.18523 0.187721 0.0235812 0.845325
1.18511 0.188466 0.0228617 0.845331
1.18499 0.189211 0.0221394 0.845337
1.18487 0.189955 0.0214143 0.845341
1.18475 0.1907 0.0206863 0.845346
1.18463 0.191444 0.0199555 0.845349
1.18451 0.192188 0.0192218 0.845352
1.18439 0.192932 0.0184853 0.845355
1.18427 0.193677 0.0177459 0.845356
1.18415 0.194421 0.0170038 0.845357
1.18402 0.195165 0.0162587 0.845358
1.1839 0.195909 0.0155109 0.845358
1.18378 0.196652 0.0147602 0.845357
1.18365 0.197396 0.0140066 0.845355
1.18353 0.19814 0.0132503 0.845353
1.1834 0.198883 0.0124911 0.84535
1.18328 0.199627 0.0117291 0.845346
1.18315 0.20037 0.0109642 0.845342
1.18303 0.201114 0.0101965 0.845337
1.1829 0.201857 0.00942598 0.845331
1.18277 0.2026 0.00865263 0.845324
1.18265 0.203343 0.00787646 0.845317
1.18252 0.204086 0.00709746 0.845309
1.18239 0.204829 0.00631563 0.8453
1.18226 0.205572 0.00553099 0.845291
1.18213 0.206315 0.00474352 0.845281
1.182 0.207058 0.00395323 0.845269
1.18187 0.2078 0.00316012 0.845258
1.18174 0.208543 0.00236419 0.845245
1.18161 0.209285 0.00156545 0.845232
1.18148 0.210028 0.00076389 0.845217
1.18135 0.21077 -4.04837e-05 0.845202
1.18121 0.211512 -0.00084767 0.845186
1.18108 0.212254 -0.00165767 0.84517
1.18095 0.212996 -0.00247048 0.845152
1.18081 0.213738 -0.00328609 0.845134
1.18068 0.21448 -0.00410452 0.845114
1.18054 0.215222 -0.00492575 0.845094
1.18041 0.215964 -0.00574979 0.845073
1.18027 0.216705 -0.00657663 0.845051
1.18013 0.217447 -0.00740627 0.845029
1.18 0.218188 -0.00823871 0.845005
1.17986 0.21893 -0.00907395 0.84498
1.17972 0.219671 -0.00991199 0.844955
1.17958 0.220412 -0.0107528 0.844929
1.17945 0.221153 -0.0115965 0.844901
1.17931 0.221894 -0.0124429 0.844873
1.17917 0.222635 -0.0132921 0.844844
1.17903 0.223376 -0.0141441 0.844813
1.17889 0.224117 -0.0149989 0.844782
1.17874 0.224858 -0.0158565 0.84475
1.1786 0.225598 -0.0167168 0.844717
1.17846 0.226339 -0.01758 0.844683
1.17832 0.227079 -0.0184459 0.844648
1.17818 0.227819 -0.0193146 0.844612
1.17803 0.22856 -0.0201861 0.844575
1.17789 0.2293 -0.0210603 0.844537
1.17774 0.23004 -0.0219374 0.844497
1.1776 0.23078 -0.0228172 0.844457
1.17745 0.23152 -0.0236998 0.844416
1.17731 0.232259 -0.0245851 0.844374
1.17716 0.232999 -0.0254732 0.84433
1.17702 0.233739 -0.0263641 0.844286
1.17687 0.234478 -0.0272578 0.84424
1.17672 0.235218 -0.0281542 0.844193
1.17657 0.235957 -0.0290533 0.844146
1.17642 0.236696 -0.0299552 0.844097
1.17628 0.237435 -0.0308599 0.844047
1.17613 0.238174 -0.0317673 0.843996
1.17598 0.238913 -0.0326775 0.843943
1.17583 0.239652 -0.0335905 0.84389
1.17568 0.240391 -0.0345061 0.843835
1.17552 0.241129 -0.0354246 0.84378
1.17537 0.241868 -0.0363457 0.843723
1.17522 0.242606 -0.0372696 0.843665
1.17507 0.243345 -0.0381963 0.843605
1.17491 0.244083 -0.0391257 0.843545
1.17476 0.244821 -0.0400578 0.843483
1.17461 0.245559 -0.0409926 0.84342
1.17445 0.246297 -0.0419302 0.843356
1.1743 0.247035 -0.0428705 0.84329
1.17414 0.247773 -0.0438135 0.843224
1.17399 0.248511 -0.0447593 0.843156
1.17383 0.249248 -0.0457078 0.843087
1.17367 0.249986 -0.0466589 0.843016
1.17352 0.250723 -0.0476128 0.842944
1.17336 0.25146 -0.0485695 0.842871
1.1732 0.252198 -0.0495288 0.842797
1.17304 0.252935 -0.0504908 0.842721
1.17288 0.253672 -0.0514556 0.842644
1.17272 0.254409 -0.052423 0.842566
1.17256 0.255145 -0.0533932 0.842486
1.1724 0.255882 -0.054366 0.842405
1.17224 0.256619 -0.0553416 0.842323
1.17208 0.257355 -0.0563198 0.842239
1.17192 0.258091 -0.0573007 0.842154
1.17175 0.258828 -0.0582843 0.842067
1.17159 0.259564 -0.0592706 0.841979
1.17143 0.2603 -0.0602596 0.84189
1.17126 0.261036 -0.0612512 0.841799
1.1711 0.261772 -0.0622456 0.841707
1.17094 0.262508 -0.0632426 0.841613
1.17077 0.263243 -0.0642422 0.841518
1.1706 0.263979 -0.0652446 0.841421
1.17044 0.264714 -0.0662496 0.841323
1.17027 0.26545 -0.0672573 0.841224
1.1701 0.266185 -0.0682676 0.841123
1.16994 0.26692 -0.0692806 0.84102
1.16977 0.267655 -0.0702962 0.840916
1.1696 0.26839 -0.0713145 0.840811
1.16943 0.269125 -0.0723354 0.840703
1.16926 0.26986 -0.073359 0.840595
1.16909 0.270594 -0.0743852 0.840485
1.16892 0.271329 -0.0754141 0.840373
1.16875 0.272063 -0.0764455 0.84026
1.16858 0.272797 -0.0774797 0.840145
1.16841 0.273532 -0.0785164 0.840028
1.16824 0.274266 -0.0795558 0.83991
1.16806 0.275 -0.0805978 0.83979
1.16789 0.275734 -0.0816424 0.839669
1.16772 0.276467 -0.0826896 0.839546
1.16754 0.277201 -0.0837394 0.839422
1.16737 0.277934 -0.0847918 0.839295
1.1672 0.278668 -0.0858469 0.839168
1.16702 0.279401 -0.0869045 0.839038
1.16684 0.280134 -0.0879648 0.838907
1.16667 0.280868 -0.0890276 0.838774
1.16649 0.281601 -0.090093 0.838639
1.16631 0.282333 -0.091161 0.838503
1.16614 0.283066 -0.0922316 0.838365
1.16596 0.283799 -0.0933048 0.838225
1.16578 0.284531 -0.0943805 0.838083
1.1656 0.285264 -0.0954588 0.83794
1.16542 0.285996 -0.0965397 0.837795
1.16524 0.286728 -0.0976231 0.837648
1.16506 0.28746 -0.0987091 0.837499
1.16488 0.288192 -0.0997977 0.837349
1.1647 0.288924 -0.100889 0.837197
1.16452 0.289656 -0.101982 0.837043
1.16433 0.290388 -0.103079 0.836887
1.16415 0.291119 -0.104177 0.836729
1.16397 0.29185 -0.105279 0.83657
1.16379 0.292582 -0.106382 0.836408
1.1636 0.293313 -0.107489 0.836245
1.16342 0.294044 -0.108598 0.83608
1.16323 0.294775 -0.109709 0.835913
1.16305 0.295506 -0.110823 0.835744
1.16286 0.296236 -0.111939 0.835573
1.16267 0.296967 -0.113058 0.8354
1.16249 0.297698 -0.11418 0.835225
1.1623 0.298428 -0.115304 0.835049
1.16211 0.299158 -0.11643 0.83487
1.16192 0.299888 -0.117559 0.83469
1.16174 0.300618 -0.11869 0.834507
1.16155 0.301348 -0.119824 0.834322
1.16136 0.302078 -0.12096 0.834136
1.16117 0.302808 -0.122099 0.833947
1.16098 0.303537 -0.123241 0.833757
1.16079 0.304266 -0.124384 0.833564
1.16059 0.304996 -0.12553 0.83337
1.1604 0.305725 -0.126679 0.833173
1.16021 0.306454 -0.12783 0.832974
1.16002 0.307183 -0.128984 0.832773
1.15982 0.307912 -0.13014 0.83257
1.15963 0.30864 -0.131298 0.832365
1.15944 0.309369 -0.132459 0.832158
1.15924 0.310097 -0.133622 0.831949
1.15905 0.310826 -0.134788 0.831738
1.15885 0.311554 -0.135956 0.831524
1.15865 0.312282 -0.137126 0.831308
1.15846 0.31301 -0.138299 0.831091
1.15826 0.313738 -0.139475 0.830871
1.15806 0.314465 -0.140652 0.830649
1.15787 0.315193 -0.141832 0.830424
1.15767 0.31592 -0.143015 0.830198
1.15747 0.316648 -0.1442 0.829969
1.15727 0.317375 -0.145387 0.829738
1.15707 0.318102 -0.146576 0.829505
1.15687 0.318829 -0.147768 0.829269
1.15667 0.319556 -0.148963 0.829031
1.15647 0.320282 -0.150159 0.828791
1.15627 0.321009 -0.151358 0.828549
1.15607 0.321735 -0.15256 0.828304
1.15586 0.322462 -0.153763 0.828058
1.15566 0.323188 -0.154969 0.827808
1.15546 0.323914 -0.156178 0.827557
1.15525 0.32464 -0.157388 0.827303
1.15505 0.325366 -0.158601 0.827047
1.15484 0.326091 -0.159816 0.826788
1.15464 0.326817 -0.161034 0.826527
1.15443 0.327542 -0.162254 0.826264
1.15423 0.328268 -0.163476 0.825998
1.15402 0.328993 -0.1647 0.82573
1.15381 0.329718 -0.165927 0.825459
1.15361 0.330443 -0.167156 0.825186
1.1534 0.331167 -0.168387 0.824911
1.15319 0.331892 -0.169621 0.824633
1.15298 0.332617 -0.170856 0.824353
1.15277 0.333341 -0.172094 0.82407
1.15256 0.334065 -0.173334 0.823784
1.15235 0.334789 -0.174577 0.823497
1.15214 0.335513 -0.175822 0.823206
1.15193 0.336237 -0.177068 0.822913
1.15172 0.336961 -0.178318 0.822618
1.15151 0.337684 -0.179569 0.82232
1.15129 0.338408 -0.180822 0.82202
1.15108 0.339131 -0.182078 0.821717
1.15087 0.339854 -0.183336 0.821411
1.15066 0.340577 -0.184596 0.821103
1.15044 0.3413 -0.185858 0.820792
1.15023 0.342023 -0.187123 0.820479
1.15001 0.342746 -0.188389 0.820163
1.1498 0.343468 -0.189658 0.819844
1.14958 0.344191 -0.190929 0.819523
1.14936 0.344913 -0.192202 0.819199
1.14915 0.345635 -0.193477 0.818872
1.14893 0.346357 -0.194754 0.818543
1.14871 0.347079 -0.196033 0.818211
1.14849 0.3478 -0.197315 0.817876
1.14827 0.348522 -0.198599 0.817539
1.14805 0.349243 -0.199884 0.817199
1.14783 0.349965 -0.201172 0.816856
1.14761 0.350686 -0.202462 0.81651
1.14739 0.351407 -0.203754 0.816162
1.14717 0.352128 -0.205048 0.81581
1.14695 0.352848 -0.206344 0.815457
1.14673 0.353569 -0.207642 0.8151
1.14651 0.354289 -0.208942 0.81474
1.14628 0.35501 -0.210244 0.814378
1.14606 0.35573 -0.211549 0.814013
1.14584 0.35645 -0.212855 0.813645
1.14561 0.35717 -0.214163 0.813274
1.14539 0.35789 -0.215473 0.8129
1.14516 0.358609 -0.216786 0.812523
1.14494 0.359329 -0.2181 0.812144
1.14471 0.360048 -0.219416 0.811761
1.14449 0.360767 -0.220735 0.811376
1.14426 0.361486 -0.222055 0.810988
1.14403 0.362205 -0.223377 0.810597
1.1438 0.362924 -0.224701 0.810202
1.14358 0.363642 -0.226027 0.809805
1.14335 0.364361 -0.227355 0.809405
1.14312 0.365079 -0.228685 0.809002
1.14289 0.365797 -0.230017 0.808596
1.14266 0.366515 -0.231351 0.808187
1.14243 0.367233 -0.232686 0.807775
1.1422 0.367951 -0.234024 0.80736
1.14196 0.368668 -0.235363 0.806942
1.14173 0.369386 -0.236705 0.806521
1.1415 0.370103 -0.238048 0.806097
1.14127 0.37082 -0.239393 0.805669
1.14103 0.371537 -0.24074 0.805239
1.1408 0.372254 -0.242088 0.804805
1.14057 0.372971 -0.243439 0.804369
1.14033 0.373688 -0.244791 0.803929
1.1401 0.374404 -0.246146 0.803486
1.13986 0.37512 -0.247502 0.80304
1.13963 0.375836 -0.248859 0.802591
1.13939 0.376552 -0.250219 0.802139
1.13915 0.377268 -0.25158 0.801683
1.13892 0.377984 -0.252944 0.801225
1.13868 0.378699 -0.254309 0.800763
1.13844 0.379415 -0.255675 0.800298
1.1382 0.38013 -0.257044 0.799829
1.13796 0.380845 -0.258414 0.799358
1.13772 0.38156 -0.259786 0.798883
1.13748 0.382275 -0.261159 0.798405
1.13724 0.382989 -0.262535 0.797923
1.137 0.383704 -0.263912 0.797439
1.13676 0.384418 -0.26529 0.796951
1.13652 0.385132 -0.266671 0.79646
1.13628 0.385846 -0.268053 0.795965
1.13603 0.38656 -0.269436 0.795467
1.13579 0.387274 -0.270822 0.794966
1.13555 0.387987 -0.272209 0.794461
1.1353 0.388701 -0.273597 0.793954
1.13506 0.389414 -0.274988 0.793442
1.13481 0.390127 -0.276379 0.792928
1.13457 0.39084 -0.277773 0.792409
1.13432 0.391553 -0.279168 0.791888
1.13408 0.392266 -0.280564 0.791363
1.13383 0.392978 -0.281963 0.790835
1.13358 0.39369 -0.283362 0.790303
1.13333 0.394403 -0.284764 0.789768
1.13309 0.395115 -0.286166 0.789229
1.13284 0.395826 -0.287571 0.788687
1.13259 0.396538 -0.288977 0.788141
1.13234 0.39725 -0.290384 0.787592
1.13209 0.397961 -0.291793 0.787039
1.13184 0.398672 -0.293203 0.786483
1.13159 0.399383 -0.294615 0.785923
1.13134 0.400094 -0.296028 0.78536
1.13109 0.400805 -0.297443 0.784793
1.13083 0.401516 -0.298859 0.784222
1.13058 0.402226 -0.300277 0.783648
1.13033 0.402936 -0.301696 0.783071
1.13007 0.403647 -0.303116 0.78249
1.12982 0.404357 -0.304538 0.781905
1.12957 0.405066 -0.305961 0.781316
1.12931 0.405776 -0.307386 0.780724
1.12906 0.406486 -0.308812 0.780128
1.1288 0.407195 -0.310239 0.779529
1.12855 0.407904 -0.311668 0.778926
1.12829 0.408613 -0.313098 0.778319
1.12803 0.409322 -0.314529 0.777709
1.12777 0.410031 -0.315962 0.777094
1.12752 0.410739 -0.317395 0.776476
1.12726 0.411447 -0.318831 0.775855
1.127 0.412156 -0.320267 0.775229
1.12674 0.412864 -0.321705 0.7746
1.12648 0.413572 -0.323144 0.773967
1.12622 0.414279 -0.324584 0.773331
1.12596 0.414987 -0.326025 0.77269
1.1257 0.415694 -0.327468 0.772046
1.12544 0.416401 -0.328912 0.771398
1.12518 0.417108 -0.330357 0.770746
1.12491 0.417815 -0.331803 0.77009
1.12465 0.418522 -0.33325 0.769431
1.12439 0.419229 -0.334699 0.768767
1.12412 0.419935 -0.336149 0.7681
1.12386 0.420641 -0.337599 0.767429
1.1236 0.421347 -0.339051 0.766754
1.12333 0.422053 -0.340504 0.766075
1.12306 0.422759 -0.341958 0.765392
1.1228 0.423464 -0.343413 0.764705
1.12253 0.42417 -0.34487 0.764015
1.12227 0.424875 -0.346327 0.76332
1.122 0.42558 -0.347785 0.762621
1.12173 0.426285 -0.349245 0.761919
1.12146 0.42699 -0.350705 0.761212
1.12119 0.427694 -0.352166 0.760502
1.12093 0.428399 -0.353629 0.759787
1.12066 0.429103 -0.355092 0.759069
1.12039 0.429807 -0.356556 0.758346
1.12012 0.430511 -0.358021 0.75762
1.11985 0.431214 -0.359488 0.756889
1.11957 0.431918 -0.360955 0.756154
1.1193 0.432621 -0.362423 0.755416
1.11903 0.433325 -0.363891 0.754673
1.11876 0.434028 -0.365361 0.753926
1.11849 0.43473 -0.366832 0.753175
1.11821 0.435433 -0.368303 0.75242
1.11794 0.436136 -0.369776 0.751661
1.11766 0.436838 -0.371249 0.750898
1.11739 0.43754 -0.372723 0.75013
1.11711 0.438242 -0.374197 0.749359
1.11684 0.438944 -0.375673 0.748583
1.11656 0.439646 -0.377149 0.747803
1.11629 0.440347 -0.378626 0.747019
1.11601 0.441048 -0.380104 0.746231
1.11573 0.441749 -0.381583 0.745438
1.11545 0.44245 -0.383062 0.744641
1.11518 0.443151 -0.384542 0.74384
1.1149 0.443852 -0.386022 0.743035
1.11462 0.444552 -0.387504 0.742226
1.11434 0.445252 -0.388986 0.741412
1.11406 0.445953 -0.390468 0.740594
1.11378 0.446652 -0.391951 0.739772
1.1135 0.447352 -0.393435 0.738946
1.11322 0.448052 -0.39492 0.738115
1.11293 0.448751 -0.396405 0.73728
1.11265 0.44945 -0.39789 0.736441
1.11237 0.450149 -0.399376 0.735597
1.11209 0.450848 -0.400863 0.734749
1.1118 0.451547 -0.40235 0.733897
1.11152 0.452245 -0.403838 0.73304
1.11123 0.452944 -0.405326 0.732179
1.11095 0.453642 -0.406815 0.731314
1.11066 0.45434 -0.408304 0.730444
1.11038 0.455037 -0.409793 0.72957
1.11009 0.455735 -0.411283 0.728691
1.10981 0.456432 -0.412774 0.727808
1.10952 0.45713 -0.414265 0.726921
1.10923 0.457827 -0.415756 0.726029
1.10894 0.458523 -0.417247 0.725133
1.10866 0.45922 -0.418739 0.724232
1.10837 0.459917 -0.420231 0.723327
1.10808 0.460613 -0.421724 0.722417
1.10779 0.461309 -0.423217 0.721503
1.1075 0.462005 -0.42471 0.720584
1.10721 0.462701 -0.426204 0.719661
1.10692 0.463396 -0.427697 0.718733
1.10662 0.464092 -0.429191 0.717801
1.10633 0.464787 -0.430685 0.716864
1.10604 0.465482 -0.43218 0.715923
1.10575 0.466177 -0.433674 0.714977
1.10546 0.466872 -0.435169 0.714027
1.10516 0.467566 -0.436664 0.713072
1.10487 0.46826 -0.438159 0.712113
1.10457 0.468954 -0.439654 0.711149
1.10428 0.469648 -0.44115 0.71018
1.10398 0.470342 -0.442645 0.709207
1.10369 0.471036 -0.44414 0.708229
1.10339 0.471729 -0.445636 0.707246
1.10309 0.472422 -0.447132 0.706259
1.1028 0.473115 -0.448627 0.705268
1.1025 0.473808 -0.450123 0.704271
1.1022 0.474501 -0.451618 0.70327
1.1019 0.475193 -0.453114 0.702265
1.1016 0.475885 -0.45461 0.701254
1.10131 0.476577 -0.456105 0.700239
1.10101 0.477269 -0.4576 0.699219
1.10071 0.477961 -0.459096 0.698195
1.10041 0.478653 -0.460591 0.697166
1.1001 0.479344 -0.462086 0.696132
1.0998 0.480035 -0.463581 0.695093
1.0995 0.480726 -0.465076 0.69405
1.0992 0.481417 -0.46657 0.693002
1.0989 0.482107 -0.468065 0.691949
1.09859 0.482798 -0.469559 0.690892
1.09829 0.483488 -0.471053 0.689829
1.09799 0.484178 -0.472546 0.688762
1.09768 0.484867 -0.47404 0.68769
1.09738 0.485557 -0.475533 0.686614
1.09707 0.486246 -0.477026 0.685532
1.09677 0.486936 -0.478518 0.684446
1.09646 0.487625 -0.48001 0.683355
1.09615 0.488314 -0.481502 0.682259
1.09585 0.489002 -0.482994 0.681158
1.09554 0.489691 -0.484485 0.680053
1.09523 0.490379 -0.485975 0.678942
1.09492 0.491067 -0.487465 0.677827
1.09461 0.491755 -0.488955 0.676707
1.0943 0.492442 -0.490444 0.675582
1.09399 0.49313 -0.491933 0.674452
1.09368 0.493817 -0.493421 0.673317
1.09337 0.494504 -0.494909 0.672177
1.09306 0.495191 -0.496396 0.671033
1.09275 0.495878 -0.497883 0.669883
1.09244 0.496564 -0.499369 0.668729
1.09213 0.497251 -0.500854 0.66757
1.09181 0.497937 -0.502339 0.666405
1.0915 0.498623 -0.503823 0.665236
1.09119 0.499308 -0.505307 0.664062
1.09087 0.499994 -0.506789 0.662883
1.09056 0.500679 -0.508272 0.661699
1.09024 0.501364 -0.509753 0.66051
1.08993 0.502049 -0.511234 0.659316
1.08961 0.502734 -0.512714 0.658117
1.0893 0.503419 -0.514193 0.656913
1.08898 0.504103 -0.515671 0.655704
1.08866 0.504787 -0.517148 0.65449
1.08835 0.505471 -0.518625 0.653271
1.08803 0.506155 -0.520101 0.652048
1.08771 0.506838 -0.521576 0.650819
1.08739 0.507522 -0.52305 0.649585
1.08707 0.508205 -0.524523 0.648346
1.08675 0.508888 -0.525995 0.647102
1.08643 0.50957 -0.527466 0.645853
1.08611 0.510253 -0.528937 0.644598
1.08579 0.510935 -0.530406 0.643339
1.08547 0.511617 -0.531874 0.642075
1.08515 0.512299 -0.533341 0.640806
1.08483 0.512981 -0.534807 0.639531
1.0845 0.513662 -0.536273 0.638252
1.08418 0.514344 -0.537736 0.636967
1.08386 0.515025 -0.539199 0.635678
1.08353 0.515706 -0.540661 0.634383
1.08321 0.516386 -0.542122 0.633083
1.08289 0.517067 -0.543581 0.631778
1.08256 0.517747 -0.545039 0.630468
1.08224 0.518427 -0.546496 0.629153
1.08191 0.519107 -0.547952 0.627833
1.08158 0.519787 -0.549406 0.626507
1.08126 0.520466 -0.550859 0.625177
1.08093 0.521146 -0.552311 0.623841
1.0806 0.521825 -0.553762 0.6225
1.08027 0.522504 -0.555211 0.621154
1.07994 0.523182 -0.556658 0.619803
1.07962 0.523861 -0.558105 0.618447
1.07929 0.524539 -0.55955 0.617085
1.07896 0.525217 -0.560993 0.615718
1.07863 0.525895 -0.562435 0.614347
1.0783 0.526572 -0.563876 0.61297
1.07796 0.52725 -0.565315 0.611587
1.07763 0.527927 -0.566753 0.6102
1.0773 0.528604 -0.568189 0.608808
1.07697 0.529281 -0.569623 0.60741
1.07664 0.529957 -0.571056 0.606007
1.0763 0.530634 -0.572487 0.604599
1.07597 0.53131 -0.573917 0.603185
1.07564 0.531986 -0.575345 0.601767
1.0753 0.532662 -0.576771 0.600343
1.07497 0.533337 -0.578196 0.598914
1.07463 0.534012 -0.579619 0.59748
1.07429 0.534688 -0.58104 0.59604
1.07396 0.535362 -0.582459 0.594595
1.07362 0.536037 -0.583877 0.593145
1.07329 0.536712 -0.585293 0.59169
1.07295 0.537386 -0.586707 0.59023
1.07261 0.53806 -0.588119 0.588764
1.07227 0.538734 -0.589529 0.587293
1.07193 0.539407 -0.590938 0.585817
1.07159 0.540081 -0.592344 0.584336
1.07125 0.540754 -0.593748 0.582849
1.07091 0.541427 -0.595151 0.581357
1.07057 0.5421 -0.596552 0.57986
1.07023 0.542772 -0.59795 0.578357
1.06989 0.543445 -0.599347 0.576849
1.06955 0.544117 -0.600741 0.575336
1.06921 0.544789 -0.602133 0.573818
1.06887 0.54546 -0.603524 0.572294
1.06852 0.546132 -0.604912 0.570766
1.06818 0.546803 -0.606298 0.569231
1.06784 0.547474 -0.607681 0.567692
1.06749 0.548145 -0.609063 0.566147
1.06715 0.548816 -0.610442 0.564597
1.0668 0.549486 -0.61182 0.563042
1.06646 0.550156 -0.613194 0.561481
1.06611 0.550826 -0.614567 0.559915
1.06576 0.551496 -0.615937 0.558344
1.06542 0.552165 -0.617305 0.556768
1.06507 0.552835 -0.618671 0.555186
1.06472 0.553504 -0.620034 0.553599
1.06437 0.554173 -0.621395 0.552006
1.06403 0.554841 -0.622753 0.550409
1.06368 0.55551 -0.624109 0.548806
1.06333 0.556178 -0.625462 0.547197
1.06298 0.556846 -0.626813 0.545584
1.06263 0.557514 -0.628162 0.543965
1.06228 0.558181 -0.629507 0.542341
1.06193 0.558849 -0.630851 0.540711
1.06158 0.559516 -0.632191 0.539076
1.06122 0.560183 -0.633529 0.537436
1.06087 0.560849 -0.634865 0.535791
1.06052 0.561516 -0.636197 0.53414
1.06017 0.562182 -0.637528 0.532484
1.05981 0.562848 -0.638855 0.530822
1.05946 0.563514 -0.640179 0.529155
1.0591 0.564179 -0.641501 0.527483
1.05875 0.564845 -0.64282 0.525806
1.05839 0.56551 -0.644136 0.524123
1.05804 0.566175 -0.64545 0.522435
1.05768 0.566839 -0.64676 0.520742
1.05733 0.567504 -0.648068 0.519043
1.05697 0.568168 -0.649372 0.51734
1.05661 0.568832 -0.650674 0.51563
1.05625 0.569496 -0.651973 0.513916
1.0559 0.570159 -0.653269 0.512196
1.05554 0.570823 -0.654561 0.510471
1.05518 0.571486 -0.655851 0.50874
1.05482 0.572149 -0.657138 0.507004
1.05446 0.572811 -0.658421 0.505263
1.0541 0.573474 -0.659702 0.503517
1.05374 0.574136 -0.660979 0.501765
1.05338 0.574798 -0.662253 0.500008
1.05302 0.57546 -0.663524 0.498246
1.05266 0.576121 -0.664792 0.496478
1.05229 0.576783 -0.666056 0.494705
1.05193 0.577444 -0.667318 0.492927
1.05157 0.578104 -0.668576 0.491144
1.0512 0.578765 -0.66983 0.489355
1.05084 0.579425 -0.671082 0.487561
1.05048 0.580086 -0.67233 0.485762
1.05011 0.580745 -0.673574 0.483957
1.04975 0.581405 -0.674815 0.482147
1.04938 0.582065 -0.676053 0.480332
1.04902 0.582724 -0.677287 0.478511
1.04865 0.583383 -0.678518 0.476686
1.04828 0.584042 -0.679745 0.474855
1.04791 0.5847 -0.680969 0.473018
1.04755 0.585358 -0.682189 0.471177
1.04718 0.586017 -0.683405 0.46933
1.04681 0.586674 -0.684618 0.467478
1.04644 0.587332 -0.685827 0.465621
1.04607 0.587989 -0.687033 0.463758
1.0457 0.588647 -0.688235 0.46189
1.04533 0.589303 -0.689433 0.460017
1.04496 0.58996 -0.690627 0.458139
1.04459 0.590617 -0.691818 0.456255
1.04422 0.591273 -0.693005 0.454367
1.04385 0.591929 -0.694188 0.452473
1.04348 0.592585 -0.695367 0.450574
1.0431 0.59324 -0.696542 0.448669
1.04273 0.593895 -0.697713 0.446759
1.04236 0.59455 -0.698881 0.444845
1.04198 0.595205 -0.700044 0.442925
1.04161 0.59586 -0.701204 0.440999
1.04124 0.596514 -0.702359 0.439069
1.04086 0.597168 -0.703511 0.437133
1.04048 0.597822 -0.704658 0.435192
1.04011 0.598476 -0.705801 0.433246
1.03973 0.599129 -0.70694 0.431295
1.03936 0.599782 -0.708075 0.429339
1.03898 0.600435 -0.709206 0.427377
1.0386 0.601088 -0.710333 0.425411
1.03822 0.60174 -0.711455 0.423439
1.03785 0.602393 -0.712574 0.421462
1.03747 0.603045 -0.713688 0.41948
1.03709 0.603696 -0.714797 0.417493
1.03671 0.604348 -0.715903 0.4155
1.03633 0.604999 -0.717003 0.413503
1.03595 0.60565 -0.7181 0.4115
1.03557 0.606301 -0.719192 0.409493
1.03519 0.606951 -0.72028 0.40748
1.0348 0.607602 -0.721363 0.405462
1.03442 0.608252 -0.722442 0.403439
1.03404 0.608902 -0.723516 0.401411
1.03366 0.609551 -0.724586 0.399378
1.03327 0.610201 -0.725651 0.39734
1.03289 0.61085 -0.726712 0.395297
1.03251 0.611499 -0.727768 0.393248
1.03212 0.612147 -0.728819 0.391195
1.03174 0.612796 -0.729866 0.389137
1.03135 0.613444 -0.730908 0.387073
1.03097 0.614092 -0.731945 0.385005
1.03058 0.614739 -0.732978 0.382932
1.03019 0.615387 -0.734005 0.380853
1.02981 0.616034 -0.735028 0.37877
1.02942 0.616681 -0.736046 0.376681
1.02903 0.617327 -0.73706 0.374588
1.02864 0.617974 -0.738068 0.37249
1.02826 0.61862 -0.739071 0.370386
1.02787 0.619266 -0.74007 0.368278
1.02748 0.619912 -0.741063 0.366165
1.02709 0.620557 -0.742052 0.364047
1.0267 0.621202 -0.743035 0.361924
1.02631 0.621847 -0.744014 0.359796
1.02592 0.622492 -0.744987 0.357663
1.02552 0.623137 -0.745956 0.355526
1.02513 0.623781 -0.746919 0.353383
1.02474 0.624425 -0.747877 0.351236
1.02435 0.625069 -0.74883 0.349083
1.02396 0.625712 -0.749777 0.346926
1.02356 0.626355 -0.75072 0.344764
1.02317 0.626998 -0.751657 0.342597
1.02277 0.627641 -0.752589 0.340426
1.02238 0.628284 -0.753515 0.338249
1.02198 0.628926 -0.754437 0.336068
1.02159 0.629568 -0.755352 0.333882
1.02119 0.63021 -0.756263 0.331691
1.0208 0.630851 -0.757168 0.329496
1.0204 0.631492 -0.758067 0.327295
1.02 0.632133 -0.758962 0.32509
1.01961 0.632774 -0.75985 0.32288
1.01921 0.633415 -0.760733 0.320666
1.01881 0.634055 -0.761611 0.318447
1.01841 0.634695 -0.762483 0.316223
1.01801 0.635335 -0.763349 0.313994
1.01761 0.635974 -0.76421 0.311761
1.01721 0.636613 -0.765065 0.309523
1.01681 0.637252 -0.765914 0.307281
1.01641 0.637891 -0.766758 0.305033
1.01601 0.63853 -0.767596 0.302782
1.01561 0.639168 -0.768428 0.300525
1.01521 0.639806 -0.769254 0.298264
1.01481 0.640444 -0.770075 0.295999
1.0144 0.641081 -0.770889 0.293729
1.014 0.641718 -0.771698 0.291454
1.0136 0.642355 -0.772501 0.289175
1.01319 0.642992 -0.773298 0.286891
1.01279 0.643629 -0.774089 0.284603
1.01238 0.644265 -0.774874 0.28231
1.01198 0.644901 -0.775653 0.280013
1.01157 0.645537 -0.776426 0.277712
1.01117 0.646172 -0.777192 0.275405
1.01076 0.646807 -0.777953 0.273095
1.01036 0.647442 -0.778708 0.27078
1.00995 0.648077 -0.779456 0.268461
1.00954 0.648711 -0.780199 0.266137
1.00913 0.649346 -0.780935 0.263809
1.00873 0.649979 -0.781665 0.261476
1.00832 0.650613 -0.782388 0.259139
1.00791 0.651247 -0.783106 0.256798
1.0075 0.65188 -0.783817 0.254453
1.00709 0.652513 -0.784522 0.252103
1.00668 0.653145 -0.78522 0.249749
1.00627 0.653778 -0.785912 0.247391
1.00586 0.65441 -0.786597 0.245028
1.00545 0.655042 -0.787277 0.242661
1.00503 0.655673 -0.787949 0.24029
1.00462 0.656305 -0.788615 0.237915
1.00421 0.656936 -0.789275 0.235536
1.0038 0.657566 -0.789928 0.233152
1.00338 0.658197 -0.790575 0.230765
1.00297 0.658827 -0.791215 0.228373
1.00255 0.659457 -0.791848 0.225977
1.00214 0.660087 -0.792475 0.223577
1.00173 0.660717 -0.793095 0.221173
1.00131 0.661346 -0.793708 0.218765
1.00089 0.661975 -0.794314 0.216353
1.00048 0.662604 -0.794914 0.213936
1.00006 0.663232 -0.795507 0.211516
0.999645 0.663861 -0.796094 0.209092
0.999227 0.664488 -0.796673 0.206664
0.99881 0.665116 -0.797245 0.204232
0.998391 0.665744 -0.797811 0.201796
0.997973 0.666371 -0.79837 0.199356
0.997554 0.666998 -0.798922 0.196912
0.997135 0.667624 -0.799466 0.194464
0.996715 0.668251 -0.800004 0.192013
0.996295 0.668877 -0.800535 0.189557
0.995875 0.669503 -0.801059 0.187098
0.995454 0.670128 -0.801575 0.184635
0.995032 0.670754 -0.802085 0.182168
0.994611 0.671379 -0.802587 0.179698
0.994189 0.672004 -0.803083 0.177223
0.993766 0.672628 -0.803571 0.174745
0.993344 0.673252 -0.804052 0.172264
0.99292 0.673876 -0.804526 0.169778
0.992497 0.6745 -0.804992 0.167289
0.992073 0.675124 -0.805451 0.164797
0.991648 0.675747 -0.805903 0.1623
0.991224 0.67637 -0.806348 0.159801
0.990798 0.676992 -0.806785 0.157297
0.990373 0.677615 -0.807215 0.15479
0.989947 0.678237 -0.807637 0.15228
0.98952 0.678859 -0.808053 0.149766
0.989094 0.67948 -0.80846 0.147249
0.988667 0.680102 -0.80886 0.144728
0.988239 0.680723 -0.809253 0.142203
0.987811 0.681344 -0.809638 0.139676
0.987383 0.681964 -0.810015 0.137144
0.986954 0.682584 -0.810385 0.13461
0.986525 0.683204 -0.810748 0.132072
0.986096 0.683824 -0.811102 0.129531
0.985666 0.684443 -0.81145 0.126987
0.985236 0.685063 -0.811789 0.124439
0.984805 0.685682 -0.812121 0.121888
0.984374 0.6863 -0.812445 0.119334
0.983943 0.686919 -0.812761 0.116776
0.983511 0.687537 -0.813069 0.114216
0.983079 0.688154 -0.81337 0.111652
0.982646 0.688772 -0.813663 0.109085
0.982213 0.689389 -0.813948 0.106515
0.98178 0.690006 -0.814225 0.103942
0.981346 0.690623 -0.814494 0.101366
0.980912 0.691239 -0.814755 0.0987869
0.980477 0.691856 -0.815009 0.0962047
0.980042 0.692472 -0.815254 0.0936196
0.979607 0.693087 -0.815492 0.0910315
0.979171 0.693703 -0.815721 0.0884405
0.978735 0.694318 -0.815942 0.0858466
0.978299 0.694933 -0.816156 0.0832498
0.977862 0.695547 -0.816361 0.0806501
0.977425 0.696161 -0.816558 0.0780477
0.976987 0.696775 -0.816747 0.0754424
0.976549 0.697389 -0.816928 0.0728343
0.976111 0.698003 -0.8171 0.0702235
0.975672 0.698616 -0.817265 0.06761
0.975233 0.699229 -0.817421 0.0649937
0.974793 0.699841 -0.817569 0.0623748
0.974354 0.700454 -0.817708 0.0597533
0.973913 0.701066 -0.81784 0.0571291
0.973473 0.701677 -0.817963 0.0545024
0.973031 0.702289 -0.818077 0.051873
0.97259 0.7029 -0.818184 0.0492412
0.972148 0.703511 -0.818282 0.0466068
0.971706 0.704122 -0.818371 0.04397
0.971263 0.704732 -0.818452 0.0413307
0.97082 0.705342 -0.818525 0.038689
0.970377 0.705952 -0.818589 0.0360449
0.969933 0.706562 -0.818645 0.0333985
0.969489 0.707171 -0.818692 0.0307496
0.969045 0.70778 -0.81873 0.0280985
0.9686 0.708389 -0.81876 0.0254451
0.968154 0.708997 -0.818782 0.0227895
0.967709 0.709605 -0.818795 0.0201316
0.967263 0.710213 -0.818799 0.0174716
0.966816 0.710821 -0.818794 0.0148094
0.966369 0.711428 -0.818781 0.012145
0.965922 0.712035 -0.818759 0.00947858
0.965475 0.712642 -0.818729 0.00681005
0.965027 0.713248 -0.818689 0.00413948
0.964578 0.713855 -0.818641 0.00146689
0.96413 0.714461 -0.818584 -0.00120767
0.963681 0.715066 -0.818519 -0.00388419
0.963231 0.715672 -0.818444 -0.00656263
0.962781 0.716277 -0.818361 -0.00924297
0.962331 0.716881 -0.818269 -0.0119252
0.96188 0.717486 -0.818168 -0.0146092
0.961429 0.71809 -0.818058 -0.017295
0.960978 0.718694 -0.817939 -0.0199826
0.960526 0.719298 -0.817811 -0.0226719
0.960074 0.719901 -0.817674 -0.025363
0.959622 0.720504 -0.817528 -0.0280557
0.959169 0.721107 -0.817373 -0.03075
0.958715 0.72171 -0.817209 -0.0334459
0.958262 0.722312 -0.817036 -0.0361435
0.957808 0.722914 -0.816854 -0.0388425
0.957353 0.723515 -0.816663 -0.0415431
0.956899 0.724117 -0.816463 -0.0442452
0.956443 0.724718 -0.816254 -0.0469487
0.955988 0.725319 -0.816035 -0.0496536
0.955532 0.725919 -0.815808 -0.0523599
0.955076 0.726519 -0.815571 -0.0550676
0.954619 0.727119 -0.815325 -0.0577766
0.954162 0.727719 -0.815069 -0.0604868
0.953704 0.728318 -0.814805 -0.0631983
0.953247 0.728918 -0.814531 -0.065911
0.952788 0.729516 -0.814248 -0.0686249
0.95233 0.730115 -0.813956 -0.0713399
0.951871 0.730713 -0.813654 -0.0740561
0.951412 0.731311 -0.813343 -0.0767733
0.950952 0.731909 -0.813023 -0.0794916
0.950492 0.732506 -0.812693 -0.0822109
0.950032 0.733103 -0.812354 -0.0849311
0.949571 0.7337 -0.812005 -0.0876523
0.94911 0.734296 -0.811647 -0.0903744
0.948648 0.734893 -0.81128 -0.0930974
0.948186 0.735488 -0.810903 -0.0958212
0.947724 0.736084 -0.810517 -0.0985458
0.947261 0.736679 -0.810121 -0.101271
0.946798 0.737274 -0.809716 -0.103997
0.946335 0.737869 -0.809301 -0.106724
0.945871 0.738464 -0.808876 -0.109451
0.945407 0.739058 -0.808442 -0.11218
0.944942 0.739652 -0.807999 -0.114908
0.944477 0.740245 -0.807546 -0.117637
0.944012 0.740839 -0.807083 -0.120367
0.943546 0.741432 -0.80661 -0.123097
0.94308 0.742024 -0.806128 -0.125828
0.942614 0.742617 -0.805637 -0.128559
0.942147 0.743209 -0.805135 -0.13129
0.94168 0.743801 -0.804624 -0.134022
0.941212 0.744392 -0.804103 -0.136754
0.940744 0.744983 -0.803573 -0.139486
0.940276 0.745574 -0.803033 -0.142219
0.939807 0.746165 -0.802483 -0.144951
0.939338 0.746755 -0.801923 -0.147684
0.938869 0.747345 -0.801353 -0.150417
0.938399 0.747935 -0.800774 -0.15315
0.937929 0.748525 -0.800185 -0.155883
0.937459 0.749114 -0.799586 -0.158616
0.936988 0.749703 -0.798977 -0.161349
0.936516 0.750291 -0.798358 -0.164082
0.936045 0.750879 -0.79773 -0.166815
0.935573 0.751467 -0.797092 -0.169547
0.935101 0.752055 -0.796443 -0.172279
0.934628 0.752643 -0.795785 -0.175012
0.934155 0.75323 -0.795117 -0.177743
0.933681 0.753816 -0.794439 -0.180475
0.933207 0.754403 -0.793751 -0.183206
0.932733 0.754989 -0.793053 -0.185937
0.932259 0.755575 -0.792345 -0.188667
0.931784 0.756161 -0.791627 -0.191397
0.931309 0.756746 -0.790899 -0.194126
0.930833 0.757331 -0.790161 -0.196855
0.930357 0.757916 -0.789413 -0.199583
0.92988 0.7585 -0.788655 -0.202311
0.929404 0.759084 -0.787887 -0.205037
0.928927 0.759668 -0.787109 -0.207763
0.928449 0.760252 -0.786321 -0.210489
0.927971 0.760835 -0.785523 -0.213213
0.927493 0.761418 -0.784714 -0.215937
0.927014 0.762 -0.783896 -0.21866
0.926535 0.762583 -0.783067 -0.221382
0.926056 0.763165 -0.782229 -0.224103
0.925576 0.763746 -0.78138 -0.226823
0.925096 0.764328 -0.780521 -0.229541
0.924616 0.764909 -0.779652 -0.232259
0.924135 0.76549 -0.778772 -0.234976
0.923654 0.76607 -0.777883 -0.237691
0.923172 0.76665 -0.776983 -0.240406
0.922691 0.76723 -0.776073 -0.243119
0.922208 0.76781 -0.775153 -0.24583
0.921726 0.768389 -0.774223 -0.248541
0.921243 0.768968 -0.773283 -0.25125
0.920759 0.769547 -0.772332 -0.253957
0.920276 0.770125 -0.771371 -0.256663
0.919792 0.770703 -0.7704 -0.259368
0.919307 0.771281 -0.769418 -0.262071
0.918822 0.771858 -0.768427 -0.264772
0.918337 0.772436 -0.767425 -0.267472
0.917852 0.773012 -0.766412 -0.27017
0.917366 0.773589 -0.76539 -0.272867
0.91688 0.774165 -0.764357 -0.275561
0.916393 0.774741 -0.763314 -0.278254
0.915906 0.775317 -0.76226 -0.280945
0.915419 0.775892 -0.761196 -0.283634
0.914931 0.776467 -0.760122 -0.286321
0.914443 0.777042 -0.759038 -0.289006
0.913955 0.777616 -0.757943 -0.291689
0.913466 0.77819 -0.756838 -0.29437
0.912977 0.778764 -0.755723 -0.297049
0.912487 0.779338 -0.754597 -0.299726
0.911997 0.779911 -0.753461 -0.3024
0.911507 0.780484 -0.752314 -0.305073
0.911017 0.781056 -0.751157 -0.307743
0.910526 0.781629 -0.74999 -0.31041
0.910034 0.7822 -0.748812 -0.313076
0.909543 0.782772 -0.747624 -0.315738
0.909051 0.783343 -0.746426 -0.318399
0.908558 0.783914 -0.745217 -0.321057
0.908066 0.784485 -0.743998 -0.323712
0.907572 0.785056 -0.742768 -0.326365
0.907079 0.785626 -0.741528 -0.329015
0.906585 0.786195 -0.740278 -0.331662
0.906091 0.786765 -0.739017 -0.334307
0.905597 0.787334 -0.737745 -0.336948
0.905102 0.787903 -0.736464 -0.339587
0.904606 0.788471 -0.735172 -0.342223
0.904111 0.78904 -0.733869 -0.344856
0.903615 0.789608 -0.732556 -0.347487
0.903119 0.790175 -0.731233 -0.350114
0.902622 0.790742 -0.729899 -0.352738
0.902125 0.791309 -0.728555 -0.355359
0.901628 0.791876 -0.7272 -0.357977
0.90113 0.792442 -0.725835 -0.360591
0.900632 0.793009 -0.72446 -0.363203
0.900133 0.793574 -0.723074 -0.365811
0.899634 0.79414 -0.721677 -0.368415
0.899135 0.794705 -0.72027 -0.371017
0.898636 0.79527 -0.718853 -0.373615
0.898136 0.795834 -0.717425 -0.376209
0.897636 0.796398 -0.715987 -0.3788
0.897135 0.796962 -0.714539 -0.381387
0.896634 0.797526 -0.71308 -0.383971
0.896133 0.798089 -0.71161 -0.386551
0.895631 0.798652 -0.71013 -0.389127
0.895129 0.799214 -0.70864 -0.3917
0.894627 0.799777 -0.707139 -0.394268
0.894124 0.800338 -0.705628 -0.396833
0.893621 0.8009 -0.704107 -0.399394
0.893118 0.801461 -0.702575 -0.401951
0.892614 0.802022 -0.701032 -0.404504
0.89211 0.802583 -0.699479 -0.407053
0.891606 0.803143 -0.697916 -0.409598
0.891101 0.803704 -0.696342 -0.412139
0.890596 0.804263 -0.694758 -0.414675
0.89009 0.804823 -0.693164 -0.417208
0.889584 0.805382 -0.691559 -0.419736
0.889078 0.805941 -0.689944 -0.422259
0.888571 0.806499 -0.688318 -0.424779
0.888065 0.807057 -0.686682 -0.427294
0.887557 0.807615 -0.685035 -0.429804
0.88705 0.808173 -0.683378 -0.43231
0.886542 0.80873 -0.681711 -0.434811
0.886033 0.809287 -0.680034 -0.437308
0.885525 0.809843 -0.678346 -0.4398
0.885016 0.810399 -0.676647 -0.442287
0.884506 0.810955 -0.674939 -0.444769
0.883997 0.811511 -0.67322 -0.447247
0.883487 0.812066 -0.67149 -0.44972
0.882976 0.812621 -0.669751 -0.452188
0.882465 0.813176 -0.668001 -0.454651
0.881954 0.81373 -0.66624 -0.457109
0.881443 0.814284 -0.66447 -0.459562
0.880931 0.814838 -0.662689 -0.462009
0.880419 0.815391 -0.660897 -0.464452
0.879906 0.815944 -0.659096 -0.466889
0.879394 0.816497 -0.657284 -0.469322
0.87888 0.817049 -0.655462 -0.471748
0.878367 0.817601 -0.653629 -0.47417
0.877853 0.818153 -0.651787 -0.476586
0.877339 0.818704 -0.649934 -0.478997
0.876824 0.819255 -0.648071 -0.481402
0.876309 0.819806 -0.646198 -0.483801
0.875794 0.820357 -0.644314 -0.486195
0.875278 0.820907 -0.64242 -0.488584
0.874762 0.821457 -0.640516 -0.490966
0.874246 0.822006 -0.638602 -0.493343
0.873729 0.822555 -0.636678 -0.495714
0.873212 0.823104 -0.634743 -0.49808
0.872695 0.823652 -0.632799 -0.500439
0.872177 0.824201 -0.630844 -0.502792
0.871659 0.824748 -0.628879 -0.50514
0.871141 0.825296 -0.626904 -0.507481
0.870622 0.825843 -0.624919 -0.509816
0.870103 0.82639 -0.622924 -0.512146
0.869584 0.826937 -0.620918 -0.514469
0.869064 0.827483 -0.618903 -0.516785
0.868544 0.828029 -0.616878 -0.519096
0.868023 0.828574 -0.614842 -0.5214
0.867503 0.829119 -0.612797 -0.523698
0.866982 0.829664 -0.610741 -0.525989
0.86646 0.830209 -0.608676 -0.528274
0.865938 0.830753 -0.6066 -0.530552
0.865416 0.831297 -0.604515 -0.532824
0.864894 0.831841 -0.602419 -0.535089
0.864371 0.832384 -0.600314 -0.537347
0.863848 0.832927 -0.598199 -0.539599
0.863324 0.83347 -0.596074 -0.541843
0.8628 0.834012 -0.593939 -0.544081
0.862276 0.834554 -0.591794 -0.546313
0.861752 0.835095 -0.589639 -0.548537
0.861227 0.835637 -0.587474 -0.550754
0.860701 0.836178 -0.5853 -0.552964
0.860176 0.836718 -0.583116 -0.555167
0.85965 0.837259 -0.580922 -0.557363
0.859124 0.837799 -0.578718 -0.559552
0.858597 0.838338 -0.576504 -0.561733
0.85807 0.838877 -0.574281 -0.563908
0.857543 0.839416 -0.572048 -0.566075
0.857015 0.839955 -0.569805 -0.568234
0.856488 0.840493 -0.567553 -0.570386
0.855959 0.841031 -0.565291 -0.572531
0.855431 0.841569 -0.563019 -0.574668
0.854902 0.842106 -0.560738 -0.576798
0.854372 0.842643 -0.558447 -0.57892
0.853843 0.84318 -0.556146 -0.581034
0.853313 0.843716 -0.553836 -0.58314
0.852783 0.844252 -0.551517 -0.585239
0.852252 0.844788 -0.549188 -0.58733
0.851721 0.845323 -0.546849 -0.589413
0.85119 0.845858 -0.544501 -0.591488
0.850658 0.846393 -0.542144 -0.593555
0.850126 0.846927 -0.539777 -0.595615
0.849594 0.847461 -0.537401 -0.597666
0.849061 0.847995 -0.535015 -0.599709
0.848528 0.848528 -0.53262 -0.601743
0.847995 0.849061 -0.530215 -0.60377
0.847461 0.849594 -0.527802 -0.605788
0.846927 0.850126 -0.525379 -0.607798
0.846393 0.850658 -0.522946 -0.6098
0.845858 0.85119 -0.520505 -0.611793
0.845323 0.851721 -0.518054 -0.613778
0.844788 0.852252 -0.515594 -0.615754
0.844252 0.852783 -0.513125 -0.617722
0.843716 0.853313 -0.510647 -0.619681
0.84318 0.853843 -0.50816 -0.621631
0.842643 0.854372 -0.505663 -0.623573
0.842106 0.854902 -0.503158 -0.625506
0.841569 0.855431 -0.500643 -0.62743
0.841031 0.855959 -0.49812 -0.629345
0.840493 0.856488 -0.495587 -0.631251
0.839955 0.857015 -0.493046 -0.633149
0.839416 0.857543 -0.490496 -0.635037
0.838877 0.85807 -0.487936 -0.636917
0.838338 0.858597 -0.485368 -0.638787
0.837799 0.859124 -0.482791 -0.640648
0.837259 0.85965 -0.480205 -0.6425
0.836718 0.860176 -0.477611 -0.644343
0.836178 0.860701 -0.475007 -0.646176
0.835637 0.861227 -0.472395 -0.648
0.835095 0.861752 -0.469775 -0.649815
0.834554 0.862276 -0.467145 -0.65162
0.834012 0.8628 -0.464507 -0.653416
0.83347 0.863324 -0.461861 -0.655202
0.832927 0.863848 -0.459205 -0.656979
0.832384 0.864371 -0.456542 -0.658746
0.831841 0.864894 -0.453869 -0.660503
0.831297 0.865416 -0.451188 -0.662251
0.830753 0.865938 -0.448499 -0.663989
0.830209 0.86646 -0.445802 -0.665717
0.829664 0.866982 -0.443096 -0.667435
0.829119 0.867503 -0.440381 -0.669143
0.828574 0.868023 -0.437659 -0.670841
0.828029 0.868544 -0.434928 -0.67253
0.827483 0.869064 -0.432188 -0.674208
0.826937 0.869584 -0.429441 -0.675876
0.82639 0.870103 -0.426685 -0.677534
0.825843 0.870622 -0.423922 -0.679182
0.825296 0.871141 -0.42115 -0.68082
0.824748 0.871659 -0.41837 -0.682447
0.824201 0.872177 -0.415582 -0.684064
0.823652 0.872695 -0.412786 -0.685671
0.823104 0.873212 -0.409982 -0.687267
0.822555 0.873729 -0.40717 -0.688853
0.822006 0.874246 -0.40435 -0.690428
0.821457 0.874762 -0.401522 -0.691993
0.820907 0.875278 -0.398687 -0.693547
0.820357 0.875794 -0.395843 -0.69509
0.819806 0.876309 -0.392992 -0.696623
0.819255 0.876824 -0.390133 -0.698145
0.818704 0.877339 -0.387267 -0.699656
0.818153 0.877853 -0.384393 -0.701156
0.817601 0.878367 -0.381511 -0.702646
0.817049 0.87888 -0.378622 -0.704124
0.816497 0.879394 -0.375725 -0.705592
0.815944 0.879906 -0.372821 -0.707049
0.815391 0.880419 -0.369909 -0.708494
0.814838 0.880931 -0.36699 -0.709928
0.814284 0.881443 -0.364063 -0.711352
0.81373 0.881954 -0.361129 -0.712764
0.813176 0.882465 -0.358188 -0.714165
0.812621 0.882976 -0.35524 -0.715554
0.812066 0.883487 -0.352284 -0.716932
0.811511 0.883997 -0.349322 -0.718299
0.810955 0.884506 -0.346352 -0.719655
0.810399 0.885016 -0.343375 -0.720999
0.809843 0.885525 -0.340391 -0.722331
0.809287 0.886033 -0.3374 -0.723652
0.80873 0.886542 -0.334402 -0.724962
0.808173 0.88705 -0.331397 -0.72626
0.807615 0.887557 -0.328385 -0.727546
0.807057 0.888065 -0.325367 -0.72882
0.806499 0.888571 -0.322342 -0.730083
0.805941 0.889078 -0.31931 -0.731334
0.805382 0.889584 -0.316271 -0.732573
0.804823 0.89009 -0.313225 -0.7338
0.804263 0.890596 -0.310173 -0.735015
0.803704 0.891101 -0.307115 -0.736218
0.803143 0.891606 -0.30405 -0.737409
0.802583 0.89211 -0.300978 -0.738589
0.802022 0.892614 -0.2979 -0.739756
0.801461 0.893118 -0.294816 -0.740911
0.8009 0.893621 -0.291725 -0.742053
0.800338 0.894124 -0.288628 -0.743184
0.799777 0.894627 -0.285525 -0.744302
0.799214 0.895129 -0.282416 -0.745408
0.798652 0.895631 -0.2793 -0.746502
0.798089 0.896133 -0.276179 -0.747583
0.797526 0.896634 -0.273051 -0.748652
0.796962 0.897135 -0.269918 -0.749709
0.796398 0.897636 -0.266778 -0.750753
0.795834 0.898136 -0.263633 -0.751784
0.79527 0.898636 -0.260481 -0.752803
0.794705 0.899135 -0.257324 -0.753809
0.79414 0.899634 -0.254161 -0.754803
0.793574 0.900133 -0.250993 -0.755784
0.793009 0.900632 -0.247818 -0.756752
0.792442 0.90113 -0.244638 -0.757708
0.791876 0.901628 -0.241453 -0.75865
0.791309 0.902125 -0.238262 -0.75958
0.790742 0.902622 -0.235066 -0.760497
0.790175 0.903119 -0.231864 -0.761401
0.789608 0.903615 -0.228657 -0.762292
0.78904 0.904111 -0.225445 -0.76317
0.788471 0.904606 -0.222227 -0.764035
0.787903 0.905102 -0.219004 -0.764887
0.787334 0.905597 -0.215776 -0.765726
0.786765 0.906091 -0.212543 -0.766552
0.786195 0.906585 -0.209305 -0.767364
0.785626 0.907079 -0.206062 -0.768164
0.785056 0.907572 -0.202814 -0.76895
0.784485 0.908066 -0.199561 -0.769723
0.783914 0.908558 -0.196303 -0.770482
0.783343 0.909051 -0.193041 -0.771228
0.782772 0.909543 -0.189774 -0.771961
0.7822 0.910034 -0.186502 -0.77268
0.781629 0.910526 -0.183226 -0.773386
0.781056 0.911017 -0.179945 -0.774079
0.780484 0.911507 -0.176659 -0.774757
0.779911 0.911997 -0.173369 -0.775423
0.779338 0.912487 -0.170075 -0.776074
0.778764 0.912977 -0.166776 -0.776712
0.77819 0.913466 -0.163474 -0.777337
0.777616 0.913955 -0.160166 -0.777948
0.777042 0.914443 -0.156855 -0.778545
0.776467 0.914931 -0.15354 -0.779128
0.775892 0.915419 -0.150221 -0.779697
0.775317 0.915906 -0.146897 -0.780253
0.774741 0.916393 -0.14357 -0.780795
0.774165 0.91688 -0.140239 -0.781323
0.773589 0.917366 -0.136904 -0.781837
0.773012 0.917852 -0.133565 -0.782337
0.772436 0.918337 -0.130223 -0.782823
0.771858 0.918822 -0.126877 -0.783295
0.771281 0.919307 -0.123527 -0.783753
0.770703 0.919792 -0.120174 -0.784197
0.770125 0.920276 -0.116818 -0.784627
0.769547 0.920759 -0.113458 -0.785042
0.768968 0.921243 -0.110094 -0.785444
0.768389 0.921726 -0.106728 -0.785831
0.76781 0.922208 -0.103358 -0.786204
0.76723 0.922691 -0.0999852 -0.786563
0.76665 0.923172 -0.0966091 -0.786908
0.76607 0.923654 -0.0932301 -0.787238
0.76549 0.924135 -0.0898481 -0.787554
0.764909 0.924616 -0.0864632 -0.787856
0.764328 0.925096 -0.0830755 -0.788143
0.763746 0.925576 -0.0796849 -0.788416
0.763165 0.926056 -0.0762917 -0.788674
0.762583 0.926535 -0.0728958 -0.788918
0.762 0.927014 -0.0694973 -0.789147
0.761418 0.927493 -0.0660962 -0.789362
0.760835 0.927971 -0.0626927 -0.789563
0.760252 0.928449 -0.0592868 -0.789748
0.759668 0.928927 -0.0558785 -0.78992
0.759084 0.929404 -0.052468 -0.790076
0.7585 0.92988 -0.0490552 -0.790218
0.757916 0.930357 -0.0456404 -0.790345
0.757331 0.930833 -0.0422234 -0.790458
0.756746 0.931309 -0.0388044 -0.790556
0.756161 0.931784 -0.0353834 -0.790639
0.755575 0.932259 -0.0319605 -0.790707
0.754989 0.932733 -0.0285359 -0.790761
0.754403 0.933207 -0.0251094 -0.790799
0.753816 0.933681 -0.0216813 -0.790823
0.75323 0.934155 -0.0182515 -0.790832
0.752643 0.934628 -0.0148202 -0.790827
0.752055 0.935101 -0.0113873 -0.790806
0.751467 0.935573 -0.00795309 -0.79077
0.750879 0.936045 -0.00451746 -0.79072
0.750291 0.936516 -0.00108054 -0.790654
0.749703 0.936988 0.00235761 -0.790573
0.749114 0.937459 0.00579693 -0.790478
0.748525 0.937929 0.00923735 -0.790367
0.747935 0.938399 0.0126788 -0.790242
0.747345 0.938869 0.0161212 -0.790101
0.746755 0.939338 0.0195645 -0.789945
0.746165 0.939807 0.0230086 -0.789775
0.745574 0.940276 0.0264535 -0.789589
0.744983 0.940744 0.0298991 -0.789388
0.744392 0.941212 0.0333453 -0.789171
0.743801 0.94168 0.036792 -0.78894
0.743209 0.942147 0.0402392 -0.788693
0.742617 0.942614 0.0436869 -0.788432
0.742024 0.94308 0.0471348 -0.788155
0.741432 0.943546 0.0505831 -0.787862
0.740839 0.944012 0.0540316 -0.787555
0.740245 0.944477 0.0574802 -0.787232
0.739652 0.944942 0.0609288 -0.786894
0.739058 0.945407 0.0643775 -0.786541
0.738464 0.945871 0.0678261 -0.786172
0.737869 0.946335 0.0712745 -0.785788
0.737274 0.946798 0.0747227 -0.785389
0.736679 0.947261 0.0781707 -0.784974
0.736084 0.947724 0.0816183 -0.784544
0.735488 0.948186 0.0850654 -0.784099
0.734893 0.948648 0.0885121 -0.783638
0.734296 0.94911 0.0919581 -0.783162
0.7337 0.949571 0.0954036 -0.78267
0.733103 0.950032 0.0988483 -0.782163
0.732506 0.950492 0.102292 -0.781641
0.731909 0.950952 0.105735 -0.781103
0.731311 0.951412 0.109177 -0.780549
0.730713 0.951871 0.112619 -0.779981
0.730115 0.95233 0.116059 -0.779396
0.729516 0.952788 0.119498 -0.778796
0.728918 0.953247 0.122935 -0.778181
0.728318 0.953704 0.126372 -0.77755
0.727719 0.954162 0.129807 -0.776904
0.727119 0.954619 0.13324 -0.776242
0.726519 0.955076 0.136672 -0.775565
0.725919 0.955532 0.140103 -0.774872
0.725319 0.955988 0.143532 -0.774164
0.724718 0.956443 0.146959 -0.77344
0.724117 0.956899 0.150384 -0.7727
0.723515 0.957353 0.153808 -0.771945
0.722914 0.957808 0.157229 -0.771174
0.722312 0.958262 0.160649 -0.770388
0.72171 0.958715 0.164066 -0.769586
0.721107 0.959169 0.167481 -0.768769
0.720504 0.959622 0.170894 -0.767936
0.719901 0.960074 0.174305 -0.767087
0.719298 0.960526 0.177713 -0.766223
0.718694 0.960978 0.181119 -0.765344
0.71809 0.961429 0.184522 -0.764448
0.717486 0.96188 0.187922 -0.763537
0.716881 0.962331 0.19132 -0.762611
0.716277 0.962781 0.194715 -0.761669
0.715672 0.963231 0.198107 -0.760711
0.715066 0.963681 0.201497 -0.759738
0.714461 0.96413 0.204883 -0.758749
0.713855 0.964578 0.208266 -0.757744
0.713248 0.965027 0.211646 -0.756724
0.712642 0.965475 0.215023 -0.755688
0.712035 0.965922 0.218396 -0.754637
0.711428 0.966369 0.221767 -0.75357
0.710821 0.966816 0.225133 -0.752487
0.710213 0.967263 0.228496 -0.751389
0.709605 0.967709 0.231856 -0.750275
0.708997 0.968154 0.235212 -0.749146
0.708389 0.9686 0.238564 -0.748001
0.70778 0.969045 0.241912 -0.746841
0.707171 0.969489 0.245256 -0.745664
0.706562 0.969933 0.248597 -0.744473
0.705952 0.970377 0.251933 -0.743266
0.705342 0.97082 0.255265 -0.742043
0.704732 0.971263 0.258593 -0.740804
0.704122 0.971706 0.261917 -0.739551
0.703511 0.972148 0.265236 -0.738281
0.7029 0.97259 0.268551 -0.736996
0.702289 0.973031 0.271861 -0.735696
0.701677 0.973473 0.275167 -0.73438
0.701066 0.973913 0.278468 -0.733048
0.700454 0.974354 0.281764 -0.731701
0.699841 0.974793 0.285055 -0.730338
0.699229 0.975233 0.288342 -0.72896
0.698616 0.975672 0.291623 -0.727567
0.698003 0.976111 0.294899 -0.726158
0.697389 0.976549 0.298171 -0.724733
0.696775 0.976987 0.301437 -0.723294
0.696161 0.977425 0.304697 -0.721838
0.695547 0.977862 0.307953 -0.720367
0.694933 0.978299 0.311202 -0.718881
0.694318 0.978735 0.314447 -0.71738
0.693703 0.979171 0.317685 -0.715863
0.693087 0.979607 0.320918 -0.71433
0.692472 0.980042 0.324146 -0.712783
0.691856 0.980477 0.327367 -0.71122
0.691239 0.980912 0.330583 -0.709641
0.690623 0.981346 0.333792 -0.708048
0.690006 0.98178 0.336995 -0.706439
0.689389 0.982213 0.340193 -0.704815
0.688772 0.982646 0.343384 -0.703175
0.688154 0.983079 0.346568 -0.70152
0.687537 0.983511 0.349747 -0.69985
0.686919 0.983943 0.352918 -0.698165
0.6863 0.984374 0.356084 -0.696465
0.685682 0.984805 0.359242 -0.694749
0.685063 0.985236 0.362394 -0.693018
0.684443 0.985666 0.365539 -0.691272
0.683824 0.986096 0.368678 -0.689511
0.683204 0.986525 0.371809 -0.687735
0.682584 0.986954 0.374933 -0.685944
0.681964 0.987383 0.37805 -0.684138
0.681344 0.987811 0.381161 -0.682316
0.680723 0.988239 0.384263 -0.68048
0.680102 0.988667 0.387359 -0.678629
0.67948 0.989094 0.390447 -0.676762
0.678859 0.98952 0.393528 -0.674881
0.678237 0.989947 0.396601 -0.672985
0.677615 0.990373 0.399666 -0.671074
0.676992 0.990798 0.402724 -0.669148
0.67637 0.991224 0.405774 -0.667207
0.675747 0.991648 0.408816 -0.665252
0.675124 0.992073 0.41185 -0.663281
0.6745 0.992497 0.414876 -0.661296
0.673876 0.99292 0.417894 -0.659296
0.673252 0.993344 0.420903 -0.657281
0.672628 0.993766 0.423905 -0.655252
0.672004 0.994189 0.426898 -0.653208
0.671379 0.994611 0.429883 -0.651149
0.670754 0.995032 0.432859 -0.649076
0.670128 0.995454 0.435827 -0.646988
0.669503 0.995875 0.438786 -0.644885
0.668877 0.996295 0.441736 -0.642768
0.668251 0.996715 0.444678 -0.640637
0.667624 0.997135 0.44761 -0.638491
0.666998 0.997554 0.450534 -0.63633
0.666371 0.997973 0.453449 -0.634156
0.665744 0.998391 0.456354 -0.631967
0.665116 0.99881 0.459251 -0.629763
0.664488 0.999227 0.462138 -0.627545
0.663861 0.999645 0.465015 -0.625313
0.663232 1.00006 0.467884 -0.623067
0.662604 1.00048 0.470743 -0.620806
0.661975 1.00089 0.473592 -0.618532
0.661346 1.00131 0.476432 -0.616243
0.660717 1.00173 0.479262 -0.61394
0.660087 1.00214 0.482082 -0.611623
0.659457 1.00255 0.484892 -0.609292
0.658827 1.00297 0.487692 -0.606947
0.658197 1.00338 0.490483 -0.604588
0.657566 1.0038 0.493263 -0.602215
0.656936 1.00421 0.496033 -0.599828
0.656305 1.00462 0.498793 -0.597427
0.655673 1.00503 0.501542 -0.595013
0.655042 1.00545 0.504281 -0.592585
0.65441 1.00586 0.50701 -0.590143
0.653778 1.00627 0.509728 -0.587687
0.653145 1.00668 0.512435 -0.585218
0.652513 1.00709 0.515132 -0.582735
0.65188 1.0075 0.517818 -0.580239
0.651247 1.00791 0.520493 -0.577729
0.650613 1.00832 0.523157 -0.575205
0.649979 1.00873 0.52581 -0.572668
0.649346 1.00913 0.528452 -0.570118
0.648711 1.00954 0.531083 -0.567554
0.648077 1.00995 0.533703 -0.564978
0.647442 1.01036 0.536311 -0.562387
0.646807 1.01076 0.538908 -0.559784
0.646172 1.01117 0.541494 -0.557167
0.645537 1.01157 0.544068 -0.554538
0.644901 1.01198 0.546631 -0.551895
0.644265 1.01238 0.549182 -0.549239
0.643629 1.01279 0.551721 -0.54657
0.642992 1.01319 0.554248 -0.543889
0.642355 1.0136 0.556764 -0.541194
0.641718 1.014 0.559267 -0.538487
0.641081 1.0144 0.561759 -0.535766
0.640444 1.01481 0.564238 -0.533033
0.639806 1.01521 0.566705 -0.530288
0.639168 1.01561 0.56916 -0.527529
0.63853 1.01601 0.571603 -0.524758
0.637891 1.01641 0.574033 -0.521975
0.637252 1.01681 0.576451 -0.519179
0.636613 1.01721 0.578856 -0.51637
0.635974 1.01761 0.581249 -0.51355
0.635335 1.01801 0.583629 -0.510716
0.634695 1.01841 0.585997 -0.507871
0.634055 1.01881 0.588351 -0.505013
0.633415 1.01921 0.590693 -0.502143
0.632774 1.01961 0.593022 -0.499261
0.632133 1.02 0.595337 -0.496367
0.631492 1.0204 0.59764 -0.493461
0.630851 1.0208 0.599929 -0.490543
0.63021 1.02119 0.602206 -0.487613
0.629568 1.02159 0.604469 -0.484671
0.628926 1.02198 0.606718 -0.481718
0.628284 1.02238 0.608955 -0.478752
0.627641 1.02277 0.611177 -0.475775
0.626998 1.02317 0.613386 -0.472787
0.626355 1.02356 0.615582 -0.469787
0.625712 1.02396 0.617764 -0.466775
0.625069 1.02435 0.619932 -0.463752
0.624425 1.02474 0.622086 -0.460717
0.623781 1.02513 0.624226 -0.457671
0.623137 1.02552 0.626353 -0.454614
0.622492 1.02592 0.628465 -0.451546
0.621847 1.02631 0.630563 -0.448467
0.621202 1.0267 0.632648 -0.445376
0.620557 1.02709 0.634717 -0.442275
0.619912 1.02748 0.636773 -0.439162
0.619266 1.02787 0.638814 -0.436039
0.61862 1.02826 0.640841 -0.432904
0.617974 1.02864 0.642853 -0.429759
0.617327 1.02903 0.644851 -0.426604
0.616681 1.02942 0.646834 -0.423437
0.616034 1.02981 0.648803 -0.42026
0.615387 1.03019 0.650757 -0.417073
0.614739 1.03058 0.652696 -0.413875
0.614092 1.03097 0.65462 -0.410667
0.613444 1.03135 0.656529 -0.407448
0.612796 1.03174 0.658423 -0.404219
0.612147 1.03212 0.660302 -0.40098
0.611499 1.03251 0.662166 -0.397731
0.61085 1.03289 0.664015 -0.394472
0.610201 1.03327 0.665849 -0.391203
0.609551 1.03366 0.667667 -0.387924
0.608902 1.03404 0.66947 -0.384635
0.608252 1.03442 0.671258 -0.381336
0.607602 1.0348 0.67303 -0.378028
0.606951 1.03519 0.674786 -0.37471
0.606301 1.03557 0.676527 -0.371383
0.60565 1.03595 0.678252 -0.368046
0.604999 1.03633 0.679962 -0.364699
0.604348 1.03671 0.681656 -0.361344
0.603696 1.03709 0.683334 -0.357979
0.603045 1.03747 0.684996 -0.354604
0.602393 1.03785 0.686642 -0.351221
0.60174 1.03822 0.688272 -0.347829
0.601088 1.0386 0.689886 -0.344427
0.600435 1.03898 0.691484 -0.341017
0.599782 1.03936 0.693066 -0.337598
0.599129 1.03973 0.694632 -0.33417
0.598476 1.04011 0.696181 -0.330733
0.597822 1.04048 0.697714 -0.327288
0.597168 1.04086 0.699231 -0.323835
0.596514 1.04124 0.700731 -0.320372
0.59586 1.04161 0.702214 -0.316902
0.595205 1.04198 0.703681 -0.313423
0.59455 1.04236 0.705132 -0.309936
0.593895 1.04273 0.706566 -0.306441
0.59324 1.0431 0.707983 -0.302938
0.592585 1.04348 0.709383 -0.299427
0.591929 1.04385 0.710767 -0.295907
0.591273 1.04422 0.712133 -0.29238
0.590617 1.04459 0.713483 -0.288846
0.58996 1.04496 0.714816 -0.285303
0.589303 1.04533 0.716131 -0.281753
0.588647 1.0457 0.71743 -0.278196
0.587989 1.04607 0.718712 -0.274631
0.587332 1.04644 0.719976 -0.271059
0.586674 1.04681 0.721223 -0.267479
0.586017 1.04718 0.722453 -0.263893
0.585358 1.04755 0.723666 -0.260299
0.5847 1.04791 0.724861 -0.256698
0.584042 1.04828 0.726039 -0.25309
0.583383 1.04865 0.727199 -0.249476
0.582724 1.04902 0.728342 -0.245854
0.582065 1.04938 0.729467 -0.242226
0.581405 1.04975 0.730575 -0.238592
0.580745 1.05011 0.731665 -0.234951
0.580086 1.05048 0.732737 -0.231303
0.579425 1.05084 0.733792 -0.227649
0.578765 1.0512 0.734829 -0.223989
0.578104 1.05157 0.735848 -0.220323
0.577444 1.05193 0.736849 -0.21665
0.576783 1.05229 0.737832 -0.212972
0.576121 1.05266 0.738798 -0.209287
0.57546 1.05302 0.739745 -0.205597
0.574798 1.05338 0.740674 -0.201901
0.574136 1.05374 0.741585 -0.1982
0.573474 1.0541 0.742479 -0.194492
0.572811 1.05446 0.743353 -0.19078
0.572149 1.05482 0.74421 -0.187062
0.571486 1.05518 0.745049 -0.183339
0.570823 1.05554 0.745869 -0.17961
0.570159 1.0559 0.746671 -0.175876
0.569496 1.05625 0.747455 -0.172138
0.568832 1.05661 0.74822 -0.168394
0.568168 1.05697 0.748967 -0.164646
0.567504 1.05733 0.749695 -0.160892
0.566839 1.05768 0.750405 -0.157135
0.566175 1.05804 0.751096 -0.153372
0.56551 1.05839 0.751769 -0.149605
0.564845 1.05875 0.752423 -0.145834
0.564179 1.0591 0.753058 -0.142058
0.563514 1.05946 0.753675 -0.138278
0.562848 1.05981 0.754273 -0.134494
0.562182 1.06017 0.754852 -0.130706
0.561516 1.06052 0.755413 -0.126915
0.560849 1.06087 0.755955 -0.123119
0.560183 1.06122 0.756478 -0.119319
0.559516 1.06158 0.756982 -0.115516
0.558849 1.06193 0.757467 -0.111709
0.558181 1.06228 0.757933 -0.107899
0.557514 1.06263 0.75838 -0.104086
0.556846 1.06298 0.758808 -0.100269
0.556178 1.06333 0.759218 -0.0964491
0.55551 1.06368 0.759608 -0.0926261
0.554841 1.06403 0.759979 -0.0888001
0.554173 1.06437 0.760331 -0.0849712
0.553504 1.06472 0.760664 -0.0811395
0.552835 1.06507 0.760977 -0.0773051
0.552165 1.06542 0.761272 -0.0734681
0.551496 1.06576 0.761547 -0.0696286
0.550826 1.06611 0.761803 -0.0657867
0.550156 1.06646 0.76204 -0.0619425
0.549486 1.0668 0.762258 -0.0580961
0.548816 1.06715 0.762456 -0.0542476
0.548145 1.06749 0.762635 -0.0503971
0.547474 1.06784 0.762794 -0.0465446
0.546803 1.06818 0.762934 -0.0426904
0.546132 1.06852 0.763055 -0.0388344
0.54546 1.06887 0.763156 -0.0349768
0.544789 1.06921 0.763238 -0.0311177
0.544117 1.06955 0.763301 -0.0272572
0.543445 1.06989 0.763344 -0.0233953
0.542772 1.07023 0.763367 -0.0195322
0.5421 1.07057 0.763371 -0.015668
0.541427 1.07091 0.763355 -0.0118028
0.540754 1.07125 0.76332 -0.0079367
0.540081 1.07159 0.763265 -0.00406974
0.539407 1.07193 0.763191 -0.00020207
0.538734 1.07227 0.763097 0.00366622
0.53806 1.07261 0.762983 0.00753503
0.537386 1.07295 0.76285 0.0114043
0.536712 1.07329 0.762697 0.0152738
0.536037 1.07362 0.762525 0.0191435
0.535362 1.07396 0.762333 0.0230134
0.534688 1.07429 0.762121 0.0268833
0.534012 1.07463 0.761889 0.0307531
0.533337 1.07497 0.761638 0.0346226
0.532662 1.0753 0.761367 0.0384919
0.531986 1.07564 0.761076 0.0423608
0.53131 1.07597 0.760766 0.0462292
0.530634 1.0763 0.760435 0.050097
0.529957 1.07664 0.760085 0.053964
0.529281 1.07697 0.759715 0.0578303
0.528604 1.0773 0.759326 0.0616956
0.527927 1.07763 0.758917 0.06556
0.52725 1.07796 0.758487 0.0694232
0.526572 1.0783 0.758038 0.0732852
0.525895 1.07863 0.75757 0.0771458
0.525217 1.07896 0.757081 0.081005
0.524539 1.07929 0.756573 0.0848627
0.523861 1.07962 0.756044 0.0887187
0.523182 1.07994 0.755496 0.092573
0.522504 1.08027 0.754929 0.0964255
0.521825 1.0806 0.754341 0.100276
0.521146 1.08093 0.753733 0.104124
0.520466 1.08126 0.753106 0.107971
0.519787 1.08158 0.752459 0.111815
0.519107 1.08191 0.751792 0.115656
0.518427 1.08224 0.751105 0.119495
0.517747 1.08256 0.750398 0.123332
0.517067 1.08289 0.749672 0.127166
0.516386 1.08321 0.748925 0.130997
0.515706 1.08353 0.748159 0.134825
0.515025 1.08386 0.747373 0.13865
0.514344 1.08418 0.746567 0.142472
0.513662 1.0845 0.745742 0.146291
0.512981 1.08483 0.744896 0.150107
0.512299 1.08515 0.744031 0.153919
0.511617 1.08547 0.743146 0.157727
0.510935 1.08579 0.742241 0.161532
0.510253 1.08611 0.741317 0.165334
0.50957 1.08643 0.740372 0.169131
0.508888 1.08675 0.739408 0.172924
0.508205 1.08707 0.738424 0.176714
0.507522 1.08739 0.73742 0.180499
0.506838 1.08771 0.736397 0.18428
0.506155 1.08803 0.735354 0.188056
0.505471 1.08835 0.734291 0.191828
0.504787 1.08866 0.733209 0.195595
0.504103 1.08898 0.732106 0.199358
0.503419 1.0893 0.730985 0.203116
0.502734 1.08961 0.729843 0.206869
0.502049 1.08993 0.728682 0.210617
0.501364 1.09024 0.727501 0.21436
0.500679 1.09056 0.7263 0.218097
0.499994 1.09087 0.72508 0.22183
0.499308 1.09119 0.723841 0.225557
0.498623 1.0915 0.722582 0.229278
0.497937 1.09181 0.721303 0.232993
0.497251 1.09213 0.720004 0.236703
0.496564 1.09244 0.718687 0.240407
0.495878 1.09275 0.717349 0.244105
0.495191 1.09306 0.715993 0.247797
0.494504 1.09337 0.714616 0.251483
0.493817 1.09368 0.713221 0.255162
0.49313 1.09399 0.711806 0.258836
0.492442 1.0943 0.710371 0.262502
0.491755 1.09461 0.708917 0.266162
0.491067 1.09492 0.707444 0.269815
0.490379 1.09523 0.705952 0.273462
0.489691 1.09554 0.70444 0.277101
0.489002 1.09585 0.702909 0.280733
0.488314 1.09615 0.701359 0.284359
0.487625 1.09646 0.69979 0.287977
0.486936 1.09677 0.698201 0.291587
0.486246 1.09707 0.696593 0.295191
0.485557 1.09738 0.694966 0.298786
0.484867 1.09768 0.69332 0.302374
0.484178 1.09799 0.691655 0.305954
0.483488 1.09829 0.689971 0.309527
0.482798 1.09859 0.688268 0.313091
0.482107 1.0989 0.686546 0.316647
0.481417 1.0992 0.684805 0.320195
0.480726 1.0995 0.683045 0.323735
0.480035 1.0998 0.681266 0.327266
0.479344 1.1001 0.679469 0.330789
0.478653 1.10041 0.677652 0.334303
0.477961 1.10071 0.675817 0.337809
0.477269 1.10101 0.673963 0.341305
0.476577 1.10131 0.672091 0.344793
0.475885 1.1016 0.670199 0.348272
0.475193 1.1019 0.66829 0.351741
0.474501 1.1022 0.666361 0.355201
0.473808 1.1025 0.664414 0.358652
0.473115 1.1028 0.662449 0.362094
0.472422 1.10309 0.660465 0.365526
0.471729 1.10339 0.658462 0.368948
0.471036 1.10369 0.656441 0.37236
0.470342 1.10398 0.654402 0.375763
0.469648 1.10428 0.652345 0.379156
0.468954 1.10457 0.650269 0.382538
0.46826 1.10487 0.648176 0.38591
0.467566 1.10516 0.646064 0.389273
0.466872 1.10546 0.643933 0.392624
0.466177 1.10575 0.641785 0.395965
0.465482 1.10604 0.639619 0.399296
0.464787 1.10633 0.637435 0.402616
0.464092 1.10662 0.635233 0.405925
0.463396 1.10692 0.633013 0.409223
0.462701 1.10721 0.630775 0.412511
0.462005 1.1075 0.628519 0.415787
0.461309 1.10779 0.626246 0.419052
0.460613 1.10808 0.623955 0.422305
0.459917 1.10837 0.621646 0.425548
0.45922 1.10866 0.61932 0.428778
0.458523 1.10894 0.616976 0.431998
0.457827 1.10923 0.614615 0.435205
0.45713 1.10952 0.612236 0.438401
0.456432 1.10981 0.60984 0.441584
0.455735 1.11009 0.607427 0.444756
0.455037 1.11038 0.604996 0.447916
0.45434 1.11066 0.602548 0.451063
0.453642 1.11095 0.600083 0.454198
0.452944 1.11123 0.597601 0.457321
0.452245 1.11152 0.595102 0.460432
0.451547 1.1118 0.592586 0.463529
0.450848 1.11209 0.590053 0.466614
0.450149 1.11237 0.587503 0.469686
0.44945 1.11265 0.584937 0.472746
0.448751 1.11293 0.582353 0.475792
0.448052 1.11322 0.579753 0.478825
0.447352 1.1135 0.577136 0.481845
0.446652 1.11378 0.574503 0.484852
0.445953 1.11406 0.571854 0.487846
0.445252 1.11434 0.569187 0.490825
0.444552 1.11462 0.566505 0.493792
0.443852 1.1149 0.563806 0.496745
0.443151 1.11518 0.561091 0.499684
0.44245 1.11545 0.55836 0.502609
0.441749 1.11573 0.555613 0.50552
0.441048 1.11601 0.55285 0.508417
0.440347 1.11629 0.55007 0.5113
0.439646 1.11656 0.547275 0.514169
0.438944 1.11684 0.544464 0.517024
0.438242 1.11711 0.541638 0.519864
0.43754 1.11739 0.538795 0.522689
0.436838 1.11766 0.535937 0.5255
0.436136 1.11794 0.533064 0.528297
0.435433 1.11821 0.530175 0.531078
0.43473 1.11849 0.52727 0.533845
0.434028 1.11876 0.524351 0.536597
0.433325 1.11903 0.521416 0.539333
0.432621 1.1193 0.518466 0.542055
0.431918 1.11957 0.5155 0.544761
0.431214 1.11985 0.51252 0.547452
0.430511 1.12012 0.509525 0.550128
0.429807 1.12039 0.506515 0.552788
0.429103 1.12066 0.50349 0.555432
0.428399 1.12093 0.50045 0.558061
0.427694 1.12119 0.497396 0.560674
0.42699 1.12146 0.494327 0.563271
0.426285 1.12173 0.491244 0.565853
0.42558 1.122 0.488146 0.568418
0.424875 1.12227 0.485034 0.570967
0.42417 1.12253 0.481907 0.5735
0.423464 1.1228 0.478767 0.576017
0.422759 1.12306 0.475612 0.578517
0.422053 1.12333 0.472444 0.581001
0.421347 1.1236 0.469261 0.583468
0.420641 1.12386 0.466065 0.585919
0.419935 1.12412 0.462855 0.588353
0.419229 1.12439 0.459631 0.59077
0.418522 1.12465 0.456394 0.593171
0.417815 1.12491 0.453143 0.595554
0.417108 1.12518 0.449878 0.597921
0.416401 1.12544 0.446601 0.60027
0.415694 1.1257 0.44331 0.602602
0.414987 1.12596 0.440006 0.604917
0.414279 1.12622 0.436689 0.607214
0.413572 1.12648 0.433359 0.609495
0.412864 1.12674 0.430016 0.611757
0.412156 1.127 0.42666 0.614002
0.411447 1.12726 0.423292 0.616229
0.410739 1.12752 0.419911 0.618439
0.410031 1.12777 0.416517 0.620631
0.409322 1.12803 0.413111 0.622804
0.408613 1.12829 0.409693 0.62496
0.407904 1.12855 0.406262 0.627098
0.407195 1.1288 0.402819 0.629218
0.406486 1.12906 0.399364 0.631319
0.405776 1.12931 0.395898 0.633402
0.405066 1.12957 0.392419 0.635467
0.404357 1.12982 0.388928 0.637513
0.403647 1.13007 0.385426 0.639541
0.402936 1.13033 0.381913 0.64155
0.402226 1.13058 0.378387 0.643541
0.401516 1.13083 0.374851 0.645513
0.400805 1.13109 0.371303 0.647466
0.400094 1.13134 0.367744 0.6494
0.399383 1.13159 0.364173 0.651316
0.398672 1.13184 0.360592 0.653212
0.397961 1.13209 0.357 0.655089
0.39725 1.13234 0.353397 0.656948
0.396538 1.13259 0.349783 0.658786
0.395826 1.13284 0.346159 0.660606
0.395115 1.13309 0.342524 0.662406
0.394403 1.13333 0.338879 0.664187
0.39369 1.13358 0.335224 0.665949
0.392978 1.13383 0.331558 0.667691
0.392266 1.13408 0.327882 0.669413
0.391553 1.13432 0.324196 0.671116
0.39084 1.13457 0.320501 0.672798
0.390127 1.13481 0.316795 0.674462
0.389414 1.13506 0.31308 0.676105
0.388701 1.1353 0.309356 0.677728
0.387987 1.13555 0.305621 0.679331
0.387274 1.13579 0.301878 0.680915
0.38656 1.13603 0.298125 0.682478
0.385846 1.13628 0.294363 0.684021
0.385132 1.13652 0.290592 0.685544
0.384418 1.13676 0.286812 0.687046
0.383704 1.137 0.283023 0.688528
0.382989 1.13724 0.279226 0.68999
0.382275 1.13748 0.27542 0.691431
0.38156 1.13772 0.271605 0.692852
0.380845 1.13796 0.267782 0.694252
0.38013 1.1382 0.263951 0.695632
0.379415 1.13844 0.260112 0.69699
0.378699 1.13868 0.256264 0.698329
0.377984 1.13892 0.252409 0.699646
0.377268 1.13915 0.248546 0.700942
0.376552 1.13939 0.244675 0.702218
0.375836 1.13963 0.240796 0.703473
0.37512 1.13986 0.23691 0.704706
0.374404 1.1401 0.233016 0.705919
0.373688 1.14033 0.229116 0.70711
0.372971 1.14057 0.225208 0.708281
0.372254 1.1408 0.221293 0.70943
0.371537 1.14103 0.217371 0.710558
0.37082 1.14127 0.213442 0.711664
0.370103 1.1415 0.209507 0.712749
0.369386 1.14173 0.205564 0.713813
0.368668 1.14196 0.201616 0.714856
0.367951 1.1422 0.197661 0.715877
0.367233 1.14243 0.1937 0.716876
0.366515 1.14266 0.189733 0.717854
0.365797 1.14289 0.18576 0.71881
0.365079 1.14312 0.18178 0.719745
0.364361 1.14335 0.177796 0.720657
0.363642 1.14358 0.173805 0.721548
0.362924 1.1438 0.169809 0.722418
0.362205 1.14403 0.165807 0.723265
0.361486 1.14426 0.161801 0.724091
0.360767 1.14449 0.157789 0.724895
0.360048 1.14471 0.153772 0.725676
0.359329 1.14494 0.14975 0.726436
0.358609 1.14516 0.145723 0.727174
0.35789 1.14539 0.141692 0.72789
0.35717 1.14561 0.137656 0.728583
0.35645 1.14584 0.133615 0.729255
0.35573 1.14606 0.12957 0.729904
0.35501 1.14628 0.125521 0.730532
0.354289 1.14651 0.121468 0.731137
0.353569 1.14673 0.117411 0.731719
0.352848 1.14695 0.11335 0.73228
0.352128 1.14717 0.109285 0.732818
0.351407 1.14739 0.105217 0.733334
0.350686 1.14761 0.101145 0.733827
0.349965 1.14783 0.0970703 0.734298
0.349243 1.14805 0.092992 0.734747
0.348522 1.14827 0.0889106 0.735173
0.3478 1.14849 0.0848262 0.735576
0.347079 1.14871 0.0807389 0.735957
0.346357 1.14893 0.076649 0.736316
0.345635 1.14915 0.0725564 0.736652
0.344913 1.14936 0.0684613 0.736965
0.344191 1.14958 0.0643639 0.737256
0.343468 1.1498 0.0602643 0.737524
0.342746 1.15001 0.0561625 0.73777
0.342023 1.15023 0.0520588 0.737993
0.3413 1.15044 0.0479532 0.738193
0.340577 1.15066 0.0438459 0.73837
0.339854 1.15087 0.039737 0.738525
0.339131 1.15108 0.0356266 0.738657
0.338408 1.15129 0.0315149 0.738766
0.337684 1.15151 0.027402 0.738852
0.336961 1.15172 0.023288 0.738916
0.336237 1.15193 0.019173 0.738957
0.335513 1.15214 0.0150572 0.738975
0.334789 1.15235 0.0109406 0.73897
0.334065 1.15256 0.00682352 0.738942
0.333341 1.15277 0.00270596 0.738891
0.332617 1.15298 -0.00141192 0.738818
0.331892 1.15319 -0.00553 0.738721
0.331167 1.1534 -0.00964814 0.738602
0.330443 1.15361 -0.0137662 0.73846
0.329718 1.15381 -0.0178841 0.738294
0.328993 1.15402 -0.0220017 0.738106
0.328268 1.15423 -0.0261188 0.737895
0.327542 1.15443 -0.0302353 0.737661
0.326817 1.15464 -0.0343511 0.737404
0.326091 1.15484 -0.0384661 0.737124
0.325366 1.15505 -0.0425802 0.736821
0.32464 1.15525 -0.0466931 0.736495
0.323914 1.15546 -0.0508048 0.736147
0.323188 1.15566 -0.0549151 0.735775
0.322462 1.15586 -0.059024 0.73538
0.321735 1.15607 -0.0631312 0.734962
0.321009 1.15627 -0.0672367 0.734522
0.320282 1.15647 -0.0713403 0.734058
0.319556 1.15667 -0.0754419 0.733571
0.318829 1.15687 -0.0795414 0.733061
0.318102 1.15707 -0.0836386 0.732529
0.317375 1.15727 -0.0877334 0.731973
0.316648 1.15747 -0.0918256 0.731395
0.31592 1.15767 -0.0959152 0.730793
0.315193 1.15787 -0.100002 0.730169
0.314465 1.15806 -0.104086 0.729521
0.313738 1.15826 -0.108167 0.728851
0.31301 1.15846 -0.112244 0.728158
0.312282 1.15865 -0.116319 0.727442
0.311554 1.15885 -0.12039 0.726703
0.310826 1.15905 -0.124457 0.725941
0.310097 1.15924 -0.128521 0.725156
0.309369 1.15944 -0.13258 0.724348
0.30864 1.15963 -0.136636 0.723518
0.307912 1.15982 -0.140688 0.722664
0.307183 1.16002 -0.144735 0.721788
0.306454 1.16021 -0.148779 0.720889
0.305725 1.1604 -0.152817 0.719967
0.304996 1.16059 -0.156851 0.719022
0.304266 1.16079 -0.16088 0.718055
0.303537 1.16098 -0.164905 0.717065
0.302808 1.16117 -0.168924 0.716052
0.302078 1.16136 -0.172938 0.715016
0.301348 1.16155 -0.176947 0.713958
0.300618 1.16174 -0.180951 0.712877
0.299888 1.16192 -0.184949 0.711774
0.299158 1.16211 -0.188941 0.710647
0.298428 1.1623 -0.192928 0.709499
0.297698 1.16249 -0.196908 0.708327
0.296967 1.16267 -0.200883 0.707133
0.296236 1.16286 -0.204851 0.705917
0.295506 1.16305 -0.208813 0.704678
0.294775 1.16323 -0.212768 0.703417
0.294044 1.16342 -0.216717 0.702133
0.293313 1.1636 -0.22066 0.700826
0.292582 1.16379 -0.224595 0.699498
0.29185 1.16397 -0.228524 0.698147
0.291119 1.16415 -0.232445 0.696774
0.290388 1.16433 -0.236359 0.695378
0.289656 1.16452 -0.240266 0.69396
0.288924 1.1647 -0.244165 0.69252
0.288192 1.16488 -0.248057 0.691058
0.28746 1.16506 -0.251941 0.689573
0.286728 1.16524 -0.255817 0.688067
0.285996 1.16542 -0.259685 0.686538
0.285264 1.1656 -0.263545 0.684988
0.284531 1.16578 -0.267396 0.683415
0.283799 1.16596 -0.271239 0.681821
0.283066 1.16614 -0.275074 0.680204
0.282333 1.16631 -0.2789 0.678566
0.281601 1.16649 -0.282717 0.676906
0.280868 1.16667 -0.286526 0.675224
0.280134 1.16684 -0.290325 0.67352
0.279401 1.16702 -0.294115 0.671794
0.278668 1.1672 -0.297896 0.670047
0.277934 1.16737 -0.301668 0.668278
0.277201 1.16754 -0.30543 0.666488
0.276467 1.16772 -0.309182 0.664676
0.275734 1.16789 -0.312925 0.662843
0.275 1.16806 -0.316657 0.660988
0.274266 1.16824 -0.32038 0.659112
0.273532 1.16841 -0.324092 0.657215
0.272797 1.16858 -0.327794 0.655296
0.272063 1.16875 -0.331486 0.653356
0.271329 1.16892 -0.335167 0.651395
0.270594 1.16909 -0.338837 0.649412
0.26986 1.16926 -0.342497 0.647409
0.269125 1.16943 -0.346146 0.645385
0.26839 1.1696 -0.349783 0.643339
0.267655 1.16977 -0.35341 0.641273
0.26692 1.16994 -0.357025 0.639186
0.266185 1.1701 -0.360629 0.637078
0.26545 1.17027 -0.364221 0.634949
0.264714 1.17044 -0.367802 0.6328
0.263979 1.1706 -0.37137 0.63063
0.263243 1.17077 -0.374927 0.62844
0.262508 1.17094 -0.378472 0.626229
0.261772 1.1711 -0.382005 0.623997
0.261036 1.17126 -0.385525 0.621746
0.2603 1.17143 -0.389033 0.619473
0.259564 1.17159 -0.392529 0.617181
0.258828 1.17175 -0.396012 0.614869
0.258091 1.17192 -0.399482 0.612536
0.257355 1.17208 -0.402939 0.610183
0.256619 1.17224 -0.406384 0.607811
0.255882 1.1724 -0.409815 0.605418
0.255145 1.17256 -0.413233 0.603006
0.254409 1.17272 -0.416637 0.600574
0.253672 1.17288 -0.420028 0.598122
0.252935 1.17304 -0.423406 0.59565
0.252198 1.1732 -0.42677 0.593159
0.25146 1.17336 -0.43012 0.590649
0.250723 1.17352 -0.433456 0.588119
0.249986 1.17367 -0.436778 0.58557
0.249248 1.17383 -0.440086 0.583001
0.248511 1.17399 -0.443379 0.580413
0.247773 1.17414 -0.446658 0.577806
0.247035 1.1743 -0.449923 0.57518
0.246297 1.17445 -0.453173 0.572536
0.245559 1.17461 -0.456408 0.569872
0.244821 1.17476 -0.459629 0.567189
0.244083 1.17491 -0.462834 0.564488
0.243345 1.17507 -0.466025 0.561768
0.242606 1.17522 -0.4692 0.55903
0.241868 1.17537 -0.47236 0.556273
0.241129 1.17552 -0.475504 0.553497
0.240391 1.17568 -0.478633 0.550704
0.239652 1.17583 -0.481746 0.547892
0.238913 1.17598 -0.484844 0.545062
0.238174 1.17613 -0.487925 0.542214
0.237435 1.17628 -0.490991 0.539347
0.236696 1.17642 -0.494041 0.536463
0.235957 1.17657 -0.497074 0.533562
0.235218 1.17672 -0.500091 0.530642
0.234478 1.17687 -0.503092 0.527705
0.233739 1.17702 -0.506076 0.52475
0.232999 1.17716 -0.509043 0.521778
0.232259 1.17731 -0.511994 0.518789
0.23152 1.17745 -0.514928 0.515782
0.23078 1.1776 -0.517845 0.512758
0.23004 1.17774 -0.520745 0.509717
0.2293 1.17789 -0.523628 0.506659
0.22856 1.17803 -0.526494 0.503584
0.227819 1.17818 -0.529342 0.500492
0.227079 1.17832 -0.532173 0.497384
0.226339 1.17846 -0.534986 0.494259
0.225598 1.1786 -0.537782 0.491117
0.224858 1.17874 -0.54056 0.487959
0.224117 1.17889 -0.54332 0.484785
0.223376 1.17903 -0.546062 0.481594
0.222635 1.17917 -0.548786 0.478388
0.221894 1.17931 -0.551491 0.475165
0.221153 1.17945 -0.554179 0.471927
0.220412 1.17958 -0.556848 0.468672
0.219671 1.17972 -0.559499 0.465402
0.21893 1.17986 -0.562131 0.462116
0.218188 1.18 -0.564744 0.458815
0.217447 1.18013 -0.567339 0.455498
0.216705 1.18027 -0.569915 0.452166
0.215964 1.18041 -0.572472 0.448819
0.215222 1.18054 -0.57501 0.445457
0.21448 1.18068 -0.577529 0.44208
0.213738 1.18081 -0.580029 0.438687
0.212996 1.18095 -0.582509 0.435281
0.212254 1.18108 -0.58497 0.431859
0.211512 1.18121 -0.587411 0.428423
0.21077 1.18135 -0.589833 0.424972
0.210028 1.18148 -0.592235 0.421507
0.209285 1.18161 -0.594618 0.418028
0.208543 1.18174 -0.59698 0.414535
0.2078 1.18187 -0.599323 0.411027
0.207058 1.182 -0.601646 0.407506
0.206315 1.18213 -0.603948 0.403971
0.205572 1.18226 -0.606231 0.400422
0.204829 1.18239 -0.608493 0.39686
0.204086 1.18252 -0.610734 0.393284
0.203343 1.18265 -0.612955 0.389695
0.2026 1.18277 -0.615156 0.386093
0.201857 1.1829 -0.617336 0.382477
0.201114 1.18303 -0.619495 0.378849
0.20037 1.18315 -0.621634 0.375208
0.199627 1.18328 -0.623752 0.371554
0.198883 1.1834 -0.625849 0.367887
0.19814 1.18353 -0.627924 0.364208
0.197396 1.18365 -0.629979 0.360516
0.196652 1.18378 -0.632012 0.356813
0.195909 1.1839 -0.634024 0.353097
0.195165 1.18402 -0.636015 0.349369
0.194421 1.18415 -0.637985 0.345629
0.193677 1.18427 -0.639933 0.341877
0.192932 1.18439 -0.641859 0.338114
0.192188 1.18451 -0.643764 0.334339
0.191444 1.18463 -0.645647 0.330552
0.1907 1.18475 -0.647508 0.326754
0.189955 1.18487 -0.649347 0.322946
0.189211 1.18499 -0.651165 0.319126
0.188466 1.18511 -0.65296 0.315295
0.187721 1.18523 -0.654734 0.311453
0.186977 1.18534 -0.656485 0.307601
0.186232 1.18546 -0.658214 0.303738
0.185487 1.18558 -0.659921 0.299865
0.184742 1.18569 -0.661605 0.295981
0.183997 1.18581 -0.663267 0.292087
0.183252 1.18593 -0.664907 0.288183
0.182507 1.18604 -0.666524 0.28427
0.181761 1.18615 -0.668118 0.280346
0.181016 1.18627 -0.66969 0.276413
0.180271 1.18638 -0.671238 0.27247
0.179525 1.1865 -0.672765 0.268518
0.17878 1.18661 -0.674268 0.264557
0.178034 1.18672 -0.675748 0.260586
0.177288 1.18683 -0.677206 0.256607
0.176543 1.18694 -0.67864 0.252618
0.175797 1.18705 -0.680051 0.248621
0.175051 1.18716 -0.681439 0.244615
0.174305 1.18727 -0.682804 0.240601
0.173559 1.18738 -0.684146 0.236579
0.172813 1.18749 -0.685464 0.232548
0.172067 1.1876 -0.686759 0.228509
0.171321 1.18771 -0.688031 0.224462
0.170574 1.18781 -0.689279 0.220408
0.169828 1.18792 -0.690503 0.216345
0.169081 1.18803 -0.691704 0.212276
0.168335 1.18813 -0.692881 0.208199
0.167588 1.18824 -0.694035 0.204114
0.166842 1.18834 -0.695165 0.200023
0.166095 1.18845 -0.696271 0.195924
0.165348 1.18855 -0.697353 0.191819
0.164602 1.18866 -0.698411 0.187707
0.163855 1.18876 -0.699446 0.183588
0.163108 1.18886 -0.700456 0.179463
0.162361 1.18897 -0.701442 0.175332
0.161614 1.18907 -0.702405 0.171195
0.160866 1.18917 -0.703343 0.167051
0.160119 1.18927 -0.704257 0.162902
0.159372 1.18937 -0.705147 0.158747
0.158625 1.18947 -0.706013 0.154586
0.157877 1.18957 -0.706854 0.15042
0.15713 1.18967 -0.707671 0.146249
0.156382 1.18977 -0.708464 0.142072
0.155635 1.18986 -0.709233 0.137891
0.154887 1.18996 -0.709977 0.133704
0.154139 1.19006 -0.710696 0.129513
0.153392 1.19016 -0.711391 0.125317
0.152644 1.19025 -0.712062 0.121117
0.151896 1.19035 -0.712708 0.116913
0.151148 1.19044 -0.713329 0.112704
0.1504 1.19054 -0.713926 0.108491
0.149652 1.19063 -0.714499 0.104275
0.148904 1.19073 -0.715046 0.100054
0.148156 1.19082 -0.715569 0.0958305
0.147407 1.19091 -0.716067 0.0916032
0.146659 1.191 -0.71654 0.0873726
0.145911 1.1911 -0.716989 0.0831388
0.145162 1.19119 -0.717413 0.078902
0.144414 1.19128 -0.717812 0.0746623
0.143665 1.19137 -0.718186 0.07042
0.142917 1.19146 -0.718535 0.0661751
0.142168 1.19155 -0.718859 0.0619277
0.141419 1.19164 -0.719159 0.0576781
0.14067 1.19173 -0.719433 0.0534263
0.139922 1.19181 -0.719683 0.0491726
0.139173 1.1919 -0.719907 0.044917
0.138424 1.19199 -0.720107 0.0406597
0.137675 1.19208 -0.720281 0.0364009
0.136926 1.19216 -0.720431 0.0321407
0.136177 1.19225 -0.720555 0.0278792
0.135428 1.19233 -0.720655 0.0236167
0.134678 1.19242 -0.720729 0.0193532
0.133929 1.1925 -0.720779 0.0150889
0.13318 1.19259 -0.720803 0.0108239
0.132431 1.19267 -0.720802 0.00655844
0.131681 1.19275 -0.720776 0.00229261
0.130932 1.19284 -0.720725 -0.00197343
0.130182 1.19292 -0.720649 -0.00623954
0.129433 1.193 -0.720547 -0.0105056
0.128683 1.19308 -0.720421 -0.0147713
0.127933 1.19316 -0.720269 -0.0190367
0.127184 1.19324 -0.720093 -0.0233016
0.126434 1.19332 -0.719891 -0.0275658
0.125684 1.1934 -0.719664 -0.0318291
0.124934 1.19348 -0.719412 -0.0360915
0.124184 1.19356 -0.719134 -0.0403528
0.123434 1.19363 -0.718832 -0.0446127
0.122684 1.19371 -0.718504 -0.0488713
0.121934 1.19379 -0.718151 -0.0531282
0.121184 1.19387 -0.717774 -0.0573835
0.120434 1.19394 -0.717371 -0.0616368
0.119684 1.19402 -0.716942 -0.0658882
0.118934 1.19409 -0.716489 -0.0701373
0.118183 1.19417 -0.716011 -0.0743842
0.117433 1.19424 -0.715507 -0.0786285
0.116683 1.19431 -0.714979 -0.0828702
0.115932 1.19439 -0.714425 -0.0871092
0.115182 1.19446 -0.713846 -0.0913453
0.114431 1.19453 -0.713242 -0.0955782
0.113681 1.1946 -0.712613 -0.099808
0.11293 1.19467 -0.711959 -0.104034
0.112179 1.19475 -0.71128 -0.108257
0.111429 1.19482 -0.710576 -0.112476
0.110678 1.19489 -0.709847 -0.116692
0.109927 1.19495 -0.709093 -0.120903
0.109176 1.19502 -0.708314 -0.12511
0.108425 1.19509 -0.70751 -0.129313
0.107674 1.19516 -0.706682 -0.133512
0.106923 1.19523 -0.705828 -0.137706
0.106172 1.19529 -0.704949 -0.141895
0.105421 1.19536 -0.704046 -0.14608
0.10467 1.19543 -0.703117 -0.150259
0.103919 1.19549 -0.702164 -0.154433
0.103168 1.19556 -0.701186 -0.158602
0.102417 1.19562 -0.700184 -0.162766
0.101666 1.19569 -0.699156 -0.166924
0.100914 1.19575 -0.698104 -0.171076
0.100163 1.19581 -0.697027 -0.175222
0.0994116 1.19588 -0.695926 -0.179362
0.0986602 1.19594 -0.6948 -0.183496
0.0979087 1.196 -0.693649 -0.187624
0.0971572 1.19606 -0.692474 -0.191745
0.0964057 1.19612 -0.691274 -0.19586
0.0956542 1.19618 -0.69005 -0.199967
0.0949026 1.19624 -0.688801 -0.204068
0.0941509 1.1963 -0.687528 -0.208162
0.0933992 1.19636 -0.68623 -0.212248
0.0926475 1.19642 -0.684908 -0.216327
0.0918958 1.19648 -0.683562 -0.220399
0.091144 1.19653 -0.682192 -0.224462
0.0903922 1.19659 -0.680797 -0.228518
0.0896403 1.19665 -0.679378 -0.232566
0.0888884 1.1967 -0.677935 -0.236606
0.0881365 1.19676 -0.676468 -0.240638
0.0873845 1.19681 -0.674977 -0.244661
0.0866325 1.19687 -0.673462 -0.248676
0.0858805 1.19692 -0.671922 -0.252682
0.0851284 1.19698 -0.670359 -0.256679
0.0843763 1.19703 -0.668772 -0.260668
0.0836242 1.19708 -0.667162 -0.264647
0.082872 1.19714 -0.665527 -0.268616
0.0821198 1.19719 -0.663869 -0.272577
0.0813676 1.19724 -0.662187 -0.276528
0.0806153 1.19729 -0.660481 -0.280469
0.079863 1.19734 -0.658752 -0.2844
0.0791107 1.19739 -0.657 -0.288321
0.0783584 1.19744 -0.655223 -0.292232
0.077606 1.19749 -0.653424 -0.296133
0.0768536 1.19754 -0.651601 -0.300024
0.0761011 1.19758 -0.649755 -0.303904
0.0753486 1.19763 -0.647885 -0.307773
0.0745961 1.19768 -0.645993 -0.311631
0.0738436 1.19773 -0.644077 -0.315479
0.073091 1.19777 -0.642138 -0.319315
0.0723384 1.19782 -0.640177 -0.32314
0.0715858 1.19786 -0.638192 -0.326953
0.0708331 1.19791 -0.636185 -0.330755
0.0700805 1.19795 -0.634154 -0.334546
0.0693277 1.198 -0.632101 -0.338324
0.068575 1.19804 -0.630025 -0.342091
0.0678222 1.19808 -0.627927 -0.345845
0.0670695 1.19812 -0.625806 -0.349587
0.0663166 1.19817 -0.623663 -0.353317
0.0655638 1.19821 -0.621497 -0.357035
0.0648109 1.19825 -0.619309 -0.360739
0.064058 1.19829 -0.617099 -0.364431
0.0633051 1.19833 -0.614866 -0.36811
0.0625522 1.19837 -0.612612 -0.371776
0.0617992 1.19841 -0.610335 -0.375429
0.0610462 1.19845 -0.608036 -0.379068
0.0602932 1.19848 -0.605716 -0.382694
0.0595401 1.19852 -0.603373 -0.386307
0.0587871 1.19856 -0.601009 -0.389905
0.058034 1.1986 -0.598624 -0.39349
0.0572809 1.19863 -0.596216 -0.397061
0.0565277 1.19867 -0.593787 -0.400618
0.0557746 1.1987 -0.591337 -0.40416
0.0550214 1.19874 -0.588866 -0.407688
0.0542682 1.19877 -0.586373 -0.411202
0.053515 1.19881 -0.583859 -0.414701
0.0527617 1.19884 -0.581324 -0.418185
0.0520085 1.19887 -0.578768 -0.421654
0.0512552 1.1989 -0.576191 -0.425108
0.0505019 1.19894 -0.573593 -0.428547
0.0497486 1.19897 -0.570974 -0.431971
0.0489952 1.199 -0.568335 -0.435379
0.0482419 1.19903 -0.565675 -0.438772
0.0474885 1.19906 -0.562995 -0.442149
0.0467351 1.19909 -0.560294 -0.44551
0.0459817 1.19912 -0.557573 -0.448855
0.0452282 1.19915 -0.554832 -0.452184
0.0444748 1.19918 -0.55207 -0.455498
0.0437213 1.1992 -0.549289 -0.458794
0.0429678 1.19923 -0.546488 -0.462075
0.0422143 1.19926 -0.543667 -0.465339
0.0414608 1.19928 -0.540826 -0.468586
0.0407072 1.19931 -0.537965 -0.471816
0.0399537 1.19933 -0.535085 -0.475029
0.0392001 1.19936 -0.532186 -0.478226
0.0384465 1.19938 -0.529267 -0.481405
0.0376929 1.19941 -0.526329 -0.484567
0.0369393 1.19943 -0.523371 -0.487712
0.0361857 1.19945 -0.520395 -0.490839
0.035432 1.19948 -0.5174 -0.493948
0.0346784 1.1995 -0.514386 -0.49704
0.0339247 1.19952 -0.511353 -0.500114
0.033171 1.19954 -0.508301 -0.50317
0.0324173 1.19956 -0.505231 -0.506207
0.0316636 1.19958 -0.502143 -0.509227
0.0309099 1.1996 -0.499036 -0.512228
0.0301561 1.19962 -0.495911 -0.515211
0.0294024 1.19964 -0.492768 -0.518175
0.0286486 1.19966 -0.489607 -0.521121
0.0278948 1.19968 -0.486428 -0.524048
0.027141 1.19969 -0.483231 -0.526956
0.0263873 1.19971 -0.480017 -0.529845
0.0256334 1.19973 -0.476785 -0.532714
0.0248796 1.19974 -0.473535 -0.535565
0.0241258 1.19976 -0.470268 -0.538396
0.023372 1.19977 -0.466984 -0.541208
0.0226181 1.19979 -0.463683 -0.544
0.0218643 1.1998 -0.460365 -0.546773
0.0211104 1.19981 -0.45703 -0.549526
0.0203565 1.19983 -0.453678 -0.552259
0.0196027 1.19984 -0.45031 -0.554972
0.0188488 1.19985 -0.446925 -0.557665
0.0180949 1.19986 -0.443524 -0.560338
0.017341 1.19987 -0.440106 -0.562991
0.0165871 1.19989 -0.436672 -0.565623
0.0158332 1.1999 -0.433223 -0.568235
0.0150792 1.19991 -0.429757 -0.570826
0.0143253 1.19991 -0.426275 -0.573396
0.0135714 1.19992 -0.422778 -0.575946
0.0128175 1.19993 -0.419265 -0.578475
0.0120635 1.19994 -0.415737 -0.580983
0.0113096 1.19995 -0.412193 -0.58347
0.0105556 1.19995 -0.408634 -0.585935
0.00980166 1.19996 -0.40506 -0.58838
0.0090477 1.19997 -0.401472 -0.590803
0.00829374 1.19997 -0.397868 -0.593204
0.00753977 1.19998 -0.39425 -0.595584
0.0067858 1.19998 -0.390617 -0.597943
0.00603183 1.19998 -0.386969 -0.600279
0.00527786 1.19999 -0.383308 -0.602594
0.00452388 1.19999 -0.379632 -0.604887
0.0037699 1.19999 -0.375942 -0.607158
0.00301593 1.2 -0.372238 -0.609407
0.00226195 1.2 -0.368521 -0.611634
0.00150796 1.2 -0.36479 -0.613838
0.000753982 1.2 -0.361045 -0.61602
7.34788e-17 1.2 -0.357287 -0.61818
-0.000753982 1.2 -0.353515 -0.620317
-0.00150796 1.2 -0.349731 -0.622432
-0.00226195 1.2 -0.345933 -0.624524
-0.00301593 1.2 -0.342123 -0.626593
-0.0037699 1.19999 -0.3383 -0.628639
-0.00452388 1.19999 -0.334464 -0.630663
-0.00527786 1.19999 -0.330616 -0.632663
-0.00603183 1.19998 -0.326756 -0.63464
-0.0067858 1.19998 -0.322883 -0.636594
-0.00753977 1.19998 -0.318998 -0.638525
-0.00829374 1.19997 -0.315102 -0.640433
-0.0090477 1.19997 -0.311194 -0.642317
-0.00980166 1.19996 -0.307274 -0.644177
-0.0105556 1.19995 -0.303342 -0.646014
-0.0113096 1.19995 -0.2994 -0.647828
-0.0120635 1.19994 -0.295446 -0.649618
-0.0128175 1.19993 -0.291481 -0.651384
-0.0135714 1.19992 -0.287505 -0.653126
-0.0143253 1.19991 -0.283518 -0.654844
-0.0150792 1.19991 -0.279521 -0.656539
-0.0158332 1.1999 -0.275513 -0.658209
-0.0165871 1.19989 -0.271495 -0.659855
-0.017341 1.19987 -0.267467 -0.661477
-0.0180949 1.19986 -0.263429 -0.663075
-0.0188488 1.19985 -0.25938 -0.664648
-0.0196027 1.19984 -0.255322 -0.666198
-0.0203565 1.19983 -0.251255 -0.667722
-0.0211104 1.19981 -0.247178 -0.669222
-0.0218643 1.1998 -0.243091 -0.670698
-0.0226181 1.19979 -0.238996 -0.672149
-0.023372 1.19977 -0.234891 -0.673575
-0.0241258 1.19976 -0.230778 -0.674977
-0.0248796 1.19974 -0.226655 -0.676354
-0.0256334 1.19973 -0.222525 -0.677706
-0.0263873 1.19971 -0.218385 -0.679033
-0.027141 1.19969 -0.214238 -0.680335
-0.0278948 1.19968 -0.210082 -0.681612
-0.0286486 1.19966 -0.205919 -0.682864
-0.0294024 1.19964 -0.201747 -0.684091
-0.0301561 1.19962 -0.197568 -0.685293
-0.0309099 1.1996 -0.193382 -0.686469
-0.0316636 1.19958 -0.189188 -0.68762
-0.0324173 1.19956 -0.184986 -0.688746
-0.033171 1.19954 -0.180778 -0.689847
-0.0339247 1.19952 -0.176563 -0.690922
-0.0346784 1.1995 -0.172341 -0.691972
-0.035432 1.19948 -0.168112 -0.692996
-0.0361857 1.19945 -0.163877 -0.693995
-0.0369393 1.19943 -0.159636 -0.694968
-0.0376929 1.19941 -0.155388 -0.695915
-0.0384465 1.19938 -0.151135 -0.696837
-0.0392001 1.19936 -0.146875 -0.697733
-0.0399537 1.19933 -0.14261 -0.698603
-0.0407072 1.19931 -0.13834 -0.699448
-0.0414608 1.19928 -0.134064 -0.700266
-0.0422143 1.19926 -0.129783 -0.701059
-0.0429678 1.19923 -0.125496 -0.701826
-0.0437213 1.1992 -0.121205 -0.702567
-0.0444748 1.19918 -0.11691 -0.703282
-0.0452282 1.19915 -0.112609 -0.703971
-0.0459817 1.19912 -0.108304 -0.704634
-0.0467351 1.19909 -0.103995 -0.705271
-0.0474885 1.19906 -0.0996817 -0.705881
-0.0482419 1.19903 -0.0953644 -0.706466
-0.0489952 1.199 -0.0910434 -0.707025
-0.0497486 1.19897 -0.0867187 -0.707557
-0.0505019 1.19894 -0.0823905 -0.708063
-0.0512552 1.1989 -0.078059 -0.708543
-0.0520085 1.19887 -0.0737243 -0.708997
-0.0527617 1.19884 -0.0693866 -0.709424
-0.053515 1.19881 -0.065046 -0.709825
-0.0542682 1.19877 -0.0607028 -0.7102
-0.0550214 1.19874 -0.056357 -0.710548
-0.0557746 1.1987 -0.0520089 -0.71087
-0.0565277 1.19867 -0.0476585 -0.711166
-0.0572809 1.19863 -0.0433061 -0.711435
-0.058034 1.1986 -0.0389518 -0.711678
-0.0587871 1.19856 -0.0345958 -0.711894
-0.0595401 1.19852 -0.0302382 -0.712084
-0.0602932 1.19848 -0.0258792 -0.712248
-0.0610462 1.19845 -0.021519 -0.712385
-0.0617992 1.19841 -0.0171576 -0.712496
-0.0625522 1.19837 -0.0127953 -0.71258
-0.0633051 1.19833 -0.00843229 -0.712637
-0.064058 1.19829 -0.00406864 -0.712668
-0.0648109 1.19825 0.000295456 -0.712673
-0.0655638 1.19821 0.00465983 -0.712651
-0.0663166 1.19817 0.00902433 -0.712603
-0.0670695 1.19812 0.0133888 -0.712528
-0.0678222 1.19808 0.0177531 -0.712426
-0.068575 1.19804 0.022117 -0.712298
-0.0693277 1.198 0.0264803 -0.712144
-0.0700805 1.19795 0.030843 -0.711963
-0.0708331 1.19791 0.0352049 -0.711755
-0.0715858 1.19786 0.0395657 -0.711521
-0.0723384 1.19782 0.0439254 -0.71126
-0.073091 1.19777 0.0482837 -0.710973
-0.0738436 1.19773 0.0526406 -0.710659
-0.0745961 1.19768 0.0569957 -0.710319
-0.0753486 1.19763 0.0613491 -0.709952
-0.0761011 1.19758 0.0657005 -0.709559
-0.0768536 1.19754 0.0700498 -0.709139
-0.077606 1.19749 0.0743967 -0.708693
-0.0783584 1.19744 0.0787412 -0.70822
-0.0791107 1.19739 0.0830831 -0.707721
-0.079863 1.19734 0.0874222 -0.707195
-0.0806153 1.19729 0.0917583 -0.706643
-0.0813676 1.19724 0.0960913 -0.706064
-0.0821198 1.19719 0.100421 -0.705459
-0.082872 1.19714 0.104747 -0.704828
-0.0836242 1.19708 0.10907 -0.70417
-0.0843763 1.19703 0.113389 -0.703486
-0.0851284 1.19698 0.117704 -0.702776
-0.0858805 1.19692 0.122015 -0.702039
-0.0866325 1.19687 0.126322 -0.701276
-0.0873845 1.19681 0.130624 -0.700487
-0.0881365 1.19676 0.134922 -0.699672
-0.0888884 1.1967 0.139215 -0.69883
-0.0896403 1.19665 0.143503 -0.697962
-0.0903922 1.19659 0.147787 -0.697068
-0.091144 1.19653 0.152064 -0.696148
-0.0918958 1.19648 0.156337 -0.695201
-0.0926475 1.19642 0.160604 -0.694229
-0.0933992 1.19636 0.164866 -0.69323
-0.0941509 1.1963 0.169121 -0.692206
-0.0949026 1.19624 0.173371 -0.691155
-0.0956542 1.19618 0.177614 -0.690079
-0.0964057 1.19612 0.181851 -0.688976
-0.0971572 1.19606 0.186082 -0.687848
-0.0979087 1.196 0.190306 -0.686694
-0.0986602 1.19594 0.194523 -0.685514
-0.0994116 1.19588 0.198733 -0.684308
-0.100163 1.19581 0.202936 -0.683077
-0.100914 1.19575 0.207132 -0.68182
-0.101666 1.19569 0.211321 -0.680537
-0.102417 1.19562 0.215502 -0.679228
-0.103168 1.19556 0.219675 -0.677894
-0.103919 1.19549 0.22384 -0.676535
-0.10467 1.19543 0.227997 -0.67515
-0.105421 1.19536 0.232146 -0.673739
-0.106172 1.19529 0.236287 -0.672303
-0.106923 1.19523 0.240419 -0.670842
-0.107674 1.19516 0.244542 -0.669356
-0.108425 1.19509 0.248657 -0.667844
-0.109176 1.19502 0.252762 -0.666307
-0.109927 1.19495 0.256859 -0.664745
-0.110678 1.19489 0.260946 -0.663158
-0.111429 1.19482 0.265024 -0.661546
-0.112179 1.19475 0.269092 -0.659909
-0.11293 1.19467 0.27315 -0.658247
-0.113681 1.1946 0.277198 -0.65656
-0.114431 1.19453 0.281237 -0.654848
-0.115182 1.19446 0.285265 -0.653112
-0.115932 1.19439 0.289283 -0.651351
-0.116683 1.19431 0.29329 -0.649565
-0.117433 1.19424 0.297287 -0.647754
-0.118183 1.19417 0.301272 -0.64592
-0.118934 1.19409 0.305247 -0.64406
-0.119684 1.19402 0.309211 -0.642177
-0.120434 1.19394 0.313163 -0.640269
-0.121184 1.19387 0.317104 -0.638336
-0.121934 1.19379 0.321034 -0.63638
-0.122684 1.19371 0.324951 -0.6344
-0.123434 1.19363 0.328857 -0.632395
-0.124184 1.19356 0.332751 -0.630366
-0.124934 1.19348 0.336632 -0.628314
-0.125684 1.1934 0.340502 -0.626238
-0.126434 1.19332 0.344359 -0.624138
-0.127184 1.19324 0.348203 -0.622014
-0.127933 1.19316 0.352034 -0.619867
-0.128683 1.19308 0.355853 -0.617696
-0.129433 1.193 0.359658 -0.615502
-0.130182 1.19292 0.363451 -0.613284
-0.130932 1.19284 0.36723 -0.611043
-0.131681 1.19275 0.370995 -0.608779
-0.132431 1.19267 0.374747 -0.606492
-0.13318 1.19259 0.378485 -0.604181
-0.133929 1.1925 0.38221 -0.601848
-0.134678 1.19242 0.38592 -0.599492
-0.135428 1.19233 0.389616 -0.597113
-0.136177 1.19225 0.393298 -0.594711
-0.136926 1.19216 0.396965 -0.592287
-0.137675 1.19208 0.400617 -0.58984
-0.138424 1.19199 0.404255 -0.58737
-0.139173 1.1919 0.407878 -0.584878
-0.139922 1.19181 0.411486 -0.582364
-0.14067 1.19173 0.415079 -0.579828
-0.141419 1.19164 0.418656 -0.577269
-0.142168 1.19155 0.422218 -0.574689
-0.142917 1.19146 0.425765 -0.572087
-0.143665 1.19137 0.429296 -0.569462
-0.144414 1.19128 0.432811 -0.566816
-0.145162 1.19119 0.436309 -0.564149
-0.145911 1.1911 0.439792 -0.56146
-0.146659 1.191 0.443259 -0.558749
-0.147407 1.19091 0.446709 -0.556017
-0.148156 1.19082 0.450143 -0.553264
-0.148904 1.19073 0.45356 -0.550489
-0.149652 1.19063 0.45696 -0.547694
-0.1504 1.19054 0.460343 -0.544877
-0.151148 1.19044 0.46371 -0.54204
-0.151896 1.19035 0.467059 -0.539182
-0.152644 1.19025 0.470391 -0.536303
-0.153392 1.19016 0.473705 -0.533404
-0.154139 1.19006 0.477002 -0.530484
-0.154887 1.18996 0.480281 -0.527544
-0.155635 1.18986 0.483543 -0.524584
-0.156382 1.18977 0.486786 -0.521604
-0.15713 1.18967 0.490012 -0.518603
-0.157877 1.18957 0.493219 -0.515583
-0.158625 1.18947 0.496408 -0.512543
-0.159372 1.18937 0.499578 -0.509483
-0.160119 1.18927 0.50273 -0.506404
-0.160866 1.18917 0.505864 -0.503305
-0.161614 1.18907 0.508978 -0.500187
-0.162361 1.18897 0.512074 -0.497049
-0.163108 1.18886 0.515151 -0.493893
-0.163855 1.18876 0.518208 -0.490717
-0.164602 1.18866 0.521246 -0.487523
-0.165348 1.18855 0.524265 -0.484309
-0.166095 1.18845 0.527264 -0.481077
-0.166842 1.18834 0.530244 -0.477827
-0.167588 1.18824 0.533204 -0.474558
-0.168335 1.18813 0.536144 -0.471271
-0.169081 1.18803 0.539064 -0.467965
-0.169828 1.18792 0.541965 -0.464642
-0.170574 1.18781 0.544845 -0.4613
-0.171321 1.18771 0.547704 -0.457941
-0.172067 1.1876 0.550543 -0.454564
-0.172813 1.18749 0.553362 -0.45117
-0.173559 1.18738 0.55616 -0.447758
-0.174305 1.18727 0.558938 -0.444328
-0.175051 1.18716 0.561694 -0.440882
-0.175797 1.18705 0.56443 -0.437418
-0.176543 1.18694 0.567144 -0.433938
-0.177288 1.18683 0.569838 -0.43044
-0.178034 1.18672 0.57251 -0.426926
-0.17878 1.18661 0.575161 -0.423395
-0.179525 1.1865 0.57779 -0.419848
-0.180271 1.18638 0.580398 -0.416285
-0.181016 1.18627 0.582984 -0.412705
-0.181761 1.18615 0.585548 -0.40911
-0.182507 1.18604 0.58809 -0.405498
-0.183252 1.18593 0.590611 -0.401871
-0.183997 1.18581 0.593109 -0.398228
-0.184742 1.18569 0.595585 -0.394569
-0.185487 1.18558 0.598039 -0.390895
-0.186232 1.18546 0.600471 -0.387206
-0.186977 1.18534 0.60288 -0.383502
-0.187721 1.18523 0.605267 -0.379783
-0.188466 1.18511 0.60763 -0.376049
-0.189211 1.18499 0.609972 -0.3723
-0.189955 1.18487 0.61229 -0.368537
-0.1907 1.18475 0.614585 -0.364759
-0.191444 1.18463 0.616858 -0.360967
-0.192188 1.18451 0.619107 -0.357161
-0.192932 1.18439 0.621333 -0.353341
-0.193677 1.18427 0.623536 -0.349507
-0.194421 1.18415 0.625715 -0.345659
-0.195165 1.18402 0.627871 -0.341798
-0.195909 1.1839 0.630004 -0.337923
-0.196652 1.18378 0.632113 -0.334035
-0.197396 1.18365 0.634198 -0.330134
-0.19814 1.18353 0.636259 -0.32622
-0.198883 1.1834 0.638297 -0.322293
-0.199627 1.18328 0.64031 -0.318353
-0.20037 1.18315 0.6423 -0.314401
-0.201114 1.18303 0.644265 -0.310436
-0.201857 1.1829 0.646207 -0.306459
-0.2026 1.18277 0.648124 -0.30247
-0.203343 1.18265 0.650016 -0.298469
-0.204086 1.18252 0.651885 -0.294456
-0.204829 1.18239 0.653729 -0.290431
-0.205572 1.18226 0.655548 -0.286395
-0.206315 1.18213 0.657342 -0.282347
-0.207058 1.182 0.659112 -0.278288
-0.2078 1.18187 0.660857 -0.274219
-0.208543 1.18174 0.662578 -0.270138
-0.209285 1.18161 0.664273 -0.266046
-0.210028 1.18148 0.665943 -0.261944
-0.21077 1.18135 0.667589 -0.257831
-0.211512 1.18121 0.669209 -0.253708
-0.212254 1.18108 0.670804 -0.249575
-0.212996 1.18095 0.672374 -0.245432
-0.213738 1.18081 0.673919 -0.241279
-0.21448 1.18068 0.675438 -0.237116
-0.215222 1.18054 0.676932 -0.232944
-0.215964 1.18041 0.6784 -0.228762
-0.216705 1.18027 0.679843 -0.224571
-0.217447 1.18013 0.68126 -0.220371
-0.218188 1.18 0.682651 -0.216162
-0.21893 1.17986 0.684017 -0.211944
-0.219671 1.17972 0.685357 -0.207718
-0.220412 1.17958 0.686671 -0.203483
-0.221153 1.17945 0.687959 -0.19924
-0.221894 1.17931 0.689222 -0.194988
-0.222635 1.17917 0.690458 -0.190729
-0.223376 1.17903 0.691668 -0.186462
-0.224117 1.17889 0.692853 -0.182187
-0.224858 1.17874 0.694011 -0.177905
-0.225598 1.1786 0.695143 -0.173615
-0.226339 1.17846 0.696248 -0.169319
-0.227079 1.17832 0.697328 -0.165015
-0.227819 1.17818 0.698381 -0.160704
-0.22856 1.17803 0.699408 -0.156387
-0.2293 1.17789 0.700408 -0.152063
-0.23004 1.17774 0.701382 -0.147732
-0.23078 1.1776 0.702329 -0.143396
-0.23152 1.17745 0.70325 -0.139053
-0.232259 1.17731 0.704145 -0.134705
-0.232999 1.17716 0.705012 -0.13035
-0.233739 1.17702 0.705854 -0.12599
-0.234478 1.17687 0.706668 -0.121625
-0.235218 1.17672 0.707456 -0.117255
-0.235957 1.17657 0.708217 -0.112879
-0.236696 1.17642 0.708951 -0.108499
-0.237435 1.17628 0.709658 -0.104113
-0.238174 1.17613 0.710339 -0.0997234
-0.238913 1.17598 0.710993 -0.0953291
-0.239652 1.17583 0.71162 -0.0909305
-0.240391 1.17568 0.712219 -0.0865279
-0.241129 1.17552 0.712792 -0.0821213
-0.241868 1.17537 0.713338 -0.0777109
-0.242606 1.17522 0.713857 -0.0732969
-0.243345 1.17507 0.714349 -0.0688795
-0.244083 1.17491 0.714814 -0.0644588
-0.244821 1.17476 0.715252 -0.060035
-0.245559 1.17461 0.715663 -0.0556083
-0.246297 1.17445 0.716046 -0.0511788
-0.247035 1.1743 0.716403 -0.0467467
-0.247773 1.17414 0.716732 -0.0423121
-0.248511 1.17399 0.717035 -0.0378752
-0.249248 1.17383 0.71731 -0.0334363
-0.249986 1.17367 0.717558 -0.0289953
-0.250723 1.17352 0.717778 -0.0245526
-0.25146 1.17336 0.717972 -0.0201083
-0.252198 1.1732 0.718138 -0.0156626
-0.252935 1.17304 0.718277 -0.0112155
-0.253672 1.17288 0.718389 -0.00676738
-0.254409 1.17272 0.718473 -0.00231828
-0.255145 1.17256 0.71853 0.0021316
-0.255882 1.1724 0.71856 0.00658209
-0.256619 1.17224 0.718563 0.011033
-0.257355 1.17208 0.718539 0.0154843
-0.258091 1.17192 0.718487 0.0199356
-0.258828 1.17175 0.718408 0.0243869
-0.259564 1.17159 0.718301 0.0288379
-0.2603 1.17143 0.718168 0.0332886
-0.261036 1.17126 0.718007 0.0377387
-0.261772 1.1711 0.717818 0.0421881
-0.262508 1.17094 0.717603 0.0466366
-0.263243 1.17077 0.71736 0.051084
-0.263979 1.1706 0.71709 0.0555302
-0.264714 1.17044 0.716793 0.059975
-0.26545 1.17027 0.716468 0.0644183
-0.266185 1.1701 0.716116 0.0688598
-0.26692 1.16994 0.715737 0.0732994
-0.267655 1.16977 0.715331 0.077737
-0.26839 1.1696 0.714898 0.0821724
-0.269125 1.16943 0.714437 0.0866053
-0.26986 1.16926 0.713949 0.0910357
-0.270594 1.16909 0.713434 0.0954634
-0.271329 1.16892 0.712892 0.0998882
-0.272063 1.16875 0.712323 0.10431
-0.272797 1.16858 0.711726 0.108728
-0.273532 1.16841 0.711103 0.113143
-0.274266 1.16824 0.710452 0.117555
-0.275 1.16806 0.709775 0.121963
-0.275734 1.16789 0.70907 0.126367
-0.276467 1.16772 0.708338 0.130767
-0.277201 1.16754 0.70758 0.135162
-0.277934 1.16737 0.706794 0.139554
-0.278668 1.1672 0.705981 0.14394
-0.279401 1.16702 0.705142 0.148322
-0.280134 1.16684 0.704276 0.152699
-0.280868 1.16667 0.703382 0.157071
-0.281601 1.16649 0.702462 0.161438
-0.282333 1.16631 0.701515 0.1658
-0.283066 1.16614 0.700542 0.170156
-0.283799 1.16596 0.699541 0.174506
-0.284531 1.16578 0.698514 0.17885
-0.285264 1.1656 0.697461 0.183189
-0.285996 1.16542 0.69638 0.187521
-0.286728 1.16524 0.695273 0.191847
-0.28746 1.16506 0.69414 0.196166
-0.288192 1.16488 0.69298 0.200478
-0.288924 1.1647 0.691793 0.204784
-0.289656 1.16452 0.69058 0.209083
-0.290388 1.16433 0.689341 0.213374
-0.291119 1.16415 0.688075 0.217659
-0.29185 1.16397 0.686783 0.221935
-0.292582 1.16379 0.685465 0.226204
-0.293313 1.1636 0.684121 0.230466
-0.294044 1.16342 0.68275 0.234719
-0.294775 1.16323 0.681354 0.238964
-0.295506 1.16305 0.679931 0.243201
-0.296236 1.16286 0.678482 0.247429
-0.296967 1.16267 0.677007 0.251649
-0.297698 1.16249 0.675507 0.25586
-0.298428 1.1623 0.67398 0.260062
-0.299158 1.16211 0.672428 0.264255
-0.299888 1.16192 0.67085 0.268439
-0.300618 1.16174 0.669246 0.272613
-0.301348 1.16155 0.667617 0.276778
-0.302078 1.16136 0.665962 0.280933
-0.302808 1.16117 0.664281 0.285078
-0.303537 1.16098 0.662575 0.289213
-0.304266 1.16079 0.660844 0.293338
-0.304996 1.16059 0.659087 0.297452
-0.305725 1.1604 0.657305 0.301556
-0.306454 1.16021 0.655498 0.30565
-0.307183 1.16002 0.653665 0.309732
-0.307912 1.15982 0.651808 0.313804
-0.30864 1.15963 0.649925 0.317864
-0.309369 1.15944 0.648018 0.321913
-0.310097 1.15924 0.646086 0.325951
-0.310826 1.15905 0.644129 0.329977
-0.311554 1.15885 0.642147 0.333992
-0.312282 1.15865 0.64014 0.337994
-0.31301 1.15846 0.638109 0.341985
-0.313738 1.15826 0.636053 0.345963
-0.314465 1.15806 0.633973 0.349929
-0.315193 1.15787 0.631869 0.353883
-0.31592 1.15767 0.62974 0.357824
-0.316648 1.15747 0.627587 0.361752
-0.317375 1.15727 0.62541 0.365667
-0.318102 1.15707 0.623209 0.369569
-0.318829 1.15687 0.620984 0.373458
-0.319556 1.15667 0.618734 0.377334
-0.320282 1.15647 0.616461 0.381196
-0.321009 1.15627 0.614165 0.385044
-0.321735 1.15607 0.611844 0.388878
-0.322462 1.15586 0.609501 0.392699
-0.323188 1.15566 0.607133 0.396505
-0.323914 1.15546 0.604742 0.400298
-0.32464 1.15525 0.602328 0.404075
-0.325366 1.15505 0.599891 0.407839
-0.326091 1.15484 0.59743 0.411587
-0.326817 1.15464 0.594947 0.415321
-0.327542 1.15443 0.59244 0.41904
-0.328268 1.15423 0.589911 0.422744
-0.328993 1.15402 0.587358 0.426432
-0.329718 1.15381 0.584784 0.430105
-0.330443 1.15361 0.582186 0.433763
-0.331167 1.1534 0.579566 0.437405
-0.331892 1.15319 0.576924 0.441031
-0.332617 1.15298 0.574259 0.444641
-0.333341 1.15277 0.571572 0.448236
-0.334065 1.15256 0.568863 0.451814
-0.334789 1.15235 0.566132 0.455375
-0.335513 1.15214 0.563379 0.45892
-0.336237 1.15193 0.560604 0.462449
-0.336961 1.15172 0.557808 0.465961
-0.337684 1.15151 0.55499 0.469456
-0.338408 1.15129 0.55215 0.472934
-0.339131 1.15108 0.549289 0.476395
-0.339854 1.15087 0.546407 0.479838
-0.340577 1.15066 0.543503 0.483264
-0.3413 1.15044 0.540578 0.486673
-0.342023 1.15023 0.537633 0.490064
-0.342746 1.15001 0.534666 0.493437
-0.343468 1.1498 0.531679 0.496793
-0.344191 1.14958 0.528671 0.50013
-0.344913 1.14936 0.525643 0.503449
-0.345635 1.14915 0.522594 0.50675
-0.346357 1.14893 0.519524 0.510032
-0.347079 1.14871 0.516435 0.513296
-0.3478 1.14849 0.513325 0.516541
-0.348522 1.14827 0.510196 0.519768
-0.349243 1.14805 0.507046 0.522975
-0.349965 1.14783 0.503877 0.526164
-0.350686 1.14761 0.500688 0.529333
-0.351407 1.14739 0.49748 0.532483
-0.352128 1.14717 0.494252 0.535614
-0.352848 1.14695 0.491005 0.538725
-0.353569 1.14673 0.487739 0.541817
-0.354289 1.14651 0.484454 0.544888
-0.35501 1.14628 0.481149 0.54794
-0.35573 1.14606 0.477826 0.550972
-0.35645 1.14584 0.474485 0.553984
-0.35717 1.14561 0.471124 0.556976
-0.35789 1.14539 0.467746 0.559947
-0.358609 1.14516 0.464348 0.562898
-0.359329 1.14494 0.460933 0.565829
-0.360048 1.14471 0.4575 0.568739
-0.360767 1.14449 0.454049 0.571628
-0.361486 1.14426 0.450579 0.574496
-0.362205 1.14403 0.447093 0.577343
-0.362924 1.1438 0.443588 0.580169
-0.363642 1.14358 0.440066 0.582974
-0.364361 1.14335 0.436527 0.585758
-0.365079 1.14312 0.432971 0.58852
-0.365797 1.14289 0.429398 0.591261
-0.366515 1.14266 0.425807 0.59398
-0.367233 1.14243 0.4222 0.596677
-0.367951 1.1422 0.418577 0.599353
-0.368668 1.14196 0.414937 0.602006
-0.369386 1.14173 0.41128 0.604638
-0.370103 1.1415 0.407607 0.607248
-0.37082 1.14127 0.403918 0.609835
-0.371537 1.14103 0.400213 0.6124
-0.372254 1.1408 0.396492 0.614943
-0.372971 1.14057 0.392756 0.617463
-0.373688 1.14033 0.389004 0.61996
-0.374404 1.1401 0.385236 0.622435
-0.37512 1.13986 0.381453 0.624887
-0.375836 1.13963 0.377655 0.627316
-0.376552 1.13939 0.373843 0.629722
-0.377268 1.13915 0.370015 0.632105
-0.377984 1.13892 0.366172 0.634465
-0.378699 1.13868 0.362315 0.636802
-0.379415 1.13844 0.358443 0.639115
-0.38013 1.1382 0.354557 0.641405
-0.380845 1.13796 0.350657 0.643671
-0.38156 1.13772 0.346743 0.645914
-0.382275 1.13748 0.342815 0.648133
-0.382989 1.13724 0.338873 0.650328
-0.383704 1.137 0.334918 0.6525
-0.384418 1.13676 0.330949 0.654647
-0.385132 1.13652 0.326967 0.656771
-0.385846 1.13628 0.322971 0.65887
-0.38656 1.13603 0.318963 0.660946
-0.387274 1.13579 0.314942 0.662997
-0.387987 1.13555 0.310908 0.665023
-0.388701 1.1353 0.306862 0.667026
-0.389414 1.13506 0.302803 0.669003
-0.390127 1.13481 0.298731 0.670957
-0.39084 1.13457 0.294648 0.672885
-0.391553 1.13432 0.290553 0.674789
-0.392266 1.13408 0.286446 0.676668
-0.392978 1.13383 0.282327 0.678522
-0.39369 1.13358 0.278197 0.680352
-0.394403 1.13333 0.274055 0.682156
-0.395115 1.13309 0.269902 0.683935
-0.395826 1.13284 0.265738 0.68569
-0.396538 1.13259 0.261564 0.687419
-0.39725 1.13234 0.257378 0.689122
-0.397961 1.13209 0.253182 0.690801
-0.398672 1.13184 0.248975 0.692454
-0.399383 1.13159 0.244758 0.694081
-0.400094 1.13134 0.240531 0.695683
-0.400805 1.13109 0.236294 0.69726
-0.401516 1.13083 0.232047 0.698811
-0.402226 1.13058 0.22779 0.700336
-0.402936 1.13033 0.223524 0.701835
-0.403647 1.13007 0.219249 0.703309
-0.404357 1.12982 0.214964 0.704756
-0.405066 1.12957 0.21067 0.706178
-0.405776 1.12931 0.206368 0.707574
-0.406486 1.12906 0.202056 0.708944
-0.407195 1.1288 0.197737 0.710288
-0.407904 1.12855 0.193408 0.711605
-0.408613 1.12829 0.189072 0.712896
-0.409322 1.12803 0.184727 0.714162
-0.410031 1.12777 0.180374 0.715401
-0.410739 1.12752 0.176014 0.716613
-0.411447 1.12726 0.171646 0.717799
-0.412156 1.127 0.16727 0.718959
-0.412864 1.12674 0.162887 0.720092
-0.413572 1.12648 0.158497 0.721199
-0.414279 1.12622 0.1541 0.722279
-0.414987 1.12596 0.149696 0.723333
-0.415694 1.1257 0.145286 0.72436
-0.416401 1.12544 0.140869 0.72536
-0.417108 1.12518 0.136446 0.726334
-0.417815 1.12491 0.132016 0.727281
-0.418522 1.12465 0.127581 0.728201
-0.419229 1.12439 0.12314 0.729094
-0.419935 1.12412 0.118693 0.729961
-0.420641 1.12386 0.11424 0.7308
-0.421347 1.1236 0.109782 0.731613
-0.422053 1.12333 0.105319 0.732399
-0.422759 1.12306 0.100851 0.733157
-0.423464 1.1228 0.0963779 0.733889
-0.42417 1.12253 0.0919002 0.734593
-0.424875 1.12227 0.087418 0.735271
-0.42558 1.122 0.0829314 0.735922
-0.426285 1.12173 0.0784405 0.736545
-0.42699 1.12146 0.0739456 0.737141
-0.427694 1.12119 0.0694468 0.73771
-0.428399 1.12093 0.0649443 0.738252
-0.429103 1.12066 0.0604382 0.738767
-0.429807 1.12039 0.0559288 0.739254
-0.430511 1.12012 0.0514161 0.739714
-0.431214 1.11985 0.0469003 0.740147
-0.431918 1.11957 0.0423816 0.740552
-0.432621 1.1193 0.0378602 0.740931
-0.433325 1.11903 0.0333363 0.741282
-0.434028 1.11876 0.0288099 0.741605
-0.43473 1.11849 0.0242813 0.741902
-0.435433 1.11821 0.0197506 0.74217
-0.436136 1.11794 0.015218 0.742412
-0.436838 1.11766 0.0106836 0.742626
-0.43754 1.11739 0.00614773 0.742813
-0.438242 1.11711 0.0016104 0.742972
-0.438944 1.11684 -0.00292818 0.743104
-0.439646 1.11656 -0.00746784 0.743209
-0.440347 1.11629 -0.0120084 0.743286
-0.441048 1.11601 -0.0165497 0.743335
-0.441749 1.11573 -0.0210917 0.743358
-0.44245 1.11545 -0.025634 0.743352
-0.443151 1.11518 -0.0301766 0.74332
-0.443852 1.1149 -0.0347192 0.74326
-0.444552 1.11462 -0.0392618 0.743172
-0.445252 1.11434 -0.0438042 0.743057
-0.445953 1.11406 -0.0483461 0.742915
-0.446652 1.11378 -0.0528875 0.742745
-0.447352 1.1135 -0.0574282 0.742548
-0.448052 1.11322 -0.0619679 0.742323
-0.448751 1.11293 -0.0665065 0.742071
-0.44945 1.11265 -0.071044 0.741792
-0.450149 1.11237 -0.07558 0.741485
-0.450848 1.11209 -0.0801145 0.741151
-0.451547 1.1118 -0.0846472 0.740789
-0.452245 1.11152 -0.089178 0.740401
-0.452944 1.11123 -0.0937068 0.739984
-0.453642 1.11095 -0.0982334 0.739541
-0.45434 1.11066 -0.102758 0.73907
-0.455037 1.11038 -0.107279 0.738572
-0.455735 1.11009 -0.111798 0.738046
-0.456432 1.10981 -0.116314 0.737493
-0.45713 1.10952 -0.120827 0.736913
-0.457827 1.10923 -0.125337 0.736306
-0.458523 1.10894 -0.129843 0.735672
-0.45922 1.10866 -0.134346 0.73501
-0.459917 1.10837 -0.138845 0.734321
-0.460613 1.10808 -0.14334 0.733605
-0.461309 1.10779 -0.147832 0.732862
-0.462005 1.1075 -0.152319 0.732092
-0.462701 1.10721 -0.156802 0.731295
-0.463396 1.10692 -0.16128 0.730471
-0.464092 1.10662 -0.165753 0.72962
-0.464787 1.10633 -0.170222 0.728742
-0.465482 1.10604 -0.174686 0.727836
-0.466177 1.10575 -0.179144 0.726904
-0.466872 1.10546 -0.183597 0.725946
-0.467566 1.10516 -0.188045 0.72496
-0.46826 1.10487 -0.192487 0.723947
-0.468954 1.10457 -0.196923 0.722908
-0.469648 1.10428 -0.201354 0.721842
-0.470342 1.10398 -0.205778 0.720749
-0.471036 1.10369 -0.210196 0.719629
-0.471729 1.10339 -0.214607 0.718483
-0.472422 1.10309 -0.219012 0.717311
-0.473115 1.1028 -0.22341 0.716112
-0.473808 1.1025 -0.227801 0.714886
-0.474501 1.1022 -0.232185 0.713634
-0.475193 1.1019 -0.236562 0.712355
-0.475885 1.1016 -0.240932 0.71105
-0.476577 1.10131 -0.245293 0.709719
-0.477269 1.10101 -0.249648 0.708361
-0.477961 1.10071 -0.253994 0.706978
-0.478653 1.10041 -0.258332 0.705568
-0.479344 1.1001 -0.262662 0.704132
-0.480035 1.0998 -0.266984 0.702669
-0.480726 1.0995 -0.271297 0.701181
-0.481417 1.0992 -0.275602 0.699667
-0.482107 1.0989 -0.279897 0.698127
-0.482798 1.09859 -0.284184 0.696561
-0.483488 1.09829 -0.288462 0.694969
-0.484178 1.09799 -0.29273 0.693352
-0.484867 1.09768 -0.296989 0.691709
-0.485557 1.09738 -0.301239 0.69004
-0.486246 1.09707 -0.305478 0.688346
-0.486936 1.09677 -0.309708 0.686626
-0.487625 1.09646 -0.313928 0.68488
-0.488314 1.09615 -0.318137 0.68311
-0.489002 1.09585 -0.322336 0.681314
-0.489691 1.09554 -0.326525 0.679492
-0.490379 1.09523 -0.330703 0.677646
-0.491067 1.09492 -0.33487 0.675774
-0.491755 1.09461 -0.339027 0.673877
-0.492442 1.0943 -0.343172 0.671956
-0.49313 1.09399 -0.347306 0.670009
-0.493817 1.09368 -0.351429 0.668038
-0.494504 1.09337 -0.35554 0.666041
-0.495191 1.09306 -0.359639 0.66402
-0.495878 1.09275 -0.363727 0.661974
-0.496564 1.09244 -0.367802 0.659904
-0.497251 1.09213 -0.371866 0.657809
-0.497937 1.09181 -0.375917 0.65569
-0.498623 1.0915 -0.379956 0.653547
-0.499308 1.09119 -0.383982 0.651379
-0.499994 1.09087 -0.387995 0.649187
-0.500679 1.09056 -0.391996 0.646971
-0.501364 1.09024 -0.395984 0.644731
-0.502049 1.08993 -0.399958 0.642466
-0.502734 1.08961 -0.40392 0.640178
-0.503419 1.0893 -0.407868 0.637866
-0.504103 1.08898 -0.411802 0.635531
-0.504787 1.08866 -0.415722 0.633172
-0.505471 1.08835 -0.419629 0.630789
-0.506155 1.08803 -0.423522 0.628383
-0.506838 1.08771 -0.427401 0.625953
-0.507522 1.08739 -0.431265 0.6235
-0.508205 1.08707 -0.435115 0.621024
-0.508888 1.08675 -0.438951 0.618525
-0.50957 1.08643 -0.442772 0.616003
-0.510253 1.08611 -0.446578 0.613457
-0.510935 1.08579 -0.450369 0.610889
-0.511617 1.08547 -0.454145 0.608299
-0.512299 1.08515 -0.457906 0.605685
-0.512981 1.08483 -0.461651 0.603049
-0.513662 1.0845 -0.465381 0.600391
-0.514344 1.08418 -0.469096 0.59771
-0.515025 1.08386 -0.472794 0.595006
-0.515706 1.08353 -0.476477 0.592281
-0.516386 1.08321 -0.480144 0.589534
-0.517067 1.08289 -0.483795 0.586764
-0.517747 1.08256 -0.487429 0.583973
-0.518427 1.08224 -0.491047 0.581159
-0.519107 1.08191 -0.494649 0.578324
-0.519787 1.08158 -0.498233 0.575468
-0.520466 1.08126 -0.501801 0.57259
-0.521146 1.08093 -0.505353 0.56969
-0.521825 1.0806 -0.508887 0.56677
-0.522504 1.08027 -0.512404 0.563828
-0.523182 1.07994 -0.515904 0.560865
-0.523861 1.07962 -0.519386 0.557881
-0.524539 1.07929 -0.522851 0.554876
-0.525217 1.07896 -0.526298 0.55185
-0.525895 1.07863 -0.529727 0.548804
-0.526572 1.0783 -0.533139 0.545737
-0.52725 1.07796 -0.536532 0.54265
-0.527927 1.07763 -0.539908 0.539542
-0.528604 1.0773 -0.543265 0.536414
-0.529281 1.07697 -0.546604 0.533266
-0.529957 1.07664 -0.549924 0.530098
-0.530634 1.0763 -0.553226 0.52691
-0.53131 1.07597 -0.556509 0.523702
-0.531986 1.07564 -0.559773 0.520475
-0.532662 1.0753 -0.563018 0.517228
-0.533337 1.07497 -0.566244 0.513962
-0.534012 1.07463 -0.569451 0.510676
-0.534688 1.07429 -0.572639 0.507371
-0.535362 1.07396 -0.575807 0.504047
-0.536037 1.07362 -0.578956 0.500704
-0.536712 1.07329 -0.582085 0.497342
-0.537386 1.07295 -0.585195 0.493962
-0.53806 1.07261 -0.588285 0.490562
-0.538734 1.07227 -0.591354 0.487145
-0.539407 1.07193 -0.594404 0.483709
-0.540081 1.07159 -0.597433 0.480254
-0.540754 1.07125 -0.600442 0.476782
-0.541427 1.07091 -0.603431 0.473291
-0.5421 1.07057 -0.6064 0.469783
-0.542772 1.07023 -0.609347 0.466257
-0.543445 1.06989 -0.612274 0.462713
-0.544117 1.06955 -0.615181 0.459152
-0.544789 1.06921 -0.618066 0.455573
-0.54546 1.06887 -0.620931 0.451977
-0.546132 1.06852 -0.623774 0.448364
-0.546803 1.06818 -0.626596 0.444734
-0.547474 1.06784 -0.629397 0.441087
-0.548145 1.06749 -0.632176 0.437423
-0.548816 1.06715 -0.634934 0.433742
-0.549486 1.0668 -0.637671 0.430045
-0.550156 1.06646 -0.640386 0.426332
-0.550826 1.06611 -0.643078 0.422603
-0.551496 1.06576 -0.64575 0.418857
-0.552165 1.06542 -0.648399 0.415095
-0.552835 1.06507 -0.651026 0.411318
-0.553504 1.06472 -0.653631 0.407525
-0.554173 1.06437 -0.656214 0.403716
-0.554841 1.06403 -0.658774 0.399892
-0.55551 1.06368 -0.661312 0.396052
-0.556178 1.06333 -0.663828 0.392197
-0.556846 1.06298 -0.666321 0.388328
-0.557514 1.06263 -0.668791 0.384443
-0.558181 1.06228 -0.671239 0.380544
-0.558849 1.06193 -0.673664 0.37663
-0.559516 1.06158 -0.676065 0.372701
-0.560183 1.06122 -0.678444 0.368758
-0.560849 1.06087 -0.6808 0.364801
-0.561516 1.06052 -0.683133 0.36083
-0.562182 1.06017 -0.685442 0.356844
-0.562848 1.05981 -0.687728 0.352845
-0.563514 1.05946 -0.689991 0.348833
-0.564179 1.0591 -0.69223 0.344807
-0.564845 1.05875 -0.694445 0.340767
-0.56551 1.05839 -0.696637 0.336714
-0.566175 1.05804 -0.698806 0.332648
-0.566839 1.05768 -0.70095 0.328569
-0.567504 1.05733 -0.703071 0.324478
-0.568168 1.05697 -0.705168 0.320373
-0.568832 1.05661 -0.70724 0.316256
-0.569496 1.05625 -0.709289 0.312127
-0.570159 1.0559 -0.711313 0.307985
-0.570823 1.05554 -0.713314 0.303832
-0.571486 1.05518 -0.71529 0.299666
-0.572149 1.05482 -0.717242 0.295488
-0.572811 1.05446 -0.719169 0.291299
-0.573474 1.0541 -0.721072 0.287098
-0.574136 1.05374 -0.72295 0.282886
-0.574798 1.05338 -0.724804 0.278663
-0.57546 1.05302 -0.726633 0.274429
-0.576121 1.05266 -0.728437 0.270183
-0.576783 1.05229 -0.730216 0.265927
-0.577444 1.05193 -0.731971 0.26166
-0.578104 1.05157 -0.733701 0.257383
-0.578765 1.0512 -0.735406 0.253096
-0.579425 1.05084 -0.737086 0.248798
-0.580086 1.05048 -0.73874 0.24449
-0.580745 1.05011 -0.74037 0.240172
-0.581405 1.04975 -0.741974 0.235845
-0.582065 1.04938 -0.743553 0.231507
-0.582724 1.04902 -0.745107 0.227161
-0.583383 1.04865 -0.746636 0.222805
-0.584042 1.04828 -0.748139 0.21844
-0.5847 1.04791 -0.749617 0.214066
-0.585358 1.04755 -0.751069 0.209683
-0.586017 1.04718 -0.752495 0.205291
-0.586674 1.04681 -0.753897 0.200891
-0.587332 1.04644 -0.755272 0.196482
-0.587989 1.04607 -0.756622 0.192066
-0.588647 1.0457 -0.757946 0.187641
-0.589303 1.04533 -0.759244 0.183208
-0.58996 1.04496 -0.760516 0.178767
-0.590617 1.04459 -0.761763 0.174319
-0.591273 1.04422 -0.762984 0.169863
-0.591929 1.04385 -0.764178 0.1654
-0.592585 1.04348 -0.765347 0.16093
-0.59324 1.0431 -0.76649 0.156452
-0.593895 1.04273 -0.767607 0.151968
-0.59455 1.04236 -0.768697 0.147477
-0.595205 1.04198 -0.769762 0.14298
-0.59586 1.04161 -0.7708 0.138476
-0.596514 1.04124 -0.771812 0.133966
-0.597168 1.04086 -0.772798 0.129449
-0.597822 1.04048 -0.773758 0.124927
-0.598476 1.04011 -0.774691 0.120399
-0.599129 1.03973 -0.775598 0.115865
-0.599782 1.03936 -0.776479 0.111326
-0.600435 1.03898 -0.777334 0.106782
-0.601088 1.0386 -0.778162 0.102232
-0.60174 1.03822 -0.778963 0.0976776
-0.602393 1.03785 -0.779738 0.0931181
-0.603045 1.03747 -0.780487 0.0885539
-0.603696 1.03709 -0.781209 0.0839851
-0.604348 1.03671 -0.781905 0.079412
-0.604999 1.03633 -0.782574 0.0748346
-0.60565 1.03595 -0.783216 0.0702531
-0.606301 1.03557 -0.783832 0.0656677
-0.606951 1.03519 -0.784422 0.0610785
-0.607602 1.0348 -0.784985 0.0564858
-0.608252 1.03442 -0.785521 0.0518895
-0.608902 1.03404 -0.78603 0.04729
-0.609551 1.03366 -0.786513 0.0426873
-0.610201 1.03327 -0.786969 0.0380816
-0.61085 1.03289 -0.787399 0.0334731
-0.611499 1.03251 -0.787801 0.0288619
-0.612147 1.03212 -0.788177 0.0242482
-0.612796 1.03174 -0.788527 0.0196321
-0.613444 1.03135 -0.788849 0.0150138
-0.614092 1.03097 -0.789145 0.0103934
-0.614739 1.03058 -0.789414 0.00577119
-0.615387 1.03019 -0.789657 0.00114721
-0.616034 1.02981 -0.789872 -0.00347836
-0.616681 1.02942 -0.790061 -0.00810535
-0.617327 1.02903 -0.790223 -0.0127336
-0.617974 1.02864 -0.790359 -0.017363
-0.61862 1.02826 -0.790467 -0.0219933
-0.619266 1.02787 -0.790549 -0.0266245
-0.619912 1.02748 -0.790604 -0.0312563
-0.620557 1.02709 -0.790632 -0.0358886
-0.621202 1.0267 -0.790634 -0.0405212
-0.621847 1.02631 -0.790609 -0.045154
-0.622492 1.02592 -0.790557 -0.0497868
-0.623137 1.02552 -0.790478 -0.0544195
-0.623781 1.02513 -0.790372 -0.0590519
-0.624425 1.02474 -0.79024 -0.0636838
-0.625069 1.02435 -0.790081 -0.0683152
-0.625712 1.02396 -0.789895 -0.0729458
-0.626355 1.02356 -0.789683 -0.0775755
-0.626998 1.02317 -0.789444 -0.0822041
-0.627641 1.02277 -0.789178 -0.0868315
-0.628284 1.02238 -0.788885 -0.0914575
-0.628926 1.02198 -0.788566 -0.096082
-0.629568 1.02159 -0.78822 -0.100705
-0.63021 1.02119 -0.787848 -0.105326
-0.630851 1.0208 -0.787449 -0.109945
-0.631492 1.0204 -0.787023 -0.114562
-0.632133 1.02 -0.78657 -0.119176
-0.632774 1.01961 -0.786092 -0.123788
-0.633415 1.01921 -0.785586 -0.128398
-0.634055 1.01881 -0.785054 -0.133005
-0.634695 1.01841 -0.784496 -0.137608
-0.635335 1.01801 -0.783911 -0.142209
-0.635974 1.01761 -0.783299 -0.146807
-0.636613 1.01721 -0.782661 -0.151401
-0.637252 1.01681 -0.781997 -0.155991
-0.637891 1.01641 -0.781306 -0.160578
-0.63853 1.01601 -0.780589 -0.165161
-0.639168 1.01561 -0.779846 -0.16974
-0.639806 1.01521 -0.779076 -0.174315
-0.640444 1.01481 -0.77828 -0.178886
-0.641081 1.0144 -0.777458 -0.183452
-0.641718 1.014 -0.776609 -0.188014
-0.642355 1.0136 -0.775734 -0.192571
-0.642992 1.01319 -0.774834 -0.197123
-0.643629 1.01279 -0.773907 -0.20167
-0.644265 1.01238 -0.772954 -0.206212
-0.644901 1.01198 -0.771974 -0.210748
-0.645537 1.01157 -0.770969 -0.215279
-0.646172 1.01117 -0.769938 -0.219805
-0.646807 1.01076 -0.768881 -0.224324
-0.647442 1.01036 -0.767798 -0.228838
-0.648077 1.00995 -0.766689 -0.233345
-0.648711 1.00954 -0.765555 -0.237847
-0.649346 1.00913 -0.764394 -0.242342
-0.649979 1.00873 -0.763208 -0.24683
-0.650613 1.00832 -0.761996 -0.251312
-0.651247 1.00791 -0.760759 -0.255787
-0.65188 1.0075 -0.759496 -0.260255
-0.652513 1.00709 -0.758207 -0.264715
-0.653145 1.00668 -0.756893 -0.269169
-0.653778 1.00627 -0.755553 -0.273615
-0.65441 1.00586 -0.754188 -0.278054
-0.655042 1.00545 -0.752798 -0.282485
-0.655673 1.00503 -0.751382 -0.286908
-0.656305 1.00462 -0.749941 -0.291323
-0.656936 1.00421 -0.748475 -0.29573
-0.657566 1.0038 -0.746983 -0.300128
-0.658197 1.00338 -0.745467 -0.304519
-0.658827 1.00297 -0.743925 -0.3089
-0.659457 1.00255 -0.742358 -0.313273
-0.660087 1.00214 -0.740767 -0.317637
-0.660717 1.00173 -0.73915 -0.321993
-0.661346 1.00131 -0.737509 -0.326339
-0.661975 1.00089 -0.735843 -0.330675
-0.662604 1.00048 -0.734152 -0.335003
-0.663232 1.00006 -0.732437 -0.339321
-0.663861 0.999645 -0.730697 -0.343629
-0.664488 0.999227 -0.728932 -0.347927
-0.665116 0.99881 -0.727143 -0.352216
-0.665744 0.998391 -0.72533 -0.356494
-0.666371 0.997973 -0.723492 -0.360762
-0.666998 0.997554 -0.72163 -0.365019
-0.667624 0.997135 -0.719743 -0.369267
-0.668251 0.996715 -0.717833 -0.373503
-0.668877 0.996295 -0.715898 -0.377729
-0.669503 0.995875 -0.71394 -0.381944
-0.670128 0.995454 -0.711957 -0.386147
-0.670754 0.995032 -0.709951 -0.39034
-0.671379 0.994611 -0.70792 -0.394521
-0.672004 0.994189 -0.705866 -0.398691
-0.672628 0.993766 -0.703789 -0.402849
-0.673252 0.993344 -0.701687 -0.406995
-0.673876 0.99292 -0.699562 -0.41113
-0.6745 0.992497 -0.697414 -0.415252
-0.675124 0.992073 -0.695243 -0.419363
-0.675747 0.991648 -0.693048 -0.423461
-0.67637 0.991224 -0.690829 -0.427547
-0.676992 0.990798 -0.688588 -0.43162
-0.677615 0.990373 -0.686324 -0.435681
-0.678237 0.989947 -0.684036 -0.439729
-0.678859 0.98952 -0.681726 -0.443764
-0.67948 0.989094 -0.679393 -0.447786
-0.680102 0.988667 -0.677037 -0.451795
-0.680723 0.988239 -0.674658 -0.45579
-0.681344 0.987811 -0.672257 -0.459772
-0.681964 0.987383 -0.669833 -0.463741
-0.682584 0.986954 -0.667387 -0.467696
-0.683204 0.986525 -0.664918 -0.471637
-0.683824 0.986096 -0.662428 -0.475564
-0.684443 0.985666 -0.659915 -0.479477
-0.685063 0.985236 -0.657379 -0.483377
-0.685682 0.984805 -0.654822 -0.487261
-0.6863 0.984374 -0.652243 -0.491132
-0.686919 0.983943 -0.649642 -0.494988
-0.687537 0.983511 -0.64702 -0.498829
-0.688154 0.983079 -0.644376 -0.502655
-0.688772 0.982646 -0.64171 -0.506467
-0.689389 0.982213 -0.639022 -0.510264
-0.690006 0.98178 -0.636314 -0.514045
-0.690623 0.981346 -0.633584 -0.517811
-0.691239 0.980912 -0.630833 -0.521562
-0.691856 0.980477 -0.62806 -0.525298
-0.692472 0.980042 -0.625267 -0.529017
-0.693087 0.979607 -0.622453 -0.532722
-0.693703 0.979171 -0.619617 -0.53641
-0.694318 0.978735 -0.616762 -0.540082
-0.694933 0.978299 -0.613885 -0.543739
-0.695547 0.977862 -0.610988 -0.547379
-0.696161 0.977425 -0.608071 -0.551003
-0.696775 0.976987 -0.605133 -0.55461
-0.697389 0.976549 -0.602175 -0.558201
-0.698003 0.976111 -0.599197 -0.561776
-0.698616 0.975672 -0.596198 -0.565334
-0.699229 0.975233 -0.59318 -0.568875
-0.699841 0.974793 -0.590142 -0.572399
-0.700454 0.974354 -0.587084 -0.575906
-0.701066 0.973913 -0.584007 -0.579395
-0.701677 0.973473 -0.58091 -0.582868
-0.702289 0.973031 -0.577793 -0.586323
-0.7029 0.97259 -0.574657 -0.589761
-0.703511 0.972148 -0.571502 -0.593181
-0.704122 0.971706 -0.568328 -0.596584
-0.704732 0.971263 -0.565135 -0.599968
-0.705342 0.97082 -0.561923 -0.603335
-0.705952 0.970377 -0.558692 -0.606684
-0.706562 0.969933 -0.555442 -0.610015
-0.707171 0.969489 -0.552174 -0.613328
-0.70778 0.969045 -0.548887 -0.616622
-0.708389 0.9686 -0.545582 -0.619898
-0.708997 0.968154 -0.542259 -0.623155
-0.709605 0.967709 -0.538917 -0.626394
-0.710213 0.967263 -0.535558 -0.629615
-0.710821 0.966816 -0.53218 -0.632816
-0.711428 0.966369 -0.528785 -0.635999
-0.712035 0.965922 -0.525372 -0.639162
-0.712642 0.965475 -0.521941 -0.642307
-0.713248 0.965027 -0.518493 -0.645432
-0.713855 0.964578 -0.515027 -0.648538
-0.714461 0.96413 -0.511544 -0.651625
-0.715066 0.963681 -0.508044 -0.654693
-0.715672 0.963231 -0.504527 -0.657741
-0.716277 0.962781 -0.500993 -0.660769
-0.716881 0.962331 -0.497442 -0.663778
-0.717486 0.96188 -0.493875 -0.666766
-0.71809 0.961429 -0.490291 -0.669735
-0.718694 0.960978 -0.48669 -0.672684
-0.719298 0.960526 -0.483073 -0.675613
-0.719901 0.960074 -0.47944 -0.678522
-0.720504 0.959622 -0.475791 -0.681411
-0.721107 0.959169 -0.472126 -0.684279
-0.72171 0.958715 -0.468445 -0.687127
-0.722312 0.958262 -0.464748 -0.689954
-0.722914 0.957808 -0.461035 -0.692761
-0.723515 0.957353 -0.457307 -0.695547
-0.724117 0.956899 -0.453564 -0.698313
-0.724718 0.956443 -0.449805 -0.701058
-0.725319 0.955988 -0.446032 -0.703781
-0.725919 0.955532 -0.442243 -0.706484
-0.726519 0.955076 -0.438439 -0.709166
-0.727119 0.954619 -0.43462 -0.711827
-0.727719 0.954162 -0.430787 -0.714466
-0.728318 0.953704 -0.42694 -0.717085
-0.728918 0.953247 -0.423077 -0.719682
-0.729516 0.952788 -0.419201 -0.722257
-0.730115 0.95233 -0.41531 -0.724811
-0.730713 0.951871 -0.411406 -0.727344
-0.731311 0.951412 -0.407487 -0.729855
-0.731909 0.950952 -0.403555 -0.732344
-0.732506 0.950492 -0.399609 -0.734811
-0.733103 0.950032 -0.395649 -0.737257
-0.7337 0.949571 -0.391676 -0.739681
-0.734296 0.94911 -0.38769 -0.742082
-0.734893 0.948648 -0.383691 -0.744462
-0.735488 0.948186 -0.379678 -0.74682
-0.736084 0.947724 -0.375653 -0.749155
-0.736679 0.947261 -0.371615 -0.751468
-0.737274 0.946798 -0.367564 -0.753759
-0.737869 0.946335 -0.363501 -0.756028
-0.738464 0.945871 -0.359425 -0.758274
-0.739058 0.945407 -0.355337 -0.760497
-0.739652 0.944942 -0.351237 -0.762698
-0.740245 0.944477 -0.347125 -0.764877
-0.740839 0.944012 -0.343001 -0.767032
-0.741432 0.943546 -0.338865 -0.769165
-0.742024 0.94308 -0.334718 -0.771276
-0.742617 0.942614 -0.330559 -0.773363
-0.743209 0.942147 -0.326389 -0.775428
-0.743801 0.94168 -0.322208 -0.777469
-0.744392 0.941212 -0.318015 -0.779488
-0.744983 0.940744 -0.313812 -0.781483
-0.745574 0.940276 -0.309597 -0.783456
-0.746165 0.939807 -0.305373 -0.785405
-0.746755 0.939338 -0.301137 -0.787331
-0.747345 0.938869 -0.296891 -0.789233
-0.747935 0.938399 -0.292635 -0.791113
-0.748525 0.937929 -0.288369 -0.792969
-0.749114 0.937459 -0.284092 -0.794801
-0.749703 0.936988 -0.279806 -0.79661
-0.750291 0.936516 -0.27551 -0.798396
-0.750879 0.936045 -0.271204 -0.800158
-0.751467 0.935573 -0.266889 -0.801897
-0.752055 0.935101 -0.262565 -0.803611
-0.752643 0.934628 -0.258231 -0.805303
-0.75323 0.934155 -0.253888 -0.80697
-0.753816 0.933681 -0.249536 -0.808614
-0.754403 0.933207 -0.245176 -0.810233
-0.754989 0.932733 -0.240806 -0.811829
-0.755575 0.932259 -0.236429 -0.813401
-0.756161 0.931784 -0.232042 -0.81495
-0.756746 0.931309 -0.227648 -0.816474
-0.757331 0.930833 -0.223245 -0.817974
-0.757916 0.930357 -0.218834 -0.81945
-0.7585 0.92988 -0.214416 -0.820902
-0.759084 0.929404 -0.20999 -0.82233
-0.759668 0.928927 -0.205556 -0.823734
-0.760252 0.928449 -0.201114 -0.825113
-0.760835 0.927971 -0.196666 -0.826469
-0.761418 0.927493 -0.19221 -0.8278
-0.762 0.927014 -0.187747 -0.829107
-0.762583 0.926535 -0.183277 -0.830389
-0.763165 0.926056 -0.1788 -0.831647
-0.763746 0.925576 -0.174317 -0.832881
-0.764328 0.925096 -0.169827 -0.834091
-0.764909 0.924616 -0.165331 -0.835276
-0.76549 0.924135 -0.160829 -0.836436
-0.76607 0.923654 -0.15632 -0.837572
-0.76665 0.923172 -0.151806 -0.838684
-0.76723 0.922691 -0.147286 -0.839771
-0.76781 0.922208 -0.14276 -0.840834
-0.768389 0.921726 -0.138228 -0.841872
-0.768968 0.921243 -0.133692 -0.842885
-0.769547 0.920759 -0.129149 -0.843874
-0.770125 0.920276 -0.124602 -0.844838
-0.770703 0.919792 -0.12005 -0.845778
-0.771281 0.919307 -0.115493 -0.846693
-0.771858 0.918822 -0.110931 -0.847583
-0.772436 0.918337 -0.106364 -0.848449
-0.773012 0.917852 -0.101794 -0.849289
-0.773589 0.917366 -0.0972183 -0.850106
-0.774165 0.91688 -0.0926389 -0.850897
-0.774741 0.916393 -0.0880555 -0.851664
-0.775317 0.915906 -0.0834682 -0.852406
-0.775892 0.915419 -0.0788771 -0.853123
-0.776467 0.914931 -0.0742824 -0.853815
-0.777042 0.914443 -0.0696843 -0.854483
-0.777616 0.913955 -0.0650827 -0.855125
-0.77819 0.913466 -0.060478 -0.855743
-0.778764 0.912977 -0.0558702 -0.856337
-0.779338 0.912487 -0.0512594 -0.856905
-0.779911 0.911997 -0.0466459 -0.857448
-0.780484 0.911507 -0.0420297 -0.857967
-0.781056 0.911017 -0.0374109 -0.858461
-0.781629 0.910526 -0.0327898 -0.85893
-0.7822 0.910034 -0.0281664 -0.859374
-0.782772 0.909543 -0.0235409 -0.859793
-0.783343 0.909051 -0.0189134 -0.860188
-0.783914 0.908558 -0.0142841 -0.860558
-0.784485 0.908066 -0.00965308 -0.860902
-0.785056 0.907572 -0.00502049 -0.861222
-0.785626 0.907079 -0.000386466 -0.861517
-0.786195 0.906585 0.00424885 -0.861788
-0.786765 0.906091 0.00888534 -0.862033
-0.787334 0.905597 0.0135228 -0.862254
-0.787903 0.905102 0.0181612 -0.86245
-0.788471 0.904606 0.0228004 -0.86262
-0.78904 0.904111 0.0274401 -0.862767
-0.789608 0.903615 0.0320804 -0.862888
-0.790175 0.903119 0.036721 -0.862984
-0.790742 0.902622 0.0413618 -0.863056
-0.791309 0.902125 0.0460027 -0.863103
-0.791876 0.901628 0.0506435 -0.863125
-0.792442 0.90113 0.0552841 -0.863123
-0.793009 0.900632 0.0599244 -0.863096
-0.793574 0.900133 0.0645642 -0.863044
-0.79414 0.899634 0.0692035 -0.862967
-0.794705 0.899135 0.073842 -0.862865
-0.79527 0.898636 0.0784796 -0.862739
-0.795834 0.898136 0.0831162 -0.862588
-0.796398 0.897636 0.0877517 -0.862413
-0.796962 0.897135 0.092386 -0.862213
-0.797526 0.896634 0.0970188 -0.861988
-0.798089 0.896133 0.10165 -0.861739
-0.798652 0.895631 0.10628 -0.861465
-0.799214 0.895129 0.110908 -0.861166
-0.799777 0.894627 0.115533 -0.860843
-0.800338 0.894124 0.120157 -0.860496
-0.8009 0.893621 0.124779 -0.860124
-0.801461 0.893118 0.129398 -0.859727
-0.802022 0.892614 0.134015 -0.859306
-0.802583 0.89211 0.138629 -0.858861
-0.803143 0.891606 0.143241 -0.858391
-0.803704 0.891101 0.14785 -0.857897
-0.804263 0.890596 0.152455 -0.857379
-0.804823 0.89009 0.157058 -0.856836
-0.805382 0.889584 0.161657 -0.856269
-0.805941 0.889078 0.166253 -0.855677
-0.806499 0.888571 0.170846 -0.855062
-0.807057 0.888065 0.175435 -0.854422
-0.807615 0.887557 0.18002 -0.853758
-0.808173 0.88705 0.184601 -0.85307
-0.80873 0.886542 0.189178 -0.852358
-0.809287 0.886033 0.193751 -0.851621
-0.809843 0.885525 0.19832 -0.850861
-0.810399 0.885016 0.202884 -0.850077
-0.810955 0.884506 0.207444 -0.849268
-0.811511 0.883997 0.211999 -0.848436
-0.812066 0.883487 0.21655 -0.84758
-0.812621 0.882976 0.221095 -0.8467
-0.813176 0.882465 0.225636 -0.845796
-0.81373 0.881954 0.230171 -0.844869
-0.814284 0.881443 0.234701 -0.843918
-0.814838 0.880931 0.239225 -0.842943
-0.815391 0.880419 0.243744 -0.841944
-0.815944 0.879906 0.248258 -0.840922
-0.816497 0.879394 0.252765 -0.839876
-0.817049 0.87888 0.257267 -0.838806
-0.817601 0.878367 0.261763 -0.837713
-0.818153 0.877853 0.266252 -0.836597
-0.818704 0.877339 0.270735 -0.835457
-0.819255 0.876824 0.275212 -0.834294
-0.819806 0.876309 0.279682 -0.833108
-0.820357 0.875794 0.284146 -0.831898
-0.820907 0.875278 0.288603 -0.830665
-0.821457 0.874762 0.293053 -0.829409
-0.822006 0.874246 0.297496 -0.82813
-0.822555 0.873729 0.301931 -0.826828
-0.823104 0.873212 0.30636 -0.825503
-0.823652 0.872695 0.310781 -0.824155
-0.824201 0.872177 0.315195 -0.822784
-0.824748 0.871659 0.319601 -0.82139
-0.825296 0.871141 0.323999 -0.819973
-0.825843 0.870622 0.32839 -0.818533
-0.82639 0.870103 0.332772 -0.817071
-0.826937 0.869584 0.337147 -0.815586
-0.827483 0.869064 0.341513 -0.814079
-0.828029 0.868544 0.345871 -0.812549
-0.828574 0.868023 0.35022 -0.810997
-0.829119 0.867503 0.354561 -0.809422
-0.829664 0.866982 0.358894 -0.807824
-0.830209 0.86646 0.363217 -0.806205
-0.830753 0.865938 0.367532 -0.804563
-0.831297 0.865416 0.371837 -0.802899
-0.831841 0.864894 0.376134 -0.801213
-0.832384 0.864371 0.380421 -0.799505
-0.832927 0.863848 0.384699 -0.797775
-0.83347 0.863324 0.388967 -0.796023
-0.834012 0.8628 0.393226 -0.794249
-0.834554 0.862276 0.397475 -0.792453
-0.835095 0.861752 0.401715 -0.790635
-0.835637 0.861227 0.405944 -0.788796
-0.836178 0.860701 0.410164 -0.786935
-0.836718 0.860176 0.414373 -0.785053
-0.837259 0.85965 0.418572 -0.783149
-0.837799 0.859124 0.422761 -0.781224
-0.838338 0.858597 0.426939 -0.779277
-0.838877 0.85807 0.431107 -0.777309
-0.839416 0.857543 0.435264 -0.77532
-0.839955 0.857015 0.43941 -0.773309
-0.840493 0.856488 0.443546 -0.771278
-0.841031 0.855959 0.44767 -0.769225
-0.841569 0.855431 0.451783 -0.767152
-0.842106 0.854902 0.455885 -0.765058
-0.842643 0.854372 0.459976 -0.762943
-0.84318 0.853843 0.464056 -0.760807
-0.843716 0.853313 0.468124 -0.75865
-0.844252 0.852783 0.47218 -0.756473
-0.844788 0.852252 0.476224 -0.754276
-0.845323 0.851721 0.480257 -0.752058
-0.845858 0.85119 0.484278 -0.749819
-0.846393 0.850658 0.488287 -0.747561
-0.846927 0.850126 0.492283 -0.745282
-0.847461 0.849594 0.496268 -0.742983
-0.847995 0.849061 0.50024 -0.740664
-0.848528 0.848528 0.5042 -0.738325
-0.849061 0.847995 0.508147 -0.735966
-0.849594 0.847461 0.512081 -0.733587
-0.850126 0.846927 0.516003 -0.731189
-0.850658 0.846393 0.519912 -0.728771
-0.85119 0.845858 0.523808 -0.726333
-0.851721 0.845323 0.527691 -0.723875
-0.852252 0.844788 0.531561 -0.721399
-0.852783 0.844252 0.535418 -0.718903
-0.853313 0.843716 0.539262 -0.716387
-0.853843 0.84318 0.543092 -0.713853
-0.854372 0.842643 0.546909 -0.711299
-0.854902 0.842106 0.550712 -0.708727
-0.855431 0.841569 0.554501 -0.706135
-0.855959 0.841031 0.558277 -0.703525
-0.856488 0.840493 0.562038 -0.700896
-0.857015 0.839955 0.565786 -0.698248
-0.857543 0.839416 0.56952 -0.695581
-0.85807 0.838877 0.57324 -0.692896
-0.858597 0.838338 0.576945 -0.690193
-0.859124 0.837799 0.580637 -0.687471
-0.85965 0.837259 0.584313 -0.684731
-0.860176 0.836718 0.587976 -0.681973
-0.860701 0.836178 0.591624 -0.679197
-0.861227 0.835637 0.595257 -0.676403
-0.861752 0.835095 0.598875 -0.673591
-0.862276 0.834554 0.602479 -0.670761
-0.8628 0.834012 0.606067 -0.667913
-0.863324 0.83347 0.609641 -0.665048
-0.863848 0.832927 0.6132 -0.662165
-0.864371 0.832384 0.616743 -0.659265
-0.864894 0.831841 0.620271 -0.656347
-0.865416 0.831297 0.623784 -0.653412
-0.865938 0.830753 0.627282 -0.65046
-0.86646 0.830209 0.630764 -0.647491
-0.866982 0.829664 0.634231 -0.644505
-0.867503 0.829119 0.637681 -0.641502
-0.868023 0.828574 0.641117 -0.638482
-0.868544 0.828029 0.644536 -0.635445
-0.869064 0.827483 0.647939 -0.632392
-0.869584 0.826937 0.651327 -0.629322
-0.870103 0.82639 0.654698 -0.626236
-0.870622 0.825843 0.658054 -0.623134
-0.871141 0.825296 0.661393 -0.620015
-0.871659 0.824748 0.664716 -0.61688
-0.872177 0.824201 0.668023 -0.613729
-0.872695 0.823652 0.671313 -0.610562
-0.873212 0.823104 0.674587 -0.607379
-0.873729 0.822555 0.677844 -0.604181
-0.874246 0.822006 0.681085 -0.600967
-0.874762 0.821457 0.684309 -0.597737
-0.875278 0.820907 0.687516 -0.594491
-0.875794 0.820357 0.690706 -0.591231
-0.876309 0.819806 0.69388 -0.587955
-0.876824 0.819255 0.697036 -0.584664
-0.877339 0.818704 0.700176 -0.581358
-0.877853 0.818153 0.703298 -0.578036
-0.878367 0.817601 0.706403 -0.5747
-0.87888 0.817049 0.709491 -0.57135
-0.879394 0.816497 0.712562 -0.567984
-0.879906 0.815944 0.715615 -0.564604
-0.880419 0.815391 0.718651 -0.561209
-0.880931 0.814838 0.721669 -0.5578
-0.881443 0.814284 0.72467 -0.554377
-0.881954 0.81373 0.727653 -0.55094
-0.882465 0.813176 0.730619 -0.547488
-0.882976 0.812621 0.733567 -0.544023
-0.883487 0.812066 0.736497 -0.540544
-0.883997 0.811511 0.739409 -0.53705
-0.884506 0.810955 0.742303 -0.533544
-0.885016 0.810399 0.745179 -0.530023
-0.885525 0.809843 0.748037 -0.52649
-0.886033 0.809287 0.750877 -0.522942
-0.886542 0.80873 0.753699 -0.519382
-0.88705 0.808173 0.756503 -0.515808
-0.887557 0.807615 0.759288 -0.512222
-0.888065 0.807057 0.762055 -0.508622
-0.888571 0.806499 0.764804 -0.50501
-0.889078 0.805941 0.767534 -0.501385
-0.889584 0.805382 0.770246 -0.497747
-0.89009 0.804823 0.77294 -0.494097
-0.890596 0.804263 0.775614 -0.490434
-0.891101 0.803704 0.77827 -0.486759
-0.891606 0.803143 0.780908 -0.483072
-0.89211 0.802583 0.783526 -0.479373
-0.892614 0.802022 0.786126 -0.475661
-0.893118 0.801461 0.788707 -0.471938
-0.893621 0.8009 0.791269 -0.468203
-0.894124 0.800338 0.793812 -0.464456
-0.894627 0.799777 0.796337 -0.460698
-0.895129 0.799214 0.798842 -0.456928
-0.895631 0.798652 0.801328 -0.453147
-0.896133 0.798089 0.803795 -0.449355
-0.896634 0.797526 0.806243 -0.445551
-0.897135 0.796962 0.808671 -0.441737
-0.897636 0.796398 0.811081 -0.437912
-0.898136 0.795834 0.813471 -0.434075
-0.898636 0.79527 0.815841 -0.430228
-0.899135 0.794705 0.818193 -0.426371
-0.899634 0.79414 0.820525 -0.422503
-0.900133 0.793574 0.822837 -0.418624
-0.900632 0.793009 0.82513 -0.414735
-0.90113 0.792442 0.827403 -0.410836
-0.901628 0.791876 0.829657 -0.406927
-0.902125 0.791309 0.831892 -0.403008
-0.902622 0.790742 0.834106 -0.39908
-0.903119 0.790175 0.836301 -0.395141
-0.903615 0.789608 0.838476 -0.391193
-0.904111 0.78904 0.840632 -0.387235
-0.904606 0.788471 0.842767 -0.383268
-0.905102 0.787903 0.844883 -0.379292
-0.905597 0.787334 0.846979 -0.375306
-0.906091 0.786765 0.849055 -0.371311
-0.906585 0.786195 0.851111 -0.367308
-0.907079 0.785626 0.853148 -0.363295
-0.907572 0.785056 0.855164 -0.359274
-0.908066 0.784485 0.85716 -0.355244
-0.908558 0.783914 0.859136 -0.351205
-0.909051 0.783343 0.861092 -0.347158
-0.909543 0.782772 0.863028 -0.343103
-0.910034 0.7822 0.864944 -0.339039
-0.910526 0.781629 0.86684 -0.334968
-0.911017 0.781056 0.868716 -0.330888
-0.911507 0.780484 0.870571 -0.326801
-0.911997 0.779911 0.872406 -0.322705
-0.912487 0.779338 0.874221 -0.318602
-0.912977 0.778764 0.876016 -0.314492
-0.913466 0.77819 0.87779 -0.310374
-0.913955 0.777616 0.879544 -0.306249
-0.914443 0.777042 0.881277 -0.302116
-0.914931 0.776467 0.882991 -0.297977
-0.915419 0.775892 0.884684 -0.29383
-0.915906 0.775317 0.886356 -0.289677
-0.916393 0.774741 0.888008 -0.285516
-0.91688 0.774165 0.88964 -0.281349
-0.917366 0.773589 0.891251 -0.277176
-0.917852 0.773012 0.892842 -0.272996
-0.918337 0.772436 0.894412 -0.268809
-0.918822 0.771858 0.895961 -0.264617
-0.919307 0.771281 0.897491 -0.260418
-0.919792 0.770703 0.898999 -0.256213
-0.920276 0.770125 0.900487 -0.252003
-0.920759 0.769547 0.901955 -0.247786
-0.921243 0.768968 0.903402 -0.243564
-0.921726 0.768389 0.904828 -0.239336
-0.922208 0.76781 0.906234 -0.235103
-0.922691 0.76723 0.907619 -0.230865
-0.923172 0.76665 0.908983 -0.226621
-0.923654 0.76607 0.910327 -0.222372
-0.924135 0.76549 0.91165 -0.218118
-0.924616 0.764909 0.912952 -0.213859
-0.925096 0.764328 0.914234 -0.209595
-0.925576 0.763746 0.915495 -0.205327
-0.926056 0.763165 0.916736 -0.201054
-0.926535 0.762583 0.917956 -0.196776
-0.927014 0.762 0.919155 -0.192494
-0.927493 0.761418 0.920333 -0.188208
-0.927971 0.760835 0.921491 -0.183918
-0.928449 0.760252 0.922628 -0.179623
-0.928927 0.759668 0.923744 -0.175325
-0.929404 0.759084 0.92484 -0.171023
-0.92988 0.7585 0.925914 -0.166717
-0.930357 0.757916 0.926969 -0.162407
-0.930833 0.757331 0.928002 -0.158094
-0.931309 0.756746 0.929015 -0.153778
-0.931784 0.756161 0.930007 -0.149458
-0.932259 0.755575 0.930978 -0.145135
-0.932733 0.754989 0.931928 -0.140809
-0.933207 0.754403 0.932858 -0.13648
-0.933681 0.753816 0.933767 -0.132148
-0.934155 0.75323 0.934656 -0.127814
-0.934628 0.752643 0.935523 -0.123476
-0.935101 0.752055 0.93637 -0.119136
-0.935573 0.751467 0.937197 -0.114794
-0.936045 0.750879 0.938002 -0.11045
-0.936516 0.750291 0.938787 -0.106103
-0.936988 0.749703 0.939551 -0.101754
-0.937459 0.749114 0.940295 -0.0974027
-0.937929 0.748525 0.941018 -0.0930498
-0.938399 0.747935 0.94172 -0.0886951
-0.938869 0.747345 0.942401 -0.0843386
-0.939338 0.746755 0.943062 -0.0799806
-0.939807 0.746165 0.943703 -0.0756211
-0.940276 0.745574 0.944322 -0.0712602
-0.940744 0.744983 0.944921 -0.0668981
-0.941212 0.744392 0.9455 -0.0625347
-0.94168 0.743801 0.946058 -0.0581703
-0.942147 0.743209 0.946595 -0.0538049
-0.942614 0.742617 0.947112 -0.0494387
-0.94308 0.742024 0.947608 -0.0450717
-0.943546 0.741432 0.948084 -0.040704
-0.944012 0.740839 0.948539 -0.0363358
-0.944477 0.740245 0.948974 -0.0319672
-0.944942 0.739652 0.949388 -0.0275982
-0.945407 0.739058 0.949782 -0.0232289
-0.945871 0.738464 0.950155 -0.0188595
-0.946335 0.737869 0.950508 -0.0144901
-0.946798 0.737274 0.95084 -0.0101208
-0.947261 0.736679 0.951152 -0.00575161
-0.947724 0.736084 0.951444 -0.0013827
-0.948186 0.735488 0.951715 0.00298584
-0.948648 0.734893 0.951966 0.0073539
-0.94911 0.734296 0.952197 0.0117214
-0.949571 0.7337 0.952407 0.0160882
-0.950032 0.733103 0.952597 0.0204542
-0.950492 0.732506 0.952767 0.0248194
-0.950952 0.731909 0.952917 0.0291836
-0.951412 0.731311 0.953046 0.0335467
-0.951871 0.730713 0.953156 0.0379086
-0.95233 0.730115 0.953245 0.0422693
-0.952788 0.729516 0.953314 0.0466286
-0.953247 0.728918 0.953362 0.0509864
-0.953704 0.728318 0.953391 0.0553426
-0.954162 0.727719 0.9534 0.0596972
-0.954619 0.727119 0.953388 0.0640499
-0.955076 0.726519 0.953357 0.0684009
-0.955532 0.725919 0.953306 0.0727498
-0.955988 0.725319 0.953235 0.0770967
-0.956443 0.724718 0.953143 0.0814415
-0.956899 0.724117 0.953032 0.0857839
-0.957353 0.723515 0.952902 0.0901241
-0.957808 0.722914 0.952751 0.0944617
-0.958262 0.722312 0.95258 0.0987969
-0.958715 0.72171 0.95239 0.103129
-0.959169 0.721107 0.95218 0.107459
-0.959622 0.720504 0.95195 0.111786
-0.960074 0.719901 0.951701 0.11611
-0.960526 0.719298 0.951432 0.120431
-0.960978 0.718694 0.951144 0.124749
-0.961429 0.71809 0.950835 0.129064
-0.96188 0.717486 0.950508 0.133375
-0.962331 0.716881 0.950161 0.137683
-0.962781 0.716277 0.949794 0.141987
-0.963231 0.715672 0.949408 0.146288
-0.963681 0.715066 0.949002 0.150585
-0.96413 0.714461 0.948578 0.154879
-0.964578 0.713855 0.948134 0.159168
-0.965027 0.713248 0.94767 0.163454
-0.965475 0.712642 0.947188 0.167736
-0.965922 0.712035 0.946686 0.172013
-0.966369 0.711428 0.946165 0.176286
-0.966816 0.710821 0.945625 0.180555
-0.967263 0.710213 0.945066 0.18482
-0.967709 0.709605 0.944488 0.18908
-0.968154 0.708997 0.94389 0.193335
-0.9686 0.708389 0.943274 0.197586
-0.969045 0.70778 0.942639 0.201832
-0.969489 0.707171 0.941985 0.206073
-0.969933 0.706562 0.941313 0.210309
-0.970377 0.705952 0.940621 0.214541
-0.97082 0.705342 0.939911 0.218767
-0.971263 0.704732 0.939182 0.222988
-0.971706 0.704122 0.938434 0.227203
-0.972148 0.703511 0.937668 0.231413
-0.97259 0.7029 0.936883 0.235618
-0.973031 0.702289 0.93608 0.239818
-0.973473 0.701677 0.935258 0.244011
-0.973913 0.701066 0.934418 0.248199
-0.974354 0.700454 0.93356 0.252381
-0.974793 0.699841 0.932683 0.256557
-0.975233 0.699229 0.931788 0.260728
-0.975672 0.698616 0.930874 0.264892
-0.976111 0.698003 0.929943 0.26905
-0.976549 0.697389 0.928993 0.273202
-0.976987 0.696775 0.928025 0.277348
-0.977425 0.696161 0.927039 0.281487
-0.977862 0.695547 0.926036 0.28562
-0.978299 0.694933 0.925014 0.289746
-0.978735 0.694318 0.923974 0.293866
-0.979171 0.693703 0.922917 0.297979
-0.979607 0.693087 0.921841 0.302085
-0.980042 0.692472 0.920748 0.306184
-0.980477 0.691856 0.919638 0.310276
-0.980912 0.691239 0.91851 0.314362
-0.981346 0.690623 0.917364 0.31844
-0.98178 0.690006 0.9162 0.322511
-0.982213 0.689389 0.915019 0.326575
-0.982646 0.688772 0.913821 0.330632
-0.983079 0.688154 0.912606 0.334681
-0.983511 0.687537 0.911373 0.338722
-0.983943 0.686919 0.910122 0.342756
-0.984374 0.6863 0.908855 0.346783
-0.984805 0.685682 0.907571 0.350802
-0.985236 0.685063 0.906269 0.354813
-0.985666 0.684443 0.90495 0.358816
-0.986096 0.683824 0.903615 0.362811
-0.986525 0.683204 0.902262 0.366798
-0.986954 0.682584 0.900893 0.370777
-0.987383 0.681964 0.899507 0.374748
-0.987811 0.681344 0.898104 0.378711
-0.988239 0.680723 0.896685 0.382666
-0.988667 0.680102 0.895248 0.386612
-0.989094 0.67948 0.893796 0.390549
-0.98952 0.678859 0.892326 0.394479
-0.989947 0.678237 0.890841 0.398399
-0.990373 0.677615 0.889339 0.402311
-0.990798 0.676992 0.88782 0.406214
-0.991224 0.67637 0.886286 0.410109
-0.991648 0.675747 0.884735 0.413994
-0.992073 0.675124 0.883168 0.417871
-0.992497 0.6745 0.881585 0.421739
-0.99292 0.673876 0.879986 0.425597
-0.993344 0.673252 0.878371 0.429447
-0.993766 0.672628 0.87674 0.433287
-0.994189 0.672004 0.875093 0.437118
-0.994611 0.671379 0.87343 0.44094
-0.995032 0.670754 0.871752 0.444753
-0.995454 0.670128 0.870058 0.448556
-0.995875 0.669503 0.868349 0.452349
-0.996295 0.668877 0.866624 0.456133
-0.996715 0.668251 0.864883 0.459907
-0.997135 0.667624 0.863128 0.463672
-0.997554 0.666998 0.861356 0.467426
-0.997973 0.666371 0.85957 0.471171
-0.998391 0.665744 0.857768 0.474906
-0.99881 0.665116 0.855952 0.478631
-0.999227 0.664488 0.85412 0.482346
-0.999645 0.663861 0.852273 0.486051
-1.00006 0.663232 0.850411 0.489746
-1.00048 0.662604 0.848535 0.493431
-1.00089 0.661975 0.846644 0.497105
-1.00131 0.661346 0.844737 0.500769
-1.00173 0.660717 0.842817 0.504423
-1.00214 0.660087 0.840881 0.508067
-1.00255 0.659457 0.838931 0.511699
-1.00297 0.658827 0.836967 0.515322
-1.00338 0.658197 0.834988 0.518933
-1.0038 0.657566 0.832995 0.522534
-1.00421 0.656936 0.830988 0.526125
-1.00462 0.656305 0.828967 0.529704
-1.00503 0.655673 0.826931 0.533273
-1.00545 0.655042 0.824881 0.536831
-1.00586 0.65441 0.822818 0.540378
-1.00627 0.653778 0.82074 0.543914
-1.00668 0.653145 0.818649 0.547439
-1.00709 0.652513 0.816543 0.550953
-1.0075 0.65188 0.814425 0.554456
-1.00791 0.651247 0.812292 0.557947
-1.00832 0.650613 0.810146 0.561428
-1.00873 0.649979 0.807986 0.564897
-1.00913 0.649346 0.805813 0.568354
-1.00954 0.648711 0.803627 0.571801
-1.00995 0.648077 0.801428 0.575236
-1.01036 0.647442 0.799215 0.578659
-1.01076 0.646807 0.796989 0.582071
-1.01117 0.646172 0.79475 0.585471
-1.01157 0.645537 0.792498 0.58886
-1.01198 0.644901 0.790233 0.592237
-1.01238 0.644265 0.787955 0.595602
-1.01279 0.643629 0.785664 0.598956
-1.01319 0.642992 0.783361 0.602297
-1.0136 0.642355 0.781045 0.605627
-1.014 0.641718 0.778717 0.608945
-1.0144 0.641081 0.776376 0.612251
-1.01481 0.640444 0.774023 0.615545
-1.01521 0.639806 0.771657 0.618827
-1.01561 0.639168 0.769279 0.622097
-1.01601 0.63853 0.766889 0.625355
-1.01641 0.637891 0.764486 0.6286
-1.01681 0.637252 0.762072 0.631834
-1.01721 0.636613 0.759646 0.635055
-1.01761 0.635974 0.757208 0.638264
-1.01801 0.635335 0.754758 0.64146
-1.01841 0.634695 0.752296 0.644645
-1.01881 0.634055 0.749822 0.647816
-1.01921 0.633415 0.747337 0.650976
-1.01961 0.632774 0.744841 0.654123
-1.02 0.632133 0.742333 0.657257
-1.0204 0.631492 0.739813 0.660379
-1.0208 0.630851 0.737282 0.663488
-1.02119 0.63021 0.73474 0.666585
-1.02159 0.629568 0.732187 0.669669
-1.02198 0.628926 0.729623 0.67274
-1.02238 0.628284 0.727048 0.675798
-1.02277 0.627641 0.724462 0.678844
-1.02317 0.626998 0.721865 0.681877
-1.02356 0.626355 0.719257 0.684897
-1.02396 0.625712 0.716638 0.687904
-1.02435 0.625069 0.714009 0.690899
-1.02474 0.624425 0.71137 0.69388
-1.02513 0.623781 0.708719 0.696848
-1.02552 0.623137 0.706059 0.699804
-1.02592 0.622492 0.703388 0.702746
-1.02631 0.621847 0.700707 0.705676
-1.0267 0.621202 0.698015 0.708592
-1.02709 0.620557 0.695314 0.711495
-1.02748 0.619912 0.692602 0.714385
-1.02787 0.619266 0.689881 0.717262
-1.02826 0.61862 0.68715 0.720125
-1.02864 0.617974 0.684409 0.722976
-1.02903 0.617327 0.681658 0.725813
-1.02942 0.616681 0.678897 0.728637
-1.02981 0.616034 0.676127 0.731447
-1.03019 0.615387 0.673348 0.734244
-1.03058 0.614739 0.670559 0.737028
-1.03097 0.614092 0.667761 0.739799
-1.03135 0.613444 0.664953 0.742556
-1.03174 0.612796 0.662136 0.745299
-1.03212 0.612147 0.659311 0.748029
-1.03251 0.611499 0.656476 0.750746
-1.03289 0.61085 0.653632 0.753449
-1.03327 0.610201 0.650779 0.756139
-1.03366 0.609551 0.647918 0.758815
-1.03404 0.608902 0.645047 0.761477
-1.03442 0.608252 0.642169 0.764126
-1.0348 0.607602 0.639281 0.766761
-1.03519 0.606951 0.636385 0.769383
-1.03557 0.606301 0.633481 0.771991
-1.03595 0.60565 0.630568 0.774585
-1.03633 0.604999 0.627647 0.777166
-1.03671 0.604348 0.624718 0.779733
-1.03709 0.603696 0.62178 0.782286
-1.03747 0.603045 0.618835 0.784825
-1.03785 0.602393 0.615882 0.787351
-1.03822 0.60174 0.612921 0.789863
-1.0386 0.601088 0.609952 0.792361
-1.03898 0.600435 0.606975 0.794845
-1.03936 0.599782 0.60399 0.797315
-1.03973 0.599129 0.600998 0.799772
-1.04011 0.598476 0.597999 0.802215
-1.04048 0.597822 0.594992 0.804643
-1.04086 0.597168 0.591978 0.807058
-1.04124 0.596514 0.588956 0.809459
-1.04161 0.59586 0.585927 0.811847
-1.04198 0.595205 0.582891 0.81422
-1.04236 0.59455 0.579848 0.816579
-1.04273 0.593895 0.576799 0.818924
-1.0431 0.59324 0.573742 0.821256
-1.04348 0.592585 0.570678 0.823573
-1.04385 0.591929 0.567608 0.825877
-1.04422 0.591273 0.564531 0.828166
-1.04459 0.590617 0.561447 0.830441
-1.04496 0.58996 0.558357 0.832703
-1.04533 0.589303 0.55526 0.83495
-1.0457 0.588647 0.552157 0.837184
-1.04607 0.587989 0.549048 0.839403
-1.04644 0.587332 0.545933 0.841608
-1.04681 0.586674 0.542811 0.8438
-1.04718 0.586017 0.539683 0.845977
-1.04755 0.585358 0.53655 0.84814
-1.04791 0.5847 0.53341 0.850289
-1.04828 0.584042 0.530265 0.852424
-1.04865 0.583383 0.527114 0.854545
-1.04902 0.582724 0.523957 0.856652
-1.04938 0.582065 0.520794 0.858745
-1.04975 0.581405 0.517626 0.860823
-1.05011 0.580745 0.514453 0.862888
-1.05048 0.580086 0.511274 0.864939
-1.05084 0.579425 0.50809 0.866975
-1.0512 0.578765 0.5049 0.868997
-1.05157 0.578104 0.501706 0.871006
-1.05193 0.577444 0.498506 0.873
-1.05229 0.576783 0.495302 0.87498
-1.05266 0.576121 0.492092 0.876946
-1.05302 0.57546 0.488877 0.878897
-1.05338 0.574798 0.485658 0.880835
-1.05374 0.574136 0.482434 0.882759
-1.0541 0.573474 0.479206 0.884668
-1.05446 0.572811 0.475972 0.886564
-1.05482 0.572149 0.472735 0.888445
-1.05518 0.571486 0.469492 0.890312
-1.05554 0.570823 0.466246 0.892165
-1.0559 0.570159 0.462995 0.894004
-1.05625 0.569496 0.45974 0.895829
-1.05661 0.568832 0.456481 0.89764
-1.05697 0.568168 0.453218 0.899437
-1.05733 0.567504 0.449951 0.90122
-1.05768 0.566839 0.44668 0.902989
-1.05804 0.566175 0.443405 0.904743
-1.05839 0.56551 0.440126 0.906484
-1.05875 0.564845 0.436844 0.90821
-1.0591 0.564179 0.433558 0.909923
-1.05946 0.563514 0.430268 0.911621
-1.05981 0.562848 0.426975 0.913306
-1.06017 0.562182 0.423678 0.914976
-1.06052 0.561516 0.420379 0.916632
-1.06087 0.560849 0.417076 0.918275
-1.06122 0.560183 0.413769 0.919903
-1.06158 0.559516 0.41046 0.921517
-1.06193 0.558849 0.407147 0.923118
-1.06228 0.558181 0.403832 0.924704
-1.06263 0.557514 0.400514 0.926277
-1.06298 0.556846 0.397192 0.927835
-1.06333 0.556178 0.393868 0.92938
-1.06368 0.55551 0.390542 0.93091
-1.06403 0.554841 0.387212 0.932427
-1.06437 0.554173 0.38388 0.93393
-1.06472 0.553504 0.380546 0.935419
-1.06507 0.552835 0.377209 0.936894
-1.06542 0.552165 0.37387 0.938355
-1.06576 0.551496 0.370529 0.939803
-1.06611 0.550826 0.367185 0.941236
-1.06646 0.550156 0.363839 0.942656
-1.0668 0.549486 0.360491 0.944062
-1.06715 0.548816 0.357141 0.945454
-1.06749 0.548145 0.353789 0.946832
-1.06784 0.547474 0.350436 0.948197
-1.06818 0.546803 0.34708 0.949548
-1.06852 0.546132 0.343723 0.950885
-1.06887 0.54546 0.340364 0.952208
-1.06921 0.544789 0.337003 0.953518
-1.06955 0.544117 0.333641 0.954814
-1.06989 0.543445 0.330278 0.956096
-1.07023 0.542772 0.326913 0.957365
-1.07057 0.5421 0.323546 0.95862
-1.07091 0.541427 0.320179 0.959861
-1.07125 0.540754 0.31681 0.961089
-1.07159 0.540081 0.31344 0.962303
-1.07193 0.539407 0.310069 0.963504
-1.07227 0.538734 0.306697 0.964691
-1.07261 0.53806 0.303324 0.965865
-1.07295 0.537386 0.29995 0.967025
-1.07329 0.536712 0.296576 0.968172
-1.07362 0.536037 0.2932 0.969305
-1.07396 0.535362 0.289824 0.970425
-1.07429 0.534688 0.286447 0.971531
-1.07463 0.534012 0.28307 0.972624
-1.07497 0.533337 0.279692 0.973704
-1.0753 0.532662 0.276314 0.97477
-1.07564 0.531986 0.272936 0.975823
-1.07597 0.53131 0.269557 0.976863
-1.0763 0.530634 0.266178 0.977889
-1.07664 0.529957 0.262799 0.978903
-1.07697 0.529281 0.259419 0.979902
-1.0773 0.528604 0.25604 0.980889
-1.07763 0.527927 0.25266 0.981863
-1.07796 0.52725 0.249281 0.982823
-1.0783 0.526572 0.245902 0.98377
-1.07863 0.525895 0.242523 0.984704
-1.07896 0.525217 0.239144 0.985626
-1.07929 0.524539 0.235766 0.986534
-1.07962 0.523861 0.232388 0.987428
-1.07994 0.523182 0.22901 0.98831
-1.08027 0.522504 0.225633 0.989179
-1.0806 0.521825 0.222257 0.990035
-1.08093 0.521146 0.218881 0.990879
-1.08126 0.520466 0.215506 0.991709
-1.08158 0.519787 0.212131 0.992526
-1.08191 0.519107 0.208758 0.993331
-1.08224 0.518427 0.205385 0.994122
-1.08256 0.517747 0.202013 0.994901
-1.08289 0.517067 0.198642 0.995667
-1.08321 0.516386 0.195272 0.996421
-1.08353 0.515706 0.191904 0.997162
-1.08386 0.515025 0.188536 0.99789
-1.08418 0.514344 0.18517 0.998605
-1.0845 0.513662 0.181805 0.999308
-1.08483 0.512981 0.178441 0.999998
-1.08515 0.512299 0.175079 1.00068
-1.08547 0.511617 0.171718 1.00134
-1.08579 0.510935 0.168358 1.00199
-1.08611 0.510253 0.165 1.00263
-1.08643 0.50957 0.161644 1.00326
-1.08675 0.508888 0.15829 1.00388
-1.08707 0.508205 0.154937 1.00448
-1.08739 0.507522 0.151586 1.00507
-1.08771 0.506838 0.148236 1.00565
-1.08803 0.506155 0.144889 1.00622
-1.08835 0.505471 0.141544 1.00677
-1.08866 0.504787 0.1382 1.00731
-1.08898 0.504103 0.134859 1.00784
-1.0893 0.503419 0.13152 1.00836
-1.08961 0.502734 0.128183 1.00886
-1.08993 0.502049 0.124848 1.00936
-1.09024 0.501364 0.121515 1.00984
-1.09056 0.500679 0.118185 1.01031
-1.09087 0.499994 0.114857 1.01076
-1.09119 0.499308 0.111531 1.01121
-1.0915 0.498623 0.108208 1.01164
-1.09181 0.497937 0.104888 1.01206
-1.09213 0.497251 0.10157 1.01247
-1.09244 0.496564 0.0982546 1.01287
-1.09275 0.495878 0.094942 1.01326
-1.09306 0.495191 0.0916321 1.01363
-1.09337 0.494504 0.088325 1.014
-1.09368 0.493817 0.0850208 1.01435
-1.09399 0.49313 0.0817194 1.01469
-1.0943 0.492442 0.078421 1.01502
-1.09461 0.491755 0.0751255 1.01533
-1.09492 0.491067 0.0718331 1.01564
-1.09523 0.490379 0.0685438 1.01593
-1.09554 0.489691 0.0652575 1.01621
-1.09585 0.489002 0.0619745 1.01648
-1.09615 0.488314 0.0586947 1.01674
-1.09646 0.487625 0.0554182 1.01699
-1.09677 0.486936 0.0521449 1.01723
-1.09707 0.486246 0.0488751 1.01745
-1.09738 0.485557 0.0456087 1.01767
-1.09768 0.484867 0.0423457 1.01787
-1.09799 0.484178 0.0390862 1.01806
-1.09829 0.483488 0.0358303 1.01824
-1.09859 0.482798 0.0325781 1.01841
-1.0989 0.482107 0.0293294 1.01857
-1.0992 0.481417 0.0260844 1.01872
-1.0995 0.480726 0.0228432 1.01886
-1.0998 0.480035 0.0196058 1.01898
-1.1001 0.479344 0.0163722 1.0191
-1.10041 0.478653 0.0131425 1.0192
-1.10071 0.477961 0.00991665 1.0193
-1.10101 0.477269 0.0066948 1.01938
-1.10131 0.476577 0.00347695 1.01945
-1.1016 0.475885 0.00026315 1.01952
-1.1019 0.475193 -0.00294656 1.01957
-1.1022 0.474501 -0.00615213 1.01961
-1.1025 0.473808 -0.00935353 1.01964
-1.1028 0.473115 -0.0125507 1.01966
-1.10309 0.472422 -0.0157436 1.01967
-1.10339 0.471729 -0.0189323 1.01966
-1.10369 0.471036 -0.0221165 1.01965
-1.10398 0.470342 -0.0252964 1.01963
-1.10428 0.469648 -0.0284719 1.0196
-1.10457 0.468954 -0.0316429 1.01956
-1.10487 0.46826 -0.0348094 1.0195
-1.10516 0.467566 -0.0379713 1.01944
-1.10546 0.466872 -0.0411287 1.01937
-1.10575 0.466177 -0.0442814 1.01929
-1.10604 0.465482 -0.0474294 1.01919
-1.10633 0.464787 -0.0505728 1.01909
-1.10662 0.464092 -0.0537114 1.01898
-1.10692 0.463396 -0.0568453 1.01886
-1.10721 0.462701 -0.0599743 1.01872
-1.1075 0.462005 -0.0630984 1.01858
-1.10779 0.461309 -0.0662177 1.01843
-1.10808 0.460613 -0.069332 1.01827
-1.10837 0.459917 -0.0724414 1.0181
-1.10866 0.45922 -0.0755457 1.01791
-1.10894 0.458523 -0.078645 1.01772
-1.10923 0.457827 -0.0817393 1.01752
-1.10952 0.45713 -0.0848284 1.01731
-1.10981 0.456432 -0.0879124 1.0171
-1.11009 0.455735 -0.0909911 1.01687
-1.11038 0.455037 -0.0940647 1.01663
-1.11066 0.45434 -0.097133 1.01638
-1.11095 0.453642 -0.100196 1.01613
-1.11123 0.452944 -0.103254 1.01586
-1.11152 0.452245 -0.106306 1.01558
-1.1118 0.451547 -0.109353 1.0153
-1.11209 0.450848 -0.112394 1.01501
-1.11237 0.450149 -0.115431 1.01471
-1.11265 0.44945 -0.118461 1.01439
-1.11293 0.448751 -0.121486 1.01407
-1.11322 0.448052 -0.124506 1.01375
-1.1135 0.447352 -0.127519 1.01341
-1.11378 0.446652 -0.130528 1.01306
-1.11406 0.445953 -0.13353 1.01271
-1.11434 0.445252 -0.136527 1.01234
-1.11462 0.444552 -0.139519 1.01197
-1.1149 0.443852 -0.142504 1.01159
-1.11518 0.443151 -0.145484 1.0112
-1.11545 0.44245 -0.148458 1.0108
-1.11573 0.441749 -0.151426 1.01039
-1.11601 0.441048 -0.154388 1.00997
-1.11629 0.440347 -0.157344 1.00955
-1.11656 0.439646 -0.160294 1.00912
-1.11684 0.438944 -0.163239 1.00868
-1.11711 0.438242 -0.166177 1.00823
-1.11739 0.43754 -0.16911 1.00777
-1.11766 0.436838 -0.172036 1.00731
-1.11794 0.436136 -0.174956 1.00683
-1.11821 0.435433 -0.177871 1.00635
-1.11849 0.43473 -0.180779 1.00586
-1.11876 0.434028 -0.183681 1.00536
-1.11903 0.433325 -0.186577 1.00486
-1.1193 0.432621 -0.189466 1.00434
-1.11957 0.431918 -0.192349 1.00382
-1.11985 0.431214 -0.195227 1.00329
-1.12012 0.430511 -0.198097 1.00275
-1.12039 0.429807 -0.200962 1.00221
-1.12066 0.429103 -0.20382 1.00166
-1.12093 0.428399 -0.206672 1.0011
-1.12119 0.427694 -0.209517 1.00053
-1.12146 0.42699 -0.212357 0.999954
-1.12173 0.426285 -0.215189 0.999371
-1.122 0.42558 -0.218015 0.998781
-1.12227 0.424875 -0.220835 0.998183
-1.12253 0.42417 -0.223648 0.997578
-1.1228 0.423464 -0.226455 0.996966
-1.12306 0.422759 -0.229255 0.996346
-1.12333 0.422053 -0.232049 0.995719
-1.1236 0.421347 -0.234836 0.995085
-1.12386 0.420641 -0.237616 0.994444
-1.12412 0.419935 -0.24039 0.993796
-1.12439 0.419229 -0.243157 0.993141
-1.12465 0.418522 -0.245918 0.992479
-1.12491 0.417815 -0.248672 0.991809
-1.12518 0.417108 -0.251419 0.991133
-1.12544 0.416401 -0.254159 0.99045
-1.1257 0.415694 -0.256893 0.989761
-1.12596 0.414987 -0.259619 0.989064
-1.12622 0.414279 -0.262339 0.988361
-1.12648 0.413572 -0.265053 0.987651
-1.12674 0.412864 -0.267759 0.986935
-1.127 0.412156 -0.270459 0.986212
-1.12726 0.411447 -0.273151 0.985482
-1.12752 0.410739 -0.275837 0.984747
-1.12777 0.410031 -0.278516 0.984004
-1.12803 0.409322 -0.281188 0.983255
-1.12829 0.408613 -0.283853 0.9825
-1.12855 0.407904 -0.286511 0.981739
-1.1288 0.407195 -0.289162 0.980971
-1.12906 0.406486 -0.291806 0.980197
-1.12931 0.405776 -0.294443 0.979417
-1.12957 0.405066 -0.297074 0.978631
-1.12982 0.404357 -0.299697 0.977839
-1.13007 0.403647 -0.302313 0.977041
-1.13033 0.402936 -0.304922 0.976237
-1.13058 0.402226 -0.307523 0.975427
-1.13083 0.401516 -0.310118 0.974611
-1.13109 0.400805 -0.312706 0.973789
-1.13134 0.400094 -0.315286 0.972961
-1.13159 0.399383 -0.31786 0.972128
-1.13184 0.398672 -0.320426 0.971289
-1.13209 0.397961 -0.322985 0.970445
-1.13234 0.39725 -0.325537 0.969595
-1.13259 0.396538 -0.328082 0.968739
-1.13284 0.395826 -0.330619 0.967878
-1.13309 0.395115 -0.333149 0.967011
-1.13333 0.394403 -0.335672 0.966139
-1.13358 0.39369 -0.338188 0.965261
-1.13383 0.392978 -0.340697 0.964379
-1.13408 0.392266 -0.343198 0.96349
-1.13432 0.391553 -0.345692 0.962597
-1.13457 0.39084 -0.348179 0.961699
-1.13481 0.390127 -0.350658 0.960795
-1.13506 0.389414 -0.35313 0.959886
-1.1353 0.388701 -0.355595 0.958973
-1.13555 0.387987 -0.358052 0.958054
-1.13579 0.387274 -0.360502 0.95713
-1.13603 0.38656 -0.362945 0.956202
-1.13628 0.385846 -0.365381 0.955268
-1.13652 0.385132 -0.367809 0.95433
-1.13676 0.384418 -0.370229 0.953387
-1.137 0.383704 -0.372642 0.952439
-1.13724 0.382989 -0.375048 0.951486
-1.13748 0.382275 -0.377447 0.950529
-1.13772 0.38156 -0.379838 0.949568
-1.13796 0.380845 -0.382221 0.948601
-1.1382 0.38013 -0.384598 0.947631
-1.13844 0.379415 -0.386966 0.946655
-1.13868 0.378699 -0.389328 0.945676
-1.13892 0.377984 -0.391681 0.944692
-1.13915 0.377268 -0.394028 0.943703
-1.13939 0.376552 -0.396367 0.942711
-1.13963 0.375836 -0.398698 0.941714
-1.13986 0.37512 -0.401022 0.940713
-1.1401 0.374404 -0.403339 0.939707
-1.14033 0.373688 -0.405648 0.938698
-1.14057 0.372971 -0.407949 0.937685
-1.1408 0.372254 -0.410243 0.936667
-1.14103 0.371537 -0.41253 0.935646
-1.14127 0.37082 -0.414808 0.934621
-1.1415 0.370103 -0.41708 0.933591
-1.14173 0.369386 -0.419344 0.932558
-1.14196 0.368668 -0.4216 0.931522
-1.1422 0.367951 -0.423849 0.930481
-1.14243 0.367233 -0.426091 0.929437
-1.14266 0.366515 -0.428324 0.928389
-1.14289 0.365797 -0.430551 0.927337
-1.14312 0.365079 -0.43277 0.926282
-1.14335 0.364361 -0.434981 0.925223
-1.14358 0.363642 -0.437184 0.924161
-1.1438 0.362924 -0.439381 0.923095
-1.14403 0.362205 -0.441569 0.922026
-1.14426 0.361486 -0.44375 0.920954
-1.14449 0.360767 -0.445924 0.919878
-1.14471 0.360048 -0.44809 0.918799
-1.14494 0.359329 -0.450248 0.917717
-1.14516 0.358609 -0.452399 0.916631
-1.14539 0.35789 -0.454542 0.915542
-1.14561 0.35717 -0.456678 0.914451
-1.14584 0.35645 -0.458806 0.913356
-1.14606 0.35573 -0.460926 0.912258
-1.14628 0.35501 -0.463039 0.911157
-1.14651 0.354289 -0.465145 0.910053
-1.14673 0.353569 -0.467243 0.908946
-1.14695 0.352848 -0.469333 0.907837
-1.14717 0.352128 -0.471416 0.906724
-1.14739 0.351407 -0.473491 0.905609
-1.14761 0.350686 -0.475558 0.904491
-1.14783 0.349965 -0.477619 0.903371
-1.14805 0.349243 -0.479671 0.902247
-1.14827 0.348522 -0.481716 0.901121
-1.14849 0.3478 -0.483753 0.899993
-1.14871 0.347079 -0.485783 0.898862
-1.14893 0.346357 -0.487806 0.897728
-1.14915 0.345635 -0.48982 0.896592
-1.14936 0.344913 -0.491828 0.895454
-1.14958 0.344191 -0.493827 0.894313
-1.1498 0.343468 -0.495819 0.89317
-1.15001 0.342746 -0.497804 0.892024
-1.15023 0.342023 -0.499781 0.890877
-1.15044 0.3413 -0.501751 0.889727
-1.15066 0.340577 -0.503713 0.888575
-1.15087 0.339854 -0.505667 0.887421
-1.15108 0.339131 -0.507614 0.886264
-1.15129 0.338408 -0.509554 0.885106
-1.15151 0.337684 -0.511485 0.883945
-1.15172 0.336961 -0.51341 0.882783
-1.15193 0.336237 -0.515327 0.881619
-1.15214 0.335513 -0.517236 0.880453
-1.15235 0.334789 -0.519138 0.879285
-1.15256 0.334065 -0.521033 0.878115
-1.15277 0.333341 -0.52292 0.876943
-1.15298 0.332617 -0.524799 0.875769
-1.15319 0.331892 -0.526671 0.874594
-1.1534 0.331167 -0.528536 0.873417
-1.15361 0.330443 -0.530393 0.872239
-1.15381 0.329718 -0.532242 0.871059
-1.15402 0.328993 -0.534085 0.869877
-1.15423 0.328268 -0.535919 0.868694
-1.15443 0.327542 -0.537747 0.86751
-1.15464 0.326817 -0.539567 0.866324
-1.15484 0.326091 -0.541379 0.865136
-1.15505 0.325366 -0.543184 0.863947
-1.15525 0.32464 -0.544982 0.862757
-1.15546 0.323914 -0.546772 0.861565
-1.15566 0.323188 -0.548555 0.860373
-1.15586 0.322462 -0.55033 0.859179
-1.15607 0.321735 -0.552099 0.857984
-1.15627 0.321009 -0.553859 0.856787
-1.15647 0.320282 -0.555613 0.85559
-1.15667 0.319556 -0.557359 0.854391
-1.15687 0.318829 -0.559097 0.853192
-1.15707 0.318102 -0.560829 0.851991
-1.15727 0.317375 -0.562553 0.85079
-1.15747 0.316648 -0.56427 0.849587
-1.15767 0.31592 -0.565979 0.848384
-1.15787 0.315193 -0.567681 0.847179
-1.15806 0.314465 -0.569376 0.845974
-1.15826 0.313738 -0.571063 0.844768
-1.15846 0.31301 -0.572744 0.843562
-1.15865 0.312282 -0.574417 0.842354
-1.15885 0.311554 -0.576082 0.841146
-1.15905 0.310826 -0.577741 0.839937
-1.15924 0.310097 -0.579392 0.838728
-1.15944 0.309369 -0.581036 0.837518
-1.15963 0.30864 -0.582673 0.836307
-1.15982 0.307912 -0.584303 0.835096
-1.16002 0.307183 -0.585925 0.833885
-1.16021 0.306454 -0.58754 0.832673
-1.1604 0.305725 -0.589148 0.83146
-1.16059 0.304996 -0.590749 0.830248
-1.16079 0.304266 -0.592343 0.829034
-1.16098 0.303537 -0.59393 0.827821
-1.16117 0.302808 -0.595509 0.826607
-1.16136 0.302078 -0.597082 0.825393
-1.16155 0.301348 -0.598647 0.824179
-1.16174 0.300618 -0.600205 0.822964
-1.16192 0.299888 -0.601757 0.82175
-1.16211 0.299158 -0.603301 0.820535
-1.1623 0.298428 -0.604838 0.81932
-1.16249 0.297698 -0.606368 0.818105
-1.16267 0.296967 -0.607891 0.81689
-1.16286 0.296236 -0.609407 0.815675
-1.16305 0.295506 -0.610916 0.81446
-1.16323 0.294775 -0.612417 0.813245
-1.16342 0.294044 -0.613912 0.81203
-1.1636 0.293313 -0.6154 0.810816
-1.16379 0.292582 -0.616882 0.809601
-1.16397 0.29185 -0.618356 0.808387
-1.16415 0.291119 -0.619823 0.807173
-1.16433 0.290388 -0.621283 0.805959
-1.16452 0.289656 -0.622737 0.804745
-1.1647 0.288924 -0.624183 0.803532
-1.16488 0.288192 -0.625623 0.802319
-1.16506 0.28746 -0.627055 0.801106
-1.16524 0.286728 -0.628481 0.799894
-1.16542 0.285996 -0.6299 0.798682
-1.1656 0.285264 -0.631313 0.797471
-1.16578 0.284531 -0.632718 0.79626
-1.16596 0.283799 -0.634117 0.79505
-1.16614 0.283066 -0.635509 0.79384
-1.16631 0.282333 -0.636894 0.792631
-1.16649 0.281601 -0.638272 0.791422
-1.16667 0.280868 -0.639644 0.790214
-1.16684 0.280134 -0.641009 0.789007
-1.16702 0.279401 -0.642367 0.7878
-1.1672 0.278668 -0.643719 0.786594
-1.16737 0.277934 -0.645064 0.785389
-1.16754 0.277201 -0.646402 0.784184
-1.16772 0.276467 -0.647734 0.78298
-1.16789 0.275734 -0.649059 0.781778
-1.16806 0.275 -0.650377 0.780576
-1.16824 0.274266 -0.651689 0.779375
-1.16841 0.273532 -0.652994 0.778174
-1.16858 0.272797 -0.654293 0.776975
-1.16875 0.272063 -0.655585 0.775777
-1.16892 0.271329 -0.65687 0.774579
-1.16909 0.270594 -0.658149 0.773383
-1.16926 0.26986 -0.659422 0.772188
-1.16943 0.269125 -0.660688 0.770993
-1.1696 0.26839 -0.661948 0.7698
-1.16977 0.267655 -0.663201 0.768608
-1.16994 0.26692 -0.664448 0.767417
-1.1701 0.266185 -0.665688 0.766228
-1.17027 0.26545 -0.666922 0.765039
-1.17044 0.264714 -0.668149 0.763852
-1.1706 0.263979 -0.66937 0.762666
-1.17077 0.263243 -0.670585 0.761481
-1.17094 0.262508 -0.671794 0.760297
-1.1711 0.261772 -0.672996 0.759115
-1.17126 0.261036 -0.674192 0.757934
-1.17143 0.2603 -0.675381 0.756755
-1.17159 0.259564 -0.676564 0.755577
-1.17175 0.258828 -0.677741 0.7544
-1.17192 0.258091 -0.678912 0.753225
-1.17208 0.257355 -0.680077 0.752051
-1.17224 0.256619 -0.681235 0.750879
-1.1724 0.255882 -0.682387 0.749708
-1.17256 0.255145 -0.683533 0.748539
-1.17272 0.254409 -0.684673 0.747371
-1.17288 0.253672 -0.685807 0.746205
-1.17304 0.252935 -0.686935 0.74504
-1.1732 0.252198 -0.688056 0.743877
-1.17336 0.25146 -0.689172 0.742716
-1.17352 0.250723 -0.690281 0.741556
-1.17367 0.249986 -0.691384 0.740399
-1.17383 0.249248 -0.692482 0.739242
-1.17399 0.248511 -0.693573 0.738088
-1.17414 0.247773 -0.694658 0.736935
-1.1743 0.247035 -0.695738 0.735784
-1.17445 0.246297 -0.696811 0.734635
-1.17461 0.245559 -0.697879 0.733488
-1.17476 0.244821 -0.69894 0.732343
-1.17491 0.244083 -0.699996 0.731199
-1.17507 0.243345 -0.701045 0.730057
-1.17522 0.242606 -0.702089 0.728918
-1.17537 0.241868 -0.703127 0.72778
-1.17552 0.241129 -0.70416 0.726644
-1.17568 0.240391 -0.705186 0.72551
-1.17583 0.239652 -0.706207 0.724378
-1.17598 0.238913 -0.707221 0.723248
-1.17613 0.238174 -0.708231 0.72212
-1.17628 0.237435 -0.709234 0.720995
-1.17642 0.236696 -0.710232 0.719871
-1.17657 0.235957 -0.711224 0.718749
-1.17672 0.235218 -0.71221 0.71763
-1.17687 0.234478 -0.71319 0.716512
-1.17702 0.233739 -0.714165 0.715397
-1.17716 0.232999 -0.715135 0.714284
-1.17731 0.232259 -0.716098 0.713173
-1.17745 0.23152 -0.717057 0.712064
-1.1776 0.23078 -0.718009 0.710958
-1.17774 0.23004 -0.718956 0.709854
-1.17789 0.2293 -0.719898 0.708752
-1.17803 0.22856 -0.720834 0.707652
-1.17818 0.227819 -0.721764 0.706555
-1.17832 0.227079 -0.722689 0.70546
-1.17846 0.226339 -0.723609 0.704367
-1.1786 0.225598 -0.724523 0.703277
-1.17874 0.224858 -0.725431 0.702189
-1.17889 0.224117 -0.726335 0.701103
-1.17903 0.223376 -0.727233 0.70002
-1.17917 0.222635 -0.728125 0.69894
-1.17931 0.221894 -0.729012 0.697861
-1.17945 0.221153 -0.729894 0.696785
-1.17958 0.220412 -0.730771 0.695712
-1.17972 0.219671 -0.731642 0.694641
-1.17986 0.21893 -0.732508 0.693573
-1.18 0.218188 -0.733369 0.692507
-1.18013 0.217447 -0.734225 0.691444
-1.18027 0.216705 -0.735075 0.690383
-1.18041 0.215964 -0.73592 0.689325
-1.18054 0.215222 -0.73676 0.68827
-1.18068 0.21448 -0.737595 0.687217
-1.18081 0.213738 -0.738425 0.686166
-1.18095 0.212996 -0.739249 0.685119
-1.18108 0.212254 -0.740069 0.684074
-1.18121 0.211512 -0.740883 0.683031
-1.18135 0.21077 -0.741693 0.681992
-1.18148 0.210028 -0.742497 0.680955
-1.18161 0.209285 -0.743296 0.679921
-1.18174 0.208543 -0.744091 0.678889
-1.18187 0.2078 -0.74488 0.677861
-1.182 0.207058 -0.745664 0.676835
-1.18213 0.206315 -0.746444 0.675811
-1.18226 0.205572 -0.747218 0.674791
-1.18239 0.204829 -0.747988 0.673773
-1.18252 0.204086 -0.748753 0.672759
-1.18265 0.203343 -0.749513 0.671747
-1.18277 0.2026 -0.750268 0.670738
-1.1829 0.201857 -0.751018 0.669732
-1.18303 0.201114 -0.751763 0.668728
-1.18315 0.20037 -0.752504 0.667728
-1.18328 0.199627 -0.75324 0.66673
-1.1834 0.198883 -0.753971 0.665736
-1.18353 0.19814 -0.754697 0.664744
-1.18365 0.197396 -0.755419 0.663755
-1.18378 0.196652 -0.756136 0.662769
-1.1839 0.195909 -0.756848 0.661787
-1.18402 0.195165 -0.757556 0.660807
-1.18415 0.194421 -0.758259 0.65983
-1.18427 0.193677 -0.758957 0.658856
-1.18439 0.192932 -0.759651 0.657885
-1.18451 0.192188 -0.76034 0.656918
-1.18463 0.191444 -0.761025 0.655953
-1.18475 0.1907 -0.761705 0.654991
-1.18487 0.189955 -0.76238 0.654033
-1.18499 0.189211 -0.763052 0.653077
-1.18511 0.188466 -0.763718 0.652125
-1.18523 0.187721 -0.76438 0.651175
-1.18534 0.186977 -0.765038 0.650229
-1.18546 0.186232 -0.765691 0.649286
-1.18558 0.185487 -0.76634 0.648346
-1.18569 0.184742 -0.766985 0.647409
-1.18581 0.183997 -0.767625 0.646476
-1.18593 0.183252 -0.768261 0.645545
-1.18604 0.182507 -0.768892 0.644618
-1.18615 0.181761 -0.769519 0.643694
-1.18627 0.181016 -0.770142 0.642773
-1.18638 0.180271 -0.770761 0.641855
-1.1865 0.179525 -0.771375 0.640941
-1.18661 0.17878 -0.771985 0.64003
-1.18672 0.178034 -0.772591 0.639122
-1.18683 0.177288 -0.773192 0.638217
-1.18694 0.176543 -0.77379 0.637316
-1.18705 0.175797 -0.774383 0.636418
-1.18716 0.175051 -0.774972 0.635523
-1.18727 0.174305 -0.775557 0.634631
-1.18738 0.173559 -0.776138 0.633743
-1.18749 0.172813 -0.776715 0.632858
-1.1876 0.172067 -0.777288 0.631977
-1.18771 0.171321 -0.777857 0.631099
-1.18781 0.170574 -0.778421 0.630224
-1.18792 0.169828 -0.778982 0.629352
-1.18803 0.169081 -0.779539 0.628484
-1.18813 0.168335 -0.780091 0.627619
-1.18824 0.167588 -0.78064 0.626758
-1.18834 0.166842 -0.781185 0.6259
-1.18845 0.166095 -0.781726 0.625045
-1.18855 0.165348 -0.782263 0.624194
-1.18866 0.164602 -0.782796 0.623346
-1.18876 0.163855 -0.783325 0.622502
-1.18886 0.163108 -0.78385 0.621661
-1.18897 0.162361 -0.784372 0.620823
-1.18907 0.161614 -0.784889 0.619989
-1.18917 0.160866 -0.785403 0.619159
-1.18927 0.160119 -0.785913 0.618332
-1.18937 0.159372 -0.78642 0.617508
-1.18947 0.158625 -0.786922 0.616688
-1.18957 0.157877 -0.787421 0.615871
-1.18967 0.15713 -0.787917 0.615058
-1.18977 0.156382 -0.788408 0.614249
-1.18986 0.155635 -0.788896 0.613442
-1.18996 0.154887 -0.78938 0.61264
-1.19006 0.154139 -0.78986 0.611841
-1.19016 0.153392 -0.790337 0.611045
-1.19025 0.152644 -0.790811 0.610253
-1.19035 0.151896 -0.79128 0.609465
-1.19044 0.151148 -0.791746 0.60868
-1.19054 0.1504 -0.792209 0.607899
-1.19063 0.149652 -0.792668 0.607121
-1.19073 0.148904 -0.793124 0.606347
-1.19082 0.148156 -0.793576 0.605576
-1.19091 0.147407 -0.794024 0.604809
-1.191 0.146659 -0.794469 0.604046
-1.1911 0.145911 -0.794911 0.603286
-1.19119 0.145162 -0.795349 0.60253
-1.19128 0.144414 -0.795784 0.601777
-1.19137 0.143665 -0.796215 0.601028
-1.19146 0.142917 -0.796643 0.600283
-1.19155 0.142168 -0.797068 0.599542
-1.19164 0.141419 -0.797489 0.598804
-1.19173 0.14067 -0.797907 0.598069
-1.19181 0.139922 -0.798321 0.597338
-1.1919 0.139173 -0.798733 0.596611
-1.19199 0.138424 -0.799141 0.595888
-1.19208 0.137675 -0.799545 0.595168
-1.19216 0.136926 -0.799947 0.594452
-1.19225 0.136177 -0.800345 0.59374
-1.19233 0.135428 -0.80074 0.593031
-1.19242 0.134678 -0.801132 0.592326
-1.1925 0.133929 -0.801521 0.591625
-1.19259 0.13318 -0.801906 0.590928
-1.19267 0.132431 -0.802288 0.590234
-1.19275 0.131681 -0.802667 0.589544
-1.19284 0.130932 -0.803044 0.588857
-1.19292 0.130182 -0.803416 0.588175
-1.193 0.129433 -0.803786 0.587496
-1.19308 0.128683 -0.804153 0.58682
-1.19316 0.127933 -0.804517 0.586149
-1.19324 0.127184 -0.804877 0.585481
-1.19332 0.126434 -0.805235 0.584817
-1.1934 0.125684 -0.80559 0.584157
-1.19348 0.124934 -0.805941 0.583501
-1.19356 0.124184 -0.80629 0.582848
-1.19363 0.123434 -0.806635 0.582199
-1.19371 0.122684 -0.806978 0.581554
-1.19379 0.121934 -0.807318 0.580912
-1.19387 0.121184 -0.807655 0.580275
-1.19394 0.120434 -0.807989 0.579641
-1.19402 0.119684 -0.80832 0.579011
-1.19409 0.118934 -0.808648 0.578385
-1.19417 0.118183 -0.808973 0.577762
-1.19424 0.117433 -0.809295 0.577144
-1.19431 0.116683 -0.809615 0.576529
-1.19439 0.115932 -0.809932 0.575918
-1.19446 0.115182 -0.810245 0.575311
-1.19453 0.114431 -0.810557 0.574707
-1.1946 0.113681 -0.810865 0.574108
-1.19467 0.11293 -0.811171 0.573512
-1.19475 0.112179 -0.811473 0.57292
-1.19482 0.111429 -0.811773 0.572332
-1.19489 0.110678 -0.812071 0.571747
-1.19495 0.109927 -0.812365 0.571167
-1.19502 0.109176 -0.812657 0.57059
-1.19509 0.108425 -0.812947 0.570018
-1.19516 0.107674 -0.813233 0.569449
-1.19523 0.106923 -0.813517 0.568884
-1.19529 0.106172 -0.813798 0.568323
-1.19536 0.105421 -0.814077 0.567765
-1.19543 0.10467 -0.814353 0.567212
-1.19549 0.103919 -0.814627 0.566662
-1.19556 0.103168 -0.814897 0.566116
-1.19562 0.102417 -0.815166 0.565575
-1.19569 0.101666 -0.815431 0.565037
-1.19575 0.100914 -0.815694 0.564502
-1.19581 0.100163 -0.815955 0.563972
-1.19588 0.0994116 -0.816213 0.563446
-1.19594 0.0986602 -0.816469 0.562923
-1.196 0.0979087 -0.816722 0.562405
-1.19606 0.0971572 -0.816972 0.56189
-1.19612 0.0964057 -0.81722 0.561379
-1.19618 0.0956542 -0.817466 0.560872
-1.19624 0.0949026 -0.817709 0.560369
-1.1963 0.0941509 -0.81795 0.55987
-1.19636 0.0933992 -0.818188 0.559375
-1.19642 0.0926475 -0.818424 0.558883
-1.19648 0.0918958 -0.818658 0.558396
-1.19653 0.091144 -0.818889 0.557912
-1.19659 0.0903922 -0.819117 0.557433
-1.19665 0.0896403 -0.819344 0.556957
-1.1967 0.0888884 -0.819568 0.556485
-1.19676 0.0881365 -0.819789 0.556017
-1.19681 0.0873845 -0.820008 0.555553
-1.19687 0.0866325 -0.820225 0.555093
-1.19692 0.0858805 -0.82044 0.554637
-1.19698 0.0851284 -0.820652 0.554185
-1.19703 0.0843763 -0.820862 0.553737
-1.19708 0.0836242 -0.82107 0.553293
-1.19714 0.082872 -0.821276 0.552852
-1.19719 0.0821198 -0.821479 0.552416
-1.19724 0.0813676 -0.82168 0.551983
-1.19729 0.0806153 -0.821879 0.551555
-1.19734 0.079863 -0.822075 0.55113
-1.19739 0.0791107 -0.82227 0.550709
-1.19744 0.0783584 -0.822462 0.550292
-1.19749 0.077606 -0.822652 0.549879
-1.19754 0.0768536 -0.822839 0.549471
-1.19758 0.0761011 -0.823025 0.549066
-1.19763 0.0753486 -0.823208 0.548665
-1.19768 0.0745961 -0.82339 0.548268
-1.19773 0.0738436 -0.823569 0.547874
-1.19777 0.073091 -0.823746 0.547485
-1.19782 0.0723384 -0.82392 0.5471
-1.19786 0.0715858 -0.824093 0.546719
-1.19791 0.0708331 -0.824264 0.546342
-1.19795 0.0700805 -0.824432 0.545968
-1.198 0.0693277 -0.824599 0.545599
-1.19804 0.068575 -0.824763 0.545233
-1.19808 0.0678222 -0.824925 0.544872
-1.19812 0.0670695 -0.825085 0.544514
-1.19817 0.0663166 -0.825243 0.544161
-1.19821 0.0655638 -0.8254 0.543811
-1.19825 0.0648109 -0.825554 0.543466
-1.19829 0.064058 -0.825706 0.543124
-1.19833 0.0633051 -0.825856 0.542787
-1.19837 0.0625522 -0.826004 0.542453
-1.19841 0.0617992 -0.82615 0.542123
-1.19845 0.0610462 -0.826294 0.541797
-1.19848 0.0602932 -0.826436 0.541476
-1.19852 0.0595401 -0.826576 0.541158
-1.19856 0.0587871 -0.826714 0.540844
-1.1986 0.058034 -0.82685 0.540534
-1.19863 0.0572809 -0.826984 0.540228
-1.19867 0.0565277 -0.827116 0.539926
-1.1987 0.0557746 -0.827247 0.539628
-1.19874 0.0550214 -0.827375 0.539334
-1.19877 0.0542682 -0.827501 0.539045
-1.19881 0.053515 -0.827626 0.538759
-1.19884 0.0527617 -0.827748 0.538477
-1.19887 0.0520085 -0.827869 0.538199
-1.1989 0.0512552 -0.827988 0.537925
-1.19894 0.0505019 -0.828105 0.537654
-1.19897 0.0497486 -0.82822 0.537388
-1.199 0.0489952 -0.828333 0.537126
-1.19903 0.0482419 -0.828444 0.536868
-1.19906 0.0474885 -0.828554 0.536614
-1.19909 0.0467351 -0.828661 0.536364
-1.19912 0.0459817 -0.828767 0.536118
-1.19915 0.0452282 -0.828871 0.535876
-1.19918 0.0444748 -0.828973 0.535638
-1.1992 0.0437213 -0.829073 0.535404
-1.19923 0.0429678 -0.829171 0.535173
-1.19926 0.0422143 -0.829268 0.534947
-1.19928 0.0414608 -0.829363 0.534725
-1.19931 0.0407072 -0.829456 0.534507
-1.19933 0.0399537 -0.829547 0.534293
-1.19936 0.0392001 -0.829636 0.534083
-1.19938 0.0384465 -0.829724 0.533876
-1.19941 0.0376929 -0.829809 0.533674
-1.19943 0.0369393 -0.829893 0.533476
-1.19945 0.0361857 -0.829975 0.533282
-1.19948 0.035432 -0.830056 0.533092
-1.1995 0.0346784 -0.830135 0.532905
-1.19952 0.0339247 -0.830211 0.532723
-1.19954 0.033171 -0.830287 0.532545
-1.19956 0.0324173 -0.83036 0.532371
-1.19958 0.0316636 -0.830432 0.5322
-1.1996 0.0309099 -0.830501 0.532034
-1.19962 0.0301561 -0.83057 0.531872
-1.19964 0.0294024 -0.830636 0.531714
-1.19966 0.0286486 -0.830701 0.53156
-1.19968 0.0278948 -0.830764 0.531409
-1.19969 0.027141 -0.830825 0.531263
-1.19971 0.0263873 -0.830884 0.531121
-1.19973 0.0256334 -0.830942 0.530983
-1.19974 0.0248796 -0.830998 0.530849
-1.19976 0.0241258 -0.831053 0.530718
-1.19977 0.023372 -0.831105 0.530592
-1.19979 0.0226181 -0.831156 0.53047
-1.1998 0.0218643 -0.831205 0.530352
-1.19981 0.0211104 -0.831253 0.530238
-1.19983 0.0203565 -0.831299 0.530127
-1.19984 0.0196027 -0.831343 0.530021
-1.19985 0.0188488 -0.831385 0.529919
-1.19986 0.0180949 -0.831426 0.529821
-1.19987 0.017341 -0.831465 0.529727
-1.19989 0.0165871 -0.831503 0.529637
-1.1999 0.0158332 -0.831538 0.529551
-1.19991 0.0150792 -0.831573 0.529468
-1.19991 0.0143253 -0.831605 0.52939
-1.19992 0.0135714 -0.831636 0.529316
-1.19993 0.0128175 -0.831665 0.529246
-1.19994 0.0120635 -0.831692 0.52918
-1.19995 0.0113096 -0.831718 0.529118
-1.19995 0.0105556 -0.831742 0.52906
-1.19996 0.00980166 -0.831764 0.529006
-1.19997 0.0090477 -0.831785 0.528955
-1.19997 0.00829374 -0.831804 0.528909
-1.19998 0.00753977 -0.831821 0.528867
-1.19998 0.0067858 -0.831837 0.528829
-1.19998 0.00603183 -0.831851 0.528795
-1.19999 0.00527786 -0.831864 0.528765
-1.19999 0.00452388 -0.831874 0.528739
-1.19999 0.0037699 -0.831883 0.528717
-1.2 0.00301593 -0.831891 0.528699
-1.2 0.00226195 -0.831897 0.528685
-1.2 0.00150796 -0.831901 0.528675
-1.2 0.000753982 -0.831903 0.528669
-1.2 1.46958e-16 -0.831904 0.528667
-1.2 -0.000753982 -0.831903 0.528669
-1.2 -0.00150796 -0.831901 0.528675
-1.2 -0.00226195 -0.831897 0.528685
-1.2 -0.00301593 -0.831891 0.528699
-1.19999 -0.0037699 -0.831883 0.528717
-1.19999 -0.00452388 -0.831874 0.528739
-1.19999 -0.00527786 -0.831864 0.528765
-1.19998 -0.00603183 -0.831851 0.528795
-1.19998 -0.0067858 -0.831837 0.528829
-1.19998 -0.00753977 -0.831821 0.528867
-1.19997 -0.00829374 -0.831804 0.528909
-1.19997 -0.0090477 -0.831785 0.528955
-1.19996 -0.00980166 -0.831764 0.529006
-1.19995 -0.0105556 -0.831742 0.52906
-1.19995 -0.0113096 -0.831718 0.529118
-1.19994 -0.0120635 -0.831692 0.52918
-1.19993 -0.0128175 -0.831665 0.529246
-1.19992 -0.0135714 -0.831636 0.529316
-1.19991 -0.0143253 -0.831605 0.52939
-1.19991 -0.0150792 -0.831573 0.529468
-1.1999 -0.0158332 -0.831538 0.529551
-1.19989 -0.0165871 -0.831503 0.529637
-1.19987 -0.017341 -0.831465 0.529727
-1.19986 -0.0180949 -0.831426 0.529821
-1.19985 -0.0188488 -0.831385 0.529919
-1.19984 -0.0196027 -0.831343 0.530021
-1.19983 -0.0203565 -0.831299 0.530127
-1.19981 -0.0211104 -0.831253 0.530238
-1.1998 -0.0218643 -0.831205 0.530352
-1.19979 -0.0226181 -0.831156 0.53047
-1.19977 -0.023372 -0.831105 0.530592
-1.19976 -0.0241258 -0.831053 0.530718
-1.19974 -0.0248796 -0.830998 0.530849
-1.19973 -0.0256334 -0.830942 0.530983
-1.19971 -0.0263873 -0.830884 0.531121
-1.19969 -0.027141 -0.830825 0.531263
-1.19968 -0.0278948 -0.830764 0.531409
-1.19966 -0.0286486 -0.830701 0.53156
-1.19964 -0.0294024 -0.830636 0.531714
-1.19962 -0.0301561 -0.83057 0.531872
-1.1996 -0.0309099 -0.830501 0.532034
-1.19958 -0.0316636 -0.830432 0.5322
-1.19956 -0.0324173 -0.83036 0.532371
-1.19954 -0.033171 -0.830287 0.532545
-1.19952 -0.0339247 -0.830211 0.532723
-1.1995 -0.0346784 -0.830135 0.532905
-1.19948 -0.035432 -0.830056 0.533092
-1.19945 -0.0361857 -0.829975 0.533282
-1.19943 -0.0369393 -0.829893 0.533476
-1.19941 -0.0376929 -0.829809 0.533674
-1.19938 -0.0384465 -0.829724 0.533876
-1.19936 -0.0392001 -0.829636 0.534083
-1.19933 -0.0399537 -0.829547 0.534293
-1.19931 -0.0407072 -0.829456 0.534507
-1.19928 -0.0414608 -0.829363 0.534725
-1.19926 -0.0422143 -0.829268 0.534947
-1.19923 -0.0429678 -0.829171 0.535173
-1.1992 -0.0437213 -0.829073 0.535404
-1.19918 -0.0444748 -0.828973 0.535638
-1.19915 -0.0452282 -0.828871 0.535876
-1.19912 -0.0459817 -0.828767 0.536118
-1.19909 -0.0467351 -0.828661 0.536364
-1.19906 -0.0474885 -0.828554 0.536614
-1.19903 -0.0482419 -0.828444 0.536868
-1.199 -0.0489952 -0.828333 0.537126
-1.19897 -0.0497486 -0.82822 0.537388
-1.19894 -0.0505019 -0.828105 0.537654
-1.1989 -0.0512552 -0.827988 0.537925
-1.19887 -0.0520085 -0.827869 0.538199
-1.19884 -0.0527617 -0.827748 0.538477
-1.19881 -0.053515 -0.827626 0.538759
-1.19877 -0.0542682 -0.827501 0.539045
-1.19874 -0.0550214 -0.827375 0.539334
-1.1987 -0.0557746 -0.827247 0.539628
-1.19867 -0.0565277 -0.827116 0.539926
-1.19863 -0.0572809 -0.826984 0.540228
-1.1986 -0.058034 -0.82685 0.540534
-1.19856 -0.0587871 -0.826714 0.540844
-1.19852 -0.0595401 -0.826576 0.541158
-1.19848 -0.0602932 -0.826436 0.541476
-1.19845 -0.0610462 -0.826294 0.541797
-1.19841 -0.0617992 -0.82615 0.542123
-1.19837 -0.0625522 -0.826004 0.542453
-1.19833 -0.0633051 -0.825856 0.542787
-1.19829 -0.064058 -0.825706 0.543124
-1.19825 -0.0648109 -0.825554 0.543466
-1.19821 -0.0655638 -0.8254 0.543811
-1.19817 -0.0663166 -0.825243 0.544161
-1.19812 -0.0670695 -0.825085 0.544514
-1.19808 -0.0678222 -0.824925 0.544872
-1.19804 -0.068575 -0.824763 0.545233
-1.198 -0.0693277 -0.824599 0.545599
-1.19795 -0.0700805 -0.824432 0.545968
-1.19791 -0.0708331 -0.824264 0.546342
-1.19786 -0.0715858 -0.824093 0.546719
-1.19782 -0.0723384 -0.82392 0.5471
-1.19777 -0.073091 -0.823746 0.547485
-1.19773 -0.0738436 -0.823569 0.547874
-1.19768 -0.0745961 -0.82339 0.548268
-1.19763 -0.0753486 -0.823208 0.548665
-1.19758 -0.0761011 -0.823025 0.549066
-1.19754 -0.0768536 -0.822839 0.549471
-1.19749 -0.077606 -0.822652 0.549879
-1.19744 -0.0783584 -0.822462 0.550292
-1.19739 -0.0791107 -0.82227 0.550709
-1.19734 -0.079863 -0.822075 0.55113
-1.19729 -0.0806153 -0.821879 0.551555
-1.19724 -0.0813676 -0.82168 0.551983
-1.19719 -0.0821198 -0.821479 0.552416
-1.19714 -0.082872 -0.821276 0.552852
-1.19708 -0.0836242 -0.82107 0.553293
-1.19703 -0.0843763 -0.820862 0.553737
-1.19698 -0.0851284 -0.820652 0.554185
-1.19692 -0.0858805 -0.82044 0.554637
-1.19687 -0.0866325 -0.820225 0.555093
-1.19681 -0.0873845 -0.820008 0.555553
-1.19676 -0.0881365 -0.819789 0.556017
-1.1967 -0.0888884 -0.819568 0.556485
-1.19665 -0.0896403 -0.819344 0.556957
-1.19659 -0.0903922 -0.819117 0.557433
-1.19653 -0.091144 -0.818889 0.557912
-1.19648 -0.0918958 -0.818658 0.558396
-1.19642 -0.0926475 -0.818424 0.558883
-1.19636 -0.0933992 -0.818188 0.559375
-1.1963 -0.0941509 -0.81795 0.55987
-1.19624 -0.0949026 -0.817709 0.560369
-1.19618 -0.0956542 -0.817466 0.560872
-1.19612 -0.0964057 -0.81722 0.561379
-1.19606 -0.0971572 -0.816972 0.56189
-1.196 -0.0979087 -0.816722 0.562405
-1.19594 -0.0986602 -0.816469 0.562923
-1.19588 -0.0994116 -0.816213 0.563446
-1.19581 -0.100163 -0.815955 0.563972
-1.19575 -0.100914 -0.815694 0.564502
-1.19569 -0.101666 -0.815431 0.565037
-1.19562 -0.102417 -0.815166 0.565575
-1.19556 -0.103168 -0.814897 0.566116
-1.19549 -0.103919 -0.814627 0.566662
-1.19543 -0.10467 -0.814353 0.567212
-1.19536 -0.105421 -0.814077 0.567765
-1.19529 -0.106172 -0.813798 0.568323
-1.19523 -0.106923 -0.813517 0.568884
-1.19516 -0.107674 -0.813233 0.569449
-1.19509 -0.108425 -0.812947 0.570018
-1.19502 -0.109176 -0.812657 0.57059
-1.19495 -0.109927 -0.812365 0.571167
-1.19489 -0.110678 -0.812071 0.571747
-1.19482 -0.111429 -0.811773 0.572332
-1.19475 -0.112179 -0.811473 0.57292
-1.19467 -0.11293 -0.811171 0.573512
-1.1946 -0.113681 -0.810865 0.574108
-1.19453 -0.114431 -0.810557 0.574707
-1.19446 -0.115182 -0.810245 0.575311
-1.19439 -0.115932 -0.809932 0.575918
-1.19431 -0.116683 -0.809615 0.576529
-1.19424 -0.117433 -0.809295 0.577144
-1.19417 -0.118183 -0.808973 0.577762
-1.19409 -0.118934 -0.808648 0.578385
-1.19402 -0.119684 -0.80832 0.579011
-1.19394 -0.120434 -0.807989 0.579641
-1.19387 -0.121184 -0.807655 0.580275
-1.19379 -0.121934 -0.807318 0.580912
-1.19371 -0.122684 -0.806978 0.581554
-1.19363 -0.123434 -0.806635 0.582199
-1.19356 -0.124184 -0.80629 0.582848
-1.19348 -0.124934 -0.805941 0.583501
-1.1934 -0.125684 -0.80559 0.584157
-1.19332 -0.126434 -0.805235 0.584817
-1.19324 -0.127184 -0.804877 0.585481
-1.19316 -0.127933 -0.804517 0.586149
-1.19308 -0.128683 -0.804153 0.58682
-1.193 -0.129433 -0.803786 0.587496
-1.19292 -0.130182 -0.803416 0.588175
-1.19284 -0.130932 -0.803044 0.588857
-1.19275 -0.131681 -0.802667 0.589544
-1.19267 -0.132431 -0.802288 0.590234
-1.19259 -0.13318 -0.801906 0.590928
-1.1925 -0.133929 -0.801521 0.591625
-1.19242 -0.134678 -0.801132 0.592326
-1.19233 -0.135428 -0.80074 0.593031
-1.19225 -0.136177 -0.800345 0.59374
-1.19216 -0.136926 -0.799947 0.594452
-1.19208 -0.137675 -0.799545 0.595168
-1.19199 -0.138424 -0.799141 0.595888
-1.1919 -0.139173 -0.798733 0.596611
-1.19181 -0.139922 -0.798321 0.597338
-1.19173 -0.14067 -0.797907 0.598069
-1.19164 -0.141419 -0.797489 0.598804
-1.19155 -0.142168 -0.797068 0.599542
-1.19146 -0.142917 -0.796643 0.600283
-1.19137 -0.143665 -0.796215 0.601028
-1.19128 -0.144414 -0.795784 0.601777
-1.19119 -0.145162 -0.795349 0.60253
-1.1911 -0.145911 -0.794911 0.603286
-1.191 -0.146659 -0.794469 0.604046
-1.19091 -0.147407 -0.794024 0.604809
-1.19082 -0.148156 -0.793576 0.605576
-1.19073 -0.148904 -0.793124 0.606347
-1.19063 -0.149652 -0.792668 0.607121
-1.19054 -0.1504 -0.792209 0.607899
-1.19044 -0.151148 -0.791746 0.60868
-1.19035 -0.151896 -0.79128 0.609465
-1.19025 -0.152644 -0.790811 0.610253
-1.19016 -0.153392 -0.790337 0.611045
-1.19006 -0.154139 -0.78986 0.611841
-1.18996 -0.154887 -0.78938 0.61264
-1.18986 -0.155635 -0.788896 0.613442
-1.18977 -0.156382 -0.788408 0.614249
-1.18967 -0.15713 -0.787917 0.615058
-1.18957 -0.157877 -0.787421 0.615871
-1.18947 -0.158625 -0.786922 0.616688
-1.18937 -0.159372 -0.78642 0.617508
-1.18927 -0.160119 -0.785913 0.618332
-1.18917 -0.160866 -0.785403 0.619159
-1.18907 -0.161614 -0.784889 0.619989
-1.18897 -0.162361 -0.784372 0.620823
-1.18886 -0.163108 -0.78385 0.621661
-1.18876 -0.163855 -0.783325 0.622502
-1.18866 -0.164602 -0.782796 0.623346
-1.18855 -0.165348 -0.782263 0.624194
-1.18845 -0.166095 -0.781726 0.625045
-1.18834 -0.166842 -0.781185 0.6259
-1.18824 -0.167588 -0.78064 0.626758
-1.18813 -0.168335 -0.780091 0.627619
-1.18803 -0.169081 -0.779539 0.628484
-1.18792 -0.169828 -0.778982 0.629352
-1.18781 -0.170574 -0.778421 0.630224
-1.18771 -0.171321 -0.777857 0.631099
-1.1876 -0.172067 -0.777288 0.631977
-1.18749 -0.172813 -0.776715 0.632858
-1.18738 -0.173559 -0.776138 0.633743
-1.18727 -0.174305 -0.775557 0.634631
-1.18716 -0.175051 -0.774972 0.635523
-1.18705 -0.175797 -0.774383 0.636418
-1.18694 -0.176543 -0.77379 0.637316
-1.18683 -0.177288 -0.773192 0.638217
-1.18672 -0.178034 -0.772591 0.639122
-1.18661 -0.17878 -0.771985 0.64003
-1.1865 -0.179525 -0.771375 0.640941
-1.18638 -0.180271 -0.770761 0.641855
-1.18627 -0.181016 -0.770142 0.642773
-1.18615 -0.181761 -0.769519 0.643694
-1.18604 -0.182507 -0.768892 0.644618
-1.18593 -0.183252 -0.768261 0.645545
-1.18581 -0.183997 -0.767625 0.646476
-1.18569 -0.184742 -0.766985 0.647409
-1.18558 -0.185487 -0.76634 0.648346
-1.18546 -0.186232 -0.765691 0.649286
-1.18534 -0.186977 -0.765038 0.650229
-1.18523 -0.187721 -0.76438 0.651175
-1.18511 -0.188466 -0.763718 0.652125
-1.18499 -0.189211 -0.763052 0.653077
-1.18487 -0.189955 -0.76238 0.654033
-1.18475 -0.1907 -0.761705 0.654991
-1.18463 -0.191444 -0.761025 0.655953
-1.18451 -0.192188 -0.76034 0.656918
-1.18439 -0.192932 -0.759651 0.657885
-1.18427 -0.193677 -0.758957 0.658856
-1.18415 -0.194421 -0.758259 0.65983
-1.18402 -0.195165 -0.757556 0.660807
-1.1839 -0.195909 -0.756848 0.661787
-1.18378 -0.196652 -0.756136 0.662769
-1.18365 -0.197396 -0.755419 0.663755
-1.18353 -0.19814 -0.754697 0.664744
-1.1834 -0.198883 -0.753971 0.665736
-1.18328 -0.199627 -0.75324 0.66673
-1.18315 -0.20037 -0.752504 0.667728
-1.18303 -0.201114 -0.751763 0.668728
-1.1829 -0.201857 -0.751018 0.669732
-1.18277 -0.2026 -0.750268 0.670738
-1.18265 -0.203343 -0.749513 0.671747
-1.18252 -0.204086 -0.748753 0.672759
-1.18239 -0.204829 -0.747988 0.673773
-1.18226 -0.205572 -0.747218 0.674791
-1.18213 -0.206315 -0.746444 0.675811
-1.182 -0.207058 -0.745664 0.676835
-1.18187 -0.2078 -0.74488 0.677861
-1.18174 -0.208543 -0.744091 0.678889
-1.18161 -0.209285 -0.743296 0.679921
-1.18148 -0.210028 -0.742497 0.680955
-1.18135 -0.21077 -0.741693 0.681992
-1.18121 -0.211512 -0.740883 0.683031
-1.18108 -0.212254 -0.740069 0.684074
-1.18095 -0.212996 -0.739249 0.685119
-1.18081 -0.213738 -0.738425 0.686166
-1.18068 -0.21448 -0.737595 0.687217
-1.18054 -0.215222 -0.73676 0.68827
-1.18041 -0.215964 -0.73592 0.689325
-1.18027 -0.216705 -0.735075 0.690383
-1.18013 -0.217447 -0.734225 0.691444
-1.18 -0.218188 -0.733369 0.692507
-1.17986 -0.21893 -0.732508 0.693573
-1.17972 -0.219671 -0.731642 0.694641
-1.17958 -0.220412 -0.730771 0.695712
-1.17945 -0.221153 -0.729894 0.696785
-1.17931 -0.221894 -0.729012 0.697861
-1.17917 -0.222635 -0.728125 0.69894
-1.17903 -0.223376 -0.727233 0.70002
-1.17889 -0.224117 -0.726335 0.701103
-1.17874 -0.224858 -0.725431 0.702189
-1.1786 -0.225598 -0.724523 0.703277
-1.17846 -0.226339 -0.723609 0.704367
-1.17832 -0.227079 -0.722689 0.70546
-1.17818 -0.227819 -0.721764 0.706555
-1.17803 -0.22856 -0.720834 0.707652
-1.17789 -0.2293 -0.719898 0.708752
-1.17774 -0.23004 -0.718956 0.709854
-1.1776 -0.23078 -0.718009 0.710958
-1.17745 -0.23152 -0.717057 0.712064
-1.17731 -0.232259 -0.716098 0.713173
-1.17716 -0.232999 -0.715135 0.714284
-1.17702 -0.233739 -0.714165 0.715397
-1.17687 -0.234478 -0.71319 0.716512
-1.17672 -0.235218 -0.71221 0.71763
-1.17657 -0.235957 -0.711224 0.718749
-1.17642 -0.236696 -0.710232 0.719871
-1.17628 -0.237435 -0.709234 0.720995
-1.17613 -0.238174 -0.708231 0.72212
-1.17598 -0.238913 -0.707221 0.723248
-1.17583 -0.239652 -0.706207 0.724378
-1.17568 -0.240391 -0.705186 0.72551
-1.17552 -0.241129 -0.70416 0.726644
-1.17537 -0.241868 -0.703127 0.72778
-1.17522 -0.242606 -0.702089 0.728918
-1.17507 -0.243345 -0.701045 0.730057
-1.17491 -0.244083 -0.699996 0.731199
-1.17476 -0.244821 -0.69894 0.732343
-1.17461 -0.245559 -0.697879 0.733488
-1.17445 -0.246297 -0.696811 0.734635
-1.1743 -0.247035 -0.695738 0.735784
-1.17414 -0.247773 -0.694658 0.736935
-1.17399 -0.248511 -0.693573 0.738088
-1.17383 -0.249248 -0.692482 0.739242
-1.17367 -0.249986 -0.691384 0.740399
-1.17352 -0.250723 -0.690281 0.741556
-1.17336 -0.25146 -0.689172 0.742716
-1.1732 -0.252198 -0.688056 0.743877
-1.17304 -0.252935 -0.686935 0.74504
-1.17288 -0.253672 -0.685807 0.746205
-1.17272 -0.254409 -0.684673 0.747371
-1.17256 -0.255145 -0.683533 0.748539
-1.1724 -0.255882 -0.682387 0.749708
-1.17224 -0.256619 -0.681235 0.750879
-1.17208 -0.257355 -0.680077 0.752051
-1.17192 -0.258091 -0.678912 0.753225
-1.17175 -0.258828 -0.677741 0.7544
-1.17159 -0.259564 -0.676564 0.755577
-1.17143 -0.2603 -0.675381 0.756755
-1.17126 -0.261036 -0.674192 0.757934
-1.1711 -0.261772 -0.672996 0.759115
-1.17094 -0.262508 -0.671794 0.760297
-1.17077 -0.263243 -0.670585 0.761481
-1.1706 -0.263979 -0.66937 0.762666
-1.17044 -0.264714 -0.668149 0.763852
-1.17027 -0.26545 -0.666922 0.765039
-1.1701 -0.266185 -0.665688 0.766228
-1.16994 -0.26692 -0.664448 0.767417
-1.16977 -0.267655 -0.663201 0.768608
-1.1696 -0.26839 -0.661948 0.7698
-1.16943 -0.269125 -0.660688 0.770993
-1.16926 -0.26986 -0.659422 0.772188
-1.16909 -0.270594 -0.658149 0.773383
-1.16892 -0.271329 -0.65687 0.774579
-1.16875 -0.272063 -0.655585 0.775777
-1.16858 -0.272797 -0.654293 0.776975
-1.16841 -0.273532 -0.652994 0.778174
-1.16824 -0.274266 -0.651689 0.779375
-1.16806 -0.275 -0.650377 0.780576
-1.16789 -0.275734 -0.649059 0.781778
-1.16772 -0.276467 -0.647734 0.78298
-1.16754 -0.277201 -0.646402 0.784184
-1.16737 -0.277934 -0.645064 0.785389
-1.1672 -0.278668 -0.643719 0.786594
-1.16702 -0.279401 -0.642367 0.7878
-1.16684 -0.280134 -0.641009 0.789007
-1.16667 -0.280868 -0.639644 0.790214
-1.16649 -0.281601 -0.638272 0.791422
-1.16631 -0.282333 -0.636894 0.792631
-1.16614 -0.283066 -0.635509 0.79384
-1.16596 -0.283799 -0.634117 0.79505
-1.16578 -0.284531 -0.632718 0.79626
-1.1656 -0.285264 -0.631313 0.797471
-1.16542 -0.285996 -0.6299 0.798682
-1.16524 -0.286728 -0.628481 0.799894
-1.16506 -0.28746 -0.627055 0.801106
-1.16488 -0.288192 -0.625623 0.802319
-1.1647 -0.288924 -0.624183 0.803532
-1.16452 -0.289656 -0.622737 0.804745
-1.16433 -0.290388 -0.621283 0.805959
-1.16415 -0.291119 -0.619823 0.807173
-1.16397 -0.29185 -0.618356 0.808387
-1.16379 -0.292582 -0.616882 0.809601
-1.1636 -0.293313 -0.6154 0.810816
-1.16342 -0.294044 -0.613912 0.81203
-1.16323 -0.294775 -0.612417 0.813245
-1.16305 -0.295506 -0.610916 0.81446
-1.16286 -0.296236 -0.609407 0.815675
-1.16267 -0.296967 -0.607891 0.81689
-1.16249 -0.297698 -0.606368 0.818105
-1.1623 -0.298428 -0.604838 0.81932
-1.16211 -0.299158 -0.603301 0.820535
-1.16192 -0.299888 -0.601757 0.82175
-1.16174 -0.300618 -0.600205 0.822964
-1.16155 -0.301348 -0.598647 0.824179
-1.16136 -0.302078 -0.597082 0.825393
-1.16117 -0.302808 -0.595509 0.826607
-1.16098 -0.303537 -0.59393 0.827821
-1.16079 -0.304266 -0.592343 0.829034
-1.16059 -0.304996 -0.590749 0.830248
-1.1604 -0.305725 -0.589148 0.83146
-1.16021 -0.306454 -0.58754 0.832673
-1.16002 -0.307183 -0.585925 0.833885
-1.15982 -0.307912 -0.584303 0.835096
-1.15963 -0.30864 -0.582673 0.836307
-1.15944 -0.309369 -0.581036 0.837518
-1.15924 -0.310097 -0.579392 0.838728
-1.15905 -0.310826 -0.577741 0.839937
-1.15885 -0.311554 -0.576082 0.841146
-1.15865 -0.312282 -0.574417 0.842354
-1.15846 -0.31301 -0.572744 0.843562
-1.15826 -0.313738 -0.571063 0.844768
-1.15806 -0.314465 -0.569376 0.845974
-1.15787 -0.315193 -0.567681 0.847179
-1.15767 -0.31592 -0.565979 0.848384
-1.15747 -0.316648 -0.56427 0.849587
-1.15727 -0.317375 -0.562553 0.85079
-1.15707 -0.318102 -0.560829 0.851991
-1.15687 -0.318829 -0.559097 0.853192
-1.15667 -0.319556 -0.557359 0.854391
-1.15647 -0.320282 -0.555613 0.85559
-1.15627 -0.321009 -0.553859 0.856787
-1.15607 -0.321735 -0.552099 0.857984
-1.15586 -0.322462 -0.55033 0.859179
-1.15566 -0.323188 -0.548555 0.860373
-1.15546 -0.323914 -0.546772 0.861565
-1.15525 -0.32464 -0.544982 0.862757
-1.15505 -0.325366 -0.543184 0.863947
-1.15484 -0.326091 -0.541379 0.865136
-1.15464 -0.326817 -0.539567 0.866324
-1.15443 -0.327542 -0.537747 0.86751
-1.15423 -0.328268 -0.535919 0.868694
-1.15402 -0.328993 -0.534085 0.869877
-1.15381 -0.329718 -0.532242 0.871059
-1.15361 -0.330443 -0.530393 0.872239
-1.1534 -0.331167 -0.528536 0.873417
-1.15319 -0.331892 -0.526671 0.874594
-1.15298 -0.332617 -0.524799 0.875769
-1.15277 -0.333341 -0.52292 0.876943
-1.15256 -0.334065 -0.521033 0.878115
-1.15235 -0.334789 -0.519138 0.879285
-1.15214 -0.335513 -0.517236 0.880453
-1.15193 -0.336237 -0.515327 0.881619
-1.15172 -0.336961 -0.51341 0.882783
-1.15151 -0.337684 -0.511485 0.883945
-1.15129 -0.338408 -0.509554 0.885106
-1.15108 -0.339131 -0.507614 0.886264
-1.15087 -0.339854 -0.505667 0.887421
-1.15066 -0.340577 -0.503713 0.888575
-1.15044 -0.3413 -0.501751 0.889727
-1.15023 -0.342023 -0.499781 0.890877
-1.15001 -0.342746 -0.497804 0.892024
-1.1498 -0.343468 -0.495819 0.89317
-1.14958 -0.344191 -0.493827 0.894313
-1.14936 -0.344913 -0.491828 0.895454
-1.14915 -0.345635 -0.48982 0.896592
-1.14893 -0.346357 -0.487806 0.897728
-1.14871 -0.347079 -0.485783 0.898862
-1.14849 -0.3478 -0.483753 0.899993
-1.14827 -0.348522 -0.481716 0.901121
-1.14805 -0.349243 -0.479671 0.902247
-1.14783 -0.349965 -0.477619 0.903371
-1.14761 -0.350686 -0.475558 0.904491
-1.14739 -0.351407 -0.473491 0.905609
-1.14717 -0.352128 -0.471416 0.906724
-1.14695 -0.352848 -0.469333 0.907837
-1.14673 -0.353569 -0.467243 0.908946
-1.14651 -0.354289 -0.465145 0.910053
-1.14628 -0.35501 -0.463039 0.911157
-1.14606 -0.35573 -0.460926 0.912258
-1.14584 -0.35645 -0.458806 0.913356
-1.14561 -0.35717 -0.456678 0.914451
-1.14539 -0.35789 -0.454542 0.915542
-1.14516 -0.358609 -0.452399 0.916631
-1.14494 -0.359329 -0.450248 0.917717
-1.14471 -0.360048 -0.44809 0.918799
-1.14449 -0.360767 -0.445924 0.919878
-1.14426 -0.361486 -0.44375 0.920954
-1.14403 -0.362205 -0.441569 0.922026
-1.1438 -0.362924 -0.439381 0.923095
-1.14358 -0.363642 -0.437184 0.924161
-1.14335 -0.364361 -0.434981 0.925223
-1.14312 -0.365079 -0.43277 0.926282
-1.14289 -0.365797 -0.430551 0.927337
-1.14266 -0.366515 -0.428324 0.928389
-1.14243 -0.367233 -0.426091 0.929437
-1.1422 -0.367951 -0.423849 0.930481
-1.14196 -0.368668 -0.4216 0.931522
-1.14173 -0.369386 -0.419344 0.932558
-1.1415 -0.370103 -0.41708 0.933591
-1.14127 -0.37082 -0.414808 0.934621
-1.14103 -0.371537 -0.41253 0.935646
-1.1408 -0.372254 -0.410243 0.936667
-1.14057 -0.372971 -0.407949 0.937685
-1.14033 -0.373688 -0.405648 0.938698
-1.1401 -0.374404 -0.403339 0.939707
-1.13986 -0.37512 -0.401022 0.940713
-1.13963 -0.375836 -0.398698 0.941714
-1.13939 -0.376552 -0.396367 0.942711
-1.13915 -0.377268 -0.394028 0.943703
-1.13892 -0.377984 -0.391681 0.944692
-1.13868 -0.378699 -0.389328 0.945676
-1.13844 -0.379415 -0.386966 0.946655
-1.1382 -0.38013 -0.384598 0.947631
-1.13796 -0.380845 -0.382221 0.948601
-1.13772 -0.38156 -0.379838 0.949568
-1.13748 -0.382275 -0.377447 0.950529
-1.13724 -0.382989 -0.375048 0.951486
-1.137 -0.383704 -0.372642 0.952439
-1.13676 -0.384418 -0.370229 0.953387
-1.13652 -0.385132 -0.367809 0.95433
-1.13628 -0.385846 -0.365381 0.955268
-1.13603 -0.38656 -0.362945 0.956202
-1.13579 -0.387274 -0.360502 0.95713
-1.13555 -0.387987 -0.358052 0.958054
-1.1353 -0.388701 -0.355595 0.958973
-1.13506 -0.389414 -0.35313 0.959886
-1.13481 -0.390127 -0.350658 0.960795
-1.13457 -0.39084 -0.348179 0.961699
-1.13432 -0.391553 -0.345692 0.962597
-1.13408 -0.392266 -0.343198 0.96349
-1.13383 -0.392978 -0.340697 0.964379
-1.13358 -0.39369 -0.338188 0.965261
-1.13333 -0.394403 -0.335672 0.966139
-1.13309 -0.395115 -0.333149 0.967011
-1.13284 -0.395826 -0.330619 0.967878
-1.13259 -0.396538 -0.328082 0.968739
-1.13234 -0.39725 -0.325537 0.969595
-1.13209 -0.397961 -0.322985 0.970445
-1.13184 -0.398672 -0.320426 0.971289
-1.13159 -0.399383 -0.31786 0.972128
-1.13134 -0.400094 -0.315286 0.972961
-1.13109 -0.400805 -0.312706 0.973789
-1.13083 -0.401516 -0.310118 0.974611
-1.13058 -0.402226 -0.307523 0.975427
-1.13033 -0.402936 -0.304922 0.976237
-1.13007 -0.403647 -0.302313 0.977041
-1.12982 -0.404357 -0.299697 0.977839
-1.12957 -0.405066 -0.297074 0.978631
-1.12931 -0.405776 -0.294443 0.979417
-1.12906 -0.406486 -0.291806 0.980197
-1.1288 -0.407195 -0.289162 0.980971
-1.12855 -0.407904 -0.286511 0.981739
-1.12829 -0.408613 -0.283853 0.9825
-1.12803 -0.409322 -0.281188 0.983255
-1.12777 -0.410031 -0.278516 0.984004
-1.12752 -0.410739 -0.275837 0.984747
-1.12726 -0.411447 -0.273151 0.985482
-1.127 -0.412156 -0.270459 0.986212
-1.12674 -0.412864 -0.267759 0.986935
-1.12648 -0.413572 -0.265053 0.987651
-1.12622 -0.414279 -0.262339 0.988361
-1.12596 -0.414987 -0.259619 0.989064
-1.1257 -0.415694 -0.256893 0.989761
-1.12544 -0.416401 -0.254159 0.99045
-1.12518 -0.417108 -0.251419 0.991133
-1.12491 -0.417815 -0.248672 0.991809
-1.12465 -0.418522 -0.245918 0.992479
-1.12439 -0.419229 -0.243157 0.993141
-1.12412 -0.419935 -0.24039 0.993796
-1.12386 -0.420641 -0.237616 0.994444
-1.1236 -0.421347 -0.234836 0.995085
-1.12333 -0.422053 -0.232049 0.995719
-1.12306 -0.422759 -0.229255 0.996346
-1.1228 -0.423464 -0.226455 0.996966
-1.12253 -0.42417 -0.223648 0.997578
-1.12227 -0.424875 -0.220835 0.998183
-1.122 -0.42558 -0.218015 0.998781
-1.12173 -0.426285 -0.215189 0.999371
-1.12146 -0.42699 -0.212357 0.999954
-1.12119 -0.427694 -0.209517 1.00053
-1.12093 -0.428399 -0.206672 1.0011
-1.12066 -0.429103 -0.20382 1.00166
-1.12039 -0.429807 -0.200962 1.00221
-1.12012 -0.430511 -0.198097 1.00275
-1.11985 -0.431214 -0.195227 1.00329
-1.11957 -0.431918 -0.192349 1.00382
-1.1193 -0.432621 -0.189466 1.00434
-1.11903 -0.433325 -0.186577 1.00486
-1.11876 -0.434028 -0.183681 1.00536
-1.11849 -0.43473 -0.180779 1.00586
-1.11821 -0.435433 -0.177871 1.00635
-1.11794 -0.436136 -0.174956 1.00683
-1.11766 -0.436838 -0.172036 1.00731
-1.11739 -0.43754 -0.16911 1.00777
-1.11711 -0.438242 -0.166177 1.00823
-1.11684 -0.438944 -0.163239 1.00868
-1.11656 -0.439646 -0.160294 1.00912
-1.11629 -0.440347 -0.157344 1.00955
-1.11601 -0.441048 -0.154388 1.00997
-1.11573 -0.441749 -0.151426 1.01039
-1.11545 -0.44245 -0.148458 1.0108
-1.11518 -0.443151 -0.145484 1.0112
-1.1149 -0.443852 -0.142504 1.01159
-1.11462 -0.444552 -0.139519 1.01197
-1.11434 -0.445252 -0.136527 1.01234
-1.11406 -0.445953 -0.13353 1.01271
-1.11378 -0.446652 -0.130528 1.01306
-1.1135 -0.447352 -0.127519 1.01341
-1.11322 -0.448052 -0.124506 1.01375
-1.11293 -0.448751 -0.121486 1.01407
-1.11265 -0.44945 -0.118461 1.01439
-1.11237 -0.450149 -0.115431 1.01471
-1.11209 -0.450848 -0.112394 1.01501
-1.1118 -0.451547 -0.109353 1.0153
-1.11152 -0.452245 -0.106306 1.01558
-1.11123 -0.452944 -0.103254 1.01586
-1.11095 -0.453642 -0.100196 1.01613
-1.11066 -0.45434 -0.097133 1.01638
-1.11038 -0.455037 -0.0940647 1.01663
-1.11009 -0.455735 -0.0909911 1.01687
-1.10981 -0.456432 -0.0879124 1.0171
-1.10952 -0.45713 -0.0848284 1.01731
-1.10923 -0.457827 -0.0817393 1.01752
-1.10894 -0.458523 -0.078645 1.01772
-1.10866 -0.45922 -0.0755457 1.01791
-1.10837 -0.459917 -0.0724414 1.0181
-1.10808 -0.460613 -0.069332 1.01827
-1.10779 -0.461309 -0.0662177 1.01843
-1.1075 -0.462005 -0.0630984 1.01858
-1.10721 -0.462701 -0.0599743 1.01872
-1.10692 -0.463396 -0.0568453 1.01886
-1.10662 -0.464092 -0.0537114 1.01898
-1.10633 -0.464787 -0.0505728 1.01909
-1.10604 -0.465482 -0.0474294 1.01919
-1.10575 -0.466177 -0.0442814 1.01929
-1.10546 -0.466872 -0.0411287 1.01937
-1.10516 -0.467566 -0.0379713 1.01944
-1.10487 -0.46826 -0.0348094 1.0195
-1.10457 -0.468954 -0.0316429 1.01956
-1.10428 -0.469648 -0.0284719 1.0196
-1.10398 -0.470342 -0.0252964 1.01963
-1.10369 -0.471036 -0.0221165 1.01965
-1.10339 -0.471729 -0.0189323 1.01966
-1.10309 -0.472422 -0.0157436 1.01967
-1.1028 -0.473115 -0.0125507 1.01966
-1.1025 -0.473808 -0.00935353 1.01964
-1.1022 -0.474501 -0.00615213 1.01961
-1.1019 -0.475193 -0.00294656 1.01957
-1.1016 -0.475885 0.00026315 1.01952
-1.10131 -0.476577 0.00347695 1.01945
-1.10101 -0.477269 0.0066948 1.01938
-1.10071 -0.477961 0.00991665 1.0193
-1.10041 -0.478653 0.0131425 1.0192
-1.1001 -0.479344 0.0163722 1.0191
-1.0998 -0.480035 0.0196058 1.01898
-1.0995 -0.480726 0.0228432 1.01886
-1.0992 -0.481417 0.0260844 1.01872
-1.0989 -0.482107 0.0293294 1.01857
-1.09859 -0.482798 0.0325781 1.01841
-1.09829 -0.483488 0.0358303 1.01824
-1.09799 -0.484178 0.0390862 1.01806
-1.09768 -0.484867 0.0423457 1.01787
-1.09738 -0.485557 0.0456087 1.01767
-1.09707 -0.486246 0.0488751 1.01745
-1.09677 -0.486936 0.0521449 1.01723
-1.09646 -0.487625 0.0554182 1.01699
-1.09615 -0.488314 0.0586947 1.01674
-1.09585 -0.489002 0.0619745 1.01648
-1.09554 -0.489691 0.0652575 1.01621
-1.09523 -0.490379 0.0685438 1.01593
-1.09492 -0.491067 0.0718331 1.01564
-1.09461 -0.491755 0.0751255 1.01533
-1.0943 -0.492442 0.078421 1.01502
-1.09399 -0.49313 0.0817194 1.01469
-1.09368 -0.493817 0.0850208 1.01435
-1.09337 -0.494504 0.088325 1.014
-1.09306 -0.495191 0.0916321 1.01363
-1.09275 -0.495878 0.094942 1.01326
-1.09244 -0.496564 0.0982546 1.01287
-1.09213 -0.497251 0.10157 1.01247
-1.09181 -0.497937 0.104888 1.01206
-1.0915 -0.498623 0.108208 1.01164
-1.09119 -0.499308 0.111531 1.01121
-1.09087 -0.499994 0.114857 1.01076
-1.09056 -0.500679 0.118185 1.01031
-1.09024 -0.501364 0.121515 1.00984
-1.08993 -0.502049 0.124848 1.00936
-1.08961 -0.502734 0.128183 1.00886
-1.0893 -0.503419 0.13152 1.00836
-1.08898 -0.504103 0.134859 1.00784
-1.08866 -0.504787 0.1382 1.00731
-1.08835 -0.505471 0.141544 1.00677
-1.08803 -0.506155 0.144889 1.00622
-1.08771 -0.506838 0.148236 1.00565
-1.08739 -0.507522 0.151586 1.00507
-1.08707 -0.508205 0.154937 1.00448
-1.08675 -0.508888 0.15829 1.00388
-1.08643 -0.50957 0.161644 1.00326
-1.08611 -0.510253 0.165 1.00263
-1.08579 -0.510935 0.168358 1.00199
-1.08547 -0.511617 0.171718 1.00134
-1.08515 -0.512299 0.175079 1.00068
-1.08483 -0.512981 0.178441 0.999998
-1.0845 -0.513662 0.181805 0.999308
-1.08418 -0.514344 0.18517 0.998605
-1.08386 -0.515025 0.188536 0.99789
-1.08353 -0.515706 0.191904 0.997162
-1.08321 -0.516386 0.195272 0.996421
-1.08289 -0.517067 0.198642 0.995667
-1.08256 -0.517747 0.202013 0.994901
-1.08224 -0.518427 0.205385 0.994122
-1.08191 -0.519107 0.208758 0.993331
-1.08158 -0.519787 0.212131 0.992526
-1.08126 -0.520466 0.215506 0.991709
-1.08093 -0.521146 0.218881 0.990879
-1.0806 -0.521825 0.222257 0.990035
-1.08027 -0.522504 0.225633 0.989179
-1.07994 -0.523182 0.22901 0.98831
-1.07962 -0.523861 0.232388 0.987428
-1.07929 -0.524539 0.235766 0.986534
-1.07896 -0.525217 0.239144 0.985626
-1.07863 -0.525895 0.242523 0.984704
-1.0783 -0.526572 0.245902 0.98377
-1.07796 -0.52725 0.249281 0.982823
-1.07763 -0.527927 0.25266 0.981863
-1.0773 -0.528604 0.25604 0.980889
-1.07697 -0.529281 0.259419 0.979902
-1.07664 -0.529957 0.262799 0.978903
-1.0763 -0.530634 0.266178 0.977889
-1.07597 -0.53131 0.269557 0.976863
-1.07564 -0.531986 0.272936 0.975823
-1.0753 -0.532662 0.276314 0.97477
-1.07497 -0.533337 0.279692 0.973704
-1.07463 -0.534012 0.28307 0.972624
-1.07429 -0.534688 0.286447 0.971531
-1.07396 -0.535362 0.289824 0.970425
-1.07362 -0.536037 0.2932 0.969305
-1.07329 -0.536712 0.296576 0.968172
-1.07295 -0.537386 0.29995 0.967025
-1.07261 -0.53806 0.303324 0.965865
-1.07227 -0.538734 0.306697 0.964691
-1.07193 -0.539407 0.310069 0.963504
-1.07159 -0.540081 0.31344 0.962303
-1.07125 -0.540754 0.31681 0.961089
-1.07091 -0.541427 0.320179 0.959861
-1.07057 -0.5421 0.323546 0.95862
-1.07023 -0.542772 0.326913 0.957365
-1.06989 -0.543445 0.330278 0.956096
-1.06955 -0.544117 0.333641 0.954814
-1.06921 -0.544789 0.337003 0.953518
-1.06887 -0.54546 0.340364 0.952208
-1.06852 -0.546132 0.343723 0.950885
-1.06818 -0.546803 0.34708 0.949548
-1.06784 -0.547474 0.350436 0.948197
-1.06749 -0.548145 0.353789 0.946832
-1.06715 -0.548816 0.357141 0.945454
-1.0668 -0.549486 0.360491 0.944062
-1.06646 -0.550156 0.363839 0.942656
-1.06611 -0.550826 0.367185 0.941236
-1.06576 -0.551496 0.370529 0.939803
-1.06542 -0.552165 0.37387 0.938355
-1.06507 -0.552835 0.377209 0.936894
-1.06472 -0.553504 0.380546 0.935419
-1.06437 -0.554173 0.38388 0.93393
-1.06403 -0.554841 0.387212 0.932427
-1.06368 -0.55551 0.390542 0.93091
-1.06333 -0.556178 0.393868 0.92938
-1.06298 -0.556846 0.397192 0.927835
-1.06263 -0.557514 0.400514 0.926277
-1.06228 -0.558181 0.403832 0.924704
-1.06193 -0.558849 0.407147 0.923118
-1.06158 -0.559516 0.41046 0.921517
-1.06122 -0.560183 0.413769 0.919903
-1.06087 -0.560849 0.417076 0.918275
-1.06052 -0.561516 0.420379 0.916632
-1.06017 -0.562182 0.423678 0.914976
-1.05981 -0.562848 0.426975 0.913306
-1.05946 -0.563514 0.430268 0.911621
-1.0591 -0.564179 0.433558 0.909923
-1.05875 -0.564845 0.436844 0.90821
-1.05839 -0.56551 0.440126 0.906484
-1.05804 -0.566175 0.443405 0.904743
-1.05768 -0.566839 0.44668 0.902989
-1.05733 -0.567504 0.449951 0.90122
-1.05697 -0.568168 0.453218 0.899437
-1.05661 -0.568832 0.456481 0.89764
-1.05625 -0.569496 0.45974 0.895829
-1.0559 -0.570159 0.462995 0.894004
-1.05554 -0.570823 0.466246 0.892165
-1.05518 -0.571486 0.469492 0.890312
-1.05482 -0.572149 0.472735 0.888445
-1.05446 -0.572811 0.475972 0.886564
-1.0541 -0.573474 0.479206 0.884668
-1.05374 -0.574136 0.482434 0.882759
-1.05338 -0.574798 0.485658 0.880835
-1.05302 -0.57546 0.488877 0.878897
-1.05266 -0.576121 0.492092 0.876946
-1.05229 -0.576783 0.495302 0.87498
-1.05193 -0.577444 0.498506 0.873
-1.05157 -0.578104 0.501706 0.871006
-1.0512 -0.578765 0.5049 0.868997
-1.05084 -0.579425 0.50809 0.866975
-1.05048 -0.580086 0.511274 0.864939
-1.05011 -0.580745 0.514453 0.862888
-1.04975 -0.581405 0.517626 0.860823
-1.04938 -0.582065 0.520794 0.858745
-1.04902 -0.582724 0.523957 0.856652
-1.04865 -0.583383 0.527114 0.854545
-1.04828 -0.584042 0.530265 0.852424
-1.04791 -0.5847 0.53341 0.850289
-1.04755 -0.585358 0.53655 0.84814
-1.04718 -0.586017 0.539683 0.845977
-1.04681 -0.586674 0.542811 0.8438
-1.04644 -0.587332 0.545933 0.841608
-1.04607 -0.587989 0.549048 0.839403
-1.0457 -0.588647 0.552157 0.837184
-1.04533 -0.589303 0.55526 0.83495
-1.04496 -0.58996 0.558357 0.832703
-1.04459 -0.590617 0.561447 0.830441
-1.04422 -0.591273 0.564531 0.828166
-1.04385 -0.591929 0.567608 0.825877
-1.04348 -0.592585 0.570678 0.823573
-1.0431 -0.59324 0.573742 0.821256
-1.04273 -0.593895 0.576799 0.818924
-1.04236 -0.59455 0.579848 0.816579
-1.04198 -0.595205 0.582891 0.81422
-1.04161 -0.59586 0.585927 0.811847
-1.04124 -0.596514 0.588956 0.809459
-1.04086 -0.597168 0.591978 0.807058
-1.04048 -0.597822 0.594992 0.804643
-1.04011 -0.598476 0.597999 0.802215
-1.03973 -0.599129 0.600998 0.799772
-1.03936 -0.599782 0.60399 0.797315
-1.03898 -0.600435 0.606975 0.794845
-1.0386 -0.601088 0.609952 0.792361
-1.03822 -0.60174 0.612921 0.789863
-1.03785 -0.602393 0.615882 0.787351
-1.03747 -0.603045 0.618835 0.784825
-1.03709 -0.603696 0.62178 0.782286
-1.03671 -0.604348 0.624718 0.779733
-1.03633 -0.604999 0.627647 0.777166
-1.03595 -0.60565 0.630568 0.774585
-1.03557 -0.606301 0.633481 0.771991
-1.03519 -0.606951 0.636385 0.769383
-1.0348 -0.607602 0.639281 0.766761
-1.03442 -0.608252 0.642169 0.764126
-1.03404 -0.608902 0.645047 0.761477
-1.03366 -0.609551 0.647918 0.758815
-1.03327 -0.610201 0.650779 0.756139
-1.03289 -0.61085 0.653632 0.753449
-1.03251 -0.611499 0.656476 0.750746
-1.03212 -0.612147 0.659311 0.748029
-1.03174 -0.612796 0.662136 0.745299
-1.03135 -0.613444 0.664953 0.742556
-1.03097 -0.614092 0.667761 0.739799
-1.03058 -0.614739 0.670559 0.737028
-1.03019 -0.615387 0.673348 0.734244
-1.02981 -0.616034 0.676127 0.731447
-1.02942 -0.616681 0.678897 0.728637
-1.02903 -0.617327 0.681658 0.725813
-1.02864 -0.617974 0.684409 0.722976
-1.02826 -0.61862 0.68715 0.720125
-1.02787 -0.619266 0.689881 0.717262
-1.02748 -0.619912 0.692602 0.714385
-1.02709 -0.620557 0.695314 0.711495
-1.0267 -0.621202 0.698015 0.708592
-1.02631 -0.621847 0.700707 0.705676
-1.02592 -0.622492 0.703388 0.702746
-1.02552 -0.623137 0.706059 0.699804
-1.02513 -0.623781 0.708719 0.696848
-1.02474 -0.624425 0.71137 0.69388
-1.02435 -0.625069 0.714009 0.690899
-1.02396 -0.625712 0.716638 0.687904
-1.02356 -0.626355 0.719257 0.684897
-1.02317 -0.626998 0.721865 0.681877
-1.02277 -0.627641 0.724462 0.678844
-1.02238 -0.628284 0.727048 0.675798
-1.02198 -0.628926 0.729623 0.67274
-1.02159 -0.629568 0.732187 0.669669
-1.02119 -0.63021 0.73474 0.666585
-1.0208 -0.630851 0.737282 0.663488
-1.0204 -0.631492 0.739813 0.660379
-1.02 -0.632133 0.742333 0.657257
-1.01961 -0.632774 0.744841 0.654123
-1.01921 -0.633415 0.747337 0.650976
-1.01881 -0.634055 0.749822 0.647816
-1.01841 -0.634695 0.752296 0.644645
-1.01801 -0.635335 0.754758 0.64146
-1.01761 -0.635974 0.757208 0.638264
-1.01721 -0.636613 0.759646 0.635055
-1.01681 -0.637252 0.762072 0.631834
-1.01641 -0.637891 0.764486 0.6286
-1.01601 -0.63853 0.766889 0.625355
-1.01561 -0.639168 0.769279 0.622097
-1.01521 -0.639806 0.771657 0.618827
-1.01481 -0.640444 0.774023 0.615545
-1.0144 -0.641081 0.776376 0.612251
-1.014 -0.641718 0.778717 0.608945
-1.0136 -0.642355 0.781045 0.605627
-1.01319 -0.642992 0.783361 0.602297
-1.01279 -0.643629 0.785664 0.598956
-1.01238 -0.644265 0.787955 0.595602
-1.01198 -0.644901 0.790233 0.592237
-1.01157 -0.645537 0.792498 0.58886
-1.01117 -0.646172 0.79475 0.585471
-1.01076 -0.646807 0.796989 0.582071
-1.01036 -0.647442 0.799215 0.578659
-1.00995 -0.648077 0.801428 0.575236
-1.00954 -0.648711 0.803627 0.571801
-1.00913 -0.649346 0.805813 0.568354
-1.00873 -0.649979 0.807986 0.564897
-1.00832 -0.650613 0.810146 0.561428
-1.00791 -0.651247 0.812292 0.557947
-1.0075 -0.65188 0.814425 0.554456
-1.00709 -0.652513 0.816543 0.550953
-1.00668 -0.653145 0.818649 0.547439
-1.00627 -0.653778 0.82074 0.543914
-1.00586 -0.65441 0.822818 0.540378
-1.00545 -0.655042 0.824881 0.536831
-1.00503 -0.655673 0.826931 0.533273
-1.00462 -0.656305 0.828967 0.529704
-1.00421 -0.656936 0.830988 0.526125
-1.0038 -0.657566 0.832995 0.522534
-1.00338 -0.658197 0.834988 0.518933
-1.00297 -0.658827 0.836967 0.515322
-1.00255 -0.659457 0.838931 0.511699
-1.00214 -0.660087 0.840881 0.508067
-1.00173 -0.660717 0.842817 0.504423
-1.00131 -0.661346 0.844737 0.500769
-1.00089 -0.661975 0.846644 0.497105
-1.00048 -0.662604 0.848535 0.493431
-1.00006 -0.663232 0.850411 0.489746
-0.999645 -0.663861 0.852273 0.486051
-0.999227 -0.664488 0.85412 0.482346
-0.99881 -0.665116 0.855952 0.478631
-0.998391 -0.665744 0.857768 0.474906
-0.997973 -0.666371 0.85957 0.471171
-0.997554 -0.666998 0.861356 0.467426
-0.997135 -0.667624 0.863128 0.463672
-0.996715 -0.668251 0.864883 0.459907
-0.996295 -0.668877 0.866624 0.456133
-0.995875 -0.669503 0.868349 0.452349
-0.995454 -0.670128 0.870058 0.448556
-0.995032 -0.670754 0.871752 0.444753
-0.994611 -0.671379 0.87343 0.44094
-0.994189 -0.672004 0.875093 0.437118
-0.993766 -0.672628 0.87674 0.433287
-0.993344 -0.673252 0.878371 0.429447
-0.99292 -0.673876 0.879986 0.425597
-0.992497 -0.6745 0.881585 0.421739
-0.992073 -0.675124 0.883168 0.417871
-0.991648 -0.675747 0.884735 0.413994
-0.991224 -0.67637 0.886286 0.410109
-0.990798 -0.676992 0.88782 0.406214
-0.990373 -0.677615 0.889339 0.402311
-0.989947 -0.678237 0.890841 0.398399
-0.98952 -0.678859 0.892326 0.394479
-0.989094 -0.67948 0.893796 0.390549
-0.988667 -0.680102 0.895248 0.386612
-0.988239 -0.680723 0.896685 0.382666
-0.987811 -0.681344 0.898104 0.378711
-0.987383 -0.681964 0.899507 0.374748
-0.986954 -0.682584 0.900893 0.370777
-0.986525 -0.683204 0.902262 0.366798
-0.986096 -0.683824 0.903615 0.362811
-0.985666 -0.684443 0.90495 0.358816
-0.985236 -0.685063 0.906269 0.354813
-0.984805 -0.685682 0.907571 0.350802
-0.984374 -0.6863 0.908855 0.346783
-0.983943 -0.686919 0.910122 0.342756
-0.983511 -0.687537 0.911373 0.338722
-0.983079 -0.688154 0.912606 0.334681
-0.982646 -0.688772 0.913821 0.330632
-0.982213 -0.689389 0.915019 0.326575
-0.98178 -0.690006 0.9162 0.322511
-0.981346 -0.690623 0.917364 0.31844
-0.980912 -0.691239 0.91851 0.314362
-0.980477 -0.691856 0.919638 0.310276
-0.980042 -0.692472 0.920748 0.306184
-0.979607 -0.693087 0.921841 0.302085
-0.979171 -0.693703 0.922917 0.297979
-0.978735 -0.694318 0.923974 0.293866
-0.978299 -0.694933 0.925014 0.289746
-0.977862 -0.695547 0.926036 0.28562
-0.977425 -0.696161 0.927039 0.281487
-0.976987 -0.696775 0.928025 0.277348
-0.976549 -0.697389 0.928993 0.273202
-0.976111 -0.698003 0.929943 0.26905
-0.975672 -0.698616 0.930874 0.264892
-0.975233 -0.699229 0.931788 0.260728
-0.974793 -0.699841 0.932683 0.256557
-0.974354 -0.700454 0.93356 0.252381
-0.973913 -0.701066 0.934418 0.248199
-0.973473 -0.701677 0.935258 0.244011
-0.973031 -0.702289 0.93608 0.239818
-0.97259 -0.7029 0.936883 0.235618
-0.972148 -0.703511 0.937668 0.231413
-0.971706 -0.704122 0.938434 0.227203
-0.971263 -0.704732 0.939182 0.222988
-0.97082 -0.705342 0.939911 0.218767
-0.970377 -0.705952 0.940621 0.214541
-0.969933 -0.706562 0.941313 0.210309
-0.969489 -0.707171 0.941985 0.206073
-0.969045 -0.70778 0.942639 0.201832
-0.9686 -0.708389 0.943274 0.197586
-0.968154 -0.708997 0.94389 0.193335
-0.967709 -0.709605 0.944488 0.18908
-0.967263 -0.710213 0.945066 0.18482
-0.966816 -0.710821 0.945625 0.180555
-0.966369 -0.711428 0.946165 0.176286
-0.965922 -0.712035 0.946686 0.172013
-0.965475 -0.712642 0.947188 0.167736
-0.965027 -0.713248 0.94767 0.163454
-0.964578 -0.713855 0.948134 0.159168
-0.96413 -0.714461 0.948578 0.154879
-0.963681 -0.715066 0.949002 0.150585
-0.963231 -0.715672 0.949408 0.146288
-0.962781 -0.716277 0.949794 0.141987
-0.962331 -0.716881 0.950161 0.137683
-0.96188 -0.717486 0.950508 0.133375
-0.961429 -0.71809 0.950835 0.129064
-0.960978 -0.718694 0.951144 0.124749
-0.960526 -0.719298 0.951432 0.120431
-0.960074 -0.719901 0.951701 0.11611
-0.959622 -0.720504 0.95195 0.111786
-0.959169 -0.721107 0.95218 0.107459
-0.958715 -0.72171 0.95239 0.103129
-0.958262 -0.722312 0.95258 0.0987969
-0.957808 -0.722914 0.952751 0.0944617
-0.957353 -0.723515 0.952902 0.0901241
-0.956899 -0.724117 0.953032 0.0857839
-0.956443 -0.724718 0.953143 0.0814415
-0.955988 -0.725319 0.953235 0.0770967
-0.955532 -0.725919 0.953306 0.0727498
-0.955076 -0.726519 0.953357 0.0684009
-0.954619 -0.727119 0.953388 0.0640499
-0.954162 -0.727719 0.9534 0.0596972
-0.953704 -0.728318 0.953391 0.0553426
-0.953247 -0.728918 0.953362 0.0509864
-0.952788 -0.729516 0.953314 0.0466286
-0.95233 -0.730115 0.953245 0.0422693
-0.951871 -0.730713 0.953156 0.0379086
-0.951412 -0.731311 0.953046 0.0335467
-0.950952 -0.731909 0.952917 0.0291836
-0.950492 -0.732506 0.952767 0.0248194
-0.950032 -0.733103 0.952597 0.0204542
-0.949571 -0.7337 0.952407 0.0160882
-0.94911 -0.734296 0.952197 0.0117214
-0.948648 -0.734893 0.951966 0.0073539
-0.948186 -0.735488 0.951715 0.00298584
-0.947724 -0.736084 0.951444 -0.0013827
-0.947261 -0.736679 0.951152 -0.00575161
-0.946798 -0.737274 0.95084 -0.0101208
-0.946335 -0.737869 0.950508 -0.0144901
-0.945871 -0.738464 0.950155 -0.0188595
-0.945407 -0.739058 0.949782 -0.0232289
-0.944942 -0.739652 0.949388 -0.0275982
-0.944477 -0.740245 0.948974 -0.0319672
-0.944012 -0.740839 0.948539 -0.0363358
-0.943546 -0.741432 0.948084 -0.040704
-0.94308 -0.742024 0.947608 -0.0450717
-0.942614 -0.742617 0.947112 -0.0494387
-0.942147 -0.743209 0.946595 -0.0538049
-0.94168 -0.743801 0.946058 -0.0581703
-0.941212 -0.744392 0.9455 -0.0625347
-0.940744 -0.744983 0.944921 -0.0668981
-0.940276 -0.745574 0.944322 -0.0712602
-0.939807 -0.746165 0.943703 -0.0756211
-0.939338 -0.746755 0.943062 -0.0799806
-0.938869 -0.747345 0.942401 -0.0843386
-0.938399 -0.747935 0.94172 -0.0886951
-0.937929 -0.748525 0.941018 -0.0930498
-0.937459 -0.749114 0.940295 -0.0974027
-0.936988 -0.749703 0.939551 -0.101754
-0.936516 -0.750291 0.938787 -0.106103
-0.936045 -0.750879 0.938002 -0.11045
-0.935573 -0.751467 0.937197 -0.114794
-0.935101 -0.752055 0.93637 -0.119136
-0.934628 -0.752643 0.935523 -0.123476
-0.934155 -0.75323 0.934656 -0.127814
-0.933681 -0.753816 0.933767 -0.132148
-0.933207 -0.754403 0.932858 -0.13648
-0.932733 -0.754989 0.931928 -0.140809
-0.932259 -0.755575 0.930978 -0.145135
-0.931784 -0.756161 0.930007 -0.149458
-0.931309 -0.756746 0.929015 -0.153778
-0.930833 -0.757331 0.928002 -0.158094
-0.930357 -0.757916 0.926969 -0.162407
-0.92988 -0.7585 0.925914 -0.166717
-0.929404 -0.759084 0.92484 -0.171023
-0.928927 -0.759668 0.923744 -0.175325
-0.928449 -0.760252 0.922628 -0.179623
-0.927971 -0.760835 0.921491 -0.183918
-0.927493 -0.761418 0.920333 -0.188208
-0.927014 -0.762 0.919155 -0.192494
-0.926535 -0.762583 0.917956 -0.196776
-0.926056 -0.763165 0.916736 -0.201054
-0.925576 -0.763746 0.915495 -0.205327
-0.925096 -0.764328 0.914234 -0.209595
-0.924616 -0.764909 0.912952 -0.213859
-0.924135 -0.76549 0.91165 -0.218118
-0.923654 -0.76607 0.910327 -0.222372
-0.923172 -0.76665 0.908983 -0.226621
-0.922691 -0.76723 0.907619 -0.230865
-0.922208 -0.76781 0.906234 -0.235103
-0.921726 -0.768389 0.904828 -0.239336
-0.921243 -0.768968 0.903402 -0.243564
-0.920759 -0.769547 0.901955 -0.247786
-0.920276 -0.770125 0.900487 -0.252003
-0.919792 -0.770703 0.898999 -0.256213
-0.919307 -0.771281 0.897491 -0.260418
-0.918822 -0.771858 0.895961 -0.264617
-0.918337 -0.772436 0.894412 -0.268809
-0.917852 -0.773012 0.892842 -0.272996
-0.917366 -0.773589 0.891251 -0.277176
-0.91688 -0.774165 0.88964 -0.281349
-0.916393 -0.774741 0.888008 -0.285516
-0.915906 -0.775317 0.886356 -0.289677
-0.915419 -0.775892 0.884684 -0.29383
-0.914931 -0.776467 0.882991 -0.297977
-0.914443 -0.777042 0.881277 -0.302116
-0.913955 -0.777616 0.879544 -0.306249
-0.913466 -0.77819 0.87779 -0.310374
-0.912977 -0.778764 0.876016 -0.314492
-0.912487 -0.779338 0.874221 -0.318602
-0.911997 -0.779911 0.872406 -0.322705
-0.911507 -0.780484 0.870571 -0.326801
-0.911017 -0.781056 0.868716 -0.330888
-0.910526 -0.781629 0.86684 -0.334968
-0.910034 -0.7822 0.864944 -0.339039
-0.909543 -0.782772 0.863028 -0.343103
-0.909051 -0.783343 0.861092 -0.347158
-0.908558 -0.783914 0.859136 -0.351205
-0.908066 -0.784485 0.85716 -0.355244
-0.907572 -0.785056 0.855164 -0.359274
-0.907079 -0.785626 0.853148 -0.363295
-0.906585 -0.786195 0.851111 -0.367308
-0.906091 -0.786765 0.849055 -0.371311
-0.905597 -0.787334 0.846979 -0.375306
-0.905102 -0.787903 0.844883 -0.379292
-0.904606 -0.788471 0.842767 -0.383268
-0.904111 -0.78904 0.840632 -0.387235
-0.903615 -0.789608 0.838476 -0.391193
-0.903119 -0.790175 0.836301 -0.395141
-0.902622 -0.790742 0.834106 -0.39908
-0.902125 -0.791309 0.831892 -0.403008
-0.901628 -0.791876 0.829657 -0.406927
-0.90113 -0.792442 0.827403 -0.410836
-0.900632 -0.793009 0.82513 -0.414735
-0.900133 -0.793574 0.822837 -0.418624
-0.899634 -0.79414 0.820525 -0.422503
-0.899135 -0.794705 0.818193 -0.426371
-0.898636 -0.79527 0.815841 -0.430228
-0.898136 -0.795834 0.813471 -0.434075
-0.897636 -0.796398 0.811081 -0.437912
-0.897135 -0.796962 0.808671 -0.441737
-0.896634 -0.797526 0.806243 -0.445551
-0.896133 -0.798089 0.803795 -0.449355
-0.895631 -0.798652 0.801328 -0.453147
-0.895129 -0.799214 0.798842 -0.456928
-0.894627 -0.799777 0.796337 -0.460698
-0.894124 -0.800338 0.793812 -0.464456
-0.893621 -0.8009 0.791269 -0.468203
-0.893118 -0.801461 0.788707 -0.471938
-0.892614 -0.802022 0.786126 -0.475661
-0.89211 -0.802583 0.783526 -0.479373
-0.891606 -0.803143 0.780908 -0.483072
-0.891101 -0.803704 0.77827 -0.486759
-0.890596 -0.804263 0.775614 -0.490434
-0.89009 -0.804823 0.77294 -0.494097
-0.889584 -0.805382 0.770246 -0.497747
-0.889078 -0.805941 0.767534 -0.501385
-0.888571 -0.806499 0.764804 -0.50501
-0.888065 -0.807057 0.762055 -0.508622
-0.887557 -0.807615 0.759288 -0.512222
-0.88705 -0.808173 0.756503 -0.515808
-0.886542 -0.80873 0.753699 -0.519382
-0.886033 -0.809287 0.750877 -0.522942
-0.885525 -0.809843 0.748037 -0.52649
-0.885016 -0.810399 0.745179 -0.530023
-0.884506 -0.810955 0.742303 -0.533544
-0.883997 -0.811511 0.739409 -0.53705
-0.883487 -0.812066 0.736497 -0.540544
-0.882976 -0.812621 0.733567 -0.544023
-0.882465 -0.813176 0.730619 -0.547488
-0.881954 -0.81373 0.727653 -0.55094
-0.881443 -0.814284 0.72467 -0.554377
-0.880931 -0.814838 0.721669 -0.5578
-0.880419 -0.815391 0.718651 -0.561209
-0.879906 -0.815944 0.715615 -0.564604
-0.879394 -0.816497 0.712562 -0.567984
-0.87888 -0.817049 0.709491 -0.57135
-0.878367 -0.817601 0.706403 -0.5747
-0.877853 -0.818153 0.703298 -0.578036
-0.877339 -0.818704 0.700176 -0.581358
-0.876824 -0.819255 0.697036 -0.584664
-0.876309 -0.819806 0.69388 -0.587955
-0.875794 -0.820357 0.690706 -0.591231
-0.875278 -0.820907 0.687516 -0.594491
-0.874762 -0.821457 0.684309 -0.597737
-0.874246 -0.822006 0.681085 -0.600967
-0.873729 -0.822555 0.677844 -0.604181
-0.873212 -0.823104 0.674587 -0.607379
-0.872695 -0.823652 0.671313 -0.610562
-0.872177 -0.824201 0.668023 -0.613729
-0.871659 -0.824748 0.664716 -0.61688
-0.871141 -0.825296 0.661393 -0.620015
-0.870622 -0.825843 0.658054 -0.623134
-0.870103 -0.82639 0.654698 -0.626236
-0.869584 -0.826937 0.651327 -0.629322
-0.869064 -0.827483 0.647939 -0.632392
-0.868544 -0.828029 0.644536 -0.635445
-0.868023 -0.828574 0.641117 -0.638482
-0.867503 -0.829119 0.637681 -0.641502
-0.866982 -0.829664 0.634231 -0.644505
-0.86646 -0.830209 0.630764 -0.647491
-0.865938 -0.830753 0.627282 -0.65046
-0.865416 -0.831297 0.623784 -0.653412
-0.864894 -0.831841 0.620271 -0.656347
-0.864371 -0.832384 0.616743 -0.659265
-0.863848 -0.832927 0.6132 -0.662165
-0.863324 -0.83347 0.609641 -0.665048
-0.8628 -0.834012 0.606067 -0.667913
-0.862276 -0.834554 0.602479 -0.670761
-0.861752 -0.835095 0.598875 -0.673591
-0.861227 -0.835637 0.595257 -0.676403
-0.860701 -0.836178 0.591624 -0.679197
-0.860176 -0.836718 0.587976 -0.681973
-0.85965 -0.837259 0.584313 -0.684731
-0.859124 -0.837799 0.580637 -0.687471
-0.858597 -0.838338 0.576945 -0.690193
-0.85807 -0.838877 0.57324 -0.692896
-0.857543 -0.839416 0.56952 -0.695581
-0.857015 -0.839955 0.565786 -0.698248
-0.856488 -0.840493 0.562038 -0.700896
-0.855959 -0.841031 0.558277 -0.703525
-0.855431 -0.841569 0.554501 -0.706135
-0.854902 -0.842106 0.550712 -0.708727
-0.854372 -0.842643 0.546909 -0.711299
-0.853843 -0.84318 0.543092 -0.713853
-0.853313 -0.843716 0.539262 -0.716387
-0.852783 -0.844252 0.535418 -0.718903
-0.852252 -0.844788 0.531561 -0.721399
-0.851721 -0.845323 0.527691 -0.723875
-0.85119 -0.845858 0.523808 -0.726333
-0.850658 -0.846393 0.519912 -0.728771
-0.850126 -0.846927 0.516003 -0.731189
-0.849594 -0.847461 0.512081 -0.733587
-0.849061 -0.847995 0.508147 -0.735966
-0.848528 -0.848528 0.5042 -0.738325
-0.847995 -0.849061 0.50024 -0.740664
-0.847461 -0.849594 0.496268 -0.742983
-0.846927 -0.850126 0.492283 -0.745282
-0.846393 -0.850658 0.488287 -0.747561
-0.845858 -0.85119 0.484278 -0.749819
-0.845323 -0.851721 0.480257 -0.752058
-0.844788 -0.852252 0.476224 -0.754276
-0.844252 -0.852783 0.47218 -0.756473
-0.843716 -0.853313 0.468124 -0.75865
-0.84318 -0.853843 0.464056 -0.760807
-0.842643 -0.854372 0.459976 -0.762943
-0.842106 -0.854902 0.455885 -0.765058
-0.841569 -0.855431 0.451783 -0.767152
-0.841031 -0.855959 0.44767 -0.769225
-0.840493 -0.856488 0.443546 -0.771278
-0.839955 -0.857015 0.43941 -0.773309
-0.839416 -0.857543 0.435264 -0.77532
-0.838877 -0.85807 0.431107 -0.777309
-0.838338 -0.858597 0.426939 -0.779277
-0.837799 -0.859124 0.422761 -0.781224
-0.837259 -0.85965 0.418572 -0.783149
-0.836718 -0.860176 0.414373 -0.785053
-0.836178 -0.860701 0.410164 -0.786935
-0.835637 -0.861227 0.405944 -0.788796
-0.835095 -0.861752 0.401715 -0.790635
-0.834554 -0.862276 0.397475 -0.792453
-0.834012 -0.8628 0.393226 -0.794249
-0.83347 -0.863324 0.388967 -0.796023
-0.832927 -0.863848 0.384699 -0.797775
-0.832384 -0.864371 0.380421 -0.799505
-0.831841 -0.864894 0.376134 -0.801213
-0.831297 -0.865416 0.371837 -0.802899
-0.830753 -0.865938 0.367532 -0.804563
-0.830209 -0.86646 0.363217 -0.806205
-0.829664 -0.866982 0.358894 -0.807824
-0.829119 -0.867503 0.354561 -0.809422
-0.828574 -0.868023 0.35022 -0.810997
-0.828029 -0.868544 0.345871 -0.812549
-0.827483 -0.869064 0.341513 -0.814079
-0.826937 -0.869584 0.337147 -0.815586
-0.82639 -0.870103 0.332772 -0.817071
-0.825843 -0.870622 0.32839 -0.818533
-0.825296 -0.871141 0.323999 -0.819973
-0.824748 -0.871659 0.319601 -0.82139
-0.824201 -0.872177 0.315195 -0.822784
-0.823652 -0.872695 0.310781 -0.824155
-0.823104 -0.873212 0.30636 -0.825503
-0.822555 -0.873729 0.301931 -0.826828
-0.822006 -0.874246 0.297496 -0.82813
-0.821457 -0.874762 0.293053 -0.829409
-0.820907 -0.875278 0.288603 -0.830665
-0.820357 -0.875794 0.284146 -0.831898
-0.819806 -0.876309 0.279682 -0.833108
-0.819255 -0.876824 0.275212 -0.834294
-0.818704 -0.877339 0.270735 -0.835457
-0.818153 -0.877853 0.266252 -0.836597
-0.817601 -0.878367 0.261763 -0.837713
-0.817049 -0.87888 0.257267 -0.838806
-0.816497 -0.879394 0.252765 -0.839876
-0.815944 -0.879906 0.248258 -0.840922
-0.815391 -0.880419 0.243744 -0.841944
-0.814838 -0.880931 0.239225 -0.842943
-0.814284 -0.881443 0.234701 -0.843918
-0.81373 -0.881954 0.230171 -0.844869
-0.813176 -0.882465 0.225636 -0.845796
-0.812621 -0.882976 0.221095 -0.8467
-0.812066 -0.883487 0.21655 -0.84758
-0.811511 -0.883997 0.211999 -0.848436
-0.810955 -0.884506 0.207444 -0.849268
-0.810399 -0.885016 0.202884 -0.850077
-0.809843 -0.885525 0.19832 -0.850861
-0.809287 -0.886033 0.193751 -0.851621
-0.80873 -0.886542 0.189178 -0.852358
-0.808173 -0.88705 0.184601 -0.85307
-0.807615 -0.887557 0.18002 -0.853758
-0.807057 -0.888065 0.175435 -0.854422
-0.806499 -0.888571 0.170846 -0.855062
-0.805941 -0.889078 0.166253 -0.855677
-0.805382 -0.889584 0.161657 -0.856269
-0.804823 -0.89009 0.157058 -0.856836
-0.804263 -0.890596 0.152455 -0.857379
-0.803704 -0.891101 0.14785 -0.857897
-0.803143 -0.891606 0.143241 -0.858391
-0.802583 -0.89211 0.138629 -0.858861
-0.802022 -0.892614 0.134015 -0.859306
-0.801461 -0.893118 0.129398 -0.859727
-0.8009 -0.893621 0.124779 -0.860124
-0.800338 -0.894124 0.120157 -0.860496
-0.799777 -0.894627 0.115533 -0.860843
-0.799214 -0.895129 0.110908 -0.861166
-0.798652 -0.895631 0.10628 -0.861465
-0.798089 -0.896133 0.10165 -0.861739
-0.797526 -0.896634 0.0970188 -0.861988
-0.796962 -0.897135 0.092386 -0.862213
-0.796398 -0.897636 0.0877517 -0.862413
-0.795834 -0.898136 0.0831162 -0.862588
-0.79527 -0.898636 0.0784796 -0.862739
-0.794705 -0.899135 0.073842 -0.862865
-0.79414 -0.899634 0.0692035 -0.862967
-0.793574 -0.900133 0.0645642 -0.863044
-0.793009 -0.900632 0.0599244 -0.863096
-0.792442 -0.90113 0.0552841 -0.863123
-0.791876 -0.901628 0.0506435 -0.863125
-0.791309 -0.902125 0.0460027 -0.863103
-0.790742 -0.902622 0.0413618 -0.863056
-0.790175 -0.903119 0.036721 -0.862984
-0.789608 -0.903615 0.0320804 -0.862888
-0.78904 -0.904111 0.0274401 -0.862767
-0.788471 -0.904606 0.0228004 -0.86262
-0.787903 -0.905102 0.0181612 -0.86245
-0.787334 -0.905597 0.0135228 -0.862254
-0.786765 -0.906091 0.00888534 -0.862033
-0.786195 -0.906585 0.00424885 -0.861788
-0.785626 -0.907079 -0.000386466 -0.861517
-0.785056 -0.907572 -0.00502049 -0.861222
-0.784485 -0.908066 -0.00965308 -0.860902
-0.783914 -0.908558 -0.0142841 -0.860558
-0.783343 -0.909051 -0.0189134 -0.860188
-0.782772 -0.909543 -0.0235409 -0.859793
-0.7822 -0.910034 -0.0281664 -0.859374
-0.781629 -0.910526 -0.0327898 -0.85893
-0.781056 -0.911017 -0.0374109 -0.858461
-0.780484 -0.911507 -0.0420297 -0.857967
-0.779911 -0.911997 -0.0466459 -0.857448
-0.779338 -0.912487 -0.0512594 -0.856905
-0.778764 -0.912977 -0.0558702 -0.856337
-0.77819 -0.913466 -0.060478 -0.855743
-0.777616 -0.913955 -0.0650827 -0.855125
-0.777042 -0.914443 -0.0696843 -0.854483
-0.776467 -0.914931 -0.0742824 -0.853815
-0.775892 -0.915419 -0.0788771 -0.853123
-0.775317 -0.915906 -0.0834682 -0.852406
-0.774741 -0.916393 -0.0880555 -0.851664
-0.774165 -0.91688 -0.0926389 -0.850897
-0.773589 -0.917366 -0.0972183 -0.850106
-0.773012 -0.917852 -0.101794 -0.849289
-0.772436 -0.918337 -0.106364 -0.848449
-0.771858 -0.918822 -0.110931 -0.847583
-0.771281 -0.919307 -0.115493 -0.846693
-0.770703 -0.919792 -0.12005 -0.845778
-0.770125 -0.920276 -0.124602 -0.844838
-0.769547 -0.920759 -0.129149 -0.843874
-0.768968 -0.921243 -0.133692 -0.842885
-0.768389 -0.921726 -0.138228 -0.841872
-0.76781 -0.922208 -0.14276 -0.840834
-0.76723 -0.922691 -0.147286 -0.839771
-0.76665 -0.923172 -0.151806 -0.838684
-0.76607 -0.923654 -0.15632 -0.837572
-0.76549 -0.924135 -0.160829 -0.836436
-0.764909 -0.924616 -0.165331 -0.835276
-0.764328 -0.925096 -0.169827 -0.834091
-0.763746 -0.925576 -0.174317 -0.832881
-0.763165 -0.926056 -0.1788 -0.831647
-0.762583 -0.926535 -0.183277 -0.830389
-0.762 -0.927014 -0.187747 -0.829107
-0.761418 -0.927493 -0.19221 -0.8278
-0.760835 -0.927971 -0.196666 -0.826469
-0.760252 -0.928449 -0.201114 -0.825113
-0.759668 -0.928927 -0.205556 -0.823734
-0.759084 -0.929404 -0.20999 -0.82233
-0.7585 -0.92988 -0.214416 -0.820902
-0.757916 -0.930357 -0.218834 -0.81945
-0.757331 -0.930833 -0.223245 -0.817974
-0.756746 -0.931309 -0.227648 -0.816474
-0.756161 -0.931784 -0.232042 -0.81495
-0.755575 -0.932259 -0.236429 -0.813401
-0.754989 -0.932733 -0.240806 -0.811829
-0.754403 -0.933207 -0.245176 -0.810233
-0.753816 -0.933681 -0.249536 -0.808614
-0.75323 -0.934155 -0.253888 -0.80697
-0.752643 -0.934628 -0.258231 -0.805303
-0.752055 -0.935101 -0.262565 -0.803611
-0.751467 -0.935573 -0.266889 -0.801897
-0.750879 -0.936045 -0.271204 -0.800158
-0.750291 -0.936516 -0.27551 -0.798396
-0.749703 -0.936988 -0.279806 -0.79661
-0.749114 -0.937459 -0.284092 -0.794801
-0.748525 -0.937929 -0.288369 -0.792969
-0.747935 -0.938399 -0.292635 -0.791113
-0.747345 -0.938869 -0.296891 -0.789233
-0.746755 -0.939338 -0.301137 -0.787331
-0.746165 -0.939807 -0.305373 -0.785405
-0.745574 -0.940276 -0.309597 -0.783456
-0.744983 -0.940744 -0.313812 -0.781483
-0.744392 -0.941212 -0.318015 -0.779488
-0.743801 -0.94168 -0.322208 -0.777469
-0.743209 -0.942147 -0.326389 -0.775428
-0.742617 -0.942614 -0.330559 -0.773363
-0.742024 -0.94308 -0.334718 -0.771276
-0.741432 -0.943546 -0.338865 -0.769165
-0.740839 -0.944012 -0.343001 -0.767032
-0.740245 -0.944477 -0.347125 -0.764877
-0.739652 -0.944942 -0.351237 -0.762698
-0.739058 -0.945407 -0.355337 -0.760497
-0.738464 -0.945871 -0.359425 -0.758274
-0.737869 -0.946335 -0.363501 -0.756028
-0.737274 -0.946798 -0.367564 -0.753759
-0.736679 -0.947261 -0.371615 -0.751468
-0.736084 -0.947724 -0.375653 -0.749155
-0.735488 -0.948186 -0.379678 -0.74682
-0.734893 -0.948648 -0.383691 -0.744462
-0.734296 -0.94911 -0.38769 -0.742082
-0.7337 -0.949571 -0.391676 -0.739681
-0.733103 -0.950032 -0.395649 -0.737257
-0.732506 -0.950492 -0.399609 -0.734811
-0.731909 -0.950952 -0.403555 -0.732344
-0.731311 -0.951412 -0.407487 -0.729855
-0.730713 -0.951871 -0.411406 -0.727344
-0.730115 -0.95233 -0.41531 -0.724811
-0.729516 -0.952788 -0.419201 -0.722257
-0.728918 -0.953247 -0.423077 -0.719682
-0.728318 -0.953704 -0.42694 -0.717085
-0.727719 -0.954162 -0.430787 -0.714466
-0.727119 -0.954619 -0.43462 -0.711827
-0.726519 -0.955076 -0.438439 -0.709166
-0.725919 -0.955532 -0.442243 -0.706484
-0.725319 -0.955988 -0.446032 -0.703781
-0.724718 -0.956443 -0.449805 -0.701058
-0.724117 -0.956899 -0.453564 -0.698313
-0.723515 -0.957353 -0.457307 -0.695547
-0.722914 -0.957808 -0.461035 -0.692761
-0.722312 -0.958262 -0.464748 -0.689954
-0.72171 -0.958715 -0.468445 -0.687127
-0.721107 -0.959169 -0.472126 -0.684279
-0.720504 -0.959622 -0.475791 -0.681411
-0.719901 -0.960074 -0.47944 -0.678522
-0.719298 -0.960526 -0.483073 -0.675613
-0.718694 -0.960978 -0.48669 -0.672684
-0.71809 -0.961429 -0.490291 -0.669735
-0.717486 -0.96188 -0.493875 -0.666766
-0.716881 -0.962331 -0.497442 -0.663778
-0.716277 -0.962781 -0.500993 -0.660769
-0.715672 -0.963231 -0.504527 -0.657741
-0.715066 -0.963681 -0.508044 -0.654693
-0.714461 -0.96413 -0.511544 -0.651625
-0.713855 -0.964578 -0.515027 -0.648538
-0.713248 -0.965027 -0.518493 -0.645432
-0.712642 -0.965475 -0.521941 -0.642307
-0.712035 -0.965922 -0.525372 -0.639162
-0.711428 -0.966369 -0.528785 -0.635999
-0.710821 -0.966816 -0.53218 -0.632816
-0.710213 -0.967263 -0.535558 -0.629615
-0.709605 -0.967709 -0.538917 -0.626394
-0.708997 -0.968154 -0.542259 -0.623155
-0.708389 -0.9686 -0.545582 -0.619898
-0.70778 -0.969045 -0.548887 -0.616622
-0.707171 -0.969489 -0.552174 -0.613328
-0.706562 -0.969933 -0.555442 -0.610015
-0.705952 -0.970377 -0.558692 -0.606684
-0.705342 -0.97082 -0.561923 -0.603335
-0.704732 -0.971263 -0.565135 -0.599968
-0.704122 -0.971706 -0.568328 -0.596584
-0.703511 -0.972148 -0.571502 -0.593181
-0.7029 -0.97259 -0.574657 -0.589761
-0.702289 -0.973031 -0.577793 -0.586323
-0.701677 -0.973473 -0.58091 -0.582868
-0.701066 -0.973913 -0.584007 -0.579395
-0.700454 -0.974354 -0.587084 -0.575906
-0.699841 -0.974793 -0.590142 -0.572399
-0.699229 -0.975233 -0.59318 -0.568875
-0.698616 -0.975672 -0.596198 -0.565334
-0.698003 -0.976111 -0.599197 -0.561776
-0.697389 -0.976549 -0.602175 -0.558201
-0.696775 -0.976987 -0.605133 -0.55461
-0.696161 -0.977425 -0.608071 -0.551003
-0.695547 -0.977862 -0.610988 -0.547379
-0.694933 -0.978299 -0.613885 -0.543739
-0.694318 -0.978735 -0.616762 -0.540082
-0.693703 -0.979171 -0.619617 -0.53641
-0.693087 -0.979607 -0.622453 -0.532722
-0.692472 -0.980042 -0.625267 -0.529017
-0.691856 -0.980477 -0.62806 -0.525298
-0.691239 -0.980912 -0.630833 -0.521562
-0.690623 -0.981346 -0.633584 -0.517811
-0.690006 -0.98178 -0.636314 -0.514045
-0.689389 -0.982213 -0.639022 -0.510264
-0.688772 -0.982646 -0.64171 -0.506467
-0.688154 -0.983079 -0.644376 -0.502655
-0.687537 -0.983511 -0.64702 -0.498829
-0.686919 -0.983943 -0.649642 -0.494988
-0.6863 -0.984374 -0.652243 -0.491132
-0.685682 -0.984805 -0.654822 -0.487261
-0.685063 -0.985236 -0.657379 -0.483377
-0.684443 -0.985666 -0.659915 -0.479477
-0.683824 -0.986096 -0.662428 -0.475564
-0.683204 -0.986525 -0.664918 -0.471637
-0.682584 -0.986954 -0.667387 -0.467696
-0.681964 -0.987383 -0.669833 -0.463741
-0.681344 -0.987811 -0.672257 -0.459772
-0.680723 -0.988239 -0.674658 -0.45579
-0.680102 -0.988667 -0.677037 -0.451795
-0.67948 -0.989094 -0.679393 -0.447786
-0.678859 -0.98952 -0.681726 -0.443764
-0.678237 -0.989947 -0.684036 -0.439729
-0.677615 -0.990373 -0.686324 -0.435681
-0.676992 -0.990798 -0.688588 -0.43162
-0.67637 -0.991224 -0.690829 -0.427547
-0.675747 -0.991648 -0.693048 -0.423461
-0.675124 -0.992073 -0.695243 -0.419363
-0.6745 -0.992497 -0.697414 -0.415252
-0.673876 -0.99292 -0.699562 -0.41113
-0.673252 -0.993344 -0.701687 -0.406995
-0.672628 -0.993766 -0.703789 -0.402849
-0.672004 -0.994189 -0.705866 -0.398691
-0.671379 -0.994611 -0.70792 -0.394521
-0.670754 -0.995032 -0.709951 -0.39034
-0.670128 -0.995454 -0.711957 -0.386147
-0.669503 -0.995875 -0.71394 -0.381944
-0.668877 -0.996295 -0.715898 -0.377729
-0.668251 -0.996715 -0.717833 -0.373503
-0.667624 -0.997135 -0.719743 -0.369267
-0.666998 -0.997554 -0.72163 -0.365019
-0.666371 -0.997973 -0.723492 -0.360762
-0.665744 -0.998391 -0.72533 -0.356494
-0.665116 -0.99881 -0.727143 -0.352216
-0.664488 -0.999227 -0.728932 -0.347927
-0.663861 -0.999645 -0.730697 -0.343629
-0.663232 -1.00006 -0.732437 -0.339321
-0.662604 -1.00048 -0.734152 -0.335003
-0.661975 -1.00089 -0.735843 -0.330675
-0.661346 -1.00131 -0.737509 -0.326339
-0.660717 -1.00173 -0.73915 -0.321993
-0.660087 -1.00214 -0.740767 -0.317637
-0.659457 -1.00255 -0.742358 -0.313273
-0.658827 -1.00297 -0.743925 -0.3089
-0.658197 -1.00338 -0.745467 -0.304519
-0.657566 -1.0038 -0.746983 -0.300128
-0.656936 -1.00421 -0.748475 -0.29573
-0.656305 -1.00462 -0.749941 -0.291323
-0.655673 -1.00503 -0.751382 -0.286908
-0.655042 -1.00545 -0.752798 -0.282485
-0.65441 -1.00586 -0.754188 -0.278054
-0.653778 -1.00627 -0.755553 -0.273615
-0.653145 -1.00668 -0.756893 -0.269169
-0.652513 -1.00709 -0.758207 -0.264715
-0.65188 -1.0075 -0.759496 -0.260255
-0.651247 -1.00791 -0.760759 -0.255787
-0.650613 -1.00832 -0.761996 -0.251312
-0.649979 -1.00873 -0.763208 -0.24683
-0.649346 -1.00913 -0.764394 -0.242342
-0.648711 -1.00954 -0.765555 -0.237847
-0.648077 -1.00995 -0.766689 -0.233345
-0.647442 -1.01036 -0.767798 -0.228838
-0.646807 -1.01076 -0.768881 -0.224324
-0.646172 -1.01117 -0.769938 -0.219805
-0.645537 -1.01157 -0.770969 -0.215279
-0.644901 -1.01198 -0.771974 -0.210748
-0.644265 -1.01238 -0.772954 -0.206212
-0.643629 -1.01279 -0.773907 -0.20167
-0.642992 -1.01319 -0.774834 -0.197123
-0.642355 -1.0136 -0.775734 -0.192571
-0.641718 -1.014 -0.776609 -0.188014
-0.641081 -1.0144 -0.777458 -0.183452
-0.640444 -1.01481 -0.77828 -0.178886
-0.639806 -1.01521 -0.779076 -0.174315
-0.639168 -1.01561 -0.779846 -0.16974
-0.63853 -1.01601 -0.780589 -0.165161
-0.637891 -1.01641 -0.781306 -0.160578
-0.637252 -1.01681 -0.781997 -0.155991
-0.636613 -1.01721 -0.782661 -0.151401
-0.635974 -1.01761 -0.783299 -0.146807
-0.635335 -1.01801 -0.783911 -0.142209
-0.634695 -1.01841 -0.784496 -0.137608
-0.634055 -1.01881 -0.785054 -0.133005
-0.633415 -1.01921 -0.785586 -0.128398
-0.632774 -1.01961 -0.786092 -0.123788
-0.632133 -1.02 -0.78657 -0.119176
-0.631492 -1.0204 -0.787023 -0.114562
-0.630851 -1.0208 -0.787449 -0.109945
-0.63021 -1.02119 -0.787848 -0.105326
-0.629568 -1.02159 -0.78822 -0.100705
-0.628926 -1.02198 -0.788566 -0.096082
-0.628284 -1.02238 -0.788885 -0.0914575
-0.627641 -1.02277 -0.789178 -0.0868315
-0.626998 -1.02317 -0.789444 -0.0822041
-0.626355 -1.02356 -0.789683 -0.0775755
-0.625712 -1.02396 -0.789895 -0.0729458
-0.625069 -1.02435 -0.790081 -0.0683152
-0.624425 -1.02474 -0.79024 -0.0636838
-0.623781 -1.02513 -0.790372 -0.0590519
-0.623137 -1.02552 -0.790478 -0.0544195
-0.622492 -1.02592 -0.790557 -0.0497868
-0.621847 -1.02631 -0.790609 -0.045154
-0.621202 -1.0267 -0.790634 -0.0405212
-0.620557 -1.02709 -0.790632 -0.0358886
-0.619912 -1.02748 -0.790604 -0.0312563
-0.619266 -1.02787 -0.790549 -0.0266245
-0.61862 -1.02826 -0.790467 -0.0219933
-0.617974 -1.02864 -0.790359 -0.017363
-0.617327 -1.02903 -0.790223 -0.0127336
-0.616681 -1.02942 -0.790061 -0.00810535
-0.616034 -1.02981 -0.789872 -0.00347836
-0.615387 -1.03019 -0.789657 0.00114721
-0.614739 -1.03058 -0.789414 0.00577119
-0.614092 -1.03097 -0.789145 0.0103934
-0.613444 -1.03135 -0.788849 0.0150138
-0.612796 -1.03174 -0.788527 0.0196321
-0.612147 -1.03212 -0.788177 0.0242482
-0.611499 -1.03251 -0.787801 0.0288619
-0.61085 -1.03289 -0.787399 0.0334731
-0.610201 -1.03327 -0.786969 0.0380816
-0.609551 -1.03366 -0.786513 0.0426873
-0.608902 -1.03404 -0.78603 0.04729
-0.608252 -1.03442 -0.785521 0.0518895
-0.607602 -1.0348 -0.784985 0.0564858
-0.606951 -1.03519 -0.784422 0.0610785
-0.606301 -1.03557 -0.783832 0.0656677
-0.60565 -1.03595 -0.783216 0.0702531
-0.604999 -1.03633 -0.782574 0.0748346
-0.604348 -1.03671 -0.781905 0.079412
-0.603696 -1.03709 -0.781209 0.0839851
-0.603045 -1.03747 -0.780487 0.0885539
-0.602393 -1.03785 -0.779738 0.0931181
-0.60174 -1.03822 -0.778963 0.0976776
-0.601088 -1.0386 -0.778162 0.102232
-0.600435 -1.03898 -0.777334 0.106782
-0.599782 -1.03936 -0.776479 0.111326
-0.599129 -1.03973 -0.775598 0.115865
-0.598476 -1.04011 -0.774691 0.120399
-0.597822 -1.04048 -0.773758 0.124927
-0.597168 -1.04086 -0.772798 0.129449
-0.596514 -1.04124 -0.771812 0.133966
-0.59586 -1.04161 -0.7708 0.138476
-0.595205 -1.04198 -0.769762 0.14298
-0.59455 -1.04236 -0.768697 0.147477
-0.593895 -1.04273 -0.767607 0.151968
-0.59324 -1.0431 -0.76649 0.156452
-0.592585 -1.04348 -0.765347 0.16093
-0.591929 -1.04385 -0.764178 0.1654
-0.591273 -1.04422 -0.762984 0.169863
-0.590617 -1.04459 -0.761763 0.174319
-0.58996 -1.04496 -0.760516 0.178767
-0.589303 -1.04533 -0.759244 0.183208
-0.588647 -1.0457 -0.757946 0.187641
-0.587989 -1.04607 -0.756622 0.192066
-0.587332 -1.04644 -0.755272 0.196482
-0.586674 -1.04681 -0.753897 0.200891
-0.586017 -1.04718 -0.752495 0.205291
-0.585358 -1.04755 -0.751069 0.209683
-0.5847 -1.04791 -0.749617 0.214066
-0.584042 -1.04828 -0.748139 0.21844
-0.583383 -1.04865 -0.746636 0.222805
-0.582724 -1.04902 -0.745107 0.227161
-0.582065 -1.04938 -0.743553 0.231507
-0.581405 -1.04975 -0.741974 0.235845
-0.580745 -1.05011 -0.74037 0.240172
-0.580086 -1.05048 -0.73874 0.24449
-0.579425 -1.05084 -0.737086 0.248798
-0.578765 -1.0512 -0.735406 0.253096
-0.578104 -1.05157 -0.733701 0.257383
-0.577444 -1.05193 -0.731971 0.26166
-0.576783 -1.05229 -0.730216 0.265927
-0.576121 -1.05266 -0.728437 0.270183
-0.57546 -1.05302 -0.726633 0.274429
-0.574798 -1.05338 -0.724804 0.278663
-0.574136 -1.05374 -0.72295 0.282886
-0.573474 -1.0541 -0.721072 0.287098
-0.572811 -1.05446 -0.719169 0.291299
-0.572149 -1.05482 -0.717242 0.295488
-0.571486 -1.05518 -0.71529 0.299666
-0.570823 -1.05554 -0.713314 0.303832
-0.570159 -1.0559 -0.711313 0.307985
-0.569496 -1.05625 -0.709289 0.312127
-0.568832 -1.05661 -0.70724 0.316256
-0.568168 -1.05697 -0.705168 0.320373
-0.567504 -1.05733 -0.703071 0.324478
-0.566839 -1.05768 -0.70095 0.328569
-0.566175 -1.05804 -0.698806 0.332648
-0.56551 -1.05839 -0.696637 0.336714
-0.564845 -1.05875 -0.694445 0.340767
-0.564179 -1.0591 -0.69223 0.344807
-0.563514 -1.05946 -0.689991 0.348833
-0.562848 -1.05981 -0.687728 0.352845
-0.562182 -1.06017 -0.685442 0.356844
-0.561516 -1.06052 -0.683133 0.36083
-0.560849 -1.06087 -0.6808 0.364801
-0.560183 -1.06122 -0.678444 0.368758
-0.559516 -1.06158 -0.676065 0.372701
-0.558849 -1.06193 -0.673664 0.37663
-0.558181 -1.06228 -0.671239 0.380544
-0.557514 -1.06263 -0.668791 0.384443
-0.556846 -1.06298 -0.666321 0.388328
-0.556178 -1.06333 -0.663828 0.392197
-0.55551 -1.06368 -0.661312 0.396052
-0.554841 -1.06403 -0.658774 0.399892
-0.554173 -1.06437 -0.656214 0.403716
-0.553504 -1.06472 -0.653631 0.407525
-0.552835 -1.06507 -0.651026 0.411318
-0.552165 -1.06542 -0.648399 0.415095
-0.551496 -1.06576 -0.64575 0.418857
-0.550826 -1.06611 -0.643078 0.422603
-0.550156 -1.06646 -0.640386 0.426332
-0.549486 -1.0668 -0.637671 0.430045
-0.548816 -1.06715 -0.634934 0.433742
-0.548145 -1.06749 -0.632176 0.437423
-0.547474 -1.06784 -0.629397 0.441087
-0.546803 -1.06818 -0.626596 0.444734
-0.546132 -1.06852 -0.623774 0.448364
-0.54546 -1.06887 -0.620931 0.451977
-0.544789 -1.06921 -0.618066 0.455573
-0.544117 -1.06955 -0.615181 0.459152
-0.543445 -1.06989 -0.612274 0.462713
-0.542772 -1.07023 -0.609347 0.466257
-0.5421 -1.07057 -0.6064 0.469783
-0.541427 -1.07091 -0.603431 0.473291
-0.540754 -1.07125 -0.600442 0.476782
-0.540081 -1.07159 -0.597433 0.480254
-0.539407 -1.07193 -0.594404 0.483709
-0.538734 -1.07227 -0.591354 0.487145
-0.53806 -1.07261 -0.588285 0.490562
-0.537386 -1.07295 -0.585195 0.493962
-0.536712 -1.07329 -0.582085 0.497342
-0.536037 -1.07362 -0.578956 0.500704
-0.535362 -1.07396 -0.575807 0.504047
-0.534688 -1.07429 -0.572639 0.507371
-0.534012 -1.07463 -0.569451 0.510676
-0.533337 -1.07497 -0.566244 0.513962
-0.532662 -1.0753 -0.563018 0.517228
-0.531986 -1.07564 -0.559773 0.520475
-0.53131 -1.07597 -0.556509 0.523702
-0.530634 -1.0763 -0.553226 0.52691
-0.529957 -1.07664 -0.549924 0.530098
-0.529281 -1.07697 -0.546604 0.533266
-0.528604 -1.0773 -0.543265 0.536414
-0.527927 -1.07763 -0.539908 0.539542
-0.52725 -1.07796 -0.536532 0.54265
-0.526572 -1.0783 -0.533139 0.545737
-0.525895 -1.07863 -0.529727 0.548804
-0.525217 -1.07896 -0.526298 0.55185
-0.524539 -1.07929 -0.522851 0.554876
-0.523861 -1.07962 -0.519386 0.557881
-0.523182 -1.07994 -0.515904 0.560865
-0.522504 -1.08027 -0.512404 0.563828
-0.521825 -1.0806 -0.508887 0.56677
-0.521146 -1.08093 -0.505353 0.56969
-0.520466 -1.08126 -0.501801 0.57259
-0.519787 -1.08158 -0.498233 0.575468
-0.519107 -1.08191 -0.494649 0.578324
-0.518427 -1.08224 -0.491047 0.581159
-0.517747 -1.08256 -0.487429 0.583973
-0.517067 -1.08289 -0.483795 0.586764
-0.516386 -1.08321 -0.480144 0.589534
-0.515706 -1.08353 -0.476477 0.592281
-0.515025 -1.08386 -0.472794 0.595006
-0.514344 -1.08418 -0.469096 0.59771
-0.513662 -1.0845 -0.465381 0.600391
-0.512981 -1.08483 -0.461651 0.603049
-0.512299 -1.08515 -0.457906 0.605685
-0.511617 -1.08547 -0.454145 0.608299
-0.510935 -1.08579 -0.450369 0.610889
-0.510253 -1.08611 -0.446578 0.613457
-0.50957 -1.08643 -0.442772 0.616003
-0.508888 -1.08675 -0.438951 0.618525
-0.508205 -1.08707 -0.435115 0.621024
-0.507522 -1.08739 -0.431265 0.6235
-0.506838 -1.08771 -0.427401 0.625953
-0.506155 -1.08803 -0.423522 0.628383
-0.505471 -1.08835 -0.419629 0.630789
-0.504787 -1.08866 -0.415722 0.633172
-0.504103 -1.08898 -0.411802 0.635531
-0.503419 -1.0893 -0.407868 0.637866
-0.502734 -1.08961 -0.40392 0.640178
-0.502049 -1.08993 -0.399958 0.642466
-0.501364 -1.09024 -0.395984 0.644731
-0.500679 -1.09056 -0.391996 0.646971
-0.499994 -1.09087 -0.387995 0.649187
-0.499308 -1.09119 -0.383982 0.651379
-0.498623 -1.0915 -0.379956 0.653547
-0.497937 -1.09181 -0.375917 0.65569
-0.497251 -1.09213 -0.371866 0.657809
-0.496564 -1.09244 -0.367802 0.659904
-0.495878 -1.09275 -0.363727 0.661974
-0.495191 -1.09306 -0.359639 0.66402
-0.494504 -1.09337 -0.35554 0.666041
-0.493817 -1.09368 -0.351429 0.668038
-0.49313 -1.09399 -0.347306 0.670009
-0.492442 -1.0943 -0.343172 0.671956
-0.491755 -1.09461 -0.339027 0.673877
-0.491067 -1.09492 -0.33487 0.675774
-0.490379 -1.09523 -0.330703 0.677646
-0.489691 -1.09554 -0.326525 0.679492
-0.489002 -1.09585 -0.322336 0.681314
-0.488314 -1.09615 -0.318137 0.68311
-0.487625 -1.09646 -0.313928 0.68488
-0.486936 -1.09677 -0.309708 0.686626
-0.486246 -1.09707 -0.305478 0.688346
-0.485557 -1.09738 -0.301239 0.69004
-0.484867 -1.09768 -0.296989 0.691709
-0.484178 -1.09799 -0.29273 0.693352
-0.483488 -1.09829 -0.288462 0.694969
-0.482798 -1.09859 -0.284184 0.696561
-0.482107 -1.0989 -0.279897 0.698127
-0.481417 -1.0992 -0.275602 0.699667
-0.480726 -1.0995 -0.271297 0.701181
-0.480035 -1.0998 -0.266984 0.702669
-0.479344 -1.1001 -0.262662 0.704132
-0.478653 -1.10041 -0.258332 0.705568
-0.477961 -1.10071 -0.253994 0.706978
-0.477269 -1.10101 -0.249648 0.708361
-0.476577 -1.10131 -0.245293 0.709719
-0.475885 -1.1016 -0.240932 0.71105
-0.475193 -1.1019 -0.236562 0.712355
-0.474501 -1.1022 -0.232185 0.713634
-0.473808 -1.1025 -0.227801 0.714886
-0.473115 -1.1028 -0.22341 0.716112
-0.472422 -1.10309 -0.219012 0.717311
-0.471729 -1.10339 -0.214607 0.718483
-0.471036 -1.10369 -0.210196 0.719629
-0.470342 -1.10398 -0.205778 0.720749
-0.469648 -1.10428 -0.201354 0.721842
-0.468954 -1.10457 -0.196923 0.722908
-0.46826 -1.10487 -0.192487 0.723947
-0.467566 -1.10516 -0.188045 0.72496
-0.466872 -1.10546 -0.183597 0.725946
-0.466177 -1.10575 -0.179144 0.726904
-0.465482 -1.10604 -0.174686 0.727836
-0.464787 -1.10633 -0.170222 0.728742
-0.464092 -1.10662 -0.165753 0.72962
-0.463396 -1.10692 -0.16128 0.730471
-0.462701 -1.10721 -0.156802 0.731295
-0.462005 -1.1075 -0.152319 0.732092
-0.461309 -1.10779 -0.147832 0.732862
-0.460613 -1.10808 -0.14334 0.733605
-0.459917 -1.10837 -0.138845 0.734321
-0.45922 -1.10866 -0.134346 0.73501
-0.458523 -1.10894 -0.129843 0.735672
-0.457827 -1.10923 -0.125337 0.736306
-0.45713 -1.10952 -0.120827 0.736913
-0.456432 -1.10981 -0.116314 0.737493
-0.455735 -1.11009 -0.111798 0.738046
-0.455037 -1.11038 -0.107279 0.738572
-0.45434 -1.11066 -0.102758 0.73907
-0.453642 -1.11095 -0.0982334 0.739541
-0.452944 -1.11123 -0.0937068 0.739984
-0.452245 -1.11152 -0.089178 0.740401
-0.451547 -1.1118 -0.0846472 0.740789
-0.450848 -1.11209 -0.0801145 0.741151
-0.450149 -1.11237 -0.07558 0.741485
-0.44945 -1.11265 -0.071044 0.741792
-0.448751 -1.11293 -0.0665065 0.742071
-0.448052 -1.11322 -0.0619679 0.742323
-0.447352 -1.1135 -0.0574282 0.742548
-0.446652 -1.11378 -0.0528875 0.742745
-0.445953 -1.11406 -0.0483461 0.742915
-0.445252 -1.11434 -0.0438042 0.743057
-0.444552 -1.11462 -0.0392618 0.743172
-0.443852 -1.1149 -0.0347192 0.74326
-0.443151 -1.11518 -0.0301766 0.74332
-0.44245 -1.11545 -0.025634 0.743352
-0.441749 -1.11573 -0.0210917 0.743358
-0.441048 -1.11601 -0.0165497 0.743335
-0.440347 -1.11629 -0.0120084 0.743286
-0.439646 -1.11656 -0.00746784 0.743209
-0.438944 -1.11684 -0.00292818 0.743104
-0.438242 -1.11711 0.0016104 0.742972
-0.43754 -1.11739 0.00614773 0.742813
-0.436838 -1.11766 0.0106836 0.742626
-0.436136 -1.11794 0.015218 0.742412
-0.435433 -1.11821 0.0197506 0.74217
-0.43473 -1.11849 0.0242813 0.741902
-0.434028 -1.11876 0.0288099 0.741605
-0.433325 -1.11903 0.0333363 0.741282
-0.432621 -1.1193 0.0378602 0.740931
-0.431918 -1.11957 0.0423816 0.740552
-0.431214 -1.11985 0.0469003 0.740147
-0.430511 -1.12012 0.0514161 0.739714
-0.429807 -1.12039 0.0559288 0.739254
-0.429103 -1.12066 0.0604382 0.738767
-0.428399 -1.12093 0.0649443 0.738252
-0.427694 -1.12119 0.0694468 0.73771
-0.42699 -1.12146 0.0739456 0.737141
-0.426285 -1.12173 0.0784405 0.736545
-0.42558 -1.122 0.0829314 0.735922
-0.424875 -1.12227 0.087418 0.735271
-0.42417 -1.12253 0.0919002 0.734593
-0.423464 -1.1228 0.0963779 0.733889
-0.422759 -1.12306 0.100851 0.733157
-0.422053 -1.12333 0.105319 0.732399
-0.421347 -1.1236 0.109782 0.731613
-0.420641 -1.12386 0.11424 0.7308
-0.419935 -1.12412 0.118693 0.729961
-0.419229 -1.12439 0.12314 0.729094
-0.418522 -1.12465 0.127581 0.728201
-0.417815 -1.12491 0.132016 0.727281
-0.417108 -1.12518 0.136446 0.726334
-0.416401 -1.12544 0.140869 0.72536
-0.415694 -1.1257 0.145286 0.72436
-0.414987 -1.12596 0.149696 0.723333
-0.414279 -1.12622 0.1541 0.722279
-0.413572 -1.12648 0.158497 0.721199
-0.412864 -1.12674 0.162887 0.720092
-0.412156 -1.127 0.16727 0.718959
-0.411447 -1.12726 0.171646 0.717799
-0.410739 -1.12752 0.176014 0.716613
-0.410031 -1.12777 0.180374 0.715401
-0.409322 -1.12803 0.184727 0.714162
-0.408613 -1.12829 0.189072 0.712896
-0.407904 -1.12855 0.193408 0.711605
-0.407195 -1.1288 0.197737 0.710288
-0.406486 -1.12906 0.202056 0.708944
-0.405776 -1.12931 0.206368 0.707574
-0.405066 -1.12957 0.21067 0.706178
-0.404357 -1.12982 0.214964 0.704756
-0.403647 -1.13007 0.219249 0.703309
-0.402936 -1.13033 0.223524 0.701835
-0.402226 -1.13058 0.22779 0.700336
-0.401516 -1.13083 0.232047 0.698811
-0.400805 -1.13109 0.236294 0.69726
-0.400094 -1.13134 0.240531 0.695683
-0.399383 -1.13159 0.244758 0.694081
-0.398672 -1.13184 0.248975 0.692454
-0.397961 -1.13209 0.253182 0.690801
-0.39725 -1.13234 0.257378 0.689122
-0.396538 -1.13259 0.261564 0.687419
-0.395826 -1.13284 0.265738 0.68569
-0.395115 -1.13309 0.269902 0.683935
-0.394403 -1.13333 0.274055 0.682156
-0.39369 -1.13358 0.278197 0.680352
-0.392978 -1.13383 0.282327 0.678522
-0.392266 -1.13408 0.286446 0.676668
-0.391553 -1.13432 0.290553 0.674789
-0.39084 -1.13457 0.294648 0.672885
-0.390127 -1.13481 0.298731 0.670957
-0.389414 -1.13506 0.302803 0.669003
-0.388701 -1.1353 0.306862 0.667026
-0.387987 -1.13555 0.310908 0.665023
-0.387274 -1.13579 0.314942 0.662997
-0.38656 -1.13603 0.318963 0.660946
-0.385846 -1.13628 0.322971 0.65887
-0.385132 -1.13652 0.326967 0.656771
-0.384418 -1.13676 0.330949 0.654647
-0.383704 -1.137 0.334918 0.6525
-0.382989 -1.13724 0.338873 0.650328
-0.382275 -1.13748 0.342815 0.648133
-0.38156 -1.13772 0.346743 0.645914
-0.380845 -1.13796 0.350657 0.643671
-0.38013 -1.1382 0.354557 0.641405
-0.379415 -1.13844 0.358443 0.639115
-0.378699 -1.13868 0.362315 0.636802
-0.377984 -1.13892 0.366172 0.634465
-0.377268 -1.13915 0.370015 0.632105
-0.376552 -1.13939 0.373843 0.629722
-0.375836 -1.13963 0.377655 0.627316
-0.37512 -1.13986 0.381453 0.624887
-0.374404 -1.1401 0.385236 0.622435
-0.373688 -1.14033 0.389004 0.61996
-0.372971 -1.14057 0.392756 0.617463
-0.372254 -1.1408 0.396492 0.614943
-0.371537 -1.14103 0.400213 0.6124
-0.37082 -1.14127 0.403918 0.609835
-0.370103 -1.1415 0.407607 0.607248
-0.369386 -1.14173 0.41128 0.604638
-0.368668 -1.14196 0.414937 0.602006
-0.367951 -1.1422 0.418577 0.599353
-0.367233 -1.14243 0.4222 0.596677
-0.366515 -1.14266 0.425807 0.59398
-0.365797 -1.14289 0.429398 0.591261
-0.365079 -1.14312 0.432971 0.58852
-0.364361 -1.14335 0.436527 0.585758
-0.363642 -1.14358 0.440066 0.582974
-0.362924 -1.1438 0.443588 0.580169
-0.362205 -1.14403 0.447093 0.577343
-0.361486 -1.14426 0.450579 0.574496
-0.360767 -1.14449 0.454049 0.571628
-0.360048 -1.14471 0.4575 0.568739
-0.359329 -1.14494 0.460933 0.565829
-0.358609 -1.14516 0.464348 0.562898
-0.35789 -1.14539 0.467746 0.559947
-0.35717 -1.14561 0.471124 0.556976
-0.35645 -1.14584 0.474485 0.553984
-0.35573 -1.14606 0.477826 0.550972
-0.35501 -1.14628 0.481149 0.54794
-0.354289 -1.14651 0.484454 0.544888
-0.353569 -1.14673 0.487739 0.541817
-0.352848 -1.14695 0.491005 0.538725
-0.352128 -1.14717 0.494252 0.535614
-0.351407 -1.14739 0.49748 0.532483
-0.350686 -1.14761 0.500688 0.529333
-0.349965 -1.14783 0.503877 0.526164
-0.349243 -1.14805 0.507046 0.522975
-0.348522 -1.14827 0.510196 0.519768
-0.3478 -1.14849 0.513325 0.516541
-0.347079 -1.14871 0.516435 0.513296
-0.346357 -1.14893 0.519524 0.510032
-0.345635 -1.14915 0.522594 0.50675
-0.344913 -1.14936 0.525643 0.503449
-0.344191 -1.14958 0.528671 0.50013
-0.343468 -1.1498 0.531679 0.496793
-0.342746 -1.15001 0.534666 0.493437
-0.342023 -1.15023 0.537633 0.490064
-0.3413 -1.15044 0.540578 0.486673
-0.340577 -1.15066 0.543503 0.483264
-0.339854 -1.15087 0.546407 0.479838
-0.339131 -1.15108 0.549289 0.476395
-0.338408 -1.15129 0.55215 0.472934
-0.337684 -1.15151 0.55499 0.469456
-0.336961 -1.15172 0.557808 0.465961
-0.336237 -1.15193 0.560604 0.462449
-0.335513 -1.15214 0.563379 0.45892
-0.334789 -1.15235 0.566132 0.455375
-0.334065 -1.15256 0.568863 0.451814
-0.333341 -1.15277 0.571572 0.448236
-0.332617 -1.15298 0.574259 0.444641
-0.331892 -1.15319 0.576924 0.441031
-0.331167 -1.1534 0.579566 0.437405
-0.330443 -1.15361 0.582186 0.433763
-0.329718 -1.15381 0.584784 0.430105
-0.328993 -1.15402 0.587358 0.426432
-0.328268 -1.15423 0.589911 0.422744
-0.327542 -1.15443 0.59244 0.41904
-0.326817 -1.15464 0.594947 0.415321
-0.326091 -1.15484 0.59743 0.411587
-0.325366 -1.15505 0.599891 0.407839
-0.32464 -1.15525 0.602328 0.404075
-0.323914 -1.15546 0.604742 0.400298
-0.323188 -1.15566 0.607133 0.396505
-0.322462 -1.15586 0.609501 0.392699
-0.321735 -1.15607 0.611844 0.388878
-0.321009 -1.15627 0.614165 0.385044
-0.320282 -1.15647 0.616461 0.381196
-0.319556 -1.15667 0.618734 0.377334
-0.318829 -1.15687 0.620984 0.373458
-0.318102 -1.15707 0.623209 0.369569
-0.317375 -1.15727 0.62541 0.365667
-0.316648 -1.15747 0.627587 0.361752
-0.31592 -1.15767 0.62974 0.357824
-0.315193 -1.15787 0.631869 0.353883
-0.314465 -1.15806 0.633973 0.349929
-0.313738 -1.15826 0.636053 0.345963
-0.31301 -1.15846 0.638109 0.341985
-0.312282 -1.15865 0.64014 0.337994
-0.311554 -1.15885 0.642147 0.333992
-0.310826 -1.15905 0.644129 0.329977
-0.310097 -1.15924 0.646086 0.325951
-0.309369 -1.15944 0.648018 0.321913
-0.30864 -1.15963 0.649925 0.317864
-0.307912 -1.15982 0.651808 0.313804
-0.307183 -1.16002 0.653665 0.309732
-0.306454 -1.16021 0.655498 0.30565
-0.305725 -1.1604 0.657305 0.301556
-0.304996 -1.16059 0.659087 0.297452
-0.304266 -1.16079 0.660844 0.293338
-0.303537 -1.16098 0.662575 0.289213
-0.302808 -1.16117 0.664281 0.285078
-0.302078 -1.16136 0.665962 0.280933
-0.301348 -1.16155 0.667617 0.276778
-0.300618 -1.16174 0.669246 0.272613
-0.299888 -1.16192 0.67085 0.268439
-0.299158 -1.16211 0.672428 0.264255
-0.298428 -1.1623 0.67398 0.260062
-0.297698 -1.16249 0.675507 0.25586
-0.296967 -1.16267 0.677007 0.251649
-0.296236 -1.16286 0.678482 0.247429
-0.295506 -1.16305 0.679931 0.243201
-0.294775 -1.16323 0.681354 0.238964
-0.294044 -1.16342 0.68275 0.234719
-0.293313 -1.1636 0.684121 0.230466
-0.292582 -1.16379 0.685465 0.226204
-0.29185 -1.16397 0.686783 0.221935
-0.291119 -1.16415 0.688075 0.217659
-0.290388 -1.16433 0.689341 0.213374
-0.289656 -1.16452 0.69058 0.209083
-0.288924 -1.1647 0.691793 0.204784
-0.288192 -1.16488 0.69298 0.200478
-0.28746 -1.16506 0.69414 0.196166
-0.286728 -1.16524 0.695273 0.191847
-0.285996 -1.16542 0.69638 0.187521
-0.285264 -1.1656 0.697461 0.183189
-0.284531 -1.16578 0.698514 0.17885
-0.283799 -1.16596 0.699541 0.174506
-0.283066 -1.16614 0.700542 0.170156
-0.282333 -1.16631 0.701515 0.1658
-0.281601 -1.16649 0.702462 0.161438
-0.280868 -1.16667 0.703382 0.157071
-0.280134 -1.16684 0.704276 0.152699
-0.279401 -1.16702 0.705142 0.148322
-0.278668 -1.1672 0.705981 0.14394
-0.277934 -1.16737 0.706794 0.139554
-0.277201 -1.16754 0.70758 0.135162
-0.276467 -1.16772 0.708338 0.130767
-0.275734 -1.16789 0.70907 0.126367
-0.275 -1.16806 0.709775 0.121963
-0.274266 -1.16824 0.710452 0.117555
-0.273532 -1.16841 0.711103 0.113143
-0.272797 -1.16858 0.711726 0.108728
-0.272063 -1.16875 0.712323 0.10431
-0.271329 -1.16892 0.712892 0.0998882
-0.270594 -1.16909 0.713434 0.0954634
-0.26986 -1.16926 0.713949 0.0910357
-0.269125 -1.16943 0.714437 0.0866053
-0.26839 -1.1696 0.714898 0.0821724
-0.267655 -1.16977 0.715331 0.077737
-0.26692 -1.16994 0.715737 0.0732994
-0.266185 -1.1701 0.716116 0.0688598
-0.26545 -1.17027 0.716468 0.0644183
-0.264714 -1.17044 0.716793 0.059975
-0.263979 -1.1706 0.71709 0.0555302
-0.263243 -1.17077 0.71736 0.051084
-0.262508 -1.17094 0.717603 0.0466366
-0.261772 -1.1711 0.717818 0.0421881
-0.261036 -1.17126 0.718007 0.0377387
-0.2603 -1.17143 0.718168 0.0332886
-0.259564 -1.17159 0.718301 0.0288379
-0.258828 -1.17175 0.718408 0.0243869
-0.258091 -1.17192 0.718487 0.0199356
-0.257355 -1.17208 0.718539 0.0154843
-0.256619 -1.17224 0.718563 0.011033
-0.255882 -1.1724 0.71856 0.00658209
-0.255145 -1.17256 0.71853 0.0021316
-0.254409 -1.17272 0.718473 -0.00231828
-0.253672 -1.17288 0.718389 -0.00676738
-0.252935 -1.17304 0.718277 -0.0112155
-0.252198 -1.1732 0.718138 -0.0156626
-0.25146 -1.17336 0.717972 -0.0201083
-0.250723 -1.17352 0.717778 -0.0245526
-0.249986 -1.17367 0.717558 -0.0289953
-0.249248 -1.17383 0.71731 -0.0334363
-0.248511 -1.17399 0.717035 -0.0378752
-0.247773 -1.17414 0.716732 -0.0423121
-0.247035 -1.1743 0.716403 -0.0467467
-0.246297 -1.17445 0.716046 -0.0511788
-0.245559 -1.17461 0.715663 -0.0556083
-0.244821 -1.17476 0.715252 -0.060035
-0.244083 -1.17491 0.714814 -0.0644588
-0.243345 -1.17507 0.714349 -0.0688795
-0.242606 -1.17522 0.713857 -0.0732969
-0.241868 -1.17537 0.713338 -0.0777109
-0.241129 -1.17552 0.712792 -0.0821213
-0.240391 -1.17568 0.712219 -0.0865279
-0.239652 -1.17583 0.71162 -0.0909305
-0.238913 -1.17598 0.710993 -0.0953291
-0.238174 -1.17613 0.710339 -0.0997234
-0.237435 -1.17628 0.709658 -0.104113
-0.236696 -1.17642 0.708951 -0.108499
-0.235957 -1.17657 0.708217 -0.112879
-0.235218 -1.17672 0.707456 -0.117255
-0.234478 -1.17687 0.706668 -0.121625
-0.233739 -1.17702 0.705854 -0.12599
-0.232999 -1.17716 0.705012 -0.13035
-0.232259 -1.17731 0.704145 -0.134705
-0.23152 -1.17745 0.70325 -0.139053
-0.23078 -1.1776 0.702329 -0.143396
-0.23004 -1.17774 0.701382 -0.147732
-0.2293 -1.17789 0.700408 -0.152063
-0.22856 -1.17803 0.699408 -0.156387
-0.227819 -1.17818 0.698381 -0.160704
-0.227079 -1.17832 0.697328 -0.165015
-0.226339 -1.17846 0.696248 -0.169319
-0.225598 -1.1786 0.695143 -0.173615
-0.224858 -1.17874 0.694011 -0.177905
-0.224117 -1.17889 0.692853 -0.182187
-0.223376 -1.17903 0.691668 -0.186462
-0.222635 -1.17917 0.690458 -0.190729
-0.221894 -1.17931 0.689222 -0.194988
-0.221153 -1.17945 0.687959 -0.19924
-0.220412 -1.17958 0.686671 -0.203483
-0.219671 -1.17972 0.685357 -0.207718
-0.21893 -1.17986 0.684017 -0.211944
-0.218188 -1.18 0.682651 -0.216162
-0.217447 -1.18013 0.68126 -0.220371
-0.216705 -1.18027 0.679843 -0.224571
-0.215964 -1.18041 0.6784 -0.228762
-0.215222 -1.18054 0.676932 -0.232944
-0.21448 -1.18068 0.675438 -0.237116
-0.213738 -1.18081 0.673919 -0.241279
-0.212996 -1.18095 0.672374 -0.245432
-0.212254 -1.18108 0.670804 -0.249575
-0.211512 -1.18121 0.669209 -0.253708
-0.21077 -1.18135 0.667589 -0.257831
-0.210028 -1.18148 0.665943 -0.261944
-0.209285 -1.18161 0.664273 -0.266046
-0.208543 -1.18174 0.662578 -0.270138
-0.2078 -1.18187 0.660857 -0.274219
-0.207058 -1.182 0.659112 -0.278288
-0.206315 -1.18213 0.657342 -0.282347
-0.205572 -1.18226 0.655548 -0.286395
-0.204829 -1.18239 0.653729 -0.290431
-0.204086 -1.18252 0.651885 -0.294456
-0.203343 -1.18265 0.650016 -0.298469
-0.2026 -1.18277 0.648124 -0.30247
-0.201857 -1.1829 0.646207 -0.306459
-0.201114 -1.18303 0.644265 -0.310436
-0.20037 -1.18315 0.6423 -0.314401
-0.199627 -1.18328 0.64031 -0.318353
-0.198883 -1.1834 0.638297 -0.322293
-0.19814 -1.18353 0.636259 -0.32622
-0.197396 -1.18365 0.634198 -0.330134
-0.196652 -1.18378 0.632113 -0.334035
-0.195909 -1.1839 0.630004 -0.337923
-0.195165 -1.18402 0.627871 -0.341798
-0.194421 -1.18415 0.625715 -0.345659
-0.193677 -1.18427 0.623536 -0.349507
-0.192932 -1.18439 0.621333 -0.353341
-0.192188 -1.18451 0.619107 -0.357161
-0.191444 -1.18463 0.616858 -0.360967
-0.1907 -1.18475 0.614585 -0.364759
-0.189955 -1.18487 0.61229 -0.368537
-0.189211 -1.18499 0.609972 -0.3723
-0.188466 -1.18511 0.60763 -0.376049
-0.187721 -1.18523 0.605267 -0.379783
-0.186977 -1.18534 0.60288 -0.383502
-0.186232 -1.18546 0.600471 -0.387206
-0.185487 -1.18558 0.598039 -0.390895
-0.184742 -1.18569 0.595585 -0.394569
-0.183997 -1.18581 0.593109 -0.398228
-0.183252 -1.18593 0.590611 -0.401871
-0.182507 -1.18604 0.58809 -0.405498
-0.181761 -1.18615 0.585548 -0.40911
-0.181016 -1.18627 0.582984 -0.412705
-0.180271 -1.18638 0.580398 -0.416285
-0.179525 -1.1865 0.57779 -0.419848
-0.17878 -1.18661 0.575161 -0.423395
-0.178034 -1.18672 0.57251 -0.426926
-0.177288 -1.18683 0.569838 -0.43044
-0.176543 -1.18694 0.567144 -0.433938
-0.175797 -1.18705 0.56443 -0.437418
-0.175051 -1.18716 0.561694 -0.440882
-0.174305 -1.18727 0.558938 -0.444328
-0.173559 -1.18738 0.55616 -0.447758
-0.172813 -1.18749 0.553362 -0.45117
-0.172067 -1.1876 0.550543 -0.454564
-0.171321 -1.18771 0.547704 -0.457941
-0.170574 -1.18781 0.544845 -0.4613
-0.169828 -1.18792 0.541965 -0.464642
-0.169081 -1.18803 0.539064 -0.467965
-0.168335 -1.18813 0.536144 -0.471271
-0.167588 -1.18824 0.533204 -0.474558
-0.166842 -1.18834 0.530244 -0.477827
-0.166095 -1.18845 0.527264 -0.481077
-0.165348 -1.18855 0.524265 -0.484309
-0.164602 -1.18866 0.521246 -0.487523
-0.163855 -1.18876 0.518208 -0.490717
-0.163108 -1.18886 0.515151 -0.493893
-0.162361 -1.18897 0.512074 -0.497049
-0.161614 -1.18907 0.508978 -0.500187
-0.160866 -1.18917 0.505864 -0.503305
-0.160119 -1.18927 0.50273 -0.506404
-0.159372 -1.18937 0.499578 -0.509483
-0.158625 -1.18947 0.496408 -0.512543
-0.157877 -1.18957 0.493219 -0.515583
-0.15713 -1.18967 0.490012 -0.518603
-0.156382 -1.18977 0.486786 -0.521604
-0.155635 -1.18986 0.483543 -0.524584
-0.154887 -1.18996 0.480281 -0.527544
-0.154139 -1.19006 0.477002 -0.530484
-0.153392 -1.19016 0.473705 -0.533404
-0.152644 -1.19025 0.470391 -0.536303
-0.151896 -1.19035 0.467059 -0.539182
-0.151148 -1.19044 0.46371 -0.54204
-0.1504 -1.19054 0.460343 -0.544877
-0.149652 -1.19063 0.45696 -0.547694
-0.148904 -1.19073 0.45356 -0.550489
-0.148156 -1.19082 0.450143 -0.553264
-0.147407 -1.19091 0.446709 -0.556017
-0.146659 -1.191 0.443259 -0.558749
-0.145911 -1.1911 0.439792 -0.56146
-0.145162 -1.19119 0.436309 -0.564149
-0.144414 -1.19128 0.432811 -0.566816
-0.143665 -1.19137 0.429296 -0.569462
-0.142917 -1.19146 0.425765 -0.572087
-0.142168 -1.19155 0.422218 -0.574689
-0.141419 -1.19164 0.418656 -0.577269
-0.14067 -1.19173 0.415079 -0.579828
-0.139922 -1.19181 0.411486 -0.582364
-0.139173 -1.1919 0.407878 -0.584878
-0.138424 -1.19199 0.404255 -0.58737
-0.137675 -1.19208 0.400617 -0.58984
-0.136926 -1.19216 0.396965 -0.592287
-0.136177 -1.19225 0.393298 -0.594711
-0.135428 -1.19233 0.389616 -0.597113
-0.134678 -1.19242 0.38592 -0.599492
-0.133929 -1.1925 0.38221 -0.601848
-0.13318 -1.19259 0.378485 -0.604181
-0.132431 -1.19267 0.374747 -0.606492
-0.131681 -1.19275 0.370995 -0.608779
-0.130932 -1.19284 0.36723 -0.611043
-0.130182 -1.19292 0.363451 -0.613284
-0.129433 -1.193 0.359658 -0.615502
-0.128683 -1.19308 0.355853 -0.617696
-0.127933 -1.19316 0.352034 -0.619867
-0.127184 -1.19324 0.348203 -0.622014
-0.126434 -1.19332 0.344359 -0.624138
-0.125684 -1.1934 0.340502 -0.626238
-0.124934 -1.19348 0.336632 -0.628314
-0.124184 -1.19356 0.332751 -0.630366
-0.123434 -1.19363 0.328857 -0.632395
-0.122684 -1.19371 0.324951 -0.6344
-0.121934 -1.19379 0.321034 -0.63638
-0.121184 -1.19387 0.317104 -0.638336
-0.120434 -1.19394 0.313163 -0.640269
-0.119684 -1.19402 0.309211 -0.642177
-0.118934 -1.19409 0.305247 -0.64406
-0.118183 -1.19417 0.301272 -0.64592
-0.117433 -1.19424 0.297287 -0.647754
-0.116683 -1.19431 0.29329 -0.649565
-0.115932 -1.19439 0.289283 -0.651351
-0.115182 -1.19446 0.285265 -0.653112
-0.114431 -1.19453 0.281237 -0.654848
-0.113681 -1.1946 0.277198 -0.65656
-0.11293 -1.19467 0.27315 -0.658247
-0.112179 -1.19475 0.269092 -0.659909
-0.111429 -1.19482 0.265024 -0.661546
-0.110678 -1.19489 0.260946 -0.663158
-0.109927 -1.19495 0.256859 -0.664745
-0.109176 -1.19502 0.252762 -0.666307
-0.108425 -1.19509 0.248657 -0.667844
-0.107674 -1.19516 0.244542 -0.669356
-0.106923 -1.19523 0.240419 -0.670842
-0.106172 -1.19529 0.236287 -0.672303
-0.105421 -1.19536 0.232146 -0.673739
-0.10467 -1.19543 0.227997 -0.67515
-0.103919 -1.19549 0.22384 -0.676535
-0.103168 -1.19556 0.219675 -0.677894
-0.102417 -1.19562 0.215502 -0.679228
-0.101666 -1.19569 0.211321 -0.680537
-0.100914 -1.19575 0.207132 -0.68182
-0.100163 -1.19581 0.202936 -0.683077
-0.0994116 -1.19588 0.198733 -0.684308
-0.0986602 -1.19594 0.194523 -0.685514
-0.0979087 -1.196 0.190306 -0.686694
-0.0971572 -1.19606 0.186082 -0.687848
-0.0964057 -1.19612 0.181851 -0.688976
-0.0956542 -1.19618 0.177614 -0.690079
-0.0949026 -1.19624 0.173371 -0.691155
-0.0941509 -1.1963 0.169121 -0.692206
-0.0933992 -1.19636 0.164866 -0.69323
-0.0926475 -1.19642 0.160604 -0.694229
-0.0918958 -1.19648 0.156337 -0.695201
-0.091144 -1.19653 0.152064 -0.696148
-0.0903922 -1.19659 0.147787 -0.697068
-0.0896403 -1.19665 0.143503 -0.697962
-0.0888884 -1.1967 0.139215 -0.69883
-0.0881365 -1.19676 0.134922 -0.699672
-0.0873845 -1.19681 0.130624 -0.700487
-0.0866325 -1.19687 0.126322 -0.701276
-0.0858805 -1.19692 0.122015 -0.702039
-0.0851284 -1.19698 0.117704 -0.702776
-0.0843763 -1.19703 0.113389 -0.703486
-0.0836242 -1.19708 0.10907 -0.70417
-0.082872 -1.19714 0.104747 -0.704828
-0.0821198 -1.19719 0.100421 -0.705459
-0.0813676 -1.19724 0.0960913 -0.706064
-0.0806153 -1.19729 0.0917583 -0.706643
-0.079863 -1.19734 0.0874222 -0.707195
-0.0791107 -1.19739 0.0830831 -0.707721
-0.0783584 -1.19744 0.0787412 -0.70822
-0.077606 -1.19749 0.0743967 -0.708693
-0.0768536 -1.19754 0.0700498 -0.709139
-0.0761011 -1.19758 0.0657005 -0.709559
-0.0753486 -1.19763 0.0613491 -0.709952
-0.0745961 -1.19768 0.0569957 -0.710319
-0.0738436 -1.19773 0.0526406 -0.710659
-0.073091 -1.19777 0.0482837 -0.710973
-0.0723384 -1.19782 0.0439254 -0.71126
-0.0715858 -1.19786 0.0395657 -0.711521
-0.0708331 -1.19791 0.0352049 -0.711755
-0.0700805 -1.19795 0.030843 -0.711963
-0.0693277 -1.198 0.0264803 -0.712144
-0.068575 -1.19804 0.022117 -0.712298
-0.0678222 -1.19808 0.0177531 -0.712426
-0.0670695 -1.19812 0.0133888 -0.712528
-0.0663166 -1.19817 0.00902433 -0.712603
-0.0655638 -1.19821 0.00465983 -0.712651
-0.0648109 -1.19825 0.000295456 -0.712673
-0.064058 -1.19829 -0.00406864 -0.712668
-0.0633051 -1.19833 -0.00843229 -0.712637
-0.0625522 -1.19837 -0.0127953 -0.71258
-0.0617992 -1.19841 -0.0171576 -0.712496
-0.0610462 -1.19845 -0.021519 -0.712385
-0.0602932 -1.19848 -0.0258792 -0.712248
-0.0595401 -1.19852 -0.0302382 -0.712084
-0.0587871 -1.19856 -0.0345958 -0.711894
-0.058034 -1.1986 -0.0389518 -0.711678
-0.0572809 -1.19863 -0.0433061 -0.711435
-0.0565277 -1.19867 -0.0476585 -0.711166
-0.0557746 -1.1987 -0.0520089 -0.71087
-0.0550214 -1.19874 -0.056357 -0.710548
-0.0542682 -1.19877 -0.0607028 -0.7102
-0.053515 -1.19881 -0.065046 -0.709825
-0.0527617 -1.19884 -0.0693866 -0.709424
-0.0520085 -1.19887 -0.0737243 -0.708997
-0.0512552 -1.1989 -0.078059 -0.708543
-0.0505019 -1.19894 -0.0823905 -0.708063
-0.0497486 -1.19897 -0.0867187 -0.707557
-0.0489952 -1.199 -0.0910434 -0.707025
-0.0482419 -1.19903 -0.0953644 -0.706466
-0.0474885 -1.19906 -0.0996817 -0.705881
-0.0467351 -1.19909 -0.103995 -0.705271
-0.0459817 -1.19912 -0.108304 -0.704634
-0.0452282 -1.19915 -0.112609 -0.703971
-0.0444748 -1.19918 -0.11691 -0.703282
-0.0437213 -1.1992 -0.121205 -0.702567
-0.0429678 -1.19923 -0.125496 -0.701826
-0.0422143 -1.19926 -0.129783 -0.701059
-0.0414608 -1.19928 -0.134064 -0.700266
-0.0407072 -1.19931 -0.13834 -0.699448
-0.0399537 -1.19933 -0.14261 -0.698603
-0.0392001 -1.19936 -0.146875 -0.697733
-0.0384465 -1.19938 -0.151135 -0.696837
-0.0376929 -1.19941 -0.155388 -0.695915
-0.0369393 -1.19943 -0.159636 -0.694968
-0.0361857 -1.19945 -0.163877 -0.693995
-0.035432 -1.19948 -0.168112 -0.692996
-0.0346784 -1.1995 -0.172341 -0.691972
-0.0339247 -1.19952 -0.176563 -0.690922
-0.033171 -1.19954 -0.180778 -0.689847
-0.0324173 -1.19956 -0.184986 -0.688746
-0.0316636 -1.19958 -0.189188 -0.68762
-0.0309099 -1.1996 -0.193382 -0.686469
-0.0301561 -1.19962 -0.197568 -0.685293
-0.0294024 -1.19964 -0.201747 -0.684091
-0.0286486 -1.19966 -0.205919 -0.682864
-0.0278948 -1.19968 -0.210082 -0.681612
-0.027141 -1.19969 -0.214238 -0.680335
-0.0263873 -1.19971 -0.218385 -0.679033
-0.0256334 -1.19973 -0.222525 -0.677706
-0.0248796 -1.19974 -0.226655 -0.676354
-0.0241258 -1.19976 -0.230778 -0.674977
-0.023372 -1.19977 -0.234891 -0.673575
-0.0226181 -1.19979 -0.238996 -0.672149
-0.0218643 -1.1998 -0.243091 -0.670698
-0.0211104 -1.19981 -0.247178 -0.669222
-0.0203565 -1.19983 -0.251255 -0.667722
-0.0196027 -1.19984 -0.255322 -0.666198
-0.0188488 -1.19985 -0.25938 -0.664648
-0.0180949 -1.19986 -0.263429 -0.663075
-0.017341 -1.19987 -0.267467 -0.661477
-0.0165871 -1.19989 -0.271495 -0.659855
-0.0158332 -1.1999 -0.275513 -0.658209
-0.0150792 -1.19991 -0.279521 -0.656539
-0.0143253 -1.19991 -0.283518 -0.654844
-0.0135714 -1.19992 -0.287505 -0.653126
-0.0128175 -1.19993 -0.291481 -0.651384
-0.0120635 -1.19994 -0.295446 -0.649618
-0.0113096 -1.19995 -0.2994 -0.647828
-0.0105556 -1.19995 -0.303342 -0.646014
-0.00980166 -1.19996 -0.307274 -0.644177
-0.0090477 -1.19997 -0.311194 -0.642317
-0.00829374 -1.19997 -0.315102 -0.640433
-0.00753977 -1.19998 -0.318998 -0.638525
-0.0067858 -1.19998 -0.322883 -0.636594
-0.00603183 -1.19998 -0.326756 -0.63464
-0.00527786 -1.19999 -0.330616 -0.632663
-0.00452388 -1.19999 -0.334464 -0.630663
-0.0037699 -1.19999 -0.3383 -0.628639
-0.00301593 -1.2 -0.342123 -0.626593
-0.00226195 -1.2 -0.345933 -0.624524
-0.00150796 -1.2 -0.349731 -0.622432
-0.000753982 -1.2 -0.353515 -0.620317
-2.20436e-16 -1.2 -0.357287 -0.61818
0.000753982 -1.2 -0.361045 -0.61602
0.00150796 -1.2 -0.36479 -0.613838
0.00226195 -1.2 -0.368521 -0.611634
0.00301593 -1.2 -0.372238 -0.609407
0.0037699 -1.19999 -0.375942 -0.607158
0.00452388 -1.19999 -0.379632 -0.604887
0.00527786 -1.19999 -0.383308 -0.602594
0.00603183 -1.19998 -0.386969 -0.600279
0.0067858 -1.19998 -0.390617 -0.597943
0.00753977 -1.19998 -0.39425 -0.595584
0.00829374 -1.19997 -0.397868 -0.593204
0.0090477 -1.19997 -0.401472 -0.590803
0.00980166 -1.19996 -0.40506 -0.58838
0.0105556 -1.19995 -0.408634 -0.585935
0.0113096 -1.19995 -0.412193 -0.58347
0.0120635 -1.19994 -0.415737 -0.580983
0.0128175 -1.19993 -0.419265 -0.578475
0.0135714 -1.19992 -0.422778 -0.575946
0.0143253 -1.19991 -0.426275 -0.573396
0.0150792 -1.19991 -0.429757 -0.570826
0.0158332 -1.1999 -0.433223 -0.568235
0.0165871 -1.19989 -0.436672 -0.565623
0.017341 -1.19987 -0.440106 -0.562991
0.0180949 -1.19986 -0.443524 -0.560338
0.0188488 -1.19985 -0.446925 -0.557665
0.0196027 -1.19984 -0.45031 -0.554972
0.0203565 -1.19983 -0.453678 -0.552259
0.0211104 -1.19981 -0.45703 -0.549526
0.0218643 -1.1998 -0.460365 -0.546773
0.0226181 -1.19979 -0.463683 -0.544
0.023372 -1.19977 -0.466984 -0.541208
0.0241258 -1.19976 -0.470268 -0.538396
0.0248796 -1.19974 -0.473535 -0.535565
0.0256334 -1.19973 -0.476785 -0.532714
0.0263873 -1.19971 -0.480017 -0.529845
0.027141 -1.19969 -0.483231 -0.526956
0.0278948 -1.19968 -0.486428 -0.524048
0.0286486 -1.19966 -0.489607 -0.521121
0.0294024 -1.19964 -0.492768 -0.518175
0.0301561 -1.19962 -0.495911 -0.515211
0.0309099 -1.1996 -0.499036 -0.512228
0.0316636 -1.19958 -0.502143 -0.509227
0.0324173 -1.19956 -0.505231 -0.506207
0.033171 -1.19954 -0.508301 -0.50317
0.0339247 -1.19952 -0.511353 -0.500114
0.0346784 -1.1995 -0.514386 -0.49704
0.035432 -1.19948 -0.5174 -0.493948
0.0361857 -1.19945 -0.520395 -0.490839
0.0369393 -1.19943 -0.523371 -0.487712
0.0376929 -1.19941 -0.526329 -0.484567
0.0384465 -1.19938 -0.529267 -0.481405
0.0392001 -1.19936 -0.532186 -0.478226
0.0399537 -1.19933 -0.535085 -0.475029
0.0407072 -1.19931 -0.537965 -0.471816
0.0414608 -1.19928 -0.540826 -0.468586
0.0422143 -1.19926 -0.543667 -0.465339
0.0429678 -1.19923 -0.546488 -0.462075
0.0437213 -1.1992 -0.549289 -0.458794
0.0444748 -1.19918 -0.55207 -0.455498
0.0452282 -1.19915 -0.554832 -0.452184
0.0459817 -1.19912 -0.557573 -0.448855
0.0467351 -1.19909 -0.560294 -0.44551
0.0474885 -1.19906 -0.562995 -0.442149
0.0482419 -1.19903 -0.565675 -0.438772
0.0489952 -1.199 -0.568335 -0.435379
0.0497486 -1.19897 -0.570974 -0.431971
0.0505019 -1.19894 -0.573593 -0.428547
0.0512552 -1.1989 -0.576191 -0.425108
0.0520085 -1.19887 -0.578768 -0.421654
0.0527617 -1.19884 -0.581324 -0.418185
0.053515 -1.19881 -0.583859 -0.414701
0.0542682 -1.19877 -0.586373 -0.411202
0.0550214 -1.19874 -0.588866 -0.407688
0.0557746 -1.1987 -0.591337 -0.40416
0.0565277 -1.19867 -0.593787 -0.400618
0.0572809 -1.19863 -0.596216 -0.397061
0.058034 -1.1986 -0.598624 -0.39349
0.0587871 -1.19856 -0.601009 -0.389905
0.0595401 -1.19852 -0.603373 -0.386307
0.0602932 -1.19848 -0.605716 -0.382694
0.0610462 -1.19845 -0.608036 -0.379068
0.0617992 -1.19841 -0.610335 -0.375429
0.0625522 -1.19837 -0.612612 -0.371776
0.0633051 -1.19833 -0.614866 -0.36811
0.064058 -1.19829 -0.617099 -0.364431
0.0648109 -1.19825 -0.619309 -0.360739
0.0655638 -1.19821 -0.621497 -0.357035
0.0663166 -1.19817 -0.623663 -0.353317
0.0670695 -1.19812 -0.625806 -0.349587
0.0678222 -1.19808 -0.627927 -0.345845
0.068575 -1.19804 -0.630025 -0.342091
0.0693277 -1.198 -0.632101 -0.338324
0.0700805 -1.19795 -0.634154 -0.334546
0.0708331 -1.19791 -0.636185 -0.330755
0.0715858 -1.19786 -0.638192 -0.326953
0.0723384 -1.19782 -0.640177 -0.32314
0.073091 -1.19777 -0.642138 -0.319315
0.0738436 -1.19773 -0.644077 -0.315479
0.0745961 -1.19768 -0.645993 -0.311631
0.0753486 -1.19763 -0.647885 -0.307773
0.0761011 -1.19758 -0.649755 -0.303904
0.0768536 -1.19754 -0.651601 -0.300024
0.077606 -1.19749 -0.653424 -0.296133
0.0783584 -1.19744 -0.655223 -0.292232
0.0791107 -1.19739 -0.657 -0.288321
0.079863 -1.19734 -0.658752 -0.2844
0.0806153 -1.19729 -0.660481 -0.280469
0.0813676 -1.19724 -0.662187 -0.276528
0.0821198 -1.19719 -0.663869 -0.272577
0.082872 -1.19714 -0.665527 -0.268616
0.0836242 -1.19708 -0.667162 -0.264647
0.0843763 -1.19703 -0.668772 -0.260668
0.0851284 -1.19698 -0.670359 -0.256679
0.0858805 -1.19692 -0.671922 -0.252682
0.0866325 -1.19687 -0.673462 -0.248676
0.0873845 -1.19681 -0.674977 -0.244661
0.0881365 -1.19676 -0.676468 -0.240638
0.0888884 -1.1967 -0.677935 -0.236606
0.0896403 -1.19665 -0.679378 -0.232566
0.0903922 -1.19659 -0.680797 -0.228518
0.091144 -1.19653 -0.682192 -0.224462
0.0918958 -1.19648 -0.683562 -0.220399
0.0926475 -1.19642 -0.684908 -0.216327
0.0933992 -1.19636 -0.68623 -0.212248
0.0941509 -1.1963 -0.687528 -0.208162
0.0949026 -1.19624 -0.688801 -0.204068
0.0956542 -1.19618 -0.69005 -0.199967
0.0964057 -1.19612 -0.691274 -0.19586
0.0971572 -1.19606 -0.692474 -0.191745
0.0979087 -1.196 -0.693649 -0.187624
0.0986602 -1.19594 -0.6948 -0.183496
0.0994116 -1.19588 -0.695926 -0.179362
0.100163 -1.19581 -0.697027 -0.175222
0.100914 -1.19575 -0.698104 -0.171076
0.101666 -1.19569 -0.699156 -0.166924
0.102417 -1.19562 -0.700184 -0.162766
0.103168 -1.19556 -0.701186 -0.158602
0.103919 -1.19549 -0.702164 -0.154433
0.10467 -1.19543 -0.703117 -0.150259
0.105421 -1.19536 -0.704046 -0.14608
0.106172 -1.19529 -0.704949 -0.141895
0.106923 -1.19523 -0.705828 -0.137706
0.107674 -1.19516 -0.706682 -0.133512
0.108425 -1.19509 -0.70751 -0.129313
0.109176 -1.19502 -0.708314 -0.12511
0.109927 -1.19495 -0.709093 -0.120903
0.110678 -1.19489 -0.709847 -0.116692
0.111429 -1.19482 -0.710576 -0.112476
0.112179 -1.19475 -0.71128 -0.108257
0.11293 -1.19467 -0.711959 -0.104034
0.113681 -1.1946 -0.712613 -0.099808
0.114431 -1.19453 -0.713242 -0.0955782
0.115182 -1.19446 -0.713846 -0.0913453
0.115932 -1.19439 -0.714425 -0.0871092
0.116683 -1.19431 -0.714979 -0.0828702
0.117433 -1.19424 -0.715507 -0.0786285
0.118183 -1.19417 -0.716011 -0.0743842
0.118934 -1.19409 -0.716489 -0.0701373
0.119684 -1.19402 -0.716942 -0.0658882
0.120434 -1.19394 -0.717371 -0.0616368
0.121184 -1.19387 -0.717774 -0.0573835
0.121934 -1.19379 -0.718151 -0.0531282
0.122684 -1.19371 -0.718504 -0.0488713
0.123434 -1.19363 -0.718832 -0.0446127
0.124184 -1.19356 -0.719134 -0.0403528
0.124934 -1.19348 -0.719412 -0.0360915
0.125684 -1.1934 -0.719664 -0.0318291
0.126434 -1.19332 -0.719891 -0.0275658
0.127184 -1.19324 -0.720093 -0.0233016
0.127933 -1.19316 -0.720269 -0.0190367
0.128683 -1.19308 -0.720421 -0.0147713
0.129433 -1.193 -0.720547 -0.0105056
0.130182 -1.19292 -0.720649 -0.00623954
0.130932 -1.19284 -0.720725 -0.00197343
0.131681 -1.19275 -0.720776 0.00229261
0.132431 -1.19267 -0.720802 0.00655844
0.13318 -1.19259 -0.720803 0.0108239
0.133929 -1.1925 -0.720779 0.0150889
0.134678 -1.19242 -0.720729 0.0193532
0.135428 -1.19233 -0.720655 0.0236167
0.136177 -1.19225 -0.720555 0.0278792
0.136926 -1.19216 -0.720431 0.0321407
0.137675 -1.19208 -0.720281 0.0364009
0.138424 -1.19199 -0.720107 0.0406597
0.139173 -1.1919 -0.719907 0.044917
0.139922 -1.19181 -0.719683 0.0491726
0.14067 -1.19173 -0.719433 0.0534263
0.141419 -1.19164 -0.719159 0.0576781
0.142168 -1.19155 -0.718859 0.0619277
0.142917 -1.19146 -0.718535 0.0661751
0.143665 -1.19137 -0.718186 0.07042
0.144414 -1.19128 -0.717812 0.0746623
0.145162 -1.19119 -0.717413 0.078902
0.145911 -1.1911 -0.716989 0.0831388
0.146659 -1.191 -0.71654 0.0873726
0.147407 -1.19091 -0.716067 0.0916032
0.148156 -1.19082 -0.715569 0.0958305
0.148904 -1.19073 -0.715046 0.100054
0.149652 -1.19063 -0.714499 0.104275
0.1504 -1.19054 -0.713926 0.108491
0.151148 -1.19044 -0.713329 0.112704
0.151896 -1.19035 -0.712708 0.116913
0.152644 -1.19025 -0.712062 0.121117
0.153392 -1.19016 -0.711391 0.125317
0.154139 -1.19006 -0.710696 0.129513
0.154887 -1.18996 -0.709977 0.133704
0.155635 -1.18986 -0.709233 0.137891
0.156382 -1.18977 -0.708464 0.142072
0.15713 -1.18967 -0.707671 0.146249
0.157877 -1.18957 -0.706854 0.15042
0.158625 -1.18947 -0.706013 0.154586
0.159372 -1.18937 -0.705147 0.158747
0.160119 -1.18927 -0.704257 0.162902
0.160866 -1.18917 -0.703343 0.167051
0.161614 -1.18907 -0.702405 0.171195
0.162361 -1.18897 -0.701442 0.175332
0.163108 -1.18886 -0.700456 0.179463
0.163855 -1.18876 -0.699446 0.183588
0.164602 -1.18866 -0.698411 0.187707
0.165348 -1.18855 -0.697353 0.191819
0.166095 -1.18845 -0.696271 0.195924
0.166842 -1.18834 -0.695165 0.200023
0.167588 -1.18824 -0.694035 0.204114
0.168335 -1.18813 -0.692881 0.208199
0.169081 -1.18803 -0.691704 0.212276
0.169828 -1.18792 -0.690503 0.216345
0.170574 -1.18781 -0.689279 0.220408
0.171321 -1.18771 -0.688031 0.224462
0.172067 -1.1876 -0.686759 0.228509
0.172813 -1.18749 -0.685464 0.232548
0.173559 -1.18738 -0.684146 0.236579
0.174305 -1.18727 -0.682804 0.240601
0.175051 -1.18716 -0.681439 0.244615
0.175797 -1.18705 -0.680051 0.248621
0.176543 -1.18694 -0.67864 0.252618
0.177288 -1.18683 -0.677206 0.256607
0.178034 -1.18672 -0.675748 0.260586
0.17878 -1.18661 -0.674268 0.264557
0.179525 -1.1865 -0.672765 0.268518
0.180271 -1.18638 -0.671238 0.27247
0.181016 -1.18627 -0.66969 0.276413
0.181761 -1.18615 -0.668118 0.280346
0.182507 -1.18604 -0.666524 0.28427
0.183252 -1.18593 -0.664907 0.288183
0.183997 -1.18581 -0.663267 0.292087
0.184742 -1.18569 -0.661605 0.295981
0.185487 -1.18558 -0.659921 0.299865
0.186232 -1.18546 -0.658214 0.303738
0.186977 -1.18534 -0.656485 0.307601
0.187721 -1.18523 -0.654734 0.311453
0.188466 -1.18511 -0.65296 0.315295
0.189211 -1.18499 -0.651165 0.319126
0.189955 -1.18487 -0.649347 0.322946
0.1907 -1.18475 -0.647508 0.326754
0.191444 -1.18463 -0.645647 0.330552
0.192188 -1.18451 -0.643764 0.334339
0.192932 -1.18439 -0.641859 0.338114
0.193677 -1.18427 -0.639933 0.341877
0.194421 -1.18415 -0.637985 0.345629
0.195165 -1.18402 -0.636015 0.349369
0.195909 -1.1839 -0.634024 0.353097
0.196652 -1.18378 -0.632012 0.356813
0.197396 -1.18365 -0.629979 0.360516
0.19814 -1.18353 -0.627924 0.364208
0.198883 -1.1834 -0.625849 0.367887
0.199627 -1.18328 -0.623752 0.371554
0.20037 -1.18315 -0.621634 0.375208
0.201114 -1.18303 -0.619495 0.378849
0.201857 -1.1829 -0.617336 0.382477
0.2026 -1.18277 -0.615156 0.386093
0.203343 -1.18265 -0.612955 0.389695
0.204086 -1.18252 -0.610734 0.393284
0.204829 -1.18239 -0.608493 0.39686
0.205572 -1.18226 -0.606231 0.400422
0.206315 -1.18213 -0.603948 0.403971
0.207058 -1.182 -0.601646 0.407506
0.2078 -1.18187 -0.599323 0.411027
0.208543 -1.18174 -0.59698 0.414535
0.209285 -1.18161 -0.594618 0.418028
0.210028 -1.18148 -0.592235 0.421507
0.21077 -1.18135 -0.589833 0.424972
0.211512 -1.18121 -0.587411 0.428423
0.212254 -1.18108 -0.58497 0.431859
0.212996 -1.18095 -0.582509 0.435281
0.213738 -1.18081 -0.580029 0.438687
0.21448 -1.18068 -0.577529 0.44208
0.215222 -1.18054 -0.57501 0.445457
0.215964 -1.18041 -0.572472 0.448819
0.216705 -1.18027 -0.569915 0.452166
0.217447 -1.18013 -0.567339 0.455498
0.218188 -1.18 -0.564744 0.458815
0.21893 -1.17986 -0.562131 0.462116
0.219671 -1.17972 -0.559499 0.465402
0.220412 -1.17958 -0.556848 0.468672
0.221153 -1.17945 -0.554179 0.471927
0.221894 -1.17931 -0.551491 0.475165
0.222635 -1.17917 -0.548786 0.478388
0.223376 -1.17903 -0.546062 0.481594
0.224117 -1.17889 -0.54332 0.484785
0.224858 -1.17874 -0.54056 0.487959
0.225598 -1.1786 -0.537782 0.491117
0.226339 -1.17846 -0.534986 0.494259
0.227079 -1.17832 -0.532173 0.497384
0.227819 -1.17818 -0.529342 0.500492
0.22856 -1.17803 -0.526494 0.503584
0.2293 -1.17789 -0.523628 0.506659
0.23004 -1.17774 -0.520745 0.509717
0.23078 -1.1776 -0.517845 0.512758
0.23152 -1.17745 -0.514928 0.515782
0.232259 -1.17731 -0.511994 0.518789
0.232999 -1.17716 -0.509043 0.521778
0.233739 -1.17702 -0.506076 0.52475
0.234478 -1.17687 -0.503092 0.527705
0.235218 -1.17672 -0.500091 0.530642
0.235957 -1.17657 -0.497074 0.533562
0.236696 -1.17642 -0.494041 0.536463
0.237435 -1.17628 -0.490991 0.539347
0.238174 -1.17613 -0.487925 0.542214
0.238913 -1.17598 -0.484844 0.545062
0.239652 -1.17583 -0.481746 0.547892
0.240391 -1.17568 -0.478633 0.550704
0.241129 -1.17552 -0.475504 0.553497
0.241868 -1.17537 -0.47236 0.556273
0.242606 -1.17522 -0.4692 0.55903
0.243345 -1.17507 -0.466025 0.561768
0.244083 -1.17491 -0.462834 0.564488
0.244821 -1.17476 -0.459629 0.567189
0.245559 -1.17461 -0.456408 0.569872
0.246297 -1.17445 -0.453173 0.572536
0.247035 -1.1743 -0.449923 0.57518
0.247773 -1.17414 -0.446658 0.577806
0.248511 -1.17399 -0.443379 0.580413
0.249248 -1.17383 -0.440086 0.583001
0.249986 -1.17367 -0.436778 0.58557
0.250723 -1.17352 -0.433456 0.588119
0.25146 -1.17336 -0.43012 0.590649
0.252198 -1.1732 -0.42677 0.593159
0.252935 -1.17304 -0.423406 0.59565
0.253672 -1.17288 -0.420028 0.598122
0.254409 -1.17272 -0.416637 0.600574
0.255145 -1.17256 -0.413233 0.603006
0.255882 -1.1724 -0.409815 0.605418
0.256619 -1.17224 -0.406384 0.607811
0.257355 -1.17208 -0.402939 0.610183
0.258091 -1.17192 -0.399482 0.612536
0.258828 -1.17175 -0.396012 0.614869
0.259564 -1.17159 -0.392529 0.617181
0.2603 -1.17143 -0.389033 0.619473
0.261036 -1.17126 -0.385525 0.621746
0.261772 -1.1711 -0.382005 0.623997
0.262508 -1.17094 -0.378472 0.626229
0.263243 -1.17077 -0.374927 0.62844
0.263979 -1.1706 -0.37137 0.63063
0.264714 -1.17044 -0.367802 0.6328
0.26545 -1.17027 -0.364221 0.634949
0.266185 -1.1701 -0.360629 0.637078
0.26692 -1.16994 -0.357025 0.639186
0.267655 -1.16977 -0.35341 0.641273
0.26839 -1.1696 -0.349783 0.643339
0.269125 -1.16943 -0.346146 0.645385
0.26986 -1.16926 -0.342497 0.647409
0.270594 -1.16909 -0.338837 0.649412
0.271329 -1.16892 -0.335167 0.651395
0.272063 -1.16875 -0.331486 0.653356
0.272797 -1.16858 -0.327794 0.655296
0.273532 -1.16841 -0.324092 0.657215
0.274266 -1.16824 -0.32038 0.659112
0.275 -1.16806 -0.316657 0.660988
0.275734 -1.16789 -0.312925 0.662843
0.276467 -1.16772 -0.309182 0.664676
0.277201 -1.16754 -0.30543 0.666488
0.277934 -1.16737 -0.301668 0.668278
0.278668 -1.1672 -0.297896 0.670047
0.279401 -1.16702 -0.294115 0.671794
0.280134 -1.16684 -0.290325 0.67352
0.280868 -1.16667 -0.286526 0.675224
0.281601 -1.16649 -0.282717 0.676906
0.282333 -1.16631 -0.2789 0.678566
0.283066 -1.16614 -0.275074 0.680204
0.283799 -1.16596 -0.271239 0.681821
0.284531 -1.16578 -0.267396 0.683415
0.285264 -1.1656 -0.263545 0.684988
0.285996 -1.16542 -0.259685 0.686538
0.286728 -1.16524 -0.255817 0.688067
0.28746 -1.16506 -0.251941 0.689573
0.288192 -1.16488 -0.248057 0.691058
0.288924 -1.1647 -0.244165 0.69252
0.289656 -1.16452 -0.240266 0.69396
0.290388 -1.16433 -0.236359 0.695378
0.291119 -1.16415 -0.232445 0.696774
0.29185 -1.16397 -0.228524 0.698147
0.292582 -1.16379 -0.224595 0.699498
0.293313 -1.1636 -0.22066 0.700826
0.294044 -1.16342 -0.216717 0.702133
0.294775 -1.16323 -0.212768 0.703417
0.295506 -1.16305 -0.208813 0.704678
0.296236 -1.16286 -0.204851 0.705917
0.296967 -1.16267 -0.200883 0.707133
0.297698 -1.16249 -0.196908 0.708327
0.298428 -1.1623 -0.192928 0.709499
0.299158 -1.16211 -0.188941 0.710647
0.299888 -1.16192 -0.184949 0.711774
0.300618 -1.16174 -0.180951 0.712877
0.301348 -1.16155 -0.176947 0.713958
0.302078 -1.16136 -0.172938 0.715016
0.302808 -1.16117 -0.168924 0.716052
0.303537 -1.16098 -0.164905 0.717065
0.304266 -1.16079 -0.16088 0.718055
0.304996 -1.16059 -0.156851 0.719022
0.305725 -1.1604 -0.152817 0.719967
0.306454 -1.16021 -0.148779 0.720889
0.307183 -1.16002 -0.144735 0.721788
0.307912 -1.15982 -0.140688 0.722664
0.30864 -1.15963 -0.136636 0.723518
0.309369 -1.15944 -0.13258 0.724348
0.310097 -1.15924 -0.128521 0.725156
0.310826 -1.15905 -0.124457 0.725941
0.311554 -1.15885 -0.12039 0.726703
0.312282 -1.15865 -0.116319 0.727442
0.31301 -1.15846 -0.112244 0.728158
0.313738 -1.15826 -0.108167 0.728851
0.314465 -1.15806 -0.104086 0.729521
0.315193 -1.15787 -0.100002 0.730169
0.31592 -1.15767 -0.0959152 0.730793
0.316648 -1.15747 -0.0918256 0.731395
0.317375 -1.15727 -0.0877334 0.731973
0.318102 -1.15707 -0.0836386 0.732529
0.318829 -1.15687 -0.0795414 0.733061
0.319556 -1.15667 -0.0754419 0.733571
0.320282 -1.15647 -0.0713403 0.734058
0.321009 -1.15627 -0.0672367 0.734522
0.321735 -1.15607 -0.0631312 0.734962
0.322462 -1.15586 -0.059024 0.73538
0.323188 -1.15566 -0.0549151 0.735775
0.323914 -1.15546 -0.0508048 0.736147
0.32464 -1.15525 -0.0466931 0.736495
0.325366 -1.15505 -0.0425802 0.736821
0.326091 -1.15484 -0.0384661 0.737124
0.326817 -1.15464 -0.0343511 0.737404
0.327542 -1.15443 -0.0302353 0.737661
0.328268 -1.15423 -0.0261188 0.737895
0.328993 -1.15402 -0.0220017 0.738106
0.329718 -1.15381 -0.0178841 0.738294
0.330443 -1.15361 -0.0137662 0.73846
0.331167 -1.1534 -0.00964814 0.738602
0.331892 -1.15319 -0.00553 0.738721
0.332617 -1.15298 -0.00141192 0.738818
0.333341 -1.15277 0.00270596 0.738891
0.334065 -1.15256 0.00682352 0.738942
0.334789 -1.15235 0.0109406 0.73897
0.335513 -1.15214 0.0150572 0.738975
0.336237 -1.15193 0.019173 0.738957
0.336961 -1.15172 0.023288 0.738916
0.337684 -1.15151 0.027402 0.738852
0.338408 -1.15129 0.0315149 0.738766
0.339131 -1.15108 0.0356266 0.738657
0.339854 -1.15087 0.039737 0.738525
0.340577 -1.15066 0.0438459 0.73837
0.3413 -1.15044 0.0479532 0.738193
0.342023 -1.15023 0.0520588 0.737993
0.342746 -1.15001 0.0561625 0.73777
0.343468 -1.1498 0.0602643 0.737524
0.344191 -1.14958 0.0643639 0.737256
0.344913 -1.14936 0.0684613 0.736965
0.345635 -1.14915 0.0725564 0.736652
0.346357 -1.14893 0.076649 0.736316
0.347079 -1.14871 0.0807389 0.735957
0.3478 -1.14849 0.0848262 0.735576
0.348522 -1.14827 0.0889106 0.735173
0.349243 -1.14805 0.092992 0.734747
0.349965 -1.14783 0.0970703 0.734298
0.350686 -1.14761 0.101145 0.733827
0.351407 -1.14739 0.105217 0.733334
0.352128 -1.14717 0.109285 0.732818
0.352848 -1.14695 0.11335 0.73228
0.353569 -1.14673 0.117411 0.731719
0.354289 -1.14651 0.121468 0.731137
0.35501 -1.14628 0.125521 0.730532
0.35573 -1.14606 0.12957 0.729904
0.35645 -1.14584 0.133615 0.729255
0.35717 -1.14561 0.137656 0.728583
0.35789 -1.14539 0.141692 0.72789
0.358609 -1.14516 0.145723 0.727174
0.359329 -1.14494 0.14975 0.726436
0.360048 -1.14471 0.153772 0.725676
0.360767 -1.14449 0.157789 0.724895
0.361486 -1.14426 0.161801 0.724091
0.362205 -1.14403 0.165807 0.723265
0.362924 -1.1438 0.169809 0.722418
0.363642 -1.14358 0.173805 0.721548
0.364361 -1.14335 0.177796 0.720657
0.365079 -1.14312 0.18178 0.719745
0.365797 -1.14289 0.18576 0.71881
0.366515 -1.14266 0.189733 0.717854
0.367233 -1.14243 0.1937 0.716876
0.367951 -1.1422 0.197661 0.715877
0.368668 -1.14196 0.201616 0.714856
0.369386 -1.14173 0.205564 0.713813
0.370103 -1.1415 0.209507 0.712749
0.37082 -1.14127 0.213442 0.711664
0.371537 -1.14103 0.217371 0.710558
0.372254 -1.1408 0.221293 0.70943
0.372971 -1.14057 0.225208 0.708281
0.373688 -1.14033 0.229116 0.70711
0.374404 -1.1401 0.233016 0.705919
0.37512 -1.13986 0.23691 0.704706
0.375836 -1.13963 0.240796 0.703473
0.376552 -1.13939 0.244675 0.702218
0.377268 -1.13915 0.248546 0.700942
0.377984 -1.13892 0.252409 0.699646
0.378699 -1.13868 0.256264 0.698329
0.379415 -1.13844 0.260112 0.69699
0.38013 -1.1382 0.263951 0.695632
0.380845 -1.13796 0.267782 0.694252
0.38156 -1.13772 0.271605 0.692852
0.382275 -1.13748 0.27542 0.691431
0.382989 -1.13724 0.279226 0.68999
0.383704 -1.137 0.283023 0.688528
0.384418 -1.13676 0.286812 0.687046
0.385132 -1.13652 0.290592 0.685544
0.385846 -1.13628 0.294363 0.684021
0.38656 -1.13603 0.298125 0.682478
0.387274 -1.13579 0.301878 0.680915
0.387987 -1.13555 0.305621 0.679331
0.388701 -1.1353 0.309356 0.677728
0.389414 -1.13506 0.31308 0.676105
0.390127 -1.13481 0.316795 0.674462
0.39084 -1.13457 0.320501 0.672798
0.391553 -1.13432 0.324196 0.671116
0.392266 -1.13408 0.327882 0.669413
0.392978 -1.13383 0.331558 0.667691
0.39369 -1.13358 0.335224 0.665949
0.394403 -1.13333 0.338879 0.664187
0.395115 -1.13309 0.342524 0.662406
0.395826 -1.13284 0.346159 0.660606
0.396538 -1.13259 0.349783 0.658786
0.39725 -1.13234 0.353397 0.656948
0.397961 -1.13209 0.357 0.655089
0.398672 -1.13184 0.360592 0.653212
0.399383 -1.13159 0.364173 0.651316
0.400094 -1.13134 0.367744 0.6494
0.400805 -1.13109 0.371303 0.647466
0.401516 -1.13083 0.374851 0.645513
0.402226 -1.13058 0.378387 0.643541
0.402936 -1.13033 0.381913 0.64155
0.403647 -1.13007 0.385426 0.639541
0.404357 -1.12982 0.388928 0.637513
0.405066 -1.12957 0.392419 0.635467
0.405776 -1.12931 0.395898 0.633402
0.406486 -1.12906 0.399364 0.631319
0.407195 -1.1288 0.402819 0.629218
0.407904 -1.12855 0.406262 0.627098
0.408613 -1.12829 0.409693 0.62496
0.409322 -1.12803 0.413111 0.622804
0.410031 -1.12777 0.416517 0.620631
0.410739 -1.12752 0.419911 0.618439
0.411447 -1.12726 0.423292 0.616229
0.412156 -1.127 0.42666 0.614002
0.412864 -1.12674 0.430016 0.611757
0.413572 -1.12648 0.433359 0.609495
0.414279 -1.12622 0.436689 0.607214
0.414987 -1.12596 0.440006 0.604917
0.415694 -1.1257 0.44331 0.602602
0.416401 -1.12544 0.446601 0.60027
0.417108 -1.12518 0.449878 0.597921
0.417815 -1.12491 0.453143 0.595554
0.418522 -1.12465 0.456394 0.593171
0.419229 -1.12439 0.459631 0.59077
0.419935 -1.12412 0.462855 0.588353
0.420641 -1.12386 0.466065 0.585919
0.421347 -1.1236 0.469261 0.583468
0.422053 -1.12333 0.472444 0.581001
0.422759 -1.12306 0.475612 0.578517
0.423464 -1.1228 0.478767 0.576017
0.42417 -1.12253 0.481907 0.5735
0.424875 -1.12227 0.485034 0.570967
0.42558 -1.122 0.488146 0.568418
0.426285 -1.12173 0.491244 0.565853
0.42699 -1.12146 0.494327 0.563271
0.427694 -1.12119 0.497396 0.560674
0.428399 -1.12093 0.50045 0.558061
0.429103 -1.12066 0.50349 0.555432
0.429807 -1.12039 0.506515 0.552788
0.430511 -1.12012 0.509525 0.550128
0.431214 -1.11985 0.51252 0.547452
0.431918 -1.11957 0.5155 0.544761
0.432621 -1.1193 0.518466 0.542055
0.433325 -1.11903 0.521416 0.539333
0.434028 -1.11876 0.524351 0.536597
0.43473 -1.11849 0.52727 0.533845
0.435433 -1.11821 0.530175 0.531078
0.436136 -1.11794 0.533064 0.528297
0.436838 -1.11766 0.535937 0.5255
0.43754 -1.11739 0.538795 0.522689
0.438242 -1.11711 0.541638 0.519864
0.438944 -1.11684 0.544464 0.517024
0.439646 -1.11656 0.547275 0.514169
0.440347 -1.11629 0.55007 0.5113
0.441048 -1.11601 0.55285 0.508417
0.441749 -1.11573 0.555613 0.50552
0.44245 -1.11545 0.55836 0.502609
0.443151 -1.11518 0.561091 0.499684
0.443852 -1.1149 0.563806 0.496745
0.444552 -1.11462 0.566505 0.493792
0.445252 -1.11434 0.569187 0.490825
0.445953 -1.11406 0.571854 0.487846
0.446652 -1.11378 0.574503 0.484852
0.447352 -1.1135 0.577136 0.481845
0.448052 -1.11322 0.579753 0.478825
0.448751 -1.11293 0.582353 0.475792
0.44945 -1.11265 0.584937 0.472746
0.450149 -1.11237 0.587503 0.469686
0.450848 -1.11209 0.590053 0.466614
0.451547 -1.1118 0.592586 0.463529
0.452245 -1.11152 0.595102 0.460432
0.452944 -1.11123 0.597601 0.457321
0.453642 -1.11095 0.600083 0.454198
0.45434 -1.11066 0.602548 0.451063
0.455037 -1.11038 0.604996 0.447916
0.455735 -1.11009 0.607427 0.444756
0.456432 -1.10981 0.60984 0.441584
0.45713 -1.10952 0.612236 0.438401
0.457827 -1.10923 0.614615 0.435205
0.458523 -1.10894 0.616976 0.431998
0.45922 -1.10866 0.61932 0.428778
0.459917 -1.10837 0.621646 0.425548
0.460613 -1.10808 0.623955 0.422305
0.461309 -1.10779 0.626246 0.419052
0.462005 -1.1075 0.628519 0.415787
0.462701 -1.10721 0.630775 0.412511
0.463396 -1.10692 0.633013 0.409223
0.464092 -1.10662 0.635233 0.405925
0.464787 -1.10633 0.637435 0.402616
0.465482 -1.10604 0.639619 0.399296
0.466177 -1.10575 0.641785 0.395965
0.466872 -1.10546 0.643933 0.392624
0.467566 -1.10516 0.646064 0.389273
0.46826 -1.10487 0.648176 0.38591
0.468954 -1.10457 0.650269 0.382538
0.469648 -1.10428 0.652345 0.379156
0.470342 -1.10398 0.654402 0.375763
0.471036 -1.10369 0.656441 0.37236
0.471729 -1.10339 0.658462 0.368948
0.472422 -1.10309 0.660465 0.365526
0.473115 -1.1028 0.662449 0.362094
0.473808 -1.1025 0.664414 0.358652
0.474501 -1.1022 0.666361 0.355201
0.475193 -1.1019 0.66829 0.351741
0.475885 -1.1016 0.670199 0.348272
0.476577 -1.10131 0.672091 0.344793
0.477269 -1.10101 0.673963 0.341305
0.477961 -1.10071 0.675817 0.337809
0.478653 -1.10041 0.677652 0.334303
0.479344 -1.1001 0.679469 0.330789
0.480035 -1.0998 0.681266 0.327266
0.480726 -1.0995 0.683045 0.323735
0.481417 -1.0992 0.684805 0.320195
0.482107 -1.0989 0.686546 0.316647
0.482798 -1.09859 0.688268 0.313091
0.483488 -1.09829 0.689971 0.309527
0.484178 -1.09799 0.691655 0.305954
0.484867 -1.09768 0.69332 0.302374
0.485557 -1.09738 0.694966 0.298786
0.486246 -1.09707 0.696593 0.295191
0.486936 -1.09677 0.698201 0.291587
0.487625 -1.09646 0.69979 0.287977
0.488314 -1.09615 0.701359 0.284359
0.489002 -1.09585 0.702909 0.280733
0.489691 -1.09554 0.70444 0.277101
0.490379 -1.09523 0.705952 0.273462
0.491067 -1.09492 0.707444 0.269815
0.491755 -1.09461 0.708917 0.266162
0.492442 -1.0943 0.710371 0.262502
0.49313 -1.09399 0.711806 0.258836
0.493817 -1.09368 0.713221 0.255162
0.494504 -1.09337 0.714616 0.251483
0.495191 -1.09306 0.715993 0.247797
0.495878 -1.09275 0.717349 0.244105
0.496564 -1.09244 0.718687 0.240407
0.497251 -1.09213 0.720004 0.236703
0.497937 -1.09181 0.721303 0.232993
0.498623 -1.0915 0.722582 0.229278
0.499308 -1.09119 0.723841 0.225557
0.499994 -1.09087 0.72508 0.22183
0.500679 -1.09056 0.7263 0.218097
0.501364 -1.09024 0.727501 0.21436
0.502049 -1.08993 0.728682 0.210617
0.502734 -1.08961 0.729843 0.206869
0.503419 -1.0893 0.730985 0.203116
0.504103 -1.08898 0.732106 0.199358
0.504787 -1.08866 0.733209 0.195595
0.505471 -1.08835 0.734291 0.191828
0.506155 -1.08803 0.735354 0.188056
0.506838 -1.08771 0.736397 0.18428
0.507522 -1.08739 0.73742 0.180499
0.508205 -1.08707 0.738424 0.176714
0.508888 -1.08675 0.739408 0.172924
0.50957 -1.08643 0.740372 0.169131
0.510253 -1.08611 0.741317 0.165334
0.510935 -1.08579 0.742241 0.161532
0.511617 -1.08547 0.743146 0.157727
0.512299 -1.08515 0.744031 0.153919
0.512981 -1.08483 0.744896 0.150107
0.513662 -1.0845 0.745742 0.146291
0.514344 -1.08418 0.746567 0.142472
0.515025 -1.08386 0.747373 0.13865
0.515706 -1.08353 0.748159 0.134825
0.516386 -1.08321 0.748925 0.130997
0.517067 -1.08289 0.749672 0.127166
0.517747 -1.08256 0.750398 0.123332
0.518427 -1.08224 0.751105 0.119495
0.519107 -1.08191 0.751792 0.115656
0.519787 -1.08158 0.752459 0.111815
0.520466 -1.08126 0.753106 0.107971
0.521146 -1.08093 0.753733 0.104124
0.521825 -1.0806 0.754341 0.100276
0.522504 -1.08027 0.754929 0.0964255
0.523182 -1.07994 0.755496 0.092573
0.523861 -1.07962 0.756044 0.0887187
0.524539 -1.07929 0.756573 0.0848627
0.525217 -1.07896 0.757081 0.081005
0.525895 -1.07863 0.75757 0.0771458
0.526572 -1.0783 0.758038 0.0732852
0.52725 -1.07796 0.758487 0.0694232
0.527927 -1.07763 0.758917 0.06556
0.528604 -1.0773 0.759326 0.0616956
0.529281 -1.07697 0.759715 0.0578303
0.529957 -1.07664 0.760085 0.053964
0.530634 -1.0763 0.760435 0.050097
0.53131 -1.07597 0.760766 0.0462292
0.531986 -1.07564 0.761076 0.0423608
0.532662 -1.0753 0.761367 0.0384919
0.533337 -1.07497 0.761638 0.0346226
0.534012 -1.07463 0.761889 0.0307531
0.534688 -1.07429 0.762121 0.0268833
0.535362 -1.07396 0.762333 0.0230134
0.536037 -1.07362 0.762525 0.0191435
0.536712 -1.07329 0.762697 0.0152738
0.537386 -1.07295 0.76285 0.0114043
0.53806 -1.07261 0.762983 0.00753503
0.538734 -1.07227 0.763097 0.00366622
0.539407 -1.07193 0.763191 -0.00020207
0.540081 -1.07159 0.763265 -0.00406974
0.540754 -1.07125 0.76332 -0.0079367
0.541427 -1.07091 0.763355 -0.0118028
0.5421 -1.07057 0.763371 -0.015668
0.542772 -1.07023 0.763367 -0.0195322
0.543445 -1.06989 0.763344 -0.0233953
0.544117 -1.06955 0.763301 -0.0272572
0.544789 -1.06921 0.763238 -0.0311177
0.54546 -1.06887 0.763156 -0.0349768
0.546132 -1.06852 0.763055 -0.0388344
0.546803 -1.06818 0.762934 -0.0426904
0.547474 -1.06784 0.762794 -0.0465446
0.548145 -1.06749 0.762635 -0.0503971
0.548816 -1.06715 0.762456 -0.0542476
0.549486 -1.0668 0.762258 -0.0580961
0.550156 -1.06646 0.76204 -0.0619425
0.550826 -1.06611 0.761803 -0.0657867
0.551496 -1.06576 0.761547 -0.0696286
0.552165 -1.06542 0.761272 -0.0734681
0.552835 -1.06507 0.760977 -0.0773051
0.553504 -1.06472 0.760664 -0.0811395
0.554173 -1.06437 0.760331 -0.0849712
0.554841 -1.06403 0.759979 -0.0888001
0.55551 -1.06368 0.759608 -0.0926261
0.556178 -1.06333 0.759218 -0.0964491
0.556846 -1.06298 0.758808 -0.100269
0.557514 -1.06263 0.75838 -0.104086
0.558181 -1.06228 0.757933 -0.107899
0.558849 -1.06193 0.757467 -0.111709
0.559516 -1.06158 0.756982 -0.115516
0.560183 -1.06122 0.756478 -0.119319
0.560849 -1.06087 0.755955 -0.123119
0.561516 -1.06052 0.755413 -0.126915
0.562182 -1.06017 0.754852 -0.130706
0.562848 -1.05981 0.754273 -0.134494
0.563514 -1.05946 0.753675 -0.138278
0.564179 -1.0591 0.753058 -0.142058
0.564845 -1.05875 0.752423 -0.145834
0.56551 -1.05839 0.751769 -0.149605
0.566175 -1.05804 0.751096 -0.153372
0.566839 -1.05768 0.750405 -0.157135
0.567504 -1.05733 0.749695 -0.160892
0.568168 -1.05697 0.748967 -0.164646
0.568832 -1.05661 0.74822 -0.168394
0.569496 -1.05625 0.747455 -0.172138
0.570159 -1.0559 0.746671 -0.175876
0.570823 -1.05554 0.745869 -0.17961
0.571486 -1.05518 0.745049 -0.183339
0.572149 -1.05482 0.74421 -0.187062
0.572811 -1.05446 0.743353 -0.19078
0.573474 -1.0541 0.742479 -0.194492
0.574136 -1.05374 0.741585 -0.1982
0.574798 -1.05338 0.740674 -0.201901
0.57546 -1.05302 0.739745 -0.205597
0.576121 -1.05266 0.738798 -0.209287
0.576783 -1.05229 0.737832 -0.212972
0.577444 -1.05193 0.736849 -0.21665
0.578104 -1.05157 0.735848 -0.220323
0.578765 -1.0512 0.734829 -0.223989
0.579425 -1.05084 0.733792 -0.227649
0.580086 -1.05048 0.732737 -0.231303
0.580745 -1.05011 0.731665 -0.234951
0.581405 -1.04975 0.730575 -0.238592
0.582065 -1.04938 0.729467 -0.242226
0.582724 -1.04902 0.728342 -0.245854
0.583383 -1.04865 0.727199 -0.249476
0.584042 -1.04828 0.726039 -0.25309
0.5847 -1.04791 0.724861 -0.256698
0.585358 -1.04755 0.723666 -0.260299
0.586017 -1.04718 0.722453 -0.263893
0.586674 -1.04681 0.721223 -0.267479
0.587332 -1.04644 0.719976 -0.271059
0.587989 -1.04607 0.718712 -0.274631
0.588647 -1.0457 0.71743 -0.278196
0.589303 -1.04533 0.716131 -0.281753
0.58996 -1.04496 0.714816 -0.285303
0.590617 -1.04459 0.713483 -0.288846
0.591273 -1.04422 0.712133 -0.29238
0.591929 -1.04385 0.710767 -0.295907
0.592585 -1.04348 0.709383 -0.299427
0.59324 -1.0431 0.707983 -0.302938
0.593895 -1.04273 0.706566 -0.306441
0.59455 -1.04236 0.705132 -0.309936
0.595205 -1.04198 0.703681 -0.313423
0.59586 -1.04161 0.702214 -0.316902
0.596514 -1.04124 0.700731 -0.320372
0.597168 -1.04086 0.699231 -0.323835
0.597822 -1.04048 0.697714 -0.327288
0.598476 -1.04011 0.696181 -0.330733
0.599129 -1.03973 0.694632 -0.33417
0.599782 -1.03936 0.693066 -0.337598
0.600435 -1.03898 0.691484 -0.341017
0.601088 -1.0386 0.689886 -0.344427
0.60174 -1.03822 0.688272 -0.347829
0.602393 -1.03785 0.686642 -0.351221
0.603045 -1.03747 0.684996 -0.354604
0.603696 -1.03709 0.683334 -0.357979
0.604348 -1.03671 0.681656 -0.361344
0.604999 -1.03633 0.679962 -0.364699
0.60565 -1.03595 0.678252 -0.368046
0.606301 -1.03557 0.676527 -0.371383
0.606951 -1.03519 0.674786 -0.37471
0.607602 -1.0348 0.67303 -0.378028
0.608252 -1.03442 0.671258 -0.381336
0.608902 -1.03404 0.66947 -0.384635
0.609551 -1.03366 0.667667 -0.387924
0.610201 -1.03327 0.665849 -0.391203
0.61085 -1.03289 0.664015 -0.394472
0.611499 -1.03251 0.662166 -0.397731
0.612147 -1.03212 0.660302 -0.40098
0.612796 -1.03174 0.658423 -0.404219
0.613444 -1.03135 0.656529 -0.407448
0.614092 -1.03097 0.65462 -0.410667
0.614739 -1.03058 0.652696 -0.413875
0.615387 -1.03019 0.650757 -0.417073
0.616034 -1.02981 0.648803 -0.42026
0.616681 -1.02942 0.646834 -0.423437
0.617327 -1.02903 0.644851 -0.426604
0.617974 -1.02864 0.642853 -0.429759
0.61862 -1.02826 0.640841 -0.432904
0.619266 -1.02787 0.638814 -0.436039
0.619912 -1.02748 0.636773 -0.439162
0.620557 -1.02709 0.634717 -0.442275
0.621202 -1.0267 0.632648 -0.445376
0.621847 -1.02631 0.630563 -0.448467
0.622492 -1.02592 0.628465 -0.451546
0.623137 -1.02552 0.626353 -0.454614
0.623781 -1.02513 0.624226 -0.457671
0.624425 -1.02474 0.622086 -0.460717
0.625069 -1.02435 0.619932 -0.463752
0.625712 -1.02396 0.617764 -0.466775
0.626355 -1.02356 0.615582 -0.469787
0.626998 -1.02317 0.613386 -0.472787
0.627641 -1.02277 0.611177 -0.475775
0.628284 -1.02238 0.608955 -0.478752
0.628926 -1.02198 0.606718 -0.481718
0.629568 -1.02159 0.604469 -0.484671
0.63021 -1.02119 0.602206 -0.487613
0.630851 -1.0208 0.599929 -0.490543
0.631492 -1.0204 0.59764 -0.493461
0.632133 -1.02 0.595337 -0.496367
0.632774 -1.01961 0.593022 -0.499261
0.633415 -1.01921 0.590693 -0.502143
0.634055 -1.01881 0.588351 -0.505013
0.634695 -1.01841 0.585997 -0.507871
0.635335 -1.01801 0.583629 -0.510716
0.635974 -1.01761 0.581249 -0.51355
0.636613 -1.01721 0.578856 -0.51637
0.637252 -1.01681 0.576451 -0.519179
0.637891 -1.01641 0.574033 -0.521975
0.63853 -1.01601 0.571603 -0.524758
0.639168 -1.01561 0.56916 -0.527529
0.639806 -1.01521 0.566705 -0.530288
0.640444 -1.01481 0.564238 -0.533033
0.641081 -1.0144 0.561759 -0.535766
0.641718 -1.014 0.559267 -0.538487
0.642355 -1.0136 0.556764 -0.541194
0.642992 -1.01319 0.554248 -0.543889
0.643629 -1.01279 0.551721 -0.54657
0.644265 -1.01238 0.549182 -0.549239
0.644901 -1.01198 0.546631 -0.551895
0.645537 -1.01157 0.544068 -0.554538
0.646172 -1.01117 0.541494 -0.557167
0.646807 -1.01076 0.538908 -0.559784
0.647442 -1.01036 0.536311 -0.562387
0.648077 -1.00995 0.533703 -0.564978
0.648711 -1.00954 0.531083 -0.567554
0.649346 -1.00913 0.528452 -0.570118
0.649979 -1.00873 0.52581 -0.572668
0.650613 -1.00832 0.523157 -0.575205
0.651247 -1.00791 0.520493 -0.577729
0.65188 -1.0075 0.517818 -0.580239
0.652513 -1.00709 0.515132 -0.582735
0.653145 -1.00668 0.512435 -0.585218
0.653778 -1.00627 0.509728 -0.587687
0.65441 -1.00586 0.50701 -0.590143
0.655042 -1.00545 0.504281 -0.592585
0.655673 -1.00503 0.501542 -0.595013
0.656305 -1.00462 0.498793 -0.597427
0.656936 -1.00421 0.496033 -0.599828
0.657566 -1.0038 0.493263 -0.602215
0.658197 -1.00338 0.490483 -0.604588
0.658827 -1.00297 0.487692 -0.606947
0.659457 -1.00255 0.484892 -0.609292
0.660087 -1.00214 0.482082 -0.611623
0.660717 -1.00173 0.479262 -0.61394
0.661346 -1.00131 0.476432 -0.616243
0.661975 -1.00089 0.473592 -0.618532
0.662604 -1.00048 0.470743 -0.620806
0.663232 -1.00006 0.467884 -0.623067
0.663861 -0.999645 0.465015 -0.625313
0.664488 -0.999227 0.462138 -0.627545
0.665116 -0.99881 0.459251 -0.629763
0.665744 -0.998391 0.456354 -0.631967
0.666371 -0.997973 0.453449 -0.634156
0.666998 -0.997554 0.450534 -0.63633
0.667624 -0.997135 0.44761 -0.638491
0.668251 -0.996715 0.444678 -0.640637
0.668877 -0.996295 0.441736 -0.642768
0.669503 -0.995875 0.438786 -0.644885
0.670128 -0.995454 0.435827 -0.646988
0.670754 -0.995032 0.432859 -0.649076
0.671379 -0.994611 0.429883 -0.651149
0.672004 -0.994189 0.426898 -0.653208
0.672628 -0.993766 0.423905 -0.655252
0.673252 -0.993344 0.420903 -0.657281
0.673876 -0.99292 0.417894 -0.659296
0.6745 -0.992497 0.414876 -0.661296
0.675124 -0.992073 0.41185 -0.663281
0.675747 -0.991648 0.408816 -0.665252
0.67637 -0.991224 0.405774 -0.667207
0.676992 -0.990798 0.402724 -0.669148
0.677615 -0.990373 0.399666 -0.671074
0.678237 -0.989947 0.396601 -0.672985
0.678859 -0.98952 0.393528 -0.674881
0.67948 -0.989094 0.390447 -0.676762
0.680102 -0.988667 0.387359 -0.678629
0.680723 -0.988239 0.384263 -0.68048
0.681344 -0.987811 0.381161 -0.682316
0.681964 -0.987383 0.37805 -0.684138
0.682584 -0.986954 0.374933 -0.685944
0.683204 -0.986525 0.371809 -0.687735
0.683824 -0.986096 0.368678 -0.689511
0.684443 -0.985666 0.365539 -0.691272
0.685063 -0.985236 0.362394 -0.693018
0.685682 -0.984805 0.359242 -0.694749
0.6863 -0.984374 0.356084 -0.696465
0.686919 -0.983943 0.352918 -0.698165
0.687537 -0.983511 0.349747 -0.69985
0.688154 -0.983079 0.346568 -0.70152
0.688772 -0.982646 0.343384 -0.703175
0.689389 -0.982213 0.340193 -0.704815
0.690006 -0.98178 0.336995 -0.706439
0.690623 -0.981346 0.333792 -0.708048
0.691239 -0.980912 0.330583 -0.709641
0.691856 -0.980477 0.327367 -0.71122
0.692472 -0.980042 0.324146 -0.712783
0.693087 -0.979607 0.320918 -0.71433
0.693703 -0.979171 0.317685 -0.715863
0.694318 -0.978735 0.314447 -0.71738
0.694933 -0.978299 0.311202 -0.718881
0.695547 -0.977862 0.307953 -0.720367
0.696161 -0.977425 0.304697 -0.721838
0.696775 -0.976987 0.301437 -0.723294
0.697389 -0.976549 0.298171 -0.724733
0.698003 -0.976111 0.294899 -0.726158
0.698616 -0.975672 0.291623 -0.727567
0.699229 -0.975233 0.288342 -0.72896
0.699841 -0.974793 0.285055 -0.730338
0.700454 -0.974354 0.281764 -0.731701
0.701066 -0.973913 0.278468 -0.733048
0.701677 -0.973473 0.275167 -0.73438
0.702289 -0.973031 0.271861 -0.735696
0.7029 -0.97259 0.268551 -0.736996
0.703511 -0.972148 0.265236 -0.738281
0.704122 -0.971706 0.261917 -0.739551
0.704732 -0.971263 0.258593 -0.740804
0.705342 -0.97082 0.255265 -0.742043
0.705952 -0.970377 0.251933 -0.743266
0.706562 -0.969933 0.248597 -0.744473
0.707171 -0.969489 0.245256 -0.745664
0.70778 -0.969045 0.241912 -0.746841
0.708389 -0.9686 0.238564 -0.748001
0.708997 -0.968154 0.235212 -0.749146
0.709605 -0.967709 0.231856 -0.750275
0.710213 -0.967263 0.228496 -0.751389
0.710821 -0.966816 0.225133 -0.752487
0.711428 -0.966369 0.221767 -0.75357
0.712035 -0.965922 0.218396 -0.754637
0.712642 -0.965475 0.215023 -0.755688
0.713248 -0.965027 0.211646 -0.756724
0.713855 -0.964578 0.208266 -0.757744
0.714461 -0.96413 0.204883 -0.758749
0.715066 -0.963681 0.201497 -0.759738
0.715672 -0.963231 0.198107 -0.760711
0.716277 -0.962781 0.194715 -0.761669
0.716881 -0.962331 0.19132 -0.762611
0.717486 -0.96188 0.187922 -0.763537
0.71809 -0.961429 0.184522 -0.764448
0.718694 -0.960978 0.181119 -0.765344
0.719298 -0.960526 0.177713 -0.766223
0.719901 -0.960074 0.174305 -0.767087
0.720504 -0.959622 0.170894 -0.767936
0.721107 -0.959169 0.167481 -0.768769
0.72171 -0.958715 0.164066 -0.769586
0.722312 -0.958262 0.160649 -0.770388
0.722914 -0.957808 0.157229 -0.771174
0.723515 -0.957353 0.153808 -0.771945
0.724117 -0.956899 0.150384 -0.7727
0.724718 -0.956443 0.146959 -0.77344
0.725319 -0.955988 0.143532 -0.774164
0.725919 -0.955532 0.140103 -0.774872
0.726519 -0.955076 0.136672 -0.775565
0.727119 -0.954619 0.13324 -0.776242
0.727719 -0.954162 0.129807 -0.776904
0.728318 -0.953704 0.126372 -0.77755
0.728918 -0.953247 0.122935 -0.778181
0.729516 -0.952788 0.119498 -0.778796
0.730115 -0.95233 0.116059 -0.779396
0.730713 -0.951871 0.112619 -0.779981
0.731311 -0.951412 0.109177 -0.780549
0.731909 -0.950952 0.105735 -0.781103
0.732506 -0.950492 0.102292 -0.781641
0.733103 -0.950032 0.0988483 -0.782163
0.7337 -0.949571 0.0954036 -0.78267
0.734296 -0.94911 0.0919581 -0.783162
0.734893 -0.948648 0.0885121 -0.783638
0.735488 -0.948186 0.0850654 -0.784099
0.736084 -0.947724 0.0816183 -0.784544
0.736679 -0.947261 0.0781707 -0.784974
0.737274 -0.946798 0.0747227 -0.785389
0.737869 -0.946335 0.0712745 -0.785788
0.738464 -0.945871 0.0678261 -0.786172
0.739058 -0.945407 0.0643775 -0.786541
0.739652 -0.944942 0.0609288 -0.786894
0.740245 -0.944477 0.0574802 -0.787232
0.740839 -0.944012 0.0540316 -0.787555
0.741432 -0.943546 0.0505831 -0.787862
0.742024 -0.94308 0.0471348 -0.788155
0.742617 -0.942614 0.0436869 -0.788432
0.743209 -0.942147 0.0402392 -0.788693
0.743801 -0.94168 0.036792 -0.78894
0.744392 -0.941212 0.0333453 -0.789171
0.744983 -0.940744 0.0298991 -0.789388
0.745574 -0.940276 0.0264535 -0.789589
0.746165 -0.939807 0.0230086 -0.789775
0.746755 -0.939338 0.0195645 -0.789945
0.747345 -0.938869 0.0161212 -0.790101
0.747935 -0.938399 0.0126788 -0.790242
0.748525 -0.937929 0.00923735 -0.790367
0.749114 -0.937459 0.00579693 -0.790478
0.749703 -0.936988 0.00235761 -0.790573
0.750291 -0.936516 -0.00108054 -0.790654
0.750879 -0.936045 -0.00451746 -0.79072
0.751467 -0.935573 -0.00795309 -0.79077
0.752055 -0.935101 -0.0113873 -0.790806
0.752643 -0.934628 -0.0148202 -0.790827
0.75323 -0.934155 -0.0182515 -0.790832
0.753816 -0.933681 -0.0216813 -0.790823
0.754403 -0.933207 -0.0251094 -0.790799
0.754989 -0.932733 -0.0285359 -0.790761
0.755575 -0.932259 -0.0319605 -0.790707
0.756161 -0.931784 -0.0353834 -0.790639
0.756746 -0.931309 -0.0388044 -0.790556
0.757331 -0.930833 -0.0422234 -0.790458
0.757916 -0.930357 -0.0456404 -0.790345
0.7585 -0.92988 -0.0490552 -0.790218
0.759084 -0.929404 -0.052468 -0.790076
0.759668 -0.928927 -0.0558785 -0.78992
0.760252 -0.928449 -0.0592868 -0.789748
0.760835 -0.927971 -0.0626927 -0.789563
0.761418 -0.927493 -0.0660962 -0.789362
0.762 -0.927014 -0.0694973 -0.789147
0.762583 -0.926535 -0.0728958 -0.788918
0.763165 -0.926056 -0.0762917 -0.788674
0.763746 -0.925576 -0.0796849 -0.788416
0.764328 -0.925096 -0.0830755 -0.788143
0.764909 -0.924616 -0.0864632 -0.787856
0.76549 -0.924135 -0.0898481 -0.787554
0.76607 -0.923654 -0.0932301 -0.787238
0.76665 -0.923172 -0.0966091 -0.786908
0.76723 -0.922691 -0.0999852 -0.786563
0.76781 -0.922208 -0.103358 -0.786204
0.768389 -0.921726 -0.106728 -0.785831
0.768968 -0.921243 -0.110094 -0.785444
0.769547 -0.920759 -0.113458 -0.785042
0.770125 -0.920276 -0.116818 -0.784627
0.770703 -0.919792 -0.120174 -0.784197
0.771281 -0.919307 -0.123527 -0.783753
0.771858 -0.918822 -0.126877 -0.783295
0.772436 -0.918337 -0.130223 -0.782823
0.773012 -0.917852 -0.133565 -0.782337
0.773589 -0.917366 -0.136904 -0.781837
0.774165 -0.91688 -0.140239 -0.781323
0.774741 -0.916393 -0.14357 -0.780795
0.775317 -0.915906 -0.146897 -0.780253
0.775892 -0.915419 -0.150221 -0.779697
0.776467 -0.914931 -0.15354 -0.779128
0.777042 -0.914443 -0.156855 -0.778545
0.777616 -0.913955 -0.160166 -0.777948
0.77819 -0.913466 -0.163474 -0.777337
0.778764 -0.912977 -0.166776 -0.776712
0.779338 -0.912487 -0.170075 -0.776074
0.779911 -0.911997 -0.173369 -0.775423
0.780484 -0.911507 -0.176659 -0.774757
0.781056 -0.911017 -0.179945 -0.774079
0.781629 -0.910526 -0.183226 -0.773386
0.7822 -0.910034 -0.186502 -0.77268
0.782772 -0.909543 -0.189774 -0.771961
0.783343 -0.909051 -0.193041 -0.771228
0.783914 -0.908558 -0.196303 -0.770482
0.784485 -0.908066 -0.199561 -0.769723
0.785056 -0.907572 -0.202814 -0.76895
0.785626 -0.907079 -0.206062 -0.768164
0.786195 -0.906585 -0.209305 -0.767364
0.786765 -0.906091 -0.212543 -0.766552
0.787334 -0.905597 -0.215776 -0.765726
0.787903 -0.905102 -0.219004 -0.764887
0.788471 -0.904606 -0.222227 -0.764035
0.78904 -0.904111 -0.225445 -0.76317
0.789608 -0.903615 -0.228657 -0.762292
0.790175 -0.903119 -0.231864 -0.761401
0.790742 -0.902622 -0.235066 -0.760497
0.791309 -0.902125 -0.238262 -0.75958
0.791876 -0.901628 -0.241453 -0.75865
0.792442 -0.90113 -0.244638 -0.757708
0.793009 -0.900632 -0.247818 -0.756752
0.793574 -0.900133 -0.250993 -0.755784
0.79414 -0.899634 -0.254161 -0.754803
0.794705 -0.899135 -0.257324 -0.753809
0.79527 -0.898636 -0.260481 -0.752803
0.795834 -0.898136 -0.263633 -0.751784
0.796398 -0.897636 -0.266778 -0.750753
0.796962 -0.897135 -0.269918 -0.749709
0.797526 -0.896634 -0.273051 -0.748652
0.798089 -0.896133 -0.276179 -0.747583
0.798652 -0.895631 -0.2793 -0.746502
0.799214 -0.895129 -0.282416 -0.745408
0.799777 -0.894627 -0.285525 -0.744302
0.800338 -0.894124 -0.288628 -0.743184
0.8009 -0.893621 -0.291725 -0.742053
0.801461 -0.893118 -0.294816 -0.740911
0.802022 -0.892614 -0.2979 -0.739756
0.802583 -0.89211 -0.300978 -0.738589
0.803143 -0.891606 -0.30405 -0.737409
0.803704 -0.891101 -0.307115 -0.736218
0.804263 -0.890596 -0.310173 -0.735015
0.804823 -0.89009 -0.313225 -0.7338
0.805382 -0.889584 -0.316271 -0.732573
0.805941 -0.889078 -0.31931 -0.731334
0.806499 -0.888571 -0.322342 -0.730083
0.807057 -0.888065 -0.325367 -0.72882
0.807615 -0.887557 -0.328385 -0.727546
0.808173 -0.88705 -0.331397 -0.72626
0.80873 -0.886542 -0.334402 -0.724962
0.809287 -0.886033 -0.3374 -0.723652
0.809843 -0.885525 -0.340391 -0.722331
0.810399 -0.885016 -0.343375 -0.720999
0.810955 -0.884506 -0.346352 -0.719655
0.811511 -0.883997 -0.349322 -0.718299
0.812066 -0.883487 -0.352284 -0.716932
0.812621 -0.882976 -0.35524 -0.715554
0.813176 -0.882465 -0.358188 -0.714165
0.81373 -0.881954 -0.361129 -0.712764
0.814284 -0.881443 -0.364063 -0.711352
0.814838 -0.880931 -0.36699 -0.709928
0.815391 -0.880419 -0.369909 -0.708494
0.815944 -0.879906 -0.372821 -0.707049
0.816497 -0.879394 -0.375725 -0.705592
0.817049 -0.87888 -0.378622 -0.704124
0.817601 -0.878367 -0.381511 -0.702646
0.818153 -0.877853 -0.384393 -0.701156
0.818704 -0.877339 -0.387267 -0.699656
0.819255 -0.876824 -0.390133 -0.698145
0.819806 -0.876309 -0.392992 -0.696623
0.820357 -0.875794 -0.395843 -0.69509
0.820907 -0.875278 -0.398687 -0.693547
0.821457 -0.874762 -0.401522 -0.691993
0.822006 -0.874246 -0.40435 -0.690428
0.822555 -0.873729 -0.40717 -0.688853
0.823104 -0.873212 -0.409982 -0.687267
0.823652 -0.872695 -0.412786 -0.685671
0.824201 -0.872177 -0.415582 -0.684064
0.824748 -0.871659 -0.41837 -0.682447
0.825296 -0.871141 -0.42115 -0.68082
0.825843 -0.870622 -0.423922 -0.679182
0.82639 -0.870103 -0.426685 -0.677534
0.826937 -0.869584 -0.429441 -0.675876
0.827483 -0.869064 -0.432188 -0.674208
0.828029 -0.868544 -0.434928 -0.67253
0.828574 -0.868023 -0.437659 -0.670841
0.829119 -0.867503 -0.440381 -0.669143
0.829664 -0.866982 -0.443096 -0.667435
0.830209 -0.86646 -0.445802 -0.665717
0.830753 -0.865938 -0.448499 -0.663989
0.831297 -0.865416 -0.451188 -0.662251
0.831841 -0.864894 -0.453869 -0.660503
0.832384 -0.864371 -0.456542 -0.658746
0.832927 -0.863848 -0.459205 -0.656979
0.83347 -0.863324 -0.461861 -0.655202
0.834012 -0.8628 -0.464507 -0.653416
0.834554 -0.862276 -0.467145 -0.65162
0.835095 -0.861752 -0.469775 -0.649815
0.835637 -0.861227 -0.472395 -0.648
0.836178 -0.860701 -0.475007 -0.646176
0.836718 -0.860176 -0.477611 -0.644343
0.837259 -0.85965 -0.480205 -0.6425
0.837799 -0.859124 -0.482791 -0.640648
0.838338 -0.858597 -0.485368 -0.638787
0.838877 -0.85807 -0.487936 -0.636917
0.839416 -0.857543 -0.490496 -0.635037
0.839955 -0.857015 -0.493046 -0.633149
0.840493 -0.856488 -0.495587 -0.631251
0.841031 -0.855959 -0.49812 -0.629345
0.841569 -0.855431 -0.500643 -0.62743
0.842106 -0.854902 -0.503158 -0.625506
0.842643 -0.854372 -0.505663 -0.623573
0.84318 -0.853843 -0.50816 -0.621631
0.843716 -0.853313 -0.510647 -0.619681
0.844252 -0.852783 -0.513125 -0.617722
0.844788 -0.852252 -0.515594 -0.615754
0.845323 -0.851721 -0.518054 -0.613778
0.845858 -0.85119 -0.520505 -0.611793
0.846393 -0.850658 -0.522946 -0.6098
0.846927 -0.850126 -0.525379 -0.607798
0.847461 -0.849594 -0.527802 -0.605788
0.847995 -0.849061 -0.530215 -0.60377
0.848528 -0.848528 -0.53262 -0.601743
0.849061 -0.847995 -0.535015 -0.599709
0.849594 -0.847461 -0.537401 -0.597666
0.850126 -0.846927 -0.539777 -0.595615
0.850658 -0.846393 -0.542144 -0.593555
0.85119 -0.845858 -0.544501 -0.591488
0.851721 -0.845323 -0.546849 -0.589413
0.852252 -0.844788 -0.549188 -0.58733
0.852783 -0.844252 -0.551517 -0.585239
0.853313 -0.843716 -0.553836 -0.58314
0.853843 -0.84318 -0.556146 -0.581034
0.854372 -0.842643 -0.558447 -0.57892
0.854902 -0.842106 -0.560738 -0.576798
0.855431 -0.841569 -0.563019 -0.574668
0.855959 -0.841031 -0.565291 -0.572531
0.856488 -0.840493 -0.567553 -0.570386
0.857015 -0.839955 -0.569805 -0.568234
0.857543 -0.839416 -0.572048 -0.566075
0.85807 -0.838877 -0.574281 -0.563908
0.858597 -0.838338 -0.576504 -0.561733
0.859124 -0.837799 -0.578718 -0.559552
0.85965 -0.837259 -0.580922 -0.557363
0.860176 -0.836718 -0.583116 -0.555167
0.860701 -0.836178 -0.5853 -0.552964
0.861227 -0.835637 -0.587474 -0.550754
0.861752 -0.835095 -0.589639 -0.548537
0.862276 -0.834554 -0.591794 -0.546313
0.8628 -0.834012 -0.593939 -0.544081
0.863324 -0.83347 -0.596074 -0.541843
0.863848 -0.832927 -0.598199 -0.539599
0.864371 -0.832384 -0.600314 -0.537347
0.864894 -0.831841 -0.602419 -0.535089
0.865416 -0.831297 -0.604515 -0.532824
0.865938 -0.830753 -0.6066 -0.530552
0.86646 -0.830209 -0.608676 -0.528274
0.866982 -0.829664 -0.610741 -0.525989
0.867503 -0.829119 -0.612797 -0.523698
0.868023 -0.828574 -0.614842 -0.5214
0.868544 -0.828029 -0.616878 -0.519096
0.869064 -0.827483 -0.618903 -0.516785
0.869584 -0.826937 -0.620918 -0.514469
0.870103 -0.82639 -0.622924 -0.512146
0.870622 -0.825843 -0.624919 -0.509816
0.871141 -0.825296 -0.626904 -0.507481
0.871659 -0.824748 -0.628879 -0.50514
0.872177 -0.824201 -0.630844 -0.502792
0.872695 -0.823652 -0.632799 -0.500439
0.873212 -0.823104 -0.634743 -0.49808
0.873729 -0.822555 -0.636678 -0.495714
0.874246 -0.822006 -0.638602 -0.493343
0.874762 -0.821457 -0.640516 -0.490966
0.875278 -0.820907 -0.64242 -0.488584
0.875794 -0.820357 -0.644314 -0.486195
0.876309 -0.819806 -0.646198 -0.483801
0.876824 -0.819255 -0.648071 -0.481402
0.877339 -0.818704 -0.649934 -0.478997
0.877853 -0.818153 -0.651787 -0.476586
0.878367 -0.817601 -0.653629 -0.47417
0.87888 -0.817049 -0.655462 -0.471748
0.879394 -0.816497 -0.657284 -0.469322
0.879906 -0.815944 -0.659096 -0.466889
0.880419 -0.815391 -0.660897 -0.464452
0.880931 -0.814838 -0.662689 -0.462009
0.881443 -0.814284 -0.66447 -0.459562
0.881954 -0.81373 -0.66624 -0.457109
0.882465 -0.813176 -0.668001 -0.454651
0.882976 -0.812621 -0.669751 -0.452188
0.883487 -0.812066 -0.67149 -0.44972
0.883997 -0.811511 -0.67322 -0.447247
0.884506 -0.810955 -0.674939 -0.444769
0.885016 -0.810399 -0.676647 -0.442287
0.885525 -0.809843 -0.678346 -0.4398
0.886033 -0.809287 -0.680034 -0.437308
0.886542 -0.80873 -0.681711 -0.434811
0.88705 -0.808173 -0.683378 -0.43231
0.887557 -0.807615 -0.685035 -0.429804
0.888065 -0.807057 -0.686682 -0.427294
0.888571 -0.806499 -0.688318 -0.424779
0.889078 -0.805941 -0.689944 -0.422259
0.889584 -0.805382 -0.691559 -0.419736
0.89009 -0.804823 -0.693164 -0.417208
0.890596 -0.804263 -0.694758 -0.414675
0.891101 -0.803704 -0.696342 -0.412139
0.891606 -0.803143 -0.697916 -0.409598
0.89211 -0.802583 -0.699479 -0.407053
0.892614 -0.802022 -0.701032 -0.404504
0.893118 -0.801461 -0.702575 -0.401951
0.893621 -0.8009 -0.704107 -0.399394
0.894124 -0.800338 -0.705628 -0.396833
0.894627 -0.799777 -0.707139 -0.394268
0.895129 -0.799214 -0.70864 -0.3917
0.895631 -0.798652 -0.71013 -0.389127
0.896133 -0.798089 -0.71161 -0.386551
0.896634 -0.797526 -0.71308 -0.383971
0.897135 -0.796962 -0.714539 -0.381387
0.897636 -0.796398 -0.715987 -0.3788
0.898136 -0.795834 -0.717425 -0.376209
0.898636 -0.79527 -0.718853 -0.373615
0.899135 -0.794705 -0.72027 -0.371017
0.899634 -0.79414 -0.721677 -0.368415
0.900133 -0.793574 -0.723074 -0.365811
0.900632 -0.793009 -0.72446 -0.363203
0.90113 -0.792442 -0.725835 -0.360591
0.901628 -0.791876 -0.7272 -0.357977
0.902125 -0.791309 -0.728555 -0.355359
0.902622 -0.790742 -0.729899 -0.352738
0.903119 -0.790175 -0.731233 -0.350114
0.903615 -0.789608 -0.732556 -0.347487
0.904111 -0.78904 -0.733869 -0.344856
0.904606 -0.788471 -0.735172 -0.342223
0.905102 -0.787903 -0.736464 -0.339587
0.905597 -0.787334 -0.737745 -0.336948
0.906091 -0.786765 -0.739017 -0.334307
0.906585 -0.786195 -0.740278 -0.331662
0.907079 -0.785626 -0.741528 -0.329015
0.907572 -0.785056 -0.742768 -0.326365
0.908066 -0.784485 -0.743998 -0.323712
0.908558 -0.783914 -0.745217 -0.321057
0.909051 -0.783343 -0.746426 -0.318399
0.909543 -0.782772 -0.747624 -0.315738
0.910034 -0.7822 -0.748812 -0.313076
0.910526 -0.781629 -0.74999 -0.31041
0.911017 -0.781056 -0.751157 -0.307743
0.911507 -0.780484 -0.752314 -0.305073
0.911997 -0.779911 -0.753461 -0.3024
0.912487 -0.779338 -0.754597 -0.299726
0.912977 -0.778764 -0.755723 -0.297049
0.913466 -0.77819 -0.756838 -0.29437
0.913955 -0.777616 -0.757943 -0.291689
0.914443 -0.777042 -0.759038 -0.289006
0.914931 -0.776467 -0.760122 -0.286321
0.915419 -0.775892 -0.761196 -0.283634
0.915906 -0.775317 -0.76226 -0.280945
0.916393 -0.774741 -0.763314 -0.278254
0.91688 -0.774165 -0.764357 -0.275561
0.917366 -0.773589 -0.76539 -0.272867
0.917852 -0.773012 -0.766412 -0.27017
0.918337 -0.772436 -0.767425 -0.267472
0.918822 -0.771858 -0.768427 -0.264772
0.919307 -0.771281 -0.769418 -0.262071
0.919792 -0.770703 -0.7704 -0.259368
0.920276 -0.770125 -0.771371 -0.256663
0.920759 -0.769547 -0.772332 -0.253957
0.921243 -0.768968 -0.773283 -0.25125
0.921726 -0.768389 -0.774223 -0.248541
0.922208 -0.76781 -0.775153 -0.24583
0.922691 -0.76723 -0.776073 -0.243119
0.923172 -0.76665 -0.776983 -0.240406
0.923654 -0.76607 -0.777883 -0.237691
0.924135 -0.76549 -0.778772 -0.234976
0.924616 -0.764909 -0.779652 -0.232259
0.925096 -0.764328 -0.780521 -0.229541
0.925576 -0.763746 -0.78138 -0.226823
0.926056 -0.763165 -0.782229 -0.224103
0.926535 -0.762583 -0.783067 -0.221382
0.927014 -0.762 -0.783896 -0.21866
0.927493 -0.761418 -0.784714 -0.215937
0.927971 -0.760835 -0.785523 -0.213213
0.928449 -0.760252 -0.786321 -0.210489
0.928927 -0.759668 -0.787109 -0.207763
0.929404 -0.759084 -0.787887 -0.205037
0.92988 -0.7585 -0.788655 -0.202311
0.930357 -0.757916 -0.789413 -0.199583
0.930833 -0.757331 -0.790161 -0.196855
0.931309 -0.756746 -0.790899 -0.194126
0.931784 -0.756161 -0.791627 -0.191397
0.932259 -0.755575 -0.792345 -0.188667
0.932733 -0.754989 -0.793053 -0.185937
0.933207 -0.754403 -0.793751 -0.183206
0.933681 -0.753816 -0.794439 -0.180475
0.934155 -0.75323 -0.795117 -0.177743
0.934628 -0.752643 -0.795785 -0.175012
0.935101 -0.752055 -0.796443 -0.172279
0.935573 -0.751467 -0.797092 -0.169547
0.936045 -0.750879 -0.79773 -0.166815
0.936516 -0.750291 -0.798358 -0.164082
0.936988 -0.749703 -0.798977 -0.161349
0.937459 -0.749114 -0.799586 -0.158616
0.937929 -0.748525 -0.800185 -0.155883
0.938399 -0.747935 -0.800774 -0.15315
0.938869 -0.747345 -0.801353 -0.150417
0.939338 -0.746755 -0.801923 -0.147684
0.939807 -0.746165 -0.802483 -0.144951
0.940276 -0.745574 -0.803033 -0.142219
0.940744 -0.744983 -0.803573 -0.139486
0.941212 -0.744392 -0.804103 -0.136754
0.94168 -0.743801 -0.804624 -0.134022
0.942147 -0.743209 -0.805135 -0.13129
0.942614 -0.742617 -0.805637 -0.128559
0.94308 -0.742024 -0.806128 -0.125828
0.943546 -0.741432 -0.80661 -0.123097
0.944012 -0.740839 -0.807083 -0.120367
0.944477 -0.740245 -0.807546 -0.117637
0.944942 -0.739652 -0.807999 -0.114908
0.945407 -0.739058 -0.808442 -0.11218
0.945871 -0.738464 -0.808876 -0.109451
0.946335 -0.737869 -0.809301 -0.106724
0.946798 -0.737274 -0.809716 -0.103997
0.947261 -0.736679 -0.810121 -0.101271
0.947724 -0.736084 -0.810517 -0.0985458
0.948186 -0.735488 -0.810903 -0.0958212
0.948648 -0.734893 -0.81128 -0.0930974
0.94911 -0.734296 -0.811647 -0.0903744
0.949571 -0.7337 -0.812005 -0.0876523
0.950032 -0.733103 -0.812354 -0.0849311
0.950492 -0.732506 -0.812693 -0.0822109
0.950952 -0.731909 -0.813023 -0.0794916
0.951412 -0.731311 -0.813343 -0.0767733
0.951871 -0.730713 -0.813654 -0.0740561
0.95233 -0.730115 -0.813956 -0.0713399
0.952788 -0.729516 -0.814248 -0.0686249
0.953247 -0.728918 -0.814531 -0.065911
0.953704 -0.728318 -0.814805 -0.0631983
0.954162 -0.727719 -0.815069 -0.0604868
0.954619 -0.727119 -0.815325 -0.0577766
0.955076 -0.726519 -0.815571 -0.0550676
0.955532 -0.725919 -0.815808 -0.0523599
0.955988 -0.725319 -0.816035 -0.0496536
0.956443 -0.724718 -0.816254 -0.0469487
0.956899 -0.724117 -0.816463 -0.0442452
0.957353 -0.723515 -0.816663 -0.0415431
0.957808 -0.722914 -0.816854 -0.0388425
0.958262 -0.722312 -0.817036 -0.0361435
0.958715 -0.72171 -0.817209 -0.0334459
0.959169 -0.721107 -0.817373 -0.03075
0.959622 -0.720504 -0.817528 -0.0280557
0.960074 -0.719901 -0.817674 -0.025363
0.960526 -0.719298 -0.817811 -0.0226719
0.960978 -0.718694 -0.817939 -0.0199826
0.961429 -0.71809 -0.818058 -0.017295
0.96188 -0.717486 -0.818168 -0.0146092
0.962331 -0.716881 -0.818269 -0.0119252
0.962781 -0.716277 -0.818361 -0.00924297
0.963231 -0.715672 -0.818444 -0.00656263
0.963681 -0.715066 -0.818519 -0.00388419
0.96413 -0.714461 -0.818584 -0.00120767
0.964578 -0.713855 -0.818641 0.00146689
0.965027 -0.713248 -0.818689 0.00413948
0.965475 -0.712642 -0.818729 0.00681005
0.965922 -0.712035 -0.818759 0.00947858
0.966369 -0.711428 -0.818781 0.012145
0.966816 -0.710821 -0.818794 0.0148094
0.967263 -0.710213 -0.818799 0.0174716
0.967709 -0.709605 -0.818795 0.0201316
0.968154 -0.708997 -0.818782 0.0227895
0.9686 -0.708389 -0.81876 0.0254451
0.969045 -0.70778 -0.81873 0.0280985
0.969489 -0.707171 -0.818692 0.0307496
0.969933 -0.706562 -0.818645 0.0333985
0.970377 -0.705952 -0.818589 0.0360449
0.97082 -0.705342 -0.818525 0.038689
0.971263 -0.704732 -0.818452 0.0413307
0.971706 -0.704122 -0.818371 0.04397
0.972148 -0.703511 -0.818282 0.0466068
0.97259 -0.7029 -0.818184 0.0492412
0.973031 -0.702289 -0.818077 0.051873
0.973473 -0.701677 -0.817963 0.0545024
0.973913 -0.701066 -0.81784 0.0571291
0.974354 -0.700454 -0.817708 0.0597533
0.974793 -0.699841 -0.817569 0.0623748
0.975233 -0.699229 -0.817421 0.0649937
0.975672 -0.698616 -0.817265 0.06761
0.976111 -0.698003 -0.8171 0.0702235
0.976549 -0.697389 -0.816928 0.0728343
0.976987 -0.696775 -0.816747 0.0754424
0.977425 -0.696161 -0.816558 0.0780477
0.977862 -0.695547 -0.816361 0.0806501
0.978299 -0.694933 -0.816156 0.0832498
0.978735 -0.694318 -0.815942 0.0858466
0.979171 -0.693703 -0.815721 0.0884405
0.979607 -0.693087 -0.815492 0.0910315
0.980042 -0.692472 -0.815254 0.0936196
0.980477 -0.691856 -0.815009 0.0962047
0.980912 -0.691239 -0.814755 0.0987869
0.981346 -0.690623 -0.814494 0.101366
0.98178 -0.690006 -0.814225 0.103942
0.982213 -0.689389 -0.813948 0.106515
0.982646 -0.688772 -0.813663 0.109085
0.983079 -0.688154 -0.81337 0.111652
0.983511 -0.687537 -0.813069 0.114216
0.983943 -0.686919 -0.812761 0.116776
0.984374 -0.6863 -0.812445 0.119334
0.984805 -0.685682 -0.812121 0.121888
0.985236 -0.685063 -0.811789 0.124439
0.985666 -0.684443 -0.81145 0.126987
0.986096 -0.683824 -0.811102 0.129531
0.986525 -0.683204 -0.810748 0.132072
0.986954 -0.682584 -0.810385 0.13461
0.987383 -0.681964 -0.810015 0.137144
0.987811 -0.681344 -0.809638 0.139676
0.988239 -0.680723 -0.809253 0.142203
0.988667 -0.680102 -0.80886 0.144728
0.989094 -0.67948 -0.80846 0.147249
0.98952 -0.678859 -0.808053 0.149766
0.989947 -0.678237 -0.807637 0.15228
0.990373 -0.677615 -0.807215 0.15479
0.990798 -0.676992 -0.806785 0.157297
0.991224 -0.67637 -0.806348 0.159801
0.991648 -0.675747 -0.805903 0.1623
0.992073 -0.675124 -0.805451 0.164797
0.992497 -0.6745 -0.804992 0.167289
0.99292 -0.673876 -0.804526 0.169778
0.993344 -0.673252 -0.804052 0.172264
0.993766 -0.672628 -0.803571 0.174745
0.994189 -0.672004 -0.803083 0.177223
0.994611 -0.671379 -0.802587 0.179698
0.995032 -0.670754 -0.802085 0.182168
0.995454 -0.670128 -0.801575 0.184635
0.995875 -0.669503 -0.801059 0.187098
0.996295 -0.668877 -0.800535 0.189557
0.996715 -0.668251 -0.800004 0.192013
0.997135 -0.667624 -0.799466 0.194464
0.997554 -0.666998 -0.798922 0.196912
0.997973 -0.666371 -0.79837 0.199356
0.998391 -0.665744 -0.797811 0.201796
0.99881 -0.665116 -0.797245 0.204232
0.999227 -0.664488 -0.796673 0.206664
0.999645 -0.663861 -0.796094 0.209092
1.00006 -0.663232 -0.795507 0.211516
1.00048 -0.662604 -0.794914 0.213936
1.00089 -0.661975 -0.794314 0.216353
1.00131 -0.661346 -0.793708 0.218765
1.00173 -0.660717 -0.793095 0.221173
1.00214 -0.660087 -0.792475 0.223577
1.00255 -0.659457 -0.791848 0.225977
1.00297 -0.658827 -0.791215 0.228373
1.00338 -0.658197 -0.790575 0.230765
1.0038 -0.657566 -0.789928 0.233152
1.00421 -0.656936 -0.789275 0.235536
1.00462 -0.656305 -0.788615 0.237915
1.00503 -0.655673 -0.787949 0.24029
1.00545 -0.655042 -0.787277 0.242661
1.00586 -0.65441 -0.786597 0.245028
1.00627 -0.653778 -0.785912 0.247391
1.00668 -0.653145 -0.78522 0.249749
1.00709 -0.652513 -0.784522 0.252103
1.0075 -0.65188 -0.783817 0.254453
1.00791 -0.651247 -0.783106 0.256798
1.00832 -0.650613 -0.782388 0.259139
1.00873 -0.649979 -0.781665 0.261476
1.00913 -0.649346 -0.780935 0.263809
1.00954 -0.648711 -0.780199 0.266137
1.00995 -0.648077 -0.779456 0.268461
1.01036 -0.647442 -0.778708 0.27078
1.01076 -0.646807 -0.777953 0.273095
1.01117 -0.646172 -0.777192 0.275405
1.01157 -0.645537 -0.776426 0.277712
1.01198 -0.644901 -0.775653 0.280013
1.01238 -0.644265 -0.774874 0.28231
1.01279 -0.643629 -0.774089 0.284603
1.01319 -0.642992 -0.773298 0.286891
1.0136 -0.642355 -0.772501 0.289175
1.014 -0.641718 -0.771698 0.291454
1.0144 -0.641081 -0.770889 0.293729
1.01481 -0.640444 -0.770075 0.295999
1.01521 -0.639806 -0.769254 0.298264
1.01561 -0.639168 -0.768428 0.300525
1.01601 -0.63853 -0.767596 0.302782
1.01641 -0.637891 -0.766758 0.305033
1.01681 -0.637252 -0.765914 0.307281
1.01721 -0.636613 -0.765065 0.309523
1.01761 -0.635974 -0.76421 0.311761
1.01801 -0.635335 -0.763349 0.313994
1.01841 -0.634695 -0.762483 0.316223
1.01881 -0.634055 -0.761611 0.318447
1.01921 -0.633415 -0.760733 0.320666
1.01961 -0.632774 -0.75985 0.32288
1.02 -0.632133 -0.758962 0.32509
1.0204 -0.631492 -0.758067 0.327295
1.0208 -0.630851 -0.757168 0.329496
1.02119 -0.63021 -0.756263 0.331691
1.02159 -0.629568 -0.755352 0.333882
1.02198 -0.628926 -0.754437 0.336068
1.02238 -0.628284 -0.753515 0.338249
1.02277 -0.627641 -0.752589 0.340426
1.02317 -0.626998 -0.751657 0.342597
1.02356 -0.626355 -0.75072 0.344764
1.02396 -0.625712 -0.749777 0.346926
1.02435 -0.625069 -0.74883 0.349083
1.02474 -0.624425 -0.747877 0.351236
1.02513 -0.623781 -0.746919 0.353383
1.02552 -0.623137 -0.745956 0.355526
1.02592 -0.622492 -0.744987 0.357663
1.02631 -0.621847 -0.744014 0.359796
1.0267 -0.621202 -0.743035 0.361924
1.02709 -0.620557 -0.742052 0.364047
1.02748 -0.619912 -0.741063 0.366165
1.02787 -0.619266 -0.74007 0.368278
1.02826 -0.61862 -0.739071 0.370386
1.02864 -0.617974 -0.738068 0.37249
1.02903 -0.617327 -0.73706 0.374588
1.02942 -0.616681 -0.736046 0.376681
1.02981 -0.616034 -0.735028 0.37877
1.03019 -0.615387 -0.734005 0.380853
1.03058 -0.614739 -0.732978 0.382932
1.03097 -0.614092 -0.731945 0.385005
1.03135 -0.613444 -0.730908 0.387073
1.03174 -0.612796 -0.729866 0.389137
1.03212 -0.612147 -0.728819 0.391195
1.03251 -0.611499 -0.727768 0.393248
1.03289 -0.61085 -0.726712 0.395297
1.03327 -0.610201 -0.725651 0.39734
1.03366 -0.609551 -0.724586 0.399378
1.03404 -0.608902 -0.723516 0.401411
1.03442 -0.608252 -0.722442 0.403439
1.0348 -0.607602 -0.721363 0.405462
1.03519 -0.606951 -0.72028 0.40748
1.03557 -0.606301 -0.719192 0.409493
1.03595 -0.60565 -0.7181 0.4115
1.03633 -0.604999 -0.717003 0.413503
1.03671 -0.604348 -0.715903 0.4155
1.03709 -0.603696 -0.714797 0.417493
1.03747 -0.603045 -0.713688 0.41948
1.03785 -0.602393 -0.712574 0.421462
1.03822 -0.60174 -0.711455 0.423439
1.0386 -0.601088 -0.710333 0.425411
1.03898 -0.600435 -0.709206 0.427377
1.03936 -0.599782 -0.708075 0.429339
1.03973 -0.599129 -0.70694 0.431295
1.04011 -0.598476 -0.705801 0.433246
1.04048 -0.597822 -0.704658 0.435192
1.04086 -0.597168 -0.703511 0.437133
1.04124 -0.596514 -0.702359 0.439069
1.04161 -0.59586 -0.701204 0.440999
1.04198 -0.595205 -0.700044 0.442925
1.04236 -0.59455 -0.698881 0.444845
1.04273 -0.593895 -0.697713 0.446759
1.0431 -0.59324 -0.696542 0.448669
1.04348 -0.592585 -0.695367 0.450574
1.04385 -0.591929 -0.694188 0.452473
1.04422 -0.591273 -0.693005 0.454367
1.04459 -0.590617 -0.691818 0.456255
1.04496 -0.58996 -0.690627 0.458139
1.04533 -0.589303 -0.689433 0.460017
1.0457 -0.588647 -0.688235 0.46189
1.04607 -0.587989 -0.687033 0.463758
1.04644 -0.587332 -0.685827 0.465621
1.04681 -0.586674 -0.684618 0.467478
1.04718 -0.586017 -0.683405 0.46933
1.04755 -0.585358 -0.682189 0.471177
1.04791 -0.5847 -0.680969 0.473018
1.04828 -0.584042 -0.679745 0.474855
1.04865 -0.583383 -0.678518 0.476686
1.04902 -0.582724 -0.677287 0.478511
1.04938 -0.582065 -0.676053 0.480332
1.04975 -0.581405 -0.674815 0.482147
1.05011 -0.580745 -0.673574 0.483957
1.05048 -0.580086 -0.67233 0.485762
1.05084 -0.579425 -0.671082 0.487561
1.0512 -0.578765 -0.66983 0.489355
1.05157 -0.578104 -0.668576 0.491144
1.05193 -0.577444 -0.667318 0.492927
1.05229 -0.576783 -0.666056 0.494705
1.05266 -0.576121 -0.664792 0.496478
1.05302 -0.57546 -0.663524 0.498246
1.05338 -0.574798 -0.662253 0.500008
1.05374 -0.574136 -0.660979 0.501765
1.0541 -0.573474 -0.659702 0.503517
1.05446 -0.572811 -0.658421 0.505263
1.05482 -0.572149 -0.657138 0.507004
1.05518 -0.571486 -0.655851 0.50874
1.05554 -0.570823 -0.654561 0.510471
1.0559 -0.570159 -0.653269 0.512196
1.05625 -0.569496 -0.651973 0.513916
1.05661 -0.568832 -0.650674 0.51563
1.05697 -0.568168 -0.649372 0.51734
1.05733 -0.567504 -0.648068 0.519043
1.05768 -0.566839 -0.64676 0.520742
1.05804 -0.566175 -0.64545 0.522435
1.05839 -0.56551 -0.644136 0.524123
1.05875 -0.564845 -0.64282 0.525806
1.0591 -0.564179 -0.641501 0.527483
1.05946 -0.563514 -0.640179 0.529155
1.05981 -0.562848 -0.638855 0.530822
1.06017 -0.562182 -0.637528 0.532484
1.06052 -0.561516 -0.636197 0.53414
1.06087 -0.560849 -0.634865 0.535791
1.06122 -0.560183 -0.633529 0.537436
1.06158 -0.559516 -0.632191 0.539076
1.06193 -0.558849 -0.630851 0.540711
1.06228 -0.558181 -0.629507 0.542341
1.06263 -0.557514 -0.628162 0.543965
1.06298 -0.556846 -0.626813 0.545584
1.06333 -0.556178 -0.625462 0.547197
1.06368 -0.55551 -0.624109 0.548806
1.06403 -0.554841 -0.622753 0.550409
1.06437 -0.554173 -0.621395 0.552006
1.06472 -0.553504 -0.620034 0.553599
1.06507 -0.552835 -0.618671 0.555186
1.06542 -0.552165 -0.617305 0.556768
1.06576 -0.551496 -0.615937 0.558344
1.06611 -0.550826 -0.614567 0.559915
1.06646 -0.550156 -0.613194 0.561481
1.0668 -0.549486 -0.61182 0.563042
1.06715 -0.548816 -0.610442 0.564597
1.06749 -0.548145 -0.609063 0.566147
1.06784 -0.547474 -0.607681 0.567692
1.06818 -0.546803 -0.606298 0.569231
1.06852 -0.546132 -0.604912 0.570766
1.06887 -0.54546 -0.603524 0.572294
1.06921 -0.544789 -0.602133 0.573818
1.06955 -0.544117 -0.600741 0.575336
1.06989 -0.543445 -0.599347 0.576849
1.07023 -0.542772 -0.59795 0.578357
1.07057 -0.5421 -0.596552 0.57986
1.07091 -0.541427 -0.595151 0.581357
1.07125 -0.540754 -0.593748 0.582849
1.07159 -0.540081 -0.592344 0.584336
1.07193 -0.539407 -0.590938 0.585817
1.07227 -0.538734 -0.589529 0.587293
1.07261 -0.53806 -0.588119 0.588764
1.07295 -0.537386 -0.586707 0.59023
1.07329 -0.536712 -0.585293 0.59169
1.07362 -0.536037 -0.583877 0.593145
1.07396 -0.535362 -0.582459 0.594595
1.07429 -0.534688 -0.58104 0.59604
1.07463 -0.534012 -0.579619 0.59748
1.07497 -0.533337 -0.578196 0.598914
1.0753 -0.532662 -0.576771 0.600343
1.07564 -0.531986 -0.575345 0.601767
1.07597 -0.53131 -0.573917 0.603185
1.0763 -0.530634 -0.572487 0.604599
1.07664 -0.529957 -0.571056 0.606007
1.07697 -0.529281 -0.569623 0.60741
1.0773 -0.528604 -0.568189 0.608808
1.07763 -0.527927 -0.566753 0.6102
1.07796 -0.52725 -0.565315 0.611587
1.0783 -0.526572 -0.563876 0.61297
1.07863 -0.525895 -0.562435 0.614347
1.07896 -0.525217 -0.560993 0.615718
1.07929 -0.524539 -0.55955 0.617085
1.07962 -0.523861 -0.558105 0.618447
1.07994 -0.523182 -0.556658 0.619803
1.08027 -0.522504 -0.555211 0.621154
1.0806 -0.521825 -0.553762 0.6225
1.08093 -0.521146 -0.552311 0.623841
1.08126 -0.520466 -0.550859 0.625177
1.08158 -0.519787 -0.549406 0.626507
1.08191 -0.519107 -0.547952 0.627833
1.08224 -0.518427 -0.546496 0.629153
1.08256 -0.517747 -0.545039 0.630468
1.08289 -0.517067 -0.543581 0.631778
1.08321 -0.516386 -0.542122 0.633083
1.08353 -0.515706 -0.540661 0.634383
1.08386 -0.515025 -0.539199 0.635678
1.08418 -0.514344 -0.537736 0.636967
1.0845 -0.513662 -0.536273 0.638252
1.08483 -0.512981 -0.534807 0.639531
1.08515 -0.512299 -0.533341 0.640806
1.08547 -0.511617 -0.531874 0.642075
1.08579 -0.510935 -0.530406 0.643339
1.08611 -0.510253 -0.528937 0.644598
1.08643 -0.50957 -0.527466 0.645853
1.08675 -0.508888 -0.525995 0.647102
1.08707 -0.508205 -0.524523 0.648346
1.08739 -0.507522 -0.52305 0.649585
1.08771 -0.506838 -0.521576 0.650819
1.08803 -0.506155 -0.520101 0.652048
1.08835 -0.505471 -0.518625 0.653271
1.08866 -0.504787 -0.517148 0.65449
1.08898 -0.504103 -0.515671 0.655704
1.0893 -0.503419 -0.514193 0.656913
1.08961 -0.502734 -0.512714 0.658117
1.08993 -0.502049 -0.511234 0.659316
1.09024 -0.501364 -0.509753 0.66051
1.09056 -0.500679 -0.508272 0.661699
1.09087 -0.499994 -0.506789 0.662883
1.09119 -0.499308 -0.505307 0.664062
1.0915 -0.498623 -0.503823 0.665236
1.09181 -0.497937 -0.502339 0.666405
1.09213 -0.497251 -0.500854 0.66757
1.09244 -0.496564 -0.499369 0.668729
1.09275 -0.495878 -0.497883 0.669883
1.09306 -0.495191 -0.496396 0.671033
1.09337 -0.494504 -0.494909 0.672177
1.09368 -0.493817 -0.493421 0.673317
1.09399 -0.49313 -0.491933 0.674452
1.0943 -0.492442 -0.490444 0.675582
1.09461 -0.491755 -0.488955 0.676707
1.09492 -0.491067 -0.487465 0.677827
1.09523 -0.490379 -0.485975 0.678942
1.09554 -0.489691 -0.484485 0.680053
1.09585 -0.489002 -0.482994 0.681158
1.09615 -0.488314 -0.481502 0.682259
1.09646 -0.487625 -0.48001 0.683355
1.09677 -0.486936 -0.478518 0.684446
1.09707 -0.486246 -0.477026 0.685532
1.09738 -0.485557 -0.475533 0.686614
1.09768 -0.484867 -0.47404 0.68769
1.09799 -0.484178 -0.472546 0.688762
1.09829 -0.483488 -0.471053 0.689829
1.09859 -0.482798 -0.469559 0.690892
1.0989 -0.482107 -0.468065 0.691949
1.0992 -0.481417 -0.46657 0.693002
1.0995 -0.480726 -0.465076 0.69405
1.0998 -0.480035 -0.463581 0.695093
1.1001 -0.479344 -0.462086 0.696132
1.10041 -0.478653 -0.460591 0.697166
1.10071 -0.477961 -0.459096 0.698195
1.10101 -0.477269 -0.4576 0.699219
1.10131 -0.476577 -0.456105 0.700239
1.1016 -0.475885 -0.45461 0.701254
1.1019 -0.475193 -0.453114 0.702265
1.1022 -0.474501 -0.451618 0.70327
1.1025 -0.473808 -0.450123 0.704271
1.1028 -0.473115 -0.448627 0.705268
1.10309 -0.472422 -0.447132 0.706259
1.10339 -0.471729 -0.445636 0.707246
1.10369 -0.471036 -0.44414 0.708229
1.10398 -0.470342 -0.442645 0.709207
1.10428 -0.469648 -0.44115 0.71018
1.10457 -0.468954 -0.439654 0.711149
1.10487 -0.46826 -0.438159 0.712113
1.10516 -0.467566 -0.436664 0.713072
1.10546 -0.466872 -0.435169 0.714027
1.10575 -0.466177 -0.433674 0.714977
1.10604 -0.465482 -0.43218 0.715923
1.10633 -0.464787 -0.430685 0.716864
1.10662 -0.464092 -0.429191 0.717801
1.10692 -0.463396 -0.427697 0.718733
1.10721 -0.462701 -0.426204 0.719661
1.1075 -0.462005 -0.42471 0.720584
1.10779 -0.461309 -0.423217 0.721503
1.10808 -0.460613 -0.421724 0.722417
1.10837 -0.459917 -0.420231 0.723327
1.10866 -0.45922 -0.418739 0.724232
1.10894 -0.458523 -0.417247 0.725133
1.10923 -0.457827 -0.415756 0.726029
1.10952 -0.45713 -0.414265 0.726921
1.10981 -0.456432 -0.412774 0.727808
1.11009 -0.455735 -0.411283 0.728691
1.11038 -0.455037 -0.409793 0.72957
1.11066 -0.45434 -0.408304 0.730444
1.11095 -0.453642 -0.406815 0.731314
1.11123 -0.452944 -0.405326 0.732179
1.11152 -0.452245 -0.403838 0.73304
1.1118 -0.451547 -0.40235 0.733897
1.11209 -0.450848 -0.400863 0.734749
1.11237 -0.450149 -0.399376 0.735597
1.11265 -0.44945 -0.39789 0.736441
1.11293 -0.448751 -0.396405 0.73728
1.11322 -0.448052 -0.39492 0.738115
1.1135 -0.447352 -0.393435 0.738946
1.11378 -0.446652 -0.391951 0.739772
1.11406 -0.445953 -0.390468 0.740594
1.11434 -0.445252 -0.388986 0.741412
1.11462 -0.444552 -0.387504 0.742226
1.1149 -0.443852 -0.386022 0.743035
1.11518 -0.443151 -0.384542 0.74384
1.11545 -0.44245 -0.383062 0.744641
1.11573 -0.441749 -0.381583 0.745438
1.11601 -0.441048 -0.380104 0.746231
1.11629 -0.440347 -0.378626 0.747019
1.11656 -0.439646 -0.377149 0.747803
1.11684 -0.438944 -0.375673 0.748583
1.11711 -0.438242 -0.374197 0.749359
1.11739 -0.43754 -0.372723 0.75013
1.11766 -0.436838 -0.371249 0.750898
1.11794 -0.436136 -0.369776 0.751661
1.11821 -0.435433 -0.368303 0.75242
1.11849 -0.43473 -0.366832 0.753175
1.11876 -0.434028 -0.365361 0.753926
1.11903 -0.433325 -0.363891 0.754673
1.1193 -0.432621 -0.362423 0.755416
1.11957 -0.431918 -0.360955 0.756154
1.11985 -0.431214 -0.359488 0.756889
1.12012 -0.430511 -0.358021 0.75762
1.12039 -0.429807 -0.356556 0.758346
1.12066 -0.429103 -0.355092 0.759069
1.12093 -0.428399 -0.353629 0.759787
1.12119 -0.427694 -0.352166 0.760502
1.12146 -0.42699 -0.350705 0.761212
1.12173 -0.426285 -0.349245 0.761919
1.122 -0.42558 -0.347785 0.762621
1.12227 -0.424875 -0.346327 0.76332
1.12253 -0.42417 -0.34487 0.764015
1.1228 -0.423464 -0.343413 0.764705
1.12306 -0.422759 -0.341958 0.765392
1.12333 -0.422053 -0.340504 0.766075
1.1236 -0.421347 -0.339051 0.766754
1.12386 -0.420641 -0.337599 0.767429
1.12412 -0.419935 -0.336149 0.7681
1.12439 -0.419229 -0.334699 0.768767
1.12465 -0.418522 -0.33325 0.769431
1.12491 -0.417815 -0.331803 0.77009
1.12518 -0.417108 -0.330357 0.770746
1.12544 -0.416401 -0.328912 0.771398
1.1257 -0.415694 -0.327468 0.772046
1.12596 -0.414987 -0.326025 0.77269
1.12622 -0.414279 -0.324584 0.773331
1.12648 -0.413572 -0.323144 0.773967
1.12674 -0.412864 -0.321705 0.7746
1.127 -0.412156 -0.320267 0.775229
1.12726 -0.411447 -0.318831 0.775855
1.12752 -0.410739 -0.317395 0.776476
1.12777 -0.410031 -0.315962 0.777094
1.12803 -0.409322 -0.314529 0.777709
1.12829 -0.408613 -0.313098 0.778319
1.12855 -0.407904 -0.311668 0.778926
1.1288 -0.407195 -0.310239 0.779529
1.12906 -0.406486 -0.308812 0.780128
1.12931 -0.405776 -0.307386 0.780724
1.12957 -0.405066 -0.305961 0.781316
1.12982 -0.404357 -0.304538 0.781905
1.13007 -0.403647 -0.303116 0.78249
1.13033 -0.402936 -0.301696 0.783071
1.13058 -0.402226 -0.300277 0.783648
1.13083 -0.401516 -0.298859 0.784222
1.13109 -0.400805 -0.297443 0.784793
1.13134 -0.400094 -0.296028 0.78536
1.13159 -0.399383 -0.294615 0.785923
1.13184 -0.398672 -0.293203 0.786483
1.13209 -0.397961 -0.291793 0.787039
1.13234 -0.39725 -0.290384 0.787592
1.13259 -0.396538 -0.288977 0.788141
1.13284 -0.395826 -0.287571 0.788687
1.13309 -0.395115 -0.286166 0.789229
1.13333 -0.394403 -0.284764 0.789768
1.13358 -0.39369 -0.283362 0.790303
1.13383 -0.392978 -0.281963 0.790835
1.13408 -0.392266 -0.280564 0.791363
1.13432 -0.391553 -0.279168 0.791888
1.13457 -0.39084 -0.277773 0.792409
1.13481 -0.390127 -0.276379 0.792928
1.13506 -0.389414 -0.274988 0.793442
1.1353 -0.388701 -0.273597 0.793954
1.13555 -0.387987 -0.272209 0.794461
1.13579 -0.387274 -0.270822 0.794966
1.13603 -0.38656 -0.269436 0.795467
1.13628 -0.385846 -0.268053 0.795965
1.13652 -0.385132 -0.266671 0.79646
1.13676 -0.384418 -0.26529 0.796951
1.137 -0.383704 -0.263912 0.797439
1.13724 -0.382989 -0.262535 0.797923
1.13748 -0.382275 -0.261159 0.798405
1.13772 -0.38156 -0.259786 0.798883
1.13796 -0.380845 -0.258414 0.799358
1.1382 -0.38013 -0.257044 0.799829
1.13844 -0.379415 -0.255675 0.800298
1.13868 -0.378699 -0.254309 0.800763
1.13892 -0.377984 -0.252944 0.801225
1.13915 -0.377268 -0.25158 0.801683
1.13939 -0.376552 -0.250219 0.802139
1.13963 -0.375836 -0.248859 0.802591
1.13986 -0.37512 -0.247502 0.80304
1.1401 -0.374404 -0.246146 0.803486
1.14033 -0.373688 -0.244791 0.803929
1.14057 -0.372971 -0.243439 0.804369
1.1408 -0.372254 -0.242088 0.804805
1.14103 -0.371537 -0.24074 0.805239
1.14127 -0.37082 -0.239393 0.805669
1.1415 -0.370103 -0.238048 0.806097
1.14173 -0.369386 -0.236705 0.806521
1.14196 -0.368668 -0.235363 0.806942
1.1422 -0.367951 -0.234024 0.80736
1.14243 -0.367233 -0.232686 0.807775
1.14266 -0.366515 -0.231351 0.808187
1.14289 -0.365797 -0.230017 0.808596
1.14312 -0.365079 -0.228685 0.809002
1.14335 -0.364361 -0.227355 0.809405
1.14358 -0.363642 -0.226027 0.809805
1.1438 -0.362924 -0.224701 0.810202
1.14403 -0.362205 -0.223377 0.810597
1.14426 -0.361486 -0.222055 0.810988
1.14449 -0.360767 -0.220735 0.811376
1.14471 -0.360048 -0.219416 0.811761
1.14494 -0.359329 -0.2181 0.812144
1.14516 -0.358609 -0.216786 0.812523
1.14539 -0.35789 -0.215473 0.8129
1.14561 -0.35717 -0.214163 0.813274
1.14584 -0.35645 -0.212855 0.813645
1.14606 -0.35573 -0.211549 0.814013
1.14628 -0.35501 -0.210244 0.814378
1.14651 -0.354289 -0.208942 0.81474
1.14673 -0.353569 -0.207642 0.8151
1.14695 -0.352848 -0.206344 0.815457
1.14717 -0.352128 -0.205048 0.81581
1.14739 -0.351407 -0.203754 0.816162
1.14761 -0.350686 -0.202462 0.81651
1.14783 -0.349965 -0.201172 0.816856
1.14805 -0.349243 -0.199884 0.817199
1.14827 -0.348522 -0.198599 0.817539
1.14849 -0.3478 -0.197315 0.817876
1.14871 -0.347079 -0.196033 0.818211
1.14893 -0.346357 -0.194754 0.818543
1.14915 -0.345635 -0.193477 0.818872
1.14936 -0.344913 -0.192202 0.819199
1.14958 -0.344191 -0.190929 0.819523
1.1498 -0.343468 -0.189658 0.819844
1.15001 -0.342746 -0.188389 0.820163
1.15023 -0.342023 -0.187123 0.820479
1.15044 -0.3413 -0.185858 0.820792
1.15066 -0.340577 -0.184596 0.821103
1.15087 -0.339854 -0.183336 0.821411
1.15108 -0.339131 -0.182078 0.821717
1.15129 -0.338408 -0.180822 0.82202
1.15151 -0.337684 -0.179569 0.82232
1.15172 -0.336961 -0.178318 0.822618
1.15193 -0.336237 -0.177068 0.822913
1.15214 -0.335513 -0.175822 0.823206
1.15235 -0.334789 -0.174577 0.823497
1.15256 -0.334065 -0.173334 0.823784
1.15277 -0.333341 -0.172094 0.82407
1.15298 -0.332617 -0.170856 0.824353
1.15319 -0.331892 -0.169621 0.824633
1.1534 -0.331167 -0.168387 0.824911
1.15361 -0.330443 -0.167156 0.825186
1.15381 -0.329718 -0.165927 0.825459
1.15402 -0.328993 -0.1647 0.82573
1.15423 -0.328268 -0.163476 0.825998
1.15443 -0.327542 -0.162254 0.826264
1.15464 -0.326817 -0.161034 0.826527
1.15484 -0.326091 -0.159816 0.826788
1.15505 -0.325366 -0.158601 0.827047
1.15525 -0.32464 -0.157388 0.827303
1.15546 -0.323914 -0.156178 0.827557
1.15566 -0.323188 -0.154969 0.827808
1.15586 -0.322462 -0.153763 0.828058
1.15607 -0.321735 -0.15256 0.828304
1.15627 -0.321009 -0.151358 0.828549
1.15647 -0.320282 -0.150159 0.828791
1.15667 -0.319556 -0.148963 0.829031
1.15687 -0.318829 -0.147768 0.829269
1.15707 -0.318102 -0.146576 0.829505
1.15727 -0.317375 -0.145387 0.829738
1.15747 -0.316648 -0.1442 0.829969
1.15767 -0.31592 -0.143015 0.830198
1.15787 -0.315193 -0.141832 0.830424
1.15806 -0.314465 -0.140652 0.830649
1.15826 -0.313738 -0.139475 0.830871
1.15846 -0.31301 -0.138299 0.831091
1.15865 -0.312282 -0.137126 0.831308
1.15885 -0.311554 -0.135956 0.831524
1.15905 -0.310826 -0.134788 0.831738
1.15924 -0.310097 -0.133622 0.831949
1.15944 -0.309369 -0.132459 0.832158
1.15963 -0.30864 -0.131298 0.832365
1.15982 -0.307912 -0.13014 0.83257
1.16002 -0.307183 -0.128984 0.832773
1.16021 -0.306454 -0.12783 0.832974
1.1604 -0.305725 -0.126679 0.833173
1.16059 -0.304996 -0.12553 0.83337
1.16079 -0.304266 -0.124384 0.833564
1.16098 -0.303537 -0.123241 0.833757
1.16117 -0.302808 -0.122099 0.833947
1.16136 -0.302078 -0.12096 0.834136
1.16155 -0.301348 -0.119824 0.834322
1.16174 -0.300618 -0.11869 0.834507
1.16192 -0.299888 -0.117559 0.83469
1.16211 -0.299158 -0.11643 0.83487
1.1623 -0.298428 -0.115304 0.835049
1.16249 -0.297698 -0.11418 0.835225
1.16267 -0.296967 -0.113058 0.8354
1.16286 -0.296236 -0.111939 0.835573
1.16305 -0.295506 -0.110823 0.835744
1.16323 -0.294775 -0.109709 0.835913
1.16342 -0.294044 -0.108598 0.83608
1.1636 -0.293313 -0.107489 0.836245
1.16379 -0.292582 -0.106382 0.836408
1.16397 -0.29185 -0.105279 0.83657
1.16415 -0.291119 -0.104177 0.836729
1.16433 -0.290388 -0.103079 0.836887
1.16452 -0.289656 -0.101982 0.837043
1.1647 -0.288924 -0.100889 0.837197
1.16488 -0.288192 -0.0997977 0.837349
1.16506 -0.28746 -0.0987091 0.837499
1.16524 -0.286728 -0.0976231 0.837648
1.16542 -0.285996 -0.0965397 0.837795
1.1656 -0.285264 -0.0954588 0.83794
1.16578 -0.284531 -0.0943805 0.838083
1.16596 -0.283799 -0.0933048 0.838225
1.16614 -0.283066 -0.0922316 0.838365
1.16631 -0.282333 -0.091161 0.838503
1.16649 -0.281601 -0.090093 0.838639
1.16667 -0.280868 -0.0890276 0.838774
1.16684 -0.280134 -0.0879648 0.838907
1.16702 -0.279401 -0.0869045 0.839038
1.1672 -0.278668 -0.0858469 0.839168
1.16737 -0.277934 -0.0847918 0.839295
1.16754 -0.277201 -0.0837394 0.839422
1.16772 -0.276467 -0.0826896 0.839546
1.16789 -0.275734 -0.0816424 0.839669
1.16806 -0.275 -0.0805978 0.83979
1.16824 -0.274266 -0.0795558 0.83991
1.16841 -0.273532 -0.0785164 0.840028
1.16858 -0.272797 -0.0774797 0.840145
1.16875 -0.272063 -0.0764455 0.84026
1.16892 -0.271329 -0.0754141 0.840373
1.16909 -0.270594 -0.0743852 0.840485
1.16926 -0.26986 -0.073359 0.840595
1.16943 -0.269125 -0.0723354 0.840703
1.1696 -0.26839 -0.0713145 0.840811
1.16977 -0.267655 -0.0702962 0.840916
1.16994 -0.26692 -0.0692806 0.84102
1.1701 -0.266185 -0.0682676 0.841123
1.17027 -0.26545 -0.0672573 0.841224
1.17044 -0.264714 -0.0662496 0.841323
1.1706 -0.263979 -0.0652446 0.841421
1.17077 -0.263243 -0.0642422 0.841518
1.17094 -0.262508 -0.0632426 0.841613
1.1711 -0.261772 -0.0622456 0.841707
1.17126 -0.261036 -0.0612512 0.841799
1.17143 -0.2603 -0.0602596 0.84189
1.17159 -0.259564 -0.0592706 0.841979
1.17175 -0.258828 -0.0582843 0.842067
1.17192 -0.258091 -0.0573007 0.842154
1.17208 -0.257355 -0.0563198 0.842239
1.17224 -0.256619 -0.0553416 0.842323
1.1724 -0.255882 -0.054366 0.842405
1.17256 -0.255145 -0.0533932 0.842486
1.17272 -0.254409 -0.052423 0.842566
1.17288 -0.253672 -0.0514556 0.842644
1.17304 -0.252935 -0.0504908 0.842721
1.1732 -0.252198 -0.0495288 0.842797
1.17336 -0.25146 -0.0485695 0.842871
1.17352 -0.250723 -0.0476128 0.842944
1.17367 -0.249986 -0.0466589 0.843016
1.17383 -0.249248 -0.0457078 0.843087
1.17399 -0.248511 -0.0447593 0.843156
1.17414 -0.247773 -0.0438135 0.843224
1.1743 -0.247035 -0.0428705 0.84329
1.17445 -0.246297 -0.0419302 0.843356
1.17461 -0.245559 -0.0409926 0.84342
1.17476 -0.244821 -0.0400578 0.843483
1.17491 -0.244083 -0.0391257 0.843545
1.17507 -0.243345 -0.0381963 0.843605
1.17522 -0.242606 -0.0372696 0.843665
1.17537 -0.241868 -0.0363457 0.843723
1.17552 -0.241129 -0.0354246 0.84378
1.17568 -0.240391 -0.0345061 0.843835
1.17583 -0.239652 -0.0335905 0.84389
1.17598 -0.238913 -0.0326775 0.843943
1.17613 -0.238174 -0.0317673 0.843996
1.17628 -0.237435 -0.0308599 0.844047
1.17642 -0.236696 -0.0299552 0.844097
1.17657 -0.235957 -0.0290533 0.844146
1.17672 -0.235218 -0.0281542 0.844193
1.17687 -0.234478 -0.0272578 0.84424
1.17702 -0.233739 -0.0263641 0.844286
1.17716 -0.232999 -0.0254732 0.84433
1.17731 -0.232259 -0.0245851 0.844374
1.17745 -0.23152 -0.0236998 0.844416
1.1776 -0.23078 -0.0228172 0.844457
1.17774 -0.23004 -0.0219374 0.844497
1.17789 -0.2293 -0.0210603 0.844537
1.17803 -0.22856 -0.0201861 0.844575
1.17818 -0.227819 -0.0193146 0.844612
1.17832 -0.227079 -0.0184459 0.844648
1.17846 -0.226339 -0.01758 0.844683
1.1786 -0.225598 -0.0167168 0.844717
1.17874 -0.224858 -0.0158565 0.84475
1.17889 -0.224117 -0.0149989 0.844782
1.17903 -0.223376 -0.0141441 0.844813
1.17917 -0.222635 -0.0132921 0.844844
1.17931 -0.221894 -0.0124429 0.844873
1.17945 -0.221153 -0.0115965 0.844901
1.17958 -0.220412 -0.0107528 0.844929
1.17972 -0.219671 -0.00991199 0.844955
1.17986 -0.21893 -0.00907395 0.84498
1.18 -0.218188 -0.00823871 0.845005
1.18013 -0.217447 -0.00740627 0.845029
1.18027 -0.216705 -0.00657663 0.845051
1.18041 -0.215964 -0.00574979 0.845073
1.18054 -0.215222 -0.00492575 0.845094
1.18068 -0.21448 -0.00410452 0.845114
1.18081 -0.213738 -0.00328609 0.845134
1.18095 -0.212996 -0.00247048 0.845152
1.18108 -0.212254 -0.00165767 0.84517
1.18121 -0.211512 -0.00084767 0.845186
1.18135 -0.21077 -4.04837e-05 0.845202
1.18148 -0.210028 0.00076389 0.845217
1.18161 -0.209285 0.00156545 0.845232
1.18174 -0.208543 0.00236419 0.845245
1.18187 -0.2078 0.00316012 0.845258
1.182 -0.207058 0.00395323 0.845269
1.18213 -0.206315 0.00474352 0.845281
1.18226 -0.205572 0.00553099 0.845291
1.18239 -0.204829 0.00631563 0.8453
1.18252 -0.204086 0.00709746 0.845309
1.18265 -0.203343 0.00787646 0.845317
1.18277 -0.2026 0.00865263 0.845324
1.1829 -0.201857 0.00942598 0.845331
1.18303 -0.201114 0.0101965 0.845337
1.18315 -0.20037 0.0109642 0.845342
1.18328 -0.199627 0.0117291 0.845346
1.1834 -0.198883 0.0124911 0.84535
1.18353 -0.19814 0.0132503 0.845353
1.18365 -0.197396 0.0140066 0.845355
1.18378 -0.196652 0.0147602 0.845357
1.1839 -0.195909 0.0155109 0.845358
1.18402 -0.195165 0.0162587 0.845358
1.18415 -0.194421 0.0170038 0.845357
1.18427 -0.193677 0.0177459 0.845356
1.18439 -0.192932 0.0184853 0.845355
1.18451 -0.192188 0.0192218 0.845352
1.18463 -0.191444 0.0199555 0.845349
1.18475 -0.1907 0.0206863 0.845346
1.18487 -0.189955 0.0214143 0.845341
1.18499 -0.189211 0.0221394 0.845337
1.18511 -0.188466 0.0228617 0.845331
1.18523 -0.187721 0.0235812 0.845325
1.18534 -0.186977 0.0242978 0.845319
1.18546 -0.186232 0.0250115 0.845311
1.18558 -0.185487 0.0257224 0.845304
1.18569 -0.184742 0.0264305 0.845295
1.18581 -0.183997 0.0271357 0.845287
1.18593 -0.183252 0.0278381 0.845277
1.18604 -0.182507 0.0285376 0.845267
1.18615 -0.181761 0.0292342 0.845257
1.18627 -0.181016 0.029928 0.845246
1.18638 -0.180271 0.030619 0.845234
1.1865 -0.179525 0.0313071 0.845222
1.18661 -0.17878 0.0319923 0.845209
1.18672 -0.178034 0.0326747 0.845196
1.18683 -0.177288 0.0333543 0.845183
1.18694 -0.176543 0.034031 0.845169
1.18705 -0.175797 0.0347048 0.845154
1.18716 -0.175051 0.0353757 0.845139
1.18727 -0.174305 0.0360438 0.845124
1.18738 -0.173559 0.0367091 0.845108
1.18749 -0.172813 0.0373715 0.845091
1.1876 -0.172067 0.038031 0.845075
1.18771 -0.171321 0.0386877 0.845057
1.18781 -0.170574 0.0393415 0.84504
1.18792 -0.169828 0.0399924 0.845022
1.18803 -0.169081 0.0406405 0.845003
1.18813 -0.168335 0.0412857 0.844984
1.18824 -0.167588 0.0419281 0.844965
1.18834 -0.166842 0.0425676 0.844945
1.18845 -0.166095 0.0432042 0.844925
1.18855 -0.165348 0.043838 0.844904
1.18866 -0.164602 0.0444689 0.844883
1.18876 -0.163855 0.0450969 0.844862
1.18886 -0.163108 0.0457221 0.84484
1.18897 -0.162361 0.0463444 0.844818
1.18907 -0.161614 0.0469638 0.844796
1.18917 -0.160866 0.0475804 0.844773
1.18927 -0.160119 0.048194 0.84475
1.18937 -0.159372 0.0488049 0.844727
1.18947 -0.158625 0.0494128 0.844703
1.18957 -0.157877 0.0500179 0.844679
1.18967 -0.15713 0.0506201 0.844655
1.18977 -0.156382 0.0512195 0.84463
1.18986 -0.155635 0.051816 0.844605
1.18996 -0.154887 0.0524096 0.84458
1.19006 -0.154139 0.0530003 0.844554
1.19016 -0.153392 0.0535882 0.844528
1.19025 -0.152644 0.0541732 0.844502
1.19035 -0.151896 0.0547553 0.844476
1.19044 -0.151148 0.0553345 0.844449
1.19054 -0.1504 0.0559109 0.844422
1.19063 -0.149652 0.0564844 0.844395
1.19073 -0.148904 0.0570551 0.844367
1.19082 -0.148156 0.0576228 0.84434
1.19091 -0.147407 0.0581877 0.844312
1.191 -0.146659 0.0587497 0.844283
1.1911 -0.145911 0.0593088 0.844255
1.19119 -0.145162 0.0598651 0.844226
1.19128 -0.144414 0.0604185 0.844198
1.19137 -0.143665 0.060969 0.844169
1.19146 -0.142917 0.0615166 0.844139
1.19155 -0.142168 0.0620614 0.84411
1.19164 -0.141419 0.0626033 0.84408
1.19173 -0.14067 0.0631423 0.84405
1.19181 -0.139922 0.0636784 0.84402
1.1919 -0.139173 0.0642117 0.84399
1.19199 -0.138424 0.0647421 0.84396
1.19208 -0.137675 0.0652696 0.843929
1.19216 -0.136926 0.0657942 0.843898
1.19225 -0.136177 0.0663159 0.843868
1.19233 -0.135428 0.0668348 0.843837
1.19242 -0.134678 0.0673508 0.843805
1.1925 -0.133929 0.0678639 0.843774
1.19259 -0.13318 0.0683741 0.843743
1.19267 -0.132431 0.0688815 0.843711
1.19275 -0.131681 0.069386 0.843679
1.19284 -0.130932 0.0698876 0.843648
1.19292 -0.130182 0.0703863 0.843616
1.193 -0.129433 0.0708822 0.843584
1.19308 -0.128683 0.0713751 0.843551
1.19316 -0.127933 0.0718652 0.843519
1.19324 -0.127184 0.0723524 0.843487
1.19332 -0.126434 0.0728368 0.843454
1.1934 -0.125684 0.0733182 0.843422
1.19348 -0.124934 0.0737968 0.843389
1.19356 -0.124184 0.0742725 0.843357
1.19363 -0.123434 0.0747453 0.843324
1.19371 -0.122684 0.0752153 0.843291
1.19379 -0.121934 0.0756823 0.843258
1.19387 -0.121184 0.0761465 0.843225
1.19394 -0.120434 0.0766078 0.843192
1.19402 -0.119684 0.0770662 0.843159
1.19409 -0.118934 0.0775218 0.843126
1.19417 -0.118183 0.0779744 0.843093
1.19424 -0.117433 0.0784242 0.84306
1.19431 -0.116683 0.0788711 0.843027
1.19439 -0.115932 0.0793152 0.842994
1.19446 -0.115182 0.0797563 0.842961
1.19453 -0.114431 0.0801946 0.842927
1.1946 -0.113681 0.08063 0.842894
1.19467 -0.11293 0.0810625 0.842861
1.19475 -0.112179 0.0814921 0.842828
1.19482 -0.111429 0.0819188 0.842795
1.19489 -0.110678 0.0823427 0.842761
1.19495 -0.109927 0.0827637 0.842728
1.19502 -0.109176 0.0831818 0.842695
1.19509 -0.108425 0.0835971 0.842662
1.19516 -0.107674 0.0840094 0.842629
1.19523 -0.106923 0.0844189 0.842596
1.19529 -0.106172 0.0848255 0.842563
1.19536 -0.105421 0.0852292 0.84253
1.19543 -0.10467 0.08563 0.842497
1.19549 -0.103919 0.086028 0.842464
1.19556 -0.103168 0.0864231 0.842431
1.19562 -0.102417 0.0868153 0.842398
1.19569 -0.101666 0.0872046 0.842365
1.19575 -0.100914 0.087591 0.842333
1.19581 -0.100163 0.0879746 0.8423
1.19588 -0.0994116 0.0883553 0.842267
1.19594 -0.0986602 0.0887331 0.842235
1.196 -0.0979087 0.089108 0.842203
1.19606 -0.0971572 0.08948 0.84217
1.19612 -0.0964057 0.0898492 0.842138
1.19618 -0.0956542 0.0902155 0.842106
1.19624 -0.0949026 0.0905789 0.842074
1.1963 -0.0941509 0.0909394 0.842042
1.19636 -0.0933992 0.0912971 0.84201
1.19642 -0.0926475 0.0916518 0.841978
1.19648 -0.0918958 0.0920037 0.841947
1.19653 -0.091144 0.0923528 0.841915
1.19659 -0.0903922 0.0926989 0.841884
1.19665 -0.0896403 0.0930422 0.841852
1.1967 -0.0888884 0.0933825 0.841821
1.19676 -0.0881365 0.09372 0.84179
1.19681 -0.0873845 0.0940547 0.841759
1.19687 -0.0866325 0.0943864 0.841729
1.19692 -0.0858805 0.0947153 0.841698
1.19698 -0.0851284 0.0950413 0.841667
1.19703 -0.0843763 0.0953644 0.841637
1.19708 -0.0836242 0.0956846 0.841607
1.19714 -0.082872 0.096002 0.841577
1.19719 -0.0821198 0.0963165 0.841547
1.19724 -0.0813676 0.0966281 0.841517
1.19729 -0.0806153 0.0969368 0.841488
1.19734 -0.079863 0.0972427 0.841458
1.19739 -0.0791107 0.0975457 0.841429
1.19744 -0.0783584 0.0978458 0.8414
1.19749 -0.077606 0.098143 0.841371
1.19754 -0.0768536 0.0984373 0.841342
1.19758 -0.0761011 0.0987288 0.841314
1.19763 -0.0753486 0.0990174 0.841285
1.19768 -0.0745961 0.0993031 0.841257
1.19773 -0.0738436 0.099586 0.841229
1.19777 -0.073091 0.0998659 0.841201
1.19782 -0.0723384 0.100143 0.841173
1.19786 -0.0715858 0.100417 0.841146
1.19791 -0.0708331 0.100689 0.841119
1.19795 -0.0700805 0.100957 0.841092
1.198 -0.0693277 0.101223 0.841065
1.19804 -0.068575 0.101485 0.841038
1.19808 -0.0678222 0.101745 0.841012
1.19812 -0.0670695 0.102002 0.840986
1.19817 -0.0663166 0.102256 0.84096
1.19821 -0.0655638 0.102507 0.840934
1.19825 -0.0648109 0.102756 0.840908
1.19829 -0.064058 0.103001 0.840883
1.19833 -0.0633051 0.103244 0.840858
1.19837 -0.0625522 0.103484 0.840833
1.19841 -0.0617992 0.10372 0.840809
1.19845 -0.0610462 0.103954 0.840784
1.19848 -0.0602932 0.104185 0.84076
1.19852 -0.0595401 0.104414 0.840736
1.19856 -0.0587871 0.104639 0.840712
1.1986 -0.058034 0.104861 0.840689
1.19863 -0.0572809 0.105081 0.840666
1.19867 -0.0565277 0.105298 0.840643
1.1987 -0.0557746 0.105512 0.84062
1.19874 -0.0550214 0.105723 0.840598
1.19877 -0.0542682 0.105931 0.840575
1.19881 -0.053515 0.106136 0.840553
1.19884 -0.0527617 0.106338 0.840532
1.19887 -0.0520085 0.106538 0.84051
1.1989 -0.0512552 0.106734 0.840489
1.19894 -0.0505019 0.106928 0.840468
1.19897 -0.0497486 0.107119 0.840448
1.199 -0.0489952 0.107307 0.840427
1.19903 -0.0482419 0.107492 0.840407
1.19906 -0.0474885 0.107674 0.840387
1.19909 -0.0467351 0.107854 0.840368
1.19912 -0.0459817 0.10803 0.840348
1.19915 -0.0452282 0.108204 0.840329
1.19918 -0.0444748 0.108375 0.840311
1.1992 -0.0437213 0.108542 0.840292
1.19923 -0.0429678 0.108708 0.840274
1.19926 -0.0422143 0.10887 0.840256
1.19928 -0.0414608 0.109029 0.840239
1.19931 -0.0407072 0.109185 0.840221
1.19933 -0.0399537 0.109339 0.840204
1.19936 -0.0392001 0.10949 0.840188
1.19938 -0.0384465 0.109637 0.840171
1.19941 -0.0376929 0.109782 0.840155
1.19943 -0.0369393 0.109924 0.840139
1.19945 -0.0361857 0.110063 0.840124
1.19948 -0.035432 0.1102 0.840108
1.1995 -0.0346784 0.110333 0.840093
1.19952 -0.0339247 0.110464 0.840079
1.19954 -0.033171 0.110591 0.840064
1.19956 -0.0324173 0.110716 0.84005
1.19958 -0.0316636 0.110838 0.840037
1.1996 -0.0309099 0.110957 0.840023
1.19962 -0.0301561 0.111073 0.84001
1.19964 -0.0294024 0.111187 0.839997
1.19966 -0.0286486 0.111297 0.839985
1.19968 -0.0278948 0.111405 0.839973
1.19969 -0.027141 0.11151 0.839961
1.19971 -0.0263873 0.111611 0.839949
1.19973 -0.0256334 0.11171 0.839938
1.19974 -0.0248796 0.111807 0.839927
1.19976 -0.0241258 0.1119 0.839916
1.19977 -0.023372 0.11199 0.839906
1.19979 -0.0226181 0.112078 0.839896
1.1998 -0.0218643 0.112162 0.839886
1.19981 -0.0211104 0.112244 0.839877
1.19983 -0.0203565 0.112323 0.839868
1.19984 -0.0196027 0.112399 0.839859
1.19985 -0.0188488 0.112472 0.839851
1.19986 -0.0180949 0.112542 0.839843
1.19987 -0.017341 0.11261 0.839835
1.19989 -0.0165871 0.112674 0.839828
1.1999 -0.0158332 0.112736 0.839821
1.19991 -0.0150792 0.112795 0.839814
1.19991 -0.0143253 0.112851 0.839807
1.19992 -0.0135714 0.112904 0.839801
1.19993 -0.0128175 0.112954 0.839795
1.19994 -0.0120635 0.113002 0.83979
1.19995 -0.0113096 0.113046 0.839785
1.19995 -0.0105556 0.113088 0.83978
1.19996 -0.00980166 0.113126 0.839776
1.19997 -0.0090477 0.113162 0.839771
1.19997 -0.00829374 0.113195 0.839768
1.19998 -0.00753977 0.113225 0.839764
1.19998 -0.0067858 0.113253 0.839761
1.19998 -0.00603183 0.113277 0.839758
1.19999 -0.00527786 0.113298 0.839756
1.19999 -0.00452388 0.113317 0.839754
1.19999 -0.0037699 0.113333 0.839752
1.2 -0.00301593 0.113346 0.83975
1.2 -0.00226195 0.113356 0.839749
1.2 -0.00150796 0.113363 0.839748
1.2 -0.000753982 0.113367 0.839748
