-20 -20 -0.174449 -0.0305404
-20 -19.6 -0.165889 0.0761379
-20 -19.2 -0.0968094 0.161047
-20 -18.8 0.0103479 0.19293
-20 -18.4 0.119103 0.158675
-20 -18 0.191723 0.0680818
-20 -17.6 0.20236 -0.0494699
-20 -17.2 0.145915 -0.155113
-20 -16.8 0.039669 -0.213672
-20 -16.4 -0.0826732 -0.205342
-20 -16 -0.182245 -0.131978
-20 -15.6 -0.227655 -0.0161035
-20 -15.2 -0.204791 0.106709
-20 -14.8 -0.120756 0.199324
-20 -14.4 -0.000982809 0.234524
-20 -14 0.119157 0.202876
-20 -13.6 0.205335 0.11478
-20 -13.2 0.234295 -0.00354973
-20 -12.8 0.19998 -0.118514
-20 -12.4 0.114237 -0.19914
-20 -12 0.00234013 -0.225607
-20 -11.6 -0.10494 -0.193958
-20 -11.2 -0.18015 -0.116001
-20 -10.8 -0.206292 -0.0148842
-20 -10.4 -0.180479 0.0820012
-20 -10 -0.113481 0.150587
-20 -9.6 -0.0257165 0.176078
-20 -9.2 0.05886 0.155906
-20 -8.8 0.119136 0.0992466
-20 -8.4 0.141836 0.0236543
-20 -8 0.124054 -0.0500126
-20 -7.6 0.0729956 -0.102904
-20 -7.2 0.00337041 -0.122421
-20 -6.8 -0.0666486 -0.104535
-20 -6.4 -0.119772 -0.0539123
-20 -6 -0.143226 0.0178786
-20 -5.6 -0.130975 0.0953935
-20 -5.2 -0.0842817 0.162753
-20 -4.8 -0.0107387 0.206711
-20 -4.4 0.0777835 0.218789
-20 -4 0.167683 0.196227
-20 -3.6 0.246103 0.141753
-20 -3.2 0.302884 0.0624505
-20 -2.8 0.33175 -0.03192
-20 -2.4 0.330658 -0.130738
-20 -2 0.301428 -0.224143
-20 -1.6 0.24887 -0.304239
-20 -1.2 0.179642 -0.365764
-20 -0.8 0.101093 -0.406265
-20 -0.4 0.0202611 -0.42584
-20 0 -0.0568579 -0.426608
-20 0.4 -0.125741 -0.412046
-20 0.8 -0.183477 -0.386307
-20 1.2 -0.228671 -0.353636
-20 1.6 -0.261202 -0.317915
-20 2 -0.281895 -0.28237
-20 2.4 -0.292175 -0.249428
-20 2.8 -0.293763 -0.220693
-20 3.2 -0.288425 -0.197011
-20 3.6 -0.2778 -0.178588
-20 4 -0.263298 -0.16513
-20 4.4 -0.246064 -0.155987
-20 4.8 -0.226993 -0.15028
-20 5.2 -0.206768 -0.147016
-20 5.6 -0.185932 -0.145173
-20 6 -0.164954 -0.143782
-20 6.4 -0.144289 -0.141987
-20 6.8 -0.124431 -0.139101
-20 7.2 -0.105934 -0.134656
-20 7.6 -0.0894121 -0.128453
-20 8 -0.0755047 -0.120599
-20 8.4 -0.0648139 -0.111527
-20 8.8 -0.0578132 -0.102007
-20 9.2 -0.0547355 -0.0931039
-20 9.6 -0.0554542 -0.0861109
-20 10 -0.0593732 -0.0824215
-20 10.4 -0.0653498 -0.0833551
-20 10.8 -0.0716731 -0.0899381
-20 11.2 -0.0761235 -0.102657
-20 11.6 -0.0761323 -0.121217
-20 12 -0.0690498 -0.144336
-20 12.4 -0.0525165 -0.16964
-20 12.8 -0.0249076 -0.193682
-20 13.2 0.0141973 -0.21216
-20 13.6 0.0635952 -0.220322
-20 14 0.120178 -0.213587
-20 14.4 0.178886 -0.188309
-20 14.8 0.232974 -0.142616
-20 15.2 0.274639 -0.0771836
-20 15.6 0.296017 0.00421898
-20 16 0.290442 0.0945695
-20 16.4 0.253844 0.183974
-20 16.8 0.186023 0.260659
-20 17.2 0.091542 0.312556
-20 17.6 -0.0200553 0.329311
-20 18 -0.13491 0.304454
-20 18.4 -0.23649 0.237285
-20 18.8 -0.308108 0.134055
-20 19.2 -0.335981 0.00800662
-20 19.6 -0.312309 -0.121998
-19.6 -20 -0.162122 0.0582138
-19.6 -19.6 -0.103 0.144989
-19.6 -19.2 -0.00249466 0.183409
-19.6 -18.8 0.104507 0.157423
-19.6 -18.4 0.179839 0.0738364
-19.6 -18 0.195727 -0.0398725
-19.6 -17.6 0.144709 -0.145119
-19.6 -17.2 0.0423113 -0.205632
-19.6 -16.8 -0.078287 -0.199921
-19.6 -16.4 -0.177567 -0.128484
-19.6 -16 -0.2229 -0.0134464
-19.6 -15.6 -0.199157 0.108989
-19.6 -15.2 -0.113282 0.200493
-19.6 -14.8 0.00843104 0.232846
-19.6 -14.4 0.129111 0.196476
-19.6 -14 0.213012 0.102787
-19.6 -13.6 0.236307 -0.0201169
-19.6 -13.2 0.19366 -0.136549
-19.6 -12.8 0.0988784 -0.214097
-19.6 -12.4 -0.0201382 -0.232818
-19.6 -12 -0.130204 -0.190162
-19.6 -11.6 -0.202514 -0.100539
-19.6 -11.2 -0.220308 0.00987303
-19.6 -10.8 -0.182539 0.111176
-19.6 -10.4 -0.10289 0.178114
-19.6 -10 -0.00489548 0.196405
-19.6 -9.6 0.0851094 0.165542
-19.6 -9.2 0.145081 0.0976858
-19.6 -8.8 0.162523 0.0133891
-19.6 -8.4 0.136763 -0.0643737
-19.6 -8 0.0780219 -0.116145
-19.6 -7.6 0.00391508 -0.130413
-19.6 -7.2 -0.0654411 -0.105638
-19.6 -6.8 -0.112351 -0.0497033
-19.6 -6.4 -0.125337 0.0227231
-19.6 -6 -0.101098 0.0940307
-19.6 -5.6 -0.044455 0.147672
-19.6 -5.2 0.0333976 0.171438
-19.6 -4.8 0.117714 0.15942
-19.6 -4.4 0.193326 0.112466
-19.6 -4 0.247411 0.0372809
-19.6 -3.6 0.271411 -0.0554048
-19.6 -3.2 0.261906 -0.153104
-19.6 -2.8 0.220452 -0.243766
-19.6 -2.4 0.152644 -0.317524
-19.6 -2 0.0666872 -0.367786
-19.6 -1.6 -0.0281539 -0.391608
-19.6 -1.2 -0.12296 -0.389466
-19.6 -0.8 -0.210225 -0.364573
-19.6 -0.4 -0.284495 -0.321968
-19.6 0 -0.342586 -0.267567
-19.6 0.4 -0.383455 -0.20731
-19.6 0.8 -0.407827 -0.146521
-19.6 1.2 -0.417692 -0.0894972
-19.6 1.6 -0.415781 -0.0393261
-19.6 2 -0.405089 0.00210646
-19.6 2.4 -0.388495 0.0339822
-19.6 2.8 -0.368503 0.0563388
-19.6 3.2 -0.347088 0.0698349
-19.6 3.6 -0.325654 0.0755284
-19.6 4 -0.305054 0.0746898
-19.6 4.4 -0.285672 0.068664
-19.6 4.8 -0.267525 0.0587783
-19.6 5.2 -0.250386 0.0462906
-19.6 5.6 -0.233901 0.0323677
-19.6 6 -0.217695 0.0180796
-19.6 6.4 -0.201474 0.00439868
-19.6 6.8 -0.185099 -0.00780697
-19.6 7.2 -0.168644 -0.0177933
-19.6 7.6 -0.152427 -0.0249773
-19.6 8 -0.137012 -0.0289907
-19.6 8.4 -0.123177 -0.0297457
-19.6 8.8 -0.111844 -0.0275031
-19.6 9.2 -0.103965 -0.0229302
-19.6 9.6 -0.100379 -0.0171295
-19.6 10 -0.101628 -0.0116216
-19.6 10.4 -0.107773 -0.00826418
-19.6 10.8 -0.118216 -0.00909458
-19.6 11.2 -0.131569 -0.0160921
-19.6 11.6 -0.145602 -0.0308696
-19.6 12 -0.157315 -0.0543199
-19.6 12.4 -0.163151 -0.0862598
-19.6 12.8 -0.159369 -0.125133
-19.6 13.2 -0.142572 -0.167839
-19.6 13.6 -0.110338 -0.209768
-19.6 14 -0.0618811 -0.245091
-19.6 14.4 0.00135959 -0.267344
-19.6 14.8 0.0753457 -0.270294
-19.6 15.2 0.153402 -0.249012
-19.6 15.6 0.226633 -0.201005
-19.6 16 0.284842 -0.127242
-19.6 16.4 0.317929 -0.0328085
-19.6 16.8 0.317626 0.0730115
-19.6 17.2 0.27932 0.177415
-19.6 17.6 0.203622 0.265581
-19.6 18 0.0973012 0.322909
-19.6 18.4 -0.0267808 0.337696
-19.6 18.8 -0.150949 0.303825
-19.6 19.2 -0.255231 0.222853
-19.6 19.6 -0.32083 0.104943
-19.2 -20 -0.109375 0.126341
-19.2 -19.6 -0.0173096 0.17198
-19.2 -19.2 0.0869745 0.15599
-19.2 -18.8 0.165365 0.0814385
-19.2 -18.4 0.188093 -0.0269774
-19.2 -18 0.144736 -0.131609
-19.2 -17.6 0.0482113 -0.195257
-19.2 -17.2 -0.0696174 -0.194369
-19.2 -16.8 -0.168996 -0.127339
-19.2 -16.4 -0.215968 -0.0150547
-19.2 -16 -0.193858 0.106277
-19.2 -15.6 -0.10869 0.197352
-19.2 -15.2 0.0131104 0.228722
-19.2 -14.8 0.133629 0.190133
-19.2 -14.4 0.215803 0.0933312
-19.2 -14 0.234993 -0.0322503
-19.2 -13.6 0.186147 -0.149162
-19.2 -13.2 0.0845554 -0.223608
-19.2 -12.8 -0.0396391 -0.235366
-19.2 -12.4 -0.151049 -0.18303
-19.2 -12 -0.219575 -0.0833548
-19.2 -11.6 -0.228657 0.0346488
-19.2 -11.2 -0.179011 0.138691
-19.2 -10.8 -0.0871756 0.202388
-19.2 -10.4 0.0202335 0.212017
-19.2 -10 0.11453 0.169184
-19.2 -9.6 0.17278 0.0890884
-19.2 -9.2 0.183327 -0.00467877
-19.2 -8.8 0.1478 -0.087028
-19.2 -8.4 0.0794704 -0.137939
-19.2 -8 -0.00117656 -0.147048
-19.2 -7.6 -0.0722012 -0.115322
-19.2 -7.2 -0.115685 -0.0537846
-19.2 -6.8 -0.121626 0.0200367
-19.2 -6.4 -0.0895409 0.086761
-19.2 -6 -0.0277029 0.129685
-19.2 -5.6 0.0494607 0.138167
-19.2 -5.2 0.124969 0.109286
-19.2 -4.8 0.182949 0.0476759
-19.2 -4.4 0.211584 -0.0361388
-19.2 -4 0.20485 -0.12832
-19.2 -3.6 0.162912 -0.214539
-19.2 -3.2 0.091334 -0.282449
-19.2 -2.8 -0.000533925 -0.323422
-19.2 -2.4 -0.101529 -0.333349
-19.2 -2 -0.200601 -0.312576
-19.2 -1.6 -0.288358 -0.26514
-19.2 -1.2 -0.358063 -0.197604
-19.2 -0.8 -0.406033 -0.117747
-19.2 -0.4 -0.431521 -0.0333727
-19.2 0 -0.436222 0.0486262
-19.2 0.4 -0.423558 0.122862
-19.2 0.8 -0.397915 0.185707
-19.2 1.2 -0.363944 0.235262
-19.2 1.6 -0.326006 0.271118
-19.2 2 -0.287793 0.294006
-19.2 2.4 -0.252125 0.30541
-19.2 2.8 -0.220899 0.307202
-19.2 3.2 -0.195144 0.301348
-19.2 3.6 -0.175149 0.289697
-19.2 4 -0.160621 0.273851
-19.2 4.4 -0.150849 0.255114
-19.2 4.8 -0.144857 0.234501
-19.2 5.2 -0.141536 0.212789
-19.2 5.6 -0.139749 0.190587
-19.2 6 -0.138423 0.168415
-19.2 6.4 -0.136619 0.146775
-19.2 6.8 -0.133599 0.126208
-19.2 7.2 -0.128882 0.107317
-19.2 7.6 -0.122296 0.0907637
-19.2 8 -0.114015 0.077227
-19.2 8.4 -0.104585 0.0673287
-19.2 8.8 -0.094916 0.0615262
-19.2 9.2 -0.0862383 0.059986
-19.2 9.6 -0.0800058 0.0624515
-19.2 10 -0.0777448 0.0681266
-19.2 10.4 -0.080846 0.0756019
-19.2 10.8 -0.0903104 0.0828504
-19.2 11.2 -0.106473 0.0873207
-19.2 11.6 -0.128742 0.0861455
-19.2 12 -0.155394 0.0764723
-19.2 12.4 -0.183494 0.0559018
-19.2 12.8 -0.208978 0.0229955
-19.2 13.2 -0.226954 -0.022213
-19.2 13.6 -0.232233 -0.077792
-19.2 14 -0.220067 -0.139675
-19.2 14.4 -0.187042 -0.201716
-19.2 14.8 -0.131989 -0.256122
-19.2 15.2 -0.0567707 -0.294293
-19.2 15.6 0.0332526 -0.308043
-19.2 16 0.129264 -0.291067
-19.2 16.4 0.219668 -0.24046
-19.2 16.8 0.291454 -0.157981
-19.2 17.2 0.332162 -0.0507634
-19.2 17.6 0.332209 0.0688495
-19.2 18 0.287185 0.184504
-19.2 18.4 0.199628 0.278102
-19.2 18.8 0.0797731 0.332891
-19.2 19.2 -0.0551279 0.336896
-19.2 19.6 -0.183088 0.286019
-18.8 -20 -0.0331842 0.158227
-18.8 -19.6 0.0669978 0.153555
-18.8 -19.2 0.148263 0.0899866
-18.8 -18.8 0.178978 -0.0114708
-18.8 -18.4 0.145306 -0.114894
-18.8 -18 0.0567036 -0.182487
-18.8 -17.6 -0.0571502 -0.188388
-18.8 -17.2 -0.156808 -0.128164
-18.8 -16.8 -0.206996 -0.0205719
-18.8 -16.4 -0.188988 0.0989011
-18.8 -16 -0.10707 0.190271
-18.8 -15.6 0.0130135 0.222653
-18.8 -15.2 0.132851 0.184501
-18.8 -14.8 0.214174 0.087137
-18.8 -14.4 0.231239 -0.039343
-18.8 -14 0.178714 -0.156107
-18.8 -13.6 0.0727524 -0.228007
-18.8 -13.2 -0.0547462 -0.234279
-18.8 -12.8 -0.166448 -0.174255
-18.8 -12.4 -0.230981 -0.0666223
-18.8 -12 -0.231838 0.0570736
-18.8 -11.6 -0.171294 0.162307
-18.8 -11.2 -0.0685587 0.221605
-18.8 -10.8 0.0467921 0.22178
-18.8 -10.4 0.143783 0.166526
-18.8 -10 0.198626 0.0740772
-18.8 -9.6 0.200549 -0.028926
-18.8 -9.2 0.153538 -0.115273
-18.8 -8.8 0.0739728 -0.1644
-18.8 -8.4 -0.0147684 -0.167129
-18.8 -8 -0.0889476 -0.126965
-18.8 -7.6 -0.13049 -0.0580349
-18.8 -7.2 -0.130936 0.0194007
-18.8 -6.8 -0.0926099 0.084427
-18.8 -6.4 -0.0270761 0.120486
-18.8 -6 0.0483625 0.118787
-18.8 -5.6 0.115048 0.0795498
-18.8 -5.2 0.157104 0.0111149
-18.8 -4.8 0.164445 -0.0725652
-18.8 -4.4 0.13419 -0.155254
-18.8 -4 0.0704432 -0.221754
-18.8 -3.6 -0.0172397 -0.260545
-18.8 -3.2 -0.116171 -0.265335
-18.8 -2.8 -0.213039 -0.235432
-18.8 -2.4 -0.29611 -0.175073
-18.8 -2 -0.356775 -0.0920579
-18.8 -1.6 -0.390317 0.00394991
-18.8 -1.2 -0.395918 0.103078
-18.8 -0.8 -0.376083 0.1966
-18.8 -0.4 -0.335698 0.277835
-18.8 0 -0.280968 0.342561
-18.8 0.4 -0.21841 0.388992
-18.8 0.8 -0.154051 0.417437
-18.8 1.2 -0.0928835 0.429773
-18.8 1.6 -0.0385906 0.428848
-18.8 2 0.00650086 0.417922
-18.8 2.4 0.0412985 0.400211
-18.8 2.8 0.0657194 0.378555
-18.8 3.2 0.0804252 0.355226
-18.8 3.6 0.0865635 0.331855
-18.8 4 0.0855472 0.309445
-18.8 4.4 0.0788868 0.28846
-18.8 4.8 0.0680773 0.268939
-18.8 5.2 0.0545343 0.25064
-18.8 5.6 0.0395641 0.23317
-18.8 6 0.0243556 0.21612
-18.8 6.4 0.00997781 0.199169
-18.8 6.8 -0.00262809 0.182174
-18.8 7.2 -0.0126724 0.165238
-18.8 7.6 -0.0195588 0.148735
-18.8 8 -0.0229454 0.133313
-18.8 8.4 -0.0228173 0.119845
-18.8 8.8 -0.0195607 0.109347
-18.8 9.2 -0.0140201 0.10284
-18.8 9.6 -0.00752114 0.101177
-18.8 10 -0.00183538 0.104839
-18.8 10.4 0.000929243 0.113729
-18.8 10.8 -0.0014736 0.126979
-18.8 11.2 -0.0111425 0.142828
-18.8 11.6 -0.0296685 0.158593
-18.8 12 -0.0577371 0.170795
-18.8 12.4 -0.0947448 0.175443
-18.8 12.8 -0.138504 0.168501
-18.8 13.2 -0.185119 0.14652
-18.8 13.6 -0.229103 0.107352
-18.8 14 -0.263815 0.0508706
-18.8 14.4 -0.282211 -0.0204429
-18.8 14.8 -0.27789 -0.101202
-18.8 15.2 -0.246329 -0.183246
-18.8 15.6 -0.186111 -0.256303
-18.8 16 -0.0999273 -0.30922
-18.8 16.4 0.00492863 -0.331673
-18.8 16.8 0.116797 -0.316154
-18.8 17.2 0.220783 -0.259904
-18.8 17.6 0.300786 -0.166385
-18.8 18 0.34222 -0.0458444
-18.8 18.4 0.335021 0.0853547
-18.8 18.8 0.27636 0.206799
-18.8 19.2 0.172372 0.297349
-18.8 19.6 0.0383096 0.339246
-18.4 -20 0.0452255 0.149253
-18.4 -19.6 0.128561 0.0984376
-18.4 -19.2 0.167844 0.00580886
-18.4 -18.8 0.145558 -0.0953521
-18.4 -18.4 0.0669271 -0.167192
-18.4 -18 -0.0414934 -0.181475
-18.4 -17.6 -0.141256 -0.130311
-18.4 -17.2 -0.195933 -0.0294064
-18.4 -16.8 -0.184324 0.0872967
-18.4 -16.4 -0.108158 0.179548
-18.4 -16 0.00839941 0.214884
-18.4 -15.6 0.127078 0.179847
-18.4 -15.2 0.208579 0.0844885
-18.4 -14.8 0.225732 -0.0412076
-18.4 -14.4 0.172276 -0.157476
-18.4 -14 0.0644777 -0.227837
-18.4 -13.6 -0.0646028 -0.230641
-18.4 -13.2 -0.175985 -0.165403
-18.4 -12.8 -0.236997 -0.0521877
-18.4 -12.4 -0.230927 0.0753348
-18.4 -12 -0.161247 0.180592
-18.4 -11.6 -0.0495086 0.235013
-18.4 -11.2 0.0719666 0.225826
-18.4 -10.8 0.170014 0.158669
-18.4 -10.4 0.22001 0.0547037
-18.4 -10 0.212059 -0.0564298
-18.4 -9.6 0.152519 -0.145414
-18.4 -9.2 0.0609086 -0.191153
-18.4 -8.8 -0.0364598 -0.185683
-18.4 -8.4 -0.114029 -0.135089
-18.4 -8 -0.153575 -0.0566253
-18.4 -7.6 -0.148196 0.0267429
-18.4 -7.2 -0.102997 0.092655
-18.4 -6.8 -0.0327139 0.124826
-18.4 -6.4 0.0427317 0.116417
-18.4 -6 0.103396 0.0707774
-18.4 -5.6 0.133863 -0.000260517
-18.4 -5.2 0.126217 -0.07978
-18.4 -4.8 0.0810053 -0.149855
-18.4 -4.4 0.00628247 -0.195302
-18.4 -4 -0.0847461 -0.206354
-18.4 -3.6 -0.176762 -0.179878
-18.4 -3.2 -0.255317 -0.119154
-18.4 -2.8 -0.309189 -0.0324928
-18.4 -2.4 -0.331779 0.0688
-18.4 -2 -0.321466 0.172627
-18.4 -1.6 -0.281086 0.268034
-18.4 -1.2 -0.21679 0.346587
-18.4 -0.8 -0.136631 0.403097
-18.4 -0.4 -0.0491514 0.435697
-18.4 0 0.0377796 0.445434
-18.4 0.4 0.117772 0.435532
-18.4 0.8 0.186326 0.410548
-18.4 1.2 0.240896 0.375541
-18.4 1.6 0.280676 0.335401
-18.4 2 0.306237 0.294356
-18.4 2.4 0.319089 0.255697
-18.4 2.8 0.321258 0.221681
-18.4 3.2 0.314931 0.193571
-18.4 3.6 0.302197 0.171768
-18.4 4 0.284881 0.155992
-18.4 4.4 0.264478 0.145472
-18.4 4.8 0.242151 0.139124
-18.4 5.2 0.218786 0.135708
-18.4 5.6 0.195074 0.133954
-18.4 6 0.171596 0.13267
-18.4 6.4 0.148911 0.130825
-18.4 6.8 0.127611 0.127627
-18.4 7.2 0.108354 0.122582
-18.4 7.6 0.0918541 0.115554
-18.4 8 0.0788293 0.106802
-18.4 8.4 0.0699144 0.0970046
-18.4 8.8 0.0655369 0.0872368
-18.4 9.2 0.0657729 0.0789133
-18.4 9.6 0.0702013 0.0736642
-18.4 10 0.0777832 0.0731511
-18.4 10.4 0.0867951 0.0788202
-18.4 10.8 0.094849 0.0916101
-18.4 11.2 0.0990283 0.111645
-18.4 11.6 0.0961574 0.137953
-18.4 12 0.0832047 0.16828
-18.4 12.4 0.0577975 0.19904
-18.4 12.8 0.0187948 0.225482
-18.4 13.2 -0.033165 0.242101
-18.4 13.6 -0.0952483 0.243308
-18.4 14 -0.162262 0.224314
-18.4 14.4 -0.226849 0.182138
-18.4 14.8 -0.280133 0.116595
-18.4 15.2 -0.312803 0.0310457
-18.4 15.6 -0.31659 -0.0672712
-18.4 16 -0.285938 -0.167553
-18.4 16.4 -0.219606 -0.256486
-18.4 16.8 -0.121844 -0.320047
-18.4 17.2 -0.00279093 -0.345881
-18.4 17.6 0.122195 -0.325895
-18.4 18 0.234407 -0.258594
-18.4 18.4 0.314753 -0.150553
-18.4 18.8 0.3474 -0.0165157
-18.4 19.2 0.32345 0.122231
-18.4 19.6 0.243786 0.241201
-18 -20 0.106445 0.105656
-18 -19.6 0.154184 0.0238605
-18 -19.2 0.144534 -0.0734902
-18 -18.8 0.0778505 -0.149253
-18 -18.4 -0.0233966 -0.172998
-18 -18 -0.122613 -0.132912
-18 -17.6 -0.182585 -0.040757
-18 -17.2 -0.179374 0.0719991
-18 -16.8 -0.111376 0.165407
-18 -16.4 -0.00022238 0.20541
-18 -16 0.116712 0.176068
-18 -15.6 0.199371 0.0852645
-18 -15.2 0.218876 -0.0379961
-18 -14.8 0.167325 -0.153556
-18 -14.4 0.0602466 -0.223659
-18 -14 -0.0688456 -0.225366
-18 -13.6 -0.179677 -0.157699
-18 -13.2 -0.238226 -0.0413967
-18 -12.8 -0.227197 0.088259
-18 -12.4 -0.15074 0.192869
-18 -12 -0.0322723 0.242705
-18 -11.6 0.0934641 0.225164
-18 -11.2 0.19124 0.147531
-18 -10.8 0.235572 0.0336584
-18 -10.4 0.217351 -0.0839481
-18 -10 0.145219 -0.173907
-18 -9.6 0.0418005 -0.214589
-18 -9.2 -0.0636475 -0.199248
-18 -8.8 -0.143722 -0.136573
-18 -8.4 -0.180036 -0.0469927
-18 -8 -0.167247 0.0437821
-18 -7.6 -0.113242 0.111937
-18 -7.2 -0.0358833 0.141477
-18 -6.8 0.0424102 0.127516
-18 -6.4 0.100608 0.0764574
-18 -6 0.12399 0.00340458
-18 -5.6 0.106998 -0.0721628
-18 -5.2 0.0536377 -0.131199
-18 -4.8 -0.024304 -0.159196
-18 -4.4 -0.110493 -0.148779
-18 -4 -0.187795 -0.100441
-18 -3.6 -0.241651 -0.0215978
-18 -3.2 -0.262457 0.0755857
-18 -2.8 -0.246626 0.176922
-18 -2.4 -0.196396 0.268856
-18 -2 -0.118636 0.340554
-18 -1.6 -0.0230853 0.385156
-18 -1.2 0.079545 0.400148
-18 -0.8 0.179247 0.386972
-18 -0.4 0.267939 0.35011
-18 0 0.340131 0.295923
-18 0.4 0.393076 0.231483
-18 0.8 0.426492 0.16358
-18 1.2 0.442023 0.0980089
-18 1.6 0.442581 0.039168
-18 2 0.431688 -0.0100646
-18 2.4 0.412926 -0.0482368
-18 2.8 0.389526 -0.0750901
-18 3.2 0.364108 -0.091263
-18 3.6 0.338577 -0.097991
-18 4 0.314127 -0.0968437
-18 4.4 0.291322 -0.0895209
-18 4.8 0.270239 -0.0777133
-18 5.2 0.250622 -0.0630207
-18 5.6 0.232041 -0.0469131
-18 6 0.214044 -0.0307178
-18 6.4 0.196284 -0.015615
-18 6.8 0.17862 -0.00262694
-18 7.2 0.161185 0.00740875
-18 7.6 0.144421 0.0138879
-18 8 0.129071 0.0165078
-18 8.4 0.116115 0.0153483
-18 8.8 0.106667 0.0109493
-18 9.2 0.101814 0.00436801
-18 9.6 0.102406 -0.00281038
-18 10 0.108833 -0.0085299
-18 10.4 0.120787 -0.0104104
-18 10.8 0.137068 -0.00599376
-18 11.2 0.155471 0.00691289
-18 11.6 0.172795 0.029821
-18 12 0.185032 0.0631159
-18 12.4 0.187747 0.105653
-18 12.8 0.176654 0.154477
-18 13.2 0.148354 0.204765
-18 13.6 0.101146 0.250068
-18 14 0.0357882 0.28291
-18 14.4 -0.0439445 0.295746
-18 14.8 -0.13109 0.282213
-18 15.2 -0.215851 0.238519
-18 15.6 -0.28658 0.164732
-18 16 -0.331357 0.0656976
-18 16.4 -0.340043 -0.0487159
-18 16.8 -0.306497 -0.164294
-18 17.2 -0.230533 -0.264166
-18 17.6 -0.119143 -0.331419
-18 18 0.0134785 -0.35231
-18 18.4 0.147412 -0.319496
-18 18.8 0.260003 -0.234559
-18 19.2 0.330023 -0.109088
-18 19.6 0.342285 0.0362552
-17.6 -20 0.137634 0.041525
-17.6 -19.6 0.141262 -0.0500049
-17.6 -19.2 0.0883076 -0.12866
-17.6 -18.8 -0.00377565 -0.162298
-17.6 -18.4 -0.101244 -0.134951
-17.6 -18 -0.16671 -0.0536318
-17.6 -17.6 -0.173455 0.0536647
-17.6 -17.2 -0.115886 0.14804
-17.6 -16.8 -0.0121234 0.194021
-17.6 -16.4 0.102232 0.172727
-17.6 -16 0.186786 0.0889883
-17.6 -15.6 0.210765 -0.0301314
-17.6 -15.2 0.163921 -0.144738
-17.6 -14.8 0.0601151 -0.215929
-17.6 -14.4 -0.0675063 -0.219064
-17.6 -14 -0.177808 -0.151908
-17.6 -13.6 -0.235359 -0.0350449
-17.6 -13.2 -0.221819 0.095261
-17.6 -12.8 -0.141351 0.199044
-17.6 -12.4 -0.0185962 0.245301
-17.6 -12 0.109704 0.22122
-17.6 -11.6 0.206404 0.135272
-17.6 -11.2 0.245076 0.0136113
-17.6 -10.8 0.21718 -0.108624
-17.6 -10.4 0.133424 -0.198056
-17.6 -10 0.0193894 -0.232481
-17.6 -9.6 -0.0927755 -0.206306
-17.6 -9.2 -0.173812 -0.130795
-17.6 -8.8 -0.205142 -0.0295698
-17.6 -8.4 -0.182979 0.068863
-17.6 -8 -0.11801 0.139181
-17.6 -7.6 -0.0312464 0.165642
-17.6 -7.2 0.0523983 0.145285
-17.6 -6.8 0.110849 0.0875003
-17.6 -6.4 0.130143 0.010522
-17.6 -6 0.107096 -0.0638647
-17.6 -5.6 0.0490678 -0.115851
-17.6 -5.2 -0.0287274 -0.132004
-17.6 -4.8 -0.107364 -0.107667
-17.6 -4.4 -0.168636 -0.0470992
-17.6 -4 -0.198745 0.0383033
-17.6 -3.6 -0.19055 0.133031
-17.6 -3.2 -0.144161 0.220864
-17.6 -2.8 -0.0660302 0.287888
-17.6 -2.4 0.03299 0.324606
-17.6 -2 0.140062 0.326885
-17.6 -1.6 0.24269 0.295816
-17.6 -1.2 0.330564 0.236716
-17.6 -0.8 0.396681 0.157642
-17.6 -0.4 0.437725 0.0677889
-17.6 0 0.453807 -0.0239477
-17.6 0.4 0.447755 -0.110035
-17.6 0.8 0.424183 -0.184925
-17.6 1.2 0.388544 -0.245247
-17.6 1.6 0.346295 -0.289661
-17.6 2 0.30228 -0.318482
-17.6 2.4 0.260351 -0.333198
-17.6 2.8 0.223208 -0.33598
-17.6 3.2 0.192411 -0.329256
-17.6 3.6 0.168516 -0.31539
-17.6 4 0.151276 -0.29647
-17.6 4.4 0.13986 -0.274218
-17.6 4.8 0.133064 -0.249978
-17.6 5.2 0.1295 -0.224769
-17.6 5.6 0.127747 -0.19938
-17.6 6 0.126476 -0.174469
-17.6 6.4 0.124553 -0.150659
-17.6 6.8 0.121123 -0.128605
-17.6 7.2 0.115687 -0.109024
-17.6 7.6 0.108156 -0.0926831
-17.6 8 0.0988934 -0.0803401
-17.6 8.4 0.0887322 -0.0726332
-17.6 8.8 0.078941 -0.0699405
-17.6 9.2 0.0711413 -0.0722171
-17.6 9.6 0.0671533 -0.0788362
-17.6 10 0.0687714 -0.0884648
-17.6 10.4 0.0774734 -0.0990112
-17.6 10.8 0.0940859 -0.107678
-17.6 11.2 0.118445 -0.111153
-17.6 11.6 0.149108 -0.105951
-17.6 12 0.183179 -0.088903
-17.6 12.4 0.216326 -0.057754
-17.6 12.8 0.243047 -0.0118028
-17.6 13.2 0.25722 0.0475254
-17.6 13.6 0.252931 0.116297
-17.6 14 0.225521 0.188012
-17.6 14.4 0.172712 0.253996
-17.6 14.8 0.0956341 0.304292
-17.6 15.2 -0.000497349 0.329042
-17.6 15.6 -0.106273 0.32024
-17.6 16 -0.208757 0.273579
-17.6 16.4 -0.293014 0.19008
-17.6 16.8 -0.344397 0.0770555
-17.6 17.2 -0.351342 -0.0519431
-17.6 17.6 -0.308165 -0.178476
-17.6 18 -0.217253 -0.281879
-17.6 18.4 -0.0900032 -0.342957
-17.6 18.8 0.0540009 -0.348114
-17.6 19.2 0.189784 -0.293013
-17.6 19.6 0.291494 -0.184828
-17.2 -20 0.13487 -0.0258258
-17.2 -19.6 0.0970535 -0.105613
-17.2 -19.2 0.016273 -0.148793
-17.2 -18.8 -0.0776794 -0.135335
-17.2 -18.4 -0.148113 -0.0668706
-17.2 -18 -0.165783 0.0331042
-17.2 -17.6 -0.120647 0.127676
-17.2 -17.2 -0.0263728 0.18038
-17.2 -16.8 0.0842046 0.16913
-17.2 -16.4 0.170964 0.0948802
-17.2 -16 0.201214 -0.0182631
-17.2 -15.6 0.161732 -0.131465
-17.2 -15.2 0.0637358 -0.204936
-17.2 -14.8 -0.0609188 -0.211983
-17.2 -14.4 -0.170778 -0.148311
-17.2 -14 -0.228992 -0.0334046
-17.2 -13.6 -0.215665 0.0962298
-17.2 -13.2 -0.134177 0.199382
-17.2 -12.8 -0.00961819 0.243625
-17.2 -12.4 0.11981 0.215443
-17.2 -12 0.215218 0.12386
-17.2 -11.6 0.249069 -0.00322092
-17.2 -11.2 0.213041 -0.128356
-17.2 -10.8 0.119518 -0.21625
-17.2 -10.4 -0.003252 -0.244029
-17.2 -10 -0.120367 -0.207078
-17.2 -9.6 -0.200721 -0.11909
-17.2 -9.2 -0.225495 -0.00682156
-17.2 -8.8 -0.192409 0.0984073
-17.2 -8.4 -0.114953 0.169708
-17.2 -8 -0.0173348 0.191535
-17.2 -7.6 0.0729733 0.16282
-17.2 -7.2 0.132797 0.0959243
-17.2 -6.8 0.148888 0.0121668
-17.2 -6.4 0.120377 -0.0644534
-17.2 -6 0.0578458 -0.11351
-17.2 -5.6 -0.0203274 -0.122798
-17.2 -5.2 -0.0930438 -0.0904614
-17.2 -4.8 -0.14158 -0.0244372
-17.2 -4.4 -0.153493 0.060242
-17.2 -4 -0.124633 0.145353
-17.2 -3.6 -0.0591092 0.213527
-17.2 -3.2 0.032435 0.251533
-17.2 -2.8 0.135586 0.252251
-17.2 -2.4 0.235211 0.215154
-17.2 -2 0.318137 0.145494
-17.2 -1.6 0.375009 0.0525963
-17.2 -1.2 0.401157 -0.0522277
-17.2 -0.8 0.39651 -0.157701
-17.2 -0.4 0.364798 -0.254183
-17.2 0 0.312331 -0.334672
-17.2 0.4 0.246664 -0.39519
-17.2 0.8 0.175387 -0.434636
-17.2 1.2 0.105207 -0.45426
-17.2 1.6 0.0413767 -0.456947
-17.2 2 -0.0125387 -0.446463
-17.2 2.4 -0.0546171 -0.426782
-17.2 2.8 -0.0843494 -0.401579
-17.2 3.2 -0.102312 -0.373888
-17.2 3.6 -0.109821 -0.34595
-17.2 4 -0.108615 -0.31919
-17.2 4.4 -0.100611 -0.294312
-17.2 4.8 -0.087728 -0.271441
-17.2 5.2 -0.0717825 -0.250317
-17.2 5.6 -0.0544378 -0.230471
-17.2 6 -0.0371831 -0.211409
-17.2 6.4 -0.0213267 -0.192753
-17.2 6.8 -0.00798183 -0.174364
-17.2 7.2 0.00196485 -0.156417
-17.2 7.6 0.00790857 -0.139432
-17.2 8 0.00960323 -0.124258
-17.2 8.4 0.00724951 -0.111995
-17.2 8.8 0.00157679 -0.10386
-17.2 9.2 -0.00610456 -0.100993
-17.2 9.6 -0.0139077 -0.104224
-17.2 10 -0.0194572 -0.113804
-17.2 10.4 -0.0200805 -0.129156
-17.2 10.8 -0.0131131 -0.148672
-17.2 11.2 0.00369331 -0.169622
-17.2 11.6 0.0316925 -0.188216
-17.2 12 0.0708537 -0.199877
-17.2 12.4 0.119345 -0.199731
-17.2 12.8 0.17329 -0.18331
-17.2 13.2 0.226803 -0.147414
-17.2 13.6 0.272391 -0.0910055
-17.2 14 0.301759 -0.0160011
-17.2 14.4 0.307007 0.0722502
-17.2 14.8 0.282093 0.164975
-17.2 15.2 0.224368 0.250632
-17.2 15.6 0.135875 0.316272
-17.2 16 0.0240948 0.349534
-17.2 16.4 -0.0981934 0.341038
-17.2 16.8 -0.214152 0.286771
-17.2 17.2 -0.305243 0.189945
-17.2 17.6 -0.354486 0.0617731
-17.2 18 -0.350089 -0.079281
-17.2 18.4 -0.288718 -0.209984
-17.2 18.8 -0.177547 -0.306359
-17.2 19.2 -0.0343119 -0.348627
-17.2 19.6 0.115045 -0.326074
-16.8 -20 0.102851 -0.0806093
-16.8 -19.6 0.0354813 -0.132107
-16.8 -19.2 -0.0526816 -0.133001
-16.8 -18.8 -0.126763 -0.0791843
-16.8 -18.4 -0.155586 0.011317
-16.8 -18 -0.124486 0.104671
-16.8 -17.6 -0.0418495 0.164128
-16.8 -17.2 0.0633274 0.164407
-16.8 -16.8 0.152022 0.101912
-16.8 -16.4 0.189835 -0.00324663
-16.8 -16 0.160092 -0.114232
-16.8 -15.6 0.0704159 -0.190813
-16.8 -15.2 -0.0496529 -0.204023
-16.8 -14.8 -0.159023 -0.146725
-16.8 -14.4 -0.219523 -0.0362879
-16.8 -14 -0.209198 0.0914052
-16.8 -13.6 -0.129778 0.194315
-16.8 -13.2 -0.00587641 0.238453
-16.8 -12.8 0.12349 0.209013
-16.8 -12.4 0.217899 0.114789
-16.8 -12 0.24849 -0.0152789
-16.8 -11.6 0.206651 -0.141874
-16.8 -11.2 0.105876 -0.227878
-16.8 -10.8 -0.0233693 -0.249557
-16.8 -10.4 -0.143661 -0.20296
-16.8 -10 -0.222067 -0.103912
-16.8 -9.6 -0.239415 0.0178827
-16.8 -9.2 -0.194805 0.128338
-16.8 -8.8 -0.104453 0.198951
-16.8 -8.4 0.00422404 0.214301
-16.8 -8 0.10112 0.175169
-16.8 -7.6 0.161866 0.096889
-16.8 -7.2 0.173843 0.00390436
-16.8 -6.8 0.138427 -0.0775371
-16.8 -6.4 0.0693294 -0.126374
-16.8 -6 -0.0120527 -0.131614
-16.8 -5.6 -0.082681 -0.0941373
-16.8 -5.2 -0.123615 -0.0253685
-16.8 -4.8 -0.124077 0.0563972
-16.8 -4.4 -0.0831124 0.130806
-16.8 -4 -0.00882283 0.18009
-16.8 -3.6 0.0842714 0.192523
-16.8 -3.2 0.178849 0.164104
-16.8 -2.8 0.25844 0.0984171
-16.8 -2.4 0.310341 0.00502534
-16.8 -2 0.327337 -0.103015
-16.8 -1.6 0.308126 -0.21185
-16.8 -1.2 0.256619 -0.309173
-16.8 -0.8 0.180487 -0.385869
-16.8 -0.4 0.0893864 -0.436788
-16.8 0 -0.00676529 -0.460745
-16.8 0.4 -0.0991637 -0.459888
-16.8 0.8 -0.181012 -0.438727
-16.8 1.2 -0.247906 -0.403045
-16.8 1.6 -0.297787 -0.358895
-16.8 2 -0.330584 -0.31182
-16.8 2.4 -0.347693 -0.266338
-16.8 2.8 -0.351407 -0.225691
-16.8 3.2 -0.344412 -0.191819
-16.8 3.6 -0.329381 -0.165491
-16.8 4 -0.308716 -0.146519
-16.8 4.4 -0.284411 -0.134019
-16.8 4.8 -0.258027 -0.126657
-16.8 5.2 -0.230751 -0.122876
-16.8 5.6 -0.203493 -0.121079
-16.8 6 -0.177004 -0.119783
-16.8 6.4 -0.151983 -0.117734
-16.8 6.8 -0.129156 -0.114014
-16.8 7.2 -0.109306 -0.108118
-16.8 7.6 -0.0932573 -0.10002
-16.8 8 -0.0818004 -0.0902126
-16.8 8.4 -0.0755642 -0.0797112
-16.8 8.8 -0.0748525 -0.0700068
-16.8 9.2 -0.0794608 -0.062952
-16.8 9.6 -0.0885051 -0.0605686
-16.8 10 -0.100299 -0.0647752
-16.8 10.4 -0.112322 -0.077046
-16.8 10.8 -0.121317 -0.0980307
-16.8 11.2 -0.123549 -0.127185
-16.8 11.6 -0.115236 -0.162478
-16.8 12 -0.0931362 -0.200255
-16.8 12.4 -0.0552363 -0.235339
-16.8 12.8 -0.0014529 -0.261421
-16.8 13.2 0.0657848 -0.271785
-16.8 13.6 0.141219 -0.260318
-16.8 14 0.216865 -0.222727
-16.8 14.4 0.282645 -0.157775
-16.8 14.8 0.327593 -0.068307
-16.8 15.2 0.341577 0.0382203
-16.8 15.6 0.317322 0.149946
-16.8 16 0.252405 0.251744
-16.8 16.4 0.150798 0.327302
-16.8 16.8 0.0234698 0.361961
-16.8 17.2 -0.112316 0.345876
-16.8 17.6 -0.235204 0.276874
-16.8 18 -0.32331 0.162265
-16.8 18.4 -0.358637 0.0189358
-16.8 18.8 -0.331466 -0.128705
-16.8 19.2 -0.243666 -0.252885
-16.8 19.6 -0.109845 -0.328139
-16.4 -20 0.0524591 -0.112191
-16.4 -19.6 -0.0272901 -0.127039
-16.4 -19.2 -0.102902 -0.0892223
-16.4 -18.8 -0.142232 -0.0104933
-16.4 -18.4 -0.126188 0.0795943
-16.4 -18 -0.0572634 0.145009
-16.4 -17.6 0.0404764 0.157627
-16.4 -17.2 0.130144 0.108868
-16.4 -16.8 0.176139 0.013862
-16.4 -16.4 0.158092 -0.0936247
-16.4 -16 0.0791723 -0.173594
-16.4 -15.6 -0.0344833 -0.194793
-16.4 -15.2 -0.142995 -0.146564
-16.4 -14.8 -0.207129 -0.0431154
-16.4 -14.4 -0.202463 0.0812821
-16.4 -14 -0.128174 0.184309
-16.4 -13.6 -0.00737776 0.230347
-16.4 -13.2 0.120876 0.20268
-16.4 -12.8 0.214921 0.108961
-16.4 -12.4 0.24432 -0.0216929
-16.4 -12 0.199548 -0.148639
-16.4 -11.6 0.0944558 -0.233045
-16.4 -11.2 -0.0388842 -0.25005
-16.4 -10.8 -0.160856 -0.195889
-16.4 -10.4 -0.23672 -0.0880305
-16.4 -10 -0.24676 0.0412068
-16.4 -9.6 -0.191187 0.155099
-16.4 -9.2 -0.0887442 0.223493
-16.4 -8.8 0.0300253 0.230975
-16.4 -8.4 0.132345 0.18008
-16.4 -8 0.192551 0.0890932
-16.4 -7.6 0.19855 -0.0143623
-16.4 -7.2 0.153899 -0.101685
-16.4 -6.8 0.0754126 -0.151068
-16.4 -6.4 -0.0125164 -0.152628
-16.4 -6 -0.0849555 -0.109863
-16.4 -5.6 -0.122821 -0.0375124
-16.4 -5.2 -0.117061 0.0431493
-16.4 -4.8 -0.0698916 0.110047
-16.4 -4.4 0.00679466 0.145523
-16.4 -4 0.0950493 0.139861
-16.4 -3.6 0.175354 0.0925693
-16.4 -3.2 0.230822 0.0114848
-16.4 -2.8 0.250232 -0.0897337
-16.4 -2.4 0.229454 -0.194904
-16.4 -2 0.171262 -0.288581
-16.4 -1.6 0.0838805 -0.358622
-16.4 -1.2 -0.0212 -0.397705
-16.4 -0.8 -0.131563 -0.403706
-16.4 -0.4 -0.2359 -0.379141
-16.4 0 -0.325444 -0.32995
-16.4 0.4 -0.394678 -0.264022
-16.4 0.8 -0.441387 -0.18975
-16.4 1.2 -0.466206 -0.114855
-16.4 1.6 -0.47186 -0.0456
-16.4 2 -0.462306 0.0135971
-16.4 2.4 -0.441929 0.0602028
-16.4 2.8 -0.414905 0.0933561
-16.4 3.2 -0.384756 0.113515
-16.4 3.6 -0.354131 0.122055
-16.4 4 -0.324751 0.120899
-16.4 4.4 -0.297495 0.112209
-16.4 4.8 -0.272568 0.0981726
-16.4 5.2 -0.249709 0.0808621
-16.4 5.6 -0.228416 0.0621697
-16.4 6 -0.208146 0.043776
-16.4 6.4 -0.188493 0.0271376
-16.4 6.8 -0.169323 0.0134696
-16.4 7.2 -0.15086 0.00370843
-16.4 7.6 -0.133714 -0.0015512
-16.4 8 -0.118854 -0.00214167
-16.4 8.4 -0.10751 0.00158212
-16.4 8.8 -0.101002 0.00865899
-16.4 9.2 -0.100515 0.0174775
-16.4 9.6 -0.10682 0.0258025
-16.4 10 -0.119979 0.0309024
-16.4 10.4 -0.139068 0.0297968
-16.4 10.8 -0.161984 0.0196312
-16.4 11.2 -0.185383 -0.00184114
-16.4 11.6 -0.204814 -0.0357135
-16.4 12 -0.215097 -0.0813948
-16.4 12.4 -0.210945 -0.136194
-16.4 12.8 -0.187822 -0.19514
-16.4 13.2 -0.142918 -0.251148
-16.4 13.6 -0.0761396 -0.295623
-16.4 14 0.0091224 -0.31952
-16.4 14.4 0.105632 -0.314806
-16.4 14.8 0.202581 -0.276149
-16.4 15.2 0.286634 -0.202562
-16.4 15.6 0.343747 -0.0986342
-16.4 16 0.361615 0.025021
-16.4 16.4 0.332383 0.152446
-16.4 16.8 0.255101 0.264292
-16.4 17.2 0.13728 0.34095
-16.4 17.6 -0.00503162 0.366443
-16.4 18 -0.149038 0.332345
-16.4 18.4 -0.268879 0.240792
-16.4 18.8 -0.340711 0.105639
-16.4 19.2 -0.348248 -0.048924
-16.4 19.6 -0.287417 -0.192475
-16 -20 -0.0028185 -0.116831
-16 -19.6 -0.0771387 -0.0956785
-16 -19.2 -0.125366 -0.0309385
-16 -18.8 -0.124615 0.0533026
-16 -18.4 -0.0712018 0.122999
-16 -18 0.0167473 0.147924
-16 -17.6 0.10569 0.114426
-16 -17.2 0.159661 0.031811
-16 -16.8 0.15468 -0.0703816
-16 -16.4 0.088787 -0.15331
-16 -16 -0.0163836 -0.183711
-16 -15.6 -0.123183 -0.146921
-16 -15.2 -0.191805 -0.0529781
-16 -14.8 -0.195123 0.0665569
-16 -14.4 -0.12891 0.169806
-16 -14 -0.0136829 0.21959
-16 -13.6 0.112396 0.1967
-16 -13.2 0.206815 0.106666
-16 -12.8 0.237344 -0.0222152
-16 -12.4 0.192832 -0.148651
-16 -12 0.0865841 -0.232256
-16 -11.6 -0.0485058 -0.246706
-16 -11.2 -0.17106 -0.187784
-16 -10.8 -0.244554 -0.0739253
-16 -10.4 -0.248429 0.0604408
-16 -10 -0.183582 0.176173
-16 -9.6 -0.0708953 0.241421
-16 -9.2 0.0561737 0.24059
-16 -8.8 0.162207 0.17776
-16 -8.4 0.220146 0.0740539
-16 -8 0.218301 -0.039713
-16 -7.6 0.162327 -0.132478
-16 -7.2 0.0721367 -0.181538
-16 -6.8 -0.024816 -0.177986
-16 -6.4 -0.101614 -0.127831
-16 -6 -0.138941 -0.0490253
-16 -5.6 -0.129376 0.0343074
-16 -5.2 -0.0781624 0.0985563
-16 -4.8 -0.000726826 0.126396
-16 -4.4 0.0819758 0.110324
-16 -4 0.148828 0.0534386
-16 -3.6 0.18325 -0.0323241
-16 -3.2 0.176241 -0.129663
-16 -2.8 0.127361 -0.220041
-16 -2.4 0.0437842 -0.287448
-16 -2 -0.0620201 -0.321057
-16 -1.6 -0.175243 -0.31644
-16 -1.2 -0.281609 -0.275381
-16 -0.8 -0.369618 -0.204602
-16 -0.4 -0.431873 -0.113889
-16 0 -0.465443 -0.014089
-16 0.4 -0.471426 0.0846264
-16 0.8 -0.453974 0.174003
-16 1.2 -0.419084 0.248353
-16 1.6 -0.373408 0.304668
-16 2 -0.323265 0.342316
-16 2.4 -0.273955 0.36249
-16 2.8 -0.229389 0.367566
-16 3.2 -0.191994 0.360491
-16 3.6 -0.162821 0.344293
-16 4 -0.141787 0.321738
-16 4.4 -0.127964 0.295149
-16 4.8 -0.119881 0.266358
-16 5.2 -0.115788 0.236756
-16 5.6 -0.113889 0.207406
-16 6 -0.112518 0.179171
-16 6.4 -0.110288 0.152843
-16 6.8 -0.106209 0.129228
-16 7.2 -0.0997793 0.109184
-16 7.6 -0.0910526 0.0935918
-16 8 -0.0806771 0.0832662
-16 8.4 -0.0698853 0.0788078
-16 8.8 -0.0604229 0.0804128
-16 9.2 -0.0543979 0.0876687
-16 9.6 -0.0540415 0.0993727
-16 10 -0.0613788 0.113416
-16 10.4 -0.0778309 0.126781
-16 10.8 -0.103787 0.1357
-16 11.2 -0.138206 0.135999
-16 11.6 -0.178337 0.12363
-16 12 -0.219635 0.0953721
-16 12.4 -0.255975 0.0496166
-16 12.8 -0.280209 -0.0128804
-16 13.2 -0.285089 -0.0884302
-16 13.6 -0.264491 -0.170207
-16 14 -0.214805 -0.248565
-16 14.4 -0.136259 -0.31199
-16 14.8 -0.0338747 -0.348678
-16 15.2 0.0822379 -0.348628
-16 15.6 0.197538 -0.305925
-16 16 0.294785 -0.22081
-16 16.4 0.356768 -0.100972
-16 16.8 0.369698 0.0384133
-16 17.2 0.326645 0.176264
-16 17.6 0.23022 0.28883
-16 18 0.0936724 0.354206
-16 18.4 -0.0602474 0.357334
-16 18.8 -0.202865 0.294323
-16 19.2 -0.305217 0.174859
-16 19.6 -0.344687 0.0216959
-15.6 -20 -0.0505007 -0.097436
-15.6 -19.6 -0.105044 -0.0485165
-15.6 -19.2 -0.118851 0.0269745
-15.6 -18.8 -0.0822145 0.0984207
-15.6 -18.4 -0.00653264 0.134647
-15.6 -18 0.0792982 0.117262
-15.6 -17.6 0.140106 0.0491766
-15.6 -17.2 0.148789 -0.0454554
-15.6 -16.8 0.0978736 -0.130111
-15.6 -16.4 0.0034651 -0.170135
-15.6 -16 -0.100185 -0.14667
-15.6 -15.6 -0.173461 -0.0646904
-15.6 -15.2 -0.186557 0.0481145
-15.6 -14.8 -0.131133 0.151228
-15.6 -14.4 -0.0239814 0.206195
-15.6 -14 0.0986778 0.190857
-15.6 -13.6 0.194059 0.107636
-15.6 -13.2 0.228018 -0.0171155
-15.6 -12.8 0.187051 -0.14227
-15.6 -12.4 0.0828944 -0.226137
-15.6 -12 -0.0516809 -0.240583
-15.6 -11.6 -0.174089 -0.180171
-15.6 -11.2 -0.246061 -0.0634392
-15.6 -10.8 -0.245804 0.0737524
-15.6 -10.4 -0.174285 0.190158
-15.6 -10 -0.0539488 0.252178
-15.6 -9.6 0.0792136 0.243727
-15.6 -9.2 0.18725 0.170073
-15.6 -8.8 0.241607 0.0549069
-15.6 -8.4 0.230806 -0.0678572
-15.6 -8 0.162448 -0.164627
-15.6 -7.6 0.0595061 -0.21165
-15.6 -7.2 -0.0474294 -0.200841
-15.6 -6.8 -0.129302 -0.140628
-15.6 -6.4 -0.166382 -0.0521525
-15.6 -6 -0.152717 0.0375961
-15.6 -5.6 -0.0964121 0.103451
-15.6 -5.2 -0.0162286 0.128405
-15.6 -4.8 0.0641504 0.107136
-15.6 -4.4 0.122383 0.0461986
-15.6 -4 0.142625 -0.0386689
-15.6 -3.6 0.1185 -0.127052
-15.6 -3.2 0.0535006 -0.198817
-15.6 -2.8 -0.0408275 -0.238305
-15.6 -2.4 -0.148159 -0.236951
-15.6 -2 -0.251128 -0.194037
-15.6 -1.6 -0.334665 -0.115759
-15.6 -1.2 -0.38831 -0.0131368
-15.6 -0.8 -0.407265 0.100581
-15.6 -0.4 -0.392229 0.212417
-15.6 0 -0.348321 0.311599
-15.6 0.4 -0.283508 0.390722
-15.6 0.8 -0.206917 0.446101
-15.6 1.2 -0.127365 0.477455
-15.6 1.6 -0.0522932 0.487148
-15.6 2 0.0128313 0.479239
-15.6 2.4 0.0646834 0.458519
-15.6 2.8 0.101913 0.429719
-15.6 3.2 0.124777 0.396936
-15.6 3.6 0.13468 0.363317
-15.6 4 0.133732 0.330954
-15.6 4.4 0.124376 0.300961
-15.6 4.8 0.10911 0.27365
-15.6 5.2 0.0903134 0.248783
-15.6 5.6 0.0701515 0.225821
-15.6 6 0.0505314 0.204176
-15.6 6.4 0.033083 0.183412
-15.6 6.8 0.0191356 0.163403
-15.6 7.2 0.0096747 0.14443
-15.6 7.6 0.00527064 0.127209
-15.6 8 0.00598416 0.112843
-15.6 8.4 0.011265 0.102699
-15.6 8.8 0.0198691 0.0981995
-15.6 9.2 0.0298283 0.100551
-15.6 9.6 0.0385082 0.110425
-15.6 10 0.0427844 0.12762
-15.6 10.4 0.0393604 0.15078
-15.6 10.8 0.0252229 0.177201
-15.6 11.2 -0.00179196 0.202827
-15.6 11.6 -0.0423844 0.222475
-15.6 12 -0.0952257 0.230344
-15.6 12.4 -0.156566 0.2208
-15.6 12.8 -0.220149 0.18939
-15.6 13.2 -0.27756 0.133959
-15.6 13.6 -0.319083 0.055692
-15.6 14 -0.335065 -0.0401678
-15.6 14.4 -0.317673 -0.144168
-15.6 14.8 -0.262799 -0.243279
-15.6 15.2 -0.171754 -0.322426
-15.6 15.6 -0.0523193 -0.36685
-15.6 16 0.0812843 -0.365023
-15.6 16.4 0.209795 -0.311617
-15.6 16.8 0.31174 -0.209834
-15.6 17.2 0.367415 -0.0723984
-15.6 17.6 0.363321 0.0793929
-15.6 18 0.296101 0.218786
-15.6 18.4 0.174867 0.318583
-15.6 18.8 0.0209471 0.357181
-15.6 19.2 -0.135389 0.32428
-15.6 19.6 -0.260977 0.224687
-15.2 -20 -0.0818386 -0.0617424
-15.2 -19.6 -0.108359 0.00208752
-15.2 -19.2 -0.0889452 0.0720419
-15.2 -18.8 -0.0278419 0.117507
-15.2 -18.4 0.0519526 0.116188
-15.2 -18 0.117495 0.064422
-15.2 -17.6 0.139488 -0.0200583
-15.2 -17.2 0.104969 -0.104389
-15.2 -16.8 0.0236753 -0.153516
-15.2 -16.4 -0.0747868 -0.144583
-15.2 -16 -0.152047 -0.0768459
-15.2 -15.6 -0.175985 0.0270424
-15.2 -15.2 -0.133686 0.129045
-15.2 -14.8 -0.0371503 0.189994
-15.2 -14.4 0.0805221 0.184552
-15.2 -14 0.177052 0.111117
-15.2 -13.6 0.216444 -0.00708359
-15.2 -13.2 0.182191 -0.130072
-15.2 -12.8 0.0833653 -0.215255
-15.2 -12.4 -0.0484711 -0.232387
-15.2 -12 -0.170223 -0.17398
-15.2 -11.6 -0.241978 -0.0576407
-15.2 -11.2 -0.240256 0.0801896
-15.2 -10.8 -0.165316 0.196588
-15.2 -10.4 -0.0403662 0.256139
-15.2 -10 0.0966167 0.241852
-15.2 -9.6 0.205342 0.159619
-15.2 -9.2 0.25564 0.0352386
-15.2 -8.8 0.23595 -0.0945167
-15.2 -8.4 0.155532 -0.193522
-15.2 -8 0.040266 -0.236817
-15.2 -7.6 -0.0761012 -0.216946
-15.2 -7.2 -0.162218 -0.144639
-15.2 -6.8 -0.197736 -0.0442251
-15.2 -6.4 -0.177978 0.0543363
-15.2 -6 -0.11378 0.124162
-15.2 -5.6 -0.0271438 0.148393
-15.2 -5.2 0.0556098 0.123707
-15.2 -4.8 0.111027 0.0599092
-15.2 -4.4 0.124134 -0.0237664
-15.2 -4 0.0912606 -0.104233
-15.2 -3.6 0.0197876 -0.16034
-15.2 -3.2 -0.074651 -0.177447
-15.2 -2.8 -0.172443 -0.149881
-15.2 -2.4 -0.254521 -0.0810783
-15.2 -2 -0.306071 0.0182208
-15.2 -1.6 -0.318783 0.132975
-15.2 -1.2 -0.291438 0.247183
-15.2 -0.8 -0.22904 0.3468
-15.2 -0.4 -0.140989 0.421755
-15.2 0 -0.0388293 0.466847
-15.2 0.4 0.0658786 0.481635
-15.2 0.8 0.163221 0.469555
-15.2 1.2 0.245943 0.436618
-15.2 1.6 0.309797 0.390024
-15.2 2 0.353352 0.336933
-15.2 2.4 0.377444 0.283559
-15.2 2.8 0.384454 0.234629
-15.2 3.2 0.377588 0.193189
-15.2 3.6 0.360263 0.160677
-15.2 4 0.335677 0.137171
-15.2 4.4 0.30655 0.121723
-15.2 4.8 0.275047 0.112715
-15.2 5.2 0.242817 0.108185
-15.2 5.6 0.211111 0.106101
-15.2 6 0.180936 0.10459
-15.2 6.4 0.153195 0.102112
-15.2 6.8 0.128787 0.0975985
-15.2 7.2 0.108648 0.0905568
-15.2 7.6 0.093714 0.0811443
-15.2 8 0.0848127 0.0701968
-15.2 8.4 0.0824892 0.0592015
-15.2 8.8 0.0867884 0.0501941
-15.2 9.2 0.09703 0.0455626
-15.2 9.6 0.111618 0.0477488
-15.2 10 0.12794 0.0588547
-15.2 10.4 0.142411 0.0801808
-15.2 10.8 0.150704 0.111748
-15.2 11.2 0.148198 0.151881
-15.2 11.6 0.130639 0.196952
-15.2 12 0.0949612 0.241384
-15.2 12.4 0.0401687 0.27801
-15.2 12.8 -0.0318704 0.298836
-15.2 13.2 -0.115912 0.296203
-15.2 13.6 -0.2033 0.264248
-15.2 14 -0.282581 0.200464
-15.2 14.4 -0.340847 0.107056
-15.2 14.8 -0.365763 -0.00824464
-15.2 15.2 -0.348041 -0.132274
-15.2 15.6 -0.283954 -0.247683
-15.2 16 -0.177324 -0.335409
-15.2 16.4 -0.0403612 -0.378124
-15.2 16.8 0.107138 -0.364137
-15.2 17.2 0.240504 -0.290903
-15.2 17.6 0.334612 -0.167182
-15.2 18 0.369303 -0.0129782
-15.2 18.4 0.334659 0.143239
-15.2 18.8 0.234708 0.269886
-15.2 19.2 0.0882572 0.339293
-15.2 19.6 -0.073915 0.33483
-14.8 -20 -0.0931479 -0.0196798
-14.8 -19.6 -0.0903081 0.0451041
-14.8 -19.2 -0.0455662 0.0967211
-14.8 -18.8 0.0250057 0.110322
-14.8 -18.4 0.0922846 0.0760072
-14.8 -18 0.126145 0.00433804
-14.8 -17.6 0.108656 -0.076885
-14.8 -17.2 0.0426828 -0.133557
-14.8 -16.8 -0.0480408 -0.13948
-14.8 -16.4 -0.127698 -0.0878914
-14.8 -16 -0.162628 0.00465158
-14.8 -15.6 -0.135226 0.10387
-14.8 -15.2 -0.051803 0.170766
-14.8 -14.8 0.0589133 0.176916
-14.8 -14.4 0.156164 0.115976
-14.8 -14 0.202437 0.00684402
-14.8 -13.6 0.177737 -0.112792
-14.8 -13.2 0.0874036 -0.200042
-14.8 -12.8 -0.0394231 -0.222393
-14.8 -12.4 -0.160006 -0.16948
-14.8 -12 -0.233015 -0.0568346
-14.8 -11.6 -0.232824 0.0795486
-14.8 -11.2 -0.15808 0.195628
-14.8 -10.8 -0.0317649 0.254142
-14.8 -10.4 0.106897 0.236661
-14.8 -10 0.21557 0.148952
-14.8 -9.6 0.26232 0.0182305
-14.8 -9.2 0.235077 -0.116282
-14.8 -8.8 0.144286 -0.216003
-14.8 -8.4 0.0184033 -0.254583
-14.8 -8 -0.105766 -0.22492
-14.8 -7.6 -0.194463 -0.139833
-14.8 -7.2 -0.226503 -0.0267845
-14.8 -6.8 -0.198277 0.0811856
-14.8 -6.4 -0.123236 0.155259
-14.8 -6 -0.0266147 0.178472
-14.8 -5.6 0.0625536 0.149279
-14.8 -5.2 0.1196 0.080532
-14.8 -4.8 0.130307 -0.00523964
-14.8 -4.4 0.093575 -0.0825234
-14.8 -4 0.0204504 -0.129464
-14.8 -3.6 -0.0697207 -0.132773
-14.8 -3.2 -0.154619 -0.0899435
-14.8 -2.8 -0.21424 -0.00866649
-14.8 -2.4 -0.234906 0.0959647
-14.8 -2 -0.211302 0.205433
-14.8 -1.6 -0.146429 0.301863
-14.8 -1.2 -0.0498951 0.371283
-14.8 -0.8 0.0647881 0.405543
-14.8 -0.4 0.183132 0.402786
-14.8 0 0.2922 0.366688
-14.8 0.4 0.382332 0.304883
-14.8 0.8 0.447936 0.227061
-14.8 1.2 0.487424 0.143167
-14.8 1.6 0.502521 0.0619875
-14.8 2 0.497224 -0.0097335
-14.8 2.4 0.476693 -0.0676528
-14.8 2.8 0.446262 -0.10975
-14.8 3.2 0.410697 -0.135959
-14.8 3.6 0.373751 -0.147659
-14.8 4 0.337987 -0.147147
-14.8 4.4 0.304825 -0.137177
-14.8 4.8 0.274736 -0.120616
-14.8 5.2 0.247523 -0.100206
-14.8 5.6 0.222626 -0.0784406
-14.8 6 0.199406 -0.0574983
-14.8 6.4 0.177399 -0.0392123
-14.8 6.8 0.156493 -0.0250408
-14.8 7.2 0.137035 -0.0160157
-14.8 7.6 0.11986 -0.0126633
-14.8 8 0.106221 -0.0149013
-14.8 8.4 0.0976261 -0.0219332
-14.8 8.8 0.0955926 -0.0321713
-14.8 9.2 0.101318 -0.0432273
-14.8 9.6 0.115313 -0.0520113
-14.8 10 0.13703 -0.0549728
-14.8 10.4 0.164567 -0.0485012
-14.8 10.8 0.194506 -0.0294768
-14.8 11.2 0.221971 0.00407061
-14.8 11.6 0.240985 0.0522788
-14.8 12 0.245131 0.112867
-14.8 12.4 0.228531 0.180794
-14.8 12.8 0.187041 0.248319
-14.8 13.2 0.119495 0.305583
-14.8 13.6 0.0287731 0.341792
-14.8 14 -0.0776049 0.346929
-14.8 14.4 -0.187637 0.313833
-14.8 14.8 -0.285956 0.240289
-14.8 15.2 -0.355969 0.130675
-14.8 15.6 -0.382822 -0.00335251
-14.8 16 -0.356777 -0.143572
-14.8 16.4 -0.276274 -0.267544
-14.8 16.8 -0.149879 -0.352473
-14.8 17.2 0.00367144 -0.380012
-14.8 17.6 0.157816 -0.341045
-14.8 18 0.282871 -0.239198
-14.8 18.4 0.35237 -0.0918822
-14.8 18.8 0.349718 0.0719431
-14.8 19.2 0.27339 0.217324
-14.8 19.6 0.138978 0.311266
-14.4 -20 -0.0856923 0.0192794
-14.4 -19.6 -0.058171 0.0731141
-14.4 -19.2 0.000122713 0.0992703
-14.4 -18.8 0.0654516 0.0825545
-14.4 -18.4 0.108596 0.0260664
-14.4 -18 0.107735 -0.048755
-14.4 -17.6 0.0588277 -0.110372
-14.4 -17.2 -0.0213025 -0.130399
-14.4 -16.8 -0.100877 -0.0962337
-14.4 -16.4 -0.145879 -0.0175241
-14.4 -16 -0.134366 0.0765573
-14.4 -15.6 -0.0663461 0.148395
-14.4 -15.2 0.0350549 0.166979
-14.4 -14.8 0.13184 0.120805
-14.4 -14.4 0.185647 0.0233336
-14.4 -14 0.172798 -0.0913133
-14.4 -13.6 0.0939468 -0.180814
-14.4 -13.2 -0.0254694 -0.21047
-14.4 -12.8 -0.144132 -0.166328
-14.4 -12.4 -0.219702 -0.0606484
-14.4 -12 -0.224045 0.0722052
-14.4 -11.6 -0.153236 0.187804
-14.4 -11.2 -0.028875 0.247084
-14.4 -10.8 0.109497 0.2296
-14.4 -10.4 0.217912 0.140062
-14.4 -10 0.262513 0.00618977
-14.4 -9.6 0.230161 -0.130945
-14.4 -9.2 0.131794 -0.230462
-14.4 -8.8 -0.00211068 -0.264404
-14.4 -8.4 -0.131944 -0.225616
-14.4 -8 -0.221495 -0.128628
-14.4 -7.6 -0.248505 -0.00384358
-14.4 -7.2 -0.210171 0.112578
-14.4 -6.8 -0.122399 0.189669
-14.4 -6.4 -0.0136737 0.210088
-14.4 -6 0.0841023 0.173818
-14.4 -5.6 0.144801 0.0966125
-14.4 -5.2 0.154699 0.00422641
-14.4 -4.8 0.115015 -0.0754284
-14.4 -4.4 0.0401951 -0.119813
-14.4 -4 -0.0470273 -0.117013
-14.4 -3.6 -0.122055 -0.0676559
-14.4 -3.2 -0.164483 0.0164807
-14.4 -2.8 -0.162344 0.116339
-14.4 -2.4 -0.113814 0.21058
-14.4 -2 -0.0264 0.280355
-14.4 -1.6 0.0857544 0.312795
-14.4 -1.2 0.205501 0.302691
-14.4 -0.8 0.316293 0.252347
-14.4 -0.4 0.405012 0.170002
-14.4 0 0.463609 0.0674652
-14.4 0.4 0.48949 -0.0424159
-14.4 0.8 0.484871 -0.147911
-14.4 1.2 0.455462 -0.239889
-14.4 1.6 0.408882 -0.312509
-14.4 2 0.353165 -0.363235
-14.4 2.4 0.295569 -0.392318
-14.4 2.8 0.241814 -0.402024
-14.4 3.2 0.195734 -0.395785
-14.4 3.6 0.159288 -0.377445
-14.4 4 0.132799 -0.350701
-14.4 4.4 0.115338 -0.318757
-14.4 4.8 0.105139 -0.284193
-14.4 5.2 0.0999995 -0.248979
-14.4 5.6 0.0976214 -0.21461
-14.4 6 0.0958881 -0.182271
-14.4 6.4 0.0930821 -0.152998
-14.4 6.8 0.0880489 -0.127799
-14.4 7.2 0.080317 -0.107694
-14.4 7.6 0.0701721 -0.0936668
-14.4 8 0.058676 -0.086539
-14.4 8.4 0.0476136 -0.0867633
-14.4 8.8 0.0393488 -0.0941776
-14.4 9.2 0.0365704 -0.107759
-14.4 9.6 0.0419241 -0.12543
-14.4 10 0.0575431 -0.143985
-14.4 10.4 0.0845162 -0.159194
-14.4 10.8 0.122362 -0.166126
-14.4 11.2 0.168604 -0.159731
-14.4 11.6 0.21856 -0.135639
-14.4 12 0.265472 -0.0911217
-14.4 12.4 0.301048 -0.0260668
-14.4 12.8 0.31649 0.0562168
-14.4 13.2 0.303928 0.148591
-14.4 13.6 0.258142 0.240306
-14.4 14 0.178263 0.318002
-14.4 14.4 0.0690998 0.367545
-14.4 14.8 -0.058331 0.376561
-14.4 15.2 -0.187459 0.337296
-14.4 15.6 -0.298189 0.249249
-14.4 16 -0.370245 0.120867
-14.4 16.4 -0.387371 -0.0303651
-14.4 16.8 -0.34159 -0.179908
-14.4 17.2 -0.236445 -0.30026
-14.4 17.6 -0.0881404 -0.366612
-14.4 18 0.0762143 -0.36295
-14.4 18.4 0.223422 -0.287055
-14.4 18.8 0.32139 -0.152818
-14.4 19.2 0.347165 0.0113037
-14.4 19.6 0.293683 0.167939
-14 -20 -0.0644372 0.0481407
-14 -19.6 -0.0208655 0.0832942
-14 -19.2 0.0385012 0.0830607
-14 -18.8 0.0872882 0.043408
-14 -18.4 0.101412 -0.0215627
-14 -18 0.0704976 -0.0846124
-14 -17.6 0.00378791 -0.116786
-14 -17.2 -0.0724777 -0.100393
-14 -16.8 -0.125491 -0.0377725
-14 -16.4 -0.129844 0.0482885
-14 -16 -0.0790644 0.123039
-14 -15.6 0.0103998 0.153845
-14 -15.2 0.104718 0.124057
-14 -14.8 0.165725 0.0407978
-14 -14.4 0.16626 -0.0667163
-14 -14 0.101574 -0.157871
-14 -13.6 -0.00786606 -0.196199
-14 -13.2 -0.123404 -0.163676
-14 -12.8 -0.202367 -0.0681454
-14 -12.4 -0.213939 0.0589737
-14 -12 -0.150706 0.173799
-14 -11.6 -0.0316204 0.235672
-14 -11.2 0.104578 0.221578
-14 -10.8 0.212858 0.13412
-14 -10.4 0.257331 0.000401969
-14 -10 0.223115 -0.137454
-14 -9.6 0.120732 -0.236534
-14 -9.2 -0.0181143 -0.267018
-14 -8.8 -0.151454 -0.221133
-14 -8.4 -0.240649 -0.114524
-14 -8 -0.262092 0.0198627
-14 -7.6 -0.213408 0.142841
-14 -7.2 -0.112684 0.22113
-14 -6.8 0.00841324 0.236711
-14 -6.4 0.114955 0.190835
-14 -6 0.179059 0.102019
-14 -5.6 0.187165 -0.000726658
-14 -5.2 0.142526 -0.0869433
-14 -4.8 0.0627674 -0.133203
-14 -4.4 -0.0261717 -0.128745
-14 -4 -0.0976044 -0.0770986
-14 -3.6 -0.130943 0.00617115
-14 -3.2 -0.116154 0.098469
-14 -2.8 -0.055048 0.176228
-14 -2.4 0.0404103 0.220364
-14 -2 0.151874 0.219914
-14 -1.6 0.259226 0.173322
-14 -1.2 0.344829 0.0875033
-14 -0.8 0.396539 -0.0246764
-14 -0.4 0.40909 -0.147648
-14 0 0.383887 -0.266286
-14 0.4 0.327619 -0.368336
-14 0.8 0.25021 -0.445807
-14 1.2 0.162673 -0.495304
-14 1.6 0.0752854 -0.51751
-14 2 -0.00368029 -0.516118
-14 2.4 -0.0685836 -0.496558
-14 2.8 -0.116492 -0.464793
-14 3.2 -0.146849 -0.426355
-14 3.6 -0.160918 -0.385733
-14 4 -0.161165 -0.346086
-14 4.4 -0.150689 -0.309239
-14 4.8 -0.132783 -0.27589
-14 5.2 -0.110629 -0.245921
-14 5.6 -0.0871148 -0.21876
-14 6 -0.0647454 -0.193727
-14 6.4 -0.045595 -0.170327
-14 6.8 -0.0312672 -0.148467
-14 7.2 -0.0228357 -0.128572
-14 7.6 -0.0207566 -0.111612
-14 8 -0.0247585 -0.098997
-14 8.4 -0.0337365 -0.0923836
-14 8.8 -0.0456868 -0.0933634
-14 9.2 -0.057729 -0.103081
-14 9.6 -0.0662595 -0.121808
-14 10 -0.0672724 -0.148546
-14 10.4 -0.0568612 -0.180719
-14 10.8 -0.031879 -0.214056
-14 11.2 0.00930247 -0.24276
-14 11.6 0.0660448 -0.259999
-14 12 0.134857 -0.258786
-14 12.4 0.209145 -0.233166
-14 12.8 0.279474 -0.179607
-14 13.2 0.334469 -0.0983635
-14 13.6 0.362386 0.00548867
-14 14 0.353236 0.121682
-14 14.4 0.301188 0.235361
-14 14.8 0.206772 0.328841
-14 15.2 0.0783164 0.384472
-14 15.6 -0.0679693 0.388264
-14 16 -0.209674 0.333614
-14 16.4 -0.321719 0.224215
-14 16.8 -0.38134 0.0752128
-14 17.2 -0.373587 -0.088167
-14 17.6 -0.29602 -0.234758
-14 18 -0.161152 -0.333877
-14 18.4 0.0045313 -0.362757
-14 18.8 0.165366 -0.313129
-14 19.2 0.284491 -0.194904
-14 19.6 0.333254 -0.0354118
-13.6 -20 -0.0362054 0.0634258
-13.6 -19.6 0.0133691 0.0771316
-13.6 -19.2 0.0633662 0.0548163
-13.6 -18.8 0.0895074 0.00282126
-13.6 -18.4 0.076335 -0.0575275
-13.6 -18 0.0254101 -0.0986704
-13.6 -17.6 -0.0438772 -0.0991999
-13.6 -17.2 -0.101738 -0.0543152
-13.6 -16.8 -0.120719 0.0205974
-13.6 -16.4 -0.0882533 0.0952812
-13.6 -16 -0.0133564 0.136902
-13.6 -15.6 0.0757581 0.124207
-13.6 -15.2 0.142522 0.0574563
-13.6 -14.8 0.156972 -0.0403312
-13.6 -14.4 0.10863 -0.131636
-13.6 -14 0.011844 -0.179042
-13.6 -13.6 -0.098779 -0.160328
-13.6 -13.2 -0.181212 -0.0779424
-13.6 -12.8 -0.202093 0.0410178
-13.6 -12.4 -0.149771 0.154375
-13.6 -12 -0.0392493 0.220326
-13.6 -11.6 0.0928194 0.21287
-13.6 -11.2 0.201123 0.131424
-13.6 -10.8 0.247737 0.00118744
-13.6 -10.4 0.215332 -0.13568
-13.6 -10 0.112925 -0.234631
-13.6 -9.6 -0.0275935 -0.263729
-13.6 -9.2 -0.162537 -0.213866
-13.6 -8.8 -0.250959 -0.100957
-13.6 -8.4 -0.267568 0.04015
-13.6 -8 -0.209882 0.167514
-13.6 -7.6 -0.0976905 0.245433
-13.6 -7.2 0.0343893 0.254886
-13.6 -6.8 0.148336 0.198043
-13.6 -6.4 0.214228 0.0959928
-13.6 -6 0.218315 -0.0189678
-13.6 -5.6 0.165589 -0.1136
-13.6 -5.2 0.0766999 -0.163248
-13.6 -4.8 -0.0192285 -0.157947
-13.6 -4.4 -0.093359 -0.103806
-13.6 -4 -0.124833 -0.0198761
-13.6 -3.6 -0.10545 0.0680287
-13.6 -3.2 -0.0405074 0.1345
-13.6 -2.8 0.0538398 0.160673
-13.6 -2.4 0.155511 0.137954
-13.6 -2 0.242122 0.0687894
-13.6 -1.6 0.295841 -0.0351817
-13.6 -1.2 0.306472 -0.156716
-13.6 -0.8 0.272417 -0.277142
-13.6 -0.4 0.199695 -0.380089
-13.6 0 0.0996572 -0.454065
-13.6 0.4 -0.0138667 -0.493594
-13.6 0.8 -0.127273 -0.499003
-13.6 1.2 -0.229247 -0.475213
-13.6 1.6 -0.311948 -0.430019
-13.6 2 -0.371327 -0.372295
-13.6 2.4 -0.406743 -0.310465
-13.6 2.8 -0.420153 -0.251438
-13.6 3.2 -0.415142 -0.200052
-13.6 3.6 -0.396003 -0.158959
-13.6 4 -0.367009 -0.128853
-13.6 4.4 -0.331952 -0.108879
-13.6 4.8 -0.293924 -0.0971364
-13.6 5.2 -0.255311 -0.0911569
-13.6 5.6 -0.217916 -0.0883344
-13.6 6 -0.183147 -0.0862703
-13.6 6.4 -0.15221 -0.0830413
-13.6 6.8 -0.126236 -0.0773981
-13.6 7.2 -0.106329 -0.0689016
-13.6 7.6 -0.0935134 -0.0579968
-13.6 8 -0.0885732 -0.0460158
-13.6 8.4 -0.0918197 -0.0350892
-13.6 8.8 -0.102812 -0.0279479
-13.6 9.2 -0.120094 -0.0275984
-13.6 9.6 -0.141003 -0.0368708
-13.6 10 -0.161639 -0.0578629
-13.6 10.4 -0.177045 -0.0913335
-13.6 10.8 -0.181659 -0.136132
-13.6 11.2 -0.170039 -0.18878
-13.6 11.6 -0.137843 -0.243346
-13.6 12 -0.0829221 -0.291731
-13.6 12.4 -0.00638857 -0.32447
-13.6 12.8 0.0866109 -0.332063
-13.6 13.2 0.186669 -0.306744
-13.6 13.6 0.280688 -0.244456
-13.6 14 0.353399 -0.146657
-13.6 14.4 0.389798 -0.0214931
-13.6 14.8 0.378226 0.116145
-13.6 15.2 0.313571 0.246064
-13.6 15.6 0.199819 0.34579
-13.6 16 0.0511497 0.394904
-13.6 16.4 -0.10914 0.379915
-13.6 16.8 -0.252161 0.298574
-13.6 17.2 -0.349093 0.162308
-13.6 17.6 -0.37796 -0.00430356
-13.6 18 -0.329887 -0.167553
-13.6 18.4 -0.212984 -0.291713
-13.6 18.8 -0.0522834 -0.347805
-13.6 19.2 0.114965 -0.321788
-13.6 19.6 0.24803 -0.219643
-13.2 -20 -0.00779763 0.0651914
-13.2 -19.6 0.0386498 0.0592038
-13.2 -19.2 0.0726243 0.0224296
-13.2 -18.8 0.0754917 -0.0309305
-13.2 -18.4 0.0417622 -0.0768114
-13.2 -18 -0.0168866 -0.0920234
-13.2 -17.6 -0.0755352 -0.0654968
-13.2 -17.2 -0.106583 -0.00468434
-13.2 -16.8 -0.0924061 0.0662313
-13.2 -16.4 -0.0343459 0.116013
-13.2 -16 0.0463127 0.119954
-13.2 -15.6 0.116271 0.0714407
-13.2 -15.2 0.143969 -0.0137736
-13.2 -14.8 0.113378 -0.102811
-13.2 -14.4 0.0318698 -0.158549
-13.2 -14 -0.0714382 -0.154929
-13.2 -13.6 -0.156461 -0.088331
-13.2 -13.2 -0.187834 0.0198076
-13.2 -12.8 -0.149221 0.130383
-13.2 -12.4 -0.0504682 0.201219
-13.2 -12 0.0752877 0.203171
-13.2 -11.6 0.183474 0.131481
-13.2 -11.2 0.234342 0.0080498
-13.2 -10.8 0.207476 -0.126144
-13.2 -10.4 0.109191 -0.225519
-13.2 -10 -0.0296936 -0.255829
-13.2 -9.6 -0.164645 -0.205807
-13.2 -9.2 -0.252636 -0.0905686
-13.2 -8.8 -0.266325 0.0540509
-13.2 -8.4 -0.202396 0.183826
-13.2 -8 -0.0816097 0.260603
-13.2 -7.6 0.0589308 0.263967
-13.2 -7.2 0.178196 0.196516
-13.2 -6.8 0.243991 0.0815627
-13.2 -6.4 0.241991 -0.0453798
-13.2 -6 0.178593 -0.148083
-13.2 -5.6 0.0773308 -0.200278
-13.2 -5.2 -0.0294137 -0.19238
-13.2 -4.8 -0.110409 -0.132737
-13.2 -4.4 -0.144204 -0.0436683
-13.2 -4 -0.124101 0.0459295
-13.2 -3.6 -0.058563 0.108907
-13.2 -3.2 0.0324201 0.126728
-13.2 -2.8 0.123477 0.093257
-13.2 -2.4 0.190529 0.0149595
-13.2 -2 0.216223 -0.0919797
-13.2 -1.6 0.193003 -0.206391
-13.2 -1.2 0.123484 -0.307252
-13.2 -0.8 0.0185502 -0.377956
-13.2 -0.4 -0.105964 -0.408906
-13.2 0 -0.232982 -0.398215
-13.2 0.4 -0.34742 -0.350757
-13.2 0.8 -0.438359 -0.276133
-13.2 1.2 -0.499987 -0.186213
-13.2 1.6 -0.531404 -0.0928401
-13.2 2 -0.535621 -0.00608037
-13.2 2.4 -0.518156 0.0667955
-13.2 2.8 -0.485575 0.121629
-13.2 3.2 -0.444276 0.157136
-13.2 3.6 -0.399633 0.174326
-13.2 4 -0.355555 0.175787
-13.2 4.4 -0.314409 0.16499
-13.2 4.8 -0.277209 0.145726
-13.2 5.2 -0.243974 0.121699
-13.2 5.6 -0.214146 0.096279
-13.2 6 -0.18701 0.0723677
-13.2 6.4 -0.162046 0.0523263
-13.2 6.8 -0.139181 0.0379235
-13.2 7.2 -0.118932 0.0302669
-13.2 7.6 -0.102413 0.029708
-13.2 8 -0.0912045 0.0357283
-13.2 8.4 -0.0871029 0.0468387
-13.2 8.8 -0.0917462 0.0605347
-13.2 9.2 -0.106163 0.0733631
-13.2 9.6 -0.130292 0.0811466
-13.2 10 -0.162547 0.0794046
-13.2 10.4 -0.199527 0.0639737
-13.2 10.8 -0.235966 0.0317942
-13.2 11.2 -0.265026 -0.018225
-13.2 11.6 -0.278999 -0.0844027
-13.2 12 -0.270413 -0.161728
-13.2 12.4 -0.233484 -0.241761
-13.2 12.8 -0.165707 -0.313175
-13.2 13.2 -0.0693044 -0.363068
-13.2 13.6 0.0478574 -0.379012
-13.2 14 0.172265 -0.351642
-13.2 14.4 0.285993 -0.277349
-13.2 14.8 0.369283 -0.160463
-13.2 15.2 0.404256 -0.0142333
-13.2 15.6 0.37917 0.140022
-13.2 16 0.29228 0.275898
-13.2 16.4 0.154177 0.366833
-13.2 16.8 -0.0124089 0.392178
-13.2 17.2 -0.175943 0.34302
-13.2 17.6 -0.302328 0.226103
-13.2 18 -0.362948 0.0643092
-13.2 18.4 -0.342556 -0.10712
-13.2 18.8 -0.24468 -0.248333
-13.2 19.2 -0.0925086 -0.324958
-13.2 19.6 0.0757237 -0.317893
-12.8 -20 0.0154762 0.0562463
-12.8 -19.6 0.0522325 0.0355138
-12.8 -19.2 0.0678872 -0.00703209
-12.8 -18.8 0.0513463 -0.0527447
-12.8 -18.4 0.00641225 -0.07899
-12.8 -18 -0.0484706 -0.0700426
-12.8 -17.6 -0.0877497 -0.0255858
-12.8 -17.2 -0.090452 0.0375401
-12.8 -16.8 -0.0506866 0.0916947
-12.8 -16.4 0.0181322 0.110445
-12.8 -16 0.0877471 0.0809613
-12.8 -15.6 0.12669 0.0110799
-12.8 -15.2 0.114193 -0.0725038
-12.8 -14.8 0.0502445 -0.134586
-12.8 -14.4 -0.0428616 -0.146186
-12.8 -14 -0.128543 -0.0974177
-12.8 -13.6 -0.170448 -0.0029017
-12.8 -13.2 -0.147555 0.102847
-12.8 -12.8 -0.0635682 0.178416
-12.8 -12.4 0.0533656 0.191751
-12.8 -12 0.160698 0.133156
-12.8 -11.6 0.217382 0.0198391
-12.8 -11.2 0.199468 -0.109814
-12.8 -10.8 0.109382 -0.210032
-12.8 -10.4 -0.0245619 -0.244232
-12.8 -10 -0.158088 -0.198158
-12.8 -9.6 -0.246492 -0.0848716
-12.8 -9.2 -0.260017 0.0599815
-12.8 -8.8 -0.193632 0.190589
-12.8 -8.4 -0.0680628 0.266407
-12.8 -8 0.0778463 0.265168
-12.8 -7.6 0.200336 0.189213
-12.8 -7.2 0.26476 0.0634833
-12.8 -6.8 0.25578 -0.0735579
-12.8 -6.4 0.180764 -0.182591
-12.8 -6 0.0658901 -0.235365
-12.8 -5.6 -0.0531349 -0.222235
-12.8 -5.2 -0.14237 -0.153442
-12.8 -4.8 -0.17932 -0.0544249
-12.8 -4.4 -0.158334 0.0427913
-12.8 -4 -0.0906584 0.109145
-12.8 -3.6 0.00019505 0.126209
-12.8 -3.2 0.0858479 0.0900854
-12.8 -2.8 0.140834 0.0110024
-12.8 -2.4 0.148629 -0.090655
-12.8 -2 0.104643 -0.190303
-12.8 -1.6 0.0159079 -0.265276
-12.8 -1.2 -0.101886 -0.299577
-12.8 -0.8 -0.228836 -0.286375
-12.8 -0.4 -0.345432 -0.228087
-12.8 0 -0.43625 -0.134515
-12.8 0.4 -0.492114 -0.0198569
-12.8 0.8 -0.510597 0.10054
-12.8 1.2 -0.495141 0.212935
-12.8 1.6 -0.453289 0.307031
-12.8 2 -0.394612 0.376762
-12.8 2.4 -0.32878 0.420165
-12.8 2.8 -0.264105 0.438601
-12.8 3.2 -0.206684 0.435671
-12.8 3.6 -0.160101 0.416104
-12.8 4 -0.125586 0.384832
-12.8 4.4 -0.102457 0.346355
-12.8 4.8 -0.0887008 0.30441
-12.8 5.2 -0.0815668 0.261909
-12.8 5.6 -0.0780961 0.221055
-12.8 6 -0.0755603 0.183548
-12.8 6.4 -0.0717966 0.150797
-12.8 6.8 -0.065449 0.124077
-12.8 7.2 -0.0561243 0.104578
-12.8 7.6 -0.0444632 0.093343
-12.8 8 -0.032118 0.091078
-12.8 8.4 -0.0216168 0.0978869
-12.8 8.8 -0.0160965 0.11296
-12.8 9.2 -0.0188903 0.134295
-12.8 9.6 -0.0329766 0.158527
-12.8 10 -0.0603254 0.180947
-12.8 10.4 -0.101212 0.195796
-12.8 10.8 -0.153611 0.196861
-12.8 11.2 -0.212809 0.178395
-12.8 11.6 -0.271399 0.136276
-12.8 12 -0.319794 0.0692654
-12.8 12.4 -0.347347 -0.0198709
-12.8 12.8 -0.344066 -0.123676
-12.8 13.2 -0.302749 -0.230065
-12.8 13.6 -0.22121 -0.323395
-12.8 14 -0.104098 -0.386647
-12.8 14.4 0.0362731 -0.404573
-12.8 14.8 0.180609 -0.367341
-12.8 15.2 0.305148 -0.273923
-12.8 15.6 0.385895 -0.134256
-12.8 16 0.403976 0.0307412
-12.8 16.4 0.35094 0.191893
-12.8 16.8 0.232575 0.317182
-12.8 17.2 0.0697809 0.379001
-12.8 17.6 -0.104387 0.361595
-12.8 18 -0.251483 0.266574
-12.8 18.4 -0.336972 0.11451
-12.8 18.8 -0.339776 -0.058561
-12.8 19.2 -0.259188 -0.209531
-12.8 19.6 -0.116646 -0.299635
-12.4 -20 0.0306064 0.0409278
-12.4 -19.6 0.0544127 0.011868
-12.4 -19.2 0.0533086 -0.0286992
-12.4 -18.8 0.0239573 -0.0611423
-12.4 -18.4 -0.0227019 -0.067355
-12.4 -18 -0.0653764 -0.0402653
-12.4 -17.6 -0.0820141 0.0112948
-12.4 -17.2 -0.0607277 0.06521
-12.4 -16.8 -0.00674256 0.0955107
-12.4 -16.4 0.0583421 0.0845399
-12.4 -16 0.1052 0.0322039
-12.4 -15.6 0.109795 -0.0422919
-12.4 -15.2 0.0649608 -0.107536
-12.4 -14.8 -0.0148563 -0.133117
-12.4 -14.4 -0.09827 -0.103303
-12.4 -14 -0.14943 -0.0251095
-12.4 -13.6 -0.143197 0.0730713
-12.4 -13.2 -0.0765566 0.152082
-12.4 -12.8 0.0287372 0.177681
-12.4 -12.4 0.133677 0.134866
-12.4 -12 0.196833 0.0348969
-12.4 -11.6 0.190623 -0.0879842
-12.4 -11.2 0.112533 -0.188959
-12.4 -10.8 -0.0131428 -0.229355
-12.4 -10.4 -0.14373 -0.191219
-12.4 -10 -0.233488 -0.0842173
-12.4 -9.6 -0.249985 0.0576042
-12.4 -9.2 -0.185502 0.187795
-12.4 -8.8 -0.0594762 0.263625
-12.4 -8.4 0.0885469 0.260475
-12.4 -8 0.212581 0.17953
-12.4 -7.6 0.275426 0.0464798
-12.4 -7.2 0.260212 -0.0978064
-12.4 -6.8 0.174651 -0.210987
-12.4 -6.4 0.0471362 -0.262508
-12.4 -6 -0.0833741 -0.242176
-12.4 -5.6 -0.17995 -0.161726
-12.4 -5.2 -0.218569 -0.0495619
-12.4 -4.8 -0.194117 0.0590219
-12.4 -4.4 -0.120237 0.132697
-12.4 -4 -0.0237586 0.152691
-12.4 -3.6 0.063992 0.116902
-12.4 -3.2 0.11615 0.0389239
-12.4 -2.8 0.116992 -0.0570391
-12.4 -2.4 0.0648531 -0.143413
-12.4 -2 -0.0289262 -0.196397
-12.4 -1.6 -0.144133 -0.201183
-12.4 -1.2 -0.257327 -0.154245
-12.4 -0.8 -0.347363 -0.0626709
-12.4 -0.4 -0.399481 0.058772
-12.4 0 -0.407307 0.191709
-12.4 0.4 -0.372737 0.318213
-12.4 0.8 -0.304183 0.423957
-12.4 1.2 -0.213921 0.5
-12.4 1.6 -0.115306 0.543152
-12.4 2 -0.0204302 0.555191
-12.4 2.4 0.0614227 0.541398
-12.4 2.8 0.124468 0.50885
-12.4 3.2 0.166366 0.464875
-12.4 3.6 0.187661 0.4159
-12.4 4 0.190975 0.366782
-12.4 4.4 0.180161 0.320604
-12.4 4.8 0.159579 0.27883
-12.4 5.2 0.133564 0.241695
-12.4 5.6 0.106075 0.208699
-12.4 6 0.0804969 0.179108
-12.4 6.4 0.0595371 0.15238
-12.4 6.8 0.0451533 0.128471
-12.4 7.2 0.0384757 0.107996
-12.4 7.6 0.0397064 0.0922223
-12.4 8 0.0480076 0.0829044
-12.4 8.4 0.0614144 0.0819627
-12.4 8.8 0.0768236 0.0910369
-12.4 9.2 0.0901202 0.110957
-12.4 9.6 0.0964947 0.141202
-12.4 10 0.0909852 0.179442
-12.4 10.4 0.0692398 0.221275
-12.4 10.8 0.0284446 0.260273
-12.4 11.2 -0.0317003 0.288456
-12.4 11.6 -0.108137 0.297234
-12.4 12 -0.193969 0.27882
-12.4 12.4 -0.278587 0.22796
-12.4 12.8 -0.348602 0.143733
-12.4 13.2 -0.389686 0.0310181
-12.4 13.6 -0.389205 -0.0988385
-12.4 14 -0.339289 -0.228596
-12.4 14.4 -0.239735 -0.337224
-12.4 14.8 -0.0999322 -0.403508
-12.4 15.2 0.0609884 -0.410677
-12.4 15.6 0.216367 -0.351146
-12.4 16 0.336649 -0.230099
-12.4 16.4 0.395822 -0.066621
-12.4 16.8 0.378281 0.108562
-12.4 17.2 0.284271 0.258885
-12.4 17.6 0.132007 0.350382
-12.4 18 -0.0448384 0.360784
-12.4 18.4 -0.20438 0.286685
-12.4 18.8 -0.307103 0.146249
-12.4 19.2 -0.327034 -0.0240734
-12.4 19.6 -0.26007 -0.178652
-12 -20 0.0369998 0.0238152
-12 -19.6 0.0477673 -0.00733709
-12 -19.2 0.0341029 -0.0404681
-12 -18.8 -0.000701024 -0.0577881
-12 -18.4 -0.0414631 -0.047366
-12 -18 -0.0676365 -0.0102281
-12 -17.6 -0.0633665 0.038545
-12 -17.2 -0.0262119 0.0758501
-12 -16.8 0.0300342 0.0812927
-12 -16.4 0.0803524 0.0476424
-12 -16 0.0995084 -0.0141802
-12 -15.6 0.0741852 -0.0784443
-12 -15.2 0.0105011 -0.115303
-12 -14.8 -0.0669621 -0.104311
-12 -14.4 -0.124732 -0.0446644
-12 -14 -0.134763 0.0427212
-12 -13.6 -0.0873182 0.122698
-12 -13.2 0.00337913 0.160103
-12 -12.8 0.103518 0.134812
-12 -12.4 0.172625 0.0511875
-12 -12 0.179868 -0.0622501
-12 -11.6 0.117065 -0.16308
-12 -11.2 0.00300473 -0.211183
-12 -10.8 -0.122793 -0.184474
-12 -10.4 -0.214498 -0.0879325
-12 -10 -0.236974 0.0475766
-12 -9.6 -0.178866 0.176185
-12 -9.2 -0.0569012 0.253393
-12 -8.8 0.0900064 0.251763
-12 -8.4 0.214402 0.170265
-12 -8 0.276542 0.0341511
-12 -7.6 0.257421 -0.114161
-12 -7.2 0.164235 -0.229592
-12 -6.8 0.0268783 -0.279027
-12 -6.4 -0.112755 -0.251158
-12 -6 -0.2146 -0.158662
-12 -5.6 -0.252639 -0.0326344
-12 -5.2 -0.221754 0.0882618
-12 -4.8 -0.137587 0.170012
-12 -4.4 -0.0301595 0.19293
-12 -4 0.0661237 0.156147
-12 -3.6 0.122694 0.0761919
-12 -3.2 0.124268 -0.0192108
-12 -2.8 0.0717598 -0.0997105
-12 -2.4 -0.0195272 -0.140572
-12 -2 -0.125247 -0.128385
-12 -1.6 -0.218938 -0.063117
-12 -1.2 -0.278477 0.0434231
-12 -0.8 -0.290525 0.171715
-12 -0.4 -0.252233 0.299767
-12 0 -0.170331 0.408002
-12 0.4 -0.0583294 0.482734
-12 0.8 0.0671282 0.517748
-12 1.2 0.189783 0.514044
-12 1.6 0.296426 0.478242
-12 2 0.378376 0.420283
-12 2.4 0.431771 0.351072
-12 2.8 0.45695 0.280533
-12 3.2 0.457291 0.216324
-12 3.6 0.437901 0.163264
-12 4 0.404436 0.123357
-12 4.4 0.362243 0.0962389
-12 4.8 0.315871 0.0798441
-12 5.2 0.26891 0.0711263
-12 5.6 0.224085 0.0667281
-12 6 0.18347 0.0635364
-12 6.4 0.148734 0.0591069
-12 6.8 0.121315 0.0519615
-12 7.2 0.102486 0.0417672
-12 7.6 0.0932763 0.0294009
-12 8 0.0942569 0.0168903
-12 8.4 0.105237 0.00721644
-12 8.8 0.124926 0.00395816
-12 9.2 0.150643 0.0107733
-12 9.6 0.178179 0.0307312
-12 10 0.201898 0.0655486
-12 10.4 0.215161 0.114823
-12 10.8 0.211119 0.175401
-12 11.2 0.183849 0.241057
-12 11.6 0.129733 0.302663
-12 12 0.0488733 0.349011
-12 12.4 -0.0537683 0.368341
-12 12.8 -0.167868 0.350523
-12 13.2 -0.278249 0.289598
-12 13.6 -0.366637 0.186203
-12 14 -0.414695 0.0492302
-12 14.4 -0.407964 -0.103965
-12 14.8 -0.340009 -0.249353
-12 15.2 -0.215688 -0.360146
-12 15.6 -0.0524094 -0.412412
-12 16 0.12154 -0.391287
-12 16.4 0.271903 -0.296184
-12 16.8 0.365965 -0.143243
-12 17.2 0.381054 0.0363208
-12 17.6 0.311719 0.202352
-12 18 0.173144 0.315377
-12 18.4 -0.00090833 0.347396
-12 18.8 -0.165886 0.290652
-12 19.2 -0.278343 0.161324
-12 19.6 -0.30867 -0.00373185
-11.6 -20 0.0360376 0.00868735
-11.6 -19.6 0.0360634 -0.0197368
-11.6 -19.2 0.0151631 -0.0428197
-11.6 -18.8 -0.0186702 -0.0464049
-11.6 -18.4 -0.0489079 -0.0249503
-11.6 -18 -0.0583822 0.0142204
-11.6 -17.6 -0.03847 0.0531177
-11.6 -17.2 0.00519888 0.0712152
-11.6 -16.8 0.0538424 0.0558253
-11.6 -16.4 0.083514 0.00957754
-11.6 -16 0.0765472 -0.049064
-11.6 -15.6 0.0310366 -0.0931144
-11.6 -15.2 -0.0364803 -0.099266
-11.6 -14.8 -0.0969773 -0.0594457
-11.6 -14.4 -0.121338 0.0138303
-11.6 -14 -0.0938296 0.091255
-11.6 -13.6 -0.0204895 0.138524
-11.6 -13.2 0.0716858 0.131242
-11.6 -12.8 0.144898 0.0664422
-11.6 -12.4 0.166037 -0.0345182
-11.6 -12 0.12102 -0.133308
-11.6 -11.6 0.0218534 -0.189474
-11.6 -11.2 -0.0967849 -0.17681
-11.6 -10.8 -0.190274 -0.0945365
-11.6 -10.4 -0.221109 0.0313076
-11.6 -10 -0.173545 0.156928
-11.6 -9.6 -0.0601145 0.236769
-11.6 -9.2 0.0824738 0.240274
-11.6 -8.8 0.206348 0.163066
-11.6 -8.4 0.269406 0.0285165
-11.6 -8 0.249874 -0.120597
-11.6 -7.6 0.153346 -0.236999
-11.6 -7.2 0.0101601 -0.284833
-11.6 -6.8 -0.135482 -0.251009
-11.6 -6.4 -0.240431 -0.148366
-11.6 -6 -0.276254 -0.0101655
-11.6 -5.6 -0.237224 0.121636
-11.6 -5.2 -0.140499 0.209982
-11.6 -4.8 -0.0191312 0.233667
-11.6 -4.4 0.0891751 0.192454
-11.6 -4 0.153661 0.105374
-11.6 -3.6 0.15889 0.00350584
-11.6 -3.2 0.107796 -0.0799842
-11.6 -2.8 0.0191949 -0.119273
-11.6 -2.4 -0.0788115 -0.102172
-11.6 -2 -0.157101 -0.0319712
-11.6 -1.6 -0.192979 0.0750192
-11.6 -1.2 -0.174965 0.194879
-11.6 -0.8 -0.10411 0.302566
-11.6 -0.4 0.0078524 0.377649
-11.6 0 0.142501 0.408037
-11.6 0.4 0.279476 0.391191
-11.6 0.8 0.400732 0.333074
-11.6 1.2 0.493448 0.245566
-11.6 1.6 0.551254 0.143241
-11.6 2 0.573925 0.0403572
-11.6 2.4 0.565983 -0.0513844
-11.6 2.8 0.534784 -0.124078
-11.6 3.2 0.488599 -0.173883
-11.6 3.6 0.435079 -0.200568
-11.6 4 0.380265 -0.206625
-11.6 4.4 0.32819 -0.196267
-11.6 4.8 0.280951 -0.174503
-11.6 5.2 0.239123 -0.146419
-11.6 5.6 0.202331 -0.116696
-11.6 6 0.16985 -0.089315
-11.6 6.4 0.141128 -0.0674059
-11.6 6.8 0.116151 -0.0531452
-11.6 7.2 0.0956377 -0.0476698
-11.6 7.6 0.0810126 -0.0509757
-11.6 8 0.0741948 -0.0618171
-11.6 8.4 0.0772 -0.077644
-11.6 8.8 0.0916042 -0.0946415
-11.6 9.2 0.11793 -0.107937
-11.6 9.6 0.155042 -0.112032
-11.6 10 0.199676 -0.101498
-11.6 10.4 0.246221 -0.0718975
-11.6 10.8 0.286911 -0.0208813
-11.6 11.2 0.312525 0.050729
-11.6 11.6 0.31365 0.138083
-11.6 12 0.282447 0.23196
-11.6 12.4 0.214715 0.31924
-11.6 12.8 0.111863 0.384372
-11.6 13.2 -0.0177136 0.411896
-11.6 13.6 -0.158424 0.389751
-11.6 14 -0.288928 0.312819
-11.6 14.4 -0.385408 0.185825
-11.6 14.8 -0.426382 0.0246162
-11.6 15.2 -0.398212 -0.145048
-11.6 15.6 -0.299947 -0.291578
-11.6 16 -0.145939 -0.384128
-11.6 16.4 0.0351055 -0.400374
-11.6 16.8 0.205207 -0.333495
-11.6 17.2 0.3257 -0.19607
-11.6 17.6 0.367427 -0.0190875
-11.6 18 0.319674 0.154536
-11.6 18.4 0.194834 0.280822
-11.6 18.8 0.0266609 0.327179
-11.6 19.2 -0.138209 0.282652
-11.6 19.6 -0.253514 0.162317
-11.2 -20 0.0303048 -0.00210156
-11.2 -19.6 0.0231582 -0.0250269
-11.2 -19.2 7.07142e-05 -0.0381023
-11.2 -18.8 -0.0284024 -0.0314745
-11.2 -18.4 -0.0467064 -0.00508429
-11.2 -18 -0.0424344 0.0298353
-11.2 -17.6 -0.0137453 0.0553985
-11.2 -17.2 0.0281072 0.0559459
-11.2 -16.8 0.0630158 0.0268054
-11.2 -16.4 0.0714687 -0.0217428
-11.2 -16 0.0447765 -0.0678482
-11.2 -15.6 -0.00911548 -0.087787
-11.2 -15.2 -0.0675827 -0.0676404
-11.2 -14.8 -0.102756 -0.011311
-11.2 -14.4 -0.0944375 0.0593639
-11.2 -14 -0.0405411 0.113083
-11.2 -13.6 0.0400784 0.122753
-11.2 -13.2 0.11426 0.0783503
-11.2 -12.8 0.148191 -0.00700322
-11.2 -12.4 0.12233 -0.100866
-11.2 -12 0.0410419 -0.164043
-11.2 -11.6 -0.0675143 -0.166813
-11.2 -11.2 -0.161571 -0.101991
-11.2 -10.8 -0.202071 0.0107709
-11.2 -10.4 -0.16851 0.131468
-11.2 -10 -0.0678507 0.214585
-11.2 -9.6 0.0671443 0.22645
-11.2 -9.2 0.189551 0.158298
-11.2 -8.8 0.255369 0.0300175
-11.2 -8.4 0.239499 -0.116757
-11.2 -8 0.144684 -0.233396
-11.2 -7.6 0.00031987 -0.281264
-11.2 -7.2 -0.148073 -0.244723
-11.2 -6.8 -0.254558 -0.135729
-11.2 -6.4 -0.287933 0.01116
-11.2 -6 -0.241147 0.151059
-11.2 -5.6 -0.132193 0.243673
-11.2 -5.2 0.00316809 0.2657
-11.2 -4.8 0.123793 0.216873
-11.2 -4.4 0.196198 0.118279
-11.2 -4 0.204084 0.00424666
-11.2 -3.6 0.151745 -0.0889963
-11.2 -3.2 0.0610329 -0.134081
-11.2 -2.8 -0.0364483 -0.11953
-11.2 -2.4 -0.109026 -0.0514804
-11.2 -2 -0.133496 0.0496571
-11.2 -1.6 -0.100288 0.15596
-11.2 -1.2 -0.0143914 0.2398
-11.2 -0.8 0.107553 0.28046
-11.2 -0.4 0.242551 0.268054
-11.2 0 0.3672 0.204258
-11.2 0.4 0.462694 0.100281
-11.2 0.8 0.517876 -0.0268765
-11.2 1.2 0.530065 -0.158651
-11.2 1.6 0.503943 -0.278566
-11.2 2 0.449221 -0.374645
-11.2 2.4 0.377863 -0.440392
-11.2 2.8 0.301551 -0.47451
-11.2 3.2 0.229846 -0.479768
-11.2 3.6 0.169183 -0.461494
-11.2 4 0.122672 -0.426105
-11.2 4.4 0.0904866 -0.379953
-11.2 4.8 0.0706127 -0.328597
-11.2 5.2 0.059721 -0.276509
-11.2 5.6 0.0540105 -0.2271
-11.2 6 0.04992 -0.182937
-11.2 6.4 0.044672 -0.146014
-11.2 6.8 0.0366439 -0.117963
-11.2 7.2 0.0255765 -0.100126
-11.2 7.6 0.0126255 -0.0934722
-11.2 8 0.000253962 -0.0983588
-11.2 8.4 -0.00804833 -0.114189
-11.2 8.8 -0.0082293 -0.139051
-11.2 9.2 0.00367675 -0.169426
-11.2 9.6 0.0307457 -0.200106
-11.2 10 0.074276 -0.224391
-11.2 10.4 0.132939 -0.2347
-11.2 10.8 0.202143 -0.223593
-11.2 11.2 0.273819 -0.185176
-11.2 11.6 0.336855 -0.116731
-11.2 12 0.378322 -0.0202766
-11.2 12.4 0.385547 0.0963445
-11.2 12.8 0.348845 0.219302
-11.2 13.2 0.264478 0.329956
-11.2 13.6 0.137157 0.407555
-11.2 14 -0.018748 0.433311
-11.2 14.4 -0.180054 0.395168
-11.2 14.8 -0.318115 0.292195
-11.2 15.2 -0.404474 0.137213
-11.2 15.6 -0.417831 -0.0436034
-11.2 16 -0.350651 -0.214834
-11.2 16.4 -0.213324 -0.339337
-11.2 16.8 -0.0340592 -0.387673
-11.2 17.2 0.146343 -0.346942
-11.2 17.6 0.284201 -0.226146
-11.2 18 0.344866 -0.0557979
-11.2 18.4 0.313351 0.119039
-11.2 18.8 0.200043 0.250935
-11.2 19.2 0.0389946 0.304146
-11.2 19.6 -0.121489 0.266065
-10.8 -20 0.0227398 -0.00779006
-10.8 -19.6 0.0121383 -0.0245348
-10.8 -19.2 -0.00937164 -0.0295717
-10.8 -18.8 -0.0305247 -0.0170727
-10.8 -18.4 -0.0381691 0.0090792
-10.8 -18 -0.0248337 0.0360841
-10.8 -17.6 0.00601242 0.0483198
-10.8 -17.2 0.0402596 0.0358537
-10.8 -16.8 0.0594638 0.000875279
-10.8 -16.4 0.050346 -0.0417204
-10.8 -16 0.0126891 -0.0705398
-10.8 -15.6 -0.0387348 -0.0680979
-10.8 -15.2 -0.0798178 -0.0304119
-10.8 -14.8 -0.0881837 0.0292279
-10.8 -14.4 -0.0545863 0.0847574
-10.8 -14 0.0109932 0.10861
-10.8 -13.6 0.0819723 0.0848239
-10.8 -13.2 0.125945 0.0178483
-10.8 -12.8 0.119131 -0.0674362
-10.8 -12.4 0.0580396 -0.135079
-10.8 -12 -0.0371308 -0.153128
-10.8 -11.6 -0.129357 -0.107976
-10.8 -11.2 -0.179402 -0.0116346
-10.8 -10.8 -0.162195 0.101517
-10.8 -10.4 -0.078081 0.18751
-10.8 -10 0.0458989 0.210035
-10.8 -9.6 0.16544 0.15519
-10.8 -9.2 0.235477 0.0377583
-10.8 -8.8 0.227269 -0.103527
-10.8 -8.4 0.139433 -0.219868
-10.8 -8 -0.00123161 -0.270036
-10.8 -7.6 -0.149243 -0.235086
-10.8 -7.2 -0.256476 -0.124789
-10.8 -6.8 -0.288704 0.0262521
-10.8 -6.4 -0.23671 0.170957
-10.8 -6 -0.118363 0.265826
-10.8 -5.6 0.0285067 0.284928
-10.8 -5.2 0.159397 0.22722
-10.8 -4.8 0.237657 0.115262
-10.8 -4.4 0.245389 -0.0135278
-10.8 -4 0.187527 -0.119556
-10.8 -3.6 0.088501 -0.173271
-10.8 -3.2 -0.0167051 -0.163152
-10.8 -2.8 -0.0936997 -0.0975248
-10.8 -2.4 -0.118447 -0.000405772
-10.8 -2 -0.0829585 0.0966114
-10.8 -1.6 0.00414397 0.16357
-10.8 -1.2 0.121603 0.179723
-10.8 -0.8 0.242236 0.137656
-10.8 -0.4 0.340155 0.0434439
-10.8 0 0.396534 -0.0864951
-10.8 0.4 0.40274 -0.230449
-10.8 0.8 0.360594 -0.366737
-10.8 1.2 0.280283 -0.477995
-10.8 1.6 0.176928 -0.553643
-10.8 2 0.0668826 -0.590407
-10.8 2.4 -0.035371 -0.591256
-10.8 2.8 -0.119226 -0.56338
-10.8 3.2 -0.178754 -0.515891
-10.8 3.6 -0.212484 -0.457808
-10.8 4 -0.222516 -0.396636
-10.8 4.4 -0.213343 -0.337656
-10.8 4.8 -0.190681 -0.283859
-10.8 5.2 -0.160512 -0.236341
-10.8 5.6 -0.128401 -0.194959
-10.8 6 -0.0990727 -0.159048
-10.8 6.4 -0.0761758 -0.128058
-10.8 6.8 -0.0621454 -0.102014
-10.8 7.2 -0.0581059 -0.0817279
-10.8 7.6 -0.0637778 -0.0687767
-10.8 8 -0.0773991 -0.0652208
-10.8 8.4 -0.0957061 -0.0731215
-10.8 8.8 -0.114043 -0.0939013
-10.8 9.2 -0.126675 -0.127635
-10.8 9.6 -0.127368 -0.172384
-10.8 10 -0.110258 -0.223715
-10.8 10.4 -0.0709812 -0.274572
-10.8 10.8 -0.0079468 -0.315651
-10.8 11.2 0.0764675 -0.336416
-10.8 11.6 0.17509 -0.326768
-10.8 12 0.275865 -0.279247
-10.8 12.4 0.36282 -0.191451
-10.8 12.8 0.418289 -0.0681188
-10.8 13.2 0.42629 0.0777867
-10.8 13.6 0.376583 0.225669
-10.8 14 0.268545 0.350006
-10.8 14.4 0.113685 0.425123
-10.8 14.8 -0.064349 0.431311
-10.8 15.2 -0.233014 0.360913
-10.8 15.6 -0.357334 0.222543
-10.8 16 -0.408427 0.0416846
-10.8 16.4 -0.372008 -0.14338
-10.8 16.8 -0.254187 -0.290065
-10.8 17.2 -0.0822242 -0.362622
-10.8 17.6 0.100937 -0.342829
-10.8 18 0.247605 -0.236727
-10.8 18.4 0.318963 -0.0745896
-10.8 18.8 0.297215 0.0967498
-10.8 19.2 0.191995 0.227508
-10.8 19.6 0.0382488 0.280472
-10.4 -20 0.0159102 -0.00899459
-10.4 -19.6 0.00483123 -0.0205366
-10.4 -19.2 -0.0131062 -0.0204589
-10.4 -18.8 -0.0271761 -0.00607148
-10.4 -18.4 -0.0271202 0.0164687
-10.4 -18 -0.00966808 0.0346149
-10.4 -17.6 0.0183188 0.0360977
-10.4 -17.2 0.0423127 0.0163339
-10.4 -16.8 0.0474013 -0.017642
-10.4 -16.4 0.0267795 -0.0493625
-10.4 -16 -0.0131698 -0.0607006
-10.4 -15.6 -0.0543842 -0.0415768
-10.4 -15.2 -0.0751275 0.00343488
-10.4 -14.8 -0.060931 0.0554401
-10.4 -14.4 -0.0130683 0.0890359
-10.4 -14 0.0500234 0.0843359
-10.4 -13.6 0.0997534 0.0375549
-10.4 -13.2 0.110106 -0.0352106
-10.4 -12.8 0.0703837 -0.103413
-10.4 -12.4 -0.00811086 -0.134825
-10.4 -12 -0.0950321 -0.110206
-10.4 -11.6 -0.152864 -0.0332261
-10.4 -11.2 -0.152877 0.0691151
-10.4 -10.8 -0.0883065 0.156277
-10.4 -10.4 0.0211302 0.190382
-10.4 -10 0.135655 0.152145
-10.4 -9.6 0.210435 0.0498279
-10.4 -9.2 0.21319 -0.0826542
-10.4 -8.8 0.137305 -0.197882
-10.4 -8.4 0.00519595 -0.25258
-10.4 -8 -0.139398 -0.223872
-10.4 -7.6 -0.247117 -0.1179
-10.4 -7.2 -0.280633 0.0322987
-10.4 -6.8 -0.22764 0.178597
-10.4 -6.4 -0.104616 0.274613
-10.4 -6 0.0495895 0.291327
-10.4 -5.6 0.187546 0.226034
-10.4 -5.2 0.269184 0.101935
-10.4 -4.8 0.274298 -0.0408563
-10.4 -4.4 0.207676 -0.159191
-10.4 -4 0.0958031 -0.220672
-10.4 -3.6 -0.0230161 -0.212875
-10.4 -3.2 -0.111302 -0.145537
-10.4 -2.8 -0.143557 -0.0457858
-10.4 -2.4 -0.112692 0.0513033
-10.4 -2 -0.0303858 0.113418
-10.4 -1.6 0.0779258 0.119664
-10.4 -1.2 0.181226 0.0649851
-10.4 -0.8 0.2515 -0.0402613
-10.4 -0.4 0.270312 -0.174667
-10.4 0 0.231985 -0.312249
-10.4 0.4 0.14316 -0.428974
-10.4 0.8 0.0195624 -0.507674
-10.4 1.2 -0.11868 -0.540484
-10.4 1.6 -0.251725 -0.528732
-10.4 2 -0.363638 -0.480893
-10.4 2.4 -0.444389 -0.409517
-10.4 2.8 -0.490196 -0.328065
-10.4 3.2 -0.50261 -0.24833
-10.4 3.6 -0.486874 -0.178837
-10.4 4 -0.450132 -0.124245
-10.4 4.4 -0.399891 -0.0855976
-10.4 4.8 -0.342972 -0.0611134
-10.4 5.2 -0.284988 -0.0472323
-10.4 5.6 -0.230263 -0.039675
-10.4 6 -0.182016 -0.034362
-10.4 6.4 -0.142666 -0.0281177
-10.4 6.8 -0.114064 -0.0191424
-10.4 7.2 -0.0976058 -0.0072579
-10.4 7.6 -0.0941336 0.00605842
-10.4 8 -0.103683 0.017848
-10.4 8.4 -0.125111 0.0240567
-10.4 8.8 -0.155711 0.0201354
-10.4 9.2 -0.190944 0.00184504
-10.4 9.6 -0.224411 -0.0337799
-10.4 10 -0.248212 -0.0874029
-10.4 10.4 -0.253765 -0.156452
-10.4 10.8 -0.233139 -0.234506
-10.4 11.2 -0.180784 -0.31126
-10.4 11.6 -0.0954431 -0.373332
-10.4 12 0.018173 -0.406063
-10.4 12.4 0.148481 -0.396282
-10.4 12.8 0.277451 -0.335684
-10.4 13.2 0.382769 -0.224148
-10.4 13.6 0.441805 -0.0720541
-10.4 14 0.436872 0.0994397
-10.4 14.4 0.360689 0.260902
-10.4 14.8 0.220481 0.380056
-10.4 15.2 0.0390933 0.429342
-10.4 15.6 -0.148044 0.393874
-10.4 16 -0.300182 0.277421
-10.4 16.4 -0.38143 0.104083
-10.4 16.8 -0.371225 -0.0857639
-10.4 17.2 -0.271759 -0.24504
-10.4 17.6 -0.109436 -0.33286
-10.4 18 0.0710481 -0.327004
-10.4 18.4 0.219006 -0.23173
-10.4 18.8 0.293055 -0.0777246
-10.4 19.2 0.27444 0.0866261
-10.4 19.6 0.173593 0.210378
-10 -20 0.0115372 -0.0072517
-10 -19.6 0.00170326 -0.0155337
-10 -19.2 -0.0124147 -0.013266
-10 -18.8 -0.0211723 0.000204355
-10 -18.4 -0.0169276 0.0178281
-10 -18 0.000606046 0.0283626
-10 -17.6 0.0229984 0.0229798
-10 -17.2 0.0369856 0.00125092
-10 -16.8 0.0318417 -0.0271697
-10 -16.4 0.00626903 -0.0466542
-10 -16 -0.0292593 -0.0437905
-10 -15.6 -0.0565795 -0.0154492
-10 -15.2 -0.0587992 0.0278119
-10 -14.8 -0.0297669 0.0654124
-10 -14.4 0.0210074 0.0762961
-10 -14 0.0710825 0.0499356
-10 -13.6 0.0948445 -0.00677889
-10 -13.2 0.0760105 -0.0706923
-10 -12.8 0.0168699 -0.111765
-10 -12.4 -0.0605742 -0.106798
-10 -12 -0.122793 -0.051237
-10 -11.6 -0.139088 0.0366882
-10 -11.2 -0.0958801 0.121965
-10 -10.8 -0.00438844 0.166853
-10 -10.4 0.102117 0.14715
-10 -10 0.180807 0.0636311
-10 -9.6 0.19656 -0.0564941
-10 -9.2 0.136842 -0.169075
-10 -8.8 0.0179504 -0.229808
-10 -8.4 -0.120088 -0.211603
-10 -8 -0.22804 -0.115569
-10 -7.6 -0.26571 0.0287007
-10 -7.2 -0.216813 0.173595
-10 -6.8 -0.0949102 0.270534
-10 -6.4 0.0616086 0.28708
-10 -6 0.203254 0.21784
-10 -5.6 0.286561 0.0854809
-10 -5.2 0.288358 -0.0679642
-10 -4.8 0.212372 -0.195892
-10 -4.4 0.086445 -0.262517
-10 -4 -0.0479744 -0.253628
-10 -3.6 -0.149913 -0.179527
-10 -3.2 -0.191607 -0.069951
-10 -2.8 -0.165947 0.0365935
-10 -2.4 -0.0868942 0.105116
-10 -2 0.0164383 0.114074
-10 -1.6 0.109448 0.0602642
-10 -1.2 0.162093 -0.0420846
-10 -0.8 0.156399 -0.166911
-10 -0.4 0.0896957 -0.284322
-10 0 -0.0265766 -0.368418
-10 0.4 -0.171405 -0.402874
-10 0.8 -0.320278 -0.383269
-10 1.2 -0.450955 -0.3162
-10 1.6 -0.547579 -0.216083
-10 2 -0.602514 -0.100901
-10 2.4 -0.616012 0.0118741
-10 2.8 -0.594331 0.108317
-10 3.2 -0.547114 0.17966
-10 3.6 -0.484812 0.222545
-10 4 -0.416689 0.238247
-10 4.4 -0.349661 0.231355
-10 4.8 -0.28797 0.208316
-10 5.2 -0.233503 0.176161
-10 5.6 -0.186518 0.141543
-10 6 -0.146493 0.110116
-10 6.4 -0.112912 0.0861765
-10 6.8 -0.0858261 0.0724733
-10 7.2 -0.0661339 0.0700989
-10 7.6 -0.0555328 0.0784146
-10 8 -0.0561818 0.0950138
-10 8.4 -0.0701138 0.115769
-10 8.8 -0.098479 0.135036
-10 9.2 -0.140728 0.146104
-10 9.6 -0.193881 0.141956
-10 10 -0.252054 0.116363
-10 10.4 -0.306453 0.0652586
-10 10.8 -0.346024 -0.0117826
-10 11.2 -0.358884 -0.110244
-10 11.6 -0.334522 -0.219956
-10 12 -0.266542 -0.32543
-10 12.4 -0.155426 -0.407578
-10 12.8 -0.0105624 -0.446961
-10 13.2 0.149315 -0.428209
-10 13.6 0.29802 -0.344809
-10 14 0.406385 -0.202944
-10 14.4 0.448812 -0.0229341
-10 14.8 0.410535 0.162902
-10 15.2 0.293538 0.316303
-10 15.6 0.11893 0.402169
-10 16 -0.0758385 0.398524
-10 16.4 -0.245126 0.304332
-10 16.8 -0.347023 0.142193
-10 17.2 -0.355784 -0.0458727
-10 17.6 -0.27071 -0.209243
-10 18 -0.117968 -0.303381
-10 18.4 0.056121 -0.303854
-10 18.8 0.198944 -0.214765
-10 19.2 0.268394 -0.0681187
-10 19.6 0.246872 0.0863713
-9.6 -20 0.0103116 -0.00447382
-9.6 -19.6 0.00207212 -0.0116514
-9.6 -19.2 -0.00932147 -0.00938694
-9.6 -18.8 -0.015222 0.00190127
-9.6 -18.4 -0.00986543 0.0151151
-9.6 -18 0.00531617 0.020584
-9.6 -17.6 0.0216639 0.0122863
-9.6 -17.2 0.0279472 -0.00756003
-9.6 -16.8 0.0172666 -0.0285696
-9.6 -16.4 -0.0078018 -0.0373875
-9.6 -16 -0.0351381 -0.0254551
-9.6 -15.6 -0.0487303 0.00497217
-9.6 -15.2 -0.0374365 0.0402784
-9.6 -14.8 -0.00221764 0.0613861
-9.6 -14.4 0.0424031 0.0535603
-9.6 -14 0.0741343 0.0151805
-9.6 -13.6 0.0736644 -0.0393696
-9.6 -13.2 0.0352253 -0.0848714
-9.6 -12.8 -0.0285289 -0.0966688
-9.6 -12.4 -0.09038 -0.0631209
-9.6 -12 -0.120047 0.00700056
-9.6 -11.6 -0.0983797 0.0862424
-9.6 -11.2 -0.027662 0.139253
-9.6 -10.8 0.0671353 0.138231
-9.6 -10.4 0.147345 0.0762255
-9.6 -10 0.176411 -0.0278639
-9.6 -9.6 0.135851 -0.135273
-9.6 -9.2 0.0344355 -0.202237
-9.6 -8.8 -0.0936152 -0.197727
-9.6 -8.4 -0.20098 -0.116707
-9.6 -8 -0.245283 0.0166485
-9.6 -7.6 -0.205612 0.157184
-9.6 -7.2 -0.090976 0.255233
-9.6 -6.8 0.0625634 0.27486
-9.6 -6.4 0.204801 0.206889
-9.6 -6 0.289252 0.0719381
-9.6 -5.6 0.289212 -0.0873038
-9.6 -5.2 0.206262 -0.221302
-9.6 -4.8 0.0685812 -0.290582
-9.6 -4.4 -0.0797194 -0.278284
-9.6 -4 -0.193942 -0.194332
-9.6 -3.6 -0.243247 -0.0704712
-9.6 -3.2 -0.219472 0.051388
-9.6 -2.8 -0.137968 0.133064
-9.6 -2.4 -0.0310062 0.151539
-9.6 -2 0.063317 0.10461
-9.6 -1.6 0.112734 0.00970441
-9.6 -1.2 0.0994093 -0.102893
-9.6 -0.8 0.0233808 -0.199635
-9.6 -0.4 -0.0993781 -0.252939
-9.6 0 -0.242887 -0.247527
-9.6 0.4 -0.378766 -0.182619
-9.6 0.8 -0.483196 -0.0701593
-9.6 1.2 -0.541537 0.0697145
-9.6 1.6 -0.549909 0.214236
-9.6 2 -0.514004 0.343034
-9.6 2.4 -0.446031 0.441533
-9.6 2.8 -0.360959 0.502354
-9.6 3.2 -0.273069 0.524912
-9.6 3.6 -0.193509 0.513816
-9.6 4 -0.12908 0.47676
-9.6 4.4 -0.0821777 0.422529
-9.6 4.8 -0.0515577 0.359492
-9.6 5.2 -0.0335532 0.294747
-9.6 5.6 -0.0234 0.23383
-9.6 6 -0.0164268 0.180847
-9.6 6.4 -0.00897868 0.138764
-9.6 6.8 0.000972395 0.109704
-9.6 7.2 0.0135288 0.0950767
-9.6 7.6 0.0268562 0.0955105
-9.6 8 0.0374428 0.110581
-9.6 8.4 0.0406173 0.13842
-9.6 8.8 0.0313171 0.175321
-9.6 9.2 0.00508314 0.215495
-9.6 9.6 -0.040782 0.251139
-9.6 10 -0.10602 0.272982
-9.6 10.4 -0.186399 0.271412
-9.6 10.8 -0.273164 0.238186
-9.6 11.2 -0.353292 0.168586
-9.6 11.6 -0.410865 0.0636304
-9.6 12 -0.42966 -0.068223
-9.6 12.4 -0.396804 -0.210602
-9.6 12.8 -0.30684 -0.340622
-9.6 13.2 -0.165207 -0.432497
-9.6 13.6 0.0101558 -0.46309
-9.6 14 0.190205 -0.418371
-9.6 14.4 0.339714 -0.299074
-9.6 14.8 0.425212 -0.123526
-9.6 15.2 0.424231 0.0740188
-9.6 15.6 0.333198 0.250115
-9.6 16 0.171105 0.36288
-9.6 16.4 -0.0231253 0.384054
-9.6 16.8 -0.199853 0.308571
-9.6 17.2 -0.312479 0.158032
-9.6 17.6 -0.33173 -0.0240069
-9.6 18 -0.255614 -0.184329
-9.6 18.4 -0.111091 -0.276499
-9.6 18.8 0.0539157 -0.276031
-9.6 19.2 0.186071 -0.188755
-9.6 19.6 0.244623 -0.0489046
-9.2 -20 0.0119652 -0.00245327
-9.2 -19.6 0.00451044 -0.0102586
-9.2 -19.2 -0.00598015 -0.00905322
-9.2 -18.8 -0.0113549 0.000263248
-9.2 -18.4 -0.00686836 0.0107814
-9.2 -18 0.00529705 0.0140559
-9.2 -17.6 0.0169235 0.0058911
-9.2 -17.2 0.01876 -0.0102133
-9.2 -16.8 0.00674149 -0.0243525
-9.2 -16.4 -0.0144214 -0.0258558
-9.2 -16 -0.0328126 -0.0101828
-9.2 -15.6 -0.0356488 0.0170553
-9.2 -15.2 -0.0170968 0.0417347
-9.2 -14.8 0.0169172 0.0482371
-9.2 -14.4 0.050094 0.0284062
-9.2 -14 0.0633198 -0.0124501
-9.2 -13.6 0.044908 -0.0562467
-9.2 -13.2 -0.00178574 -0.0799206
-9.2 -12.8 -0.0577832 -0.06697
-9.2 -12.4 -0.0960308 -0.0170601
-9.2 -12 -0.0940401 0.0514743
-9.2 -11.6 -0.0457335 0.108217
-9.2 -11.2 0.0334595 0.12394
-9.2 -10.8 0.111333 0.0846988
-9.2 -10.4 0.152008 8.44077e-05
-9.2 -10 0.131908 -0.098636
-9.2 -9.6 0.0514878 -0.170335
-9.2 -9.2 -0.0628154 -0.181064
-9.2 -8.8 -0.167742 -0.119097
-9.2 -8.4 -0.220014 -0.00138044
-9.2 -8 -0.193923 0.131591
-9.2 -7.6 -0.0924254 0.230663
-9.2 -7.2 0.0528646 0.256734
-9.2 -6.8 0.192841 0.19586
-9.2 -6.4 0.278813 0.0648414
-9.2 -6 0.28016 -0.0947292
-9.2 -5.6 0.195086 -0.231427
-9.2 -5.2 0.0506866 -0.30212
-9.2 -4.8 -0.107224 -0.286505
-9.2 -4.4 -0.23036 -0.193016
-9.2 -4 -0.284162 -0.0545552
-9.2 -3.6 -0.258356 0.0837657
-9.2 -3.2 -0.168683 0.180065
-9.2 -2.8 -0.0500274 0.208859
-9.2 -2.4 0.0559982 0.167839
-9.2 -2 0.114403 0.0767499
-9.2 -1.6 0.106777 -0.0303914
-9.2 -1.2 0.0351927 -0.116499
-9.2 -0.8 -0.080344 -0.152206
-9.2 -0.4 -0.209218 -0.123099
-9.2 0 -0.319468 -0.0318548
-9.2 0.4 -0.386057 0.104491
-9.2 0.8 -0.396061 0.260541
-9.2 1.2 -0.349948 0.409584
-9.2 1.6 -0.259389 0.529643
-9.2 2 -0.142872 0.607206
-9.2 2.4 -0.0206949 0.638221
-9.2 2.8 0.0893537 0.626786
-9.2 3.2 0.17478 0.582406
-9.2 3.6 0.229439 0.516844
-9.2 4 0.253111 0.441399
-9.2 4.4 0.250127 0.365088
-9.2 4.8 0.227605 0.29389
-9.2 5.2 0.193769 0.230884
-9.2 5.6 0.1566 0.176994
-9.2 6 0.122922 0.131978
-9.2 6.4 0.0978543 0.0953997
-9.2 6.8 0.0845421 0.0673332
-9.2 7.2 0.0840307 0.0487197
-9.2 7.6 0.0952285 0.0413258
-9.2 8 0.114936 0.047337
-9.2 8.4 0.137984 0.0686552
-9.2 8.8 0.157569 0.106005
-9.2 9.2 0.16587 0.157992
-9.2 9.6 0.155046 0.220291
-9.2 10 0.118613 0.285207
-9.2 10.4 0.0531283 0.341851
-9.2 10.8 -0.0400793 0.37718
-9.2 11.2 -0.15355 0.378025
-9.2 11.6 -0.273252 0.333998
-9.2 12 -0.379617 0.24086
-9.2 12.4 -0.450408 0.103537
-9.2 12.8 -0.465314 -0.0622494
-9.2 13.2 -0.411555 -0.230801
-9.2 13.6 -0.289099 -0.370328
-9.2 14 -0.113735 -0.449701
-9.2 14.4 0.0836636 -0.446813
-9.2 14.8 0.262508 -0.356266
-9.2 15.2 0.381958 -0.19373
-9.2 15.6 0.412297 0.00527851
-9.2 16 0.344842 0.192958
-9.2 16.4 0.196761 0.321783
-9.2 16.8 0.00830092 0.358641
-9.2 17.2 -0.16775 0.295913
-9.2 17.6 -0.281731 0.15525
-9.2 18 -0.302963 -0.0181149
-9.2 18.4 -0.23018 -0.169407
-9.2 18.8 -0.0923278 -0.252322
-9.2 19.2 0.061192 -0.244709
-9.2 19.6 0.177803 -0.156007
-8.8 -20 0.0155218 -0.00250419
-8.8 -19.6 0.00730952 -0.0118316
-8.8 -19.2 -0.00417797 -0.0115359
-8.8 -18.8 -0.0106284 -0.00288535
-8.8 -18.4 -0.00763189 0.00711926
-8.8 -18 0.00235395 0.0105711
-8.8 -17.6 0.011563 0.00414643
-8.8 -17.2 0.0121054 -0.00827908
-8.8 -16.8 0.00156531 -0.0177112
-8.8 -16.4 -0.0146019 -0.015755
-8.8 -16 -0.0256772 -0.000559176
-8.8 -15.6 -0.0220945 0.0208015
-8.8 -15.2 -0.00201243 0.0353968
-8.8 -14.8 0.0260324 0.0316872
-8.8 -14.4 0.0464955 0.00702934
-8.8 -14 0.0449619 -0.0290238
-8.8 -13.6 0.0168885 -0.0581038
-8.8 -13.2 -0.0279915 -0.0620014
-8.8 -12.8 -0.0686209 -0.0328982
-8.8 -12.4 -0.082208 0.020613
-8.8 -12 -0.0560832 0.0754549
-8.8 -11.6 0.00415912 0.103827
-8.8 -11.2 0.074825 0.0866144
-8.8 -10.8 0.123351 0.0240656
-8.8 -10.4 0.122904 -0.0618051
-8.8 -10 0.0657632 -0.134959
-8.8 -9.6 -0.0309411 -0.160378
-8.8 -9.2 -0.130346 -0.119953
-8.8 -8.8 -0.190199 -0.0220814
-8.8 -8.4 -0.180546 0.0996736
-8.8 -8 -0.0972378 0.198748
-8.8 -7.6 0.0346978 0.233794
-8.8 -7.2 0.169474 0.185484
-8.8 -6.8 0.257525 0.0649905
-8.8 -6.4 0.264283 -0.0893488
-8.8 -6 0.183318 -0.225814
-8.8 -5.6 0.0388454 -0.298082
-8.8 -5.2 -0.123143 -0.281741
-8.8 -4.8 -0.251428 -0.182425
-8.8 -4.4 -0.307391 -0.032943
-8.8 -4 -0.277612 0.118998
-8.8 -3.6 -0.177092 0.227555
-8.8 -3.2 -0.042613 0.263809
-8.8 -2.8 0.0806912 0.224115
-8.8 -2.4 0.154438 0.1295
-8.8 -2 0.158608 0.0171826
-8.8 -1.6 0.0962705 -0.0721916
-8.8 -1.2 -0.00928791 -0.107057
-8.8 -0.8 -0.123197 -0.0733135
-8.8 -0.4 -0.209994 0.0234112
-8.8 0 -0.243371 0.161393
-8.8 0.4 -0.21205 0.310378
-8.8 0.8 -0.12077 0.440273
-8.8 1.2 0.0130014 0.528361
-8.8 1.6 0.164943 0.56339
-8.8 2 0.310272 0.546075
-8.8 2.4 0.428927 0.486673
-8.8 2.8 0.508554 0.400892
-8.8 3.2 0.545128 0.305516
-8.8 3.6 0.541701 0.214848
-8.8 4 0.506095 0.138578
-8.8 4.4 0.448385 0.0811455
-8.8 4.8 0.378803 0.0423345
-8.8 5.2 0.306354 0.0186224
-8.8 5.6 0.238212 0.00481226
-8.8 6 0.17968 -0.00442415
-8.8 6.4 0.134467 -0.0133229
-8.8 6.8 0.105023 -0.0242216
-8.8 7.2 0.0927363 -0.0371788
-8.8 7.6 0.0979003 -0.0499851
-8.8 8 0.119456 -0.0585251
-8.8 8.4 0.154593 -0.0574581
-8.8 8.8 0.198346 -0.0411936
-8.8 9.2 0.243392 -0.00512594
-8.8 9.6 0.28025 0.0529609
-8.8 10 0.298085 0.131491
-8.8 10.4 0.286249 0.223997
-8.8 10.8 0.23653 0.318716
-8.8 11.2 0.145816 0.399342
-8.8 11.6 0.0186088 0.447243
-8.8 12 -0.131468 0.445174
-8.8 12.4 -0.28207 0.382003
-8.8 12.8 -0.405112 0.257373
-8.8 13.2 -0.472379 0.0848126
-8.8 13.6 -0.462865 -0.108261
-8.8 14 -0.370039 -0.284656
-8.8 14.4 -0.206593 -0.405493
-8.8 14.8 -0.00443474 -0.440659
-8.8 15.2 0.19125 -0.378687
-8.8 15.6 0.333151 -0.232605
-8.8 16 0.385441 -0.0389525
-8.8 16.4 0.335561 0.150884
-8.8 16.8 0.199824 0.285194
-8.8 17.2 0.0200271 0.328017
-8.8 17.6 -0.148764 0.271229
-8.8 18 -0.25575 0.137938
-8.8 18.4 -0.271326 -0.0247859
-8.8 18.8 -0.197141 -0.161874
-8.8 19.2 -0.0651914 -0.229447
-8.8 19.6 0.0741513 -0.210132
-8.4 -20 0.0196325 -0.00527998
-8.4 -19.6 0.00889381 -0.0160286
-8.4 -19.2 -0.00502986 -0.0154969
-8.4 -18.8 -0.0131063 -0.00565576
-8.4 -18.4 -0.0109496 0.00579744
-8.4 -18 -0.00135207 0.010766
-8.4 -17.6 0.00788772 0.00615527
-8.4 -17.2 0.00939252 -0.00409066
-8.4 -16.8 0.00140027 -0.0116398
-8.4 -16.4 -0.0106608 -0.00948952
-8.4 -16 -0.0174015 0.00285994
-8.4 -15.6 -0.0116908 0.0181991
-8.4 -15.2 0.00594415 0.0254791
-8.4 -14.8 0.0263083 0.0167541
-8.4 -14.4 0.0360474 -0.00688578
-8.4 -14 0.0255186 -0.0342311
-8.4 -13.6 -0.00438543 -0.0490018
-8.4 -13.2 -0.040698 -0.0387961
-8.4 -12.8 -0.0637318 -0.00319263
-8.4 -12.4 -0.0571522 0.0437623
-8.4 -12 -0.0177215 0.0788038
-8.4 -11.6 0.0406742 0.0805205
-8.4 -11.2 0.0915628 0.0410136
-8.4 -10.8 0.107594 -0.027904
-8.4 -10.4 0.074186 -0.0977374
-8.4 -10 -0.00152279 -0.134983
-8.4 -9.6 -0.0912609 -0.116532
-8.4 -9.2 -0.156275 -0.0417421
-8.4 -8.8 -0.163831 0.0647572
-8.4 -8.4 -0.102396 0.161441
-8.4 -8 0.0114171 0.206357
-8.4 -7.6 0.137601 0.17484
-8.4 -7.2 0.227628 0.0708916
-8.4 -6.8 0.24349 -0.0727711
-8.4 -6.4 0.173099 -0.206259
-8.4 -6 0.0357635 -0.281067
-8.4 -5.6 -0.124419 -0.268277
-8.4 -5.2 -0.25457 -0.169276
-8.4 -4.8 -0.312082 -0.0150678
-8.4 -4.4 -0.279459 0.14524
-8.4 -4 -0.169612 0.262046
-8.4 -3.6 -0.0201763 0.302253
-8.4 -3.2 0.120456 0.259616
-8.4 -2.8 0.209898 0.155264
-8.4 -2.4 0.225323 0.028994
-8.4 -2 0.169485 -0.0748833
-8.4 -1.6 0.067956 -0.121916
-8.4 -1.2 -0.0405929 -0.0973737
-8.4 -0.8 -0.117139 -0.0089888
-8.4 -0.4 -0.133722 0.117394
-8.4 0 -0.0802274 0.246943
-8.4 0.4 0.0348057 0.346327
-8.4 0.8 0.188616 0.392276
-8.4 1.2 0.351736 0.376128
-8.4 1.6 0.495935 0.303831
-8.4 2 0.60037 0.19228
-8.4 2.4 0.654685 0.063711
-8.4 2.8 0.658985 -0.0599901
-8.4 3.2 0.621413 -0.161664
-8.4 3.6 0.554563 -0.231216
-8.4 4 0.47191 -0.265925
-8.4 4.4 0.3851 -0.269228
-8.4 4.8 0.302497 -0.248692
-8.4 5.2 0.228953 -0.213826
-8.4 5.6 0.166467 -0.174211
-8.4 6 0.115315 -0.138144
-8.4 6.4 0.0752172 -0.111812
-8.4 6.8 0.0462526 -0.0988827
-8.4 7.2 0.0293387 -0.100361
-8.4 7.6 0.0262206 -0.114606
-8.4 8 0.0390053 -0.137456
-8.4 8.4 0.0693303 -0.162491
-8.4 8.8 0.117303 -0.181527
-8.4 9.2 0.180392 -0.185465
-8.4 9.6 0.252527 -0.165592
-8.4 10 0.323708 -0.115355
-8.4 10.4 0.380487 -0.0324502
-8.4 10.8 0.407611 0.0791642
-8.4 11.2 0.3909 0.207952
-8.4 11.6 0.321091 0.334936
-8.4 12 0.197847 0.435929
-8.4 12.4 0.0327262 0.486066
-8.4 12.8 -0.15029 0.466089
-8.4 13.2 -0.317788 0.368978
-8.4 13.6 -0.433635 0.204844
-8.4 14 -0.468305 0.0018891
-8.4 14.4 -0.408421 -0.197984
-8.4 14.8 -0.263277 -0.348785
-8.4 15.2 -0.0654408 -0.413163
-8.4 15.6 0.135998 -0.374481
-8.4 16 0.28851 -0.243908
-8.4 16.4 0.35194 -0.0592377
-8.4 16.8 0.311821 0.125282
-8.4 17.2 0.185122 0.255535
-8.4 17.6 0.015596 0.295188
-8.4 18 -0.140448 0.238026
-8.4 18.4 -0.233321 0.110067
-8.4 18.8 -0.237165 -0.0398904
-8.4 19.2 -0.15859 -0.158143
-8.4 19.6 -0.0332169 -0.205739
-8 -20 0.0229084 -0.0107587
-8 -19.6 0.00811591 -0.0219094
-8 -19.2 -0.008877 -0.0193819
-8 -18.8 -0.0180432 -0.00650383
-8 -18.4 -0.0151567 0.0076355
-8 -18 -0.00384627 0.0142313
-8 -17.6 0.00732622 0.0102431
-8 -17.2 0.0107358 -5.72231e-05
-8 -16.8 0.00472692 -0.00831261
-8 -16.4 -0.00539137 -0.007938
-8 -16 -0.0110306 0.0011869
-8 -15.6 -0.00637137 0.0122855
-8 -15.2 0.00711429 0.0159761
-8 -14.8 0.020748 0.00675425
-8 -14.4 0.023667 -0.0124135
-8 -14 0.010011 -0.030564
-8 -13.6 -0.0160896 -0.0345606
-8 -13.2 -0.0411435 -0.0172619
-8 -12.8 -0.0488994 0.0166953
-8 -12.4 -0.0297447 0.0513129
-8 -12 0.0122573 0.0664501
-8 -11.6 0.0590568 0.0486081
-8 -11.2 0.0860984 -0.000299523
-8 -10.8 0.0744879 -0.061254
-8 -10.4 0.0219115 -0.105285
-8 -10 -0.0535379 -0.106761
-8 -9.6 -0.119349 -0.0566938
-8 -9.2 -0.142398 0.0305472
-8 -8.8 -0.104578 0.121015
-8 -8.4 -0.0129596 0.174519
-8 -8 0.100637 0.162026
-8 -7.6 0.191166 0.0794883
-8 -7.2 0.218445 -0.0482721
-8 -6.8 0.164235 -0.175738
-8 -6.4 0.0409899 -0.253872
-8 -6 -0.111572 -0.249328
-8 -5.6 -0.24083 -0.157866
-8 -5.2 -0.300814 -0.00656934
-8 -4.8 -0.269204 0.155903
-8 -4.4 -0.155264 0.277039
-8 -4 0.00405451 0.319201
-8 -3.6 0.157881 0.27233
-8 -3.2 0.259556 0.156284
-8 -2.8 0.282306 0.0125763
-8 -2.4 0.227107 -0.110811
-8 -2 0.120608 -0.175709
-8 -1.6 0.00472867 -0.165493
-8 -1.2 -0.0777916 -0.0887689
-8 -0.8 -0.0966834 0.0253094
-8 -0.4 -0.0421674 0.13761
-8 0 0.0741453 0.211399
-8 0.4 0.224744 0.222469
-8 0.8 0.375483 0.164341
-8 1.2 0.495289 0.0478133
-8 1.6 0.563446 -0.104011
-8 2 0.572893 -0.262983
-8 2.4 0.529428 -0.40304
-8 2.8 0.44791 -0.505369
-8 3.2 0.347118 -0.560752
-8 3.6 0.244891 -0.569234
-8 4 0.154666 -0.537916
-8 4.4 0.0838848 -0.477957
-8 4.8 0.0341316 -0.401711
-8 5.2 0.00249141 -0.320619
-8 5.6 -0.0164945 -0.244046
-8 6 -0.0288439 -0.178947
-8 6.4 -0.0395007 -0.13005
-8 6.8 -0.0512414 -0.100236
-8 7.2 -0.0641612 -0.0908286
-8 7.6 -0.0756898 -0.101642
-8 8 -0.0810668 -0.130771
-8 8.4 -0.0742192 -0.174186
-8 8.8 -0.0490045 -0.225334
-8 9.2 -0.000765782 -0.274976
-8 9.6 0.0719215 -0.311577
-8 10 0.165577 -0.322497
-8 10.4 0.270658 -0.296153
-8 10.8 0.371492 -0.224999
-8 11.2 0.447873 -0.108821
-8 11.6 0.4786 0.0426131
-8 12 0.446694 0.208703
-8 12.4 0.345261 0.360074
-8 12.8 0.182271 0.463968
-8 13.2 -0.0177498 0.492336
-8 13.6 -0.216702 0.430742
-8 14 -0.370916 0.285237
-8 14.4 -0.442716 0.0842821
-8 14.8 -0.412367 -0.126136
-8 15.2 -0.286271 -0.293906
-8 15.6 -0.0978223 -0.375918
-8 16 0.100583 -0.352116
-8 16.4 0.252779 -0.233303
-8 16.8 0.316664 -0.0591036
-8 17.2 0.278385 0.114174
-8 17.6 0.157343 0.232146
-8 18 -0.000473816 0.260929
-8 18.4 -0.138917 0.198682
-8 18.8 -0.211967 0.0754453
-8 19.2 -0.200134 -0.0589486
-8 19.6 -0.116516 -0.1543
-7.6 -20 0.024189 -0.0183577
-7.6 -19.6 0.00440483 -0.0282189
-7.6 -19.2 -0.0153583 -0.0217662
-7.6 -18.8 -0.024187 -0.00447704
-7.6 -18.4 -0.0185624 0.0126011
-7.6 -18 -0.00371591 0.0198105
-7.6 -17.6 0.0103108 0.0144779
-7.6 -17.2 0.0152125 0.00187296
-7.6 -16.8 0.00944107 -0.0087926
-7.6 -16.4 -0.00133434 -0.0106085
-7.6 -16 -0.00845016 -0.0034383
-7.6 -15.6 -0.0063458 0.00620782
-7.6 -15.2 0.00343849 0.00980061
-7.6 -14.8 0.0130359 0.0029519
-7.6 -14.4 0.0134801 -0.0109219
-7.6 -14 0.00119184 -0.0220311
-7.6 -13.6 -0.0184689 -0.0202264
-7.6 -13.2 -0.0332218 -0.00212477
-7.6 -12.8 -0.0308154 0.0251269
-7.6 -12.4 -0.00714009 0.0462753
-7.6 -12 0.0293699 0.0459148
-7.6 -11.6 0.0602307 0.017931
-7.6 -11.2 0.0657988 -0.028933
-7.6 -10.8 0.0363272 -0.0731296
-7.6 -10.4 -0.0207193 -0.0898565
-7.6 -10 -0.0815735 -0.0638588
-7.6 -9.6 -0.115832 0.0009395
-7.6 -9.2 -0.100871 0.0803437
-7.6 -8.8 -0.0342214 0.138817
-7.6 -8.4 0.0624247 0.145007
-7.6 -8 0.150268 0.0869704
-7.6 -7.6 0.189074 -0.0201156
-7.6 -7.2 0.154857 -0.137824
-7.6 -6.8 0.0517304 -0.218899
-7.6 -6.4 -0.0875792 -0.226385
-7.6 -6 -0.213214 -0.149407
-7.6 -5.6 -0.277142 -0.00886528
-7.6 -5.2 -0.251872 0.149486
-7.6 -4.8 -0.141361 0.271812
-7.6 -4.4 0.0201786 0.316108
-7.6 -4 0.180899 0.26743
-7.6 -3.6 0.290192 0.142743
-7.6 -3.2 0.316499 -0.0160271
-7.6 -2.8 0.25752 -0.157589
-7.6 -2.4 0.13957 -0.23936
-7.6 -2 0.00707596 -0.241393
-7.6 -1.6 -0.0933335 -0.17162
-7.6 -1.2 -0.128185 -0.0613846
-7.6 -0.8 -0.0868485 0.0462795
-7.6 -0.4 0.0170226 0.11094
-7.6 0 0.151776 0.106726
-7.6 0.4 0.278766 0.0284766
-7.6 0.8 0.364019 -0.108973
-7.6 1.2 0.386918 -0.27709
-7.6 1.6 0.343868 -0.442726
-7.6 2 0.246772 -0.576869
-7.6 2.4 0.117739 -0.660681
-7.6 2.8 -0.0177609 -0.687758
-7.6 3.2 -0.137169 -0.662851
-7.6 3.6 -0.225054 -0.598263
-7.6 4 -0.27476 -0.509459
-7.6 4.4 -0.287771 -0.411203
-7.6 4.8 -0.271569 -0.315063
-7.6 5.2 -0.236904 -0.228493
-7.6 5.6 -0.195223 -0.155214
-7.6 6 -0.156678 -0.0963936
-7.6 6.4 -0.128862 -0.0520572
-7.6 6.8 -0.116177 -0.0222672
-7.6 7.2 -0.119644 -0.00781025
-7.6 7.6 -0.136994 -0.010277
-7.6 8 -0.162907 -0.0315586
-7.6 8.4 -0.18944 -0.072864
-7.6 8.8 -0.206727 -0.133432
-7.6 9.2 -0.204144 -0.209191
-7.6 9.6 -0.172067 -0.291729
-7.6 10 -0.104215 -0.368038
-7.6 10.4 -0.000287448 -0.421528
-7.6 10.8 0.131759 -0.434629
-7.6 11.2 0.274734 -0.392929
-7.6 11.6 0.403526 -0.290132
-7.6 12 0.489281 -0.132515
-7.6 12.4 0.506219 0.0589333
-7.6 12.8 0.439686 0.250266
-7.6 13.2 0.293049 0.400981
-7.6 13.6 0.0906594 0.474209
-7.6 14 -0.125273 0.448146
-7.6 14.4 -0.304255 0.32495
-7.6 14.8 -0.401545 0.133384
-7.6 15.2 -0.392468 -0.0769619
-7.6 15.6 -0.281884 -0.249195
-7.6 16 -0.104675 -0.336613
-7.6 16.4 0.084043 -0.318245
-7.6 16.8 0.226437 -0.20652
-7.6 17.2 0.28133 -0.043525
-7.6 17.6 0.238284 0.113484
-7.6 18 0.120762 0.212385
-7.6 18.4 -0.0232262 0.224698
-7.6 18.8 -0.139641 0.155068
-7.6 19.2 -0.188882 0.0379127
-7.6 19.6 -0.160047 -0.0774069
-7.2 -20 0.022712 -0.0271243
-7.2 -19.6 -0.00222402 -0.0336674
-7.2 -19.2 -0.0235973 -0.0215992
-7.2 -18.8 -0.0301091 0.000707554
-7.2 -18.4 -0.0197871 0.0199739
-7.2 -18 -0.000286118 0.0259761
-7.2 -17.6 0.0163881 0.0171186
-7.2 -17.2 0.0212703 0.000524539
-7.2 -16.8 0.0134273 -0.0130429
-7.2 -16.4 -0.000284325 -0.0160481
-7.2 -16 -0.0102348 -0.00855139
-7.2 -15.6 -0.0104536 0.00249685
-7.2 -15.2 -0.002361 0.00838258
-7.2 -14.8 0.00653036 0.00476526
-7.2 -14.4 0.00805958 -0.00519542
-7.2 -14 -0.000539065 -0.0128431
-7.2 -13.6 -0.0140148 -0.0100224
-7.2 -13.2 -0.021883 0.00469813
-7.2 -12.8 -0.015224 0.0237212
-7.2 -12.4 0.00656778 0.0339822
-7.2 -12 0.033491 0.0247837
-7.2 -11.6 0.049165 -0.00452262
-7.2 -11.2 0.0398683 -0.0418161
-7.2 -10.8 0.00359643 -0.0668231
-7.2 -10.4 -0.0462175 -0.0614031
-7.2 -10 -0.0852201 -0.0203931
-7.2 -9.6 -0.0895002 0.0429854
-7.2 -9.2 -0.0485066 0.100819
-7.2 -8.8 0.0271381 0.122471
-7.2 -8.4 0.10756 0.089598
-7.2 -8 0.155365 0.00698898
-7.2 -7.6 0.142381 -0.0965107
-7.2 -7.2 0.063831 -0.17829
-7.2 -6.8 -0.0568818 -0.199534
-7.2 -6.4 -0.175571 -0.142519
-7.2 -6 -0.244214 -0.0199282
-7.2 -5.6 -0.230467 0.128223
-7.2 -5.2 -0.131521 0.249108
-7.2 -4.8 0.0236038 0.297236
-7.2 -4.4 0.184338 0.252002
-7.2 -4 0.29725 0.125649
-7.2 -3.6 0.32566 -0.0413716
-7.2 -3.2 0.262577 -0.195494
-7.2 -2.8 0.132317 -0.289479
-7.2 -2.4 -0.0192677 -0.298745
-7.2 -2 -0.141688 -0.228812
-7.2 -1.6 -0.197285 -0.111784
-7.2 -1.2 -0.173062 0.00600648
-7.2 -0.8 -0.0832842 0.0801244
-7.2 -0.4 0.0371125 0.0820878
-7.2 0 0.145099 0.00690693
-7.2 0.4 0.2033 -0.127539
-7.2 0.8 0.1904 -0.287993
-7.2 1.2 0.105452 -0.436848
-7.2 1.6 -0.0342336 -0.542789
-7.2 2 -0.199906 -0.587959
-7.2 2.4 -0.36007 -0.570204
-7.2 2.8 -0.488248 -0.500751
-7.2 3.2 -0.567921 -0.398919
-7.2 3.6 -0.594001 -0.285966
-7.2 4 -0.571356 -0.179916
-7.2 4.4 -0.51156 -0.0924554
-7.2 4.8 -0.429183 -0.0281315
-7.2 5.2 -0.338671 0.014546
-7.2 5.6 -0.252312 0.0409037
-7.2 6 -0.179354 0.0575983
-7.2 6.4 -0.125968 0.0704295
-7.2 6.8 -0.0956483 0.0828197
-7.2 7.2 -0.0896352 0.0950627
-7.2 7.6 -0.107112 0.104289
-7.2 8 -0.14507 0.105051
-7.2 8.4 -0.197907 0.0904424
-7.2 8.8 -0.257004 0.0537122
-7.2 9.2 -0.31064 -0.00969978
-7.2 9.6 -0.344683 -0.0999161
-7.2 10 -0.344436 -0.210603
-7.2 10.4 -0.297743 -0.327883
-7.2 10.8 -0.198987 -0.431012
-7.2 11.2 -0.0529795 -0.495455
-7.2 11.6 0.122702 -0.4984
-7.2 12 0.298513 -0.425792
-7.2 12.4 0.437819 -0.278961
-7.2 12.8 0.505592 -0.0783037
-7.2 13.2 0.478991 0.138245
-7.2 13.6 0.356563 0.322893
-7.2 14 0.162357 0.43061
-7.2 14.4 -0.0576851 0.433212
-7.2 14.8 -0.247289 0.330062
-7.2 15.2 -0.356491 0.150885
-7.2 15.6 -0.358009 -0.0515146
-7.2 16 -0.25723 -0.2172
-7.2 16.4 -0.0914445 -0.298689
-7.2 16.8 0.0823155 -0.277116
-7.2 17.2 0.206974 -0.168623
-7.2 17.6 0.245473 -0.01805
-7.2 18 0.193455 0.118072
-7.2 18.4 0.0794502 0.19276
-7.2 18.8 -0.0475614 0.185677
-7.2 19.2 -0.138165 0.109249
-7.2 19.6 -0.16183 0.00151232
-6.8 -20 0.0181781 -0.0359498
-6.8 -19.6 -0.0112642 -0.0371561
-6.8 -19.2 -0.0324412 -0.0183283
-6.8 -18.8 -0.0344936 0.00872623
-6.8 -18.4 -0.0179643 0.028602
-6.8 -18 0.00638684 0.0311903
-6.8 -17.6 0.0244777 0.0169196
-6.8 -17.2 0.0271643 -0.0044223
-6.8 -16.8 0.0149951 -0.0201607
-6.8 -16.4 -0.00307229 -0.022351
-6.8 -16 -0.0158127 -0.0119605
-6.8 -15.6 -0.0167246 0.002656
-6.8 -15.2 -0.00756152 0.0116959
-6.8 -14.8 0.00358814 0.0103323
-6.8 -14.4 0.00821305 0.00153972
-6.8 -14 0.00334727 -0.00639096
-6.8 -13.6 -0.00632664 -0.0059583
-6.8 -13.2 -0.0116934 0.00385334
-6.8 -12.8 -0.00577518 0.0161469
-6.8 -12.4 0.0105759 0.0202009
-6.8 -12 0.0277872 0.00881016
-6.8 -11.6 0.0326075 -0.0156616
-6.8 -11.2 0.0165353 -0.0406583
-6.8 -10.8 -0.0173082 -0.0494009
-6.8 -10.4 -0.0533958 -0.0306829
-6.8 -10 -0.0704918 0.0129051
-6.8 -9.6 -0.0529846 0.0634238
-6.8 -9.2 -0.00100955 0.0945772
-6.8 -8.8 0.0664607 0.084539
-6.8 -8.4 0.118177 0.0284289
-6.8 -8 0.124565 -0.0561908
-6.8 -7.6 0.0727615 -0.134426
-6.8 -7.2 -0.0246631 -0.168335
-6.8 -6.8 -0.132146 -0.134299
-6.8 -6.4 -0.204495 -0.0355011
-6.8 -6 -0.205789 0.0966064
-6.8 -5.6 -0.125606 0.213173
-6.8 -5.2 0.0147079 0.266938
-6.8 -4.8 0.16876 0.231445
-6.8 -4.4 0.282308 0.112374
-6.8 -4 0.313917 -0.0537602
-6.8 -3.6 0.250725 -0.213011
-6.8 -3.2 0.113104 -0.314014
-6.8 -2.8 -0.0533036 -0.326642
-6.8 -2.4 -0.194689 -0.252237
-6.8 -2 -0.26845 -0.121942
-6.8 -1.6 -0.257557 0.0155271
-6.8 -1.2 -0.175065 0.111534
-6.8 -0.8 -0.0579224 0.133882
-6.8 -0.4 0.0467782 0.0762985
-6.8 0 0.0976704 -0.0415159
-6.8 0.4 0.07156 -0.182218
-6.8 0.8 -0.0311919 -0.303779
-6.8 1.2 -0.189101 -0.372291
-6.8 1.6 -0.367875 -0.370622
-6.8 2 -0.53111 -0.300948
-6.8 2.4 -0.649764 -0.181462
-6.8 2.8 -0.707892 -0.0392985
-6.8 3.2 -0.703802 0.0975712
-6.8 3.6 -0.64736 0.207018
-6.8 4 -0.555131 0.276569
-6.8 4.4 -0.44524 0.304073
-6.8 4.8 -0.333395 0.295868
-6.8 5.2 -0.230793 0.263589
-6.8 5.6 -0.143855 0.220725
-6.8 6 -0.0752749 0.179732
-6.8 6.4 -0.0256429 0.150093
-6.8 6.8 0.00499961 0.137302
-6.8 7.2 0.0161371 0.142569
-6.8 7.6 0.00650151 0.16295
-6.8 8 -0.0254239 0.191734
-6.8 8.4 -0.0802181 0.219052
-6.8 8.8 -0.155884 0.232884
-6.8 9.2 -0.246155 0.220721
-6.8 9.6 -0.339331 0.172059
-6.8 10 -0.418372 0.0816079
-6.8 10.4 -0.462912 -0.0473913
-6.8 10.8 -0.453432 -0.200859
-6.8 11.2 -0.377107 -0.353937
-6.8 11.6 -0.233855 -0.47452
-6.8 12 -0.0404065 -0.530399
-6.8 12.4 0.169884 -0.498756
-6.8 12.8 0.35284 -0.37527
-6.8 13.2 0.464418 -0.179366
-6.8 13.6 0.474108 0.0473601
-6.8 14 0.376395 0.250551
-6.8 14.4 0.195614 0.378438
-6.8 14.8 -0.0187642 0.398471
-6.8 15.2 -0.206121 0.309223
-6.8 15.6 -0.313889 0.142499
-6.8 16 -0.31527 -0.0461771
-6.8 16.4 -0.218633 -0.196069
-6.8 16.8 -0.0644464 -0.26224
-6.8 17.2 0.0896712 -0.231076
-6.8 17.6 0.190306 -0.124103
-6.8 18 0.207718 0.011602
-6.8 18.4 0.145644 0.122597
-6.8 18.8 0.037596 0.17003
-6.8 19.2 -0.0685398 0.143757
-6.8 19.6 -0.130847 0.0640037
-6.4 -20 0.0107265 -0.0437635
-6.4 -19.6 -0.0218759 -0.0379214
-6.4 -19.2 -0.0406947 -0.0119086
-6.4 -18.8 -0.0363412 0.0188047
-6.4 -18.4 -0.012804 0.0371774
-6.4 -18 0.0156561 0.0341842
-6.4 -17.6 0.0331878 0.0132707
-6.4 -17.2 0.0313264 -0.0125344
-6.4 -16.8 0.0131259 -0.0287246
-6.4 -16.4 -0.00959607 -0.027633
-6.4 -16 -0.0238251 -0.0121385
-6.4 -15.6 -0.022968 0.00706963
-6.4 -15.2 -0.0100228 0.0185898
-6.4 -14.8 0.00527964 0.0172111
-6.4 -14.4 0.013218 0.00643597
-6.4 -14 0.01029 -0.00467582
-6.4 -13.6 0.000986256 -0.008059
-6.4 -13.2 -0.00586411 -0.0022342
-6.4 -12.8 -0.00368247 0.00673888
-6.4 -12.4 0.00673617 0.0096323
-6.4 -12 0.0171066 0.000969258
-6.4 -11.6 0.0169535 -0.0160727
-6.4 -11.2 0.00121751 -0.0303058
-6.4 -10.8 -0.0246951 -0.0289333
-6.4 -10.4 -0.0461048 -0.00623971
-6.4 -10 -0.0466363 0.0307156
-6.4 -9.6 -0.0183877 0.0634447
-6.4 -9.2 0.0311187 0.0706865
-6.4 -8.8 0.0798187 0.0403674
-6.4 -8.4 0.100484 -0.0215127
-6.4 -8 0.0745834 -0.090456
-6.4 -7.6 0.00373572 -0.132872
-6.4 -7.2 -0.0875507 -0.121599
-6.4 -6.8 -0.160246 -0.0503353
-6.4 -6.4 -0.177262 0.0602959
-6.4 -6 -0.120815 0.168713
-6.4 -5.6 -0.00258992 0.228528
-6.4 -5.2 0.1384 0.208148
-6.4 -4.8 0.249964 0.105253
-6.4 -4.4 0.287182 -0.0503712
-6.4 -4 0.230604 -0.207165
-6.4 -3.6 0.094556 -0.311155
-6.4 -3.2 -0.0778544 -0.326438
-6.4 -2.8 -0.230882 -0.248558
-6.4 -2.4 -0.316837 -0.105673
-6.4 -2 -0.313172 0.0525149
-6.4 -1.6 -0.229661 0.173303
-6.4 -1.2 -0.103552 0.219676
-6.4 -0.8 0.0147039 0.182302
-6.4 -0.4 0.0792918 0.0810556
-6.4 0 0.0638581 -0.043525
-6.4 0.4 -0.0314767 -0.144886
-6.4 0.8 -0.182385 -0.1856
-6.4 1.2 -0.349953 -0.147949
-6.4 1.6 -0.493531 -0.0371677
-6.4 2 -0.582251 0.122557
-6.4 2.4 -0.601875 0.296929
-6.4 2.8 -0.555752 0.451712
-6.4 3.2 -0.46074 0.561027
-6.4 3.6 -0.340334 0.611845
-6.4 4 -0.217589 0.604329
-6.4 4.4 -0.109855 0.548988
-6.4 4.8 -0.0263225 0.462251
-6.4 5.2 0.031711 0.362052
-6.4 5.6 0.0686411 0.264499
-6.4 6 0.0915253 0.182035
-6.4 6.4 0.107172 0.122939
-6.4 6.8 0.119969 0.0916674
-6.4 7.2 0.130692 0.0894599
-6.4 7.6 0.13629 0.11474
-6.4 8 0.130542 0.163083
-6.4 8.4 0.105511 0.226782
-6.4 8.8 0.053752 0.294387
-6.4 9.2 -0.0288833 0.350775
-6.4 9.6 -0.14025 0.378465
-6.4 10 -0.26955 0.360601
-6.4 10.4 -0.396737 0.285528
-6.4 10.8 -0.494769 0.151992
-6.4 11.2 -0.535182 -0.0267811
-6.4 11.6 -0.496265 -0.222262
-6.4 12 -0.371715 -0.394683
-6.4 12.4 -0.176642 -0.502182
-6.4 12.8 0.0521827 -0.513142
-6.4 13.2 0.263495 -0.41793
-6.4 13.6 0.405198 -0.235441
-6.4 14 0.4407 -0.0109003
-6.4 14.4 0.362233 0.195845
-6.4 14.8 0.195646 0.328564
-6.4 15.2 -0.0062535 0.353339
-6.4 15.6 -0.180482 0.270628
-6.4 16 -0.275197 0.115515
-6.4 16.4 -0.267609 -0.0546986
-6.4 16.8 -0.17136 -0.181314
-6.4 17.2 -0.0301823 -0.225512
-6.4 17.6 0.0998198 -0.181661
-6.4 18 0.172132 -0.0773277
-6.4 18.4 0.16705 0.0397973
-6.4 18.8 0.0972143 0.122329
-6.4 19.2 -0.000378235 0.142188
-6.4 19.6 -0.0818862 0.100231
-6 -20 0.000846704 -0.0496803
-6 -19.6 -0.0330631 -0.0355953
-6 -19.2 -0.0473099 -0.00272758
-6 -18.8 -0.0350752 0.0299157
-6 -18.4 -0.00454129 0.0444771
-6 -18 0.0264975 0.0341247
-6 -17.6 0.0411149 0.00618839
-6 -17.2 0.032614 -0.022844
-6 -16.8 0.00753179 -0.0371584
-6 -16.4 -0.0190252 -0.0303866
-6 -16 -0.0325531 -0.00838538
-6 -15.6 -0.027259 0.0151623
-6 -15.2 -0.00850033 0.0272696
-6 -14.8 0.0114514 0.0230228
-6 -14.4 0.0213278 0.00754995
-6 -14 0.0174562 -0.00819569
-6 -13.6 0.00511504 -0.0148348
-6 -13.2 -0.00584831 -0.0103485
-6 -12.8 -0.0080441 -0.000674948
-6 -12.4 -0.00154948 0.0050656
-6 -12 0.006385 0.0014447
-6 -11.6 0.00676687 -0.0089388
-6 -11.2 -0.00411223 -0.0167291
-6 -10.8 -0.0208037 -0.0121858
-6 -10.4 -0.0309523 0.00724368
-6 -10 -0.0228772 0.0331633
-6 -9.6 0.00583692 0.049323
-6 -9.2 0.0441748 0.0405989
-6 -8.8 0.0712918 0.003115
-6 -8.4 0.0669179 -0.0505066
-6 -8 0.0234752 -0.0946494
-6 -7.6 -0.0467802 -0.102282
-6 -7.2 -0.114272 -0.05935
-6 -6.8 -0.144219 0.0253719
-6 -6.4 -0.113227 0.120671
-6 -6 -0.022463 0.184464
-6 -5.6 0.0993934 0.181969
-6 -5.2 0.205701 0.102361
-6 -4.8 0.250375 -0.0339227
-6 -4.4 0.207493 -0.181114
-6 -4 0.0833781 -0.285215
-6 -3.6 -0.0843081 -0.305243
-6 -3.2 -0.240301 -0.22971
-6 -2.8 -0.332673 -0.0814893
-6 -2.4 -0.332427 0.0908089
-6 -2 -0.243984 0.231238
-6 -1.6 -0.102766 0.297202
-6 -1.2 0.0386126 0.274401
-6 -0.8 0.129726 0.180739
-6 -0.4 0.139764 0.0584974
-6 0 0.0668568 -0.0414765
-6 0.4 -0.0632743 -0.0772647
-6 0.8 -0.207781 -0.0288138
-6 1.2 -0.321665 0.0975378
-6 1.6 -0.371714 0.273366
-6 2 -0.344987 0.45865
-6 2.4 -0.249989 0.614157
-6 2.8 -0.111356 0.711568
-6 3.2 0.0391499 0.738726
-6 3.6 0.171986 0.699464
-6 4 0.266723 0.609298
-6 4.4 0.315123 0.489246
-6 4.8 0.320473 0.359989
-6 5.2 0.294305 0.237931
-6 5.6 0.252037 0.133644
-6 6 0.208901 0.0523725
-6 6.4 0.176957 -0.00422491
-6 6.8 0.16342 -0.0360504
-6 7.2 0.170062 -0.0429867
-6 7.6 0.193299 -0.0242474
-6 8 0.224671 0.02115
-6 8.4 0.251704 0.0928557
-6 8.8 0.259446 0.186969
-6 9.2 0.23304 0.293839
-6 9.6 0.161475 0.396921
-6 10 0.042042 0.473775
-6 10.4 -0.115759 0.499972
-6 10.8 -0.288666 0.455682
-6 11.2 -0.442181 0.33346
-6 11.6 -0.537861 0.14455
-6 12 -0.544298 -0.0793493
-6 12.4 -0.448679 -0.291053
-6 12.8 -0.264631 -0.439553
-6 13.2 -0.0323949 -0.485531
-6 13.6 0.190368 -0.415553
-6 14 0.345331 -0.249246
-6 14.4 0.392544 -0.0355775
-6 14.8 0.324729 0.161725
-6 15.2 0.170801 0.285149
-6 15.6 -0.0136273 0.303149
-6 16 -0.165878 0.220907
-6 16.4 -0.238672 0.0774985
-6 16.8 -0.216624 -0.069749
-6 17.2 -0.12011 -0.167547
-6 17.6 0.00493672 -0.18654
-6 18 0.106854 -0.130734
-6 18.4 0.149175 -0.0329099
-6 18.8 0.12384 0.061407
-6 19.2 0.0515405 0.114013
-6 19.6 -0.030141 0.109234
-5.6 -20 -0.010743 -0.053089
-5.6 -19.6 -0.0438365 -0.0301913
-5.6 -19.2 -0.0515118 0.0085217
-5.6 -18.8 -0.0305552 0.0409735
-5.6 -18.4 0.00618984 0.0495353
-5.6 -18 0.0377377 0.0306696
-5.6 -17.6 0.0470749 -0.0038
-5.6 -17.2 0.0304243 -0.0341114
-5.6 -16.8 -0.00143293 -0.0440346
-5.6 -16.4 -0.0300928 -0.0296777
-5.6 -16 -0.0403084 -0.000791336
-5.6 -15.6 -0.02825 0.0257072
-5.6 -15.2 -0.00269852 0.0357857
-5.6 -14.8 0.0210245 0.0259166
-5.6 -14.4 0.0303621 0.0040406
-5.6 -14 0.0224027 -0.0161858
-5.6 -13.6 0.004471 -0.0239598
-5.6 -13.2 -0.011442 -0.0173843
-5.6 -12.8 -0.0165647 -0.00351516
-5.6 -12.4 -0.0104998 0.00720973
-5.6 -12 -0.00053968 0.00828905
-5.6 -11.6 0.00414922 0.0013874
-5.6 -11.2 -0.000525086 -0.00527067
-5.6 -10.8 -0.010231 -0.00326488
-5.6 -10.4 -0.0149063 0.00914274
-5.6 -10 -0.00602162 0.0243821
-5.6 -9.6 0.0161931 0.0294509
-5.6 -9.2 0.0405325 0.0144425
-5.6 -8.8 0.0498355 -0.0193396
-5.6 -8.4 0.0310961 -0.0570643
-5.6 -8 -0.0149106 -0.076277
-5.6 -7.6 -0.0704739 -0.0587648
-5.6 -7.2 -0.107176 -0.00231726
-5.6 -6.8 -0.0993931 0.0743554
-5.6 -6.4 -0.0386628 0.137256
-5.6 -6 0.0586375 0.151686
-5.6 -5.6 0.155081 0.0993208
-5.6 -5.2 0.206785 -0.0105096
-5.6 -4.8 0.182712 -0.141368
-5.6 -4.4 0.0799289 -0.242758
-5.6 -4 -0.0724639 -0.270476
-5.6 -3.6 -0.223066 -0.20549
-5.6 -3.2 -0.317791 -0.0630264
-5.6 -2.8 -0.321184 0.112238
-5.6 -2.4 -0.230511 0.262986
-5.6 -2 -0.0768992 0.341098
-5.6 -1.6 0.086714 0.325664
-5.6 -1.2 0.205651 0.230163
-5.6 -0.8 0.243475 0.0965182
-5.6 -0.4 0.194299 -0.0210048
-5.6 0 0.0833513 -0.0753988
-5.6 0.4 -0.0435046 -0.0425878
-5.6 0.8 -0.136552 0.0720551
-5.6 1.2 -0.158801 0.237673
-5.6 1.6 -0.0967169 0.409787
-5.6 2 0.0377579 0.545038
-5.6 2.4 0.213318 0.613556
-5.6 2.8 0.390347 0.605345
-5.6 3.2 0.532635 0.529717
-5.6 3.6 0.616109 0.409269
-5.6 4 0.632623 0.271372
-5.6 4.4 0.588841 0.140266
-5.6 4.8 0.501722 0.0319612
-5.6 5.2 0.392754 -0.047295
-5.6 5.6 0.282809 -0.0994731
-5.6 6 0.188754 -0.131408
-5.6 6.4 0.122047 -0.151011
-5.6 6.8 0.0888201 -0.164086
-5.6 7.2 0.0906398 -0.172323
-5.6 7.6 0.125132 -0.172615
-5.6 8 0.186001 -0.157744
-5.6 8.4 0.262496 -0.118393
-5.6 8.8 0.33895 -0.046413
-5.6 9.2 0.395377 0.0610841
-5.6 9.6 0.410101 0.197748
-5.6 10 0.364749 0.345653
-5.6 10.4 0.250833 0.476274
-5.6 10.8 0.0758534 0.555821
-5.6 11.2 -0.133872 0.554535
-5.6 11.6 -0.33616 0.457608
-5.6 12 -0.482478 0.273875
-5.6 12.4 -0.532174 0.0381326
-5.6 12.8 -0.467007 -0.195415
-5.6 13.2 -0.30031 -0.367942
-5.6 13.6 -0.0762057 -0.434761
-5.6 14 0.142396 -0.381306
-5.6 14.4 0.293781 -0.229764
-5.6 14.8 0.338413 -0.0327516
-5.6 15.2 0.272762 0.144515
-5.6 15.6 0.130122 0.247205
-5.6 16 -0.0324104 0.250122
-5.6 16.4 -0.155863 0.165445
-5.6 16.8 -0.201432 0.0358346
-5.6 17.2 -0.163671 -0.084102
-5.6 17.6 -0.0696632 -0.150056
-5.6 18 0.0349027 -0.144573
-5.6 18.4 0.106212 -0.0812534
-5.6 18.8 0.12021 0.00439399
-5.6 19.2 0.0803716 0.072541
-5.6 19.6 0.0127668 0.0966783
-5.2 -20 -0.0232229 -0.053683
-5.2 -19.6 -0.05334 -0.0220391
-5.2 -19.2 -0.0528553 0.0209852
-5.2 -18.8 -0.0230215 0.050994
-5.2 -18.4 0.0185171 0.0517361
-5.2 -18 0.0482545 0.0239305
-5.2 -17.6 0.0502441 -0.01583
-5.2 -17.2 0.024689 -0.0450712
-5.2 -16.8 -0.0129522 -0.0482795
-5.2 -16.4 -0.0413942 -0.0251914
-5.2 -16 -0.0457216 0.00993671
-5.2 -15.6 -0.0252951 0.0371798
-5.2 -15.2 0.00687395 0.0424274
-5.2 -14.8 0.0324 0.0248092
-5.2 -14.4 0.0382309 -0.00390927
-5.2 -14 0.0234811 -0.0270591
-5.2 -13.6 -0.00126769 -0.0329487
-5.2 -13.2 -0.0212201 -0.020982
-5.2 -12.8 -0.0263933 -0.00071183
-5.2 -12.4 -0.0168931 0.0150473
-5.2 -12 -0.0015306 0.018403
-5.2 -11.6 0.00887341 0.0106995
-5.2 -11.2 0.00890176 0.000472686
-5.2 -10.8 0.00180369 -0.00330136
-5.2 -10.4 -0.0034591 0.00199039
-5.2 -10 0.000648191 0.010413
-5.2 -9.6 0.0137626 0.0115944
-5.2 -9.2 0.0264322 -0.00133758
-5.2 -8.8 0.0255829 -0.0251902
-5.2 -8.4 0.00371712 -0.0462543
-5.2 -8 -0.0338377 -0.0472038
-5.2 -7.6 -0.0687303 -0.0180101
-5.2 -7.2 -0.077767 0.0353945
-5.2 -6.8 -0.0458729 0.0904043
-5.2 -6.4 0.0230399 0.11671
-5.2 -6 0.103816 0.0913491
-5.2 -5.6 0.158892 0.0124483
-5.2 -5.2 0.154996 -0.0957965
-5.2 -4.8 0.080074 -0.190486
-5.2 -4.4 -0.0479499 -0.227329
-5.2 -4 -0.185498 -0.18042
-5.2 -3.6 -0.279668 -0.055396
-5.2 -3.2 -0.289774 0.110405
-5.2 -2.8 -0.204756 0.261382
-5.2 -2.4 -0.0487602 0.345229
-5.2 -2 0.127602 0.333556
-5.2 -1.6 0.266657 0.233005
-5.2 -1.2 0.325673 0.0824923
-5.2 -0.8 0.292606 -0.0619257
-5.2 -0.4 0.189691 -0.148133
-5.2 0 0.0641295 -0.146571
-5.2 0.4 -0.0297716 -0.0595654
-5.2 0.8 -0.0498005 0.08135
-5.2 1.2 0.020653 0.228056
-5.2 1.6 0.168944 0.33292
-5.2 2 0.359474 0.36388
-5.2 2.4 0.546518 0.31268
-5.2 2.8 0.688415 0.194477
-5.2 3.2 0.758337 0.0402877
-5.2 3.6 0.748904 -0.114093
-5.2 4 0.670456 -0.238612
-5.2 4.4 0.544906 -0.315816
-5.2 4.8 0.398081 -0.342805
-5.2 5.2 0.253175 -0.328866
-5.2 5.6 0.126916 -0.290549
-5.2 6 0.0287591 -0.246184
-5.2 6.4 -0.0376086 -0.211383
-5.2 6.8 -0.0716672 -0.196162
-5.2 7.2 -0.0736429 -0.203591
-5.2 7.6 -0.0432702 -0.229521
-5.2 8 0.0197137 -0.263057
-5.2 8.4 0.113384 -0.28789
-5.2 8.8 0.230485 -0.284942
-5.2 9.2 0.355738 -0.236734
-5.2 9.6 0.465353 -0.133197
-5.2 10 0.530216 0.0224457
-5.2 10.4 0.523058 0.210039
-5.2 10.8 0.428125 0.393631
-5.2 11.2 0.250078 0.528779
-5.2 11.6 0.0180717 0.575139
-5.2 12 -0.218201 0.510804
-5.2 12.4 -0.400955 0.343039
-5.2 12.8 -0.482159 0.110313
-5.2 13.2 -0.440632 -0.126814
-5.2 13.6 -0.291469 -0.30407
-5.2 14 -0.083059 -0.374995
-5.2 14.4 0.118401 -0.327424
-5.2 14.8 0.251723 -0.187966
-5.2 15.2 0.282192 -0.0120621
-5.2 15.6 0.213067 0.136896
-5.2 16 0.0823465 0.211145
-5.2 16.4 -0.0538361 0.195254
-5.2 16.8 -0.144113 0.109274
-5.2 17.2 -0.161412 -0.00249686
-5.2 17.6 -0.111113 -0.0917278
-5.2 18 -0.0250941 -0.126159
-5.2 18.4 0.0547751 -0.10099
-5.2 18.8 0.0956524 -0.0373358
-5.2 19.2 0.0866684 0.0303959
-5.2 19.6 0.0406282 0.0714877
-4.8 -20 -0.0357856 -0.0514442
-4.8 -19.6 -0.0609316 -0.0116897
-4.8 -19.2 -0.0512228 0.0337829
-4.8 -18.8 -0.012996 0.0592036
-4.8 -18.4 0.0314894 0.0508334
-4.8 -18 0.0571226 0.0143743
-4.8 -17.6 0.0502105 -0.0288866
-4.8 -17.2 0.0157833 -0.0546247
-4.8 -16.8 -0.0259622 -0.0492696
-4.8 -16.4 -0.0516369 -0.0171606
-4.8 -16 -0.0479026 0.0227148
-4.8 -15.6 -0.0184153 0.0480776
-4.8 -15.2 0.0191619 0.0459718
-4.8 -14.8 0.0438596 0.0194158
-4.8 -14.4 0.0433041 -0.0153521
-4.8 -14 0.0199755 -0.0388961
-4.8 -13.6 -0.0113838 -0.0396847
-4.8 -13.2 -0.0331137 -0.0198323
-4.8 -12.8 -0.0348532 0.0074339
-4.8 -12.4 -0.018623 0.0264756
-4.8 -12 0.00380015 0.0285064
-4.8 -11.6 0.0190243 0.0158526
-4.8 -11.2 0.0203143 -0.000963289
-4.8 -10.8 0.0108622 -0.0109541
-4.8 -10.4 0.000325096 -0.00996722
-4.8 -10 -0.00273412 -0.00280712
-4.8 -9.6 0.00271924 0.00107342
-4.8 -9.2 0.00932583 -0.00469444
-4.8 -8.8 0.00681773 -0.01759
-4.8 -8.4 -0.00961757 -0.0265996
-4.8 -8 -0.0337465 -0.0191905
-4.8 -7.6 -0.0497772 0.00913576
-4.8 -7.2 -0.0410311 0.0488442
-4.8 -6.8 -0.0012819 0.0785096
-4.8 -6.4 0.0580086 0.0751664
-4.8 -6 0.109713 0.0279411
-4.8 -5.6 0.122669 -0.052523
-4.8 -5.2 0.0778258 -0.134845
-4.8 -4.8 -0.0192624 -0.178923
-4.8 -4.4 -0.13663 -0.154288
-4.8 -4 -0.226893 -0.0561939
-4.8 -3.6 -0.246862 0.0887181
-4.8 -3.2 -0.17706 0.230689
-4.8 -2.8 -0.032113 0.31609
-4.8 -2.4 0.143156 0.309454
-4.8 -2 0.290614 0.208654
-4.8 -1.6 0.361649 0.0465892
-4.8 -1.2 0.33631 -0.121355
-4.8 -0.8 0.23093 -0.238711
-4.8 -0.4 0.0914435 -0.269312
-4.8 0 -0.0243913 -0.210187
-4.8 0.4 -0.0684062 -0.0914058
-4.8 0.8 -0.0187204 0.0362398
-4.8 1.2 0.114098 0.120195
-4.8 1.6 0.292671 0.124251
-4.8 2 0.466982 0.0394413
-4.8 2.4 0.591131 -0.115263
-4.8 2.8 0.636583 -0.30138
-4.8 3.2 0.598024 -0.474389
-4.8 3.6 0.491118 -0.597085
-4.8 4 0.344398 -0.648625
-4.8 4.4 0.189038 -0.627286
-4.8 4.8 0.0501794 -0.54745
-4.8 5.2 -0.0578714 -0.433056
-4.8 5.6 -0.132071 -0.310342
-4.8 6 -0.177664 -0.202155
-4.8 6.4 -0.203505 -0.124888
-4.8 6.8 -0.217328 -0.087817
-4.8 7.2 -0.222215 -0.0937223
-4.8 7.6 -0.214974 -0.139519
-4.8 8 -0.186871 -0.216138
-4.8 8.4 -0.1268 -0.307869
-4.8 8.8 -0.0264994 -0.392337
-4.8 9.2 0.11341 -0.442655
-4.8 9.6 0.278666 -0.432782
-4.8 10 0.440416 -0.345611
-4.8 10.4 0.559961 -0.181464
-4.8 10.8 0.599189 0.0366831
-4.8 11.2 0.534097 0.264801
-4.8 11.6 0.366556 0.447752
-4.8 12 0.128939 0.535706
-4.8 12.4 -0.121893 0.501748
-4.8 12.8 -0.320779 0.353734
-4.8 13.2 -0.415625 0.134691
-4.8 13.6 -0.385984 -0.0898509
-4.8 14 -0.2511 -0.2538
-4.8 14.4 -0.0633779 -0.313579
-4.8 14.8 0.110781 -0.263134
-4.8 15.2 0.215433 -0.134581
-4.8 15.6 0.22495 0.0158587
-4.8 16 0.151227 0.13074
-4.8 16.4 0.0356529 0.173428
-4.8 16.8 -0.0701705 0.140166
-4.8 17.2 -0.126199 0.0577101
-4.8 17.6 -0.118788 -0.0314566
-4.8 18 -0.0628019 -0.0889313
-4.8 18.4 0.00875174 -0.0961268
-4.8 18.8 0.0617046 -0.0594008
-4.8 19.2 0.0759943 -0.00344989
-4.8 19.6 0.0524845 0.0426594
-4.4 -20 -0.0477225 -0.0465939
-4.4 -19.6 -0.0662179 0.000186841
-4.4 -19.2 -0.0467795 0.046117
-4.4 -18.8 -0.00116776 0.0650955
-4.4 -18.4 0.0442109 0.046913
-4.4 -18 0.0636971 0.00269619
-4.4 -17.6 0.0469507 -0.0419687
-4.4 -17.2 0.00438828 -0.0619607
-4.4 -16.8 -0.0393528 -0.0468331
-4.4 -16.4 -0.0598105 -0.00622187
-4.4 -16 -0.0464798 0.0363256
-4.4 -15.6 -0.00815674 0.0571548
-4.4 -15.2 0.032853 0.0457825
-4.4 -14.8 0.0538836 0.0101259
-4.4 -14.4 0.0445971 -0.0289106
-4.4 -14 0.0120228 -0.0498681
-4.4 -13.6 -0.0244943 -0.0427316
-4.4 -13.2 -0.0449613 -0.0136831
-4.4 -12.8 -0.039934 0.0196384
-4.4 -12.4 -0.0148584 0.0390041
-4.4 -12 0.0144447 0.0358767
-4.4 -11.6 0.0318425 0.0151792
-4.4 -11.2 0.0301436 -0.00913058
-4.4 -10.8 0.0141044 -0.0233619
-4.4 -10.4 -0.00410568 -0.0222249
-4.4 -10 -0.0135591 -0.0108574
-4.4 -9.6 -0.0115375 9.09382e-05
-4.4 -9.2 -0.00435258 0.00267713
-4.4 -8.8 -0.00170305 -0.00249496
-4.4 -8.4 -0.00855051 -0.00685941
-4.4 -8 -0.020231 -0.000669481
-4.4 -7.6 -0.024558 0.01848
-4.4 -7.2 -0.010172 0.0413383
-4.4 -6.8 0.0238954 0.0505542
-4.4 -6.4 0.0638442 0.0309522
-4.4 -6 0.085755 -0.019123
-4.4 -5.6 0.0679256 -0.0824528
-4.4 -5.2 0.00469237 -0.127927
-4.4 -4.8 -0.0861309 -0.124662
-4.4 -4.4 -0.167375 -0.0587173
-4.4 -4 -0.197571 0.0562963
-4.4 -3.6 -0.150418 0.180984
-4.4 -3.2 -0.0293062 0.264732
-4.4 -2.8 0.130622 0.267064
-4.4 -2.4 0.274731 0.176152
-4.4 -2 0.350575 0.0158027
-4.4 -1.6 0.32963 -0.162652
-4.4 -1.2 0.219548 -0.300293
-4.4 -0.8 0.0616619 -0.353926
-4.4 -0.4 -0.0850803 -0.312971
-4.4 0 -0.166828 -0.203148
-4.4 0.4 -0.154852 -0.075991
-4.4 0.8 -0.0551598 0.0110252
-4.4 1.2 0.095309 0.015514
-4.4 1.6 0.243417 -0.07558
-4.4 2 0.339066 -0.243131
-4.4 2.4 0.351508 -0.444207
-4.4 2.8 0.277307 -0.627419
-4.4 3.2 0.138264 -0.749095
-4.4 3.6 -0.0285162 -0.784778
-4.4 4 -0.183849 -0.733096
-4.4 4.4 -0.298071 -0.612183
-4.4 4.8 -0.357598 -0.451313
-4.4 5.2 -0.365478 -0.281428
-4.4 5.6 -0.337146 -0.127809
-4.4 6 -0.293829 -0.0066545
-4.4 6.4 -0.25597 0.0743953
-4.4 6.8 -0.238155 0.113206
-4.4 7.2 -0.245957 0.109664
-4.4 7.6 -0.274566 0.063779
-4.4 8 -0.309177 -0.0234844
-4.4 8.4 -0.327532 -0.146834
-4.4 8.8 -0.305111 -0.292417
-4.4 9.2 -0.222823 -0.435389
-4.4 9.6 -0.0755774 -0.54191
-4.4 10 0.121311 -0.576695
-4.4 10.4 0.331418 -0.514763
-4.4 10.8 0.504483 -0.353338
-4.4 11.2 0.590958 -0.11853
-4.4 11.6 0.559556 0.137604
-4.4 12 0.411135 0.350603
-4.4 12.4 0.182457 0.464114
-4.4 12.8 -0.0632383 0.449975
-4.4 13.2 -0.256599 0.319548
-4.4 13.6 -0.346161 0.120873
-4.4 14 -0.316492 -0.0781925
-4.4 14.4 -0.192826 -0.214602
-4.4 14.8 -0.0300489 -0.252657
-4.4 15.2 0.109464 -0.195254
-4.4 15.6 0.17984 -0.0794546
-4.4 16 0.167531 0.0411961
-4.4 16.4 0.0928095 0.119514
-4.4 16.8 -0.00270719 0.132688
-4.4 17.2 -0.0760256 0.0881873
-4.4 17.6 -0.10092 0.0161495
-4.4 18 -0.0764995 -0.0469857
-4.4 18.4 -0.0235048 -0.075345
-4.4 18.8 0.028492 -0.0633373
-4.4 19.2 0.0559534 -0.0247206
-4.4 19.6 0.0511505 0.017089
-4 -20 -0.0584796 -0.0395267
-4 -19.6 -0.0690507 0.0128946
-4 -19.2 -0.0399026 0.0573448
-4 -18.8 0.0117168 0.0684371
-4 -18.4 0.0559366 0.0403203
-4 -18 0.0676387 -0.0103088
-4 -17.6 0.040758 -0.0542133
-4 -17.2 -0.00865784 -0.0666048
-4 -16.8 -0.0521268 -0.0411831
-4 -16.4 -0.0652708 0.00675542
-4 -16 -0.0415476 0.0496217
-4 -15.6 0.00460066 0.0635546
-4 -15.2 0.046636 0.0417828
-4 -14.8 0.0613518 -0.00220572
-4 -14.4 0.0417904 -0.0431021
-4 -14 0.000395901 -0.0585308
-4 -13.6 -0.03895 -0.0414318
-4 -13.2 -0.0549269 -0.00313642
-4 -12.8 -0.0405121 0.0341149
-4 -12.4 -0.00589375 0.0503363
-4 -12 0.0285511 0.0387596
-4 -11.6 0.0445134 0.00846069
-4 -11.2 0.0357979 -0.0222588
-4 -10.8 0.0104978 -0.0371743
-4 -10.4 -0.0153321 -0.0311127
-4 -10 -0.0280173 -0.0114626
-4 -9.6 -0.0240161 0.0080449
-4 -9.2 -0.0105068 0.0167795
-4 -8.8 0.000998968 0.0136223
-4 -8.4 0.0033692 0.0063358
-4 -8 -0.00112542 0.00462859
-4 -7.6 -0.00295644 0.0118552
-4 -7.2 0.00669372 0.0212875
-4 -6.8 0.0275354 0.0200084
-4 -6.4 0.0474193 -0.00153414
-4 -6 0.0480428 -0.0403168
-4 -5.6 0.0166068 -0.0783364
-4 -5.2 -0.0432788 -0.0898709
-4 -4.8 -0.108558 -0.0555474
-4 -4.4 -0.144822 0.02417
-4 -4 -0.122651 0.124055
-4 -3.6 -0.0343059 0.201806
-4 -3.2 0.0981742 0.215899
-4 -2.8 0.228643 0.145518
-4 -2.4 0.30479 0.00280212
-4 -2 0.290612 -0.169148
-4 -1.6 0.183113 -0.312412
-4 -1.2 0.0153539 -0.377757
-4 -0.8 -0.15586 -0.345214
-4 -0.4 -0.272406 -0.23274
-4 0 -0.297791 -0.0893635
-4 0.4 -0.231049 0.0240111
-4 0.8 -0.106266 0.0579235
-4 1.2 0.0213729 -0.00764202
-4 1.6 0.0967414 -0.15718
-4 2 0.0845374 -0.346853
-4 2.4 -0.0195708 -0.521032
-4 2.8 -0.189613 -0.631201
-4 3.2 -0.380225 -0.650251
-4 3.6 -0.542713 -0.577885
-4 4 -0.640064 -0.436687
-4 4.4 -0.656087 -0.261759
-4 4.8 -0.596726 -0.0885235
-4 5.2 -0.484742 0.0569911
-4 5.6 -0.350988 0.16274
-4 6 -0.225918 0.229696
-4 6.4 -0.133771 0.266692
-4 6.8 -0.0899211 0.283478
-4 7.2 -0.100266 0.284572
-4 7.6 -0.161016 0.266128
-4 8 -0.258102 0.217129
-4 8.4 -0.366948 0.125004
-4 8.8 -0.454521 -0.0159294
-4 9.2 -0.485415 -0.196368
-4 9.6 -0.431936 -0.38821
-4 10 -0.285552 -0.548221
-4 10.4 -0.0649257 -0.629708
-4 10.8 0.184297 -0.599094
-4 11.2 0.400239 -0.451178
-4 11.6 0.52392 -0.216087
-4 12 0.520259 0.0465834
-4 12.4 0.392432 0.265854
-4 12.8 0.182839 0.383537
-4 13.2 -0.0408779 0.375015
-4 13.6 -0.209927 0.257836
-4 14 -0.279034 0.0841683
-4 14.4 -0.241573 -0.0799807
-4 14.8 -0.12904 -0.180109
-4 15.2 0.00443034 -0.192512
-4 15.6 0.105343 -0.129813
-4 16 0.141649 -0.031312
-4 16.4 0.112471 0.0565243
-4 16.8 0.0436593 0.100149
-4 17.2 -0.0273751 0.0908356
-4 17.6 -0.0696141 0.0441572
-4 18 -0.0708193 -0.0111229
-4 18.4 -0.0395387 -0.0482586
-4 18.8 0.00266733 -0.0542695
-4 19.2 0.0336695 -0.0332981
-4 19.6 0.0412714 -0.00133124
-3.6 -20 -0.0676827 -0.0307398
-3.6 -19.6 -0.0694967 0.0257866
-3.6 -19.2 -0.0311024 0.0670163
-3.6 -18.8 0.0249447 0.0692435
-3.6 -18.4 0.0661252 0.031572
-3.6 -18 0.068893 -0.023856
-3.6 -17.6 0.0321451 -0.0649702
-3.6 -17.2 -0.022494 -0.0684105
-3.6 -16.8 -0.0635035 -0.0328125
-3.6 -16.4 -0.0677494 0.0208309
-3.6 -16 -0.0335563 0.0616674
-3.6 -15.6 0.0188384 0.0668481
-3.6 -15.2 0.0593921 0.0343458
-3.6 -14.8 0.0656247 -0.0164905
-3.6 -14.4 0.0351312 -0.056594
-3.6 -14 -0.0137667 -0.0639706
-3.6 -13.6 -0.053174 -0.0358348
-3.6 -13.2 -0.061742 0.0106591
-3.6 -12.8 -0.0363381 0.0490166
-3.6 -12.4 0.00718374 0.0587485
-3.6 -12 0.0439917 0.0364622
-3.6 -11.6 0.0547399 -0.00339989
-3.6 -11.2 0.0359396 -0.0379623
-3.6 -10.8 0.000557404 -0.0493904
-3.6 -10.4 -0.0308023 -0.0343739
-3.6 -10 -0.0422837 -0.00442329
-3.6 -9.6 -0.0311817 0.022438
-3.6 -9.2 -0.00771385 0.032908
-3.6 -8.8 0.0129329 0.0255169
-3.6 -8.4 0.0206806 0.00958157
-3.6 -8 0.0161804 -0.0026546
-3.6 -7.6 0.00858991 -0.00505055
-3.6 -7.2 0.00740658 -0.00155082
-3.6 -6.8 0.0142168 -0.0023891
-3.6 -6.4 0.0203592 -0.0150638
-3.6 -6 0.0126656 -0.0363615
-3.6 -5.6 -0.0159857 -0.0514332
-3.6 -5.2 -0.0581884 -0.0416924
-3.6 -4.8 -0.091902 0.00241582
-3.6 -4.4 -0.0903717 0.0714126
-3.6 -4 -0.0376095 0.136467
-3.6 -3.6 0.0590098 0.160677
-3.6 -3.2 0.166835 0.117286
-3.6 -2.8 0.239335 0.0056939
-3.6 -2.4 0.236389 -0.143562
-3.6 -2 0.143987 -0.278628
-3.6 -1.6 -0.0165304 -0.347341
-3.6 -1.2 -0.194843 -0.320084
-3.6 -0.8 -0.331418 -0.203865
-3.6 -0.4 -0.382067 -0.0409684
-3.6 0 -0.336458 0.10743
-3.6 0.4 -0.222562 0.185535
-3.6 0.8 -0.095423 0.164683
-3.6 1.2 -0.015385 0.0537204
-3.6 1.6 -0.0250301 -0.105586
-3.6 2 -0.133949 -0.255289
-3.6 2.4 -0.316554 -0.342724
-3.6 2.8 -0.522594 -0.338165
-3.6 3.2 -0.695246 -0.242615
-3.6 3.6 -0.789513 -0.0841343
-3.6 4 -0.784516 0.094388
-3.6 4.4 -0.686385 0.250538
-3.6 4.8 -0.522301 0.355109
-3.6 5.2 -0.329349 0.398599
-3.6 5.6 -0.143097 0.390607
-3.6 6 0.00996245 0.353697
-3.6 6.4 0.114335 0.314461
-3.6 6.8 0.162916 0.294469
-3.6 7.2 0.153017 0.303168
-3.6 7.6 0.0844512 0.334126
-3.6 8 -0.0385161 0.365761
-3.6 8.4 -0.202373 0.367189
-3.6 8.8 -0.380184 0.30872
-3.6 9.2 -0.532231 0.174531
-3.6 9.6 -0.613976 -0.0268996
-3.6 10 -0.590192 -0.259651
-3.6 10.4 -0.450247 -0.467762
-3.6 10.8 -0.217453 -0.592384
-3.6 11.2 0.0533025 -0.593164
-3.6 11.6 0.290884 -0.465347
-3.6 12 0.431553 -0.24473
-3.6 12.4 0.441822 0.00288916
-3.6 12.8 0.330867 0.204511
-3.6 13.2 0.146759 0.306095
-3.6 13.6 -0.0423142 0.291293
-3.6 14 -0.17412 0.185011
-3.6 14.4 -0.214776 0.0406563
-3.6 14.8 -0.168361 -0.0829465
-3.6 15.2 -0.0705074 -0.144688
-3.6 15.6 0.0300413 -0.134639
-3.6 16 0.0929448 -0.0730563
-3.6 16.4 0.101287 0.00303549
-3.6 16.8 0.0643985 0.0583373
-3.6 17.2 0.008896 0.0740163
-3.6 17.6 -0.0363267 0.0526817
-3.6 18 -0.0534266 0.0128739
-3.6 18.4 -0.0414129 -0.0226684
-3.6 18.8 -0.01302 -0.0384162
-3.6 19.2 0.0142614 -0.0317924
-3.6 19.6 0.0276 -0.0115423
-3.2 -20 -0.0751378 -0.0207692
-3.2 -19.6 -0.0677903 0.0383161
-3.2 -19.2 -0.020948 0.0748809
-3.2 -18.8 0.0379016 0.0677279
-3.2 -18.4 0.0744563 0.0212696
-3.2 -18 0.0676407 -0.0372534
-3.2 -17.6 0.0217438 -0.0738319
-3.2 -17.2 -0.0363396 -0.0675099
-3.2 -16.8 -0.0729678 -0.0223788
-3.2 -16.4 -0.0673087 0.0351235
-3.2 -16 -0.0231796 0.0718135
-3.2 -15.6 0.0335636 0.066999
-3.2 -15.2 0.0703062 0.024146
-3.2 -14.8 0.0665281 -0.0316128
-3.2 -14.4 0.0252688 -0.0683665
-3.2 -14 -0.0292191 -0.0658221
-3.2 -13.6 -0.0658946 -0.0265244
-3.2 -13.2 -0.0647778 0.0263273
-3.2 -12.8 -0.0278661 0.062765
-3.2 -12.4 0.0228825 0.0632515
-3.2 -12 0.0588209 0.0292108
-3.2 -11.6 0.0610428 -0.0188381
-3.2 -11.2 0.0304173 -0.0538684
-3.2 -10.8 -0.0141714 -0.0578719
-3.2 -10.4 -0.0476731 -0.031253
-3.2 -10 -0.0533493 0.00891254
-3.2 -9.6 -0.0313405 0.0399641
-3.2 -9.2 0.00320001 0.0469368
-3.2 -8.8 0.0304566 0.0300748
-3.2 -8.4 0.0379037 0.0026181
-3.2 -8 0.026497 -0.0189198
-3.2 -7.6 0.00779985 -0.0252941
-3.2 -7.2 -0.00534281 -0.0191123
-3.2 -6.8 -0.00795785 -0.0108837
-3.2 -6.4 -0.00566392 -0.00968975
-3.2 -6 -0.00914262 -0.0152168
-3.2 -5.6 -0.0242046 -0.0170357
-3.2 -5.2 -0.0445301 -0.00222386
-3.2 -4.8 -0.052825 0.033307
-3.2 -4.4 -0.0309141 0.0774381
-3.2 -4 0.0266787 0.104333
-3.2 -3.6 0.104106 0.0870095
-3.2 -3.2 0.166967 0.0138587
-3.2 -2.8 0.176783 -0.100235
-3.2 -2.4 0.110653 -0.215469
-3.2 -2 -0.0240953 -0.282283
-3.2 -1.6 -0.188647 -0.263664
-3.2 -1.2 -0.326792 -0.153835
-3.2 -0.8 -0.388558 0.0161848
-3.2 -0.4 -0.352578 0.189549
-3.2 0 -0.236694 0.306557
-3.2 0.4 -0.0917869 0.329398
-3.2 0.8 0.0184725 0.257715
-3.2 1.2 0.0430132 0.128446
-3.2 1.6 -0.036875 0.000526726
-3.2 2 -0.201134 -0.068489
-3.2 2.4 -0.3995 -0.0440246
-3.2 2.8 -0.570496 0.0740362
-3.2 3.2 -0.662773 0.253415
-3.2 3.6 -0.650783 0.442828
-3.2 4 -0.539962 0.590463
-3.2 4.4 -0.360987 0.660317
-3.2 4.8 -0.156597 0.641177
-3.2 5.2 0.0333752 0.546639
-3.2 5.6 0.183165 0.408081
-3.2 6 0.284776 0.264418
-3.2 6.4 0.343727 0.152283
-3.2 6.8 0.369641 0.0985712
-3.2 7.2 0.366682 0.115454
-3.2 7.6 0.328898 0.197292
-3.2 8 0.243282 0.319729
-3.2 8.4 0.0996297 0.442524
-3.2 8.8 -0.097418 0.517912
-3.2 9.2 -0.320627 0.504343
-3.2 9.6 -0.52213 0.382149
-3.2 10 -0.646501 0.16489
-3.2 10.4 -0.650902 -0.0998807
-3.2 10.8 -0.524058 -0.343164
-3.2 11.2 -0.295072 -0.497286
-3.2 11.6 -0.0267854 -0.520476
-3.2 12 0.204969 -0.413001
-3.2 12.4 0.338275 -0.21748
-3.2 12.8 0.347067 -0.00268041
-3.2 13.2 0.248815 0.162625
-3.2 13.6 0.0949221 0.234727
-3.2 14 -0.0515687 0.208595
-3.2 14.4 -0.140933 0.115043
-3.2 14.8 -0.153767 0.0038886
-3.2 15.2 -0.103622 -0.0784333
-3.2 15.6 -0.0258027 -0.106704
-3.2 16 0.0411265 -0.0831219
-3.2 16.4 0.0720304 -0.030858
-3.2 16.8 0.0630599 0.02024
-3.2 17.2 0.0286482 0.0480952
-3.2 17.6 -0.009049 0.046442
-3.2 18 -0.0319912 0.0239706
-3.2 18.4 -0.0335878 -0.00326605
-3.2 18.8 -0.018977 -0.0211944
-3.2 19.2 0.000379246 -0.0239302
-3.2 19.6 0.0138765 -0.0145075
-2.8 -20 -0.0808128 -0.0101372
-2.8 -19.6 -0.0642816 0.0500646
-2.8 -19.2 -0.0100048 0.0808714
-2.8 -18.8 0.0501088 0.0642438
-2.8 -18.4 0.0808169 0.0100255
-2.8 -18 0.064233 -0.0499512
-2.8 -17.6 0.0102169 -0.0806267
-2.8 -17.2 -0.0495608 -0.0642436
-2.8 -16.8 -0.0802716 -0.0105977
-2.8 -16.4 -0.0642662 0.0489004
-2.8 -16 -0.0111877 0.079714
-2.8 -15.6 0.0479257 0.0642846
-2.8 -15.2 0.0789055 0.012007
-2.8 -14.8 0.0642736 -0.0465837
-2.8 -14.4 0.0130745 -0.0777827
-2.8 -14 -0.0448109 -0.0641947
-2.8 -13.6 -0.0762631 -0.0144058
-2.8 -13.2 -0.0639898 0.0425313
-2.8 -12.8 -0.0160091 0.0742382
-2.8 -12.4 0.0396557 0.0635724
-2.8 -12 0.0715653 0.0178781
-2.8 -11.6 0.062814 -0.0360803
-2.8 -11.2 0.0199802 -0.0680552
-2.8 -10.8 -0.0316887 -0.0615235
-2.8 -10.4 -0.0634582 -0.0222356
-2.8 -10 -0.0594165 0.0263598
-2.8 -9.6 -0.0244817 0.0574458
-2.8 -9.2 0.0199875 0.056069
-2.8 -8.8 0.0495926 0.0264116
-2.8 -8.4 0.0508488 -0.0125266
-2.8 -8 0.0274677 -0.0393659
-2.8 -7.6 -0.00409353 -0.0428181
-2.8 -7.2 -0.0261513 -0.0266585
-2.8 -6.8 -0.030611 -0.00482153
-2.8 -6.4 -0.0222552 0.00937858
-2.8 -6 -0.0129214 0.012325
-2.8 -5.6 -0.0110842 0.0113225
-2.8 -5.2 -0.0144082 0.0172555
-2.8 -4.8 -0.0108688 0.0338949
-2.8 -4.4 0.0117175 0.0516533
-2.8 -4 0.0538269 0.0510599
-2.8 -3.6 0.0983398 0.0150306
-2.8 -3.2 0.115901 -0.0570663
-2.8 -2.8 0.0800951 -0.142646
-2.8 -2.4 -0.0154272 -0.202107
-2.8 -2 -0.147908 -0.19646
-2.8 -1.6 -0.271001 -0.107929
-2.8 -1.2 -0.333703 0.047472
-2.8 -0.8 -0.304117 0.222933
-2.8 -0.4 -0.18631 0.359226
-2.8 0 -0.0214752 0.410334
-2.8 0.4 0.127819 0.364331
-2.8 0.8 0.203346 0.249644
-2.8 1.2 0.175301 0.12378
-2.8 1.6 0.0542047 0.0497061
-2.8 2 -0.113959 0.0703895
-2.8 2.4 -0.266363 0.19219
-2.8 2.8 -0.347167 0.383306
-2.8 3.2 -0.326801 0.586711
-2.8 3.6 -0.209976 0.741263
-2.8 4 -0.0308776 0.802153
-2.8 4.4 0.161144 0.75334
-2.8 4.8 0.319383 0.608722
-2.8 5.2 0.414822 0.403699
-2.8 5.6 0.443731 0.182177
-2.8 6 0.425735 -0.0150792
-2.8 6.4 0.393272 -0.156951
-2.8 6.8 0.376273 -0.22319
-2.8 7.2 0.38788 -0.203495
-2.8 7.6 0.417093 -0.0981995
-2.8 8 0.431934 0.0781262
-2.8 8.4 0.3928 0.292827
-2.8 8.8 0.271364 0.496166
-2.8 9.2 0.0673627 0.630997
-2.8 9.6 -0.184683 0.650203
-2.8 10 -0.423331 0.535581
-2.8 10.4 -0.581016 0.309174
-2.8 10.8 -0.609917 0.030071
-2.8 11.2 -0.501863 -0.224029
-2.8 11.6 -0.293184 -0.383991
-2.8 12 -0.0517907 -0.413976
-2.8 12.4 0.148321 -0.323187
-2.8 12.8 0.254265 -0.159713
-2.8 13.2 0.251689 0.0104564
-2.8 13.6 0.16568 0.12973
-2.8 14 0.0460018 0.169161
-2.8 14.4 -0.0556515 0.134778
-2.8 14.8 -0.105893 0.0589402
-2.8 15.2 -0.0991409 -0.0176142
-2.8 15.6 -0.0539241 -0.0639598
-2.8 16 0.000223781 -0.0695046
-2.8 16.4 0.0378389 -0.0436148
-2.8 16.8 0.0474931 -0.00662447
-2.8 17.2 0.0332077 0.0219331
-2.8 17.6 0.00853584 0.0318676
-2.8 18 -0.0122417 0.0244042
-2.8 18.4 -0.0209341 0.00836179
-2.8 18.8 -0.0174799 -0.00623089
-2.8 19.2 -0.00746654 -0.0132676
-2.8 19.6 0.00237878 -0.012217
-2.4 -20 -0.0848088 0.000684339
-2.4 -19.6 -0.0593861 0.0607498
-2.4 -19.2 0.00121061 0.0850736
-2.4 -18.8 0.0612372 0.0592276
-2.4 -18.4 0.0852709 -0.00159298
-2.4 -18 0.0591256 -0.0615636
-2.4 -17.6 -0.00181096 -0.0853872
-2.4 -17.2 -0.0617027 -0.0590848
-2.4 -16.8 -0.0854047 0.00184117
-2.4 -16.4 -0.0591082 0.0616222
-2.4 -16 0.00165691 0.0852996
-2.4 -15.6 0.0612825 0.0591965
-2.4 -15.2 0.0850402 -0.00122781
-2.4 -14.8 0.0593467 -0.0606349
-2.4 -14.4 -0.000519562 -0.0845837
-2.4 -14 -0.0596185 -0.0595493
-2.4 -13.6 -0.0838726 -0.000506068
-2.4 -13.2 -0.0597851 0.0581576
-2.4 -12.8 -0.00189072 0.0828284
-2.4 -12.4 0.0561571 0.0600196
-2.4 -12 0.0813438 0.00367775
-2.4 -11.6 0.0601941 -0.0534974
-2.4 -11.2 0.00590844 -0.0792705
-2.4 -10.8 -0.0500285 -0.0602117
-2.4 -10.4 -0.0764023 -0.00861396
-2.4 -10 -0.0599144 0.0455629
-2.4 -9.6 -0.0117992 0.0724498
-2.4 -9.2 0.0398713 0.0590464
-2.4 -8.8 0.0670052 0.0154111
-2.4 -8.4 0.0571923 -0.0326835
-2.4 -8 0.0192762 -0.0594934
-2.4 -7.6 -0.0237115 -0.0536767
-2.4 -7.2 -0.0491107 -0.0229788
-2.4 -6.8 -0.0473994 0.0127251
-2.4 -6.4 -0.0256235 0.0347691
-2.4 -6 -0.000237951 0.0365781
-2.4 -5.6 0.0151151 0.0253792
-2.4 -5.2 0.0183954 0.0143443
-2.4 -4.8 0.0186427 0.0111515
-2.4 -4.4 0.0267225 0.0113
-2.4 -4 0.0440142 0.0013092
-2.4 -3.6 0.0574764 -0.0298058
-2.4 -3.2 0.0456795 -0.0783568
-2.4 -2.8 -0.00677027 -0.121953
-2.4 -2.4 -0.0950216 -0.127998
-2.4 -2 -0.189568 -0.0713926
-2.4 -1.6 -0.246234 0.0481719
-2.4 -1.2 -0.226884 0.199891
-2.4 -0.8 -0.12046 0.331728
-2.4 -0.4 0.047256 0.393007
-2.4 0 0.221417 0.358945
-2.4 0.4 0.340724 0.244641
-2.4 0.8 0.364377 0.101048
-2.4 1.2 0.290494 -0.00571649
-2.4 1.6 0.157323 -0.0222491
-2.4 2 0.0270094 0.0696658
-2.4 2.4 -0.0401888 0.245595
-2.4 2.8 -0.00955887 0.448442
-2.4 3.2 0.116147 0.610649
-2.4 3.6 0.299951 0.678752
-2.4 4 0.485833 0.630479
-2.4 4.4 0.618726 0.478709
-2.4 4.8 0.662064 0.262448
-2.4 5.2 0.608106 0.0300424
-2.4 5.6 0.479288 -0.177618
-2.4 6 0.32101 -0.336814
-2.4 6.4 0.187642 -0.440264
-2.4 6.8 0.125032 -0.488154
-2.4 7.2 0.15452 -0.47792
-2.4 7.6 0.263848 -0.400712
-2.4 8 0.408758 -0.248134
-2.4 8.4 0.526065 -0.0256681
-2.4 8.8 0.555297 0.236365
-2.4 9.2 0.462051 0.483203
-2.4 9.6 0.253857 0.650407
-2.4 10 -0.019151 0.687726
-2.4 10.4 -0.280652 0.581029
-2.4 10.8 -0.455915 0.361273
-2.4 11.2 -0.499637 0.0952557
-2.4 11.6 -0.412053 -0.138518
-2.4 12 -0.236618 -0.278491
-2.4 12.4 -0.0408082 -0.300909
-2.4 12.8 0.111001 -0.224415
-2.4 13.2 0.180694 -0.0976468
-2.4 13.6 0.16635 0.0233989
-2.4 14 0.0964018 0.0975859
-2.4 14.4 0.0126674 0.111211
-2.4 14.8 -0.0488359 0.0771614
-2.4 15.2 -0.0707434 0.0233864
-2.4 15.6 -0.0565722 -0.0222937
-2.4 16 -0.0236016 -0.0436618
-2.4 16.4 0.00833267 -0.0396495
-2.4 16.8 0.0261167 -0.0202957
-2.4 17.2 0.0269866 0.00107562
-2.4 17.6 0.0163819 0.0147919
-2.4 18 0.00272694 0.0178713
-2.4 18.4 -0.0073907 0.0129165
-2.4 18.8 -0.0114065 0.00479095
-2.4 19.2 -0.0101765 -0.0024444
-2.4 19.6 -0.00600024 -0.00683712
-2 -20 -0.0873263 0.0112968
-2 -19.6 -0.0535421 0.0702181
-2 -19.2 0.0122585 0.087689
-2 -18.8 0.0711015 0.0531481
-2 -18.4 0.0880173 -0.0130987
-2 -18 0.0528206 -0.0718661
-2 -17.6 -0.0137975 -0.0883055
-2 -17.2 -0.0724918 -0.0525701
-2 -16.8 -0.0885455 0.0143315
-2 -16.4 -0.0524077 0.0729538
-2 -16 0.0146732 0.0887257
-2 -15.6 0.0732213 0.0523447
-2 -15.2 0.0888298 -0.0147899
-2 -14.8 0.0523927 -0.0732551
-2 -14.4 -0.0146426 -0.0888347
-2 -14 -0.0730059 -0.0525623
-2 -13.6 -0.0887076 0.0141848
-2 -13.2 -0.0528621 0.0724101
-2 -12.8 0.013361 0.0884023
-2 -12.4 0.0713857 0.0532958
-2 -12 0.0878526 -0.0121045
-2 -11.6 0.0538588 -0.0698252
-2 -11.2 -0.0103366 -0.0869633
-2 -10.8 -0.0675872 -0.0545306
-2 -10.4 -0.0855962 0.00796482
-2 -10 -0.0552626 0.0644836
-2 -9.6 0.0048847 0.083548
-2 -9.2 0.060262 0.0559566
-2 -8.8 0.0805157 -0.000985991
-2 -8.4 0.0564256 -0.0545842
-2 -8 0.00382781 -0.0760421
-2 -7.6 -0.0469986 -0.0563229
-2 -7.2 -0.0694289 -0.00959023
-2 -6.8 -0.0550113 0.0369179
-2 -6.4 -0.0161539 0.0596021
-2 -6 0.0236316 0.0513205
-2 -5.6 0.0449208 0.0229158
-2 -5.2 0.0431014 -0.00645007
-2 -4.8 0.0281891 -0.0229683
-2 -4.4 0.0147351 -0.0264594
-2 -4 0.00940836 -0.027819
-2 -3.6 0.00532078 -0.037708
-2 -3.2 -0.0124266 -0.0547316
-2 -2.8 -0.0532458 -0.0621085
-2 -2.4 -0.10878 -0.0365213
-2 -2 -0.151116 0.0353089
-2 -1.6 -0.144721 0.142611
-2 -1.2 -0.0666475 0.249038
-2 -0.8 0.0764433 0.30682
-2 -0.4 0.245268 0.280493
-2 0 0.382562 0.167724
-2 0.4 0.439154 0.00533709
-2 0.8 0.398464 -0.143964
-2 1.2 0.286556 -0.218456
-2 1.6 0.162095 -0.184957
-2 2 0.0907619 -0.0539801
-2 2.4 0.116493 0.12423
-2 2.8 0.243037 0.280366
-2 3.2 0.433512 0.353691
-2 3.6 0.62629 0.314603
-2 4 0.758387 0.173376
-2 4.4 0.785946 -0.0270466
-2 4.8 0.695227 -0.229887
-2 5.2 0.503339 -0.386946
-2 5.6 0.252 -0.475878
-2 6 -0.00210746 -0.505407
-2 6.4 -0.199189 -0.505728
-2 6.8 -0.290059 -0.507865
-2 7.2 -0.249364 -0.522372
-2 7.6 -0.0844815 -0.529923
-2 8 0.162742 -0.490669
-2 8.4 0.423385 -0.368218
-2 8.8 0.619047 -0.154928
-2 9.2 0.686528 0.115928
-2 9.6 0.600853 0.378434
-2 10 0.386088 0.559247
-2 10.4 0.107798 0.607714
-2 10.8 -0.150787 0.516729
-2 11.2 -0.319154 0.325036
-2 11.6 -0.363644 0.100637
-2 12 -0.295595 -0.086445
-2 12.4 -0.161343 -0.189662
-2 12.8 -0.0199875 -0.199177
-2 13.2 0.080395 -0.138841
-2 13.6 0.118074 -0.050538
-2 14 0.0996171 0.0254813
-2 14.4 0.0502165 0.0653313
-2 14.8 -0.00111269 0.0661337
-2 15.2 -0.0339967 0.0409423
-2 15.6 -0.042091 0.00856781
-2 16 -0.0309903 -0.0158912
-2 16.4 -0.0117954 -0.0258607
-2 16.8 0.00540095 -0.0227923
-2 17.2 0.0151242 -0.0124302
-2 17.6 0.0166668 -0.000805719
-2 18 0.0121753 0.00803562
-2 18.4 0.00460513 0.0123034
-2 18.8 -0.00332565 0.0117372
-2 19.2 -0.00928602 0.00703589
-2 19.6 -0.0113806 -0.000167162
-1.6 -20 -0.0886311 0.0213832
-1.6 -19.6 -0.0471777 0.0784267
-1.6 -19.2 0.0227885 0.0889966
-1.6 -18.8 0.0796426 0.0464683
-1.6 -18.4 0.0893476 -0.024102
-1.6 -18 0.0458196 -0.0807776
-1.6 -17.6 -0.0253065 -0.0896843
-1.6 -17.2 -0.0818184 -0.0452445
-1.6 -16.8 -0.0900057 0.0263818
-1.6 -16.4 -0.0447574 0.0827482
-1.6 -16 0.0273035 0.0903096
-1.6 -15.6 0.0835458 0.0443751
-1.6 -15.2 0.0905915 -0.0280422
-1.6 -14.8 0.0441165 -0.0841839
-1.6 -14.4 -0.0285618 -0.0908439
-1.6 -14 -0.0846275 -0.044003
-1.6 -13.6 -0.0910546 0.0288178
-1.6 -13.2 -0.0440587 0.0848307
-1.6 -12.8 0.0287551 0.0912042
-1.6 -12.4 0.0847331 0.0443102
-1.6 -12 0.0912631 -0.0283046
-1.6 -11.6 0.0447863 -0.0842536
-1.6 -11.2 -0.0273792 -0.0911852
-1.6 -10.8 -0.0832822 -0.0455158
-1.6 -10.4 -0.0908993 0.025868
-1.6 -10 -0.0465248 0.0816678
-1.6 -9.6 0.0236292 0.0902946
-1.6 -9.2 0.0791986 0.0478283
-1.6 -8.8 0.0891964 -0.0204818
-1.6 -8.4 0.0494146 -0.0755742
-1.6 -8 -0.016196 -0.0873243
-1.6 -7.6 -0.0703605 -0.0512122
-1.6 -7.2 -0.0842205 0.0104892
-1.6 -6.8 -0.0530207 0.0629238
-1.6 -6.4 0.00303968 0.0791207
-1.6 -6 0.0523347 0.0543623
-1.6 -5.6 0.0707239 0.0064368
-1.6 -5.2 0.0541635 -0.0372526
-1.6 -4.8 0.0179271 -0.0567867
-1.6 -4.4 -0.0158782 -0.0500616
-1.6 -4 -0.033475 -0.0303366
-1.6 -3.6 -0.0369447 -0.0136329
-1.6 -3.2 -0.0392903 -0.00532919
-1.6 -2.8 -0.0508424 0.00424947
-1.6 -2.4 -0.0669806 0.0316119
-1.6 -2 -0.0667024 0.0844259
-1.6 -1.6 -0.0246188 0.149304
-1.6 -1.2 0.0702272 0.192697
-1.6 -0.8 0.200824 0.176703
-1.6 -0.4 0.324058 0.0818798
-1.6 0 0.389402 -0.0764034
-1.6 0.4 0.365519 -0.24907
-1.6 0.8 0.260129 -0.373443
-1.6 1.2 0.121215 -0.402733
-1.6 1.6 0.017282 -0.329417
-1.6 2 0.00577182 -0.19034
-1.6 2.4 0.105445 -0.0512393
-1.6 2.8 0.286905 0.0216285
-1.6 3.2 0.485735 -0.0104765
-1.6 3.6 0.630339 -0.143484
-1.6 4 0.669543 -0.333606
-1.6 4.4 0.587373 -0.515679
-1.6 4.8 0.401227 -0.628107
-1.6 5.2 0.1489 -0.635469
-1.6 5.6 -0.125127 -0.542346
-1.6 6 -0.376707 -0.393773
-1.6 6.4 -0.564197 -0.259335
-1.6 6.8 -0.652367 -0.203314
-1.6 7.2 -0.618849 -0.252638
-1.6 7.6 -0.459821 -0.38015
-1.6 8 -0.195687 -0.514942
-1.6 8.4 0.124511 -0.5757
-1.6 8.8 0.428408 -0.50933
-1.6 9.2 0.63991 -0.315451
-1.6 9.6 0.705932 -0.0461087
-1.6 10 0.616977 0.217388
-1.6 10.4 0.411069 0.398349
-1.6 10.8 0.158829 0.453815
-1.6 11.2 -0.063543 0.387235
-1.6 11.6 -0.20125 0.241349
-1.6 12 -0.23662 0.0767703
-1.6 12.4 -0.18845 -0.0528896
-1.6 12.8 -0.0977086 -0.118617
-1.6 13.2 -0.00779669 -0.120496
-1.6 13.6 0.0514928 -0.0800172
-1.6 14 0.0706638 -0.0261657
-1.6 14.4 0.0575096 0.0174075
-1.6 14.8 0.0283922 0.0391507
-1.6 15.2 -0.000798412 0.0394001
-1.6 15.6 -0.0201263 0.0256815
-1.6 16 -0.0265977 0.00721269
-1.6 16.4 -0.0221719 -0.00873391
-1.6 16.8 -0.0111062 -0.0179936
-1.6 17.2 0.00185836 -0.0191669
-1.6 17.6 0.0123442 -0.0130482
-1.6 18 0.0169358 -0.00234771
-1.6 18.4 0.0140707 0.00868985
-1.6 18.8 0.00495553 0.0154115
-1.6 19.2 -0.00636567 0.0146613
-1.6 19.6 -0.0144457 0.00658644
-1.2 -20 -0.0890247 0.0307072
-1.2 -19.6 -0.0406886 0.0854202
-1.2 -19.2 0.0325393 0.0893182
-1.2 -18.8 0.0869008 0.0396183
-1.2 -18.4 0.0896058 -0.0343118
-1.2 -18 0.0385916 -0.0883319
-1.2 -17.6 -0.0360116 -0.0898909
-1.2 -17.2 -0.0897059 -0.037621
-1.2 -16.8 -0.0901772 0.0376233
-1.2 -16.4 -0.0367213 0.0910132
-1.2 -16 0.0391277 0.0904683
-1.2 -15.6 0.0922416 0.0359098
-1.2 -15.2 0.0907676 -0.0405016
-1.2 -14.8 0.0352071 -0.093375
-1.2 -14.4 -0.0417162 -0.091078
-1.2 -14 -0.0943923 -0.0346378
-1.2 -13.6 -0.0914014 0.0427353
-1.2 -13.2 -0.0342313 0.0952655
-1.2 -12.8 0.0435131 0.0917376
-1.2 -12.4 0.0959568 0.034023
-1.2 -12 0.0920831 -0.0439909
-1.2 -11.6 0.0340561 -0.0964148
-1.2 -11.2 -0.0440922 -0.0924287
-1.2 -10.8 -0.0965679 -0.0343827
-1.2 -10.4 -0.0927552 0.0437167
-1.2 -10 -0.0350663 0.0963154
-1.2 -9.6 0.0427298 0.0930265
-1.2 -9.2 0.0955126 0.0361829
-1.2 -8.8 0.0931775 -0.040949
-1.2 -8.4 0.0378221 -0.0939463
-1.2 -8 -0.0381228 -0.0930913
-1.2 -7.6 -0.0912959 -0.0400831
-1.2 -7.2 -0.0925572 0.0338999
-1.2 -6.8 -0.043059 0.0870654
-1.2 -6.4 0.0277857 0.0911884
-1.2 -6 0.0804664 0.0467906
-1.2 -5.6 0.0882568 -0.0190888
-1.2 -5.2 0.0511338 -0.070214
-1.2 -4.8 -0.00688678 -0.0823493
-1.2 -4.4 -0.054183 -0.0553989
-1.2 -4 -0.0706441 -0.00985401
-1.2 -3.6 -0.057364 0.028915
-1.2 -3.2 -0.0314659 0.0474284
-1.2 -2.8 -0.0105903 0.0506369
-1.2 -2.4 0.00160202 0.0541527
-1.2 -2 0.018334 0.0679984
-1.2 -1.6 0.0583905 0.083824
-1.2 -1.2 0.12797 0.07572
-1.2 -0.8 0.208626 0.0159045
-1.2 -0.4 0.261304 -0.1038
-1.2 0 0.246547 -0.258937
-1.2 0.4 0.149998 -0.398302
-1.2 0.8 -0.00246009 -0.468181
-1.2 1.2 -0.15082 -0.442082
-1.2 1.6 -0.227316 -0.337799
-1.2 2 -0.190423 -0.211332
-1.2 2.4 -0.0486682 -0.131669
-1.2 2.8 0.140088 -0.14904
-1.2 3.2 0.295439 -0.271321
-1.2 3.6 0.352399 -0.459886
-1.2 4 0.288809 -0.646065
-1.2 4.4 0.128865 -0.758193
-1.2 4.8 -0.0760114 -0.745995
-1.2 5.2 -0.276611 -0.595255
-1.2 5.6 -0.446774 -0.333716
-1.2 6 -0.581154 -0.0298864
-1.2 6.4 -0.678062 0.22081
-1.2 6.8 -0.730898 0.328076
-1.2 7.2 -0.729169 0.247804
-1.2 7.6 -0.655139 0.00847482
-1.2 8 -0.489689 -0.297963
-1.2 8.4 -0.236054 -0.556723
-1.2 8.8 0.0644427 -0.677764
-1.2 9.2 0.342712 -0.627914
-1.2 9.6 0.529564 -0.436591
-1.2 10 0.583805 -0.176707
-1.2 10.4 0.507386 0.067525
-1.2 10.8 0.341727 0.231462
-1.2 11.2 0.14856 0.288473
-1.2 11.6 -0.014499 0.251141
-1.2 12 -0.112553 0.157977
-1.2 12.4 -0.139681 0.0538517
-1.2 12.8 -0.113069 -0.0267949
-1.2 13.2 -0.0604277 -0.0681473
-1.2 13.6 -0.00755339 -0.0719585
-1.2 14 0.0291421 -0.050679
-1.2 14.4 0.0440536 -0.0195632
-1.2 14.8 0.0397026 0.00880618
-1.2 15.2 0.0228996 0.0266835
-1.2 15.6 0.00174888 0.0311079
-1.2 16 -0.0161649 0.023165
-1.2 16.4 -0.025098 0.00727051
-1.2 16.8 -0.0225183 -0.009854
-1.2 17.2 -0.0101772 -0.0211101
-1.2 17.6 0.00609828 -0.0217414
-1.2 18 0.0185558 -0.0116965
-1.2 18.4 0.0210828 0.00390433
-1.2 18.8 0.0124592 0.0169802
-1.2 19.2 -0.00267817 0.0205923
-1.2 19.6 -0.0160622 0.0127956
-0.8 -20 -0.0888183 0.0391036
-0.8 -19.6 -0.034426 0.091305
-0.8 -19.2 0.0413294 0.08899
-0.8 -18.8 0.0929883 0.03298
-0.8 -18.4 0.089155 -0.0435272
-0.8 -18 0.0315537 -0.0946459
-0.8 -17.6 -0.0456883 -0.0893184
-0.8 -17.2 -0.0962748 -0.0301577
-0.8 -16.8 -0.089486 0.0478022
-0.8 -16.4 -0.0288045 0.0978714
-0.8 -16 0.0498563 0.0896644
-0.8 -15.6 0.0994305 0.0275091
-0.8 -15.2 0.0898609 -0.0518347
-0.8 -14.8 0.0262897 -0.100945
-0.8 -14.4 -0.0537174 -0.0900842
-0.8 -14 -0.102406 -0.0251684
-0.8 -13.6 -0.0903438 0.0554793
-0.8 -13.2 -0.0241728 0.1038
-0.8 -12.8 0.0570877 0.0906504
-0.8 -12.4 0.105109 0.023337
-0.8 -12 0.0910161 -0.0585005
-0.8 -11.6 0.0227041 -0.106308
-0.8 -11.2 -0.0596616 -0.0914536
-0.8 -10.8 -0.107359 -0.0223291
-0.8 -10.4 -0.0919761 0.0604958
-0.8 -10 -0.0222834 0.10821
-0.8 -9.6 0.0609001 0.0925957
-0.8 -9.2 0.108783 0.0226603
-0.8 -8.8 0.0933203 -0.0607306
-0.8 -8.4 0.0235837 -0.108959
-0.8 -8 -0.0597812 -0.0941471
-0.8 -7.6 -0.108552 -0.0252202
-0.8 -7.2 -0.0950478 0.0577498
-0.8 -6.8 -0.0277955 0.107266
-0.8 -6.4 0.0541804 0.095937
-0.8 -6 0.104602 0.0316126
-0.8 -5.6 0.0965979 -0.0483648
-0.8 -5.2 0.0370626 -0.0996916
-0.8 -4.8 -0.0391758 -0.0965057
-0.8 -4.4 -0.090945 -0.0445793
-0.8 -4 -0.094381 0.0247991
-0.8 -3.6 -0.0543507 0.0753224
-0.8 -3.2 0.00242438 0.0870195
-0.8 -2.8 0.0468699 0.0650808
-0.8 -2.4 0.0661966 0.0313796
-0.8 -2 0.0692396 0.00542902
-0.8 -1.6 0.0752765 -0.0115071
-0.8 -1.2 0.0945351 -0.0375868
-0.8 -0.8 0.114742 -0.09531
-0.8 -0.4 0.104644 -0.190123
-0.8 0 0.034237 -0.297988
-0.8 0.4 -0.10058 -0.372765
-0.8 0.8 -0.265827 -0.372435
-0.8 1.2 -0.400096 -0.289743
-0.8 1.6 -0.444046 -0.16333
-0.8 2 -0.373436 -0.059075
-0.8 2.4 -0.219178 -0.0381944
-0.8 2.8 -0.0590731 -0.127534
-0.8 3.2 0.0213992 -0.303267
-0.8 3.6 -0.0234957 -0.499115
-0.8 4 -0.17625 -0.636596
-0.8 4.4 -0.368081 -0.658022
-0.8 4.8 -0.515221 -0.542148
-0.8 5.2 -0.565313 -0.29986
-0.8 5.6 -0.529684 0.0347454
-0.8 6 -0.465531 0.400252
-0.8 6.4 -0.419931 0.703054
-0.8 6.8 -0.413623 0.840787
-0.8 7.2 -0.461069 0.751179
-0.8 7.6 -0.538756 0.45577
-0.8 8 -0.572377 0.0527664
-0.8 8.4 -0.500157 -0.332961
-0.8 8.8 -0.318687 -0.598573
-0.8 9.2 -0.0757535 -0.693341
-0.8 9.6 0.158008 -0.6254
-0.8 10 0.320131 -0.446237
-0.8 10.4 0.379193 -0.225968
-0.8 10.8 0.3412 -0.0290223
-0.8 11.2 0.239728 0.103454
-0.8 11.6 0.117993 0.15954
-0.8 12 0.0124752 0.151347
-0.8 12.4 -0.0559636 0.103769
-0.8 12.8 -0.0827457 0.0432054
-0.8 13.2 -0.0750076 -0.009778
-0.8 13.6 -0.0457491 -0.0431025
-0.8 14 -0.00925707 -0.0527683
-0.8 14.4 0.0217731 -0.0414063
-0.8 14.8 0.0382576 -0.016728
-0.8 15.2 0.0365148 0.0104564
-0.8 15.6 0.0193856 0.0292699
-0.8 16 -0.00447426 0.0325753
-0.8 16.4 -0.0238129 0.0200513
-0.8 16.8 -0.029703 -0.00136399
-0.8 17.2 -0.0199046 -0.020547
-0.8 17.6 -0.000166118 -0.0276871
-0.8 18 0.0186369 -0.0194407
-0.8 18.4 0.0262915 -0.000805339
-0.8 18.8 0.0188663 0.0175705
-0.8 19.2 0.000930509 0.0253259
-0.8 19.6 -0.0170333 0.0182643
-0.4 -20 -0.0883139 0.0464648
-0.4 -19.6 -0.0286912 0.0962243
-0.4 -19.2 0.0490421 0.0883394
-0.4 -18.8 0.0980602 0.026881
-0.4 -18.4 0.0883514 -0.0516202
-0.4 -18 0.0250639 -0.0998875
-0.4 -17.6 -0.0541948 -0.0883552
-0.4 -17.2 -0.101707 -0.0232474
-0.4 -16.8 -0.0883569 0.0567604
-0.4 -16.4 -0.0214404 0.103518
-0.4 -16 0.0593103 0.0883637
-0.4 -15.6 0.105322 0.0196539
-0.4 -15.2 0.0883841 -0.0618359
-0.4 -14.8 0.0179013 -0.107119
-0.4 -14.4 -0.0643264 -0.0884285
-0.4 -14 -0.108907 -0.0161993
-0.4 -13.6 -0.0885091 0.0667675
-0.4 -13.2 -0.014569 0.110684
-0.4 -12.8 0.0691407 0.0886409
-0.4 -12.4 0.112448 0.013037
-0.4 -12 0.088842 -0.0714214
-0.4 -11.6 0.0116377 -0.114192
-0.4 -11.2 -0.0735764 -0.0891347
-0.4 -10.8 -0.115907 -0.0104162
-0.4 -10.4 -0.0895468 0.0755601
-0.4 -10 -0.00943249 0.117576
-0.4 -9.6 0.0773088 0.0901133
-0.4 -9.2 0.119173 0.0087679
-0.4 -8.8 0.0908781 -0.0787316
-0.4 -8.4 0.00853517 -0.120656
-0.4 -8 -0.0796951 -0.0918974
-0.4 -7.6 -0.121954 -0.00889433
-0.4 -7.2 -0.0932423 0.0799984
-0.4 -6.8 -0.0100787 0.122948
-0.4 -6.4 0.0793267 0.0950009
-0.4 -6 0.123421 0.0124381
-0.4 -5.6 0.0972732 -0.0771675
-0.4 -5.2 0.0165128 -0.122972
-0.4 -4.8 -0.0726448 -0.100142
-0.4 -4.4 -0.120803 -0.0231561
-0.4 -4 -0.103548 0.0641801
-0.4 -3.6 -0.0337159 0.115205
-0.4 -3.2 0.0487782 0.106844
-0.4 -2.8 0.102212 0.0501425
-0.4 -2.4 0.107081 -0.020597
-0.4 -2 0.0739052 -0.0719622
-0.4 -1.6 0.0307123 -0.0925128
-0.4 -1.2 -0.000485981 -0.0968598
-0.4 -0.8 -0.0215184 -0.110379
-0.4 -0.4 -0.0570987 -0.145487
-0.4 0 -0.134607 -0.186418
-0.4 0.4 -0.258111 -0.194299
-0.4 0.8 -0.395976 -0.132644
-0.4 1.2 -0.493345 -0.0052695
-0.4 1.6 -0.503358 0.130861
-0.4 2 -0.413048 0.209342
-0.4 2.4 -0.263423 0.185746
-0.4 2.8 -0.144184 0.0559389
-0.4 3.2 -0.142482 -0.131265
-0.4 3.6 -0.28 -0.291661
-0.4 4 -0.49677 -0.351207
-0.4 4.4 -0.686841 -0.286891
-0.4 4.8 -0.740176 -0.12584
-0.4 5.2 -0.596508 0.0906755
-0.4 5.6 -0.313884 0.348455
-0.4 6 -0.0448528 0.64186
-0.4 6.4 0.126057 0.912772
-0.4 6.8 0.20948 1.06202
-0.4 7.2 0.12474 0.996401
-0.4 7.6 -0.138258 0.726838
-0.4 8 -0.413316 0.352174
-0.4 8.4 -0.567034 -0.0235226
-0.4 8.8 -0.567176 -0.319163
-0.4 9.2 -0.438585 -0.490895
-0.4 9.6 -0.239938 -0.537419
-0.4 10 -0.039136 -0.480902
-0.4 10.4 0.11244 -0.357589
-0.4 10.8 0.192039 -0.209317
-0.4 11.2 0.202403 -0.0719863
-0.4 11.6 0.161752 0.0307451
-0.4 12 0.0940614 0.0883389
-0.4 12.4 0.022532 0.101364
-0.4 12.8 -0.034036 0.078823
-0.4 13.2 -0.063533 0.0356394
-0.4 13.6 -0.0624168 -0.0103247
-0.4 14 -0.0365916 -0.042491
-0.4 14.4 0.000167209 -0.0505789
-0.4 14.8 0.0309964 -0.0343992
-0.4 15.2 0.0427385 -0.00401964
-0.4 15.6 0.031747 0.0246978
-0.4 16 0.00550809 0.0376301
-0.4 16.4 -0.0212499 0.0293527
-0.4 16.8 -0.0342782 0.00574334
-0.4 17.2 -0.0273396 -0.0194001
-0.4 17.6 -0.00538619 -0.0320406
-0.4 18 0.0184664 -0.0256656
-0.4 18.4 0.0305111 -0.00474897
-0.4 18.8 0.0242567 0.0180677
-0.4 19.2 0.00398334 0.0294342
-0.4 19.6 -0.0179851 0.0230446
0 -20 -0.0877896 0.0527248
0 -19.6 -0.0237374 0.100335
0 -19.2 0.0556074 0.0876692
0 -18.8 0.102289 0.021596
0 -18.4 0.0875255 -0.0585164
0 -18 0.0194213 -0.104246
0 -17.6 -0.0614508 -0.087363
0 -17.2 -0.10621 -0.0172174
0 -16.8 -0.0871871 0.0644099
0 -16.4 -0.0149892 0.108183
0 -16 0.0673921 0.0870043
0 -15.6 0.11017 0.012743
0 -15.2 0.0868223 -0.0703954
0 -14.8 0.0104866 -0.112174
0 -14.4 -0.073417 -0.0866506
0 -14 -0.114202 -0.00822985
0 -13.6 -0.086501 0.0764528
0 -13.2 -0.00598538 0.116258
0 -12.8 0.0794967 0.0863878
0 -12.4 0.118348 0.00376968
0 -12 0.0863293 -0.0825404
0 -11.6 0.00160442 -0.120481
0 -11.2 -0.0855714 -0.0863484
0 -10.8 -0.122664 0.000481405
0 -10.4 -0.0864749 0.0885718
0 -10 0.00244834 0.124905
0 -9.6 0.0915151 0.086748
0 -9.2 0.127215 -0.00424157
0 -8.8 0.08722 -0.0943617
0 -8.4 -0.00578319 -0.129601
0 -8 -0.0970508 -0.0879631
0 -7.6 -0.13207 0.00695938
0 -7.2 -0.0890786 0.0994872
0 -6.8 0.00759852 0.134623
0 -6.4 0.101516 0.0907141
0 -6 0.137245 -0.00743172
0 -5.6 0.0930904 -0.102875
0 -5.2 -0.00601858 -0.139883
0 -4.8 -0.103091 -0.0965483
0 -4.4 -0.14238 0.00259891
0 -4 -0.101624 0.101258
0 -3.6 -0.00422002 0.144292
0 -3.2 0.0954708 0.109143
0 -2.8 0.144282 0.0171493
0 -2.4 0.120121 -0.0813075
0 -2 0.0416398 -0.137882
0 -1.6 -0.0474281 -0.133825
0 -1.2 -0.108392 -0.0869258
0 -0.8 -0.132273 -0.034249
0 -0.4 -0.142645 -0.00325342
0 0 -0.174426 0.00840503
0 0.4 -0.241705 0.0344364
0 0.8 -0.324277 0.117105
0 1.2 -0.370541 0.274462
0 1.6 -0.356232 0.400906
0 2 -0.264344 0.448237
0 2.4 -0.12047 0.401698
0 2.8 -0.0252046 0.262801
0 3.2 -0.0806287 0.0950592
0 3.6 -0.289172 -0.00725486
0 4 -0.538892 0.027805
0 4.4 -0.717821 0.168993
0 4.8 -0.713504 0.322705
0 5.2 -0.410518 0.393396
0 5.6 0.11803 0.406377
0 6 0.518628 0.509312
0 6.4 0.64008 0.673529
0 6.8 0.887131 0.862619
0 7.2 0.833929 0.834283
0 7.6 0.337529 0.646731
0 8 -0.127951 0.43665
0 8.4 -0.435591 0.222283
0 8.8 -0.592436 0.0350305
0 9.2 -0.599743 -0.105577
0 9.6 -0.49128 -0.218292
0 10 -0.325714 -0.284677
0 10.4 -0.15392 -0.29359
0 10.8 -0.0091892 -0.250817
0 11.2 0.0888305 -0.170658
0 11.6 0.131443 -0.0745175
0 12 0.12133 0.0129881
0 12.4 0.0729194 0.0702789
0 12.8 0.00971518 0.0856265
0 13.2 -0.0424813 0.0617642
0 13.6 -0.0646753 0.0153522
0 14 -0.0520676 -0.0296728
0 14.4 -0.0156328 -0.0525312
0 14.8 0.0236192 -0.0449128
0 15.2 0.0452811 -0.0142874
0 15.6 0.0397409 0.0207509
0 16 0.0125375 0.0407757
0 16.4 -0.0194564 0.0359313
0 16.8 -0.0378525 0.010782
0 17.2 -0.0330323 -0.0189693
0 17.6 -0.00913953 -0.0358688
0 18 0.018907 -0.030743
0 18.4 0.0344581 -0.00763234
0 18.8 0.0288666 0.0190703
0 19.2 0.00625121 0.0334051
0 19.6 -0.0193515 0.0272747
0.4 -20 -0.0874899 0.0578427
0.4 -19.6 -0.0197741 0.103789
0.4 -19.2 0.0609841 0.0872461
0.4 -18.8 0.105843 0.0173516
0.4 -18.4 0.0869689 -0.0641734
0.4 -18 0.014872 -0.107908
0.4 -17.6 -0.067413 -0.086662
0.4 -17.2 -0.109991 -0.0123363
0.4 -16.8 -0.0863294 0.0707056
0.4 -16.4 -0.00974554 0.112096
0.4 -16 0.0740545 0.0859763
0.4 -15.6 0.11423 0.00710141
0.4 -15.2 0.0856088 -0.0774629
0.4 -14.8 0.00440615 -0.116399
0.4 -14.4 -0.0809349 -0.0852345
0.4 -14 -0.118613 -0.00166289
0.4 -13.6 -0.0848628 0.0844746
0.4 -13.2 0.00112407 0.120882
0.4 -12.8 0.0880865 0.0845055
0.4 -12.4 0.123219 -0.00394871
0.4 -12 0.0841775 -0.0917756
0.4 -11.6 -0.00680261 -0.125639
0.4 -11.2 -0.0955468 -0.083898
0.4 -10.8 -0.128162 0.00967384
0.4 -10.4 -0.0836917 0.0994049
0.4 -10 0.0125453 0.13081
0.4 -9.6 0.103354 0.0835921
0.4 -9.2 0.133614 -0.0153921
0.4 -8.8 0.0836439 -0.107396
0.4 -8.4 -0.0181775 -0.136611
0.4 -8 -0.111531 -0.0839103
0.4 -7.6 -0.139853 0.0208454
0.4 -7.2 -0.0844817 0.115749
0.4 -6.8 0.0233081 0.143405
0.4 -6.4 0.12003 0.0854932
0.4 -6 0.147365 -0.0254231
0.4 -5.6 0.087156 -0.124322
0.4 -5.2 -0.0269471 -0.151868
0.4 -4.8 -0.128513 -0.0898174
0.4 -4.4 -0.157118 0.0274392
0.4 -4 -0.0940867 0.13235
0.4 -3.6 0.0260356 0.163425
0.4 -3.2 0.135211 0.101115
0.4 -2.8 0.171224 -0.0208653
0.4 -2.4 0.113261 -0.135377
0.4 -2 -0.00732052 -0.18082
0.4 -1.6 -0.127175 -0.135666
0.4 -1.2 -0.189474 -0.0277105
0.4 -0.8 -0.176949 0.0872825
0.4 -0.4 -0.119047 0.16324
0.4 0 -0.0690225 0.189346
0.4 0.4 -0.0774999 0.147731
0.4 0.8 -0.112504 0.222352
0.4 1.2 -0.0646026 0.437455
0.4 1.6 -0.0700396 0.502389
0.4 2 -0.0174309 0.498639
0.4 2.4 0.137052 0.46996
0.4 2.8 0.253567 0.328816
0.4 3.2 0.19388 0.209837
0.4 3.6 -0.098841 0.130151
0.4 4 -0.31725 0.287105
0.4 4.4 -0.457539 0.515105
0.4 4.8 -0.561342 0.659263
0.4 5.2 -0.229666 0.562037
0.4 5.6 0.612414 0.0671335
0.4 6 1.14875 0.0263005
0.4 6.4 0.616671 0.0209547
0.4 7.6 0.371555 0.116036
0.4 8 0.110931 0.281586
0.4 8.4 -0.177966 0.303689
0.4 8.8 -0.396547 0.312655
0.4 9.2 -0.50656 0.342503
0.4 9.6 -0.493611 0.184644
0.4 10 -0.417329 0.030908
0.4 10.4 -0.300666 -0.0990814
0.4 10.8 -0.161379 -0.174882
0.4 11.2 -0.0271996 -0.180691
0.4 11.6 0.0705649 -0.126394
0.4 12 0.110849 -0.0415871
0.4 12.4 0.0927634 0.0365263
0.4 12.8 0.0366191 0.0779522
0.4 13.2 -0.0248961 0.0718664
0.4 13.6 -0.0615279 0.0299622
0.4 14 -0.0590005 -0.0208068
0.4 14.4 -0.0243732 -0.0525857
0.4 14.8 0.0195032 -0.0506745
0.4 15.2 0.0472972 -0.0199767
0.4 15.6 0.0449573 0.0193007
0.4 16 0.0165024 0.0439234
0.4 16.4 -0.019546 0.0407987
0.4 16.8 -0.0416156 0.0136926
0.4 17.2 -0.0376106 -0.0199683
0.4 17.6 -0.0113572 -0.0399325
0.4 18 0.0204497 -0.0350506
0.4 18.4 0.0386314 -0.00936436
0.4 18.8 0.0329121 0.0209381
0.4 19.2 0.00762351 0.0375724
0.4 19.6 -0.0214104 0.0310655
0.8 -20 -0.0876192 0.0617875
0.8 -19.6 -0.016974 0.106715
0.8 -19.2 0.0651416 0.0872932
0.8 -18.8 0.108865 0.0143342
0.8 -18.4 0.0869264 -0.0685616
0.8 -18 0.0116182 -0.111034
0.8 -17.6 -0.0720525 -0.0865212
0.8 -17.2 -0.11323 -0.00882394
0.8 -16.8 -0.0860808 0.07562
0.8 -16.4 -0.00594958 0.115459
0.8 -16 0.0792709 0.085609
0.8 -15.6 0.117728 0.00299287
0.8 -15.2 0.0851103 -0.0830132
0.8 -14.8 -4.86164e-05 -0.120048
0.8 -14.4 -0.086856 -0.0845905
0.8 -14 -0.122431 0.00317749
0.8 -13.6 -0.0840565 0.0908102
0.8 -13.2 0.00639654 0.124889
0.8 -12.8 0.0948887 0.0835173
0.8 -12.4 0.127441 -0.00970868
0.8 -12 0.0829841 -0.0991069
0.8 -11.6 -0.0131169 -0.130106
0.8 -11.2 -0.103483 -0.082471
0.8 -10.8 -0.132911 0.0166239
0.8 -10.4 -0.0819967 0.10804
0.8 -10 0.0202321 0.135889
0.8 -9.6 0.112804 0.0815857
0.8 -9.2 0.139079 -0.0239428
0.8 -8.8 0.081271 -0.117809
0.8 -8.4 -0.0277553 -0.142538
0.8 -8 -0.123098 -0.0810983
0.8 -7.6 -0.146336 0.0316651
0.8 -7.2 -0.0811328 0.128726
0.8 -6.8 0.0356604 0.150574
0.8 -6.4 0.134762 0.0814705
0.8 -6 0.155393 -0.0397155
0.8 -5.6 0.08226 -0.141304
0.8 -5.2 -0.0437761 -0.161007
0.8 -4.8 -0.148482 -0.0837445
0.8 -4.4 -0.167751 0.0477273
0.8 -4 -0.0863526 0.156486
0.8 -3.6 0.0513116 0.176201
0.8 -3.2 0.16558 0.0909149
0.8 -2.8 0.187435 -0.0538939
0.8 -2.4 0.0992661 -0.176114
0.8 -2 -0.0536452 -0.203739
0.8 -1.6 -0.188184 -0.116289
0.8 -1.2 -0.230732 0.0437772
0.8 -0.8 -0.159048 0.19743
0.8 -0.4 -0.0137597 0.279815
0.8 0 0.126985 0.284615
0.8 0.4 0.242218 0.338927
0.8 1.2 -0.931975 -0.684644
0.8 2 0.0947179 0.259342
0.8 2.4 0.189859 0.197271
0.8 2.8 0.48677 0.111346
0.8 3.6 0.110735 -0.0174699
0.8 4 -0.155509 0.159108
0.8 4.4 -0.300898 0.429986
0.8 4.8 -0.573556 0.695204
0.8 6 2.22505 -0.392188
0.8 6.8 -3.64059 -2.14757
0.8 7.6 0.0992239 -0.352689
0.8 8 0.358025 0.116007
0.8 8.8 -0.0457825 0.361229
0.8 9.2 -0.184558 0.490338
0.8 9.6 -0.248246 0.466957
0.8 10 -0.291536 0.311159
0.8 10.4 -0.287568 0.103449
0.8 10.8 -0.211771 -0.0598392
0.8 11.2 -0.092392 -0.138174
0.8 11.6 0.0217548 -0.13021
0.8 12 0.0889846 -0.0637608
0.8 12.4 0.092529 0.0166851
0.8 12.8 0.0457208 0.069339
0.8 13.2 -0.0171959 0.0730282
0.8 13.6 -0.0597429 0.034476
0.8 14 -0.0615624 -0.0185751
0.8 14.4 -0.0270143 -0.0542544
0.8 14.8 0.0199015 -0.0540761
0.8 15.2 0.0507021 -0.0217287
0.8 15.6 0.0487612 0.0210193
0.8 16 0.0177621 0.0481692
0.8 16.4 -0.0219378 0.0447278
0.8 16.8 -0.0462224 0.0146366
0.8 17.2 -0.0415008 -0.022696
0.8 17.6 -0.0120727 -0.0446374
0.8 18 0.0233304 -0.0388091
0.8 18.4 0.0432895 -0.00989924
0.8 18.8 0.036489 0.0238697
0.8 19.2 0.00800729 0.0421046
0.8 19.6 -0.0243348 0.0344371
1.2 -20 -0.0883363 0.0645248
1.2 -19.6 -0.015479 0.109207
1.2 -19.2 0.0680457 0.0879849
1.2 -18.8 0.11146 0.0126973
1.2 -18.4 0.0875894 -0.0716469
1.2 -18 0.00982596 -0.113742
1.2 -17.6 -0.0753355 -0.0871521
1.2 -17.2 -0.11606 -0.00686129
1.2 -16.8 -0.0866753 0.0791197
1.2 -16.4 -0.00379904 0.118422
1.2 -16 0.083009 0.0861624
1.2 -15.6 0.120838 0.000634329
1.2 -15.2 0.0856172 -0.0870147
1.2 -14.8 -0.00263854 -0.123319
1.2 -14.4 -0.0911503 -0.0850443
1.2 -14 -0.12588 0.00602621
1.2 -13.6 -0.0844497 0.0954318
1.2 -13.2 0.00953645 0.128538
1.2 -12.8 0.0998782 0.0838406
1.2 -12.4 0.131312 -0.0131784
1.2 -12 0.083226 -0.104513
1.2 -11.6 -0.0169631 -0.13423
1.2 -11.2 -0.109364 -0.0826175
1.2 -10.8 -0.137321 0.0209035
1.2 -10.4 -0.0820295 0.114467
1.2 -10 0.0250155 0.140626
1.2 -9.6 0.119866 0.0814812
1.2 -9.2 0.144194 -0.0293187
1.2 -8.8 0.0809975 -0.125615
1.2 -8.4 -0.0338374 -0.148091
1.2 -8 -0.131788 -0.0806115
1.2 -7.6 -0.152403 0.0386027
1.2 -7.2 -0.0803691 0.138479
1.2 -6.8 0.0436549 0.157246
1.2 -6.4 0.14582 0.0803346
1.2 -6 0.162783 -0.0490482
1.2 -5.6 0.0806016 -0.153992
1.2 -5.2 -0.0548576 -0.169253
1.2 -4.8 -0.163267 -0.0813131
1.2 -4.4 -0.177019 0.0611912
1.2 -4 -0.0827003 0.174062
1.2 -3.6 0.0682124 0.186672
1.2 -3.2 0.187074 0.0851706
1.2 -2.8 0.199269 -0.07618
1.2 -2.4 0.0895355 -0.203579
1.2 -2 -0.0855085 -0.216956
1.2 -1.6 -0.226256 -0.0977673
1.2 -1.2 -0.245148 0.0966927
1.2 -0.8 -0.116939 0.262079
1.2 -0.4 0.105211 0.306046
1.2 0 0.321224 0.234261
1.2 0.4 0.549571 0.435573
1.2 1.2 -0.251625 -0.554187
1.2 1.6 -0.413654 -0.569977
1.2 2 -0.18116 -0.0927835
1.2 2.8 0.0529613 -0.389339
1.2 3.6 0.250649 -0.249577
1.2 4 0.0203044 -0.104431
1.2 4.8 -0.844316 -0.201965
1.2 6.4 0.244388 0.165068
1.2 7.6 1.34039 0.5009
1.2 8 0.726081 0.160779
1.2 8.4 0.432495 0.052133
1.2 8.8 0.332488 0.191167
1.2 9.2 0.209216 0.370759
1.2 9.6 0.155147 0.605662
1.2 10 -0.0387206 0.445362
1.2 10.4 -0.173636 0.193515
1.2 10.8 -0.175539 0.00995249
1.2 11.2 -0.0955661 -0.0938895
1.2 11.6 0.00596434 -0.110263
1.2 12 0.0752564 -0.059358
1.2 12.4 0.0847838 0.0150972
1.2 12.8 0.0418647 0.0672383
1.2 13.2 -0.0200728 0.0712661
1.2 13.6 -0.0624063 0.0317249
1.2 14 -0.0626791 -0.0229495
1.2 14.4 -0.0250755 -0.0589235
1.2 14.8 0.0247181 -0.0565621
1.2 15.2 0.0561612 -0.02031
1.2 15.6 0.0518563 0.0258677
1.2 16 0.0166607 0.0538484
1.2 16.4 -0.0266542 0.0480367
1.2 16.8 -0.051846 0.0137218
1.2 17.2 -0.0448141 -0.027218
1.2 17.6 -0.0112619 -0.0500725
1.2 18 0.0276402 -0.0420161
1.2 18.4 0.0484753 -0.00914054
1.2 18.8 0.0395333 0.0279685
1.2 19.2 0.00726836 0.047018
1.2 19.6 -0.0282325 0.0372924
1.6 -20 -0.0897508 0.0660062
1.6 -19.6 -0.0154054 0.11131
1.6 -19.2 0.0696459 0.0894419
1.6 -18.8 0.113683 0.012567
1.6 -18.4 0.0890918 -0.0733768
1.6 -18 0.00963289 -0.116094
1.6 -17.6 -0.0772074 -0.0887029
1.6 -17.2 -0.118552 -0.00659852
1.6 -16.8 -0.0882781 0.0811475
1.6 -16.4 -0.00345864 0.121068
1.6 -16 0.0852088 0.0878212
1.6 -15.6 0.123653 0.00020715
1.6 -15.2 0.0873366 -0.0894051
1.6 -14.8 -0.00316311 -0.126321
1.6 -14.4 -0.0937527 -0.0868296
1.6 -14 -0.129089 0.00666054
1.6 -13.6 -0.0863069 0.0982712
1.6 -13.2 0.0102951 0.131977
1.6 -12.8 0.102984 0.0857767
1.6 -12.4 0.135011 -0.0140787
1.6 -12 0.085249 -0.10792
1.6 -11.6 -0.0180258 -0.13822
1.6 -11.2 -0.113114 -0.0847365
1.6 -10.8 -0.141642 0.0221537
1.6 -10.4 -0.0842553 0.11861
1.6 -10 0.0264842 0.145324
1.6 -9.6 0.124461 0.0838256
1.6 -9.2 0.149326 -0.0310444
1.6 -8.8 0.0834737 -0.130738
1.6 -8.4 -0.0358691 -0.153726
1.6 -8 -0.137532 -0.0832338
1.6 -7.6 -0.158623 0.0410038
1.6 -7.2 -0.0831512 0.14496
1.6 -6.8 0.0465099 0.164154
1.6 -6.4 0.153188 0.0832863
1.6 -6 0.170504 -0.0524735
1.6 -5.6 0.0837217 -0.162443
1.6 -5.2 -0.0590206 -0.177936
1.6 -4.8 -0.173058 -0.0845706
1.6 -4.4 -0.186834 0.0663473
1.6 -4 -0.0859891 0.185547
1.6 -3.6 0.0747839 0.197785
1.6 -3.2 0.200746 0.0881844
1.6 -2.8 0.211731 -0.0849517
1.6 -2.4 0.0913799 -0.220153
1.6 -2 -0.0982294 -0.230264
1.6 -1.6 -0.246841 -0.0954516
1.6 -1.2 -0.256053 0.118698
1.6 -0.8 -0.0964986 0.289012
1.6 -0.4 0.169562 0.290197
1.6 0 0.410983 -0.00892878
1.6 0.4 0.425159 -0.24091
1.6 0.8 -0.0351463 -1.00449
1.6 1.2 0.0532689 -0.668318
1.6 1.6 0.143641 -0.308894
1.6 2 -0.198597 -0.237265
1.6 2.4 -1.36126 -0.32596
1.6 2.8 -0.0626823 -0.394645
1.6 3.2 0.332166 -0.338997
1.6 4 0.237215 -0.226909
1.6 4.4 -0.110532 -0.395212
1.6 4.8 -0.594521 -0.845691
1.6 6 0.67194 0.988426
1.6 6.4 0.683661 0.436781
1.6 7.6 0.255875 -0.0365067
1.6 8 0.629554 -0.120292
1.6 8.4 0.533385 -0.185133
1.6 8.8 0.568758 -0.124137
1.6 9.2 0.342149 -0.119903
1.6 9.6 0.856944 1.16754
1.6 10 0.0679978 0.212525
1.6 10.4 -0.0759515 0.110727
1.6 10.8 -0.108021 0.00116614
1.6 11.2 -0.0592476 -0.0762229
1.6 11.6 0.019826 -0.0877936
1.6 12 0.0752941 -0.0404
1.6 12.4 0.076974 0.0277727
1.6 12.8 0.0304706 0.0726095
1.6 13.2 -0.0311367 0.0693356
1.6 13.6 -0.0694479 0.0241518
1.6 14 -0.063352 -0.0326224
1.6 14.4 -0.0196332 -0.0663193
1.6 14.8 0.0332616 -0.0584185
1.6 15.2 0.0633961 -0.0161417
1.6 15.6 0.0542214 0.0334983
1.6 16 0.0132947 0.0607207
1.6 16.4 -0.0335392 0.050571
1.6 16.8 -0.0582871 0.0108821
1.6 17.2 -0.047342 -0.033486
1.6 17.6 -0.00877915 -0.0560724
1.6 18 0.0333902 -0.0444464
1.6 18.4 0.0540499 -0.00690688
1.6 18.8 0.0418202 0.0332782
1.6 19.2 0.00521291 0.0521938
1.6 19.6 -0.0331631 0.0394153
2 -20 -0.0919182 0.0661624
2 -19.6 -0.0168456 0.113017
2 -19.2 0.0698678 0.0917268
2 -18.8 0.115524 0.0140449
2 -18.4 0.0915038 -0.073671
2 -18 0.0111507 -0.118082
2 -17.6 -0.0775813 -0.091253
2 -17.2 -0.120702 -0.00815902
2 -16.8 -0.0909789 0.0816096
2 -16.4 -0.005065 0.123395
2 -16 0.0857686 0.0906871
2 -15.6 0.126175 0.00186315
2 -15.2 0.0903842 -0.0900733
2 -14.8 -0.00145296 -0.129059
2 -14.4 -0.0945417 -0.0900782
2 -14 -0.132067 0.00489079
2 -13.6 -0.0897793 0.0991952
2 -13.2 0.00845912 0.135224
2 -12.8 0.104059 0.0894995
2 -12.4 0.138559 -0.0121683
2 -12 0.0892541 -0.109165
2 -11.6 -0.0160307 -0.142108
2 -11.2 -0.114552 -0.0890621
2 -10.8 -0.145917 0.020061
2 -10.4 -0.0889478 0.120265
2 -10 0.0242773 0.150042
2 -9.6 0.126364 0.0889418
2 -9.2 0.154555 -0.0287016
2 -8.8 0.0890841 -0.132925
2 -8.4 -0.0333617 -0.159547
2 -8 -0.140043 -0.0894271
2 -7.6 -0.165141 0.038293
2 -7.2 -0.0900406 0.147846
2 -6.8 0.0435422 0.171496
2 -6.4 0.156504 0.0910189
2 -6 0.178833 -0.0491732
2 -5.6 0.0924915 -0.166255
2 -5.2 -0.055278 -0.18746
2 -4.8 -0.177441 -0.094639
2 -4.4 -0.197823 0.0619993
2 -4 -0.0977148 0.190574
2 -3.6 0.0695825 0.210587
2 -3.2 0.206481 0.102066
2 -2.8 0.226802 -0.0785173
2 -2.4 0.108115 -0.22664
2 -2 -0.0900163 -0.24822
2 -1.6 -0.254232 -0.116038
2 -1.2 -0.27832 0.108128
2 -0.8 -0.124236 0.299477
2 -0.4 0.150075 0.332416
2 0 0.410733 0.158204
2 0.4 0.513007 -0.151983
2 0.8 0.447187 -0.454127
2 1.2 0.372733 -0.484596
2 1.6 0.244847 -0.349335
2 2 -0.0545536 -0.267212
2 2.4 -0.246391 -0.231558
2 2.8 0.0509749 -0.19361
2 3.2 0.443227 -0.0891845
2 3.6 0.683309 0.0722945
2 4 0.482053 -0.0915319
2 4.4 0.13174 -0.364399
2 4.8 -0.183953 -0.631133
2 5.2 -0.183563 -0.555653
2 5.6 0.0163022 -0.0290616
2 6 0.369065 0.205377
2 6.4 0.603443 -0.0667401
2 6.8 0.0464003 -0.992584
2 7.2 -1.38303 -1.70083
2 7.6 -0.111593 -0.804072
2 8 0.637962 -0.433673
2 8.4 0.827272 -0.343248
2 8.8 0.756804 -0.388738
2 9.2 0.430934 -0.412595
2 9.6 -0.0109783 -0.566905
2 10 0.0184367 -0.141117
2 10.4 -0.0299218 -0.0149225
2 10.8 -0.0523981 -0.0411129
2 11.2 -0.0147109 -0.0783422
2 11.6 0.0469021 -0.0701589
2 12 0.0839417 -0.0164602
2 12.4 0.0702672 0.0478765
2 12.8 0.0149567 0.0823396
2 13.2 -0.047193 0.0669784
2 13.6 -0.0789282 0.0130013
2 14 -0.062982 -0.0459838
2 14.4 -0.0110589 -0.0751673
2 14.8 0.0446843 -0.0590034
2 15.2 0.0715256 -0.00922035
2 15.6 0.0552573 0.0434559
2 16 0.00749797 0.0681489
2 16.4 -0.0423504 0.0517953
2 16.8 -0.0650662 0.00588535
2 17.2 -0.0486125 -0.0413761
2 17.6 -0.00437199 -0.0622638
2 18 0.0405243 -0.0456851
2 18.4 0.0597139 -0.00294737
2 18.8 0.0429845 0.0397808
2 19.2 0.00160198 0.0573856
2 19.6 -0.0391305 0.040483
2.4 -20 -0.0948349 0.0648995
2.4 -19.6 -0.0198671 0.114255
2.4 -19.2 0.0686086 0.0948377
2.4 -18.8 0.116908 0.0172063
2.4 -18.4 0.0948258 -0.0724169
2.4 -18 0.014464 -0.119626
2.4 -17.6 -0.0763335 -0.0948053
2.4 -17.2 -0.122421 -0.0116377
2.4 -16.8 -0.0947835 0.0803693
2.4 -16.4 -0.00872505 0.125307
2.4 -16 0.0845368 0.0947692
2.4 -15.6 0.128299 0.00572303
2.4 -15.2 0.0947731 -0.0888509
2.4 -14.8 0.00262858 -0.131419
2.4 -14.4 -0.0933293 -0.0948081
2.4 -14 -0.134689 0.000561693
2.4 -13.6 -0.0948901 0.0979927
2.4 -13.2 0.00385141 0.138138
2.4 -12.8 0.102866 0.0950388
2.4 -12.4 0.141801 -0.00724441
2.4 -12 0.0952786 -0.107979
2.4 -11.6 -0.0107446 -0.14572
2.4 -11.2 -0.113369 -0.0956403
2.4 -10.8 -0.149949 0.0143558
2.4 -10.4 -0.096163 0.119079
2.4 -10 0.0180814 0.154553
2.4 -9.6 0.125164 0.0968973
2.4 -9.2 0.159617 -0.0219238
2.4 -8.8 0.0979093 -0.131694
2.4 -8.4 -0.0258838 -0.165249
2.4 -8 -0.138753 -0.0992866
2.4 -7.6 -0.171589 0.0299588
2.4 -7.2 -0.101148 0.146455
2.4 -6.8 0.0341403 0.178827
2.4 -6.4 0.154945 0.103657
2.4 -6 0.18722 -0.0384105
2.4 -5.6 0.107047 -0.16442
2.4 -5.2 -0.0427351 -0.197127
2.4 -4.8 -0.175153 -0.111655
2.4 -4.4 -0.209073 0.0470533
2.4 -4 -0.117991 0.187542
2.4 -3.6 0.0512635 0.223858
2.4 -3.2 0.202216 0.126864
2.4 -2.8 0.242803 -0.0552118
2.4 -2.4 0.139664 -0.220312
2.4 -2 -0.0586973 -0.268462
2.4 -1.6 -0.244429 -0.15936
2.4 -1.2 -0.307566 0.0610694
2.4 -0.8 -0.197036 0.281577
2.4 -0.4 0.0485766 0.385126
2.4 0 0.319722 0.31699
2.4 0.4 0.500447 0.118923
2.4 0.8 0.544425 -0.0880178
2.4 1.2 0.476054 -0.182523
2.4 1.6 0.317916 -0.162342
2.4 2 0.126078 -0.0967664
2.4 2.4 0.053446 -0.0217745
2.4 2.8 0.197334 0.0598488
2.4 3.2 0.430003 0.142221
2.4 3.6 0.553577 0.171391
2.4 4 0.462641 0.0691345
2.4 4.4 0.248142 -0.109438
2.4 4.8 0.086409 -0.229102
2.4 5.2 0.114652 -0.164199
2.4 5.6 0.304744 0.0190019
2.4 6 0.530801 0.0476219
2.4 6.4 0.578934 -0.236066
2.4 6.8 0.266345 -0.732211
2.4 7.2 -0.00550898 -0.966099
2.4 7.6 0.350707 -0.667781
2.4 8 0.837261 -0.264087
2.4 8.4 1.04926 -0.0185818
2.4 8.8 0.959152 0.0617048
2.4 9.2 0.643723 0.0207184
2.4 9.6 0.291312 -0.0440412
2.4 10 0.0820318 -0.0215599
2.4 10.4 -0.0144911 -0.0203117
2.4 10.8 -0.0284387 -0.0595846
2.4 11.2 0.0158538 -0.0824409
2.4 11.6 0.0715561 -0.0564199
2.4 12 0.0931556 0.00714774
2.4 12.4 0.062587 0.0693153
2.4 12.8 -0.00315279 0.0921149
2.4 13.2 -0.0653396 0.0623939
2.4 13.6 -0.0882166 -0.00138803
2.4 14 -0.0601167 -0.0614796
2.4 14.4 0.000739147 -0.0837181
2.4 14.8 0.0580882 -0.0571478
2.4 15.2 0.0793124 0.000705376
2.4 15.6 0.054013 0.0551928
2.4 16 -0.00103166 0.0752159
2.4 16.4 -0.0527394 0.0509255
2.4 16.8 -0.0714784 -0.00157533
2.4 17.2 -0.0479708 -0.0506588
2.4 17.6 0.00225145 -0.0680884
2.4 18 0.0488864 -0.0451786
2.4 18.4 0.0650138 0.00300729
2.4 18.8 0.0425531 0.0473671
2.4 19.2 -0.00380907 0.0622173
2.4 19.6 -0.0460553 0.0400873
2.8 -20 -0.0984316 0.0621005
2.8 -19.6 -0.0245063 0.114887
2.8 -19.2 0.0657391 0.0987012
2.8 -18.8 0.117685 0.0220942
2.8 -18.4 0.0989797 -0.0694709
2.8 -18 0.0196228 -0.120561
2.8 -17.6 -0.0733042 -0.0992764
2.8 -17.2 -0.123529 -0.0170931
2.8 -16.8 -0.0996026 0.0772482
2.8 -16.4 -0.0145068 0.126605
2.8 -16 0.0813138 0.0999715
2.8 -15.6 0.129806 0.0118658
2.8 -15.2 0.100399 -0.0855136
2.8 -14.8 0.00917333 -0.133155
2.8 -14.4 -0.0898622 -0.100906
2.8 -14 -0.136679 -0.00643345
2.8 -13.6 -0.101515 0.0943766
2.8 -13.2 -0.00365206 0.14041
2.8 -12.8 0.0990768 0.102256
2.8 -12.4 0.144385 0.000837368
2.8 -12 0.103167 -0.103986
2.8 -11.6 -0.00199913 -0.148654
2.8 -11.2 -0.109132 -0.104295
2.8 -10.8 -0.153273 0.00484124
2.8 -10.4 -0.105698 0.114547
2.8 -10 0.00766595 0.158316
2.8 -9.6 0.120269 0.107454
2.8 -9.2 0.163874 -0.0104403
2.8 -8.8 0.109663 -0.126343
2.8 -8.4 -0.0131164 -0.170064
2.8 -8 -0.132822 -0.112462
2.8 -7.6 -0.177037 0.015624
2.8 -7.2 -0.116032 0.139767
2.8 -6.8 0.0178573 0.184993
2.8 -6.4 0.14725 0.12063
2.8 -6 0.1942 -0.0196545
2.8 -5.6 0.12662 -0.15535
2.8 -5.2 -0.0207601 -0.205029
2.8 -4.8 -0.164149 -0.134546
2.8 -4.4 -0.218013 0.0207561
2.8 -4 -0.145253 0.173722
2.8 -3.6 0.0189219 0.23396
2.8 -3.2 0.184109 0.160155
2.8 -2.8 0.254218 -0.0139021
2.8 -2.4 0.181942 -0.195214
2.8 -2 -0.00266175 -0.281392
2.8 -1.6 -0.206143 -0.216921
2.8 -1.2 -0.321063 -0.0242614
2.8 -0.8 -0.28356 0.20814
2.8 -0.4 -0.106882 0.374875
2.8 0 0.128392 0.412049
2.8 0.4 0.321883 0.330647
2.8 0.8 0.407014 0.204103
2.8 1.2 0.372174 0.11364
2.8 1.6 0.251602 0.0929941
2.8 2 0.120426 0.128892
2.8 2.4 0.0717294 0.195256
2.8 2.8 0.142123 0.268593
2.8 3.2 0.26412 0.322344
2.8 3.6 0.326625 0.323216
2.8 4 0.276066 0.256762
2.8 4.4 0.164996 0.164157
2.8 4.8 0.105171 0.11961
2.8 5.2 0.17534 0.160616
2.8 5.6 0.35505 0.224472
2.8 6 0.537257 0.184376
2.8 6.4 0.59512 -0.0130615
2.8 6.8 0.506792 -0.255277
2.8 7.2 0.45517 -0.316983
2.8 7.6 0.604744 -0.102907
2.8 8 0.82869 0.232066
2.8 8.4 0.918338 0.489358
2.8 8.8 0.79699 0.575908
2.8 9.2 0.519377 0.499695
2.8 9.6 0.218271 0.337443
2.8 10 0.0121429 0.170992
2.8 10.4 -0.0664139 0.0312053
2.8 10.8 -0.0441186 -0.0623839
2.8 11.2 0.0268637 -0.0878298
2.8 11.6 0.0881277 -0.0466676
2.8 12 0.0985961 0.0279684
2.8 12.4 0.0521191 0.0882914
2.8 12.8 -0.0230978 0.0984861
2.8 13.2 -0.0832244 0.0537504
2.8 13.6 -0.0947772 -0.0188912
2.8 14 -0.0531936 -0.0775856
2.8 14.4 0.0158833 -0.0900822
2.8 14.8 0.0724376 -0.0515596
2.8 15.2 0.0853136 0.0138522
2.8 15.6 0.0494219 0.0679764
2.8 16 -0.0125395 0.0807934
2.8 16.4 -0.0641697 0.0470753
2.8 16.8 -0.0766219 -0.0117446
2.8 17.2 -0.044674 -0.0609291
2.8 17.6 0.0113223 -0.0728119
2.8 18 0.0581622 -0.0422984
2.8 18.4 0.0693418 0.0111696
2.8 18.8 0.0399895 0.0557868
2.8 19.2 -0.0112127 0.0661785
2.8 19.6 -0.053734 0.0377667
3.2 -20 -0.102565 0.0576316
3.2 -19.6 -0.0307587 0.114708
3.2 -19.2 0.0611096 0.103163
3.2 -18.8 0.11763 0.0287072
3.2 -18.4 0.103799 -0.064666
3.2 -18 0.0266295 -0.12064
3.2 -17.6 -0.0683063 -0.104486
3.2 -17.2 -0.123753 -0.0245318
3.2 -16.8 -0.105239 0.0720364
3.2 -16.4 -0.0224216 0.126985
3.2 -16 0.0758631 0.106077
3.2 -15.6 0.130356 0.0203085
3.2 -15.2 0.107024 -0.0797939
3.2 -14.8 0.0182044 -0.133888
3.2 -14.4 -0.0838371 -0.108105
3.2 -14 -0.13761 -0.0161246
3.2 -13.6 -0.109356 0.0880013
3.2 -13.2 -0.0140889 0.141554
3.2 -12.8 0.092296 0.110816
3.2 -12.4 0.145759 0.012123
3.2 -12 0.112536 -0.0967307
3.2 -11.6 0.0102606 -0.150273
3.2 -11.2 -0.101315 -0.114582
3.2 -10.8 -0.155151 -0.0085467
3.2 -10.4 -0.117035 0.106055
3.2 -10 -0.00704204 0.160464
3.2 -9.6 0.110957 0.119998
3.2 -9.2 0.166298 0.0058297
3.2 -8.8 0.123609 -0.116018
3.2 -8.4 0.00502543 -0.172759
3.2 -8 -0.121225 -0.128049
3.2 -7.6 -0.179978 -0.00479356
3.2 -7.2 -0.133562 0.126543
3.2 -6.8 -0.00537273 0.188122
3.2 -6.4 0.131898 0.140484
3.2 -6 0.197399 0.00711883
3.2 -5.6 0.149293 -0.137144
3.2 -5.2 0.0105807 -0.208072
3.2 -4.8 -0.142002 -0.160687
3.2 -4.4 -0.220475 -0.0166426
3.2 -4 -0.17574 0.145924
3.2 -3.6 -0.0268197 0.235017
3.2 -3.2 0.147771 0.196213
3.2 -2.8 0.252145 0.0439674
3.2 -2.4 0.225279 -0.144886
3.2 -2 0.0742904 -0.271865
3.2 -1.6 -0.129571 -0.268991
3.2 -1.2 -0.289502 -0.133387
3.2 -0.8 -0.334269 0.0743944
3.2 -0.4 -0.253309 0.266151
3.2 0 -0.0971364 0.374248
3.2 0.4 0.0547382 0.383793
3.2 0.8 0.136739 0.33073
3.2 1.2 0.1259 0.270042
3.2 1.6 0.0470717 0.240184
3.2 2 -0.041307 0.250004
3.2 2.4 -0.0803495 0.287133
3.2 2.8 -0.0529329 0.330081
3.2 3.2 0.00143094 0.356224
3.2 3.6 0.0225105 0.350429
3.2 4 -0.0137958 0.318042
3.2 4.4 -0.0696841 0.28982
3.2 4.8 -0.0743198 0.300901
3.2 5.2 0.0172238 0.353626
3.2 5.6 0.182966 0.400371
3.2 6 0.344198 0.378998
3.2 6.4 0.422883 0.282398
3.2 6.8 0.412281 0.192185
3.2 7.2 0.389477 0.224227
3.2 7.6 0.419031 0.415582
3.2 8 0.464532 0.677193
3.2 8.4 0.439622 0.869147
3.2 8.8 0.304812 0.897739
3.2 9.2 0.0992074 0.754995
3.2 9.6 -0.0901248 0.504739
3.2 10 -0.187456 0.236758
3.2 10.4 -0.172077 0.023728
3.2 10.8 -0.0779494 -0.0928173
3.2 11.2 0.0331181 -0.105209
3.2 11.6 0.102661 -0.0411147
3.2 12 0.101064 0.0467152
3.2 12.4 0.0383995 0.103925
3.2 12.8 -0.0443591 0.0997446
3.2 13.2 -0.0990981 0.0400012
3.2 13.6 -0.0965991 -0.0391012
3.2 14 -0.0410625 -0.0927145
3.2 14.4 0.0341514 -0.0924462
3.2 14.8 0.0864415 -0.0411606
3.2 15.2 0.087993 0.0301266
3.2 15.6 0.0405259 0.0807795
3.2 16 -0.0270106 0.0836005
3.2 16.4 -0.0758223 0.0394106
3.2 16.8 -0.0794294 -0.0246523
3.2 17.2 -0.0380005 -0.0715276
3.2 17.6 0.0228945 -0.0755399
3.2 18 0.0678139 -0.0364209
3.2 18.4 0.0719428 0.0216046
3.2 18.8 0.0347538 0.0645956
3.2 19.2 -0.0206778 0.0686262
3.2 19.6 -0.0617946 0.0330517
3.6 -20 -0.107013 0.0513532
3.6 -19.6 -0.0385639 0.11345
3.6 -19.2 0.0545641 0.107982
3.6 -18.8 0.116446 0.0369831
3.6 -18.4 0.109019 -0.057827
3.6 -18 0.0354197 -0.119535
3.6 -17.6 -0.0611427 -0.110143
3.6 -17.2 -0.122728 -0.0338866
3.6 -16.8 -0.111373 0.0645119
3.6 -16.4 -0.0323989 0.126043
3.6 -16 0.0679342 0.112734
3.6 -15.6 0.129497 0.0309758
3.6 -15.2 0.114253 -0.0714085
3.6 -14.8 0.0296407 -0.133111
3.6 -14.4 -0.0749324 -0.115966
3.6 -14 -0.13691 -0.0284231
3.6 -13.6 -0.117915 0.0785009
3.6 -13.2 -0.0273603 0.140921
3.6 -12.8 0.0821058 0.12015
3.6 -12.4 0.145178 0.0264996
3.6 -12 0.122735 -0.0857338
3.6 -11.6 0.0259026 -0.149718
3.6 -11.2 -0.0893643 -0.125748
3.6 -10.8 -0.154584 -0.0256492
3.6 -10.4 -0.129287 0.092965
3.6 -10 -0.0258455 0.159828
3.6 -9.6 0.0964867 0.133476
3.6 -9.2 0.165503 0.026634
3.6 -8.8 0.138473 -0.0998532
3.6 -8.4 0.0282087 -0.171672
3.6 -8 -0.102947 -0.144484
3.6 -7.6 -0.178395 -0.0308398
3.6 -7.2 -0.151778 0.105583
3.6 -6.8 -0.0349103 0.185726
3.6 -6.4 0.107466 0.160712
3.6 -6 0.193693 0.0409783
3.6 -5.6 0.171765 -0.108114
3.6 -5.2 0.049881 -0.202249
3.6 -4.8 -0.106712 -0.185593
3.6 -4.4 -0.211173 -0.062925
3.6 -4 -0.203096 0.101808
3.6 -3.6 -0.0822565 0.219808
3.6 -3.2 0.090631 0.225483
3.6 -2.8 0.226285 0.111627
3.6 -2.4 0.254051 -0.0673211
3.6 -2 0.157852 -0.224854
3.6 -1.6 -0.0181646 -0.287585
3.6 -1.2 -0.19587 -0.230902
3.6 -0.8 -0.305225 -0.0865001
3.6 -0.4 -0.318259 0.0800478
3.6 0 -0.257297 0.20646
3.6 0.4 -0.17575 0.263306
3.6 0.8 -0.125489 0.260294
3.6 1.2 -0.130133 0.229822
3.6 1.6 -0.176942 0.202851
3.6 2 -0.229353 0.193756
3.6 2.4 -0.2536 0.199435
3.6 2.8 -0.24384 0.207353
3.6 3.2 -0.225814 0.20592
3.6 3.6 -0.232652 0.193672
3.6 4 -0.27181 0.18387
3.6 4.4 -0.312538 0.19894
3.6 4.8 -0.306744 0.253064
3.6 5.2 -0.227841 0.334053
3.6 5.6 -0.0964984 0.403967
3.6 6 0.0286183 0.427335
3.6 6.4 0.0909324 0.408274
3.6 6.8 0.0769485 0.399388
3.6 7.2 0.0195853 0.462917
3.6 7.6 -0.0436528 0.611078
3.6 8 -0.108696 0.783028
3.6 8.4 -0.193634 0.882637
3.6 8.8 -0.300619 0.84053
3.6 9.2 -0.397888 0.652683
3.6 9.6 -0.436256 0.377987
3.6 10 -0.383379 0.104747
3.6 10.4 -0.24827 -0.0897447
3.6 10.8 -0.0790512 -0.166129
3.6 11.2 0.0613252 -0.131593
3.6 11.6 0.125333 -0.032204
3.6 12 0.102135 0.0685359
3.6 12.4 0.0205613 0.117709
3.6 12.8 -0.0670545 0.0954064
3.6 13.2 -0.111828 0.0207621
3.6 13.6 -0.0922854 -0.0612593
3.6 14 -0.0231949 -0.105208
3.6 14.4 0.0547865 -0.0892219
3.6 14.8 0.0985097 -0.0253266
3.6 15.2 0.0858431 0.0489276
3.6 15.6 0.0266824 0.0922218
3.6 16 -0.0439959 0.0822922
3.6 16.4 -0.0865359 0.0273146
3.6 16.8 -0.0787297 -0.0399686
3.6 17.2 -0.0273802 -0.0814848
3.6 17.6 0.0367259 -0.0752612
3.6 18 0.0770311 -0.0270294
3.6 18.4 0.071945 0.0341337
3.6 18.8 0.0263823 0.0731119
3.6 19.2 -0.0320706 0.0688072
3.6 19.6 -0.0696592 0.0255287
4 -20 -0.111464 0.0431389
4 -19.6 -0.0477874 0.110787
4 -19.2 0.04596 0.112817
4 -18.8 0.113777 0.0467775
4 -18.4 0.114268 -0.0487935
4 -18 0.0458377 -0.11685
4 -17.6 -0.0516333 -0.115839
4 -17.2 -0.120017 -0.044988
4 -16.8 -0.117552 0.0544717
4 -16.4 -0.044253 0.12329
4 -16 0.0572985 0.119436
4 -15.6 0.126682 0.0436624
4 -15.2 0.121523 -0.0601001
4 -14.8 0.0432526 -0.130207
4 -14.4 -0.0628581 -0.123852
4 -14 -0.133881 -0.0430689
4 -13.6 -0.126471 0.0655482
4 -13.2 -0.0431677 0.137719
4 -12.8 0.0681371 0.129435
4 -12.4 0.141738 0.0436199
4 -12 0.132813 -0.0705794
4 -11.6 0.0445158 -0.145953
4 -11.2 -0.0728126 -0.136686
4 -10.8 -0.150376 -0.0459714
4 -10.4 -0.141153 0.0747498
4 -10 -0.0481374 0.155011
4 -9.6 0.0762681 0.146337
4 -9.2 0.159849 0.051212
4 -8.8 0.152386 -0.0771927
4 -8.4 0.0554594 -0.164859
4 -8 -0.0772692 -0.159477
4 -7.6 -0.169959 -0.0612367
4 -7.2 -0.167827 0.0761222
4 -6.8 -0.0690336 0.174991
4 -6.4 0.0731844 0.177685
4 -6 0.179641 0.0795338
4 -5.6 0.18932 -0.0675759
4 -5.2 0.0937067 -0.18331
4 -4.8 -0.0578859 -0.202962
4 -4.4 -0.18483 -0.112947
4 -4 -0.218627 0.041759
4 -3.6 -0.139256 0.181822
4 -3.2 0.0150741 0.235519
4 -2.8 0.169116 0.175285
4 -2.4 0.249994 0.0295937
4 -2 0.222872 -0.134722
4 -1.6 0.1043 -0.248271
4 -1.2 -0.0518918 -0.272608
4 -0.8 -0.185877 -0.214049
4 -0.4 -0.261632 -0.11292
4 0 -0.279414 -0.0175395
4 0.4 -0.266725 0.0404475
4 0.8 -0.256245 0.0560718
4 1.2 -0.265376 0.0440979
4 1.6 -0.289024 0.0235457
4 2 -0.308419 0.00524787
4 2.4 -0.309206 -0.0110694
4 2.8 -0.295664 -0.0311236
4 3.2 -0.289248 -0.0570699
4 3.6 -0.310853 -0.0809779
4 4 -0.36035 -0.0853293
4 4.4 -0.411197 -0.0521884
4 4.8 -0.426918 0.0228322
4 5.2 -0.388448 0.12181
4 5.6 -0.311615 0.211124
4 6 -0.240324 0.263391
4 6.4 -0.219132 0.279585
4 6.8 -0.265547 0.290622
4 7.2 -0.363778 0.3318
4 7.6 -0.482412 0.408537
4 8 -0.594969 0.48364
4 8.4 -0.683457 0.49897
4 8.8 -0.729239 0.414636
4 9.2 -0.709326 0.236995
4 9.6 -0.606715 0.0185131
4 10 -0.427078 -0.167703
4 10.4 -0.206858 -0.262205
4 10.8 -0.00372478 -0.244457
4 11.2 0.12693 -0.139172
4 11.6 0.156777 -0.00320194
4 12 0.0974943 0.10053
4 12.4 -0.00494289 0.130696
4 12.8 -0.0921105 0.0844225
4 13.2 -0.120481 -0.00441923
4 13.6 -0.0807478 -0.084396
4 14 0.000388016 -0.113336
4 14.4 0.0764775 -0.0791182
4 14.8 0.106794 -0.00402274
4 15.2 0.0775283 0.0690518
4 15.6 0.00774372 0.100594
4 16 -0.0624952 0.0755958
4 16.4 -0.0948115 0.0105596
4 16.8 -0.0733596 -0.056889
4 17.2 -0.0125423 -0.0895131
4 17.6 0.0521745 -0.0709358
4 18 0.0847151 -0.0138373
4 18.4 0.0684279 0.0482428
4 18.8 0.0145898 0.0803985
4 19.2 -0.044977 0.0659106
4 19.6 -0.0765259 0.0149237
4.4 -20 -0.115516 0.0328991
4.4 -19.6 -0.0581993 0.106356
4.4 -19.2 0.0351965 0.117228
4.4 -18.8 0.109219 0.0578401
4.4 -18.4 0.119062 -0.037452
4.4 -18 0.0576087 -0.11214
4.4 -17.6 -0.0396508 -0.121038
4.4 -17.2 -0.115124 -0.057533
4.4 -16.8 -0.123182 0.0417744
4.4 -16.4 -0.0576464 0.118176
4.4 -16 0.0437991 0.125521
4.4 -15.6 0.121297 0.0579895
4.4 -15.2 0.12809 -0.0456951
4.4 -14.8 0.0586111 -0.12449
4.4 -14.4 -0.0474243 -0.130926
4.4 -14 -0.127752 -0.0595712
4.4 -13.6 -0.134073 0.0489371
4.4 -13.2 -0.0609433 0.131078
4.4 -12.8 0.0501689 0.137584
4.4 -12.4 0.134454 0.0628186
4.4 -12 0.141515 -0.0510348
4.4 -11.6 0.0653108 -0.137855
4.4 -11.2 -0.0514219 -0.145936
4.4 -10.8 -0.141239 -0.0685628
4.4 -10.4 -0.15092 0.0511779
4.4 -10 -0.0727552 0.144537
4.4 -9.6 0.0500963 0.156549
4.4 -9.2 0.147635 0.0781182
4.4 -8.8 0.162906 -0.0478917
4.4 -8.4 0.0849463 -0.150353
4.4 -8 -0.0441656 -0.170064
4.4 -7.6 -0.152397 -0.0936172
4.4 -7.2 -0.178062 0.0383521
4.4 -6.8 -0.104615 0.153292
4.4 -6.4 0.0296349 0.186854
4.4 -6 0.152253 0.118548
4.4 -5.6 0.196197 -0.0168156
4.4 -5.2 0.136154 -0.147949
4.4 -4.8 0.00189246 -0.205409
4.4 -4.4 -0.138068 -0.158217
4.4 -4 -0.212798 -0.0291683
4.4 -3.6 -0.185175 0.118447
4.4 -3.2 -0.0688922 0.214261
4.4 -2.8 0.0814254 0.21562
4.4 -2.4 0.199773 0.125574
4.4 -2 0.240887 -0.013693
4.4 -1.6 0.198092 -0.1459
4.4 -1.2 0.099509 -0.228913
4.4 -0.8 -0.0121572 -0.251097
4.4 -0.4 -0.102815 -0.229256
4.4 0 -0.1601 -0.1928
4.4 0.4 -0.191207 -0.165709
4.4 0.8 -0.210083 -0.156873
4.4 1.2 -0.224269 -0.162219
4.4 1.6 -0.230377 -0.174001
4.4 2 -0.220394 -0.189137
4.4 2.4 -0.193223 -0.210894
4.4 2.8 -0.161761 -0.243705
4.4 3.2 -0.148441 -0.285556
4.4 3.6 -0.170792 -0.323821
4.4 4 -0.227243 -0.338586
4.4 4.4 -0.294877 -0.313069
4.4 4.8 -0.342773 -0.245609
4.4 5.2 -0.352737 -0.154743
4.4 5.6 -0.332861 -0.0716329
4.4 6 -0.31378 -0.0225617
4.4 6.4 -0.329802 -0.0131057
4.4 6.8 -0.398045 -0.026676
4.4 7.2 -0.509532 -0.040036
4.4 7.6 -0.635691 -0.0440581
4.4 8 -0.741619 -0.0523706
4.4 8.4 -0.795885 -0.0901039
4.4 8.8 -0.775134 -0.171337
4.4 9.2 -0.668369 -0.282444
4.4 9.6 -0.483445 -0.38349
4.4 10 -0.251755 -0.427143
4.4 10.4 -0.0243313 -0.383716
4.4 10.8 0.143325 -0.258263
4.4 11.2 0.212574 -0.0908202
4.4 11.6 0.17874 0.0602497
4.4 12 0.0744712 0.143909
4.4 12.4 -0.0436437 0.139056
4.4 12.8 -0.119743 0.0633001
4.4 13.2 -0.123133 -0.0364557
4.4 13.6 -0.0606339 -0.107164
4.4 14 0.029258 -0.115119
4.4 14.4 0.0973697 -0.0611187
4.4 14.8 0.109258 0.0221352
4.4 15.2 0.0620345 0.0886798
4.4 15.6 -0.0157971 0.103957
4.4 16 -0.0809099 0.0624899
4.4 16.4 -0.098894 -0.0105286
4.4 16.8 -0.0623288 -0.074068
4.4 17.2 0.00632767 -0.0940649
4.4 17.6 0.0681262 -0.061633
4.4 18 0.0895182 0.00307287
4.4 18.4 0.0605351 0.0630135
4.4 18.8 -0.00061134 0.0852872
4.4 19.2 -0.0586374 0.0591584
4.4 19.6 -0.0813827 0.00120325
4.8 -20 -0.11868 0.0206119
4.8 -19.6 -0.0694529 0.0997773
4.8 -19.2 0.0222486 0.120678
4.8 -18.8 0.102355 0.0697899
4.8 -18.4 0.122807 -0.0237756
4.8 -18 0.0703115 -0.104946
4.8 -17.6 -0.0251674 -0.125085
4.8 -17.2 -0.107543 -0.0710525
4.8 -16.8 -0.127534 0.0263924
4.8 -16.4 -0.0720536 0.110139
4.8 -16 0.0274118 0.130178
4.8 -15.6 0.11272 0.0733634
4.8 -15.2 0.133043 -0.0281768
4.8 -14.8 0.0750399 -0.115268
4.8 -14.4 -0.0286265 -0.136159
4.8 -14 -0.117754 -0.0771526
4.8 -13.6 -0.139555 0.0286836
4.8 -13.2 -0.079785 0.12014
4.8 -12.8 0.0282497 0.143263
4.8 -12.4 0.122368 0.0830379
4.8 -12 0.147313 -0.0271981
4.8 -11.6 0.087033 -0.124356
4.8 -11.2 -0.0253647 -0.15173
4.8 -10.8 -0.125986 -0.0919173
4.8 -10.4 -0.156527 0.0225348
4.8 -10 -0.0978675 0.127086
4.8 -9.6 0.0184251 0.161694
4.8 -9.2 0.127407 0.105094
4.8 -8.8 0.167179 -0.0126594
4.8 -8.4 0.113843 -0.126577
4.8 -8 -0.00473368 -0.172846
4.8 -7.6 -0.124045 -0.124388
4.8 -7.2 -0.178415 -0.00603007
4.8 -6.8 -0.137007 0.118976
4.8 -6.4 -0.0205435 0.183339
4.8 -6 0.11009 0.151911
4.8 -5.6 0.186574 0.0400176
4.8 -5.2 0.169054 -0.0953948
4.8 -4.8 0.0659923 -0.186133
4.8 -4.4 -0.0717678 -0.187673
4.8 -4 -0.178201 -0.100164
4.8 -3.6 -0.205082 0.0343945
4.8 -3.2 -0.143391 0.155417
4.8 -2.8 -0.0234037 0.213629
4.8 -2.4 0.104145 0.191754
4.8 -2 0.193806 0.106799
4.8 -1.6 0.22405 -0.00433126
4.8 -1.2 0.200665 -0.105643
4.8 -0.8 0.146336 -0.177289
4.8 -0.4 0.0851497 -0.218548
4.8 0 0.0318238 -0.240064
4.8 0.4 -0.00943755 -0.252797
4.8 0.8 -0.0387041 -0.261421
4.8 1.2 -0.0535037 -0.265279
4.8 1.6 -0.0476005 -0.264162
4.8 2 -0.0165721 -0.263105
4.8 2.4 0.0343561 -0.271796
4.8 2.8 0.0872786 -0.298518
4.8 3.2 0.117661 -0.342719
4.8 3.6 0.107174 -0.391735
4.8 4 0.0551818 -0.425081
4.8 4.4 -0.0195404 -0.425113
4.8 4.8 -0.0892469 -0.388288
4.8 5.2 -0.133711 -0.329697
4.8 5.6 -0.152102 -0.27683
4.8 6 -0.162433 -0.255403
4.8 6.4 -0.18914 -0.276015
4.8 6.8 -0.247141 -0.330501
4.8 7.2 -0.332229 -0.40004
4.8 7.6 -0.42221 -0.468173
4.8 8 -0.485966 -0.528362
4.8 8.4 -0.494602 -0.58075
4.8 8.8 -0.430884 -0.622068
4.8 9.2 -0.295916 -0.638275
4.8 9.6 -0.112189 -0.607268
4.8 10 0.0792364 -0.511354
4.8 10.4 0.229239 -0.351841
4.8 10.8 0.297252 -0.156116
4.8 11.2 0.267887 0.0285068
4.8 11.6 0.159421 0.152563
4.8 12 0.0185751 0.185792
4.8 12.4 -0.097732 0.131508
4.8 12.8 -0.146185 0.0263078
4.8 13.2 -0.115447 -0.0756729
4.8 13.6 -0.0300594 -0.126974
4.8 14 0.062405 -0.107958
4.8 14.4 0.114919 -0.0344737
4.8 14.8 0.103714 0.051792
4.8 15.2 0.0388261 0.105388
4.8 15.6 -0.042686 0.100299
4.8 16 -0.0970635 0.0424156
4.8 16.4 -0.0969322 -0.034927
4.8 16.8 -0.0450278 -0.0896201
4.8 17.2 0.0284417 -0.0934658
4.8 17.6 0.082978 -0.0467161
4.8 18 0.0899465 0.0231113
4.8 18.4 0.0476306 0.0770932
4.8 18.8 -0.0187873 0.0864566
4.8 19.2 -0.0719127 0.0479352
4.8 19.6 -0.0830655 -0.015317
5.2 -20 -0.120385 0.00635819
5.2 -19.6 -0.0810665 0.0906896
5.2 -19.2 0.00720797 0.122542
5.2 -18.8 0.0927923 0.0820944
5.2 -18.4 0.124816 -0.00786992
5.2 -18 0.0833548 -0.094837
5.2 -17.6 -0.00830694 -0.127219
5.2 -17.2 -0.0968038 -0.0848857
5.2 -16.8 -0.129766 0.00847403
5.2 -16.4 -0.0867312 0.0986667
5.2 -16 0.00831637 0.132467
5.2 -15.6 0.100391 0.0889425
5.2 -15.2 0.135334 -0.00776673
5.2 -14.8 0.0915789 -0.101931
5.2 -14.4 -0.00674219 -0.138374
5.2 -14 -0.103224 -0.0947094
5.2 -13.6 -0.141589 0.00513998
5.2 -13.2 -0.0984134 0.104188
5.2 -12.8 0.00283196 0.144972
5.2 -12.4 0.104712 0.102782
5.2 -12 0.148499 0.000342343
5.2 -11.6 0.107917 -0.104642
5.2 -11.2 0.00458478 -0.152119
5.2 -10.8 -0.103771 -0.113931
5.2 -10.4 -0.155743 -0.0101499
5.2 -10 -0.120941 0.101813
5.2 -9.6 -0.0173589 0.159214
5.2 -9.2 0.0983679 0.129059
5.2 -8.8 0.162269 0.0266152
5.2 -8.4 0.138364 -0.092878
5.2 -8 0.0384205 -0.164472
5.2 -7.6 -0.0845568 -0.148854
5.2 -7.2 -0.165109 -0.0533814
5.2 -6.8 -0.16034 0.0722921
5.2 -6.4 -0.0721883 0.162999
5.2 -6 0.0545151 0.172249
5.2 -5.6 0.15619 0.0955093
5.2 -5.2 0.183192 -0.0290537
5.2 -4.8 0.123653 -0.141441
5.2 -4.4 0.00691869 -0.190113
5.2 -4 -0.113446 -0.155612
5.2 -3.6 -0.18655 -0.0563818
5.2 -3.2 -0.186498 0.0640382
5.2 -2.8 -0.119795 0.159579
5.2 -2.4 -0.0165856 0.201394
5.2 -2 0.0870101 0.185671
5.2 -1.6 0.164911 0.128234
5.2 -1.2 0.207912 0.0518796
5.2 -0.8 0.220497 -0.0250114
5.2 -0.4 0.212596 -0.092884
5.2 0 0.192961 -0.148398
5.2 0.4 0.167859 -0.189274
5.2 0.8 0.143959 -0.211769
5.2 1.2 0.130946 -0.212847
5.2 1.6 0.139909 -0.194906
5.2 2 0.177252 -0.168565
5.2 2.4 0.238089 -0.150194
5.2 2.8 0.304567 -0.154512
5.2 3.2 0.352029 -0.186293
5.2 3.6 0.360668 -0.236488
5.2 4 0.326067 -0.285943
5.2 4.4 0.261869 -0.315498
5.2 4.8 0.192453 -0.317087
5.2 5.2 0.139816 -0.299237
5.2 5.6 0.112612 -0.283317
5.2 6 0.103775 -0.292408
5.2 6.4 0.0975523 -0.339348
5.2 6.8 0.0809309 -0.42088
5.2 7.2 0.0523902 -0.52049
5.2 7.6 0.0234602 -0.616651
5.2 8 0.0131917 -0.690248
5.2 8.4 0.0389353 -0.727099
5.2 8.8 0.107427 -0.71646
5.2 9.2 0.209259 -0.649881
5.2 9.6 0.318803 -0.524008
5.2 10 0.400604 -0.346775
5.2 10.4 0.421344 -0.142393
5.2 10.8 0.363719 0.0502537
5.2 11.2 0.236347 0.187979
5.2 11.6 0.0741527 0.239322
5.2 12 -0.0728194 0.198971
5.2 12.4 -0.158674 0.0927684
5.2 12.8 -0.160921 -0.0306346
5.2 13.2 -0.0905589 -0.119063
5.2 13.6 0.0125093 -0.13873
5.2 14 0.0974196 -0.0884511
5.2 14.4 0.125553 0.00101353
5.2 14.8 0.0879107 0.0826013
5.2 15.2 0.00807413 0.11615
5.2 15.6 -0.070784 0.0877382
5.2 16 -0.108284 0.0155155
5.2 16.4 -0.0872091 -0.0608076
5.2 16.8 -0.0214637 -0.1012
5.2 17.2 0.0522968 -0.0861246
5.2 17.6 0.094694 -0.0260597
5.2 18 0.0845361 0.0450685
5.2 18.4 0.0294893 0.0887288
5.2 18.8 -0.0389745 0.0825736
5.2 19.2 -0.083299 0.0319516
5.2 19.6 -0.0803703 -0.0338721
5.6 -20 -0.120009 -0.00963991
5.6 -19.6 -0.0924114 0.0787983
5.6 -19.2 -0.00967405 0.122137
5.6 -18.8 0.0802133 0.0940577
5.6 -18.4 0.124339 0.00997786
5.6 -18 0.095964 -0.0814748
5.6 -17.6 0.0105989 -0.126616
5.6 -17.2 -0.0825455 -0.0981664
5.6 -16.8 -0.128966 -0.0115938
5.6 -16.4 -0.100705 0.0833778
5.6 -16 -0.0130305 0.131381
5.6 -15.6 0.0839112 0.103625
5.6 -15.2 0.133844 0.0149907
5.6 -14.8 0.106974 -0.0840677
5.6 -14.4 0.0175726 -0.13633
5.6 -14 -0.0837469 -0.110805
5.6 -13.6 -0.138795 -0.0208949
5.6 -13.2 -0.115172 0.0828185
5.6 -12.8 -0.0251007 0.141173
5.6 -12.4 0.0811125 0.120127
5.6 -12 0.143359 0.0303624
5.6 -11.6 0.125715 -0.0784063
5.6 -11.2 0.0368865 -0.145201
5.6 -10.8 -0.0744069 -0.131961
5.6 -10.4 -0.146466 -0.0449171
5.6 -10 -0.13885 0.0687274
5.6 -9.6 -0.0547371 0.146808
5.6 -9.2 0.0608564 0.146296
5.6 -8.8 0.145708 0.0666595
5.6 -8.4 0.154077 -0.0501194
5.6 -8 0.0810009 -0.142392
5.6 -7.6 -0.0356355 -0.161731
5.6 -7.2 -0.135697 -0.098012
5.6 -6.8 -0.168369 0.0162811
5.6 -6.4 -0.117716 0.123883
5.6 -6 -0.00929726 0.172346
5.6 -5.6 0.104377 0.139548
5.6 -5.2 0.170685 0.0425036
5.6 -4.8 0.161571 -0.073502
5.6 -4.4 0.0841156 -0.158131
5.6 -4 -0.0265057 -0.178817
5.6 -3.6 -0.125868 -0.132253
5.6 -3.2 -0.180102 -0.0408962
5.6 -2.8 -0.177111 0.0611079
5.6 -2.4 -0.125797 0.143665
5.6 -2 -0.0466568 0.190341
5.6 -1.6 0.0392605 0.199094
5.6 -1.2 0.117094 0.176861
5.6 -0.8 0.178932 0.133334
5.6 -0.4 0.221104 0.0779613
5.6 0 0.242023 0.0205272
5.6 0.4 0.242846 -0.0274531
5.6 0.8 0.229888 -0.0537499
5.6 1.2 0.215567 -0.0497717
5.6 1.6 0.215237 -0.0159789
5.6 2 0.240281 0.0355946
5.6 2.4 0.291137 0.0845023
5.6 2.8 0.354932 0.110176
5.6 3.2 0.410249 0.101376
5.6 3.6 0.437211 0.0615782
5.6 4 0.427514 0.0069478
5.6 4.4 0.388684 -0.042388
5.6 4.8 0.340076 -0.0731522
5.6 5.2 0.303055 -0.0858188
5.6 5.6 0.291097 -0.0937749
5.6 6 0.305192 -0.115387
5.6 6.4 0.336361 -0.163639
5.6 6.8 0.372792 -0.239014
5.6 7.2 0.406825 -0.328834
5.6 7.6 0.437893 -0.412186
5.6 8 0.470342 -0.466899
5.6 8.4 0.507911 -0.475211
5.6 8.8 0.548024 -0.427088
5.6 9.2 0.578926 -0.322198
5.6 9.6 0.581557 -0.171618
5.6 10 0.536272 0.00131399
5.6 10.4 0.432362 0.163126
5.6 10.8 0.276444 0.27722
5.6 11.2 0.0952113 0.315138
5.6 11.6 -0.0703741 0.268273
5.6 12 -0.178676 0.154299
5.6 12.4 -0.203869 0.0137976
5.6 12.8 -0.147944 -0.103379
5.6 13.2 -0.0418936 -0.15729
5.6 13.6 0.0658058 -0.134358
5.6 14 0.129185 -0.0531356
5.6 14.4 0.124438 0.0441117
5.6 14.8 0.0598775 0.110774
5.6 15.2 -0.0289364 0.117379
5.6 15.6 -0.0969227 0.0648412
5.6 16 -0.111564 -0.0170829
5.6 16.4 -0.0684496 -0.0854748
5.6 16.8 0.00749241 -0.106175
5.6 17.2 0.0756237 -0.0708151
5.6 17.6 0.100954 -0.000274559
5.6 18 0.0720968 0.0670559
5.6 18.4 0.00650001 0.0958808
5.6 18.8 -0.0596135 0.0724975
5.6 19.2 -0.091011 0.0114231
5.6 19.6 -0.0722207 -0.0531789
6 -20 -0.116907 -0.0269823
6 -19.6 -0.102713 0.0639295
6 -19.2 -0.0279452 0.118761
6 -18.8 0.0644426 0.104822
6 -18.4 0.120613 0.0292527
6 -18 0.107186 -0.0646861
6 -17.6 0.0309589 -0.122444
6 -17.2 -0.0646034 -0.109831
6 -16.8 -0.124229 -0.0331271
6 -16.4 -0.112783 0.0641243
6 -16 -0.0358312 0.12593
6 -15.6 0.0631612 0.116068
6 -15.2 0.127496 0.0391573
6 -14.8 0.119707 -0.0616048
6 -14.4 0.0432054 -0.128854
6 -14 -0.0593181 -0.123715
6 -13.6 -0.129901 -0.0480903
6 -13.2 -0.128094 0.0561287
6 -12.8 -0.0539432 0.130494
6 -12.4 0.0518195 0.132822
6 -12 0.130435 0.0609097
6 -11.6 0.137842 -0.0461172
6 -11.2 0.0691459 -0.129447
6 -10.8 -0.0386787 -0.143032
6 -10.4 -0.127143 -0.0788073
6 -10 -0.148175 0.0290763
6 -9.6 -0.0900257 0.122982
6 -9.2 0.0167851 0.152893
6 -8.8 0.116211 0.102862
6 -8.4 0.156553 -0.00117997
6 -8 0.117216 -0.105785
6 -7.6 0.0184386 -0.158123
6 -7.2 -0.0902716 -0.132656
6 -6.8 -0.155928 -0.042747
6 -6.4 -0.148099 0.0677634
6 -6 -0.0721312 0.147306
6 -5.6 0.0358847 0.161214
6 -5.2 0.128143 0.106033
6 -4.8 0.167387 0.00784349
6 -4.4 0.141458 -0.0924661
6 -4 0.0645525 -0.158085
6 -3.6 -0.0329751 -0.169892
6 -3.2 -0.119219 -0.129767
6 -2.8 -0.172131 -0.0546477
6 -2.4 -0.183607 0.0333341
6 -2 -0.156978 0.114942
6 -1.6 -0.101798 0.177292
6 -1.2 -0.0297842 0.213509
6 -0.8 0.0466942 0.22145
6 -0.4 0.114911 0.203704
6 0 0.163127 0.168735
6 0.4 0.183938 0.131057
6 0.8 0.178153 0.108262
6 1.2 0.156285 0.114828
6 1.6 0.135447 0.155262
6 2 0.132176 0.220498
6 2.4 0.15452 0.290313
6 2.8 0.197835 0.341406
6 3.2 0.246979 0.35748
6 3.6 0.284074 0.336258
6 4 0.297735 0.289718
6 4.4 0.288805 0.237458
6 4.8 0.269662 0.196751
6 5.2 0.257877 0.174603
6 5.6 0.267991 0.165815
6 6 0.305748 0.15761
6 6.4 0.367175 0.137823
6 6.8 0.441901 0.102096
6 7.2 0.517988 0.0566366
6 7.6 0.585377 0.0158804
6 8 0.636553 -0.00316025
6 8.4 0.664981 0.0128477
6 8.8 0.663206 0.0686922
6 9.2 0.622604 0.158002
6 9.6 0.535904 0.263145
6 10 0.402015 0.357971
6 10.4 0.231054 0.413709
6 10.8 0.0465855 0.407507
6 11.2 -0.11752 0.331453
6 11.6 -0.226114 0.198461
6 12 -0.255226 0.0413951
6 12.4 -0.202925 -0.0960432
6 12.8 -0.0930885 -0.174471
6 13.2 0.0310941 -0.174321
6 13.6 0.122584 -0.10469
6 14 0.149004 -0.000683334
6 14.4 0.106001 0.0907257
6 14.8 0.0188512 0.13067
6 15.2 -0.0691741 0.105245
6 15.6 -0.116804 0.0311527
6 16 -0.103863 -0.05293
6 16.4 -0.0402268 -0.105385
6 16.8 0.0398674 -0.101917
6 17.2 0.0954265 -0.0470235
6 17.6 0.099406 0.0290888
6 18 0.0520141 0.0865336
6 18.4 -0.020149 0.0964325
6 18.8 -0.0785562 0.0555386
6 19.2 -0.093148 -0.0127599
6 19.6 -0.0578861 -0.0714253
6.4 -20 -0.110472 -0.0450605
6.4 -19.6 -0.111068 0.0460938
6.4 -19.2 -0.0469195 0.111763
6.4 -18.8 0.0455178 0.113393
6.4 -18.4 0.112937 0.0491762
6.4 -18 0.115921 -0.0445454
6.4 -17.6 0.0518846 -0.113951
6.4 -17.2 -0.0431022 -0.118659
6.4 -16.8 -0.114752 -0.0551053
6.4 -16.4 -0.121607 0.0410981
6.4 -16 -0.058906 0.115266
6.4 -15.6 0.0384239 0.124757
6.4 -15.2 0.115397 0.0633608
6.4 -14.8 0.128084 -0.0349469
6.4 -14.4 0.0685492 -0.115018
6.4 -14 -0.0305064 -0.131544
6.4 -13.6 -0.113961 -0.0745535
6.4 -13.2 -0.135056 0.024908
6.4 -12.8 -0.0814526 0.112004
6.4 -12.4 0.0179184 0.138493
6.4 -12 0.108853 0.0893121
6.4 -11.6 0.141652 -0.00926105
6.4 -11.2 0.0981654 -0.104117
6.4 -10.8 0.00138509 -0.144221
6.4 -10.4 -0.0972834 -0.107982
6.4 -10 -0.145727 -0.0143783
6.4 -9.6 -0.118612 0.0876807
6.4 -9.2 -0.0300894 0.145459
6.4 -8.8 0.0744423 0.129695
6.4 -8.4 0.14236 0.04884
6.4 -8 0.140502 -0.0564816
6.4 -7.6 0.0707674 -0.134878
6.4 -7.2 -0.032511 -0.14968
6.4 -6.8 -0.120782 -0.0955446
6.4 -6.4 -0.154836 0.00118939
6.4 -6 -0.121823 0.0969924
6.4 -5.6 -0.0384058 0.15192
6.4 -5.2 0.0596224 0.14618
6.4 -4.8 0.134456 0.0855516
6.4 -4.4 0.161291 -0.00482011
6.4 -4 0.135081 -0.0931801
6.4 -3.6 0.0680825 -0.153448
6.4 -3.2 -0.0182235 -0.172034
6.4 -2.8 -0.10171 -0.148208
6.4 -2.4 -0.165119 -0.0904229
6.4 -2 -0.19793 -0.011971
6.4 -1.6 -0.196264 0.072057
6.4 -1.2 -0.162689 0.146682
6.4 -0.8 -0.106373 0.199196
6.4 -0.4 -0.0424113 0.222341
6.4 0 0.0111759 0.217589
6.4 0.4 0.0389179 0.196271
6.4 0.8 0.033905 0.176663
6.4 1.2 0.00121242 0.17716
6.4 1.6 -0.0436538 0.208215
6.4 2 -0.0811983 0.267015
6.4 2.4 -0.0963948 0.33797
6.4 2.8 -0.0849525 0.399276
6.4 3.2 -0.0542066 0.432561
6.4 3.6 -0.0183142 0.430928
6.4 4 0.00953488 0.401466
6.4 4.4 0.023744 0.361163
6.4 4.8 0.0285397 0.328615
6.4 5.2 0.035153 0.315876
6.4 5.6 0.0559344 0.324425
6.4 6 0.0986006 0.346709
6.4 6.4 0.163143 0.371737
6.4 6.8 0.242106 0.391347
6.4 7.2 0.323197 0.40394
6.4 7.6 0.392479 0.414237
6.4 8 0.436848 0.429701
6.4 8.4 0.445509 0.455623
6.4 8.8 0.411053 0.491004
6.4 9.2 0.330886 0.526775
6.4 9.6 0.20928 0.547063
6.4 10 0.0593448 0.533423
6.4 10.4 -0.0965529 0.471247
6.4 10.8 -0.229495 0.356608
6.4 11.2 -0.310487 0.201049
6.4 11.6 -0.319529 0.0316807
6.4 12 -0.254193 -0.114862
6.4 12.4 -0.133686 -0.203748
6.4 12.8 0.00469095 -0.214895
6.4 13.2 0.116917 -0.152209
6.4 13.6 0.167962 -0.0443252
6.4 14 0.145591 0.064803
6.4 14.4 0.0658397 0.132583
6.4 14.8 -0.0331538 0.134997
6.4 15.2 -0.107182 0.0765644
6.4 15.6 -0.125152 -0.0119887
6.4 16 -0.0826778 -0.0879263
6.4 16.4 -0.00348181 -0.116326
6.4 16.8 0.0724004 -0.0862444
6.4 17.2 0.108162 -0.0153471
6.4 17.6 0.0880431 0.0594003
6.4 18 0.0245834 0.100459
6.4 18.4 -0.0483426 0.0885027
6.4 18.8 -0.093177 0.0317473
6.4 19.2 -0.0879506 -0.038908
6.4 19.6 -0.0372318 -0.0863467
6.8 -20 -0.100199 -0.0630409
6.8 -19.6 -0.116488 0.0255514
6.8 -19.2 -0.0656605 0.100615
6.8 -18.8 0.0237627 0.118688
6.8 -18.4 0.100766 0.0686919
6.8 -18 0.120983 -0.0214569
6.8 -17.6 0.0721783 -0.100581
6.8 -17.2 -0.0185479 -0.12335
6.8 -16.8 -0.0999746 -0.0761643
6.8 -16.4 -0.125751 0.014935
6.8 -16 -0.0806938 0.0988359
6.8 -15.6 0.0105 0.128127
6.8 -15.2 0.0970244 0.0858069
6.8 -14.8 0.130394 -0.00510524
6.8 -14.4 0.0915342 -0.0943617
6.8 -14 0.00140732 -0.132424
6.8 -13.6 -0.0906218 -0.0978878
6.8 -13.2 -0.134036 -0.00921644
6.8 -12.8 -0.104848 0.0855181
6.8 -12.4 -0.0185181 0.134972
6.8 -12 0.0786905 0.112338
6.8 -11.6 0.134866 0.029516
6.8 -11.2 0.120194 -0.0696898
6.8 -10.8 0.0424008 -0.133203
6.8 -10.4 -0.0579653 -0.128106
6.8 -10 -0.129264 -0.0573084
6.8 -9.6 -0.135536 0.0428618
6.8 -9.2 -0.0742421 0.122063
6.8 -8.8 0.023642 0.141588
6.8 -8.4 0.110258 0.0929291
6.8 -8 0.144821 0.00043295
6.8 -7.6 0.112566 -0.092095
6.8 -7.2 0.0298943 -0.142983
6.8 -6.8 -0.065413 -0.131383
6.8 -6.4 -0.13268 -0.0645963
6.8 -6 -0.145924 0.0278965
6.8 -5.6 -0.10274 0.109108
6.8 -5.2 -0.0220389 0.150011
6.8 -4.8 0.066283 0.139024
6.8 -4.4 0.133649 0.0829168
6.8 -4 0.16166 0.000964879
6.8 -3.6 0.145159 -0.083374
6.8 -3.2 0.0904492 -0.149393
6.8 -2.8 0.0113203 -0.183011
6.8 -2.4 -0.0749179 -0.178103
6.8 -2 -0.150704 -0.136615
6.8 -1.6 -0.201322 -0.0681441
6.8 -1.2 -0.218273 0.0115317
6.8 -0.8 -0.202292 0.0838371
6.8 -0.4 -0.164336 0.132745
6.8 0 -0.123001 0.150485
6.8 0.4 -0.0983658 0.140955
6.8 0.8 -0.104355 0.118585
6.8 1.2 -0.143011 0.102436
6.8 1.6 -0.203585 0.107866
6.8 2 -0.267151 0.139625
6.8 2.4 -0.314664 0.189842
6.8 2.8 -0.334645 0.24199
6.8 3.2 -0.326944 0.278888
6.8 3.6 -0.301094 0.29079
6.8 4 -0.270574 0.279649
6.8 4.4 -0.246124 0.25772
6.8 4.8 -0.23136 0.241607
6.8 5.2 -0.222385 0.244962
6.8 5.6 -0.210951 0.273386
6.8 6 -0.189175 0.323545
6.8 6.4 -0.153532 0.386134
6.8 6.8 -0.106681 0.450561
6.8 7.2 -0.0568946 0.508733
6.8 7.6 -0.0157866 0.556333
6.8 8 0.00467998 0.59151
6.8 8.4 -0.00482317 0.612228
6.8 8.8 -0.0484039 0.614007
6.8 9.2 -0.122994 0.589446
6.8 9.6 -0.217387 0.530132
6.8 10 -0.31287 0.430513
6.8 10.4 -0.386088 0.292464
6.8 10.8 -0.414333 0.12864
6.8 11.2 -0.382441 -0.0373231
6.8 11.6 -0.289332 -0.175008
6.8 12 -0.151427 -0.2555
6.8 12.4 -0.000532417 -0.261469
6.8 12.8 0.124497 -0.195235
6.8 13.2 0.190391 -0.0808459
6.8 13.6 0.181937 0.0419998
6.8 14 0.108971 0.131095
6.8 14.4 0.00401494 0.157338
6.8 14.8 -0.089592 0.116335
6.8 15.2 -0.134866 0.0304462
6.8 15.6 -0.116453 -0.0604652
6.8 16 -0.0469821 -0.116203
6.8 16.4 0.0388873 -0.113911
6.8 16.8 0.100506 -0.0580731
6.8 17.2 0.110123 0.0220963
6.8 17.6 0.0657006 0.086939
6.8 18 -0.00866147 0.105597
6.8 18.4 -0.0750199 0.0708548
6.8 18.8 -0.100618 0.00219669
6.8 19.2 -0.0741406 -0.0644973
6.8 19.6 -0.0109684 -0.0954144
7.2 -20 -0.085777 -0.0798697
7.2 -19.6 -0.117969 0.00287161
7.2 -19.2 -0.0829924 0.085019
7.2 -18.8 -0.000147718 0.119623
7.2 -18.4 0.0838238 0.0864831
7.2 -18 0.121203 0.00377537
7.2 -17.6 0.090361 -0.0820969
7.2 -17.2 0.00809671 -0.122646
7.2 -16.8 -0.0797221 -0.0946378
7.2 -16.4 -0.123867 -0.0132073
7.2 -16 -0.0993134 0.0765571
7.2 -15.6 -0.0192124 0.124748
7.2 -15.2 0.0724275 0.104368
7.2 -14.8 0.12513 0.0262247
7.2 -14.4 0.109752 -0.0671209
7.2 -14 0.0343599 -0.124796
7.2 -13.6 -0.0603806 -0.11537
7.2 -13.2 -0.123459 -0.043727
7.2 -12.8 -0.121057 0.0518999
7.2 -12.4 -0.0544123 0.120734
7.2 -12 0.0413196 0.126544
7.2 -11.6 0.116112 0.0664496
7.2 -11.2 0.131414 -0.0282329
7.2 -10.8 0.0797717 -0.108924
7.2 -10.4 -0.0122061 -0.135026
7.2 -10 -0.0983132 -0.0941285
7.2 -9.6 -0.136423 -0.00716954
7.2 -9.2 -0.108954 0.0832036
7.2 -8.8 -0.0301663 0.134209
7.2 -8.4 0.0623195 0.123158
7.2 -8 0.126393 0.0566985
7.2 -7.6 0.1348 -0.0342936
7.2 -7.2 0.0859052 -0.110265
7.2 -6.8 0.00199566 -0.140639
7.2 -6.4 -0.0824045 -0.115411
7.2 -6 -0.135584 -0.0466142
7.2 -5.6 -0.140122 0.0391689
7.2 -5.2 -0.0968585 0.112365
7.2 -4.8 -0.0215834 0.150597
7.2 -4.4 0.0623815 0.144125
7.2 -4 0.131899 0.0961545
7.2 -3.6 0.16958 0.0197646
7.2 -3.2 0.166667 -0.0664284
7.2 -2.8 0.123894 -0.14259
7.2 -2.4 0.0509339 -0.19174
7.2 -2 -0.0355858 -0.203587
7.2 -1.6 -0.115913 -0.177543
7.2 -1.2 -0.172646 -0.123631
7.2 -0.8 -0.196479 -0.060072
7.2 -0.4 -0.189878 -0.00751554
7.2 0 -0.166599 0.0182974
7.2 0.4 -0.146571 0.0124315
7.2 0.8 -0.147913 -0.017611
7.2 1.2 -0.179483 -0.0555313
7.2 1.6 -0.237334 -0.0836191
7.2 2 -0.306718 -0.0904497
7.2 2.4 -0.368631 -0.0752751
7.2 2.8 -0.407765 -0.0471646
7.2 3.2 -0.418263 -0.0195929
7.2 3.6 -0.404935 -0.00337002
7.2 4 -0.379911 -0.00142718
7.2 4.4 -0.356764 -0.00778277
7.2 4.8 -0.345023 -0.010762
7.2 5.2 -0.347311 0.00150155
7.2 5.6 -0.35988 0.0360683
7.2 6 -0.375644 0.0928059
7.2 6.4 -0.388028 0.165116
7.2 6.8 -0.393919 0.24273
7.2 7.2 -0.394744 0.314829
7.2 7.6 -0.395554 0.372064
7.2 8 -0.40264 0.407056
7.2 8.4 -0.420552 0.413936
7.2 8.8 -0.449409 0.387971
7.2 9.2 -0.483305 0.326147
7.2 9.6 -0.510438 0.228936
7.2 10 -0.515317 0.102654
7.2 10.4 -0.482914 -0.0388131
7.2 10.8 -0.403999 -0.174292
7.2 11.2 -0.280129 -0.278588
7.2 11.6 -0.126325 -0.328644
7.2 12 0.0303477 -0.311143
7.2 12.4 0.156989 -0.228879
7.2 12.8 0.224721 -0.102919
7.2 13.2 0.219129 0.0315176
7.2 13.6 0.147132 0.135223
7.2 14 0.0367394 0.178266
7.2 14.4 -0.0714417 0.151358
7.2 14.8 -0.138577 0.0702532
7.2 15.2 -0.142472 -0.0295685
7.2 15.6 -0.086547 -0.106667
7.2 16 0.00150918 -0.130561
7.2 16.4 0.0815546 -0.0945205
7.2 16.8 0.118551 -0.0182308
7.2 17.2 0.0980973 0.0613475
7.2 17.6 0.0326577 0.107101
7.2 18 -0.0446995 0.0990224
7.2 18.4 -0.0963277 0.0433765
7.2 18.8 -0.0981889 -0.0307991
7.2 19.2 -0.0513204 -0.0862734
7.2 19.6 0.0191454 -0.0961528
7.6 -20 -0.0671765 -0.0943087
7.6 -19.6 -0.114591 -0.0210254
7.6 -19.2 -0.097546 0.0650054
7.6 -18.8 -0.0251459 0.115228
7.6 -18.4 0.0622245 0.101034
7.6 -18 0.115567 0.0299072
7.6 -17.6 0.104752 -0.0587209
7.6 -17.2 0.0353765 -0.115502
7.6 -16.8 -0.0543606 -0.108663
7.6 -16.4 -0.114893 -0.0416208
7.6 -16 -0.112702 0.0489864
7.6 -15.6 -0.0487024 0.113562
7.6 -15.2 0.0424144 0.116765
7.6 -14.8 0.11128 0.0566707
7.6 -14.4 0.120696 -0.034434
7.6 -14 0.0655489 -0.107753
7.6 -13.6 -0.0248092 -0.124263
7.6 -13.2 -0.102609 -0.0753134
7.6 -12.8 -0.12713 0.0132858
7.6 -12.4 -0.0858615 0.095382
7.6 -12 -0.000390266 0.128818
7.6 -11.6 0.0854961 0.096961
7.6 -11.2 0.128649 0.016438
7.6 -10.8 0.108175 -0.072262
7.6 -10.4 0.0349737 -0.125689
7.6 -10 -0.0548915 -0.11875
7.6 -9.6 -0.118676 -0.0558906
7.6 -9.2 -0.127454 0.0325612
7.6 -8.8 -0.0786518 0.105954
7.6 -8.4 0.00457386 0.13236
7.6 -8 0.0854795 0.101948
7.6 -7.6 0.130583 0.0292926
7.6 -7.2 0.123162 -0.0549813
7.6 -6.8 0.0680962 -0.118058
7.6 -6.4 -0.012536 -0.137618
7.6 -6 -0.0896115 -0.108491
7.6 -5.6 -0.137763 -0.0420059
7.6 -5.2 -0.142781 0.039985
7.6 -4.8 -0.104056 0.112974
7.6 -4.4 -0.0328177 0.156654
7.6 -4 0.0520479 0.159343
7.6 -3.6 0.129018 0.119883
7.6 -3.2 0.178932 0.0473968
7.6 -2.8 0.189495 -0.0409361
7.6 -2.4 0.158576 -0.124058
7.6 -2 0.0952178 -0.182756
7.6 -1.6 0.0173602 -0.205582
7.6 -1.2 -0.0537092 -0.192871
7.6 -0.8 -0.100632 -0.156888
7.6 -0.4 -0.116225 -0.117466
7.6 0 -0.105935 -0.0945337
7.6 0.4 -0.0851787 -0.100504
7.6 0.8 -0.0725325 -0.135835
7.6 1.2 -0.0817407 -0.189685
7.6 1.6 -0.116086 -0.245223
7.6 2 -0.167562 -0.287019
7.6 2.4 -0.220991 -0.30705
7.6 2.8 -0.260976 -0.306766
7.6 3.2 -0.27842 -0.29469
7.6 3.6 -0.273845 -0.2812
7.6 4 -0.25642 -0.273263
7.6 4.4 -0.239621 -0.27158
7.6 4.8 -0.235774 -0.271081
7.6 5.2 -0.251816 -0.264056
7.6 5.6 -0.287748 -0.244053
7.6 6 -0.337865 -0.208758
7.6 6.4 -0.393723 -0.160868
7.6 6.8 -0.447345 -0.107124
7.6 7.2 -0.493366 -0.0563886
7.6 7.6 -0.529481 -0.0177211
7.6 8 -0.55531 0.00104031
7.6 8.4 -0.570399 -0.00576312
7.6 8.8 -0.572335 -0.0407334
7.6 9.2 -0.555895 -0.102349
7.6 9.6 -0.513857 -0.18385
7.6 10 -0.439502 -0.272664
7.6 10.4 -0.330226 -0.35122
7.6 10.8 -0.191084 -0.399745
7.6 11.2 -0.0367087 -0.401018
7.6 11.6 0.109742 -0.346086
7.6 12 0.221237 -0.239086
7.6 12.4 0.27441 -0.0989692
7.6 12.8 0.257836 0.0435276
7.6 13.2 0.177944 0.153785
7.6 13.6 0.0596014 0.204162
7.6 14 -0.0600144 0.184124
7.6 14.4 -0.143071 0.105415
7.6 14.8 -0.164413 -0.000657036
7.6 15.2 -0.121298 -0.0938103
7.6 15.6 -0.0350212 -0.139785
7.6 16 0.0571022 -0.123833
7.6 16.4 0.116767 -0.0567524
7.6 16.8 0.120657 0.0296918
7.6 17.2 0.0703294 0.096558
7.6 17.6 -0.00874666 0.114937
7.6 18 -0.0789625 0.0788295
7.6 18.4 -0.108013 0.00756665
7.6 18.8 -0.0839168 -0.0636108
7.6 19.2 -0.0203813 -0.100542
7.6 19.6 0.0502124 -0.0865828
8 -20 -0.0447457 -0.105008
8 -19.6 -0.105641 -0.0448582
8 -19.2 -0.10785 0.0410397
8 -18.8 -0.0497678 0.104796
8 -18.4 0.0365804 0.110742
8 -18 0.103392 0.0552623
8 -17.6 0.113612 -0.0312518
8 -17.2 0.0613678 -0.101279
8 -16.8 -0.0249239 -0.116358
8 -16.4 -0.0982753 -0.0680951
8 -16 -0.118836 0.0174528
8 -15.6 -0.0754293 0.0941548
8 -15.2 0.00868536 0.120845
8 -14.8 0.0886411 0.0833143
8 -14.4 0.12211 0.00153397
8 -14 0.0916313 -0.0814011
8 -13.6 0.0133482 -0.12226
8 -13.2 -0.0720393 -0.100166
8 -12.8 -0.120798 -0.0268624
8 -12.4 -0.108565 0.0601007
8 -12 -0.0420997 0.117067
8 -11.6 0.0450853 0.116266
8 -11.2 0.110216 0.0589298
8 -10.8 0.12242 -0.0264905
8 -10.4 0.0769542 -0.0991768
8 -10 -0.00390157 -0.12577
8 -9.6 -0.0826638 -0.0953285
8 -9.2 -0.124528 -0.0228309
8 -8.8 -0.112499 0.059254
8 -8.4 -0.053267 0.116248
8 -8 0.0276276 0.125838
8 -7.6 0.0978123 0.0858239
8 -7.2 0.131216 0.0128683
8 -6.8 0.116904 -0.0657106
8 -6.4 0.0610731 -0.12267
8 -6 -0.0170613 -0.139713
8 -5.6 -0.0927089 -0.111975
8 -5.2 -0.143188 -0.0478666
8 -4.8 -0.153752 0.0344886
8 -4.4 -0.12073 0.112579
8 -4 -0.051922 0.16529
8 -3.6 0.0355331 0.178181
8 -3.2 0.119559 0.147318
8 -2.8 0.179144 0.0806042
8 -2.4 0.200568 -0.00426155
8 -2 0.181828 -0.0851395
8 -1.6 0.133389 -0.142732
8 -1.2 0.0744944 -0.167233
8 -0.8 0.0260916 -0.161638
8 -0.4 0.00308107 -0.140142
8 0 0.00908451 -0.122136
8 0.4 0.035959 -0.124288
8 0.8 0.0681762 -0.154086
8 1.2 0.0899894 -0.207518
8 1.6 0.0921122 -0.271646
8 2 0.0750066 -0.330575
8 2.4 0.047589 -0.371947
8 2.8 0.0223165 -0.391143
8 3.2 0.00915003 -0.39171
8 3.6 0.0111432 -0.382423
8 4 0.0233875 -0.372782
8 4.4 0.0353858 -0.369153
8 4.8 0.0354627 -0.373043
8 5.2 0.0151825 -0.381765
8 5.6 -0.0279307 -0.390665
8 6 -0.0900961 -0.39563
8 6.4 -0.163041 -0.394842
8 6.8 -0.236743 -0.389313
8 7.2 -0.301921 -0.382382
8 7.6 -0.351442 -0.378572
8 8 -0.380437 -0.382222
8 8.4 -0.385572 -0.396083
8 8.8 -0.364213 -0.420023
8 9.2 -0.314286 -0.450008
8 9.6 -0.235187 -0.477737
8 10 -0.129615 -0.491394
8 10.4 -0.00555403 -0.477872
8 10.8 0.12268 -0.426375
8 11.2 0.235411 -0.332678
8 11.6 0.311122 -0.202677
8 12 0.332111 -0.0536361
8 12.4 0.290791 0.0881616
8 12.8 0.194333 0.193562
8 13.2 0.0653355 0.23921
8 13.6 -0.062791 0.216021
8 14 -0.15518 0.134116
8 14.4 -0.186903 0.0215628
8 14.8 -0.152258 -0.0837119
8 15.2 -0.0678967 -0.146639
8 15.6 0.0323249 -0.147842
8 16 0.109622 -0.0912985
8 16.4 0.135266 -0.00311718
8 16.8 0.102149 0.0788116
8 17.2 0.0276948 0.120469
8 17.6 -0.0536672 0.106117
8 18 -0.105616 0.0449881
8 18.4 -0.106112 -0.0330888
8 18.8 -0.057217 -0.0914643
8 19.2 0.0161649 -0.103684
8 19.6 0.078291 -0.0657633
8.4 -20 -0.0192853 -0.110622
8.4 -19.6 -0.0907628 -0.0670182
8.4 -19.2 -0.11247 0.014099
8.4 -18.8 -0.0722057 0.088046
8.4 -18.4 0.00808351 0.114088
8.4 -18 0.084504 0.0778075
8.4 -17.6 0.115346 -0.00114352
8.4 -17.2 0.0837857 -0.0799626
8.4 -16.8 0.00681706 -0.116071
8.4 -16.4 -0.0742153 -0.0900667
8.4 -16 -0.116036 -0.015888
8.4 -15.6 -0.096527 0.0670217
8.4 -15.2 -0.026141 0.114951
8.4 -14.8 0.0581068 0.102971
8.4 -14.4 0.112436 0.0376106
8.4 -14 0.109103 -0.0471665
8.4 -13.6 0.0502648 -0.108017
8.4 -13.2 -0.0338808 -0.114487
8.4 -12.8 -0.101098 -0.0639589
8.4 -12.4 -0.1185 0.017944
8.4 -12 -0.0783674 0.090958
8.4 -11.6 -0.000878609 0.120269
8.4 -11.2 0.0767585 0.0928838
8.4 -10.8 0.118606 0.0226492
8.4 -10.4 0.106479 -0.0575869
8.4 -10 0.0470855 -0.11194
8.4 -9.6 -0.0325815 -0.117513
8.4 -9.2 -0.0983096 -0.073283
8.4 -8.8 -0.123509 0.00119611
8.4 -8.4 -0.099291 0.0754537
8.4 -8 -0.0362911 0.12095
8.4 -7.6 0.0411972 0.121526
8.4 -7.2 0.105248 0.0778854
8.4 -6.8 0.134103 0.00561859
8.4 -6.4 0.118489 -0.071284
8.4 -6 0.0632319 -0.128458
8.4 -5.6 -0.0152733 -0.148164
8.4 -5.2 -0.0942922 -0.123725
8.4 -4.8 -0.151087 -0.060867
8.4 -4.4 -0.168985 0.0240287
8.4 -4 -0.141917 0.108353
8.4 -3.6 -0.0762762 0.169529
8.4 -3.2 0.0107374 0.191616
8.4 -2.8 0.0962379 0.170261
8.4 -2.4 0.158941 0.114095
8.4 -2 0.18621 0.0416987
8.4 -1.6 0.178164 -0.0250676
8.4 -1.2 0.147108 -0.0689766
8.4 -0.8 0.112363 -0.0834485
8.4 -0.4 0.0925672 -0.0742218
8.4 0 0.0986724 -0.0560554
8.4 0.4 0.130475 -0.0459989
8.4 0.8 0.177942 -0.0562185
8.4 1.2 0.226408 -0.0894164
8.4 1.6 0.263071 -0.138561
8.4 2 0.281895 -0.190641
8.4 2.4 0.284951 -0.232455
8.4 2.8 0.280066 -0.255801
8.4 3.2 0.276264 -0.260052
8.4 3.6 0.279271 -0.251452
8.4 4 0.28905 -0.239975
8.4 4.4 0.300162 -0.235376
8.4 4.8 0.304421 -0.244083
8.4 5.2 0.294458 -0.267849
8.4 5.6 0.266626 -0.304215
8.4 6 0.222249 -0.348139
8.4 6.4 0.167072 -0.393932
8.4 6.8 0.109456 -0.436795
8.4 7.2 0.0582545 -0.473599
8.4 7.6 0.0211378 -0.502854
8.4 8 0.00371784 -0.52403
8.4 8.4 0.00932822 -0.536494
8.4 8.8 0.0390174 -0.538429
8.4 9.2 0.0913088 -0.526145
8.4 9.6 0.161574 -0.494218
8.4 10 0.241295 -0.436757
8.4 10.4 0.317856 -0.349724
8.4 10.8 0.375587 -0.233821
8.4 11.2 0.398492 -0.0969264
8.4 11.6 0.374435 0.0451156
8.4 12 0.299765 0.170333
8.4 12.4 0.182729 0.255339
8.4 12.8 0.0439118 0.28204
8.4 13.2 -0.0874034 0.244365
8.4 13.6 -0.180714 0.152424
8.4 14 -0.213721 0.0318773
8.4 14.4 -0.180519 -0.0823266
8.4 14.8 -0.0951544 -0.156499
8.4 15.2 0.0116366 -0.169682
8.4 15.6 0.102249 -0.121637
8.4 16 0.145507 -0.0337041
8.4 16.4 0.128446 0.0586391
8.4 16.8 0.0615592 0.119245
8.4 17.2 -0.0252246 0.125653
8.4 17.6 -0.0947665 0.0782858
8.4 18 -0.118338 0.000188858
8.4 18.4 -0.0879239 -0.0730288
8.4 18.8 -0.0195711 -0.108959
8.4 19.2 0.0540514 -0.0928957
8.4 19.6 0.0987505 -0.0343566
8.8 -20 0.00790992 -0.109965
8.8 -19.6 -0.0700987 -0.0856623
8.8 -19.2 -0.110193 -0.0142929
8.8 -18.8 -0.0904278 0.0652834
8.8 -18.4 -0.021472 0.109853
8.8 -18 0.0594245 0.09531
8.8 -17.6 0.108759 0.0294924
8.8 -17.2 0.100187 -0.0523484
8.8 -16.8 0.0383788 -0.106678
8.8 -16.4 -0.0438641 -0.104881
8.8 -16 -0.10332 -0.0481219
8.8 -15.6 -0.109143 0.0337688
8.8 -15.2 -0.0586571 0.0983302
8.8 -14.8 0.0218598 0.112623
8.8 -14.4 0.0912838 0.0698342
8.8 -14 0.114847 -0.00795706
8.8 -13.6 0.0813744 -0.081681
8.8 -13.2 0.00805911 -0.115181
8.8 -12.8 -0.0689584 -0.0928102
8.8 -12.4 -0.112792 -0.0261849
8.8 -12 -0.103404 0.0525207
8.8 -11.6 -0.0461928 0.106623
8.8 -11.2 0.0318129 0.112047
8.8 -10.8 0.0953787 0.0674788
8.8 -10.4 0.117133 -0.00646271
8.8 -10 0.088838 -0.0775815
8.8 -9.6 0.0234621 -0.116447
8.8 -9.2 -0.0517372 -0.10816
8.8 -8.8 -0.10711 -0.0570211
8.8 -8.4 -0.122059 0.0167406
8.8 -8 -0.0917308 0.0857321
8.8 -7.6 -0.0273165 0.125555
8.8 -7.2 0.0490364 0.122648
8.8 -6.8 0.1121 0.0777216
8.8 -6.4 0.141415 0.00456901
8.8 -6 0.127012 -0.0746544
8.8 -5.6 0.0718802 -0.136037
8.8 -5.2 -0.00909383 -0.160683
8.8 -4.8 -0.0933456 -0.140065
8.8 -4.4 -0.157055 -0.0785915
8.8 -4 -0.182162 0.00750422
8.8 -3.6 -0.161912 0.0949596
8.8 -3.2 -0.102991 0.160744
8.8 -2.8 -0.0232022 0.189479
8.8 -2.4 0.0547581 0.178331
8.8 -2 0.111295 0.137435
8.8 -1.6 0.136641 0.0855582
8.8 -1.2 0.133676 0.0427034
8.8 -0.8 0.115795 0.0226357
8.8 -0.4 0.10084 0.0283419
8.8 0 0.103755 0.052119
8.8 0.4 0.131055 0.0799415
8.8 0.8 0.179209 0.0979542
8.8 1.2 0.237206 0.0981926
8.8 1.6 0.291795 0.0812164
8.8 2 0.332869 0.0548873
8.8 2.4 0.356763 0.0302351
8.8 2.8 0.366399 0.0164653
8.8 3.2 0.368735 0.0172374
8.8 3.6 0.371034 0.029524
8.8 4 0.377742 0.0451241
8.8 4.4 0.389151 0.0538708
8.8 4.8 0.40209 0.0471129
8.8 5.2 0.411955 0.0202413
8.8 5.6 0.414993 -0.0263684
8.8 6 0.409874 -0.0879533
8.8 6.4 0.398091 -0.156972
8.8 6.8 0.383306 -0.225023
8.8 7.2 0.370131 -0.284463
8.8 7.6 0.36288 -0.329342
8.8 8 0.364625 -0.355589
8.8 8.4 0.376605 -0.360609
8.8 8.8 0.397836 -0.342688
8.8 9.2 0.424792 -0.300639
8.8 9.6 0.451187 -0.234079
8.8 10 0.468158 -0.144439
8.8 10.4 0.465251 -0.0364655
8.8 10.8 0.432473 0.0804535
8.8 11.2 0.363292 0.191988
8.8 11.6 0.257903 0.280355
8.8 12 0.125571 0.327844
8.8 12.4 -0.0152076 0.321818
8.8 12.8 -0.13963 0.259766
8.8 13.2 -0.222487 0.152481
8.8 13.6 -0.245723 0.0235615
8.8 14 -0.205226 -0.0955499
8.8 14.4 -0.114141 -0.174212
8.8 14.8 -0.000694401 -0.192408
8.8 15.2 0.0996407 -0.148227
8.8 15.6 0.155573 -0.059747
8.8 16 0.151059 0.0402502
8.8 16.4 0.0915913 0.115518
8.8 16.8 0.00266838 0.139703
8.8 17.2 -0.0796796 0.106569
8.8 17.6 -0.123018 0.0326039
8.8 18 -0.111664 -0.0496228
8.8 18.4 -0.0531787 -0.105034
8.8 18.8 0.0249647 -0.110998
8.8 19.2 0.0874687 -0.067089
8.8 19.6 0.106939 0.00490584
9.2 -20 0.0350636 -0.102197
9.2 -19.6 -0.04442 -0.0988712
9.2 -19.2 -0.100242 -0.0420985
9.2 -18.8 -0.102376 0.037535
9.2 -18.4 -0.0497517 0.0973653
9.2 -18 0.0294954 0.10558
9.2 -17.6 0.0933431 0.0579863
9.2 -17.2 0.108272 -0.0201687
9.2 -16.8 0.0667195 -0.0879093
9.2 -16.4 -0.00943161 -0.110166
9.2 -16 -0.0807542 -0.0758019
9.2 -15.6 -0.110892 -0.00281391
9.2 -15.2 -0.0849891 0.0715264
9.2 -14.8 -0.0166132 0.109974
9.2 -14.4 0.0598422 0.0939044
9.2 -14 0.106809 0.0319178
9.2 -13.6 0.10199 -0.0453101
9.2 -13.2 0.0485231 -0.100654
9.2 -12.8 -0.027577 -0.108449
9.2 -12.4 -0.0906277 -0.0659776
9.2 -12 -0.112175 0.0064137
9.2 -11.6 -0.0834564 0.0757371
9.2 -11.2 -0.0181413 0.111689
9.2 -10.8 0.0549721 0.0995918
9.2 -10.4 0.105106 0.0455508
9.2 -10 0.112271 -0.027505
9.2 -9.6 0.07443 -0.0901838
9.2 -9.2 0.00692152 -0.118435
9.2 -8.8 -0.064572 -0.102065
9.2 -8.4 -0.113985 -0.0473237
9.2 -8 -0.12384 0.0264432
9.2 -7.6 -0.0904317 0.0940468
9.2 -7.2 -0.024215 0.132786
9.2 -6.8 0.0540493 0.129316
9.2 -6.4 0.119836 0.0833663
9.2 -6 0.152174 0.00763247
9.2 -5.6 0.139837 -0.075992
9.2 -5.2 0.0847694 -0.142837
9.2 -4.8 0.00168064 -0.172844
9.2 -4.4 -0.0862932 -0.156761
9.2 -4 -0.154757 -0.0990863
9.2 -3.6 -0.18582 -0.016541
9.2 -3.2 -0.173754 0.0676297
9.2 -2.8 -0.126421 0.131636
9.2 -2.4 -0.061821 0.162475
9.2 -2 -0.00108833 0.159843
9.2 -1.6 0.0393351 0.13516
9.2 -1.2 0.0532454 0.106271
9.2 -0.8 0.0458718 0.0901256
9.2 -0.4 0.030522 0.0964851
9.2 0 0.0223818 0.1251
9.2 0.4 0.0322259 0.167174
9.2 0.8 0.0625961 0.210058
9.2 1.2 0.107715 0.242871
9.2 1.6 0.156711 0.260623
9.2 2 0.198417 0.265303
9.2 2.4 0.225601 0.263907
9.2 2.8 0.237055 0.264609
9.2 3.2 0.237085 0.27291
9.2 3.6 0.233089 0.289314
9.2 4 0.232519 0.309256
9.2 4.4 0.240491 0.325006
9.2 4.8 0.258764 0.32857
9.2 5.2 0.286089 0.31445
9.2 5.6 0.319406 0.281333
9.2 6 0.355198 0.232372
9.2 6.4 0.39047 0.174204
9.2 6.8 0.423148 0.115243
9.2 7.2 0.451979 0.0638662
9.2 7.6 0.476152 0.0270051
9.2 8 0.494838 0.00938656
9.2 8.4 0.506751 0.0133817
9.2 8.8 0.509769 0.0391871
9.2 9.2 0.500691 0.0849874
9.2 9.6 0.475293 0.146846
9.2 10 0.428912 0.218317
9.2 10.4 0.357737 0.290087
9.2 10.8 0.260717 0.35017
9.2 11.2 0.141638 0.385188
9.2 11.6 0.0105837 0.38296
9.2 12 -0.116171 0.336073
9.2 12.4 -0.218477 0.245455
9.2 12.8 -0.276854 0.122562
9.2 13.2 -0.278301 -0.0111963
9.2 13.6 -0.221615 -0.128474
9.2 14 -0.120069 -0.202973
9.2 14.4 0.00021474 -0.217563
9.2 14.8 0.106589 -0.170787
9.2 15.2 0.169479 -0.0789987
9.2 15.6 0.172239 0.0274671
9.2 16 0.117535 0.11356
9.2 16.4 0.0273321 0.151415
9.2 16.8 -0.0643107 0.130546
9.2 17.2 -0.123525 0.0621087
9.2 17.6 -0.129516 -0.0250239
9.2 18 -0.0828083 -0.0954238
9.2 18.4 -0.005102 -0.121333
9.2 18.8 0.0696833 -0.0941044
9.2 19.2 0.109761 -0.0277902
9.2 19.6 0.0991617 0.0470355
9.6 -20 0.0600043 -0.0870291
9.6 -19.6 -0.0152031 -0.104872
9.6 -19.2 -0.0825015 -0.0668883
9.6 -18.8 -0.10623 0.00661134
9.6 -18.4 -0.0740474 0.0767463
9.6 -18 -0.00307522 0.106791
9.6 -17.6 0.0695368 0.0813369
9.6 -17.2 0.106261 0.0138994
9.6 -16.8 0.0885408 -0.0606247
9.6 -16.4 0.0258583 -0.104274
9.6 -16 -0.0497481 -0.0953469
9.6 -15.6 -0.100382 -0.0388752
9.6 -15.2 -0.101318 0.0366508
9.6 -14.8 -0.0527584 0.0940512
9.6 -14.4 0.0211145 0.105854
9.6 -14 0.0846627 0.0671452
9.6 -13.6 0.108159 -0.00301355
9.6 -13.2 0.0814254 -0.0715372
9.6 -12.8 0.0175977 -0.107198
9.6 -12.4 -0.0539897 -0.0946439
9.6 -12 -0.101683 -0.0403514
9.6 -11.6 -0.105384 0.0314429
9.6 -11.2 -0.0643713 0.0900988
9.6 -10.8 0.00363405 0.111651
9.6 -10.4 0.0708129 0.0880074
9.6 -10 0.110791 0.0290391
9.6 -9.6 0.10851 -0.042371
9.6 -9.2 0.0649822 -0.0995546
9.6 -8.8 -0.00408312 -0.12171
9.6 -8.4 -0.0744769 -0.100662
9.6 -8 -0.121899 -0.0429367
9.6 -7.6 -0.129758 0.032888
9.6 -7.2 -0.094176 0.102329
9.6 -6.8 -0.0250242 0.142637
9.6 -6.4 0.0571217 0.13978
9.6 -6 0.127203 0.0928166
9.6 -5.6 0.163346 0.0143671
9.6 -5.2 0.153705 -0.07312
9.6 -4.8 0.100278 -0.144329
9.6 -4.4 0.0182683 -0.179121
9.6 -4 -0.0689918 -0.168934
9.6 -3.6 -0.137894 -0.119226
9.6 -3.2 -0.172395 -0.0469885
9.6 -2.8 -0.168937 0.02576
9.6 -2.4 -0.136652 0.0799906
9.6 -2 -0.0929146 0.106103
9.6 -1.6 -0.0561829 0.10638
9.6 -1.2 -0.0390844 0.0927523
9.6 -0.8 -0.0444367 0.0811177
9.6 -0.4 -0.0655187 0.0847497
9.6 0 -0.0900568 0.109515
9.6 0.4 -0.10592 0.15259
9.6 0.8 -0.106032 0.204757
9.6 1.2 -0.0906185 0.254887
9.6 1.6 -0.0662322 0.294475
9.6 2 -0.0423792 0.320417
9.6 2.4 -0.0274072 0.335162
9.6 2.8 -0.0253517 0.344605
9.6 3.2 -0.034778 0.354944
9.6 3.6 -0.0497113 0.369926
9.6 4 -0.0619576 0.389524
9.6 4.4 -0.0637675 0.410333
9.6 4.8 -0.0499214 0.427258
9.6 5.2 -0.0187459 0.435668
9.6 5.6 0.0279482 0.433142
9.6 6 0.0856828 0.420272
9.6 6.4 0.148453 0.400403
9.6 6.8 0.209833 0.378564
9.6 7.2 0.263836 0.360085
9.6 7.6 0.305445 0.349348
9.6 8 0.330831 0.348956
9.6 8.4 0.337312 0.359399
9.6 8.8 0.323159 0.379046
9.6 9.2 0.287427 0.404279
9.6 9.6 0.230019 0.429623
9.6 10 0.152141 0.447939
9.6 10.4 0.0571562 0.450908
9.6 10.8 -0.0484039 0.43011
9.6 11.2 -0.154186 0.378862
9.6 11.6 -0.246359 0.294624
9.6 12 -0.309432 0.18134
9.6 12.4 -0.329615 0.0507603
9.6 12.8 -0.299064 -0.0782539
9.6 13.2 -0.219758 -0.182986
9.6 13.6 -0.105396 -0.242381
9.6 14 0.0200278 -0.243509
9.6 14.4 0.127373 -0.186854
9.6 14.8 0.190276 -0.0882214
9.6 15.2 0.19356 0.0241931
9.6 15.6 0.139101 0.11743
9.6 16 0.0465388 0.164059
9.6 16.4 -0.0522249 0.151658
9.6 16.8 -0.123482 0.087764
9.6 17.2 -0.143657 -0.00217226
9.6 17.6 -0.108189 -0.083724
9.6 18 -0.0335371 -0.126375
9.6 18.4 0.0490312 -0.115421
9.6 18.8 0.105861 -0.0579085
9.6 19.2 0.11467 0.0202351
9.6 19.6 0.0738502 0.085079
10 -20 0.0803375 -0.0649039
10 -19.6 0.0153739 -0.102309
10 -19.2 -0.0577105 -0.086061
10 -18.8 -0.100727 -0.0249295
10 -18.4 -0.0915584 0.049109
10 -18 -0.0352978 0.0978411
10 -17.6 0.0389228 0.0965669
10 -17.2 0.0933134 0.0463851
10 -16.8 0.100734 -0.0269884
10 -16.4 0.0580104 -0.0867521
10 -16 -0.0131785 -0.103597
10 -15.6 -0.0777168 -0.0698688
10 -15.2 -0.104559 -0.0025601
10 -14.8 -0.0814842 0.0657357
10 -14.4 -0.0201509 0.102873
10 -14 0.0503433 0.0921501
10 -13.6 0.097628 0.0393051
10 -13.2 0.100861 -0.0311507
10 -12.8 0.0594062 -0.087771
10 -12.4 -0.00796599 -0.106243
10 -12 -0.072167 -0.0793561
10 -11.6 -0.106505 -0.0190111
10 -11.2 -0.0973863 0.049752
10 -10.8 -0.0488962 0.099449
10 -10.4 0.0198301 0.110859
10 -10 0.0826232 0.0797113
10 -9.6 0.116132 0.0174078
10 -9.2 0.107881 -0.0537533
10 -8.8 0.0600688 -0.108645
10 -8.4 -0.0116457 -0.127761
10 -8 -0.0835425 -0.103444
10 -7.6 -0.131538 -0.0422122
10 -7.2 -0.138835 0.0373239
10 -6.8 -0.101295 0.11025
10 -6.4 -0.0289161 0.153142
10 -6 0.0571206 0.151523
10 -5.6 0.131063 0.104584
10 -5.2 0.170807 0.0255197
10 -4.8 0.164999 -0.0628004
10 -4.4 0.116499 -0.135439
10 -4 0.0409255 -0.17362
10 -3.6 -0.0392109 -0.170604
10 -3.2 -0.102569 -0.133061
10 -2.8 -0.136163 -0.0775847
10 -2.4 -0.13902 -0.0238561
10 -2 -0.121124 0.012739
10 -1.6 -0.0983984 0.0261682
10 -1.2 -0.0860142 0.0207326
10 -0.8 -0.0927909 0.0079851
10 -0.4 -0.118763 0.00122898
10 0 -0.156494 0.0100452
10 0.4 -0.195146 0.0369992
10 0.8 -0.225297 0.0775344
10 1.2 -0.2425 0.122642
10 1.6 -0.248317 0.162849
10 2 -0.24879 0.191766
10 2.4 -0.251315 0.2079
10 2.8 -0.261354 0.21435
10 3.2 -0.28026 0.216886
10 3.6 -0.304852 0.221455
10 4 -0.328626 0.232157
10 4.4 -0.343955 0.250322
10 4.8 -0.344417 0.274778
10 5.2 -0.326541 0.302912
10 5.6 -0.290594 0.331928
10 6 -0.240379 0.359785
10 6.4 -0.182291 0.385531
10 6.8 -0.123991 0.409082
10 7.2 -0.0730443 0.430656
10 7.6 -0.0358153 0.45017
10 8 -0.0167549 0.466811
10 8.4 -0.018118 0.478853
10 8.8 -0.0400075 0.483689
10 9.2 -0.0805632 0.47798
10 9.6 -0.1361 0.457903
10 10 -0.201084 0.419573
10 10.4 -0.268003 0.359773
10 10.8 -0.327392 0.277087
10 11.2 -0.368393 0.173324
10 11.6 -0.380189 0.054865
10 12 -0.354373 -0.0667253
10 12.4 -0.287858 -0.175477
10 12.8 -0.185464 -0.253602
10 13.2 -0.061025 -0.285701
10 13.6 0.0639705 -0.263653
10 14 0.164597 -0.190623
10 14.4 0.218894 -0.0824668
10 14.8 0.214752 0.0346969
10 15.2 0.154895 0.13077
10 15.6 0.0577649 0.180372
10 16 -0.0468065 0.171214
10 16.4 -0.126398 0.109011
10 16.8 -0.156651 0.0165806
10 17.2 -0.129985 -0.0732763
10 17.6 -0.0588078 -0.129101
10 18 0.028574 -0.132304
10 18.4 0.0983636 -0.0843565
10 18.8 0.124284 -0.00641143
10 19.2 0.0980351 0.0689794
10 19.6 0.0326947 0.111058
10.4 -20 0.0937058 -0.0371314
10.4 -19.6 0.0445442 -0.0905401
10.4 -19.2 -0.0275828 -0.0971615
10.4 -18.8 -0.0854829 -0.0539517
10.4 -18.4 -0.099777 0.0166538
10.4 -18 -0.0636462 0.0787068
10.4 -17.6 0.00427992 0.101186
10.4 -17.2 0.0698951 0.0733646
10.4 -16.8 0.100933 0.00954249
10.4 -16.4 0.0827214 -0.0587187
10.4 -16 0.0247186 -0.098461
10.4 -15.6 -0.0448629 -0.0911714
10.4 -15.2 -0.093111 -0.0410019
10.4 -14.8 -0.0979685 0.0280738
10.4 -14.4 -0.0579221 0.0841342
10.4 -14 0.00823491 0.102125
10.4 -13.6 0.0707327 0.074692
10.4 -13.2 0.102382 0.0145169
10.4 -12.8 0.0900945 -0.0521481
10.4 -12.4 0.0396198 -0.0972127
10.4 -12 -0.0278265 -0.102362
10.4 -11.6 -0.0848916 -0.0658518
10.4 -11.2 -0.109078 -0.0023005
10.4 -10.8 -0.0910348 0.0637042
10.4 -10.4 -0.0373781 0.107172
10.4 -10 0.0323767 0.111721
10.4 -9.6 0.0931345 0.0750104
10.4 -9.2 0.122985 0.00914444
10.4 -8.8 0.11051 -0.0636734
10.4 -8.4 0.0584671 -0.118592
10.4 -8 -0.0171176 -0.136254
10.4 -7.6 -0.0920624 -0.109138
10.4 -7.2 -0.141765 -0.0441569
10.4 -6.8 -0.149169 0.0393571
10.4 -6.4 -0.110405 0.115732
10.4 -6 -0.0361779 0.161224
10.4 -5.6 0.0516855 0.161738
10.4 -5.2 0.127455 0.117313
10.4 -4.8 0.169986 0.0417537
10.4 -4.4 0.169453 -0.0424608
10.4 -4 0.129907 -0.112118
10.4 -3.6 0.0668365 -0.151064
10.4 -3.2 0.000819253 -0.154987
10.4 -2.8 -0.0501385 -0.131579
10.4 -2.4 -0.0766231 -0.0963253
10.4 -2 -0.0800458 -0.0658876
10.4 -1.6 -0.0705938 -0.0518263
10.4 -1.2 -0.0621407 -0.0570412
10.4 -0.8 -0.0664303 -0.0759943
10.4 -0.4 -0.0888817 -0.0981619
10.4 0 -0.127434 -0.112947
10.4 0.4 -0.174451 -0.113928
10.4 0.8 -0.220501 -0.100877
10.4 1.2 -0.258223 -0.0790811
10.4 1.6 -0.284777 -0.0566276
10.4 2 -0.302121 -0.0410008
10.4 2.4 -0.315364 -0.0363637
10.4 2.8 -0.330133 -0.0424033
10.4 3.2 -0.350108 -0.0548698
10.4 3.6 -0.375633 -0.0673024
10.4 4 -0.403729 -0.0731299
10.4 4.4 -0.429313 -0.0673975
10.4 4.8 -0.447034 -0.0476952
10.4 5.2 -0.453025 -0.0142465
10.4 5.6 -0.446066 0.0305945
10.4 6 -0.427883 0.0830898
10.4 6.4 -0.40263 0.138816
10.4 6.8 -0.375815 0.193178
10.4 7.2 -0.353013 0.241725
10.4 7.6 -0.338714 0.280358
10.4 8 -0.335531 0.30549
10.4 8.4 -0.343854 0.314189
10.4 8.8 -0.361894 0.30431
10.4 9.2 -0.385972 0.274609
10.4 9.6 -0.410887 0.224882
10.4 10 -0.430287 0.156217
10.4 10.4 -0.437111 0.0714225
10.4 10.8 -0.424256 -0.0243985
10.4 11.2 -0.385676 -0.123342
10.4 11.6 -0.317948 -0.214644
10.4 12 -0.222097 -0.285505
10.4 12.4 -0.105109 -0.32308
10.4 12.8 0.0196221 -0.317524
10.4 13.2 0.133639 -0.265462
10.4 13.6 0.216823 -0.172754
10.4 14 0.252421 -0.0552817
10.4 14.4 0.232418 0.0631913
10.4 14.8 0.161465 0.156207
10.4 15.2 0.0575603 0.201788
10.4 15.6 -0.0514887 0.189502
10.4 16 -0.135442 0.124865
10.4 16.4 -0.170855 0.0289869
10.4 16.8 -0.149093 -0.0671646
10.4 17.2 -0.0799837 -0.132534
10.4 17.6 0.0108013 -0.146626
10.4 18 0.0903452 -0.107073
10.4 18.4 0.130309 -0.0309008
10.4 18.8 0.117612 0.0515492
10.4 19.2 0.0596149 0.108141
10.4 19.6 -0.0186541 0.117593
10.8 -20 0.0981215 -0.00592502
10.8 -19.6 0.0691934 -0.0699047
10.8 -19.2 0.00519502 -0.0982706
10.8 -18.8 -0.0612721 -0.0770596
10.8 -18.4 -0.0969407 -0.0173921
10.8 -18 -0.0844689 0.0507187
10.8 -17.6 -0.030559 0.0937106
10.8 -17.2 0.0380354 0.0909877
10.8 -16.8 0.0880935 0.0444755
10.8 -16.4 0.0960437 -0.0230648
10.8 -16 0.0587618 -0.0795489
10.8 -15.6 -0.0057518 -0.098902
10.8 -15.2 -0.0675102 -0.07282
10.8 -14.8 -0.0986484 -0.0137819
10.8 -14.4 -0.0857648 0.0514418
10.8 -14 -0.0351326 0.0941916
10.8 -13.6 0.0309392 0.0963491
10.8 -13.2 0.0843043 0.0574724
10.8 -12.8 0.102901 -0.00589233
10.8 -12.4 0.079372 -0.0677333
10.8 -12 0.0232648 -0.103303
10.8 -11.6 -0.043427 -0.0986034
10.8 -11.2 -0.0950742 -0.055201
10.8 -10.8 -0.111973 0.0109409
10.8 -10.4 -0.0872386 0.0756582
10.8 -10 -0.0289137 0.115297
10.8 -9.6 0.0430601 0.114882
10.8 -9.2 0.103731 0.073152
10.8 -8.8 0.131539 0.00298255
10.8 -8.4 0.115542 -0.072805
10.8 -8 0.059188 -0.128897
10.8 -7.6 -0.0205931 -0.145827
10.8 -7.2 -0.0987627 -0.1165
10.8 -6.8 -0.150319 -0.048698
10.8 -6.4 -0.158526 0.0373742
10.8 -6 -0.120391 0.115754
10.8 -5.6 -0.04745 0.163317
10.8 -5.2 0.03844 0.167265
10.8 -4.8 0.112736 0.128851
10.8 -4.4 0.156456 0.0620571
10.8 -4 0.161998 -0.0120832
10.8 -3.6 0.134544 -0.073249
10.8 -3.2 0.0887877 -0.108665
10.8 -2.8 0.0425813 -0.11655
10.8 -2.4 0.0101481 -0.10519
10.8 -2 -0.00253927 -0.0884342
10.8 -1.6 0.0012996 -0.0797203
10.8 -1.2 0.0119043 -0.0870946
10.8 -0.8 0.0177396 -0.111003
10.8 -0.4 0.0102533 -0.14533
10.8 0 -0.0132054 -0.180826
10.8 0.4 -0.0491635 -0.209229
10.8 0.8 -0.090169 -0.226386
10.8 1.2 -0.128111 -0.233312
10.8 1.6 -0.157261 -0.235082
10.8 2 -0.17594 -0.238312
10.8 2.4 -0.186423 -0.248362
10.8 2.8 -0.193439 -0.267325
10.8 3.2 -0.202069 -0.293367
10.8 3.6 -0.215917 -0.321427
10.8 4 -0.236147 -0.344834
10.8 4.4 -0.261552 -0.357179
10.8 4.8 -0.289432 -0.353895
10.8 5.2 -0.316794 -0.333188
10.8 5.6 -0.341411 -0.29626
10.8 6 -0.36239 -0.246925
10.8 6.4 -0.380146 -0.190853
10.8 6.8 -0.3959 -0.134637
10.8 7.2 -0.410924 -0.0848661
10.8 7.6 -0.425836 -0.0473076
10.8 8 -0.440123 -0.0262804
10.8 8.4 -0.452008 -0.024262
10.8 8.8 -0.458614 -0.0417281
10.8 9.2 -0.45633 -0.0771855
10.8 9.6 -0.441265 -0.127308
10.8 10 -0.409742 -0.187083
10.8 10.4 -0.358866 -0.249926
10.8 10.8 -0.287235 -0.307823
10.8 11.2 -0.195837 -0.3517
10.8 11.6 -0.0890021 -0.372246
10.8 12 0.0249209 -0.361395
10.8 12.4 0.133624 -0.314386
10.8 12.8 0.222114 -0.232006
10.8 13.2 0.275388 -0.122257
10.8 13.6 0.282198 -0.000557944
10.8 14 0.239009 0.112227
10.8 14.4 0.152804 0.194031
10.8 14.8 0.0413873 0.227334
10.8 15.2 -0.069651 0.204858
10.8 15.6 -0.153083 0.133158
10.8 16 -0.187827 0.0324081
10.8 16.4 -0.165937 -0.0683355
10.8 16.8 -0.0961389 -0.139468
10.8 17.2 -0.00210079 -0.160321
10.8 17.6 0.0846673 -0.126478
10.8 18 0.135288 -0.0519183
10.8 18.4 0.133776 0.0353625
10.8 18.8 0.0831201 0.103197
10.8 19.2 0.00447317 0.127167
10.8 19.6 -0.0707401 0.100026
11.2 -20 0.0923388 0.0256934
11.2 -19.6 0.0862281 -0.0419101
11.2 -19.2 0.0371287 -0.0884195
11.2 -18.8 -0.0301862 -0.0910522
11.2 -18.4 -0.0824856 -0.0490324
11.2 -18 -0.0945448 0.0166698
11.2 -17.6 -0.061086 0.0741425
11.2 -17.2 0.00135238 0.0961445
11.2 -16.8 0.0629862 0.0728156
11.2 -16.4 0.09517 0.0156443
11.2 -16 0.083548 -0.0486416
11.2 -15.6 0.0340008 -0.0908235
11.2 -15.2 -0.0308277 -0.0923652
11.2 -14.8 -0.0822177 -0.0531107
11.2 -14.4 -0.0980645 0.00945917
11.2 -14 -0.0719706 0.0684416
11.2 -13.6 -0.015203 0.0991422
11.2 -13.2 0.0486916 0.0890568
11.2 -12.8 0.0938298 0.0423409
11.2 -12.4 0.102211 -0.0224992
11.2 -12 0.0703089 -0.0802334
11.2 -11.6 0.00990876 -0.108585
11.2 -11.2 -0.0566489 -0.0963278
11.2 -10.8 -0.104743 -0.0470876
11.2 -10.4 -0.116224 0.0221516
11.2 -10 -0.0857106 0.0870705
11.2 -9.6 -0.0224485 0.124402
11.2 -9.2 0.0527401 0.119896
11.2 -8.8 0.114385 0.0732726
11.2 -8.4 0.1409 -0.00145895
11.2 -8 0.121914 -0.0804695
11.2 -7.6 0.0619197 -0.137946
11.2 -7.2 -0.021054 -0.15469
11.2 -6.8 -0.101388 -0.12453
11.2 -6.4 -0.154399 -0.0562927
11.2 -6 -0.16446 0.0293855
11.2 -5.6 -0.129841 0.107223
11.2 -5.2 -0.0625797 0.15581
11.2 -4.8 0.0163836 0.164369
11.2 -4.4 0.0848698 0.135385
11.2 -4 0.12695 0.082399
11.2 -3.6 0.137545 0.0241066
11.2 -3.2 0.122686 -0.0227528
11.2 -2.8 0.0957583 -0.0489705
11.2 -2.4 0.0715535 -0.0549957
11.2 -2 0.0606315 -0.0492242
11.2 -1.6 0.0660682 -0.0435793
11.2 -1.2 0.0835134 -0.0484242
11.2 -0.8 0.104071 -0.0688376
11.2 -0.4 0.118492 -0.103476
11.2 0 0.120881 -0.146065
11.2 0.4 0.110564 -0.188547
11.2 0.8 0.0917077 -0.224406
11.2 1.2 0.0711604 -0.250883
11.2 1.6 0.0556142 -0.269415
11.2 2 0.0492232 -0.284412
11.2 2.4 0.0524454 -0.301079
11.2 2.8 0.0622909 -0.323228
11.2 3.2 0.0736229 -0.351848
11.2 3.6 0.0808762 -0.384801
11.2 4 0.079557 -0.417585
11.2 4.4 0.0671219 -0.444759
11.2 4.8 0.0431412 -0.461521
11.2 5.2 0.0089182 -0.464978
11.2 5.6 -0.0331374 -0.45482
11.2 6 -0.0800948 -0.433341
11.2 6.4 -0.128875 -0.404878
11.2 6.8 -0.176383 -0.374873
11.2 7.2 -0.219494 -0.3488
11.2 7.6 -0.25501 -0.331166
11.2 8 -0.279724 -0.324754
11.2 8.4 -0.2906 -0.330221
11.2 8.8 -0.285073 -0.346042
11.2 9.2 -0.261375 -0.368754
11.2 9.6 -0.21885 -0.393379
11.2 10 -0.158232 -0.413927
11.2 10.4 -0.0819112 -0.423931
11.2 10.8 0.00577925 -0.417046
11.2 11.2 0.098317 -0.387814
11.2 11.6 0.186939 -0.332702
11.2 12 0.261054 -0.251353
11.2 12.4 0.309394 -0.147849
11.2 12.8 0.322019 -0.0314882
11.2 13.2 0.292962 0.0834978
11.2 13.6 0.222905 0.179742
11.2 14 0.120933 0.240137
11.2 14.4 0.00438321 0.252283
11.2 14.8 -0.103837 0.2128
11.2 15.2 -0.180327 0.130006
11.2 15.6 -0.207576 0.0235499
11.2 16 -0.179754 -0.0795956
11.2 16.4 -0.105754 -0.152182
11.2 16.8 -0.00789839 -0.17488
11.2 17.2 0.0839814 -0.142898
11.2 17.6 0.141672 -0.0684158
11.2 18 0.148004 0.022626
11.2 18.4 0.103134 0.0988647
11.2 18.8 0.0250007 0.13438
11.2 19.2 -0.0567704 0.118186
11.2 19.6 -0.111668 0.0585455
11.6 -20 0.0762074 0.0541507
11.6 -19.6 0.0930457 -0.00927581
11.6 -19.2 0.0642685 -0.0679582
11.6 -18.8 0.0043923 -0.0934731
11.6 -18.4 -0.0574123 -0.0739715
11.6 -18 -0.0917141 -0.0193135
11.6 -17.6 -0.0827305 0.0443107
11.6 -17.2 -0.035218 0.0871749
11.6 -16.8 0.0284678 0.0898461
11.6 -16.4 0.0792047 0.0516331
11.6 -16 0.0944244 -0.00983758
11.6 -15.6 0.0678133 -0.0671403
11.6 -15.2 0.01139 -0.0953671
11.6 -14.8 -0.0503865 -0.0826624
11.6 -14.4 -0.0913909 -0.0346583
11.6 -14 -0.0946579 0.0285534
11.6 -13.6 -0.0588764 0.0811034
11.6 -13.2 0.00166904 0.101805
11.6 -12.8 0.0631739 0.0822247
11.6 -12.4 0.101665 0.029514
11.6 -12 0.101967 -0.0366493
11.6 -11.6 0.0631156 -0.0915307
11.6 -11.2 -0.00147486 -0.11435
11.6 -10.8 -0.0688789 -0.0956713
11.6 -10.4 -0.114737 -0.0407451
11.6 -10 -0.121756 0.032226
11.6 -9.6 -0.0857888 0.0982381
11.6 -9.2 -0.0174721 0.133994
11.6 -8.8 0.0611614 0.125914
11.6 -8.4 0.124 0.0749336
11.6 -8 0.149654 -0.00361032
11.6 -7.6 0.12871 -0.0850262
11.6 -7.2 0.0669046 -0.143538
11.6 -6.8 -0.0169315 -0.160883
11.6 -6.4 -0.0973868 -0.132199
11.6 -6 -0.151072 -0.0671366
11.6 -5.6 -0.164177 0.0140565
11.6 -5.2 -0.136317 0.0878977
11.6 -4.8 -0.0794765 0.135639
11.6 -4.4 -0.0127401 0.148933
11.6 -4 0.0449362 0.131315
11.6 -3.6 0.0811193 0.0953407
11.6 -3.2 0.0931933 0.0568698
11.6 -2.8 0.0876932 0.0289193
11.6 -2.4 0.0764095 0.0174245
11.6 -2 0.0711428 0.0202357
11.6 -1.6 0.0792629 0.0292825
11.6 -1.2 0.101634 0.0346339
11.6 -0.8 0.133341 0.0286367
11.6 -0.4 0.166507 0.00855293
11.6 0 0.193821 -0.0230673
11.6 0.4 0.21131 -0.0600587
11.6 0.8 0.219435 -0.0954031
11.6 1.2 0.22236 -0.123875
11.6 1.6 0.225942 -0.143617
11.6 2 0.235353 -0.156261
11.6 2.4 0.253224 -0.165786
11.6 2.8 0.278844 -0.176756
11.6 3.2 0.308495 -0.192637
11.6 3.6 0.336616 -0.214764
11.6 4 0.357308 -0.242171
11.6 4.4 0.365704 -0.272198
11.6 4.8 0.358897 -0.301541
11.6 5.2 0.336318 -0.327338
11.6 5.6 0.299649 -0.347965
11.6 6 0.252417 -0.363335
11.6 6.4 0.199435 -0.374694
11.6 6.8 0.146194 -0.384035
11.6 7.2 0.0982753 -0.393319
11.6 7.6 0.0607909 -0.403745
11.6 8 0.0378744 -0.415243
11.6 8.4 0.0322504 -0.426286
11.6 8.8 0.044925 -0.434039
11.6 9.2 0.0750318 -0.434772
11.6 9.6 0.119838 -0.424413
11.6 10 0.174883 -0.399158
11.6 10.4 0.234195 -0.35606
11.6 10.8 0.290587 -0.293617
11.6 11.2 0.336046 -0.212379
11.6 11.6 0.362367 -0.11556
11.6 12 0.362132 -0.00953323
11.6 12.4 0.330121 0.0960458
11.6 12.8 0.265007 0.18884
11.6 13.2 0.170929 0.25542
11.6 13.6 0.0583493 0.283878
11.6 14 -0.0565094 0.267072
11.6 14.4 -0.154053 0.205666
11.6 14.8 -0.215441 0.109852
11.6 15.2 -0.22763 -0.00128425
11.6 15.6 -0.187908 -0.103236
11.6 16 -0.106232 -0.17197
11.6 16.4 -0.00404875 -0.190788
11.6 16.8 0.0907276 -0.155991
11.6 17.2 0.151551 -0.079148
11.6 17.6 0.161601 0.0153967
11.6 18 0.119752 0.0975874
11.6 18.4 0.0416784 0.141336
11.6 18.8 -0.0448627 0.133561
11.6 19.2 -0.109416 0.0791494
11.6 19.6 -0.129739 -0.000405822
12 -20 0.0509385 0.0757415
12 -19.6 0.0880465 0.0242214
12 -19.2 0.0827373 -0.0387894
12 -18.8 0.0380594 -0.0831741
12 -18.4 -0.0244602 -0.0882676
12 -18 -0.0754802 -0.0521885
12 -17.6 -0.0916501 0.00794261
12 -17.2 -0.0660293 0.0644804
12 -16.8 -0.0106023 0.0920628
12 -16.4 0.0497415 0.0787582
12 -16 0.0885571 0.0307592
12 -15.6 0.089259 -0.0309692
12 -15.2 0.0517521 -0.0801039
12 -14.8 -0.00813982 -0.09609
12 -14.4 -0.0656941 -0.0723188
12 -14 -0.0974902 -0.0183108
12 -13.6 -0.0905854 0.044521
12 -13.2 -0.0472396 0.0914646
12 -12.8 0.0162779 0.103974
12 -12.4 0.0760083 0.076501
12 -12 0.109217 0.0183997
12 -11.6 0.102658 -0.04955
12 -11.2 0.0573471 -0.102601
12 -10.8 -0.0117 -0.120826
12 -10.4 -0.0806094 -0.0962107
12 -10 -0.124887 -0.0356524
12 -9.6 -0.127948 0.0411882
12 -9.2 -0.087001 0.108472
12 -8.8 -0.0142357 0.142982
12 -8.4 0.0671695 0.132107
12 -8 0.130858 0.0781891
12 -7.6 0.156193 -0.00229206
12 -7.2 0.135097 -0.0844105
12 -6.8 0.0744256 -0.143279
12 -6.4 -0.00687309 -0.162248
12 -6 -0.0846201 -0.13791
12 -5.6 -0.137664 -0.0802558
12 -5.2 -0.154493 -0.0082237
12 -4.8 -0.135956 0.0574569
12 -4.4 -0.0934147 0.101315
12 -4 -0.0434522 0.117551
12 -3.6 -0.00140645 0.110493
12 -3.2 0.0237686 0.0913899
12 -2.8 0.0315984 0.0731884
12 -2.4 0.0287775 0.0654909
12 -2 0.0254241 0.0715443
12 -1.6 0.0306581 0.0880863
12 -1.2 0.0492644 0.107674
12 -0.8 0.0805263 0.122236
12 -0.4 0.119325 0.12632
12 0 0.158732 0.118866
12 0.4 0.192876 0.103079
12 0.8 0.218985 0.0847516
12 1.2 0.23797 0.06988
12 1.6 0.253572 0.0625551
12 2 0.270593 0.0637942
12 2.4 0.292969 0.0715522
12 2.8 0.322349 0.0816888
12 3.2 0.357563 0.0893962
12 3.6 0.395001 0.0905498
12 4 0.42966 0.0825895
12 4.4 0.456459 0.0647852
12 4.8 0.471445 0.0379699
12 5.2 0.472631 0.00397468
12 5.6 0.46034 -0.0349683
12 6 0.437077 -0.076648
12 6.4 0.407015 -0.11903
12 6.8 0.375247 -0.160175
12 7.2 0.346924 -0.198027
12 7.6 0.326435 -0.230226
12 8 0.316725 -0.254053
12 8.4 0.318839 -0.266581
12 8.8 0.331752 -0.264997
12 9.2 0.352478 -0.247049
12 9.6 0.376423 -0.211492
12 10 0.3979 -0.158485
12 10.4 0.41073 -0.0898667
12 10.8 0.408891 -0.00934768
12 11.2 0.387205 0.0774186
12 11.6 0.342127 0.162903
12 12 0.272634 0.238033
12 12.4 0.181141 0.29295
12 12.8 0.0742183 0.31834
12 13.2 -0.0372663 0.307323
12 13.6 -0.138994 0.257632
12 14 -0.215289 0.173515
12 14.4 -0.252362 0.0665869
12 14.8 -0.242114 -0.0450957
12 15.2 -0.185435 -0.140075
12 15.6 -0.09374 -0.198338
12 16 0.0122722 -0.206868
12 16.4 0.106947 -0.164204
12 16.8 0.166315 -0.0822617
12 17.2 0.17525 0.0157926
12 17.6 0.132772 0.101569
12 18 0.0533188 0.149922
12 18.4 -0.0370098 0.147196
12 18.8 -0.108553 0.0962566
12 19.2 -0.13805 0.016119
12 19.6 -0.116955 -0.0642449
12.4 -20 0.0192028 0.0871824
12.4 -19.6 0.0711032 0.0541315
12.4 -19.2 0.0893844 -0.00438165
12.4 -18.8 0.0659186 -0.0607826
12.4 -18.4 0.0120048 -0.0890878
12.4 -18 -0.0474416 -0.0767016
12.4 -17.6 -0.0855798 -0.0296234
12.4 -17.2 -0.0856347 0.0308716
12.4 -16.8 -0.0478869 0.078093
12.4 -16.4 0.0110521 0.0916449
12.4 -16 0.0658696 0.0658731
12.4 -15.6 0.0934338 0.0117293
12.4 -15.2 0.0822407 -0.0482736
12.4 -14.8 0.0367188 -0.0895227
12.4 -14.4 -0.0249709 -0.0951614
12.4 -14 -0.0783757 -0.0625065
12.4 -13.6 -0.102304 -0.0038046
12.4 -13.2 -0.0868266 0.0586424
12.4 -12.8 -0.0368903 0.10093
12.4 -12.4 0.0295742 0.106403
12.4 -12 0.0881953 0.0717609
12.4 -11.6 0.11695 0.00834453
12.4 -11.2 0.104106 -0.061778
12.4 -10.8 0.0525554 -0.113521
12.4 -10.4 -0.0209524 -0.127619
12.4 -10 -0.0914605 -0.0975101
12.4 -9.6 -0.134388 -0.0318529
12.4 -9.2 -0.134072 0.0482594
12.4 -8.8 -0.0892606 0.116445
12.4 -8.4 -0.0135874 0.150037
12.4 -8 0.069118 0.137747
12.4 -7.6 0.13299 0.0832867
12.4 -7.2 0.158788 0.00372349
12.4 -6.8 0.139971 -0.0766978
12.4 -6.4 0.0841163 -0.13489
12.4 -6 0.00942781 -0.156343
12.4 -5.6 -0.0621321 -0.139049
12.4 -5.2 -0.112372 -0.0927838
12.4 -4.8 -0.13232 -0.0344219
12.4 -4.4 -0.123851 0.0186576
12.4 -4 -0.0973235 0.0544834
12.4 -3.6 -0.0665612 0.0696756
12.4 -3.2 -0.0433586 0.0690971
12.4 -2.8 -0.0335726 0.0625929
12.4 -2.4 -0.0360168 0.0604382
12.4 -2 -0.04414 0.0693784
12.4 -1.6 -0.0494376 0.0906405
12.4 -1.2 -0.04505 0.120349
12.4 -0.8 -0.0281764 0.151809
12.4 -0.4 -0.000596249 0.178503
12.4 0 0.0325905 0.196581
12.4 0.4 0.0652526 0.205994
12.4 0.8 0.0925469 0.21008
12.4 1.2 0.112431 0.213977
12.4 1.6 0.125969 0.222609
12.4 2 0.136519 0.238975
12.4 2.4 0.148267 0.263255
12.4 2.8 0.164701 0.292878
12.4 3.2 0.187523 0.323336
12.4 3.6 0.216266 0.349404
12.4 4 0.248617 0.366326
12.4 4.4 0.281238 0.370704
12.4 4.8 0.310762 0.360943
12.4 5.2 0.334681 0.337303
12.4 5.6 0.351896 0.30166
12.4 6 0.36285 0.257144
12.4 6.4 0.369245 0.207744
12.4 6.8 0.37347 0.157943
12.4 7.2 0.37788 0.112375
12.4 7.6 0.384106 0.0754759
12.4 8 0.392529 0.0510939
12.4 8.4 0.402036 0.0420908
12.4 8.8 0.410086 0.0499585
12.4 9.2 0.413059 0.0745251
12.4 9.6 0.406811 0.113807
12.4 10 0.387332 0.164038
12.4 10.4 0.351404 0.219866
12.4 10.8 0.29721 0.274697
12.4 11.2 0.224849 0.321157
12.4 11.6 0.136781 0.351701
12.4 12 0.0381374 0.359404
12.4 12.4 -0.0631991 0.338995
12.4 12.8 -0.156938 0.288097
12.4 13.2 -0.231366 0.20851
12.4 13.6 -0.275103 0.107153
12.4 14 -0.279528 -0.00379525
12.4 14.4 -0.241444 -0.108051
12.4 14.8 -0.165243 -0.187867
12.4 15.2 -0.0636583 -0.227914
12.4 15.6 0.0436293 -0.219568
12.4 16 0.13374 -0.164337
12.4 16.4 0.18613 -0.0750653
12.4 16.8 0.188509 0.026053
12.4 17.2 0.141243 0.112662
12.4 17.6 0.058461 0.161531
12.4 18 -0.0351073 0.159793
12.4 18.4 -0.111114 0.109628
12.4 18.8 -0.146483 0.0283796
12.4 19.2 -0.131259 -0.056507
12.4 19.6 -0.0724514 -0.116442
12.8 -20 -0.0150077 0.0862308
12.8 -19.6 0.0438783 0.0759363
12.8 -19.2 0.0824683 0.0305077
12.8 -18.8 0.0833388 -0.0289465
12.8 -18.4 0.0464494 -0.0754371
12.8 -18 -0.0114125 -0.0883125
12.8 -17.6 -0.0645696 -0.062128
12.8 -17.2 -0.0898797 -0.0085061
12.8 -16.8 -0.0765443 0.0493814
12.8 -16.4 -0.0302705 0.0869316
12.8 -16 0.0295854 0.088358
12.8 -15.6 0.0783012 0.0528967
12.8 -15.2 0.0958682 -0.00525926
12.8 -14.8 0.07482 -0.0629066
12.8 -14.4 0.0229281 -0.0970542
12.8 -14 -0.0399937 -0.093777
12.8 -13.6 -0.0897252 -0.0534354
12.8 -13.2 -0.106756 0.00950928
12.8 -12.8 -0.0835476 0.0718477
12.8 -12.4 -0.0273836 0.110112
12.8 -12 0.0421272 0.109139
12.8 -11.6 0.0999794 0.0676825
12.8 -11.2 0.124673 -0.000904069
12.8 -10.8 0.105956 -0.0731747
12.8 -10.4 0.0486657 -0.123726
12.8 -10 -0.0287331 -0.134116
12.8 -9.6 -0.100425 -0.0993935
12.8 -9.2 -0.142134 -0.0299277
12.8 -8.8 -0.139468 0.0521445
12.8 -8.4 -0.092733 0.120535
12.8 -8 -0.0165753 0.153728
12.8 -7.6 0.0653266 0.142011
12.8 -7.2 0.128461 0.0901654
12.8 -6.8 0.155538 0.0150661
12.8 -6.4 0.141562 -0.0606899
12.8 -6 0.0943169 -0.116596
12.8 -5.6 0.0304544 -0.140611
12.8 -5.2 -0.0310159 -0.131967
12.8 -4.8 -0.0752694 -0.099781
12.8 -4.4 -0.095897 -0.0584353
12.8 -4 -0.0956009 -0.0217917
12.8 -3.6 -0.0835771 0.00153069
12.8 -3.2 -0.071001 0.0102528
12.8 -2.8 -0.0665456 0.00953426
12.8 -2.4 -0.073569 0.00786591
12.8 -2 -0.0897482 0.0132489
12.8 -1.6 -0.108903 0.0301899
12.8 -1.2 -0.123983 0.0584944
12.8 -0.8 -0.129923 0.0940143
12.8 -0.4 -0.125341 0.130758
12.8 0 -0.11263 0.163371
12.8 0.4 -0.0966772 0.189019
12.8 0.8 -0.0828795 0.208103
12.8 1.2 -0.0752477 0.223717
12.8 1.6 -0.0752373 0.240241
12.8 2 -0.0815599 0.261657
12.8 2.4 -0.0908669 0.290177
12.8 2.8 -0.0989304 0.325552
12.8 3.2 -0.101869 0.365163
12.8 3.6 -0.0970506 0.404734
12.8 4 -0.0834757 0.43939
12.8 4.4 -0.0616614 0.464726
12.8 4.8 -0.0331721 0.477669
12.8 5.2 -2.62408e-05 0.476981
12.8 5.6 0.035812 0.463393
12.8 6 0.0727194 0.439412
12.8 6.4 0.109436 0.408887
12.8 6.8 0.144869 0.376428
12.8 7.2 0.177794 0.346752
12.8 7.6 0.206576 0.324019
12.8 8 0.22903 0.311247
12.8 8.4 0.242499 0.309845
12.8 8.8 0.244139 0.319355
12.8 9.2 0.231374 0.337421
12.8 9.6 0.202421 0.360009
12.8 10 0.156777 0.381845
12.8 10.4 0.0955968 0.397004
12.8 10.8 0.0218981 0.399589
12.8 11.2 -0.0593986 0.384447
12.8 11.6 -0.14162 0.34789
12.8 12 -0.216693 0.288415
12.8 12.4 -0.275778 0.207394
12.8 12.8 -0.310245 0.109629
12.8 13.2 -0.313056 0.00357471
12.8 13.6 -0.280431 -0.0990551
12.8 14 -0.213522 -0.184547
12.8 14.4 -0.119581 -0.239417
12.8 14.8 -0.0120269 -0.253388
12.8 15.2 0.0910806 -0.222506
12.8 15.6 0.17028 -0.151468
12.8 16 0.209208 -0.054165
12.8 16.4 0.199278 0.0482906
12.8 16.8 0.143092 0.132051
12.8 17.2 0.0551341 0.176687
12.8 17.6 -0.0410329 0.171313
12.8 18 -0.118817 0.118617
12.8 18.4 -0.156371 0.0350876
12.8 18.8 -0.143678 -0.0532463
12.8 19.2 -0.0863762 -0.118647
12.8 19.6 -0.00457117 -0.140739
13.2 -20 -0.0467954 0.0722629
13.2 -19.6 0.00988278 0.0858143
13.2 -19.2 0.0622348 0.0604257
13.2 -18.8 0.0868429 0.00775958
13.2 -18.4 0.0729785 -0.0486903
13.2 -18 0.026886 -0.0841926
13.2 -17.6 -0.0314075 -0.083441
13.2 -17.2 -0.0769757 -0.0467694
13.2 -16.8 -0.0905418 0.0104129
13.2 -16.4 -0.0662786 0.0643487
13.2 -16 -0.0138716 0.0927709
13.2 -15.6 0.0456624 0.0837939
13.2 -15.2 0.0884603 0.0404453
13.2 -14.8 0.0971557 -0.0206908
13.2 -14.4 0.0675227 -0.0759655
13.2 -14 0.0100487 -0.103696
13.2 -13.6 -0.0539932 -0.0923436
13.2 -13.2 -0.100424 -0.0448897
13.2 -12.8 -0.111081 0.0221215
13.2 -12.4 -0.080578 0.0844742
13.2 -12 -0.0184729 0.118989
13.2 -11.6 0.0539219 0.111935
13.2 -11.2 0.110992 0.0641423
13.2 -10.8 0.131889 -0.0090452
13.2 -10.4 0.10799 -0.0829887
13.2 -10 0.0460553 -0.132307
13.2 -9.6 -0.0340368 -0.139709
13.2 -9.2 -0.106161 -0.101935
13.2 -8.8 -0.146919 -0.0307355
13.2 -8.4 -0.143471 0.0514018
13.2 -8 -0.0974881 0.119087
13.2 -7.6 -0.0239466 0.152533
13.2 -7.2 0.0545478 0.143679
13.2 -6.8 0.115643 0.0979196
13.2 -6.4 0.144398 0.0311311
13.2 -6 0.137254 -0.0365583
13.2 -5.6 0.101719 -0.0877629
13.2 -5.2 0.0523311 -0.113047
13.2 -4.8 0.0047695 -0.112717
13.2 -4.4 -0.0295785 -0.0949912
13.2 -4 -0.0467047 -0.0716986
13.2 -3.6 -0.0499616 -0.0534065
13.2 -3.2 -0.0474133 -0.045818
13.2 -2.8 -0.0479316 -0.0485545
13.2 -2.4 -0.0576648 -0.056385
13.2 -2 -0.07812 -0.0620536
13.2 -1.6 -0.106299 -0.0594042
13.2 -1.2 -0.13651 -0.0456031
13.2 -0.8 -0.162911 -0.0217911
13.2 -0.4 -0.181745 0.00782073
13.2 0 -0.19251 0.0378355
13.2 0.4 -0.1978 0.0637098
13.2 0.8 -0.202086 0.083208
13.2 1.2 -0.210006 0.0968669
13.2 1.6 -0.224799 0.107469
13.2 2 -0.247354 0.118854
13.2 2.4 -0.276059 0.134554
13.2 2.8 -0.307352 0.156691
13.2 3.2 -0.336689 0.185429
13.2 3.6 -0.35959 0.219045
13.2 4 -0.372485 0.254496
13.2 4.4 -0.37321 0.288256
13.2 4.8 -0.361145 0.317179
13.2 5.2 -0.337072 0.339174
13.2 5.6 -0.302892 0.353567
13.2 6 -0.261322 0.361123
13.2 6.4 -0.215627 0.363753
13.2 6.8 -0.169425 0.363997
13.2 7.2 -0.126513 0.364388
13.2 7.6 -0.0906647 0.366835
13.2 8 -0.0653698 0.372113
13.2 8.4 -0.0534883 0.37957
13.2 8.8 -0.0568622 0.3871
13.2 9.2 -0.075945 0.391392
13.2 9.6 -0.109532 0.388408
13.2 10 -0.154654 0.374022
13.2 10.4 -0.206679 0.344712
13.2 10.8 -0.25961 0.298214
13.2 11.2 -0.306566 0.234074
13.2 11.6 -0.340398 0.154046
13.2 12 -0.35444 0.0623293
13.2 12.4 -0.343382 -0.0344223
13.2 12.8 -0.304246 -0.127384
13.2 13.2 -0.237392 -0.206267
13.2 13.6 -0.147357 -0.260559
13.2 14 -0.0432217 -0.281298
13.2 14.4 0.0618554 -0.263217
13.2 14.8 0.152223 -0.206797
13.2 15.2 0.212475 -0.119607
13.2 15.6 0.230976 -0.0162171
13.2 16 0.203364 0.083779
13.2 16.4 0.134937 0.159639
13.2 16.8 0.040842 0.194544
13.2 17.2 -0.0565453 0.180558
13.2 17.6 -0.132863 0.121841
13.2 18 -0.168424 0.034698
13.2 18.4 -0.154361 -0.0561323
13.2 18.8 -0.0960717 -0.124314
13.2 19.2 -0.0124091 -0.149999
13.2 19.6 0.0696716 -0.126502
13.6 -20 -0.0710428 0.0466828
13.6 -19.6 -0.0258102 0.0814516
13.6 -19.2 0.0312356 0.0800932
13.6 -18.8 0.0749697 0.043341
13.6 -18.4 0.0864022 -0.0127581
13.6 -18 0.0606096 -0.0640905
13.6 -17.6 0.00845382 -0.0888232
13.6 -17.2 -0.0482904 -0.0764153
13.6 -16.8 -0.0860826 -0.0317051
13.6 -16.4 -0.089169 0.0273183
13.6 -16 -0.0557623 0.0768878
13.6 -15.6 0.00140057 0.0968963
13.6 -15.2 0.0601212 0.078715
13.6 -14.8 0.0973266 0.0284955
13.6 -14.4 0.09788 -0.0351515
13.6 -14 0.0603579 -0.0881238
13.6 -13.6 -0.00228112 -0.109818
13.6 -13.2 -0.067331 -0.0908456
13.6 -12.8 -0.110575 -0.0366798
13.6 -12.4 -0.115145 0.0340928
13.6 -12 -0.0777965 0.0963024
13.6 -11.6 -0.0103293 0.12718
13.6 -11.2 0.0644059 0.114564
13.6 -10.8 0.12049 0.0613699
13.6 -10.4 0.138047 -0.0153074
13.6 -10 0.110201 -0.0901125
13.6 -9.6 0.0454049 -0.138223
13.6 -9.2 -0.0356405 -0.143823
13.6 -8.8 -0.107248 -0.10524
13.6 -8.4 -0.147479 -0.0350293
13.6 -8 -0.145204 0.0448257
13.6 -7.6 -0.103075 0.110646
13.6 -7.2 -0.0356299 0.144824
13.6 -6.8 0.0364574 0.140902
13.6 -6.4 0.0936282 0.104407
13.6 -6 0.123519 0.0495632
13.6 -5.6 0.123862 -0.00651005
13.6 -5.2 0.101576 -0.0497996
13.6 -4.8 0.068853 -0.0734463
13.6 -4.4 0.0380423 -0.0786887
13.6 -4 0.0173319 -0.0728205
13.6 -3.6 0.00864282 -0.0653535
13.6 -3.2 0.00814575 -0.064053
13.6 -2.8 0.00878648 -0.0723066
13.6 -2.4 0.00356633 -0.088566
13.6 -2 -0.0117475 -0.107726
13.6 -1.6 -0.0373813 -0.123614
13.6 -1.2 -0.0699988 -0.131511
13.6 -0.8 -0.104397 -0.129764
13.6 -0.4 -0.135644 -0.120075
13.6 0 -0.160826 -0.106557
13.6 0.4 -0.179861 -0.0940771
13.6 0.8 -0.195219 -0.0865626
13.6 1.2 -0.210833 -0.0858339
13.6 1.6 -0.230639 -0.0912497
13.6 2 -0.257283 -0.100143
13.6 2.4 -0.291326 -0.108775
13.6 2.8 -0.331108 -0.113438
13.6 3.2 -0.373198 -0.111366
13.6 3.6 -0.413204 -0.101232
13.6 4 -0.446704 -0.0831936
13.6 4.4 -0.470062 -0.0585608
13.6 4.8 -0.480992 -0.0292683
13.6 5.2 -0.478839 0.00267308
13.6 5.6 -0.464577 0.0355837
13.6 6 -0.4406 0.0682984
13.6 6.4 -0.410375 0.100112
13.6 6.8 -0.377998 0.130537
13.6 7.2 -0.347703 0.15897
13.6 7.6 -0.323352 0.184371
13.6 8 -0.307934 0.205077
13.6 8.4 -0.303136 0.218796
13.6 8.8 -0.309027 0.222825
13.6 9.2 -0.323916 0.214459
13.6 9.6 -0.34444 0.191521
13.6 10 -0.365871 0.1529
13.6 10.4 -0.382633 0.0990145
13.6 10.8 -0.388957 0.0321097
13.6 11.2 -0.379614 -0.0436611
13.6 11.6 -0.350645 -0.122375
13.6 12 -0.300051 -0.196707
13.6 12.4 -0.228386 -0.258519
13.6 12.8 -0.139199 -0.299702
13.6 13.2 -0.0392317 -0.313269
13.6 13.6 0.0618047 -0.294662
13.6 14 0.15204 -0.243125
13.6 14.4 0.218977 -0.162851
13.6 14.8 0.251716 -0.0634791
13.6 15.2 0.243564 0.0404995
13.6 15.6 0.194449 0.131704
13.6 16 0.112343 0.193147
13.6 16.4 0.0129358 0.212281
13.6 16.8 -0.0828849 0.184804
13.6 17.2 -0.153546 0.116974
13.6 17.6 -0.182369 0.0253279
13.6 18 -0.162662 -0.066683
13.6 18.4 -0.100557 -0.13464
13.6 18.8 -0.0142681 -0.1602
13.6 19.2 0.070556 -0.137042
13.6 19.6 0.128365 -0.073526
14 -20 -0.0832963 0.0130282
14 -19.6 -0.0572269 0.0627345
14 -19.2 -0.00575009 0.0854349
14 -18.8 0.0489088 0.0712978
14 -18.4 0.0833904 0.0262519
14 -18 0.0829928 -0.0308271
14 -17.6 0.0475814 -0.0761555
14 -17.2 -0.00859117 -0.0908253
14 -16.8 -0.0628175 -0.0683649
14 -16.4 -0.0930681 -0.0172007
14 -16 -0.0866726 0.0427517
14 -15.6 -0.0452469 0.0878809
14 -15.2 0.0159028 0.0999972
14 -14.8 0.0735621 0.0733314
14 -14.4 0.10535 0.0168431
14 -14 0.0981654 -0.0489699
14 -13.6 0.0532245 -0.0995629
14 -13.2 -0.0141428 -0.115389
14 -12.8 -0.079891 -0.0891962
14 -12.4 -0.119901 -0.0289025
14 -12 -0.118736 0.0450195
14 -11.6 -0.0753321 0.10673
14 -11.2 -0.00354051 0.134186
14 -10.8 0.0726651 0.116957
14 -10.4 0.127569 0.05989
14 -10 0.14262 -0.0186617
14 -9.6 0.112678 -0.0933139
14 -9.2 0.0474161 -0.140397
14 -8.8 -0.0324211 -0.14579
14 -8.4 -0.102384 -0.109119
14 -8 -0.142499 -0.0430381
14 -7.6 -0.14336 0.0318357
14 -7.2 -0.108153 0.094229
14 -6.8 -0.0502794 0.129023
14 -6.4 0.0121751 0.131248
14 -6 0.0628387 0.106194
14 -5.6 0.0920011 0.066049
14 -5.2 0.0985672 0.024723
14 -4.8 0.0887581 -0.00710052
14 -4.4 0.0724999 -0.0249585
14 -4 0.0591425 -0.0308995
14 -3.6 0.0541462 -0.0314017
14 -3.2 0.0577688 -0.0340597
14 -2.8 0.0658941 -0.044446
14 -2.4 0.0723438 -0.0642611
14 -2 0.0715832 -0.0912324
14 -1.6 0.0607709 -0.120514
14 -1.2 0.0405171 -0.146839
14 -0.8 0.0142817 -0.166532
14 -0.4 -0.0131611 -0.178684
14 0 -0.0375136 -0.185225
14 0.4 -0.0563488 -0.190001
14 0.8 -0.0697038 -0.197343
14 1.2 -0.0797997 -0.210636
14 1.6 -0.0901097 -0.231332
14 2 -0.104159 -0.258639
14 2.4 -0.12445 -0.289835
14 2.8 -0.1518 -0.321029
14 3.2 -0.185196 -0.348074
14 3.6 -0.222135 -0.367374
14 4 -0.259269 -0.376427
14 4.4 -0.293179 -0.374041
14 4.8 -0.321062 -0.36028
14 5.2 -0.341229 -0.336233
14 5.6 -0.353331 -0.303733
14 6 -0.358316 -0.265112
14 6.4 -0.358146 -0.223029
14 6.8 -0.355358 -0.180386
14 7.2 -0.352518 -0.140261
14 7.6 -0.351684 -0.105822
14 8 -0.353934 -0.0801573
14 8.4 -0.359048 -0.0660106
14 8.8 -0.365409 -0.0654197
14 9.2 -0.370138 -0.079328
14 9.6 -0.369469 -0.107239
14 10 -0.359313 -0.146998
14 10.4 -0.335929 -0.194771
14 10.8 -0.296613 -0.245246
14 11.2 -0.240292 -0.292052
14 11.6 -0.16798 -0.328366
14 12 -0.083015 -0.347647
14 12.4 0.00893714 -0.344464
14 12.8 0.100148 -0.315357
14 13.2 0.181418 -0.259683
14 13.6 0.243048 -0.180328
14 14 0.276199 -0.0841046
14 14.4 0.274582 0.0183931
14 14.8 0.236225 0.113737
14 15.2 0.164918 0.187531
14 15.6 0.0707927 0.227106
14 16 -0.0304586 0.224593
14 16.4 -0.119993 0.179634
14 16.8 -0.179656 0.100802
14 17.2 -0.196508 0.00492106
14 17.6 -0.166828 -0.0860435
14 18 -0.0982037 -0.150141
14 18.4 -0.0086574 -0.171418
14 18.8 0.0774994 -0.144967
14 19.2 0.136269 -0.0792143
14 19.6 0.151218 0.00573333
14.4 -20 -0.0807101 -0.0233272
14.4 -19.6 -0.0784827 0.0321437
14.4 -19.2 -0.0422766 0.0745794
14.4 -18.8 0.0127053 0.0858452
14.4 -18.4 0.0634661 0.0609247
14.4 -18 0.0887881 0.00979111
14.4 -17.6 0.0778425 -0.0468264
14.4 -17.2 0.0344573 -0.085875
14.4 -16.8 -0.0244817 -0.0911702
14.4 -16.4 -0.0757091 -0.0597669
14.4 -16 -0.0986547 -0.00313764
14.4 -15.6 -0.0834244 0.0571879
14.4 -15.2 -0.0346962 0.0978003
14.4 -14.8 0.0298858 0.102309
14.4 -14.4 0.0861966 0.0676435
14.4 -14 0.112582 0.00542877
14.4 -13.6 0.0979755 -0.0620899
14.4 -13.2 0.0461871 -0.110087
14.4 -12.8 -0.0252367 -0.12023
14.4 -12.4 -0.0911856 -0.0874611
14.4 -12 -0.127954 -0.022005
14.4 -11.6 -0.12174 0.0541461
14.4 -11.2 -0.0735782 0.114965
14.4 -10.8 0.00103334 0.139514
14.4 -10.4 0.0776259 0.119161
14.4 -10 0.131281 0.0603249
14.4 -9.6 0.145062 -0.0180832
14.4 -9.2 0.115369 -0.0914269
14.4 -8.8 0.0524744 -0.137733
14.4 -8.4 -0.0236751 -0.144668
14.4 -8 -0.0906012 -0.112766
14.4 -7.6 -0.130672 -0.0540749
14.4 -7.2 -0.136137 0.0128833
14.4 -6.8 -0.110321 0.0697448
14.4 -6.4 -0.0649895 0.104043
14.4 -6 -0.015272 0.112194
14.4 -5.6 0.0257764 0.0990553
14.4 -5.2 0.0510354 0.0747023
14.4 -4.8 0.0604908 0.0499695
14.4 -4.4 0.0597288 0.0325155
14.4 -4 0.0567266 0.0247231
14.4 -3.6 0.0583682 0.0238763
14.4 -3.2 0.0679874 0.0241639
14.4 -2.8 0.0846509 0.0194777
14.4 -2.4 0.104152 0.00585387
14.4 -2 0.121071 -0.0172673
14.4 -1.6 0.130987 -0.0472295
14.4 -1.2 0.132027 -0.0794993
14.4 -0.8 0.125296 -0.109503
14.4 -0.4 0.114225 -0.134247
14.4 0 0.103207 -0.153193
14.4 0.4 0.0960784 -0.168214
14.4 0.8 0.0949726 -0.182769
14.4 1.2 0.0998267 -0.200668
14.4 1.6 0.1086 -0.224858
14.4 2 0.118016 -0.256579
14.4 2.4 0.124537 -0.295051
14.4 2.8 0.125247 -0.337701
14.4 3.2 0.118451 -0.380765
14.4 3.6 0.103864 -0.420068
14.4 4 0.0824427 -0.451777
14.4 4.4 0.0559604 -0.472992
14.4 4.8 0.0264895 -0.482087
14.4 5.2 -0.00406932 -0.478838
14.4 5.6 -0.0343027 -0.464348
14.4 6 -0.0633934 -0.440847
14.4 6.4 -0.0910247 -0.411414
14.4 6.8 -0.117128 -0.379648
14.4 7.2 -0.141548 -0.349305
14.4 7.6 -0.163722 -0.323905
14.4 8 -0.182453 -0.306335
14.4 8.4 -0.195849 -0.298452
14.4 8.8 -0.201462 -0.300756
14.4 9.2 -0.196627 -0.312182
14.4 9.6 -0.178943 -0.330062
14.4 10 -0.14682 -0.350311
14.4 10.4 -0.0999966 -0.367823
14.4 10.8 -0.0399175 -0.377055
14.4 11.2 0.0300867 -0.372737
14.4 11.6 0.104869 -0.350615
14.4 12 0.177789 -0.308155
14.4 12.4 0.241269 -0.245141
14.4 12.8 0.287572 -0.16409
14.4 13.2 0.309757 -0.0704271
14.4 13.6 0.302784 0.0276674
14.4 14 0.264665 0.119848
14.4 14.4 0.197477 0.194725
14.4 14.8 0.107995 0.241536
14.4 15.2 0.00758873 0.252236
14.4 15.6 -0.0888943 0.223671
14.4 16 -0.165377 0.159286
14.4 16.4 -0.207731 0.0697256
14.4 16.8 -0.207296 -0.0282166
14.4 17.2 -0.163806 -0.114503
14.4 17.6 -0.0866943 -0.170254
14.4 18 0.00603319 -0.182684
14.4 18.4 0.0915617 -0.149159
14.4 18.8 0.148016 -0.0789335
14.4 19.2 0.160722 0.00845072
14.4 19.6 0.127028 0.0881009
14.8 -20 -0.0628587 -0.0559111
14.8 -19.6 -0.0849602 -0.00531461
14.8 -19.2 -0.0712683 0.0485951
14.8 -18.8 -0.0271202 0.0832275
14.8 -18.4 0.0295634 0.083906
14.8 -18 0.0756489 0.0497627
14.8 -17.6 0.092109 -0.00597509
14.8 -17.2 0.0715919 -0.0612672
14.8 -16.8 0.021347 -0.0939362
14.8 -16.4 -0.0395303 -0.0903411
14.8 -16 -0.0874049 -0.050745
14.8 -15.6 -0.103151 0.0106262
14.8 -15.2 -0.0795235 0.0708245
14.8 -14.8 -0.0241014 0.106749
14.8 -14.4 0.0433145 0.103848
14.8 -14 0.0978871 0.0617133
14.8 -13.6 0.118875 -0.00551416
14.8 -13.2 0.0973404 -0.0741117
14.8 -12.8 0.0395887 -0.119298
14.8 -12.4 -0.0349353 -0.124193
14.8 -12 -0.100515 -0.0859264
14.8 -11.6 -0.134265 -0.0167028
14.8 -11.2 -0.124156 0.0605325
14.8 -10.8 -0.0730673 0.120155
14.8 -10.4 0.00246942 0.142683
14.8 -10 0.0782343 0.121188
14.8 -9.6 0.130686 0.0631284
14.8 -9.2 0.144672 -0.0128204
14.8 -8.8 0.117817 -0.0835254
14.8 -8.4 0.0603177 -0.129151
14.8 -8 -0.00944376 -0.139143
14.8 -7.6 -0.0715479 -0.114549
14.8 -7.2 -0.110948 -0.0662451
14.8 -6.8 -0.121466 -0.0101552
14.8 -6.4 -0.106303 0.0385392
14.8 -6 -0.0753636 0.0700603
14.8 -5.6 -0.0407664 0.0821316
14.8 -5.2 -0.0123808 0.0791721
14.8 -4.8 0.005064 0.0693327
14.8 -4.4 0.0125396 0.0607733
14.8 -4 0.0151458 0.0586272
14.8 -3.6 0.0193324 0.0636193
14.8 -3.2 0.0301203 0.0725511
14.8 -2.8 0.0493267 0.0801609
14.8 -2.4 0.0752695 0.0814569
14.8 -2 0.103817 0.0736063
14.8 -1.6 0.130194 0.0567727
14.8 -1.2 0.150793 0.0337702
14.8 -0.8 0.164349 0.00883003
14.8 -0.4 0.172183 -0.0139648
14.8 0 0.177556 -0.0320077
14.8 0.4 0.184471 -0.0448616
14.8 0.8 0.196379 -0.0541905
14.8 1.2 0.215191 -0.0630609
14.8 1.6 0.240819 -0.0749132
14.8 2 0.271306 -0.0925419
14.8 2.4 0.303387 -0.11736
14.8 2.8 0.333277 -0.149096
14.8 3.2 0.357429 -0.185919
14.8 3.6 0.373116 -0.224911
14.8 4 0.378729 -0.262699
14.8 4.4 0.373804 -0.296117
14.8 4.8 0.358868 -0.322742
14.8 5.2 0.33517 -0.341241
14.8 5.6 0.304428 -0.351506
14.8 6 0.268634 -0.35457
14.8 6.4 0.229954 -0.352358
14.8 6.8 0.190706 -0.34731
14.8 7.2 0.153371 -0.341933
14.8 7.6 0.120576 -0.338333
14.8 8 0.0950068 -0.337798
14.8 8.4 0.0792089 -0.340478
14.8 8.8 0.0752821 -0.345229
14.8 9.2 0.084508 -0.349659
14.8 9.6 0.106974 -0.350389
14.8 10 0.141282 -0.343515
14.8 10.4 0.184412 -0.325222
14.8 10.8 0.231807 -0.292455
14.8 11.2 0.277696 -0.243557
14.8 11.6 0.315629 -0.17878
14.8 12 0.339184 -0.100595
14.8 12.4 0.342772 -0.0137461
14.8 12.8 0.322474 0.0749706
14.8 13.2 0.276815 0.157231
14.8 13.6 0.207418 0.224008
14.8 14 0.119389 0.266703
14.8 14.4 0.0213044 0.278519
14.8 14.8 -0.0753852 0.255962
14.8 15.2 -0.157648 0.200184
14.8 15.6 -0.212881 0.117824
14.8 16 -0.231432 0.0209219
14.8 16.4 -0.209158 -0.0744242
14.8 16.8 -0.149349 -0.150731
14.8 17.2 -0.063271 -0.192806
14.8 17.6 0.0312336 -0.191652
14.8 18 0.113194 -0.147525
14.8 18.4 0.16345 -0.0709978
14.8 18.8 0.169901 0.0187151
14.8 19.2 0.131482 0.0981971
14.8 19.6 0.0593643 0.14611
15.2 -20 -0.0322022 -0.0782724
15.2 -19.6 -0.0744509 -0.0427369
15.2 -19.2 -0.0864007 0.0117232
15.2 -18.8 -0.0625853 0.0628371
15.2 -18.4 -0.0120921 0.0895231
15.2 -18 0.0450999 0.0803526
15.2 -17.6 0.0860488 0.0381214
15.2 -17.2 0.0938922 -0.0211778
15.2 -16.8 0.0645023 -0.0745105
15.2 -16.4 0.0082323 -0.100677
15.2 -16 -0.0538844 -0.088521
15.2 -15.6 -0.0980298 -0.0413565
15.2 -15.2 -0.106618 0.0240454
15.2 -14.8 -0.075047 0.0835569
15.2 -14.4 -0.01366 0.114611
15.2 -14 0.0558522 0.104626
15.2 -13.6 0.108278 0.0558086
15.2 -13.2 0.124063 -0.0154593
15.2 -12.8 0.0964597 -0.084413
15.2 -12.4 0.0340225 -0.126744
15.2 -12 -0.0424121 -0.12723
15.2 -11.6 -0.107102 -0.0850339
15.2 -11.2 -0.138384 -0.013819
15.2 -10.8 -0.126009 0.0632194
15.2 -10.4 -0.0742669 0.121466
15.2 -10 9.97909e-06 0.14314
15.2 -9.6 0.0736118 0.122796
15.2 -9.2 0.124873 0.0683072
15.2 -8.8 0.140486 -0.00266139
15.2 -8.4 0.118945 -0.0691293
15.2 -8 0.0697637 -0.113716
15.2 -7.6 0.00916594 -0.127596
15.2 -7.2 -0.0458791 -0.112027
15.2 -6.8 -0.0830316 -0.0763662
15.2 -6.4 -0.0976183 -0.0337169
15.2 -6 -0.0926323 0.00395104
15.2 -5.6 -0.0761608 0.0294562
15.2 -5.2 -0.0575467 0.0417676
15.2 -4.8 -0.043832 0.0449831
15.2 -4.4 -0.0376845 0.045691
15.2 -4 -0.0372861 0.0499312
15.2 -3.6 -0.03788 0.0609114
15.2 -3.2 -0.0341379 0.0781695
15.2 -2.8 -0.0223536 0.0982403
15.2 -2.4 -0.00170329 0.116342
15.2 -2 0.0257309 0.128315
15.2 -1.6 0.0559931 0.132094
15.2 -1.2 0.0848237 0.128263
15.2 -0.8 0.109151 0.11964
15.2 -0.4 0.12802 0.110175
15.2 0 0.142727 0.103602
15.2 0.4 0.156237 0.102319
15.2 0.8 0.172155 0.106792
15.2 1.2 0.193613 0.115579
15.2 1.6 0.222399 0.125876
15.2 2 0.258515 0.134346
15.2 2.4 0.300216 0.137968
15.2 2.8 0.344422 0.134683
15.2 3.2 0.387364 0.123716
15.2 3.6 0.425257 0.105561
15.2 4 0.454884 0.0816915
15.2 4.4 0.473992 0.0541133
15.2 4.8 0.481488 0.0248969
15.2 5.2 0.477456 -0.0042145
15.2 5.6 0.463052 -0.0320417
15.2 6 0.440321 -0.0580269
15.2 6.4 0.41198 -0.0821195
15.2 6.8 0.38117 -0.104532
15.2 7.2 0.351197 -0.125427
15.2 7.6 0.325236 -0.144606
15.2 8 0.306009 -0.161271
15.2 8.4 0.295449 -0.17392
15.2 8.8 0.294382 -0.180423
15.2 9.2 0.302277 -0.178273
15.2 9.6 0.317131 -0.165004
15.2 10 0.335533 -0.138703
15.2 10.4 0.352942 -0.0985426
15.2 10.8 0.364163 -0.0452181
15.2 11.2 0.363995 0.0187778
15.2 11.6 0.347951 0.0891226
15.2 12 0.312993 0.159896
15.2 12.4 0.258152 0.22407
15.2 12.8 0.184987 0.274229
15.2 13.2 0.0977897 0.303457
15.2 13.6 0.00348642 0.306336
15.2 14 -0.0888295 0.279974
15.2 14.4 -0.168781 0.224913
15.2 14.8 -0.226026 0.145778
15.2 15.2 -0.251942 0.0513973
15.2 15.6 -0.241488 -0.0457982
15.2 16 -0.194885 -0.131288
15.2 16.4 -0.11864 -0.190844
15.2 16.8 -0.0254235 -0.21348
15.2 17.2 0.0675666 -0.194384
15.2 17.6 0.141731 -0.136981
15.2 18 0.181234 -0.0533287
15.2 18.4 0.177231 0.037713
15.2 18.8 0.130931 0.114498
15.2 19.2 0.0542999 0.158033
15.2 19.6 -0.0322563 0.157411
15.6 -20 0.00598323 -0.0853134
15.6 -19.6 -0.0479843 -0.0724916
15.6 -19.2 -0.0835794 -0.0290605
15.6 -18.8 -0.0857909 0.0278183
15.6 -18.4 -0.0529025 0.0753175
15.6 -18 0.00275398 0.0940049
15.6 -17.6 0.05956 0.0755499
15.6 -17.2 0.0949914 0.0261086
15.6 -16.8 0.0943794 -0.0358861
15.6 -16.4 0.0567004 -0.0866703
15.6 -16 -0.00480769 -0.106189
15.6 -15.6 -0.0674466 -0.0858082
15.6 -15.2 -0.107485 -0.0317853
15.6 -14.8 -0.109058 0.0368237
15.6 -14.4 -0.0702094 0.0950602
15.6 -14 -0.00381957 0.121205
15.6 -13.6 0.0669406 0.104774
15.6 -13.2 0.116928 0.0504197
15.6 -12.8 0.128051 -0.0236775
15.6 -12.4 0.0956876 -0.0922765
15.6 -12 0.0302163 -0.131986
15.6 -11.6 -0.0467884 -0.129348
15.6 -11.2 -0.110182 -0.0852302
15.6 -10.8 -0.139846 -0.0140923
15.6 -10.4 -0.127183 0.0613717
15.6 -10 -0.0773475 0.118104
15.6 -9.6 -0.00671194 0.140169
15.6 -9.2 0.0632156 0.123296
15.6 -8.8 0.113034 0.0751758
15.6 -8.4 0.131275 0.0118019
15.6 -8 0.116987 -0.0484828
15.6 -7.6 0.0785679 -0.0909523
15.6 -7.2 0.0297198 -0.108457
15.6 -6.8 -0.0157076 -0.102313
15.6 -6.4 -0.0480826 -0.0802585
15.6 -6 -0.0641934 -0.0526431
15.6 -5.6 -0.066885 -0.0284288
15.6 -5.2 -0.0626896 -0.0124259
15.6 -4.8 -0.0586236 -0.00450959
15.6 -4.4 -0.0594239 -0.000747372
15.6 -4 -0.0661291 0.00430165
15.6 -3.6 -0.0762772 0.0151398
15.6 -3.2 -0.0853745 0.0336416
15.6 -2.8 -0.0888972 0.0586031
15.6 -2.4 -0.0840266 0.0864953
15.6 -2 -0.0705427 0.112969
15.6 -1.6 -0.0506913 0.134474
15.6 -1.2 -0.0282155 0.149428
15.6 -0.8 -0.00699656 0.158595
15.6 -0.4 0.0102007 0.164671
15.6 0 0.0224937 0.171311
15.6 0.4 0.0309932 0.181969
15.6 0.8 0.0383178 0.198912
15.6 1.2 0.047736 0.222674
15.6 1.6 0.0622236 0.252002
15.6 2 0.0836968 0.284245
15.6 2.4 0.112583 0.316007
15.6 2.8 0.147781 0.343854
15.6 3.2 0.186948 0.364906
15.6 3.6 0.227006 0.377208
15.6 4 0.264726 0.379862
15.6 4.4 0.297259 0.372934
15.6 4.8 0.322547 0.357248
15.6 5.2 0.339561 0.334118
15.6 5.6 0.348363 0.305126
15.6 6 0.350013 0.271975
15.6 6.4 0.346344 0.236433
15.6 6.8 0.339652 0.20035
15.6 7.2 0.332326 0.165717
15.6 7.6 0.326453 0.134694
15.6 8 0.323447 0.109582
15.6 8.4 0.323752 0.0926854
15.6 8.8 0.326648 0.0860629
15.6 9.2 0.330229 0.0911963
15.6 9.6 0.33156 0.108618
15.6 10 0.327042 0.137578
15.6 10.4 0.312926 0.175827
15.6 10.8 0.285947 0.219592
15.6 11.2 0.243957 0.263778
15.6 11.6 0.186494 0.302405
15.6 12 0.115166 0.329248
15.6 12.4 0.0337969 0.33861
15.6 12.8 -0.051716 0.326142
15.6 13.2 -0.133839 0.289623
15.6 13.6 -0.204134 0.229599
15.6 14 -0.254248 0.149786
15.6 14.4 -0.277105 0.0571287
15.6 14.8 -0.268206 -0.03859
15.6 15.2 -0.226846 -0.125699
15.6 15.6 -0.157018 -0.192164
15.6 16 -0.0676829 -0.227612
15.6 16.4 0.02789 -0.225569
15.6 16.8 0.113884 -0.18546
15.6 17.2 0.174718 -0.11378
15.6 17.6 0.198438 -0.0238559
15.6 18 0.17995 0.0661243
15.6 18.4 0.123159 0.136735
15.6 18.8 0.0411053 0.171926
15.6 19.2 -0.0463679 0.163493
15.6 19.6 -0.117215 0.114
16 -20 0.0443144 -0.0745725
16 -19.6 -0.0100764 -0.0877726
16 -19.2 -0.0621731 -0.0652012
16 -18.8 -0.0907296 -0.0151076
16 -18.4 -0.083558 0.0430765
16 -18 -0.0424417 0.086309
16 -17.6 0.0173918 0.0969427
16 -17.2 0.0730179 0.0696866
16 -16.8 0.102574 0.0138508
16 -16.4 0.0936878 -0.049988
16 -16 0.0483703 -0.0976512
16 -15.6 -0.017498 -0.110465
16 -15.2 -0.0799119 -0.0823787
16 -14.8 -0.115578 -0.0224188
16 -14.4 -0.110544 0.0484538
16 -14 -0.0654137 0.104905
16 -13.6 0.00477401 0.126393
16 -13.2 0.0759098 0.104564
16 -12.8 0.123402 0.0461844
16 -12.4 0.130813 -0.0293609
16 -12 0.0954294 -0.0969835
16 -11.6 0.0288744 -0.134602
16 -11.2 -0.0472679 -0.130497
16 -10.8 -0.109041 -0.0867789
16 -10.4 -0.138094 -0.0179833
16 -10 -0.127254 0.0544146
16 -9.6 -0.0819673 0.109369
16 -9.2 -0.0174533 0.132845
16 -8.8 0.0470412 0.121448
16 -8.4 0.0946518 0.082195
16 -8 0.115728 0.0289416
16 -7.6 0.109662 -0.0228975
16 -7.2 0.0835191 -0.0613354
16 -6.8 0.0483887 -0.0808667
16 -6.4 0.015055 -0.0828559
16 -6 -0.00943385 -0.0735654
16 -5.6 -0.0232739 -0.0608998
16 -5.2 -0.029304 -0.0512171
16 -4.8 -0.0328815 -0.0473083
16 -4.4 -0.0392531 -0.0480512
16 -4 -0.0514473 -0.0495643
16 -3.6 -0.0693515 -0.0471907
16 -3.2 -0.0901069 -0.0374609
16 -2.8 -0.109469 -0.0193378
16 -2.4 -0.123503 0.00558954
16 -2 -0.129975 0.0338736
16 -1.6 -0.128998 0.0615393
16 -1.2 -0.122828 0.0854519
16 -0.8 -0.114989 0.10427
16 -0.4 -0.109088 0.118738
16 0 -0.107742 0.131311
16 0.4 -0.111895 0.145322
16 0.8 -0.120689 0.163977
16 1.2 -0.131814 0.189488
16 1.6 -0.142197 0.222537
16 2 -0.148781 0.262152
16 2.4 -0.149195 0.305962
16 2.8 -0.142176 0.35069
16 3.2 -0.127691 0.39276
16 3.6 -0.106784 0.428849
16 4 -0.081234 0.45632
16 4.4 -0.0531293 0.473467
16 4.8 -0.024457 0.479611
16 5.2 0.00321178 0.47505
16 5.6 0.0288971 0.460946
16 6 0.0522321 0.439158
16 6.4 0.0733441 0.412074
16 6.8 0.0926286 0.382432
16 7.2 0.110464 0.353125
16 7.6 0.126923 0.326994
16 8 0.141536 0.306563
16 8.4 0.153161 0.293769
16 8.8 0.159999 0.289657
16 9.2 0.159777 0.294129
16 9.6 0.150089 0.305774
16 10 0.128849 0.321837
16 10.4 0.094803 0.338388
16 10.8 0.0479996 0.350683
16 11.2 -0.00986478 0.353718
16 11.6 -0.0753096 0.342899
16 12 -0.14319 0.314766
16 12.4 -0.207086 0.267657
16 12.8 -0.259943 0.202217
16 13.2 -0.294897 0.121678
16 13.6 -0.306219 0.0318407
16 14 -0.290278 -0.0592959
16 14.4 -0.246406 -0.14226
16 14.8 -0.177538 -0.207201
16 15.2 -0.0904579 -0.245305
16 15.6 0.00451765 -0.25038
16 16 0.0945633 -0.220411
16 16.4 0.166111 -0.158718
16 16.8 0.207229 -0.0743445
16 17.2 0.210247 0.0186949
16 17.6 0.174049 0.103472
16 18 0.10532 0.163355
16 18.4 0.0181351 0.185813
16 18.8 -0.0684226 0.165904
16 19.2 -0.134386 0.108365
16 19.6 -0.163925 0.0273956
16.4 -20 0.0746189 -0.047137
16.4 -19.6 0.0317891 -0.0842394
16.4 -19.2 -0.0256445 -0.0883009
16.4 -18.8 -0.0749554 -0.0567151
16.4 -18.4 -0.0961649 -0.00100595
16.4 -18 -0.0799358 0.0575085
16.4 -17.6 -0.0313819 0.0958923
16.4 -17.2 0.0316777 0.0984619
16.4 -16.8 0.0853662 0.0629524
16.4 -16.4 0.108777 0.0016157
16.4 -16 0.0919622 -0.0631868
16.4 -15.6 0.0398525 -0.107247
16.4 -15.2 -0.029372 -0.113529
16.4 -14.8 -0.0908568 -0.0785604
16.4 -14.4 -0.122129 -0.01383
16.4 -14 -0.111272 0.0583061
16.4 -13.6 -0.0612131 0.112646
16.4 -13.2 0.0113771 0.130104
16.4 -12.8 0.0820741 0.104345
16.4 -12.4 0.127291 0.0437625
16.4 -12 0.132318 -0.0317473
16.4 -11.6 0.0959915 -0.0978699
16.4 -11.2 0.0305104 -0.134136
16.4 -10.8 -0.0432571 -0.130425
16.4 -10.4 -0.103057 -0.0895716
16.4 -10 -0.132432 -0.0254878
16.4 -9.6 -0.125375 0.0421873
16.4 -9.2 -0.0871092 0.0947643
16.4 -8.8 -0.0311606 0.120122
16.4 -8.4 0.0258778 0.115512
16.4 -8 0.0698402 0.086964
16.4 -7.6 0.0928722 0.0459659
16.4 -7.2 0.0946432 0.00492408
16.4 -6.8 0.0808974 -0.0268805
16.4 -6.4 0.0602701 -0.0455564
16.4 -6 0.0407485 -0.052621
16.4 -5.6 0.0270541 -0.0531638
16.4 -5.2 0.0196897 -0.0531241
16.4 -4.8 0.0156835 -0.0567956
16.4 -4.4 0.0104656 -0.0654
16.4 -4 7.69139e-06 -0.0770523
16.4 -3.6 -0.0175811 -0.0878927
16.4 -3.2 -0.0414874 -0.0937941
16.4 -2.8 -0.0686956 -0.0919489
16.4 -2.4 -0.0952281 -0.081798
16.4 -2 -0.117591 -0.0650741
16.4 -1.6 -0.133914 -0.0450668
16.4 -1.2 -0.144443 -0.0254538
16.4 -0.8 -0.151328 -0.00912792
16.4 -0.4 -0.157852 0.00261713
16.4 0 -0.167401 0.010348
16.4 0.4 -0.182519 0.0161989
16.4 0.8 -0.204277 0.0231817
16.4 1.2 -0.232078 0.0343388
16.4 1.6 -0.263882 0.0519748
16.4 2 -0.296721 0.0771416
16.4 2.4 -0.327333 0.109455
16.4 2.8 -0.352754 0.147229
16.4 3.2 -0.370746 0.187842
16.4 3.6 -0.38001 0.228232
16.4 4 -0.380192 0.265397
16.4 4.4 -0.371732 0.296821
16.4 4.8 -0.355631 0.320779
16.4 5.2 -0.33321 0.336488
16.4 5.6 -0.305912 0.344132
16.4 6 -0.275196 0.344756
16.4 6.4 -0.242509 0.340077
16.4 6.8 -0.209331 0.332226
16.4 7.2 -0.177255 0.32344
16.4 7.6 -0.148047 0.31574
16.4 8 -0.123654 0.310604
16.4 8.4 -0.106121 0.308693
16.4 8.8 -0.0973979 0.309646
16.4 9.2 -0.0990556 0.312007
16.4 9.6 -0.111937 0.313303
16.4 10 -0.135816 0.310307
16.4 10.4 -0.16913 0.299459
16.4 10.8 -0.208865 0.277421
16.4 11.2 -0.250643 0.241694
16.4 11.6 -0.289046 0.191198
16.4 12 -0.318159 0.126726
16.4 12.4 -0.332279 0.0511865
16.4 12.8 -0.326718 -0.0304315
16.4 13.2 -0.298587 -0.11139
16.4 13.6 -0.247462 -0.183833
16.4 14 -0.175836 -0.239672
16.4 14.4 -0.0892562 -0.271668
16.4 14.8 0.00393412 -0.274595
16.4 15.2 0.0933166 -0.246377
16.4 15.6 0.167603 -0.18898
16.4 16 0.216278 -0.108862
16.4 16.4 0.231517 -0.0167226
16.4 16.8 0.210063 0.0736201
16.4 17.2 0.154645 0.147266
16.4 17.6 0.0744378 0.190992
16.4 18 -0.0158331 0.196252
16.4 18.4 -0.0982909 0.161712
16.4 18.8 -0.155556 0.0945093
16.4 19.2 -0.174933 0.00957913
16.4 19.6 -0.152058 -0.0731921
16.8 -20 0.0896684 -0.00788643
16.8 -19.6 0.0684782 -0.0613539
16.8 -19.2 0.0187077 -0.0921151
16.8 -18.8 -0.0406516 -0.0871539
16.8 -18.4 -0.0863723 -0.0472602
16.8 -18 -0.100004 0.0130583
16.8 -17.6 -0.0751184 0.0709798
16.8 -17.2 -0.019992 0.104027
16.8 -16.8 0.045313 0.0986784
16.8 -16.4 0.0963808 0.05565
16.8 -16 0.11358 -0.0101617
16.8 -15.6 0.0894644 -0.0750619
16.8 -15.2 0.0316558 -0.11524
16.8 -14.8 -0.0398346 -0.115504
16.8 -14.4 -0.0998275 -0.0748261
16.8 -14 -0.127021 -0.00670303
16.8 -13.6 -0.111529 0.0657188
16.8 -13.2 -0.0582154 0.117873
16.8 -12.8 0.0152595 0.1323
16.8 -12.4 0.0847966 0.104432
16.8 -12 0.128191 0.0436919
16.8 -11.6 0.13242 -0.0302317
16.8 -11.2 0.0974199 -0.0943622
16.8 -10.8 0.0352846 -0.13005
16.8 -10.4 -0.0344909 -0.128568
16.8 -10 -0.0917662 -0.0929745
16.8 -9.6 -0.122047 -0.0359646
16.8 -9.2 -0.120256 0.0251332
16.8 -8.8 -0.0910218 0.0742201
16.8 -8.4 -0.0458297 0.101092
16.8 -8 0.00157965 0.103524
16.8 -7.6 0.0397874 0.0864588
16.8 -7.2 0.0627223 0.0590282
16.8 -6.8 0.07038 0.0307615
16.8 -6.4 0.0673894 0.00839567
16.8 -6 0.0602967 -0.00572798
16.8 -5.6 0.054734 -0.01342
16.8 -5.2 0.0534778 -0.0189712
16.8 -4.8 0.0559203 -0.0269013
16.8 -4.4 0.0588897 -0.0400282
16.8 -4 0.058295 -0.0584924
16.8 -3.6 0.0508749 -0.0799292
16.8 -3.2 0.0354109 -0.100547
16.8 -2.8 0.0130589 -0.116604
16.8 -2.4 -0.013193 -0.125711
16.8 -2 -0.0396387 -0.127552
16.8 -1.6 -0.0630998 -0.123853
16.8 -1.2 -0.0818866 -0.117712
16.8 -0.8 -0.0962134 -0.112582
16.8 -0.4 -0.108014 -0.111242
16.8 0 -0.120286 -0.115068
16.8 0.4 -0.13621 -0.123763
16.8 0.8 -0.158307 -0.135538
16.8 1.2 -0.187832 -0.14765
16.8 1.6 -0.224528 -0.157095
16.8 2 -0.26672 -0.161276
16.8 2.4 -0.311687 -0.158487
16.8 2.8 -0.356168 -0.148153
16.8 3.2 -0.396887 -0.130807
16.8 3.6 -0.430995 -0.107857
16.8 4 -0.456365 -0.0812405
16.8 4.4 -0.471745 -0.0530298
16.8 4.8 -0.476769 -0.0250875
16.8 5.2 -0.471883 0.00118439
16.8 5.6 -0.458221 0.0249721
16.8 6 -0.437465 0.0460481
16.8 6.4 -0.411716 0.0646546
16.8 6.8 -0.383355 0.0813
16.8 7.2 -0.354913 0.096504
16.8 7.6 -0.328914 0.110536
16.8 8 -0.307674 0.123186
16.8 8.4 -0.293073 0.133628
16.8 8.8 -0.286295 0.140386
16.8 9.2 -0.287573 0.141459
16.8 9.6 -0.295994 0.134583
16.8 10 -0.309408 0.117624
16.8 10.4 -0.324499 0.0890444
16.8 10.8 -0.337039 0.0483737
16.8 11.2 -0.342331 -0.00340244
16.8 11.6 -0.335813 -0.0636179
16.8 12 -0.313735 -0.127933
16.8 12.4 -0.273841 -0.190608
16.8 12.8 -0.215933 -0.245034
16.8 13.2 -0.142231 -0.284486
16.8 13.6 -0.0574572 -0.30301
16.8 14 0.0314183 -0.296357
16.8 14.4 0.115777 -0.262837
16.8 14.8 0.186289 -0.203981
16.8 15.2 0.234134 -0.124868
16.8 15.6 0.252399 -0.0339922
16.8 16 0.237495 0.0574399
16.8 16.4 0.19033 0.136842
16.8 16.8 0.116952 0.192148
16.8 17.2 0.0283543 0.214064
16.8 17.6 -0.0607863 0.198287
16.8 18 -0.134449 0.147139
16.8 18.4 -0.178414 0.0700561
16.8 18.8 -0.183624 -0.0175116
16.8 19.2 -0.148893 -0.0968821
16.8 19.6 -0.0820902 -0.150232
17.2 -20 0.0849774 0.035131
17.2 -19.6 0.0911458 -0.0230113
17.2 -19.2 0.0610046 -0.0743428
17.2 -18.8 0.00530233 -0.0982932
17.2 -18.4 -0.0549243 -0.0845222
17.2 -18 -0.0963518 -0.0371096
17.2 -17.6 -0.102331 0.0267769
17.2 -17.2 -0.0693741 0.0832435
17.2 -16.8 -0.00868099 0.110648
17.2 -16.4 0.0578771 0.0977927
17.2 -16 0.105807 0.0482289
17.2 -15.6 0.117038 -0.0209177
17.2 -15.2 0.0865898 -0.0851476
17.2 -14.8 0.0244067 -0.121461
17.2 -14.4 -0.0482434 -0.11661
17.2 -14 -0.106396 -0.0717257
17.2 -13.6 -0.130184 -0.0017358
17.2 -13.2 -0.111611 0.0700685
17.2 -12.8 -0.0569614 0.120201
17.2 -12.4 0.015809 0.132889
17.2 -12 0.0835307 0.104968
17.2 -11.6 0.125666 0.0462457
17.2 -11.2 0.130753 -0.0244737
17.2 -10.8 0.0993587 -0.0860278
17.2 -10.4 0.0428548 -0.121715
17.2 -10 -0.0211766 -0.123999
17.2 -9.6 -0.0750144 -0.0957442
17.2 -9.2 -0.106162 -0.0480009
17.2 -8.8 -0.110322 0.00451538
17.2 -8.4 -0.0913272 0.0484215
17.2 -8 -0.0585071 0.0754331
17.2 -7.6 -0.022751 0.0838439
17.2 -7.2 0.00719632 0.0776056
17.2 -6.8 0.0270145 0.0637299
17.2 -6.4 0.0371444 0.0491912
17.2 -6 0.0414224 0.038478
17.2 -5.6 0.0447972 0.0325193
17.2 -5.2 0.0510963 0.0291093
17.2 -4.8 0.0616217 0.0244115
17.2 -4.4 0.0749298 0.0148179
17.2 -4 0.0876782 -0.00155809
17.2 -3.6 0.0960705 -0.0242282
17.2 -3.2 0.0973013 -0.0506231
17.2 -2.8 0.0905019 -0.0770979
17.2 -2.4 0.0769299 -0.100215
17.2 -2 0.0594395 -0.117846
17.2 -1.6 0.0414909 -0.129753
17.2 -1.2 0.0260663 -0.137552
17.2 -0.8 0.0148293 -0.144121
17.2 -0.4 0.00774011 -0.152721
17.2 0 0.00317663 -0.166084
17.2 0.4 -0.00154056 -0.18574
17.2 0.8 -0.0094079 -0.211701
17.2 1.2 -0.022997 -0.242533
17.2 1.6 -0.0438854 -0.275738
17.2 2 -0.07236 -0.308295
17.2 2.4 -0.107412 -0.337234
17.2 2.8 -0.146977 -0.360094
17.2 3.2 -0.188325 -0.375215
17.2 3.6 -0.228515 -0.38183
17.2 4 -0.26481 -0.379993
17.2 4.4 -0.295016 -0.370399
17.2 4.8 -0.317698 -0.354145
17.2 5.2 -0.332272 -0.332518
17.2 5.6 -0.339002 -0.30683
17.2 6 -0.338896 -0.278335
17.2 6.4 -0.333547 -0.248226
17.2 6.8 -0.324911 -0.217688
17.2 7.2 -0.315066 -0.187994
17.2 7.6 -0.305932 -0.160578
17.2 8 -0.299003 -0.137076
17.2 8.4 -0.295091 -0.119275
17.2 8.8 -0.294128 -0.108975
17.2 9.2 -0.295055 -0.107751
17.2 9.6 -0.295844 -0.116642
17.2 10 -0.29367 -0.135823
17.2 10.4 -0.285244 -0.164314
17.2 10.8 -0.267285 -0.199795
17.2 11.2 -0.237081 -0.238605
17.2 11.6 -0.193063 -0.275947
17.2 12 -0.1353 -0.306323
17.2 12.4 -0.0658261 -0.324157
17.2 12.8 0.0112825 -0.324546
17.2 13.2 0.0901197 -0.304045
17.2 13.6 0.163461 -0.261359
17.2 14 0.223548 -0.197867
17.2 14.4 0.263071 -0.117846
17.2 14.8 0.276261 -0.0283366
17.2 15.2 0.259965 0.0614061
17.2 15.6 0.214537 0.140889
17.2 16 0.144387 0.199756
17.2 16.4 0.0579788 0.229432
17.2 16.8 -0.0328606 0.224839
17.2 17.2 -0.114421 0.185856
17.2 17.6 -0.173287 0.11815
17.2 18 -0.198943 0.0329949
17.2 18.4 -0.18631 -0.0541632
17.2 18.8 -0.137566 -0.126379
17.2 19.2 -0.0625878 -0.16875
17.2 19.6 0.0224071 -0.172083
17.6 -20 0.0602241 0.0721992
17.6 -19.6 0.0934168 0.0228331
17.6 -19.2 0.0909009 -0.0376986
17.6 -18.8 0.0524728 -0.0859897
17.6 -18.4 -0.00810529 -0.102819
17.6 -18 -0.0681879 -0.0806393
17.6 -17.6 -0.104783 -0.026649
17.6 -17.2 -0.103287 0.0397278
17.6 -16.8 -0.0630965 0.094008
17.6 -16.4 0.0020175 0.115744
17.6 -16 0.0688928 0.0961249
17.6 -15.6 0.113423 0.0412592
17.6 -15.2 0.119297 -0.0300284
17.6 -14.8 0.0838254 -0.0929945
17.6 -14.4 0.018769 -0.125799
17.6 -14 -0.0539808 -0.117106
17.6 -13.6 -0.110177 -0.0697861
17.6 -13.2 -0.131545 0.00045673
17.6 -12.8 -0.111713 0.0708176
17.6 -12.4 -0.0577991 0.119254
17.6 -12 0.0126282 0.131637
17.6 -11.6 0.0778603 0.105793
17.6 -11.2 0.119229 0.0513005
17.6 -10.8 0.126667 -0.0145127
17.6 -10.4 0.100956 -0.0726706
17.6 -10 0.052253 -0.108502
17.6 -9.6 -0.00416178 -0.115495
17.6 -9.2 -0.0531839 -0.0960593
17.6 -8.8 -0.0843381 -0.0593651
17.6 -8.4 -0.0940557 -0.0174011
17.6 -8 -0.0853689 0.0191742
17.6 -7.6 -0.0655504 0.0439867
17.6 -7.2 -0.0428381 0.0559324
17.6 -6.8 -0.0235069 0.0582168
17.6 -6.4 -0.0102166 0.0561327
17.6 -6 -0.00196302 0.0545724
17.6 -5.6 0.00464601 0.0561888
17.6 -5.2 0.0134821 0.0607328
17.6 -4.8 0.0271427 0.0655933
17.6 -4.4 0.0459515 0.0671461
17.6 -4 0.0679489 0.0623027
17.6 -3.6 0.0897293 0.0496807
17.6 -3.2 0.107715 0.030043
17.6 -2.8 0.119377 0.00595038
17.6 -2.4 0.123997 -0.0191573
17.6 -2 0.122793 -0.0420844
17.6 -1.6 0.118436 -0.0608326
17.6 -1.2 0.114179 -0.075114
17.6 -0.8 0.112905 -0.0863316
17.6 -0.4 0.116367 -0.0970961
17.6 0 0.124801 -0.11047
17.6 0.4 0.136958 -0.129166
17.6 0.8 0.150488 -0.154913
17.6 1.2 0.162538 -0.188093
17.6 1.6 0.170384 -0.227712
17.6 2 0.171957 -0.271634
17.6 2.4 0.166167 -0.316997
17.6 2.8 0.153 -0.360687
17.6 3.2 0.133399 -0.399779
17.6 3.6 0.109002 -0.431866
17.6 4 0.0817969 -0.455266
17.6 4.4 0.0537845 -0.469088
17.6 4.8 0.0266846 -0.473202
17.6 5.2 0.0017413 -0.468149
17.6 5.6 -0.0203683 -0.455019
17.6 6 -0.039517 -0.435331
17.6 6.4 -0.0560179 -0.410932
17.6 6.8 -0.0704432 -0.3839
17.6 7.2 -0.0833994 -0.356446
17.6 7.6 -0.0952925 -0.330804
17.6 8 -0.106118 -0.309082
17.6 8.4 -0.115312 -0.293069
17.6 8.8 -0.121699 -0.284015
17.6 9.2 -0.123558 -0.282396
17.6 9.6 -0.118821 -0.287706
17.6 10 -0.105401 -0.298326
17.6 10.4 -0.0815986 -0.311522
17.6 10.8 -0.0465568 -0.323607
17.6 11.2 -0.000662276 -0.330277
17.6 11.6 0.0541659 -0.327122
17.6 12 0.114385 -0.31025
17.6 12.4 0.174984 -0.276943
17.6 12.8 0.229895 -0.226261
17.6 13.2 0.272645 -0.159481
17.6 13.6 0.297178 -0.0802797
17.6 14 0.298753 0.00539083
17.6 14.4 0.274805 0.0897701
17.6 14.8 0.225643 0.164088
17.6 15.2 0.154861 0.219644
17.6 15.6 0.0693475 0.249067
17.6 16 -0.0211926 0.247618
17.6 16.4 -0.10526 0.214355
17.6 16.8 -0.171094 0.152893
17.6 17.2 -0.208585 0.0715561
17.6 17.6 -0.211302 -0.0173372
17.6 18 -0.178238 -0.0991146
17.6 18.4 -0.114801 -0.159234
17.6 18.8 -0.0326033 -0.186244
17.6 19.2 0.0521858 -0.174613
17.6 19.6 0.121882 -0.126671
18 -20 0.0198515 0.0940878
18 -19.6 0.0732748 0.0656316
18 -19.2 0.100143 0.010155
18 -18.8 0.0891284 -0.051643
18 -18.4 0.0432444 -0.0961355
18 -18 -0.0210912 -0.105775
18 -17.6 -0.0801156 -0.0758432
18 -17.2 -0.11159 -0.0163813
18 -16.8 -0.103117 0.0514232
18 -16.4 -0.0567975 0.103001
18 -16 0.0114988 0.119388
18 -15.6 0.0778868 0.094094
18 -15.2 0.119067 0.0353663
18 -14.8 0.120567 -0.0368784
18 -14.4 0.0816697 -0.0982
18 -14 0.0153549 -0.128168
18 -13.6 -0.0565065 -0.117203
18 -13.2 -0.110817 -0.0694008
18 -12.8 -0.130947 -0.000567602
18 -12.4 -0.111811 0.0675527
18 -12 -0.0607656 0.114636
18 -11.6 0.0056305 0.128098
18 -11.2 0.0675654 0.106354
18 -10.8 0.108376 0.0582247
18 -10.4 0.119244 -0.00089763
18 -10 0.100851 -0.054491
18 -9.6 0.0618184 -0.0899673
18 -9.2 0.0149063 -0.101761
18 -8.8 -0.0274827 -0.0917238
18 -8.4 -0.0569063 -0.067127
18 -8 -0.0705658 -0.0373093
18 -7.6 -0.0708471 -0.0103221
18 -7.2 -0.0632588 0.00931988
18 -6.8 -0.0537568 0.0212278
18 -6.4 -0.0464822 0.0281802
18 -6 -0.0426148 0.0342387
18 -5.6 -0.0405363 0.0427673
18 -5.2 -0.037011 0.0550731
18 -4.8 -0.0287889 0.0700455
18 -4.4 -0.0139923 0.0847611
18 -4 0.00717276 0.0956958
18 -3.6 0.0325348 0.100035
18 -3.2 0.0587568 0.0966198
18 -2.8 0.0824653 0.0862571
18 -2.4 0.101303 0.0713712
18 -2 0.114582 0.0551811
18 -1.6 0.123389 0.0407119
18 -1.2 0.130174 0.0299476
18 -0.8 0.138003 0.0233494
18 -0.4 0.149712 0.0198228
18 0 0.167212 0.0170859
18 0.4 0.19107 0.0122925
18 0.8 0.22045 0.00272607
18 1.2 0.253356 -0.0136055
18 1.6 0.287083 -0.0375873
18 2 0.318738 -0.068874
18 2.4 0.345717 -0.106006
18 2.8 0.366045 -0.1467
18 3.2 0.37856 -0.188236
18 3.6 0.382916 -0.227852
18 4 0.379466 -0.263087
18 4.4 0.369066 -0.292042
18 4.8 0.352857 -0.313526
18 5.2 0.332071 -0.327117
18 5.6 0.307896 -0.333128
18 6 0.281418 -0.33252
18 6.4 0.253624 -0.326756
18 6.8 0.225469 -0.317625
18 7.2 0.197967 -0.307039
18 7.6 0.17228 -0.296808
18 8 0.14977 -0.288401
18 8.4 0.131983 -0.282731
18 8.8 0.120546 -0.279957
18 9.2 0.11698 -0.279358
18 9.6 0.122431 -0.279315
18 10 0.137366 -0.277406
18 10.4 0.161271 -0.270664
18 10.8 0.192441 -0.255959
18 11.2 0.227893 -0.230494
18 11.6 0.263472 -0.192352
18 12 0.294178 -0.140996
18 12.4 0.314686 -0.0776633
18 12.8 0.320023 -0.00554026
18 13.2 0.306326 0.0703259
18 13.6 0.271554 0.14341
18 14 0.216071 0.206375
18 14.4 0.142967 0.25196
18 14.8 0.0580556 0.274006
18 15.2 -0.0305264 0.26849
18 15.6 -0.113112 0.234434
18 16 -0.17967 0.174522
18 16.4 -0.221249 0.0952782
18 16.8 -0.231528 0.00666357
18 17.2 -0.208253 -0.0789908
18 17.6 -0.15424 -0.148695
18 18 -0.0776418 -0.190998
18 18.4 0.00879057 -0.198332
18 18.8 0.0895553 -0.169028
18 19.2 0.149205 -0.108425
18 19.6 0.175654 -0.0285879
18.4 -20 -0.0274571 0.0944086
18.4 -19.6 0.0340994 0.0946059
18.4 -19.2 0.0849534 0.0579973
18.4 -18.8 0.105176 -0.00247957
18.4 -18.4 0.0861079 -0.0644838
18.4 -18 0.0337887 -0.10464
18.4 -17.6 -0.0331608 -0.107329
18.4 -17.2 -0.0903859 -0.0705849
18.4 -16.8 -0.11677 -0.00688832
18.4 -16.4 -0.102168 0.0613677
18.4 -16 -0.0510593 0.110006
18.4 -15.6 0.0191512 0.121728
18.4 -15.2 0.0844306 0.0921578
18.4 -14.8 0.122624 0.0311528
18.4 -14.4 0.121052 -0.0409183
18.4 -14 0.0805375 -0.100411
18.4 -13.6 0.0146407 -0.128454
18.4 -13.2 -0.0553972 -0.116968
18.4 -12.8 -0.107977 -0.0707229
18.4 -12.4 -0.128091 -0.00499351
18.4 -12 -0.111574 0.0600322
18.4 -11.6 -0.0654853 0.105948
18.4 -11.2 -0.00485626 0.121601
18.4 -10.8 0.052732 0.105662
18.4 -10.4 0.0927153 0.0658057
18.4 -10 0.10743 0.0151805
18.4 -9.6 0.0972861 -0.0323025
18.4 -9.2 0.06924 -0.0661739
18.4 -8.8 0.033496 -0.0818153
18.4 -8.4 -0.00020973 -0.0805879
18.4 -8 -0.0254476 -0.0680372
18.4 -7.6 -0.0402817 -0.0511105
18.4 -7.2 -0.046715 -0.035502
18.4 -6.8 -0.0489126 -0.0239963
18.4 -6.4 -0.051042 -0.0161887
18.4 -6 -0.0555546 -0.00942067
18.4 -5.6 -0.0624314 -0.000379334
18.4 -5.2 -0.069494 0.0133224
18.4 -4.8 -0.0734942 0.0321453
18.4 -4.4 -0.0714778 0.0544701
18.4 -4 -0.0619045 0.0772258
18.4 -3.6 -0.0451693 0.0969815
18.4 -3.2 -0.0234227 0.111078
18.4 -2.8 0.000169699 0.118423
18.4 -2.4 0.0224293 0.119743
18.4 -2 0.0410933 0.117262
18.4 -1.6 0.0554045 0.113994
18.4 -1.2 0.0662339 0.112859
18.4 -0.8 0.0757593 0.115925
18.4 -0.4 0.086838 0.123921
18.4 0 0.102271 0.136144
18.4 0.4 0.124148 0.150692
18.4 0.8 0.153417 0.164954
18.4 1.2 0.189727 0.176189
18.4 1.6 0.231546 0.182062
18.4 2 0.276473 0.181033
18.4 2.4 0.32165 0.172549
18.4 2.8 0.364188 0.157034
18.4 3.2 0.401517 0.135717
18.4 3.6 0.431636 0.110359
18.4 4 0.453231 0.0829334
18.4 4.4 0.465699 0.055335
18.4 4.8 0.469087 0.0291383
18.4 5.2 0.46399 0.00544464
18.4 5.6 0.451444 -0.0151804
18.4 6 0.432823 -0.0326813
18.4 6.4 0.409754 -0.0474113
18.4 6.8 0.384052 -0.0599722
18.4 7.2 0.357653 -0.0710182
18.4 7.6 0.332532 -0.0810475
18.4 8 0.310591 -0.0902098
18.4 8.4 0.29351 -0.0981602
18.4 8.8 0.282555 -0.103987
18.4 9.2 0.278369 -0.106242
18.4 9.6 0.280765 -0.103079
18.4 10 0.288576 -0.0925229
18.4 10.4 0.299602 -0.0728156
18.4 10.8 0.310684 -0.042832
18.4 11.2 0.317961 -0.00248083
18.4 11.6 0.317276 0.0469731
18.4 12 0.304724 0.10274
18.4 12.4 0.277275 0.160551
18.4 12.8 0.233381 0.214952
18.4 13.2 0.173463 0.259839
18.4 13.6 0.100206 0.289192
18.4 14 0.0185487 0.297928
18.4 14.4 -0.0646378 0.282752
18.4 14.8 -0.141213 0.242901
18.4 15.2 -0.202711 0.180636
18.4 15.6 -0.241492 0.101383
18.4 16 -0.251967 0.0134398
18.4 16.4 -0.231729 -0.0728102
18.4 16.8 -0.182403 -0.146149
18.4 17.2 -0.110003 -0.196156
18.4 17.6 -0.0246024 -0.21503
18.4 18 0.0607865 -0.199305
18.4 18.4 0.132126 -0.151087
18.4 18.8 0.176844 -0.0784213
18.4 19.2 0.186502 0.00551151
18.4 19.6 0.159042 0.0844794
18.8 -20 -0.0704853 0.0715746
18.8 -19.6 -0.0155789 0.101511
18.8 -19.2 0.0475381 0.0935983
18.8 -18.8 0.095057 0.0497273
18.8 -18.4 0.108608 -0.014574
18.8 -18 0.0822263 -0.075854
18.8 -17.6 0.0246595 -0.111427
18.8 -17.2 -0.0437996 -0.107753
18.8 -16.8 -0.0987253 -0.0653972
18.8 -16.4 -0.120404 0.00122533
18.8 -16 -0.100847 0.0691025
18.8 -15.6 -0.0464667 0.114863
18.8 -15.2 0.0244136 0.122938
18.8 -14.8 0.0881541 0.0907321
18.8 -14.4 0.123987 0.0291191
18.8 -14 0.120863 -0.0417065
18.8 -13.6 0.0806635 -0.0993135
18.8 -13.2 0.0168895 -0.126447
18.8 -12.8 -0.0503867 -0.11623
18.8 -12.4 -0.101333 -0.0735725
18.8 -12 -0.122496 -0.0126625
18.8 -11.6 -0.11031 0.0482639
18.8 -11.2 -0.0710972 0.0928635
18.8 -10.8 -0.0179823 0.111322
18.8 -10.4 0.0339115 0.102349
18.8 -10 0.0721842 0.0722501
18.8 -9.6 0.0903001 0.0317944
18.8 -9.2 0.0883799 -0.00776022
18.8 -8.8 0.0717775 -0.0380702
18.8 -8.4 0.0482867 -0.0555289
18.8 -8 0.0251426 -0.0611988
18.8 -7.6 0.0068452 -0.0592312
18.8 -7.2 -0.00562028 -0.0545893
18.8 -6.8 -0.0141707 -0.0509863
18.8 -6.4 -0.0220968 -0.0497067
18.8 -6 -0.0323245 -0.0495618
18.8 -5.6 -0.0461193 -0.0477926
18.8 -5.2 -0.0626209 -0.0414408
18.8 -4.8 -0.0792467 -0.0286282
18.8 -4.4 -0.092697 -0.00930378
18.8 -4 -0.100137 0.0147291
18.8 -3.6 -0.10013 0.0404297
18.8 -3.2 -0.0930491 0.0645037
18.8 -2.8 -0.0808844 0.0843995
18.8 -2.4 -0.0665826 0.0990102
18.8 -2 -0.0531577 0.108905
18.8 -1.6 -0.0428576 0.116076
18.8 -1.2 -0.0366071 0.123332
18.8 -0.8 -0.0338422 0.13353
18.8 -0.4 -0.03273 0.148873
18.8 0 -0.0306684 0.170423
18.8 0.4 -0.0249138 0.197921
18.8 0.8 -0.0131766 0.229903
18.8 1.2 0.00593669 0.264045
18.8 1.6 0.0327007 0.29762
18.8 2 0.0662749 0.327967
18.8 2.4 0.104894 0.352868
18.8 2.8 0.146179 0.370797
18.8 3.2 0.187493 0.381003
18.8 3.6 0.226284 0.383466
18.8 4 0.260356 0.378752
18.8 4.4 0.288072 0.367815
18.8 4.8 0.30845 0.351799
18.8 5.2 0.32119 0.331872
18.8 5.6 0.326639 0.30911
18.8 6 0.3257 0.284458
18.8 6.4 0.319712 0.258739
18.8 6.8 0.310307 0.232725
18.8 7.2 0.299237 0.207224
18.8 7.6 0.288189 0.183175
18.8 8 0.278591 0.161704
18.8 8.4 0.271409 0.144135
18.8 8.8 0.266974 0.131919
18.8 9.2 0.264848 0.126486
18.8 9.6 0.263771 0.12902
18.8 10 0.261709 0.140182
18.8 10.4 0.256034 0.159827
18.8 10.8 0.243834 0.186768
18.8 11.2 0.222335 0.218637
18.8 11.6 0.189398 0.251911
18.8 12 0.144015 0.282134
18.8 12.4 0.0867282 0.30433
18.8 12.8 0.0198927 0.313598
18.8 13.2 -0.0523033 0.305808
18.8 13.6 -0.12409 0.278318
18.8 14 -0.188651 0.230595
18.8 14.4 -0.238908 0.164628
18.8 14.8 -0.268466 0.0850509
18.8 15.2 -0.272618 -0.0011056
18.8 15.6 -0.249262 -0.0850406
18.8 16 -0.199593 -0.157175
18.8 16.4 -0.128416 -0.208427
18.8 16.8 -0.0439675 -0.231633
18.8 17.2 0.0428468 -0.222926
18.8 17.6 0.119796 -0.182829
18.8 18 0.17516 -0.116792
18.8 18.4 0.199828 -0.0349347
18.8 18.8 0.189303 0.0491563
18.8 19.2 0.145151 0.120557
18.8 19.6 0.0754415 0.165807
19.2 -20 -0.0981039 0.0297604
19.2 -19.6 -0.0637515 0.0830967
19.2 -19.2 -0.00383894 0.106894
19.2 -18.8 0.0597601 0.0913829
19.2 -18.4 0.103437 0.041341
19.2 -18 0.11063 -0.0256003
19.2 -17.6 0.0779598 -0.0854246
19.2 -17.2 0.0164484 -0.116502
19.2 -16.8 -0.0525191 -0.107391
19.2 -16.4 -0.104923 -0.0608376
19.2 -16 -0.122619 0.00738905
19.2 -15.6 -0.0995503 0.0742302
19.2 -15.2 -0.0435334 0.117449
19.2 -14.8 0.0268216 0.123149
19.2 -14.4 0.0887445 0.0901039
19.2 -14 0.123 0.0295909
19.2 -13.6 0.119947 -0.0389466
19.2 -13.2 0.0820157 -0.0946273
19.2 -12.8 0.0220769 -0.121814
19.2 -12.4 -0.0414215 -0.114527
19.2 -12 -0.090615 -0.077365
19.2 -11.6 -0.11354 -0.0229856
19.2 -11.2 -0.10698 0.0326198
19.2 -10.8 -0.0762332 0.0752725
19.2 -10.4 -0.0322877 0.0964578
19.2 -10 0.0123042 0.0948382
19.2 -9.6 0.0473418 0.0753078
19.2 -9.2 0.067453 0.0462954
19.2 -8.8 0.0725875 0.0164893
19.2 -8.4 0.0667256 -0.00784778
19.2 -8 0.0555604 -0.0242043
19.2 -7.6 0.0441223 -0.033605
19.2 -7.2 0.035158 -0.0392296
19.2 -6.8 0.0286756 -0.0445616
19.2 -6.4 0.0225927 -0.0518035
19.2 -6 0.0140603 -0.0610686
19.2 -5.6 0.00087487 -0.0705044
19.2 -5.2 -0.0175376 -0.0771593
19.2 -4.8 -0.0398546 -0.0781761
19.2 -4.4 -0.0633054 -0.071855
19.2 -4 -0.0845972 -0.0582365
19.2 -3.6 -0.100957 -0.0390659
19.2 -3.2 -0.110944 -0.0172173
19.2 -2.8 -0.1148 0.00418861
19.2 -2.4 -0.114295 0.0226759
19.2 -2 -0.112149 0.0370569
19.2 -1.6 -0.111254 0.0476782
19.2 -1.2 -0.113916 0.0562485
19.2 -0.8 -0.121313 0.0653427
19.2 -0.4 -0.133275 0.0777446
19.2 0 -0.148389 0.0958018
19.2 0.4 -0.164371 0.120937
19.2 0.8 -0.178568 0.153398
19.2 1.2 -0.18849 0.192255
19.2 1.6 -0.192232 0.235613
19.2 2 -0.188744 0.280952
19.2 2.4 -0.177919 0.325517
19.2 2.8 -0.160512 0.366679
19.2 3.2 -0.13794 0.402211
19.2 3.6 -0.112012 0.430464
19.2 4 -0.0846442 0.450433
19.2 4.4 -0.0576092 0.461739
19.2 4.8 -0.032341 0.464556
19.2 5.2 -0.00981476 0.459509
19.2 5.6 0.00949484 0.447575
19.2 6 0.0255827 0.429996
19.2 6.4 0.0388206 0.408212
19.2 6.8 0.0498173 0.383814
19.2 7.2 0.0592467 0.358497
19.2 7.6 0.067665 0.334006
19.2 8 0.0753362 0.312054
19.2 8.4 0.0820921 0.294198
19.2 8.8 0.08725 0.281686
19.2 9.2 0.0896127 0.275266
19.2 9.6 0.0875667 0.274996
19.2 10 0.0792858 0.280084
19.2 10.4 0.0630305 0.288796
19.2 10.8 0.037512 0.298477
19.2 11.2 0.00227543 0.305723
19.2 11.6 -0.0419634 0.306696
19.2 12 -0.0930959 0.297595
19.2 12.4 -0.147577 0.275218
19.2 12.8 -0.200606 0.237545
19.2 13.2 -0.246545 0.184271
19.2 13.6 -0.279548 0.117158
19.2 14 -0.294348 0.0401589
19.2 14.4 -0.287081 -0.0407756
19.2 14.8 -0.256058 -0.118211
19.2 15.2 -0.202339 -0.184042
19.2 15.6 -0.129994 -0.230533
19.2 16 -0.0459741 -0.25147
19.2 16.4 0.0404674 -0.243275
19.2 16.8 0.118801 -0.205913
19.2 17.2 0.178623 -0.143394
19.2 17.6 0.211284 -0.0637265
19.2 18 0.211527 0.0218246
19.2 18.4 0.178828 0.100183
19.2 18.8 0.118117 0.158515
19.2 19.2 0.0395645 0.186614
19.2 19.6 -0.0427209 0.179183
19.6 -20 -0.102223 -0.0215681
19.6 -19.6 -0.0977855 0.042525
19.6 -19.2 -0.0564757 0.0929715
19.6 -18.8 0.0072288 0.110666
19.6 -18.4 0.0703844 0.0883718
19.6 -18 0.110021 0.0334083
19.6 -17.6 0.111517 -0.0350443
19.6 -17.2 0.0738286 -0.0929282
19.6 -16.8 0.00973024 -0.119935
19.6 -16.4 -0.0588892 -0.106609
19.6 -16 -0.10882 -0.0574217
19.6 -15.6 -0.123539 0.0111146
19.6 -15.2 -0.0985944 0.0764217
19.6 -14.8 -0.0426334 0.117631
19.6 -14.4 0.0260445 0.122377
19.6 -14 0.0859412 0.0903515
19.6 -13.6 0.119428 0.0326518
19.6 -13.2 0.118014 -0.032531
19.6 -12.8 0.0842274 -0.0861281
19.6 -12.4 0.0298179 -0.114093
19.6 -12 -0.0287439 -0.111097
19.6 -11.6 -0.0757087 -0.0810784
19.6 -11.2 -0.100564 -0.034866
19.6 -10.8 -0.100309 0.0139778
19.6 -10.4 -0.0790819 0.053505
19.6 -10 -0.0456793 0.0765142
19.6 -9.6 -0.0100869 0.0816654
19.6 -9.2 0.0196827 0.0725719
19.6 -8.8 0.0394898 0.0555273
19.6 -8.4 0.0493224 0.0368654
19.6 -8 0.0521396 0.0208938
19.6 -7.6 0.0519683 0.00898075
19.6 -7.2 0.0520468 -0.000118638
19.6 -6.8 0.0536503 -0.00904875
19.6 -6.4 0.0558852 -0.0203425
19.6 -6 0.0563575 -0.0352021
19.6 -5.6 0.0523349 -0.0529613
19.6 -5.2 0.041919 -0.0713196
19.6 -4.8 0.0248122 -0.0871664
19.6 -4.4 0.00246449 -0.0976388
19.6 -4 -0.0223805 -0.101036
19.6 -3.6 -0.0465315 -0.0973038
19.6 -3.2 -0.0672819 -0.0879922
19.6 -2.8 -0.0831415 -0.0757381
19.6 -2.4 -0.0941748 -0.0634855
19.6 -2 -0.101896 -0.0536809
19.6 -1.6 -0.108794 -0.0476648
19.6 -1.2 -0.117663 -0.0453931
19.6 -0.8 -0.130907 -0.0455176
19.6 -0.4 -0.150013 -0.0457614
19.6 0 -0.175266 -0.0434648
19.6 0.4 -0.205748 -0.0361586
19.6 0.8 -0.239571 -0.0220426
19.6 1.2 -0.274259 -0.000286218
19.6 1.6 -0.30719 0.0288749
19.6 2 -0.335987 0.0642307
19.6 2.4 -0.358813 0.103828
19.6 2.8 -0.37453 0.145277
19.6 3.2 -0.382727 0.186071
19.6 3.6 -0.38363 0.223874
19.6 4 -0.377948 0.25674
19.6 4.4 -0.366689 0.28326
19.6 4.8 -0.350977 0.302623
19.6 5.2 -0.331909 0.314629
19.6 5.6 -0.310461 0.319639
19.6 6 -0.28746 0.318498
19.6 6.4 -0.263599 0.31243
19.6 6.8 -0.239504 0.302918
19.6 7.2 -0.21582 0.291564
19.6 7.6 -0.193302 0.279935
19.6 8 -0.172877 0.269396
19.6 8.4 -0.155669 0.260938
19.6 8.8 -0.142958 0.255018
19.6 9.2 -0.136062 0.251426
19.6 9.6 -0.136153 0.249212
19.6 10 -0.144012 0.246698
19.6 10.4 -0.159772 0.241595
19.6 10.8 -0.182668 0.231249
19.6 11.2 -0.210875 0.212989
19.6 11.6 -0.241464 0.184567
19.6 12 -0.270535 0.144628
19.6 12.4 -0.293532 0.0931417
19.6 12.8 -0.305742 0.0317143
19.6 13.2 -0.30292 -0.0362922
19.6 13.6 -0.281977 -0.105891
19.6 14 -0.241621 -0.170874
19.6 14.4 -0.182843 -0.224475
19.6 14.8 -0.109151 -0.260227
19.6 15.2 -0.0264773 -0.272917
19.6 15.6 0.0572957 -0.25951
19.6 16 0.133156 -0.219899
19.6 16.4 0.192087 -0.157344
19.6 16.8 0.226375 -0.0784745
19.6 17.2 0.23093 0.00722454
19.6 17.6 0.204418 0.0884634
19.6 18 0.14998 0.15368
19.6 18.4 0.0753041 0.192892
19.6 18.8 -0.00808948 0.199597
19.6 19.2 -0.0864152 0.172364
19.6 19.6 -0.145907 0.115718
