-10 -10 0.113175 -0.0944715
-10 -9.8 -0.0623212 -0.135986
-10 -9.6 -0.150159 0.0225367
-10 -9.4 -0.0225857 0.15246
-10 -9.2 0.140183 0.0692612
-10 -9 0.112246 -0.111863
-10 -8.8 -0.0680659 -0.145203
-10 -8.6 -0.161506 0.0121347
-10 -8.4 -0.0493753 0.155528
-10 -8.2 0.124325 0.10687
-10 -8 0.148818 -0.0694311
-10 -7.8 0.00176962 -0.163972
-10 -7.6 -0.144597 -0.0758072
-10 -7.4 -0.134797 0.0901225
-10 -7.2 0.0100305 0.160475
-10 -7 0.140321 0.0756486
-10 -6.8 0.139836 -0.0742676
-10 -6.6 0.0207548 -0.156557
-10 -6.4 -0.11238 -0.111921
-10 -6.2 -0.159856 0.0169939
-10 -6 -0.0933922 0.13563
-10 -5.8 0.0396225 0.165811
-10 -5.6 0.154533 0.088492
-10 -5.4 0.180029 -0.051111
-10 -5.2 0.0973474 -0.171463
-10 -5 -0.0496968 -0.201468
-10 -4.8 -0.180412 -0.121361
-10 -4.6 -0.224576 0.0272002
-10 -4.4 -0.161497 0.168211
-10 -4.2 -0.0264056 0.236332
-10 -4 0.116277 0.209669
-10 -3.8 0.211122 0.112196
-10 -3.6 0.236182 -0.00936241
-10 -3.4 0.202894 -0.114391
-10 -3.2 0.138458 -0.184875
-10 -3 0.0661203 -0.224111
-10 -2.8 -0.00487393 -0.244386
-10 -2.6 -0.0774328 -0.254429
-10 -2.4 -0.158184 -0.253812
-10 -2.2 -0.249526 -0.235025
-10 -2 -0.346442 -0.189538
-10 -1.8 -0.438342 -0.113366
-10 -1.6 -0.513543 -0.00949017
-10 -1.4 -0.563603 0.113085
-10 -1.2 -0.585719 0.242274
-10 -1 -0.582858 0.366123
-10 -0.8 -0.562234 0.475093
-10 -0.6 -0.533098 0.562957
-10 -0.4 -0.504622 0.626533
-10 -0.2 -0.484306 0.664727
-10 0 -0.476981 0.677436
-10 0.2 -0.484306 0.664727
-10 0.4 -0.504622 0.626533
-10 0.6 -0.533098 0.562957
-10 0.8 -0.562234 0.475093
-10 1 -0.582858 0.366123
-10 1.2 -0.585719 0.242274
-10 1.4 -0.563603 0.113085
-10 1.6 -0.513543 -0.00949017
-10 1.8 -0.438342 -0.113366
-10 2 -0.346442 -0.189538
-10 2.2 -0.249526 -0.235025
-10 2.4 -0.158184 -0.253812
-10 2.6 -0.0774328 -0.254429
-10 2.8 -0.00487393 -0.244386
-10 3 0.0661203 -0.224111
-10 3.2 0.138458 -0.184875
-10 3.4 0.202894 -0.114391
-10 3.6 0.236182 -0.00936241
-10 3.8 0.211122 0.112196
-10 4 0.116277 0.209669
-10 4.2 -0.0264056 0.236332
-10 4.4 -0.161497 0.168211
-10 4.6 -0.224576 0.0272002
-10 4.8 -0.180412 -0.121361
-10 5 -0.0496968 -0.201468
-10 5.2 0.0973474 -0.171463
-10 5.4 0.180029 -0.051111
-10 5.6 0.154533 0.088492
-10 5.8 0.0396225 0.165811
-10 6 -0.0933922 0.13563
-10 6.2 -0.159856 0.0169939
-10 6.4 -0.11238 -0.111921
-10 6.6 0.0207548 -0.156557
-10 6.8 0.139836 -0.0742676
-10 7 0.140321 0.0756486
-10 7.2 0.0100305 0.160475
-10 7.4 -0.134797 0.0901225
-10 7.6 -0.144597 -0.0758072
-10 7.8 0.00176962 -0.163972
-10 8 0.148818 -0.0694311
-10 8.2 0.124325 0.10687
-10 8.4 -0.0493753 0.155528
-10 8.6 -0.161506 0.0121347
-10 8.8 -0.0680659 -0.145203
-10 9 0.112246 -0.111863
-10 9.2 0.140183 0.0692612
-10 9.4 -0.0225857 0.15246
-10 9.6 -0.150159 0.0225367
-10 9.8 -0.0623212 -0.135986
-9.8 -10 -0.086426 -0.118755
-9.8 -9.8 -0.138553 0.0546799
-9.8 -9.6 0.0162496 0.150304
-9.8 -9.4 0.151137 0.0268387
-9.8 -9.2 0.0712526 -0.138609
-9.8 -9 -0.111304 -0.112348
-9.8 -8.8 -0.144438 0.0695387
-9.8 -8.6 0.0160454 0.161438
-9.8 -8.4 0.157941 0.0435577
-9.8 -8.2 0.10078 -0.13069
-9.8 -8 -0.0802213 -0.145049
-9.8 -7.8 -0.165498 0.0122889
-9.8 -7.6 -0.0615774 0.153752
-9.8 -7.4 0.107309 0.125085
-9.8 -7.2 0.160326 -0.0326064
-9.8 -7 0.0536742 -0.153074
-9.8 -6.8 -0.0992159 -0.126649
-9.8 -6.6 -0.159662 0.0101047
-9.8 -6.4 -0.0864047 0.134569
-9.8 -6.2 0.0528486 0.152229
-9.8 -6 0.153427 0.0580172
-9.8 -5.8 0.149224 -0.0789826
-9.8 -5.6 0.0450071 -0.169741
-9.8 -5.4 -0.0954249 -0.15748
-9.8 -5.2 -0.188364 -0.0463799
-9.8 -5 -0.177127 0.102312
-9.8 -4.8 -0.0640713 0.205323
-9.8 -4.6 0.0914576 0.205371
-9.8 -4.4 0.209105 0.102737
-9.8 -4.2 0.23377 -0.0494101
-9.8 -4 0.16195 -0.18013
-9.8 -3.8 0.0344185 -0.240283
-9.8 -3.6 -0.0940799 -0.221688
-9.8 -3.4 -0.184881 -0.149196
-9.8 -3.2 -0.227824 -0.0575764
-9.8 -3 -0.2343 0.0289959
-9.8 -2.8 -0.221241 0.104097
-9.8 -2.6 -0.198254 0.173469
-9.8 -2.4 -0.164064 0.244402
-9.8 -2.2 -0.111014 0.3179
-9.8 -2 -0.0323446 0.387101
-9.8 -1.8 0.0725787 0.440847
-9.8 -1.6 0.19718 0.469043
-9.8 -1.4 0.33004 0.466754
-9.8 -1.2 0.458678 0.435647
-9.8 -1 0.572835 0.382998
-9.8 -0.8 0.666197 0.319364
-9.8 -0.6 0.736474 0.256048
-9.8 -0.4 0.784314 0.203125
-9.8 -0.2 0.811732 0.168244
-9.8 0 0.820621 0.156093
-9.8 0.2 0.811732 0.168244
-9.8 0.4 0.784314 0.203125
-9.8 0.6 0.736474 0.256048
-9.8 0.8 0.666197 0.319364
-9.8 1 0.572835 0.382998
-9.8 1.2 0.458678 0.435647
-9.8 1.4 0.33004 0.466754
-9.8 1.6 0.19718 0.469043
-9.8 1.8 0.0725787 0.440847
-9.8 2 -0.0323446 0.387101
-9.8 2.2 -0.111014 0.3179
-9.8 2.4 -0.164064 0.244402
-9.8 2.6 -0.198254 0.173469
-9.8 2.8 -0.221241 0.104097
-9.8 3 -0.2343 0.0289959
-9.8 3.2 -0.227824 -0.0575764
-9.8 3.4 -0.184881 -0.149196
-9.8 3.6 -0.0940799 -0.221688
-9.8 3.8 0.0344185 -0.240283
-9.8 4 0.16195 -0.18013
-9.8 4.2 0.23377 -0.0494101
-9.8 4.4 0.209105 0.102737
-9.8 4.6 0.0914576 0.205371
-9.8 4.8 -0.0640713 0.205323
-9.8 5 -0.177127 0.102312
-9.8 5.2 -0.188364 -0.0463799
-9.8 5.4 -0.0954249 -0.15748
-9.8 5.6 0.0450071 -0.169741
-9.8 5.8 0.149224 -0.0789826
-9.8 6 0.153427 0.0580172
-9.8 6.2 0.0528486 0.152229
-9.8 6.4 -0.0864047 0.134569
-9.8 6.6 -0.159662 0.0101047
-9.8 6.8 -0.0992159 -0.126649
-9.8 7 0.0536742 -0.153074
-9.8 7.2 0.160326 -0.0326064
-9.8 7.4 0.107309 0.125085
-9.8 7.6 -0.0615774 0.153752
-9.8 7.8 -0.165498 0.0122889
-9.8 8 -0.0802213 -0.145049
-9.8 8.2 0.10078 -0.13069
-9.8 8.4 0.157941 0.0435577
-9.8 8.6 0.0160454 0.161438
-9.8 8.8 -0.144438 0.0695387
-9.8 9 -0.111304 -0.112348
-9.8 9.2 0.0712526 -0.138609
-9.8 9.4 0.151137 0.0268387
-9.8 9.6 0.0162496 0.150304
-9.8 9.8 -0.138553 0.0546799
-9.6 -10 -0.124739 0.0767462
-9.6 -9.8 0.0454504 0.141264
-9.6 -9.6 0.150297 -0.00841443
-9.6 -9.4 0.0325632 -0.149316
-9.6 -9.2 -0.136144 -0.0745467
-9.6 -9 -0.113434 0.109462
-9.6 -8.8 0.0694162 0.144154
-9.6 -8.6 0.161176 -0.0182468
-9.6 -8.4 0.0392435 -0.159404
-9.6 -8.2 -0.135439 -0.0955898
-9.6 -8 -0.141205 0.0890666
-9.6 -7.8 0.0246531 0.165793
-9.6 -7.6 0.160697 0.0480748
-9.6 -7.4 0.114521 -0.121967
-9.6 -7.2 -0.0534162 -0.157581
-9.6 -7 -0.162079 -0.0315092
-9.6 -6.8 -0.110567 0.120717
-9.6 -6.6 0.0397833 0.157514
-9.6 -6.4 0.150977 0.0581762
-9.6 -6.2 0.137873 -0.0853806
-9.6 -6 0.0206283 -0.162731
-9.6 -5.8 -0.112463 -0.124484
-9.6 -5.6 -0.173544 -0.000233224
-9.6 -5.4 -0.124938 0.131412
-9.6 -5.2 0.00599591 0.190686
-9.6 -5 0.144932 0.13978
-9.6 -4.8 0.212298 0.00327667
-9.6 -4.6 0.168393 -0.146
-9.6 -4.4 0.0351282 -0.229501
-9.6 -4.2 -0.119792 -0.207359
-9.6 -4 -0.224476 -0.0961135
-9.6 -3.8 -0.241153 0.0486754
-9.6 -3.6 -0.178003 0.168522
-9.6 -3.4 -0.0729166 0.231103
-9.6 -3.2 0.0341401 0.236958
-9.6 -3 0.120857 0.206397
-9.6 -2.8 0.185644 0.160434
-9.6 -2.6 0.237978 0.108645
-9.6 -2.4 0.286032 0.0484156
-9.6 -2.2 0.329633 -0.028031
-9.6 -2 0.360701 -0.125493
-9.6 -1.8 0.368519 -0.241407
-9.6 -1.6 0.345591 -0.36638
-9.6 -1.4 0.291065 -0.487919
-9.6 -1.2 0.210941 -0.594762
-9.6 -1 0.115936 -0.679837
-9.6 -0.8 0.0185373 -0.74117
-9.6 -0.6 -0.0695394 -0.781024
-9.6 -0.4 -0.138891 -0.804075
-9.6 -0.2 -0.182985 -0.815379
-9.6 0 -0.198084 -0.81869
-9.6 0.2 -0.182985 -0.815379
-9.6 0.4 -0.138891 -0.804075
-9.6 0.6 -0.0695394 -0.781024
-9.6 0.8 0.0185373 -0.74117
-9.6 1 0.115936 -0.679837
-9.6 1.2 0.210941 -0.594762
-9.6 1.4 0.291065 -0.487919
-9.6 1.6 0.345591 -0.36638
-9.6 1.8 0.368519 -0.241407
-9.6 2 0.360701 -0.125493
-9.6 2.2 0.329633 -0.028031
-9.6 2.4 0.286032 0.0484156
-9.6 2.6 0.237978 0.108645
-9.6 2.8 0.185644 0.160434
-9.6 3 0.120857 0.206397
-9.6 3.2 0.0341401 0.236958
-9.6 3.4 -0.0729166 0.231103
-9.6 3.6 -0.178003 0.168522
-9.6 3.8 -0.241153 0.0486754
-9.6 4 -0.224476 -0.0961135
-9.6 4.2 -0.119792 -0.207359
-9.6 4.4 0.0351282 -0.229501
-9.6 4.6 0.168393 -0.146
-9.6 4.8 0.212298 0.00327667
-9.6 5 0.144932 0.13978
-9.6 5.2 0.00599591 0.190686
-9.6 5.4 -0.124938 0.131412
-9.6 5.6 -0.173544 -0.000233224
-9.6 5.8 -0.112463 -0.124484
-9.6 6 0.0206283 -0.162731
-9.6 6.2 0.137873 -0.0853806
-9.6 6.4 0.150977 0.0581762
-9.6 6.6 0.0397833 0.157514
-9.6 6.8 -0.110567 0.120717
-9.6 7 -0.162079 -0.0315092
-9.6 7.2 -0.0534162 -0.157581
-9.6 7.4 0.114521 -0.121967
-9.6 7.6 0.160697 0.0480748
-9.6 7.8 0.0246531 0.165793
-9.6 8 -0.141205 0.0890666
-9.6 8.2 -0.135439 -0.0955898
-9.6 8.4 0.0392435 -0.159404
-9.6 8.6 0.161176 -0.0182468
-9.6 8.8 0.0694162 0.144154
-9.6 9 -0.113434 0.109462
-9.6 9.2 -0.136144 -0.0745467
-9.6 9.4 0.0325632 -0.149316
-9.6 9.6 0.150297 -0.00841443
-9.6 9.8 0.0454504 0.141264
-9.4 -10 0.065213 0.130881
-9.4 -9.8 0.143897 -0.0345108
-9.4 -9.6 0.0010134 -0.149962
-9.4 -9.4 -0.146879 -0.0397539
-9.4 -9.2 -0.0791213 0.132734
-9.4 -9 0.106331 0.115502
-9.4 -8.8 0.144396 -0.0677159
-9.4 -8.6 -0.0187349 -0.160824
-9.4 -8.4 -0.160061 -0.0365103
-9.4 -8.2 -0.0914902 0.138706
-9.4 -8 0.0960028 0.137594
-9.4 -7.8 0.16522 -0.0351717
-9.4 -7.6 0.0356914 -0.165729
-9.4 -7.4 -0.134151 -0.103702
-9.4 -7.2 -0.152869 0.0721204
-9.4 -7 -0.00991516 0.167718
-9.4 -6.8 0.138591 0.0925832
-9.4 -6.6 0.150908 -0.0673855
-9.4 -6.4 0.0286569 -0.161647
-9.4 -6.2 -0.113522 -0.118108
-9.4 -6 -0.163865 0.016773
-9.4 -5.8 -0.0936003 0.138717
-9.4 -5.6 0.0430176 0.16655
-9.4 -5.4 0.157221 0.0852582
-9.4 -5.2 0.179166 -0.055853
-9.4 -5 0.0931397 -0.174745
-9.4 -4.8 -0.0556436 -0.201674
-9.4 -4.6 -0.186278 -0.117836
-9.4 -4.4 -0.228186 0.0343817
-9.4 -4.2 -0.160563 0.177548
-9.4 -4 -0.0198899 0.244757
-9.4 -3.8 0.127066 0.213952
-9.4 -3.6 0.22314 0.110854
-9.4 -3.4 0.246616 -0.0154432
-9.4 -3.2 0.210794 -0.123163
-9.4 -3 0.144739 -0.195043
-9.4 -2.8 0.0721664 -0.236236
-9.4 -2.6 0.00122373 -0.260543
-9.4 -2.4 -0.0727854 -0.276977
-9.4 -2.2 -0.157887 -0.284247
-9.4 -2 -0.25695 -0.273579
-9.4 -1.8 -0.364645 -0.235514
-9.4 -1.6 -0.469776 -0.165808
-9.4 -1.4 -0.560205 -0.0677678
-9.4 -1.2 -0.627323 0.0489733
-9.4 -1 -0.668329 0.171624
-9.4 -0.8 -0.686094 0.287517
-9.4 -0.6 -0.687385 0.386324
-9.4 -0.4 -0.68046 0.460892
-9.4 -0.2 -0.672848 0.506988
-9.4 0 -0.669704 0.522552
-9.4 0.2 -0.672848 0.506988
-9.4 0.4 -0.68046 0.460892
-9.4 0.6 -0.687385 0.386324
-9.4 0.8 -0.686094 0.287517
-9.4 1 -0.668329 0.171624
-9.4 1.2 -0.627323 0.0489733
-9.4 1.4 -0.560205 -0.0677678
-9.4 1.6 -0.469776 -0.165808
-9.4 1.8 -0.364645 -0.235514
-9.4 2 -0.25695 -0.273579
-9.4 2.2 -0.157887 -0.284247
-9.4 2.4 -0.0727854 -0.276977
-9.4 2.6 0.00122373 -0.260543
-9.4 2.8 0.0721664 -0.236236
-9.4 3 0.144739 -0.195043
-9.4 3.2 0.210794 -0.123163
-9.4 3.4 0.246616 -0.0154432
-9.4 3.6 0.22314 0.110854
-9.4 3.8 0.127066 0.213952
-9.4 4 -0.0198899 0.244757
-9.4 4.2 -0.160563 0.177548
-9.4 4.4 -0.228186 0.0343817
-9.4 4.6 -0.186278 -0.117836
-9.4 4.8 -0.0556436 -0.201674
-9.4 5 0.0931397 -0.174745
-9.4 5.2 0.179166 -0.055853
-9.4 5.4 0.157221 0.0852582
-9.4 5.6 0.0430176 0.16655
-9.4 5.8 -0.0936003 0.138717
-9.4 6 -0.163865 0.016773
-9.4 6.2 -0.113522 -0.118108
-9.4 6.4 0.0286569 -0.161647
-9.4 6.6 0.150908 -0.0673855
-9.4 6.8 0.138591 0.0925832
-9.4 7 -0.00991516 0.167718
-9.4 7.2 -0.152869 0.0721204
-9.4 7.4 -0.134151 -0.103702
-9.4 7.6 0.0356914 -0.165729
-9.4 7.8 0.16522 -0.0351717
-9.4 8 0.0960028 0.137594
-9.4 8.2 -0.0914902 0.138706
-9.4 8.4 -0.160061 -0.0365103
-9.4 8.6 -0.0187349 -0.160824
-9.4 8.8 0.144396 -0.0677159
-9.4 9 0.106331 0.115502
-9.4 9.2 -0.0791213 0.132734
-9.4 9.4 -0.146879 -0.0397539
-9.4 9.6 0.0010134 -0.149962
-9.4 9.8 0.143897 -0.0345108
-9.2 -10 0.136836 -0.0515777
-9.2 -9.8 -0.0217196 -0.146153
-9.2 -9.6 -0.149057 -0.0120886
-9.2 -9.4 -0.0484047 0.143651
-9.2 -9.2 0.128276 0.0849418
-9.2 -9 0.118521 -0.101874
-9.2 -8.8 -0.0644405 -0.145172
-9.2 -8.6 -0.160448 0.0175127
-9.2 -8.4 -0.0354043 0.160027
-9.2 -8.2 0.140613 0.0886217
-9.2 -8 0.134467 -0.101093
-9.2 -7.8 -0.0437575 -0.164111
-9.2 -7.6 -0.169159 -0.0247322
-9.2 -7.4 -0.0931488 0.143995
-9.2 -7.2 0.0885159 0.146815
-9.2 -7 0.170472 -0.0104879
-9.2 -6.8 0.0736304 -0.152873
-9.2 -6.6 -0.0922686 -0.140745
-9.2 -6.4 -0.166937 0.000883889
-9.2 -6.2 -0.0943611 0.136618
-9.2 -6 0.0524676 0.157588
-9.2 -5.8 0.157023 0.0587037
-9.2 -5.6 0.150006 -0.0823684
-9.2 -5.4 0.0414924 -0.171919
-9.2 -5.2 -0.0998333 -0.15552
-9.2 -5 -0.190224 -0.041358
-9.2 -4.8 -0.175302 0.107886
-9.2 -4.6 -0.0588878 0.209387
-9.2 -4.4 0.0990601 0.206193
-9.2 -4.2 0.217194 0.0988557
-9.2 -4 0.239343 -0.0581241
-9.2 -3.8 0.162297 -0.191627
-9.2 -3.6 0.028858 -0.251181
-9.2 -3.4 -0.103912 -0.229317
-9.2 -3.2 -0.196545 -0.153014
-9.2 -3 -0.240033 -0.058792
-9.2 -2.8 -0.247748 0.0291022
-9.2 -2.6 -0.23788 0.105724
-9.2 -2.4 -0.219831 0.178701
-9.2 -2.2 -0.191025 0.256493
-9.2 -2 -0.142335 0.340187
-9.2 -1.8 -0.0661175 0.42228
-9.2 -1.6 0.0383502 0.490883
-9.2 -1.4 0.164014 0.535529
-9.2 -1.2 0.298753 0.551346
-9.2 -1 0.429375 0.540309
-9.2 -0.8 0.544871 0.50995
-9.2 -0.6 0.637988 0.470787
-9.2 -0.4 0.705152 0.433621
-9.2 -0.2 0.745342 0.407425
-9.2 0 0.758679 0.398025
-9.2 0.2 0.745342 0.407425
-9.2 0.4 0.705152 0.433621
-9.2 0.6 0.637988 0.470787
-9.2 0.8 0.544871 0.50995
-9.2 1 0.429375 0.540309
-9.2 1.2 0.298753 0.551346
-9.2 1.4 0.164014 0.535529
-9.2 1.6 0.0383502 0.490883
-9.2 1.8 -0.0661175 0.42228
-9.2 2 -0.142335 0.340187
-9.2 2.2 -0.191025 0.256493
-9.2 2.4 -0.219831 0.178701
-9.2 2.6 -0.23788 0.105724
-9.2 2.8 -0.247748 0.0291022
-9.2 3 -0.240033 -0.058792
-9.2 3.2 -0.196545 -0.153014
-9.2 3.4 -0.103912 -0.229317
-9.2 3.6 0.028858 -0.251181
-9.2 3.8 0.162297 -0.191627
-9.2 4 0.239343 -0.0581241
-9.2 4.2 0.217194 0.0988557
-9.2 4.4 0.0990601 0.206193
-9.2 4.6 -0.0588878 0.209387
-9.2 4.8 -0.175302 0.107886
-9.2 5 -0.190224 -0.041358
-9.2 5.2 -0.0998333 -0.15552
-9.2 5.4 0.0414924 -0.171919
-9.2 5.6 0.150006 -0.0823684
-9.2 5.8 0.157023 0.0587037
-9.2 6 0.0524676 0.157588
-9.2 6.2 -0.0943611 0.136618
-9.2 6.4 -0.166937 0.000883889
-9.2 6.6 -0.0922686 -0.140745
-9.2 6.8 0.0736304 -0.152873
-9.2 7 0.170472 -0.0104879
-9.2 7.2 0.0885159 0.146815
-9.2 7.4 -0.0931488 0.143995
-9.2 7.6 -0.169159 -0.0247322
-9.2 7.8 -0.0437575 -0.164111
-9.2 8 0.134467 -0.101093
-9.2 8.2 0.140613 0.0886217
-9.2 8.4 -0.0354043 0.160027
-9.2 8.6 -0.160448 0.0175127
-9.2 8.8 -0.0644405 -0.145172
-9.2 9 0.118521 -0.101874
-9.2 9.2 0.128276 0.0849418
-9.2 9.4 -0.0484047 0.143651
-9.2 9.6 -0.149057 -0.0120886
-9.2 9.8 -0.0217196 -0.146153
-9 -10 -0.0355843 -0.142126
-9 -9.8 -0.147626 0.00693293
-9 -9.6 -0.0248635 0.147255
-9 -9.4 0.13939 0.0585016
-9 -9.2 0.0919574 -0.122612
-9 -9 -0.0960113 -0.122439
-9 -8.8 -0.146458 0.0595688
-9 -8.6 0.0145808 0.160073
-9 -8.4 0.159383 0.0359501
-9 -8.2 0.0870817 -0.141272
-9 -8 -0.104414 -0.132025
-9 -7.8 -0.162754 0.0503751
-9 -7.6 -0.015422 0.171291
-9 -7.4 0.151689 0.0833017
-9 -7.2 0.140003 -0.102516
-9 -7 -0.0292235 -0.170879
-9 -6.8 -0.163765 -0.0545454
-9 -6.6 -0.127971 0.114034
-9 -6.4 0.0293788 0.167436
-9 -6.2 0.154397 0.0680627
-9 -6 0.14498 -0.0850921
-9 -5.8 0.0218746 -0.167246
-9 -5.6 -0.115995 -0.125619
-9 -5.4 -0.175445 0.00337494
-9 -5.2 -0.122184 0.135357
-9 -5 0.011387 0.191119
-9 -4.8 0.149608 0.136223
-9 -4.6 0.214203 -0.00287096
-9 -4.4 0.166521 -0.153071
-9 -4.2 0.0289774 -0.23544
-9 -4 -0.129516 -0.209552
-9 -3.8 -0.235211 -0.0925915
-9 -3.6 -0.249454 0.0577206
-9 -3.4 -0.181575 0.180752
-9 -3.2 -0.0717772 0.243784
-9 -3 0.0384195 0.248882
-9 -2.8 0.127047 0.218377
-9 -2.6 0.1943 0.174209
-9 -2.4 0.251502 0.125245
-9 -2.2 0.307645 0.0671996
-9 -2 0.362177 -0.00925578
-9 -1.8 0.40605 -0.10965
-9 -1.6 0.427734 -0.231289
-9 -1.4 0.419487 -0.364168
-9 -1.2 0.380777 -0.495111
-9 -1 0.318215 -0.61226
-9 -0.8 0.243132 -0.707927
-9 -0.6 0.168431 -0.779247
-9 -0.4 0.10593 -0.827082
-9 -0.2 0.0647059 -0.854081
-9 0 0.0503414 -0.862749
-9 0.2 0.0647059 -0.854081
-9 0.4 0.10593 -0.827082
-9 0.6 0.168431 -0.779247
-9 0.8 0.243132 -0.707927
-9 1 0.318215 -0.61226
-9 1.2 0.380777 -0.495111
-9 1.4 0.419487 -0.364168
-9 1.6 0.427734 -0.231289
-9 1.8 0.40605 -0.10965
-9 2 0.362177 -0.00925578
-9 2.2 0.307645 0.0671996
-9 2.4 0.251502 0.125245
-9 2.6 0.1943 0.174209
-9 2.8 0.127047 0.218377
-9 3 0.0384195 0.248882
-9 3.2 -0.0717772 0.243784
-9 3.4 -0.181575 0.180752
-9 3.6 -0.249454 0.0577206
-9 3.8 -0.235211 -0.0925915
-9 4 -0.129516 -0.209552
-9 4.2 0.0289774 -0.23544
-9 4.4 0.166521 -0.153071
-9 4.6 0.214203 -0.00287096
-9 4.8 0.149608 0.136223
-9 5 0.011387 0.191119
-9 5.2 -0.122184 0.135357
-9 5.4 -0.175445 0.00337494
-9 5.6 -0.115995 -0.125619
-9 5.8 0.0218746 -0.167246
-9 6 0.14498 -0.0850921
-9 6.2 0.154397 0.0680627
-9 6.4 0.0293788 0.167436
-9 6.6 -0.127971 0.114034
-9 6.8 -0.163765 -0.0545454
-9 7 -0.0292235 -0.170879
-9 7.2 0.140003 -0.102516
-9 7.4 0.151689 0.0833017
-9 7.6 -0.015422 0.171291
-9 7.8 -0.162754 0.0503751
-9 8 -0.104414 -0.132025
-9 8.2 0.0870817 -0.141272
-9 8.4 0.159383 0.0359501
-9 8.6 0.0145808 0.160073
-9 8.8 -0.146458 0.0595688
-9 9 -0.0960113 -0.122439
-9 9.2 0.0919574 -0.122612
-9 9.4 0.13939 0.0585016
-9 9.6 -0.0248635 0.147255
-9 9.8 -0.147626 0.00693293
-8.8 -10 -0.146101 0.0170128
-8.8 -9.8 -0.00996264 0.147773
-8.8 -9.6 0.144119 0.0393633
-8.8 -9.4 0.0700039 -0.133765
-8.8 -9.2 -0.115517 -0.10009
-8.8 -9 -0.127171 0.0886133
-8.8 -8.8 0.0530461 0.148193
-8.8 -8.6 0.159689 -0.00992759
-8.8 -8.4 0.0381612 -0.158173
-8.8 -8.2 -0.140768 -0.086934
-8.8 -8 -0.130418 0.106047
-8.8 -7.8 0.0550268 0.161394
-8.8 -7.6 0.172412 0.00791461
-8.8 -7.4 0.0745174 -0.157455
-8.8 -7.2 -0.114128 -0.132962
-8.8 -7 -0.169492 0.0459513
-8.8 -6.8 -0.0360452 0.171594
-8.8 -6.6 0.132503 0.113515
-8.8 -6.4 0.163899 -0.0559875
-8.8 -6.2 0.0405578 -0.166934
-8.8 -6 -0.113672 -0.127324
-8.8 -5.8 -0.169762 0.0149917
-8.8 -5.6 -0.0953657 0.142681
-8.8 -5.4 0.0466504 0.168494
-8.8 -5.2 0.160736 0.08202
-8.8 -5 0.178329 -0.0612529
-8.8 -4.8 0.0882704 -0.178175
-8.8 -4.6 -0.0620374 -0.201324
-8.8 -4.4 -0.191996 -0.113662
-8.8 -4.2 -0.231383 0.0418823
-8.8 -4 -0.159311 0.187013
-8.8 -3.8 -0.0130962 0.253408
-8.8 -3.6 0.138365 0.218579
-8.8 -3.4 0.23604 0.109754
-8.8 -3.2 0.258253 -0.0215823
-8.8 -3 0.22015 -0.132365
-8.8 -2.8 0.152781 -0.206083
-8.8 -2.6 0.080395 -0.249893
-8.8 -2.4 0.00995766 -0.27928
-8.8 -2.2 -0.0651619 -0.303616
-8.8 -2 -0.154484 -0.320744
-8.8 -1.8 -0.261343 -0.320631
-8.8 -1.6 -0.380015 -0.292977
-8.8 -1.4 -0.498601 -0.233466
-8.8 -1.2 -0.604382 -0.145964
-8.8 -1 -0.688397 -0.0409692
-8.8 -0.8 -0.747519 0.0678264
-8.8 -0.6 -0.783988 0.166933
-8.8 -0.4 -0.803322 0.245306
-8.8 -0.2 -0.811752 0.295241
-8.8 0 -0.813985 0.312354
-8.8 0.2 -0.811752 0.295241
-8.8 0.4 -0.803322 0.245306
-8.8 0.6 -0.783988 0.166933
-8.8 0.8 -0.747519 0.0678264
-8.8 1 -0.688397 -0.0409692
-8.8 1.2 -0.604382 -0.145964
-8.8 1.4 -0.498601 -0.233466
-8.8 1.6 -0.380015 -0.292977
-8.8 1.8 -0.261343 -0.320631
-8.8 2 -0.154484 -0.320744
-8.8 2.2 -0.0651619 -0.303616
-8.8 2.4 0.00995766 -0.27928
-8.8 2.6 0.080395 -0.249893
-8.8 2.8 0.152781 -0.206083
-8.8 3 0.22015 -0.132365
-8.8 3.2 0.258253 -0.0215823
-8.8 3.4 0.23604 0.109754
-8.8 3.6 0.138365 0.218579
-8.8 3.8 -0.0130962 0.253408
-8.8 4 -0.159311 0.187013
-8.8 4.2 -0.231383 0.0418823
-8.8 4.4 -0.191996 -0.113662
-8.8 4.6 -0.0620374 -0.201324
-8.8 4.8 0.0882704 -0.178175
-8.8 5 0.178329 -0.0612529
-8.8 5.2 0.160736 0.08202
-8.8 5.4 0.0466504 0.168494
-8.8 5.6 -0.0953657 0.142681
-8.8 5.8 -0.169762 0.0149917
-8.8 6 -0.113672 -0.127324
-8.8 6.2 0.0405578 -0.166934
-8.8 6.4 0.163899 -0.0559875
-8.8 6.6 0.132503 0.113515
-8.8 6.8 -0.0360452 0.171594
-8.8 7 -0.169492 0.0459513
-8.8 7.2 -0.114128 -0.132962
-8.8 7.4 0.0745174 -0.157455
-8.8 7.6 0.172412 0.00791461
-8.8 7.8 0.0550268 0.161394
-8.8 8 -0.130418 0.106047
-8.8 8.2 -0.140768 -0.086934
-8.8 8.4 0.0381612 -0.158173
-8.8 8.6 0.159689 -0.00992759
-8.8 8.8 0.0530461 0.148193
-8.8 9 -0.127171 0.0886133
-8.8 9.2 -0.115517 -0.10009
-8.8 9.4 0.0700039 -0.133765
-8.8 9.6 0.144119 0.0393633
-8.8 9.8 -0.00996264 0.147773
-8.6 -10 -0.00424993 0.147904
-8.6 -9.8 0.145886 0.0289937
-8.6 -9.6 0.0555426 -0.139082
-8.6 -9.4 -0.126343 -0.0828129
-8.6 -9.2 -0.109209 0.106684
-8.6 -9 0.0794872 0.132582
-8.6 -8.8 0.150267 -0.0447749
-8.6 -8.6 -0.00351929 -0.159234
-8.6 -8.4 -0.156401 -0.0420497
-8.6 -8.2 -0.0882178 0.139156
-8.6 -8 0.106065 0.129755
-8.6 -7.8 0.160226 -0.0577403
-8.6 -7.6 0.00230451 -0.172779
-8.6 -7.4 -0.161526 -0.0670725
-8.6 -7.2 -0.12615 0.123432
-8.6 -7 0.060454 0.166853
-8.6 -6.8 0.176774 0.0187159
-8.6 -6.6 0.0982456 -0.147684
-8.6 -6.4 -0.0801023 -0.157173
-8.6 -6.2 -0.174579 -0.0130421
-8.6 -6 -0.105991 0.137621
-8.6 -5.8 0.0502858 0.165348
-8.6 -5.6 0.161817 0.0613069
-8.6 -5.4 0.152362 -0.0860961
-8.6 -5.2 0.0380314 -0.17519
-8.6 -5 -0.105017 -0.153685
-8.6 -4.8 -0.192263 -0.0356363
-8.6 -4.6 -0.172838 0.113879
-8.6 -4.4 -0.0530166 0.213145
-8.6 -4.2 0.106885 0.206418
-8.6 -4 0.225219 0.0945386
-8.6 -3.8 0.244917 -0.0671651
-8.6 -3.6 0.162727 -0.20365
-8.6 -3.4 0.0231931 -0.262932
-8.6 -3.2 -0.114265 -0.238009
-8.6 -3 -0.209211 -0.157965
-8.6 -2.8 -0.253779 -0.0611888
-8.6 -2.6 -0.263469 0.0279578
-8.6 -2.4 -0.257886 0.106127
-8.6 -2.2 -0.246266 0.183013
-8.6 -2 -0.224691 0.268362
-8.6 -1.8 -0.182555 0.363361
-8.6 -1.6 -0.111432 0.459827
-8.6 -1.4 -0.0107192 0.545112
-8.6 -1.2 0.111768 0.608352
-8.6 -1 0.242894 0.644671
-8.6 -0.8 0.368413 0.65613
-8.6 -0.6 0.476228 0.650061
-8.6 -0.4 0.557867 0.636155
-8.6 -0.2 0.608383 0.623548
-8.6 0 0.625439 0.618593
-8.6 0.2 0.608383 0.623548
-8.6 0.4 0.557867 0.636155
-8.6 0.6 0.476228 0.650061
-8.6 0.8 0.368413 0.65613
-8.6 1 0.242894 0.644671
-8.6 1.2 0.111768 0.608352
-8.6 1.4 -0.0107192 0.545112
-8.6 1.6 -0.111432 0.459827
-8.6 1.8 -0.182555 0.363361
-8.6 2 -0.224691 0.268362
-8.6 2.2 -0.246266 0.183013
-8.6 2.4 -0.257886 0.106127
-8.6 2.6 -0.263469 0.0279578
-8.6 2.8 -0.253779 -0.0611888
-8.6 3 -0.209211 -0.157965
-8.6 3.2 -0.114265 -0.238009
-8.6 3.4 0.0231931 -0.262932
-8.6 3.6 0.162727 -0.20365
-8.6 3.8 0.244917 -0.0671651
-8.6 4 0.225219 0.0945386
-8.6 4.2 0.106885 0.206418
-8.6 4.4 -0.0530166 0.213145
-8.6 4.6 -0.172838 0.113879
-8.6 4.8 -0.192263 -0.0356363
-8.6 5 -0.105017 -0.153685
-8.6 5.2 0.0380314 -0.17519
-8.6 5.4 0.152362 -0.0860961
-8.6 5.6 0.161817 0.0613069
-8.6 5.8 0.0502858 0.165348
-8.6 6 -0.105991 0.137621
-8.6 6.2 -0.174579 -0.0130421
-8.6 6.4 -0.0801023 -0.157173
-8.6 6.6 0.0982456 -0.147684
-8.6 6.8 0.176774 0.0187159
-8.6 7 0.060454 0.166853
-8.6 7.2 -0.12615 0.123432
-8.6 7.4 -0.161526 -0.0670725
-8.6 7.6 0.00230451 -0.172779
-8.6 7.8 0.160226 -0.0577403
-8.6 8 0.106065 0.129755
-8.6 8.2 -0.0882178 0.139156
-8.6 8.4 -0.156401 -0.0420497
-8.6 8.6 -0.00351929 -0.159234
-8.6 8.8 0.150267 -0.0447749
-8.6 9 0.0794872 0.132582
-8.6 9.2 -0.109209 0.106684
-8.6 9.4 -0.126343 -0.0828129
-8.6 9.6 0.0555426 -0.139082
-8.6 9.8 0.145886 0.0289937
-8.4 -10 0.146455 0.0281053
-8.4 -9.8 0.0500169 -0.14108
-8.4 -9.6 -0.131434 -0.0732201
-8.4 -9.4 -0.0967201 0.116577
-8.4 -9.2 0.0957164 0.119096
-8.4 -9 0.138464 -0.068372
-8.4 -8.8 -0.0346081 -0.152506
-8.4 -8.6 -0.158589 -0.0047074
-8.4 -8.4 -0.0476358 0.154016
-8.4 -8.2 0.136451 0.0909574
-8.4 -8 0.130111 -0.104521
-8.4 -7.8 -0.0585538 -0.159402
-8.4 -7.6 -0.172616 0.00135924
-8.4 -7.4 -0.0611699 0.164135
-8.4 -7.2 0.130556 0.119948
-8.4 -7 0.163463 -0.0726197
-8.4 -6.8 0.00301159 -0.179759
-8.4 -6.6 -0.159733 -0.0829364
-8.4 -6.4 -0.148134 0.101336
-8.4 -6.2 0.0134796 0.177896
-8.4 -6 0.156713 0.0823429
-8.4 -5.8 0.155076 -0.0827448
-8.4 -5.6 0.0254329 -0.173353
-8.4 -5.4 -0.120031 -0.128761
-8.4 -5.2 -0.178785 0.00689248
-8.4 -5 -0.119681 0.140267
-8.4 -4.8 0.0175391 0.191814
-8.4 -4.6 0.154701 0.131969
-8.4 -4.4 0.215662 -0.00971952
-8.4 -4.2 0.163901 -0.160226
-8.4 -4 0.0223436 -0.241082
-8.4 -3.8 -0.139514 -0.211508
-8.4 -3.6 -0.246364 -0.0889141
-8.4 -3.4 -0.258435 0.0671528
-8.4 -3.2 -0.185905 0.193845
-8.4 -3 -0.0712534 0.25784
-8.4 -2.8 0.0423096 0.262689
-8.4 -2.6 0.133123 0.232894
-8.4 -2.4 0.203311 0.191449
-8.4 -2.2 0.266253 0.146511
-8.4 -2 0.331878 0.0920384
-8.4 -1.8 0.399288 0.0171103
-8.4 -1.6 0.458467 -0.0844446
-8.4 -1.4 0.497116 -0.209593
-8.4 -1.2 0.507347 -0.347439
-8.4 -1 0.489017 -0.483778
-8.4 -0.8 0.449302 -0.605734
-8.4 -0.6 0.399866 -0.704476
-8.4 -0.4 0.353403 -0.775636
-8.4 -0.2 0.320757 -0.818087
-8.4 0 0.309053 -0.832141
-8.4 0.2 0.320757 -0.818087
-8.4 0.4 0.353403 -0.775636
-8.4 0.6 0.399866 -0.704476
-8.4 0.8 0.449302 -0.605734
-8.4 1 0.489017 -0.483778
-8.4 1.2 0.507347 -0.347439
-8.4 1.4 0.497116 -0.209593
-8.4 1.6 0.458467 -0.0844446
-8.4 1.8 0.399288 0.0171103
-8.4 2 0.331878 0.0920384
-8.4 2.2 0.266253 0.146511
-8.4 2.4 0.203311 0.191449
-8.4 2.6 0.133123 0.232894
-8.4 2.8 0.0423096 0.262689
-8.4 3 -0.0712534 0.25784
-8.4 3.2 -0.185905 0.193845
-8.4 3.4 -0.258435 0.0671528
-8.4 3.6 -0.246364 -0.0889141
-8.4 3.8 -0.139514 -0.211508
-8.4 4 0.0223436 -0.241082
-8.4 4.2 0.163901 -0.160226
-8.4 4.4 0.215662 -0.00971952
-8.4 4.6 0.154701 0.131969
-8.4 4.8 0.0175391 0.191814
-8.4 5 -0.119681 0.140267
-8.4 5.2 -0.178785 0.00689248
-8.4 5.4 -0.120031 -0.128761
-8.4 5.6 0.0254329 -0.173353
-8.4 5.8 0.155076 -0.0827448
-8.4 6 0.156713 0.0823429
-8.4 6.2 0.0134796 0.177896
-8.4 6.4 -0.148134 0.101336
-8.4 6.6 -0.159733 -0.0829364
-8.4 6.8 0.00301159 -0.179759
-8.4 7 0.163463 -0.0726197
-8.4 7.2 0.130556 0.119948
-8.4 7.4 -0.0611699 0.164135
-8.4 7.6 -0.172616 0.00135924
-8.4 7.8 -0.0585538 -0.159402
-8.4 8 0.130111 -0.104521
-8.4 8.2 0.136451 0.0909574
-8.4 8.4 -0.0476358 0.154016
-8.4 8.6 -0.158589 -0.0047074
-8.4 8.8 -0.0346081 -0.152506
-8.4 9 0.138464 -0.068372
-8.4 9.2 0.0957164 0.119096
-8.4 9.4 -0.0967201 0.116577
-8.4 9.6 -0.131434 -0.0732201
-8.4 9.8 0.0500169 -0.14108
-8.2 -10 0.0541074 -0.140486
-8.2 -9.8 -0.132312 -0.0726073
-8.2 -9.6 -0.0919885 0.120338
-8.2 -9.4 0.103819 0.111337
-8.2 -9.2 0.129388 -0.0821357
-8.2 -9 -0.0549415 -0.144491
-8.2 -8.8 -0.154638 0.02235
-8.2 -8.6 -0.0148473 0.157552
-8.2 -8.4 0.150896 0.0549517
-8.2 -8.2 0.0951687 -0.132615
-8.2 -8 -0.101436 -0.131531
-8.2 -7.8 -0.159034 0.0575009
-8.2 -7.6 0.00305768 0.172107
-8.2 -7.4 0.165501 0.0569515
-8.2 -7.2 0.114665 -0.13566
-8.2 -7 -0.0824233 -0.159772
-8.2 -6.8 -0.181016 0.0107397
-8.2 -6.6 -0.0682478 0.168915
-8.2 -6.4 0.1195 0.137633
-8.2 -6.2 0.177585 -0.0382147
-8.2 -6 0.0576504 -0.171031
-8.2 -5.8 -0.111476 -0.140188
-8.2 -5.6 -0.177713 0.0104632
-8.2 -5.4 -0.0996316 0.147373
-8.2 -5.2 0.0501866 0.172311
-8.2 -5 0.165488 0.0791763
-8.2 -4.8 0.177893 -0.0675194
-8.2 -4.6 0.0826581 -0.182068
-8.2 -4.4 -0.0691389 -0.200416
-8.2 -4.2 -0.197637 -0.108625
-8.2 -4 -0.234039 0.0498409
-8.2 -3.8 -0.15761 0.196599
-8.2 -3.6 -0.00598146 0.262264
-8.2 -3.4 0.150215 0.223612
-8.2 -3.2 0.249972 0.109007
-8.2 -3 0.271378 -0.0277105
-8.2 -2.8 0.231365 -0.142022
-8.2 -2.6 0.163109 -0.218125
-8.2 -2.4 0.0915032 -0.265342
-8.2 -2.2 0.0222792 -0.301061
-8.2 -2 -0.0532675 -0.335127
-8.2 -1.8 -0.146228 -0.364543
-8.2 -1.6 -0.260343 -0.378038
-8.2 -1.4 -0.389325 -0.364594
-8.2 -1.2 -0.52033 -0.320024
-8.2 -1 -0.639754 -0.248979
-8.2 -0.8 -0.737862 -0.162975
-8.2 -0.6 -0.810575 -0.0765781
-8.2 -0.4 -0.858642 -0.00377718
-8.2 -0.2 -0.885308 0.044448
-8.2 0 -0.893768 0.0612855
-8.2 0.2 -0.885308 0.044448
-8.2 0.4 -0.858642 -0.00377718
-8.2 0.6 -0.810575 -0.0765781
-8.2 0.8 -0.737862 -0.162975
-8.2 1 -0.639754 -0.248979
-8.2 1.2 -0.52033 -0.320024
-8.2 1.4 -0.389325 -0.364594
-8.2 1.6 -0.260343 -0.378038
-8.2 1.8 -0.146228 -0.364543
-8.2 2 -0.0532675 -0.335127
-8.2 2.2 0.0222792 -0.301061
-8.2 2.4 0.0915032 -0.265342
-8.2 2.6 0.163109 -0.218125
-8.2 2.8 0.231365 -0.142022
-8.2 3 0.271378 -0.0277105
-8.2 3.2 0.249972 0.109007
-8.2 3.4 0.150215 0.223612
-8.2 3.6 -0.00598146 0.262264
-8.2 3.8 -0.15761 0.196599
-8.2 4 -0.234039 0.0498409
-8.2 4.2 -0.197637 -0.108625
-8.2 4.4 -0.0691389 -0.200416
-8.2 4.6 0.0826581 -0.182068
-8.2 4.8 0.177893 -0.0675194
-8.2 5 0.165488 0.0791763
-8.2 5.2 0.0501866 0.172311
-8.2 5.4 -0.0996316 0.147373
-8.2 5.6 -0.177713 0.0104632
-8.2 5.8 -0.111476 -0.140188
-8.2 6 0.0576504 -0.171031
-8.2 6.2 0.177585 -0.0382147
-8.2 6.4 0.1195 0.137633
-8.2 6.6 -0.0682478 0.168915
-8.2 6.8 -0.181016 0.0107397
-8.2 7 -0.0824233 -0.159772
-8.2 7.2 0.114665 -0.13566
-8.2 7.4 0.165501 0.0569515
-8.2 7.6 0.00305768 0.172107
-8.2 7.8 -0.159034 0.0575009
-8.2 8 -0.101436 -0.131531
-8.2 8.2 0.0951687 -0.132615
-8.2 8.4 0.150896 0.0549517
-8.2 8.6 -0.0148473 0.157552
-8.2 8.8 -0.154638 0.02235
-8.2 9 -0.0549415 -0.144491
-8.2 9.2 0.129388 -0.0821357
-8.2 9.4 0.103819 0.111337
-8.2 9.6 -0.0919885 0.120338
-8.2 9.8 -0.132312 -0.0726073
-8 -10 -0.128627 -0.0813067
-8 -9.8 -0.0959284 0.118452
-8 -9.6 0.104885 0.111107
-8 -9.4 0.126009 -0.0873567
-8 -9.2 -0.065411 -0.139508
-8 -9 -0.150167 0.038827
-8 -8.8 0.00777161 0.156252
-8 -8.6 0.155809 0.0270173
-8 -8.4 0.0640384 -0.14683
-8 -8.2 -0.127535 -0.10086
-8 -8 -0.134037 0.096779
-8 -7.8 0.054593 0.159199
-8 -7.6 0.171396 -0.00278406
-8 -7.4 0.0545123 -0.165819
-8 -7.2 -0.138921 -0.110539
-8 -7 -0.156166 0.0899061
-8 -6.8 0.0223237 0.180997
-8 -6.6 0.175566 0.0547159
-8 -6.4 0.126459 -0.134571
-8 -6.2 -0.060584 -0.17442
-8 -6 -0.180909 -0.0330385
-8 -5.8 -0.121998 0.135949
-8 -5.6 0.0448731 0.175692
-8 -5.4 0.167623 0.0669699
-8 -5.2 0.157113 -0.089758
-8 -5 0.0351166 -0.180065
-8 -4.8 -0.111238 -0.152445
-8 -4.6 -0.194872 -0.0291191
-8 -4.4 -0.169736 0.120604
-8 -4.2 -0.0462025 0.216671
-8 -4 0.11508 0.205872
-8 -3.8 0.233135 0.089617
-8 -3.6 0.250418 -0.0765865
-8 -3.4 0.163248 -0.21624
-8 -3.2 0.0174651 -0.275688
-8 -3 -0.125178 -0.248045
-8 -2.8 -0.223068 -0.164408
-8 -2.6 -0.269409 -0.0651813
-8 -2.4 -0.282005 0.0250617
-8 -2.2 -0.282086 0.104671
-8 -2 -0.278815 0.185596
-8 -1.8 -0.266932 0.278993
-8 -1.6 -0.234384 0.38612
-8 -1.4 -0.17212 0.498007
-8 -1.2 -0.0799527 0.601094
-8 -1 0.033186 0.683925
-8 -0.8 0.152801 0.741275
-8 -0.6 0.263332 0.774693
-8 -0.4 0.351527 0.790351
-8 -0.2 0.407998 0.795785
-8 0 0.427392 0.796867
-8 0.2 0.407998 0.795785
-8 0.4 0.351527 0.790351
-8 0.6 0.263332 0.774693
-8 0.8 0.152801 0.741275
-8 1 0.033186 0.683925
-8 1.2 -0.0799527 0.601094
-8 1.4 -0.17212 0.498007
-8 1.6 -0.234384 0.38612
-8 1.8 -0.266932 0.278993
-8 2 -0.278815 0.185596
-8 2.2 -0.282086 0.104671
-8 2.4 -0.282005 0.0250617
-8 2.6 -0.269409 -0.0651813
-8 2.8 -0.223068 -0.164408
-8 3 -0.125178 -0.248045
-8 3.2 0.0174651 -0.275688
-8 3.4 0.163248 -0.21624
-8 3.6 0.250418 -0.0765865
-8 3.8 0.233135 0.089617
-8 4 0.11508 0.205872
-8 4.2 -0.0462025 0.216671
-8 4.4 -0.169736 0.120604
-8 4.6 -0.194872 -0.0291191
-8 4.8 -0.111238 -0.152445
-8 5 0.0351166 -0.180065
-8 5.2 0.157113 -0.089758
-8 5.4 0.167623 0.0669699
-8 5.6 0.0448731 0.175692
-8 5.8 -0.121998 0.135949
-8 6 -0.180909 -0.0330385
-8 6.2 -0.060584 -0.17442
-8 6.4 0.126459 -0.134571
-8 6.6 0.175566 0.0547159
-8 6.8 0.0223237 0.180997
-8 7 -0.156166 0.0899061
-8 7.2 -0.138921 -0.110539
-8 7.4 0.0545123 -0.165819
-8 7.6 0.171396 -0.00278406
-8 7.8 0.054593 0.159199
-8 8 -0.134037 0.096779
-8 8.2 -0.127535 -0.10086
-8 8.4 0.0640384 -0.14683
-8 8.6 0.155809 0.0270173
-8 8.8 0.00777161 0.156252
-8 9 -0.150167 0.038827
-8 9.2 -0.065411 -0.139508
-8 9.4 0.126009 -0.0873567
-8 9.6 0.104885 0.111107
-8 9.8 -0.0959284 0.118452
-7.8 -10 -0.108103 0.109594
-7.8 -9.8 0.0984304 0.118603
-7.8 -9.6 0.129391 -0.0842041
-7.8 -9.4 -0.0665058 -0.139716
-7.8 -9.2 -0.148588 0.0450295
-7.8 -9 0.0196703 0.154761
-7.8 -8.8 0.15675 0.00934929
-7.8 -8.6 0.0413283 -0.152893
-7.8 -8.4 -0.141482 -0.0749264
-7.8 -8.2 -0.10802 0.120999
-7.8 -8 0.0904465 0.137622
-7.8 -7.8 0.15993 -0.0497993
-7.8 -7.6 -0.000524037 -0.170588
-7.8 -7.4 -0.165252 -0.0539189
-7.8 -7.2 -0.107751 0.140511
-7.8 -7 0.0951561 0.152967
-7.8 -6.8 0.180121 -0.0316233
-7.8 -6.6 0.0427532 -0.180059
-7.8 -6.4 -0.146656 -0.115304
-7.8 -6.2 -0.169189 0.0802108
-7.8 -6 -0.00944885 0.186859
-7.8 -5.8 0.155962 0.101792
-7.8 -5.6 0.168338 -0.0766223
-7.8 -5.4 0.0326791 -0.180806
-7.8 -5.2 -0.124071 -0.134907
-7.8 -5 -0.1842 0.0097121
-7.8 -4.8 -0.118016 0.146467
-7.8 -4.6 0.0245667 0.193264
-7.8 -4.4 0.160596 0.127026
-7.8 -4.2 0.216756 -0.0175722
-7.8 -4 0.160309 -0.16762
-7.8 -3.8 0.0150243 -0.246335
-7.8 -3.6 -0.14983 -0.213092
-7.8 -3.4 -0.257944 -0.0850399
-7.8 -3.2 -0.268215 0.0769885
-7.8 -3 -0.191218 0.207933
-7.8 -2.8 -0.0715963 0.273581
-7.8 -2.6 0.0455856 0.278872
-7.8 -2.4 0.13888 0.250649
-7.8 -2.2 0.212482 0.213161
-7.8 -2 0.282062 0.173911
-7.8 -1.8 0.358642 0.125049
-7.8 -1.6 0.440989 0.0540746
-7.8 -1.4 0.518078 -0.0456486
-7.8 -1.2 0.576813 -0.170414
-7.8 -1 0.609114 -0.307991
-7.8 -0.8 0.615061 -0.442659
-7.8 -0.6 0.601942 -0.559999
-7.8 -0.4 0.580872 -0.64955
-7.8 -0.2 0.562923 -0.705158
-7.8 0 0.555994 -0.723956
-7.8 0.2 0.562923 -0.705158
-7.8 0.4 0.580872 -0.64955
-7.8 0.6 0.601942 -0.559999
-7.8 0.8 0.615061 -0.442659
-7.8 1 0.609114 -0.307991
-7.8 1.2 0.576813 -0.170414
-7.8 1.4 0.518078 -0.0456486
-7.8 1.6 0.440989 0.0540746
-7.8 1.8 0.358642 0.125049
-7.8 2 0.282062 0.173911
-7.8 2.2 0.212482 0.213161
-7.8 2.4 0.13888 0.250649
-7.8 2.6 0.0455856 0.278872
-7.8 2.8 -0.0715963 0.273581
-7.8 3 -0.191218 0.207933
-7.8 3.2 -0.268215 0.0769885
-7.8 3.4 -0.257944 -0.0850399
-7.8 3.6 -0.14983 -0.213092
-7.8 3.8 0.0150243 -0.246335
-7.8 4 0.160309 -0.16762
-7.8 4.2 0.216756 -0.0175722
-7.8 4.4 0.160596 0.127026
-7.8 4.6 0.0245667 0.193264
-7.8 4.8 -0.118016 0.146467
-7.8 5 -0.1842 0.0097121
-7.8 5.2 -0.124071 -0.134907
-7.8 5.4 0.0326791 -0.180806
-7.8 5.6 0.168338 -0.0766223
-7.8 5.8 0.155962 0.101792
-7.8 6 -0.00944885 0.186859
-7.8 6.2 -0.169189 0.0802108
-7.8 6.4 -0.146656 -0.115304
-7.8 6.6 0.0427532 -0.180059
-7.8 6.8 0.180121 -0.0316233
-7.8 7 0.0951561 0.152967
-7.8 7.2 -0.107751 0.140511
-7.8 7.4 -0.165252 -0.0539189
-7.8 7.6 -0.000524037 -0.170588
-7.8 7.8 0.15993 -0.0497993
-7.8 8 0.0904465 0.137622
-7.8 8.2 -0.10802 0.120999
-7.8 8.4 -0.141482 -0.0749264
-7.8 8.6 0.0413283 -0.152893
-7.8 8.8 0.15675 0.00934929
-7.8 9 0.0196703 0.154761
-7.8 9.2 -0.148588 0.0450295
-7.8 9.4 -0.0665058 -0.139716
-7.8 9.6 0.129391 -0.0842041
-7.8 9.8 0.0984304 0.118603
-7.6 -10 0.0824786 0.132157
-7.6 -9.8 0.138625 -0.0714757
-7.6 -9.6 -0.0576599 -0.145128
-7.6 -9.4 -0.151005 0.0407653
-7.6 -9.2 0.0206187 0.155401
-7.6 -9 0.157251 0.00277972
-7.6 -8.8 0.0291539 -0.155299
-7.6 -8.6 -0.148145 -0.0578285
-7.6 -8.4 -0.0875955 0.134362
-7.6 -8.2 0.112675 0.116593
-7.6 -8 0.14223 -0.0822418
-7.6 -7.8 -0.0430255 -0.161211
-7.6 -7.6 -0.169732 -0.00376556
-7.6 -7.4 -0.0552294 0.163921
-7.6 -7.2 0.140588 0.106442
-7.6 -7 0.150441 -0.0982878
-7.6 -6.8 -0.0385992 -0.178763
-7.6 -6.6 -0.182779 -0.0326563
-7.6 -6.4 -0.104754 0.155962
-7.6 -6.2 0.0968986 0.162648
-7.6 -6 0.189509 -0.0123774
-7.6 -5.8 0.0807609 -0.171591
-7.6 -5.6 -0.104885 -0.156848
-7.6 -5.4 -0.187387 0.00154307
-7.6 -5.2 -0.1076 0.152169
-7.6 -5 0.0528771 0.178777
-7.6 -4.8 0.171882 0.0774591
-7.6 -4.6 0.178478 -0.0747908
-7.6 -4.4 0.076321 -0.186901
-7.6 -4.2 -0.0773115 -0.19905
-7.6 -4 -0.203373 -0.102453
-7.6 -3.8 -0.236008 0.058489
-7.6 -3.6 -0.15526 0.206324
-7.6 -3.4 0.00153481 0.271281
-7.6 -3.2 0.162665 0.229111
-7.6 -3 0.265116 0.108756
-7.6 -2.8 0.286366 -0.0337188
-7.6 -2.6 0.244984 -0.152137
-7.6 -2.4 0.176443 -0.231299
-7.6 -2.2 0.106468 -0.282859
-7.6 -2 0.039559 -0.326383
-7.6 -1.8 -0.0351757 -0.37236
-7.6 -1.6 -0.130429 -0.416988
-7.6 -1.4 -0.250191 -0.44779
-7.6 -1.2 -0.387282 -0.453121
-7.6 -1 -0.527462 -0.429069
-7.6 -0.8 -0.655685 -0.381136
-7.6 -0.6 -0.760729 -0.321664
-7.6 -0.4 -0.836716 -0.265472
-7.6 -0.2 -0.882014 -0.225801
-7.6 0 -0.896987 -0.211543
-7.6 0.2 -0.882014 -0.225801
-7.6 0.4 -0.836716 -0.265472
-7.6 0.6 -0.760729 -0.321664
-7.6 0.8 -0.655685 -0.381136
-7.6 1 -0.527462 -0.429069
-7.6 1.2 -0.387282 -0.453121
-7.6 1.4 -0.250191 -0.44779
-7.6 1.6 -0.130429 -0.416988
-7.6 1.8 -0.0351757 -0.37236
-7.6 2 0.039559 -0.326383
-7.6 2.2 0.106468 -0.282859
-7.6 2.4 0.176443 -0.231299
-7.6 2.6 0.244984 -0.152137
-7.6 2.8 0.286366 -0.0337188
-7.6 3 0.265116 0.108756
-7.6 3.2 0.162665 0.229111
-7.6 3.4 0.00153481 0.271281
-7.6 3.6 -0.15526 0.206324
-7.6 3.8 -0.236008 0.058489
-7.6 4 -0.203373 -0.102453
-7.6 4.2 -0.0773115 -0.19905
-7.6 4.4 0.076321 -0.186901
-7.6 4.6 0.178478 -0.0747908
-7.6 4.8 0.171882 0.0774591
-7.6 5 0.0528771 0.178777
-7.6 5.2 -0.1076 0.152169
-7.6 5.4 -0.187387 0.00154307
-7.6 5.6 -0.104885 -0.156848
-7.6 5.8 0.0807609 -0.171591
-7.6 6 0.189509 -0.0123774
-7.6 6.2 0.0968986 0.162648
-7.6 6.4 -0.104754 0.155962
-7.6 6.6 -0.182779 -0.0326563
-7.6 6.8 -0.0385992 -0.178763
-7.6 7 0.150441 -0.0982878
-7.6 7.2 0.140588 0.106442
-7.6 7.4 -0.0552294 0.163921
-7.6 7.6 -0.169732 -0.00376556
-7.6 7.8 -0.0430255 -0.161211
-7.6 8 0.14223 -0.0822418
-7.6 8.2 0.112675 0.116593
-7.6 8.4 -0.0875955 0.134362
-7.6 8.6 -0.148145 -0.0578285
-7.6 8.8 0.0291539 -0.155299
-7.6 9 0.157251 0.00277972
-7.6 9.2 0.0206187 0.155401
-7.6 9.4 -0.151005 0.0407653
-7.6 9.6 -0.0576599 -0.145128
-7.6 9.8 0.138625 -0.0714757
-7.4 -10 0.150414 -0.0471366
-7.4 -9.8 -0.0374393 -0.153362
-7.4 -9.6 -0.156063 0.0251228
-7.4 -9.4 0.0100401 0.15796
-7.4 -9.2 0.158333 0.00787009
-7.4 -9 0.028519 -0.156294
-7.4 -8.8 -0.150798 -0.0515846
-7.4 -8.6 -0.0764119 0.140692
-7.4 -8.4 0.124801 0.101904
-7.4 -8.2 0.126423 -0.102083
-7.4 -8 -0.0718538 -0.147719
-7.4 -7.8 -0.162948 0.0340947
-7.4 -7.6 -0.0101765 0.168808
-7.4 -7.4 0.16189 0.0585139
-7.4 -7.2 0.10673 -0.139275
-7.4 -7 -0.0994199 -0.148808
-7.4 -6.8 -0.177253 0.0432669
-7.4 -6.6 -0.0246211 0.184104
-7.4 -6.4 0.162762 0.0952778
-7.4 -6.2 0.155486 -0.110604
-7.4 -6 -0.0319003 -0.189542
-7.4 -5.8 -0.18313 -0.0599472
-7.4 -5.6 -0.142458 0.129171
-7.4 -5.4 0.03428 0.188156
-7.4 -5.2 0.173653 0.0771228
-7.4 -5 0.16519 -0.0924287
-7.4 -4.8 0.0336561 -0.18704
-7.4 -4.6 -0.118663 -0.152577
-7.4 -4.4 -0.19865 -0.0218409
-7.4 -4.2 -0.166129 0.128503
-7.4 -4 -0.0381199 0.22016
-7.4 -3.8 0.123904 0.204352
-7.4 -3.6 0.240914 0.0838295
-7.4 -3.4 0.255725 -0.0864875
-7.4 -3.2 0.163848 -0.229439
-7.4 -3 0.0117281 -0.289629
-7.4 -2.8 -0.136689 -0.25979
-7.4 -2.6 -0.238338 -0.172834
-7.4 -2.4 -0.287358 -0.0713601
-7.4 -2.2 -0.304036 0.0196717
-7.4 -2 -0.311524 0.100364
-7.4 -1.8 -0.319082 0.185111
-7.4 -1.6 -0.320145 0.286563
-7.4 -1.4 -0.301284 0.405951
-7.4 -1.2 -0.253036 0.533243
-7.4 -1 -0.175957 0.653587
-7.4 -0.8 -0.0804151 0.75441
-7.4 -0.6 0.0175864 0.829379
-7.4 -0.4 0.10139 0.878436
-7.4 -0.2 0.157405 0.905194
-7.4 0 0.177044 0.913573
-7.4 0.2 0.157405 0.905194
-7.4 0.4 0.10139 0.878436
-7.4 0.6 0.0175864 0.829379
-7.4 0.8 -0.0804151 0.75441
-7.4 1 -0.175957 0.653587
-7.4 1.2 -0.253036 0.533243
-7.4 1.4 -0.301284 0.405951
-7.4 1.6 -0.320145 0.286563
-7.4 1.8 -0.319082 0.185111
-7.4 2 -0.311524 0.100364
-7.4 2.2 -0.304036 0.0196717
-7.4 2.4 -0.287358 -0.0713601
-7.4 2.6 -0.238338 -0.172834
-7.4 2.8 -0.136689 -0.25979
-7.4 3 0.0117281 -0.289629
-7.4 3.2 0.163848 -0.229439
-7.4 3.4 0.255725 -0.0864875
-7.4 3.6 0.240914 0.0838295
-7.4 3.8 0.123904 0.204352
-7.4 4 -0.0381199 0.22016
-7.4 4.2 -0.166129 0.128503
-7.4 4.4 -0.19865 -0.0218409
-7.4 4.6 -0.118663 -0.152577
-7.4 4.8 0.0336561 -0.18704
-7.4 5 0.16519 -0.0924287
-7.4 5.2 0.173653 0.0771228
-7.4 5.4 0.03428 0.188156
-7.4 5.6 -0.142458 0.129171
-7.4 5.8 -0.18313 -0.0599472
-7.4 6 -0.0319003 -0.189542
-7.4 6.2 0.155486 -0.110604
-7.4 6.4 0.162762 0.0952778
-7.4 6.6 -0.0246211 0.184104
-7.4 6.8 -0.177253 0.0432669
-7.4 7 -0.0994199 -0.148808
-7.4 7.2 0.10673 -0.139275
-7.4 7.4 0.16189 0.0585139
-7.4 7.6 -0.0101765 0.168808
-7.4 7.8 -0.162948 0.0340947
-7.4 8 -0.0718538 -0.147719
-7.4 8.2 0.126423 -0.102083
-7.4 8.4 0.124801 0.101904
-7.4 8.6 -0.0764119 0.140692
-7.4 8.8 -0.150798 -0.0515846
-7.4 9 0.028519 -0.156294
-7.4 9.2 0.158333 0.00787009
-7.4 9.4 0.0100401 0.15796
-7.4 9.6 -0.156063 0.0251228
-7.4 9.8 -0.0374393 -0.153362
-7.2 -10 -0.00462681 -0.159335
-7.2 -9.8 -0.159723 -0.00281883
-7.2 -9.6 -0.0126996 0.159521
-7.2 -9.4 0.158286 0.0250754
-7.2 -9.2 0.0399242 -0.155437
-7.2 -9 -0.150256 -0.0570913
-7.2 -8.8 -0.076223 0.141902
-7.2 -8.6 0.129448 0.0966872
-7.2 -8.4 0.117487 -0.111955
-7.2 -8.2 -0.0885989 -0.137176
-7.2 -8 -0.153806 0.0588522
-7.2 -7.8 0.0227378 0.164927
-7.2 -7.6 0.167694 0.0188619
-7.2 -7.4 0.0638697 -0.159135
-7.2 -7.2 -0.136632 -0.108723
-7.2 -7 -0.14825 0.0986483
-7.2 -6.8 0.0456692 0.17588
-7.2 -6.6 0.184391 0.0187655
-7.2 -6.4 0.0872377 -0.167369
-7.2 -6.2 -0.121406 -0.148306
-7.2 -6 -0.187646 0.0487698
-7.2 -5.8 -0.0402124 0.191029
-7.2 -5.6 0.149288 0.126364
-7.2 -5.4 0.184124 -0.0644364
-7.2 -5.2 0.0452937 -0.188607
-7.2 -5 -0.126967 -0.145157
-7.2 -4.8 -0.19228 0.0107117
-7.2 -4.6 -0.11816 0.154156
-7.2 -4.4 0.0324123 0.196218
-7.2 -4.2 0.167834 0.121573
-7.2 -4 0.217723 -0.0268171
-7.2 -3.8 0.155488 -0.175547
-7.2 -3.6 0.00670074 -0.251116
-7.2 -3.4 -0.160557 -0.214092
-7.2 -3.2 -0.269954 -0.0808804
-7.2 -3 -0.278925 0.0872488
-7.2 -2.8 -0.197812 0.223166
-7.2 -2.6 -0.0731637 0.291401
-7.2 -2.4 0.0479004 0.298083
-7.2 -2.2 0.143964 0.272584
-7.2 -2 0.221404 0.240714
-7.2 -1.8 0.298447 0.209462
-7.2 -1.6 0.387364 0.169182
-7.2 -1.4 0.48655 0.105878
-7.2 -1.2 0.583802 0.0127364
-7.2 -1 0.664986 -0.105386
-7.2 -0.8 0.721461 -0.234376
-7.2 -0.6 0.752862 -0.356493
-7.2 -0.4 0.765447 -0.455493
-7.2 -0.2 0.768077 -0.51947
-7.2 0 0.76803 -0.541532
-7.2 0.2 0.768077 -0.51947
-7.2 0.4 0.765447 -0.455493
-7.2 0.6 0.752862 -0.356493
-7.2 0.8 0.721461 -0.234376
-7.2 1 0.664986 -0.105386
-7.2 1.2 0.583802 0.0127364
-7.2 1.4 0.48655 0.105878
-7.2 1.6 0.387364 0.169182
-7.2 1.8 0.298447 0.209462
-7.2 2 0.221404 0.240714
-7.2 2.2 0.143964 0.272584
-7.2 2.4 0.0479004 0.298083
-7.2 2.6 -0.0731637 0.291401
-7.2 2.8 -0.197812 0.223166
-7.2 3 -0.278925 0.0872488
-7.2 3.2 -0.269954 -0.0808804
-7.2 3.4 -0.160557 -0.214092
-7.2 3.6 0.00670074 -0.251116
-7.2 3.8 0.155488 -0.175547
-7.2 4 0.217723 -0.0268171
-7.2 4.2 0.167834 0.121573
-7.2 4.4 0.0324123 0.196218
-7.2 4.6 -0.11816 0.154156
-7.2 4.8 -0.19228 0.0107117
-7.2 5 -0.126967 -0.145157
-7.2 5.2 0.0452937 -0.188607
-7.2 5.4 0.184124 -0.0644364
-7.2 5.6 0.149288 0.126364
-7.2 5.8 -0.0402124 0.191029
-7.2 6 -0.187646 0.0487698
-7.2 6.2 -0.121406 -0.148306
-7.2 6.4 0.0872377 -0.167369
-7.2 6.6 0.184391 0.0187655
-7.2 6.8 0.0456692 0.17588
-7.2 7 -0.14825 0.0986483
-7.2 7.2 -0.136632 -0.108723
-7.2 7.4 0.0638697 -0.159135
-7.2 7.6 0.167694 0.0188619
-7.2 7.8 0.0227378 0.164927
-7.2 8 -0.153806 0.0588522
-7.2 8.2 -0.0885989 -0.137176
-7.2 8.4 0.117487 -0.111955
-7.2 8.6 0.129448 0.0966872
-7.2 8.8 -0.076223 0.141902
-7.2 9 -0.150256 -0.0570913
-7.2 9.2 0.0399242 -0.155437
-7.2 9.4 0.158286 0.0250754
-7.2 9.6 -0.0126996 0.159521
-7.2 9.8 -0.159723 -0.00281883
-7 -10 -0.155366 -0.0423884
-7 -9.8 -0.0470601 0.15453
-7 -9.6 0.152697 0.0539263
-7 -9.4 0.0629985 -0.149535
-7 -9.2 -0.144603 -0.0742071
-7 -9 -0.0873612 0.137347
-7 -8.8 0.127115 0.102097
-7 -8.6 0.117817 -0.113191
-7 -8.4 -0.094855 -0.133619
-7 -8.2 -0.148234 0.0714856
-7 -8 0.0427091 0.159976
-7 -7.8 0.166747 -0.00860593
-7 -7.6 0.0300337 -0.166111
-7 -7.4 -0.155507 -0.0714259
-7 -7.2 -0.112534 0.132628
-7 -7 0.0960144 0.148927
-7 -6.8 0.17489 -0.0458439
-7 -6.6 0.0151574 -0.18397
-7 -6.4 -0.170112 -0.0809046
-7 -6.2 -0.141617 0.129478
-7 -6 0.0628058 0.184475
-7 -5.8 0.195834 0.0222243
-7 -5.6 0.109651 -0.165295
-7 -5.4 -0.0912464 -0.176412
-7 -5.2 -0.19751 -0.0137156
-7 -5 -0.120545 0.155648
-7 -4.8 0.0533397 0.188578
-7 -4.6 0.180141 0.0780704
-7 -4.4 0.181022 -0.0829773
-7 -4.2 0.0695045 -0.193344
-7 -4 -0.0870192 -0.197527
-7 -3.8 -0.209543 -0.0948319
-7 -3.6 -0.237149 0.0682008
-7 -3.4 -0.151957 0.216253
-7 -3.2 0.00960101 0.28038
-7 -3 0.175776 0.235121
-7 -2.8 0.281687 0.109191
-7 -2.6 0.3037 -0.0394345
-7 -2.4 0.261746 -0.16267
-7 -2.2 0.193788 -0.245709
-7 -2 0.126685 -0.302697
-7 -1.8 0.0638025 -0.355711
-7 -1.6 -0.00798988 -0.416106
-7 -1.4 -0.102936 -0.479307
-7 -1.2 -0.224959 -0.531581
-7 -1 -0.365431 -0.560614
-7 -0.8 -0.508004 -0.562647
-7 -0.6 -0.635394 -0.54362
-7 -0.4 -0.73411 -0.515735
-7 -0.2 -0.795902 -0.492328
-7 0 -0.816858 -0.483317
-7 0.2 -0.795902 -0.492328
-7 0.4 -0.73411 -0.515735
-7 0.6 -0.635394 -0.54362
-7 0.8 -0.508004 -0.562647
-7 1 -0.365431 -0.560614
-7 1.2 -0.224959 -0.531581
-7 1.4 -0.102936 -0.479307
-7 1.6 -0.00798988 -0.416106
-7 1.8 0.0638025 -0.355711
-7 2 0.126685 -0.302697
-7 2.2 0.193788 -0.245709
-7 2.4 0.261746 -0.16267
-7 2.6 0.3037 -0.0394345
-7 2.8 0.281687 0.109191
-7 3 0.175776 0.235121
-7 3.2 0.00960101 0.28038
-7 3.4 -0.151957 0.216253
-7 3.6 -0.237149 0.0682008
-7 3.8 -0.209543 -0.0948319
-7 4 -0.0870192 -0.197527
-7 4.2 0.0695045 -0.193344
-7 4.4 0.181022 -0.0829773
-7 4.6 0.180141 0.0780704
-7 4.8 0.0533397 0.188578
-7 5 -0.120545 0.155648
-7 5.2 -0.19751 -0.0137156
-7 5.4 -0.0912464 -0.176412
-7 5.6 0.109651 -0.165295
-7 5.8 0.195834 0.0222243
-7 6 0.0628058 0.184475
-7 6.2 -0.141617 0.129478
-7 6.4 -0.170112 -0.0809046
-7 6.6 0.0151574 -0.18397
-7 6.8 0.17489 -0.0458439
-7 7 0.0960144 0.148927
-7 7.2 -0.112534 0.132628
-7 7.4 -0.155507 -0.0714259
-7 7.6 0.0300337 -0.166111
-7 7.8 0.166747 -0.00860593
-7 8 0.0427091 0.159976
-7 8.2 -0.148234 0.0714856
-7 8.4 -0.094855 -0.133619
-7 8.6 0.117817 -0.113191
-7 8.8 0.127115 0.102097
-7 9 -0.0873612 0.137347
-7 9.2 -0.144603 -0.0742071
-7 9.4 0.0629985 -0.149535
-7 9.6 0.152697 0.0539263
-7 9.8 -0.0470601 0.15453
-6.8 -10 -0.0894242 0.135688
-6.8 -9.8 0.135151 0.0914288
-6.8 -9.6 0.0952586 -0.133176
-6.8 -9.4 -0.129532 -0.100919
-6.8 -9.2 -0.108332 0.123904
-6.8 -9 0.115886 0.117305
-6.8 -8.8 0.127493 -0.105001
-6.8 -8.6 -0.090723 -0.138351
-6.8 -8.4 -0.149078 0.0725307
-6.8 -8.2 0.0499885 0.158572
-6.8 -8 0.165387 -0.022869
-6.8 -7.8 0.00868086 -0.16774
-6.8 -7.6 -0.163565 -0.0439297
-6.8 -7.4 -0.0813253 0.150681
-6.8 -7.2 0.127092 0.118268
-6.8 -7 0.150968 -0.0914643
-6.8 -6.8 -0.0437855 -0.17449
-6.8 -6.6 -0.183135 -0.0138509
-6.8 -6.4 -0.076484 0.171321
-6.8 -6.2 0.135057 0.135839
-6.8 -6 0.180632 -0.0739709
-6.8 -5.8 0.0064585 -0.198141
-6.8 -5.6 -0.177446 -0.0932551
-6.8 -5.4 -0.166153 0.114257
-6.8 -5.2 0.0162896 0.201122
-6.8 -5 0.178147 0.0932108
-6.8 -4.8 0.177364 -0.0924118
-6.8 -4.6 0.0351286 -0.19635
-6.8 -4.4 -0.127155 -0.155246
-6.8 -4.2 -0.204429 -0.0141343
-6.8 -4 -0.162408 0.138135
-6.8 -3.8 -0.0283972 0.224021
-6.8 -3.6 0.133793 0.201661
-6.8 -3.4 0.248582 0.0767797
-6.8 -3.2 0.260652 -0.0970534
-6.8 -3 0.164462 -0.243303
-6.8 -2.8 0.00604965 -0.304965
-6.8 -2.6 -0.148817 -0.273726
-6.8 -2.4 -0.255289 -0.183935
-6.8 -2.2 -0.308169 -0.0805868
-6.8 -2 -0.33042 0.0106627
-6.8 -1.8 -0.347511 0.0916354
-6.8 -1.6 -0.369061 0.179317
-6.8 -1.4 -0.387284 0.287874
-6.8 -1.2 -0.387444 0.418229
-6.8 -1 -0.359841 0.558733
-6.8 -0.8 -0.305966 0.692485
-6.8 -0.6 -0.237588 0.804826
-6.8 -0.4 -0.171649 0.887117
-6.8 -0.2 -0.124464 0.936389
-6.8 0 -0.107394 0.952687
-6.8 0.2 -0.124464 0.936389
-6.8 0.4 -0.171649 0.887117
-6.8 0.6 -0.237588 0.804826
-6.8 0.8 -0.305966 0.692485
-6.8 1 -0.359841 0.558733
-6.8 1.2 -0.387444 0.418229
-6.8 1.4 -0.387284 0.287874
-6.8 1.6 -0.369061 0.179317
-6.8 1.8 -0.347511 0.0916354
-6.8 2 -0.33042 0.0106627
-6.8 2.2 -0.308169 -0.0805868
-6.8 2.4 -0.255289 -0.183935
-6.8 2.6 -0.148817 -0.273726
-6.8 2.8 0.00604965 -0.304965
-6.8 3 0.164462 -0.243303
-6.8 3.2 0.260652 -0.0970534
-6.8 3.4 0.248582 0.0767797
-6.8 3.6 0.133793 0.201661
-6.8 3.8 -0.0283972 0.224021
-6.8 4 -0.162408 0.138135
-6.8 4.2 -0.204429 -0.0141343
-6.8 4.4 -0.127155 -0.155246
-6.8 4.6 0.0351286 -0.19635
-6.8 4.8 0.177364 -0.0924118
-6.8 5 0.178147 0.0932108
-6.8 5.2 0.0162896 0.201122
-6.8 5.4 -0.166153 0.114257
-6.8 5.6 -0.177446 -0.0932551
-6.8 5.8 0.0064585 -0.198141
-6.8 6 0.180632 -0.0739709
-6.8 6.2 0.135057 0.135839
-6.8 6.4 -0.076484 0.171321
-6.8 6.6 -0.183135 -0.0138509
-6.8 6.8 -0.0437855 -0.17449
-6.8 7 0.150968 -0.0914643
-6.8 7.2 0.127092 0.118268
-6.8 7.4 -0.0813253 0.150681
-6.8 7.6 -0.163565 -0.0439297
-6.8 7.8 0.00868086 -0.16774
-6.8 8 0.165387 -0.022869
-6.8 8.2 0.0499885 0.158572
-6.8 8.4 -0.149078 0.0725307
-6.8 8.6 -0.090723 -0.138351
-6.8 8.8 0.127493 -0.105001
-6.8 9 0.115886 0.117305
-6.8 9.2 -0.108332 0.123904
-6.8 9.4 -0.129532 -0.100919
-6.8 9.6 0.0952586 -0.133176
-6.8 9.8 0.135151 0.0914288
-6.6 -10 0.0991685 0.130306
-6.6 -9.8 0.130496 -0.100323
-6.6 -9.6 -0.0996464 -0.131959
-6.6 -9.4 -0.13473 0.0969792
-6.6 -9.2 0.092101 0.138762
-6.6 -9 0.143895 -0.0847308
-6.6 -8.8 -0.074536 -0.149833
-6.6 -8.6 -0.156105 0.061155
-6.6 -8.4 0.0442381 0.162025
-6.6 -8.2 0.166654 -0.0235139
-6.6 -8 0.0011132 -0.168775
-6.6 -7.8 -0.166892 -0.0294285
-6.6 -7.6 -0.0607375 0.159276
-6.6 -7.4 0.144099 0.0936709
-6.6 -7.2 0.125992 -0.119666
-6.6 -7 -0.0848046 -0.154458
-6.6 -6.8 -0.174828 0.039402
-6.6 -6.6 -0.0149269 0.182125
-6.6 -6.4 0.1713 0.0741503
-6.6 -6.2 0.131326 -0.138413
-6.6 -6 -0.0823381 -0.176658
-6.6 -5.8 -0.198557 0.00678564
-6.6 -5.6 -0.0779317 0.18614
-6.6 -5.4 0.133295 0.154423
-6.6 -5.2 0.200385 -0.0437152
-6.6 -5 0.0648721 -0.194583
-6.6 -4.8 -0.126648 -0.160344
-6.6 -4.6 -0.203248 0.00808577
-6.6 -4.4 -0.121545 0.163122
-6.6 -4.2 0.0406286 0.201707
-6.6 -4 0.177093 0.116129
-6.6 -3.8 0.21907 -0.0378883
-6.6 -3.6 0.149188 -0.184515
-6.6 -3.4 -0.00311518 -0.2554
-6.6 -3.2 -0.171893 -0.2142
-6.6 -3 -0.282387 -0.0762616
-6.6 -2.8 -0.290705 0.0979685
-6.6 -2.6 -0.20608 0.239721
-6.6 -2.4 -0.0764769 0.31181
-6.6 -2.2 0.0487068 0.321193
-6.6 -2 0.147759 0.299976
-6.6 -1.8 0.229274 0.275975
-6.6 -1.6 0.314297 0.255942
-6.6 -1.4 0.416477 0.228529
-6.6 -1.2 0.533645 0.178398
-6.6 -1 0.651961 0.098933
-6.6 -0.8 0.755581 -0.00334033
-6.6 -0.6 0.834332 -0.112008
-6.6 -0.4 0.885991 -0.207319
-6.6 -0.2 0.913887 -0.27203
-6.6 0 0.922528 -0.294886
-6.6 0.2 0.913887 -0.27203
-6.6 0.4 0.885991 -0.207319
-6.6 0.6 0.834332 -0.112008
-6.6 0.8 0.755581 -0.00334033
-6.6 1 0.651961 0.098933
-6.6 1.2 0.533645 0.178398
-6.6 1.4 0.416477 0.228529
-6.6 1.6 0.314297 0.255942
-6.6 1.8 0.229274 0.275975
-6.6 2 0.147759 0.299976
-6.6 2.2 0.0487068 0.321193
-6.6 2.4 -0.0764769 0.31181
-6.6 2.6 -0.20608 0.239721
-6.6 2.8 -0.290705 0.0979685
-6.6 3 -0.282387 -0.0762616
-6.6 3.2 -0.171893 -0.2142
-6.6 3.4 -0.00311518 -0.2554
-6.6 3.6 0.149188 -0.184515
-6.6 3.8 0.21907 -0.0378883
-6.6 4 0.177093 0.116129
-6.6 4.2 0.0406286 0.201707
-6.6 4.4 -0.121545 0.163122
-6.6 4.6 -0.203248 0.00808577
-6.6 4.8 -0.126648 -0.160344
-6.6 5 0.0648721 -0.194583
-6.6 5.2 0.200385 -0.0437152
-6.6 5.4 0.133295 0.154423
-6.6 5.6 -0.0779317 0.18614
-6.6 5.8 -0.198557 0.00678564
-6.6 6 -0.0823381 -0.176658
-6.6 6.2 0.131326 -0.138413
-6.6 6.4 0.1713 0.0741503
-6.6 6.6 -0.0149269 0.182125
-6.6 6.8 -0.174828 0.039402
-6.6 7 -0.0848046 -0.154458
-6.6 7.2 0.125992 -0.119666
-6.6 7.4 0.144099 0.0936709
-6.6 7.6 -0.0607375 0.159276
-6.6 7.8 -0.166892 -0.0294285
-6.6 8 0.0011132 -0.168775
-6.6 8.2 0.166654 -0.0235139
-6.6 8.4 0.0442381 0.162025
-6.6 8.6 -0.156105 0.061155
-6.6 8.8 -0.074536 -0.149833
-6.6 9 0.143895 -0.0847308
-6.6 9.2 0.092101 0.138762
-6.6 9.4 -0.13473 0.0969792
-6.6 9.6 -0.0996464 -0.131959
-6.6 9.8 0.130496 -0.100323
-6.4 -10 0.157811 -0.0473612
-6.4 -9.8 -0.0510751 -0.157737
-6.4 -9.6 -0.158192 0.0527302
-6.4 -9.4 0.052191 0.159264
-6.4 -9.2 0.160959 -0.0492902
-6.4 -9 -0.0438279 -0.16318
-6.4 -8.8 -0.165703 0.0355773
-6.4 -8.6 0.0243023 0.168153
-6.4 -8.4 0.169971 -0.00978928
-6.4 -8.2 0.0081004 -0.170388
-6.4 -8 -0.168403 -0.0293528
-6.4 -7.8 -0.0536951 0.162789
-6.4 -7.6 0.15213 0.0804593
-6.4 -7.4 0.108424 -0.134921
-6.4 -7.2 -0.109762 -0.135655
-6.4 -7 -0.159377 0.0756606
-6.4 -6.8 0.0324736 0.175962
-6.4 -6.6 0.181099 0.0185347
-6.4 -6.4 0.0740854 -0.170297
-6.4 -6.2 -0.139812 -0.128389
-6.4 -6 -0.173038 0.0880519
-6.4 -5.8 0.0173564 0.197678
-6.4 -5.6 0.191872 0.064258
-6.4 -5.4 0.142183 -0.148422
-6.4 -5.2 -0.067874 -0.196316
-6.4 -5 -0.205419 -0.0370156
-6.4 -4.8 -0.139318 0.155297
-6.4 -4.6 0.0493911 0.201882
-6.4 -4.4 0.189946 0.0827538
-6.4 -4.2 0.186786 -0.0914797
-6.4 -4 0.0628931 -0.20222
-6.4 -3.8 -0.0987671 -0.196496
-6.4 -3.6 -0.216754 -0.0854708
-6.4 -3.4 -0.237388 0.0795592
-6.4 -3.2 -0.147259 0.226573
-6.4 -3 0.0184888 0.289447
-6.4 -2.8 0.18964 0.241652
-6.4 -2.6 0.29994 0.110555
-6.4 -2.4 0.324022 -0.0445813
-6.4 -2.2 0.28268 -0.17349
-6.4 -2 0.216574 -0.261382
-6.4 -1.8 0.15418 -0.324993
-6.4 -1.6 0.0979843 -0.389304
-6.4 -1.4 0.0326734 -0.466785
-6.4 -1.2 -0.0573653 -0.552022
-6.4 -1 -0.175475 -0.629742
-6.4 -0.8 -0.310778 -0.686509
-6.4 -0.6 -0.44396 -0.717952
-6.4 -0.4 -0.554857 -0.729067
-6.4 -0.2 -0.627678 -0.729708
-6.4 0 -0.652976 -0.728757
-6.4 0.2 -0.627678 -0.729708
-6.4 0.4 -0.554857 -0.729067
-6.4 0.6 -0.44396 -0.717952
-6.4 0.8 -0.310778 -0.686509
-6.4 1 -0.175475 -0.629742
-6.4 1.2 -0.0573653 -0.552022
-6.4 1.4 0.0326734 -0.466785
-6.4 1.6 0.0979843 -0.389304
-6.4 1.8 0.15418 -0.324993
-6.4 2 0.216574 -0.261382
-6.4 2.2 0.28268 -0.17349
-6.4 2.4 0.324022 -0.0445813
-6.4 2.6 0.29994 0.110555
-6.4 2.8 0.18964 0.241652
-6.4 3 0.0184888 0.289447
-6.4 3.2 -0.147259 0.226573
-6.4 3.4 -0.237388 0.0795592
-6.4 3.6 -0.216754 -0.0854708
-6.4 3.8 -0.0987671 -0.196496
-6.4 4 0.0628931 -0.20222
-6.4 4.2 0.186786 -0.0914797
-6.4 4.4 0.189946 0.0827538
-6.4 4.6 0.0493911 0.201882
-6.4 4.8 -0.139318 0.155297
-6.4 5 -0.205419 -0.0370156
-6.4 5.2 -0.067874 -0.196316
-6.4 5.4 0.142183 -0.148422
-6.4 5.6 0.191872 0.064258
-6.4 5.8 0.0173564 0.197678
-6.4 6 -0.173038 0.0880519
-6.4 6.2 -0.139812 -0.128389
-6.4 6.4 0.0740854 -0.170297
-6.4 6.6 0.181099 0.0185347
-6.4 6.8 0.0324736 0.175962
-6.4 7 -0.159377 0.0756606
-6.4 7.2 -0.109762 -0.135655
-6.4 7.4 0.108424 -0.134921
-6.4 7.6 0.15213 0.0804593
-6.4 7.8 -0.0536951 0.162789
-6.4 8 -0.168403 -0.0293528
-6.4 8.2 0.0081004 -0.170388
-6.4 8.4 0.169971 -0.00978928
-6.4 8.6 0.0243023 0.168153
-6.4 8.8 -0.165703 0.0355773
-6.4 9 -0.0438279 -0.16318
-6.4 9.2 0.160959 -0.0492902
-6.4 9.4 0.052191 0.159264
-6.4 9.6 -0.158192 0.0527302
-6.4 9.8 -0.0510751 -0.157737
-6.2 -10 0.0147236 -0.164902
-6.2 -9.8 -0.166542 -0.00850095
-6.2 -9.6 -0.00426685 0.167839
-6.2 -9.4 0.168931 0.00218928
-6.2 -9.2 0.00243685 -0.16988
-6.2 -9 -0.170659 -0.00518168
-6.2 -8.8 -0.010596 0.171131
-6.2 -8.6 0.171026 0.0188398
-6.2 -8.4 0.0300369 -0.169918
-6.2 -8.2 -0.167209 -0.044234
-6.2 -8 -0.061341 0.162108
-6.2 -7.8 0.153641 0.0810472
-6.2 -7.6 0.102714 -0.140678
-6.2 -7.4 -0.12202 -0.125249
-6.2 -7.2 -0.146974 0.0965451
-6.2 -7 0.0634532 0.165518
-6.2 -6.8 0.177787 -0.0226236
-6.2 -6.6 0.0249256 -0.180079
-6.2 -6.4 -0.168458 -0.0765137
-6.2 -6.2 -0.127328 0.139468
-6.2 -6 0.0912797 0.170218
-6.2 -5.8 0.196079 -0.0252083
-6.2 -5.6 0.0526471 -0.1952
-6.2 -5.4 -0.159894 -0.13025
-6.2 -5.2 -0.189932 0.0883825
-6.2 -5 -0.0108369 0.211368
-6.2 -4.8 0.178093 0.116034
-6.2 -4.6 0.19369 -0.0870972
-6.2 -4.4 0.0416259 -0.207509
-6.2 -4.2 -0.135912 -0.161977
-6.2 -4 -0.213202 -0.00689978
-6.2 -3.8 -0.159417 0.150085
-6.2 -3.6 -0.0167105 0.228998
-6.2 -3.4 0.145435 0.197687
-6.2 -3.2 0.256295 0.0678878
-6.2 -3 0.264938 -0.108629
-6.2 -2.8 0.164937 -0.257916
-6.2 -2.6 0.000504645 -0.321939
-6.2 -2.4 -0.161546 -0.290496
-6.2 -2.2 -0.274217 -0.198702
-6.2 -2 -0.33251 -0.0941518
-6.2 -1.8 -0.362209 -0.00371177
-6.2 -1.6 -0.391621 0.0759523
-6.2 -1.4 -0.431095 0.164461
-6.2 -1.2 -0.471691 0.277365
-6.2 -1 -0.497297 0.414708
-6.2 -0.8 -0.497858 0.562257
-6.2 -0.6 -0.475421 0.699847
-6.2 -0.4 -0.442115 0.809472
-6.2 -0.2 -0.41367 0.879183
-6.2 0 -0.402618 0.90299
-6.2 0.2 -0.41367 0.879183
-6.2 0.4 -0.442115 0.809472
-6.2 0.6 -0.475421 0.699847
-6.2 0.8 -0.497858 0.562257
-6.2 1 -0.497297 0.414708
-6.2 1.2 -0.471691 0.277365
-6.2 1.4 -0.431095 0.164461
-6.2 1.6 -0.391621 0.0759523
-6.2 1.8 -0.362209 -0.00371177
-6.2 2 -0.33251 -0.0941518
-6.2 2.2 -0.274217 -0.198702
-6.2 2.4 -0.161546 -0.290496
-6.2 2.6 0.000504645 -0.321939
-6.2 2.8 0.164937 -0.257916
-6.2 3 0.264938 -0.108629
-6.2 3.2 0.256295 0.0678878
-6.2 3.4 0.145435 0.197687
-6.2 3.6 -0.0167105 0.228998
-6.2 3.8 -0.159417 0.150085
-6.2 4 -0.213202 -0.00689978
-6.2 4.2 -0.135912 -0.161977
-6.2 4.4 0.0416259 -0.207509
-6.2 4.6 0.19369 -0.0870972
-6.2 4.8 0.178093 0.116034
-6.2 5 -0.0108369 0.211368
-6.2 5.2 -0.189932 0.0883825
-6.2 5.4 -0.159894 -0.13025
-6.2 5.6 0.0526471 -0.1952
-6.2 5.8 0.196079 -0.0252083
-6.2 6 0.0912797 0.170218
-6.2 6.2 -0.127328 0.139468
-6.2 6.4 -0.168458 -0.0765137
-6.2 6.6 0.0249256 -0.180079
-6.2 6.8 0.177787 -0.0226236
-6.2 7 0.0634532 0.165518
-6.2 7.2 -0.146974 0.0965451
-6.2 7.4 -0.12202 -0.125249
-6.2 7.6 0.102714 -0.140678
-6.2 7.8 0.153641 0.0810472
-6.2 8 -0.061341 0.162108
-6.2 8.2 -0.167209 -0.044234
-6.2 8.4 0.0300369 -0.169918
-6.2 8.6 0.171026 0.0188398
-6.2 8.8 -0.010596 0.171131
-6.2 9 -0.170659 -0.00518168
-6.2 9.2 0.00243685 -0.16988
-6.2 9.4 0.168931 0.00218928
-6.2 9.6 -0.00426685 0.167839
-6.2 9.8 -0.166542 -0.00850095
-6 -10 -0.146481 -0.0784294
-6 -9.8 -0.0709278 0.151734
-6 -9.6 0.155798 0.0649431
-6 -9.4 0.0607267 -0.158816
-6 -9.2 -0.160885 -0.0585026
-6 -9 -0.0584707 0.162029
-6 -8.8 0.162184 0.0608052
-6 -8.6 0.0656455 -0.161179
-6 -8.4 -0.158717 -0.0730787
-6 -8.2 -0.0831091 0.154358
-6 -8 0.147509 0.0956124
-6 -7.8 0.110271 -0.137427
-6 -7.6 -0.123248 -0.126492
-6 -7.4 -0.143306 0.104051
-6 -7.2 0.0789767 0.159264
-6 -7 0.172348 -0.0474215
-6 -6.8 -0.00932334 -0.179934
-6 -6.6 -0.178873 -0.0344626
-6 -6.4 -0.0817213 0.165759
-6 -6.2 0.137484 0.128452
-6 -6 0.168614 -0.0921508
-6 -5.8 -0.0303462 -0.194308
-6 -5.6 -0.196711 -0.043385
-6 -5.4 -0.119294 0.168107
-6 -5.2 0.105129 0.182191
-6 -5 0.213291 -0.0127858
-6 -4.8 0.092068 -0.195175
-6 -4.6 -0.12004 -0.180317
-6 -4.4 -0.216377 -0.000632686
-6 -4.2 -0.129983 0.172299
-6 -4 0.0480387 0.210911
-6 -3.8 0.189048 0.111787
-6 -3.6 0.221734 -0.0511303
-6 -3.4 0.141286 -0.195344
-6 -3.2 -0.01514 -0.25932
-6 -3 -0.184229 -0.212981
-6 -2.8 -0.29525 -0.0708562
-6 -2.6 -0.303686 0.109221
-6 -2.4 -0.216544 0.257793
-6 -2.2 -0.0823139 0.335457
-6 -2 0.0471176 0.349381
-6 -1.8 0.149181 0.334577
-6 -1.6 0.234552 0.321505
-6 -1.4 0.327296 0.317146
-6 -1.2 0.442435 0.308625
-6 -1 0.576723 0.279412
-6 -0.8 0.713684 0.223355
-6 -0.6 0.834377 0.148818
-6 -0.4 0.925372 0.0740698
-6 -0.2 0.980655 0.0192178
-6 0 0.999043 -0.000867331
-6 0.2 0.980655 0.0192178
-6 0.4 0.925372 0.0740698
-6 0.6 0.834377 0.148818
-6 0.8 0.713684 0.223355
-6 1 0.576723 0.279412
-6 1.2 0.442435 0.308625
-6 1.4 0.327296 0.317146
-6 1.6 0.234552 0.321505
-6 1.8 0.149181 0.334577
-6 2 0.0471176 0.349381
-6 2.2 -0.0823139 0.335457
-6 2.4 -0.216544 0.257793
-6 2.6 -0.303686 0.109221
-6 2.8 -0.29525 -0.0708562
-6 3 -0.184229 -0.212981
-6 3.2 -0.01514 -0.25932
-6 3.4 0.141286 -0.195344
-6 3.6 0.221734 -0.0511303
-6 3.8 0.189048 0.111787
-6 4 0.0480387 0.210911
-6 4.2 -0.129983 0.172299
-6 4.4 -0.216377 -0.000632686
-6 4.6 -0.12004 -0.180317
-6 4.8 0.092068 -0.195175
-6 5 0.213291 -0.0127858
-6 5.2 0.105129 0.182191
-6 5.4 -0.119294 0.168107
-6 5.6 -0.196711 -0.043385
-6 5.8 -0.0303462 -0.194308
-6 6 0.168614 -0.0921508
-6 6.2 0.137484 0.128452
-6 6.4 -0.0817213 0.165759
-6 6.6 -0.178873 -0.0344626
-6 6.8 -0.00932334 -0.179934
-6 7 0.172348 -0.0474215
-6 7.2 0.0789767 0.159264
-6 7.4 -0.143306 0.104051
-6 7.6 -0.123248 -0.126492
-6 7.8 0.110271 -0.137427
-6 8 0.147509 0.0956124
-6 8.2 -0.0831091 0.154358
-6 8.4 -0.158717 -0.0730787
-6 8.6 0.0656455 -0.161179
-6 8.8 0.162184 0.0608052
-6 9 -0.0584707 0.162029
-6 9.2 -0.160885 -0.0585026
-6 9.4 0.0607267 -0.158816
-6 9.6 0.155798 0.0649431
-6 9.8 -0.0709278 0.151734
-5.8 -10 -0.13219 0.101409
-5.8 -9.8 0.111412 0.125801
-5.8 -9.6 0.120036 -0.119628
-5.8 -9.4 -0.126139 -0.115255
-5.8 -9.2 -0.111773 0.131011
-5.8 -9 0.134272 0.10986
-5.8 -8.8 0.109741 -0.135896
-5.8 -8.6 -0.135776 -0.111586
-5.8 -8.4 -0.1155 0.133714
-5.8 -8.2 0.129404 0.121495
-5.8 -8 0.129458 -0.122422
-5.8 -7.8 -0.112228 -0.139105
-5.8 -7.6 -0.14991 0.0981926
-5.8 -7.4 0.0796424 0.161036
-5.8 -7.2 0.171251 -0.0559574
-5.8 -7 -0.0267235 -0.178853
-5.8 -6.8 -0.18164 -0.00804115
-5.8 -6.6 -0.0475819 0.176961
-5.8 -6.4 0.161914 0.0900405
-5.8 -6.2 0.132081 -0.133766
-5.8 -6 -0.0906803 -0.168622
-5.8 -5.8 -0.192881 0.0327552
-5.8 -5.6 -0.0366858 0.196999
-5.8 -5.4 0.173562 0.109864
-5.8 -5.2 0.173966 -0.118229
-5.8 -5 -0.0332902 -0.212123
-5.8 -4.8 -0.207001 -0.0687423
-5.8 -4.6 -0.16345 0.147569
-5.8 -4.4 0.0381814 0.217621
-5.8 -4.2 0.199876 0.0936091
-5.8 -4 0.197144 -0.0987722
-5.8 -3.8 0.0579025 -0.214294
-5.8 -3.6 -0.112904 -0.197148
-5.8 -3.4 -0.225997 -0.0742665
-5.8 -3.2 -0.236854 0.0934227
-5.8 -3 -0.140548 0.2377
-5.8 -2.8 0.0286893 0.298344
-5.8 -2.6 0.204417 0.248642
-5.8 -2.4 0.320184 0.11316
-5.8 -2.2 0.348186 -0.0487121
-5.8 -2 0.309244 -0.184285
-5.8 -1.8 0.246888 -0.278139
-5.8 -1.6 0.19195 -0.349549
-5.8 -1.4 0.14656 -0.426802
-5.8 -1.2 0.0934382 -0.523676
-5.8 -1 0.015916 -0.633564
-5.8 -0.8 -0.088118 -0.738786
-5.8 -0.6 -0.204761 -0.823467
-5.8 -0.4 -0.311371 -0.8807
-5.8 -0.2 -0.385667 -0.911906
-5.8 0 -0.412237 -0.92157
-5.8 0.2 -0.385667 -0.911906
-5.8 0.4 -0.311371 -0.8807
-5.8 0.6 -0.204761 -0.823467
-5.8 0.8 -0.088118 -0.738786
-5.8 1 0.015916 -0.633564
-5.8 1.2 0.0934382 -0.523676
-5.8 1.4 0.14656 -0.426802
-5.8 1.6 0.19195 -0.349549
-5.8 1.8 0.246888 -0.278139
-5.8 2 0.309244 -0.184285
-5.8 2.2 0.348186 -0.0487121
-5.8 2.4 0.320184 0.11316
-5.8 2.6 0.204417 0.248642
-5.8 2.8 0.0286893 0.298344
-5.8 3 -0.140548 0.2377
-5.8 3.2 -0.236854 0.0934227
-5.8 3.4 -0.225997 -0.0742665
-5.8 3.6 -0.112904 -0.197148
-5.8 3.8 0.0579025 -0.214294
-5.8 4 0.197144 -0.0987722
-5.8 4.2 0.199876 0.0936091
-5.8 4.4 0.0381814 0.217621
-5.8 4.6 -0.16345 0.147569
-5.8 4.8 -0.207001 -0.0687423
-5.8 5 -0.0332902 -0.212123
-5.8 5.2 0.173966 -0.118229
-5.8 5.4 0.173562 0.109864
-5.8 5.6 -0.0366858 0.196999
-5.8 5.8 -0.192881 0.0327552
-5.8 6 -0.0906803 -0.168622
-5.8 6.2 0.132081 -0.133766
-5.8 6.4 0.161914 0.0900405
-5.8 6.6 -0.0475819 0.176961
-5.8 6.8 -0.18164 -0.00804115
-5.8 7 -0.0267235 -0.178853
-5.8 7.2 0.171251 -0.0559574
-5.8 7.4 0.0796424 0.161036
-5.8 7.6 -0.14991 0.0981926
-5.8 7.8 -0.112228 -0.139105
-5.8 8 0.129458 -0.122422
-5.8 8.2 0.129404 0.121495
-5.8 8.4 -0.1155 0.133714
-5.8 8.6 -0.135776 -0.111586
-5.8 8.8 0.109741 -0.135896
-5.8 9 0.134272 0.10986
-5.8 9.2 -0.111773 0.131011
-5.8 9.4 -0.126139 -0.115255
-5.8 9.6 0.120036 -0.119628
-5.8 9.8 0.111412 0.125801
-5.6 -10 0.034282 0.163416
-5.6 -9.8 0.161274 -0.0486944
-5.6 -9.6 -0.0612319 -0.158562
-5.6 -9.4 -0.155721 0.0718217
-5.6 -9.2 0.0804171 0.153153
-5.6 -9 0.15121 -0.0869757
-5.6 -8.8 -0.0914386 -0.150192
-5.6 -8.6 -0.150334 0.0937097
-5.6 -8.4 0.0936377 0.151796
-5.6 -8.2 0.154641 -0.0910014
-5.6 -8 -0.0855003 -0.158811
-5.6 -7.8 -0.164088 0.0767556
-5.6 -7.6 0.0643257 0.170047
-5.6 -7.4 0.175994 -0.0477459
-5.6 -7.2 -0.0266015 -0.18091
-5.6 -7 -0.18339 0.000648046
-5.6 -6.8 -0.0300109 0.181614
-5.6 -6.6 0.173386 0.0646803
-5.6 -6.4 0.101774 -0.156274
-5.6 -6.2 -0.127937 -0.138496
-5.6 -6 -0.170581 0.0866825
-5.6 -5.8 0.0323171 0.192255
-5.6 -5.6 0.196627 0.0327642
-5.6 -5.4 0.102429 -0.176807
-5.6 -5.2 -0.127973 -0.166042
-5.6 -5 -0.20882 0.0504027
-5.6 -4.8 -0.0470819 0.214267
-5.6 -4.6 0.1695 0.144678
-5.6 -4.4 0.212637 -0.0732801
-5.6 -4.2 0.0555122 -0.218648
-5.6 -4 -0.142976 -0.174316
-5.6 -3.8 -0.225805 -0.00195122
-5.6 -3.6 -0.15867 0.164683
-5.6 -3.4 -0.00301932 0.236304
-5.6 -3.2 0.159845 0.192598
-5.6 -3 0.264499 0.0563568
-5.6 -2.8 0.268253 -0.121847
-5.6 -2.6 0.16496 -0.273443
-5.6 -2.4 -0.00484652 -0.340833
-5.6 -2.2 -0.174793 -0.31097
-5.6 -2 -0.29543 -0.218594
-5.6 -1.8 -0.361166 -0.114043
-5.6 -1.6 -0.400618 -0.0262326
-5.6 -1.4 -0.445567 0.0491551
-5.6 -1.2 -0.50753 0.134211
-5.6 -1 -0.576289 0.245494
-5.6 -0.8 -0.633785 0.381222
-5.6 -0.6 -0.668605 0.523223
-5.6 -0.4 -0.681605 0.646819
-5.6 -0.2 -0.682324 0.73023
-5.6 0 -0.681122 0.759582
-5.6 0.2 -0.682324 0.73023
-5.6 0.4 -0.681605 0.646819
-5.6 0.6 -0.668605 0.523223
-5.6 0.8 -0.633785 0.381222
-5.6 1 -0.576289 0.245494
-5.6 1.2 -0.50753 0.134211
-5.6 1.4 -0.445567 0.0491551
-5.6 1.6 -0.400618 -0.0262326
-5.6 1.8 -0.361166 -0.114043
-5.6 2 -0.29543 -0.218594
-5.6 2.2 -0.174793 -0.31097
-5.6 2.4 -0.00484652 -0.340833
-5.6 2.6 0.16496 -0.273443
-5.6 2.8 0.268253 -0.121847
-5.6 3 0.264499 0.0563568
-5.6 3.2 0.159845 0.192598
-5.6 3.4 -0.00301932 0.236304
-5.6 3.6 -0.15867 0.164683
-5.6 3.8 -0.225805 -0.00195122
-5.6 4 -0.142976 -0.174316
-5.6 4.2 0.0555122 -0.218648
-5.6 4.4 0.212637 -0.0732801
-5.6 4.6 0.1695 0.144678
-5.6 4.8 -0.0470819 0.214267
-5.6 5 -0.20882 0.0504027
-5.6 5.2 -0.127973 -0.166042
-5.6 5.4 0.102429 -0.176807
-5.6 5.6 0.196627 0.0327642
-5.6 5.8 0.0323171 0.192255
-5.6 6 -0.170581 0.0866825
-5.6 6.2 -0.127937 -0.138496
-5.6 6.4 0.101774 -0.156274
-5.6 6.6 0.173386 0.0646803
-5.6 6.8 -0.0300109 0.181614
-5.6 7 -0.18339 0.000648046
-5.6 7.2 -0.0266015 -0.18091
-5.6 7.4 0.175994 -0.0477459
-5.6 7.6 0.0643257 0.170047
-5.6 7.8 -0.164088 0.0767556
-5.6 8 -0.0855003 -0.158811
-5.6 8.2 0.154641 -0.0910014
-5.6 8.4 0.0936377 0.151796
-5.6 8.6 -0.150334 0.0937097
-5.6 8.8 -0.0914386 -0.150192
-5.6 9 0.15121 -0.0869757
-5.6 9.2 0.0804171 0.153153
-5.6 9.4 -0.155721 0.0718217
-5.6 9.6 -0.0612319 -0.158562
-5.6 9.8 0.161274 -0.0486944
-5.4 -10 0.161518 0.0436976
-5.4 -9.8 0.0271954 -0.166625
-5.4 -9.6 -0.169959 -0.011941
-5.4 -9.4 0.00175762 0.171948
-5.4 -9.2 0.173014 -0.013657
-5.4 -9 -0.0235599 -0.173554
-5.4 -8.8 -0.173923 0.0312957
-5.4 -8.6 0.0367006 0.174419
-5.4 -8.4 0.175268 -0.0395993
-5.4 -8.2 -0.0397894 -0.176605
-5.4 -8 -0.17845 0.0370307
-5.4 -7.8 0.031043 0.180679
-5.4 -7.6 0.182985 -0.0215161
-5.4 -7.4 -0.00813901 -0.184834
-5.4 -7.2 -0.18542 -0.00934469
-5.4 -7 -0.031044 0.183616
-5.4 -6.8 0.177958 0.0567821
-5.4 -6.6 0.085905 -0.166665
-5.4 -6.4 -0.147746 -0.11704
-5.4 -6.2 -0.147831 0.119248
-5.4 -6 0.0796867 0.174701
-5.4 -5.8 0.192768 -0.0287264
-5.4 -5.6 0.0319162 -0.196073
-5.4 -5.4 -0.178379 -0.0974444
-5.4 -5.2 -0.159147 0.134756
-5.4 -5 0.0640855 0.204327
-5.4 -4.8 0.217832 0.0278101
-5.4 -4.6 0.125396 -0.186046
-5.4 -4.4 -0.103664 -0.202967
-5.4 -4.2 -0.229237 -0.0180047
-5.4 -4 -0.145135 0.179202
-5.4 -3.8 0.05235 0.224695
-5.4 -3.6 0.203966 0.110466
-5.4 -3.4 0.227215 -0.0664659
-5.4 -3.2 0.132045 -0.209233
-5.4 -3 -0.0303458 -0.263371
-5.4 -2.8 -0.198316 -0.209888
-5.4 -2.6 -0.308621 -0.064071
-5.4 -2.4 -0.317979 0.121176
-5.4 -2.2 -0.229903 0.277603
-5.4 -2 -0.0918675 0.363177
-5.4 -1.8 0.0416502 0.38425
-5.4 -1.6 0.146282 0.378786
-5.4 -1.4 0.234296 0.380761
-5.4 -1.2 0.332776 0.398081
-5.4 -1 0.457817 0.416484
-5.4 -0.8 0.604006 0.41807
-5.4 -0.6 0.750447 0.396714
-5.4 -0.4 0.873031 0.36142
-5.4 -0.2 0.95332 0.329586
-5.4 0 0.981112 0.316915
-5.4 0.2 0.95332 0.329586
-5.4 0.4 0.873031 0.36142
-5.4 0.6 0.750447 0.396714
-5.4 0.8 0.604006 0.41807
-5.4 1 0.457817 0.416484
-5.4 1.2 0.332776 0.398081
-5.4 1.4 0.234296 0.380761
-5.4 1.6 0.146282 0.378786
-5.4 1.8 0.0416502 0.38425
-5.4 2 -0.0918675 0.363177
-5.4 2.2 -0.229903 0.277603
-5.4 2.4 -0.317979 0.121176
-5.4 2.6 -0.308621 -0.064071
-5.4 2.8 -0.198316 -0.209888
-5.4 3 -0.0303458 -0.263371
-5.4 3.2 0.132045 -0.209233
-5.4 3.4 0.227215 -0.0664659
-5.4 3.6 0.203966 0.110466
-5.4 3.8 0.05235 0.224695
-5.4 4 -0.145135 0.179202
-5.4 4.2 -0.229237 -0.0180047
-5.4 4.4 -0.103664 -0.202967
-5.4 4.6 0.125396 -0.186046
-5.4 4.8 0.217832 0.0278101
-5.4 5 0.0640855 0.204327
-5.4 5.2 -0.159147 0.134756
-5.4 5.4 -0.178379 -0.0974444
-5.4 5.6 0.0319162 -0.196073
-5.4 5.8 0.192768 -0.0287264
-5.4 6 0.0796867 0.174701
-5.4 6.2 -0.147831 0.119248
-5.4 6.4 -0.147746 -0.11704
-5.4 6.6 0.085905 -0.166665
-5.4 6.8 0.177958 0.0567821
-5.4 7 -0.031044 0.183616
-5.4 7.2 -0.18542 -0.00934469
-5.4 7.4 -0.00813901 -0.184834
-5.4 7.6 0.182985 -0.0215161
-5.4 7.8 0.031043 0.180679
-5.4 8 -0.17845 0.0370307
-5.4 8.2 -0.0397894 -0.176605
-5.4 8.4 0.175268 -0.0395993
-5.4 8.6 0.0367006 0.174419
-5.4 8.8 -0.173923 0.0312957
-5.4 9 -0.0235599 -0.173554
-5.4 9.2 0.173014 -0.013657
-5.4 9.4 0.00175762 0.171948
-5.4 9.6 -0.169959 -0.011941
-5.4 9.8 0.0271954 -0.166625
-5.2 -10 0.115483 -0.121649
-5.2 -9.8 -0.135629 -0.101185
-5.2 -9.6 -0.0867616 0.147073
-5.2 -9.4 0.156239 0.0727733
-5.2 -9.2 0.0597036 -0.163436
-5.2 -9 -0.169 -0.0479649
-5.2 -8.8 -0.0379094 0.173266
-5.2 -8.6 0.176542 0.0298438
-5.2 -8.4 0.024044 -0.179089
-5.2 -8.2 -0.181097 -0.0207701
-5.2 -8 -0.0202769 0.182659
-5.2 -7.8 0.183746 0.0228191
-5.2 -7.6 0.0286457 -0.184174
-5.2 -7.4 -0.183568 -0.0379809
-5.2 -7.2 -0.0509823 0.181327
-5.2 -7 0.17659 0.0676718
-5.2 -6.8 0.0878289 -0.168216
-5.2 -6.6 -0.154804 -0.110843
-5.2 -6.4 -0.135521 0.134773
-5.2 -6.2 0.106547 0.159874
-5.2 -6 0.18091 -0.068886
-5.2 -5.8 -0.0214254 -0.194526
-5.2 -5.6 -0.195635 -0.03459
-5.2 -5.4 -0.0954163 0.178709
-5.2 -5.2 0.138983 0.153987
-5.2 -5 0.19958 -0.0744564
-5.2 -4.8 0.0113844 -0.218665
-5.2 -4.6 -0.197752 -0.106756
-5.2 -4.4 -0.190157 0.128855
-5.2 -4.2 0.017078 0.232711
-5.2 -4 0.206839 0.112311
-5.2 -3.8 0.212908 -0.102009
-5.2 -3.6 0.0569264 -0.229701
-5.2 -3.4 -0.129163 -0.201337
-5.2 -3.2 -0.23869 -0.0616591
-5.2 -3 -0.236147 0.110931
-5.2 -2.8 -0.131061 0.250499
-5.2 -2.6 0.0410739 0.306984
-5.2 -2.4 0.220439 0.255901
-5.2 -2.2 0.3428 0.117386
-5.2 -2 0.377347 -0.051091
-5.2 -1.8 0.34355 -0.19437
-5.2 -1.6 0.287828 -0.295321
-5.2 -1.4 0.244478 -0.375336
-5.2 -1.2 0.216197 -0.466274
-5.2 -1 0.184111 -0.583165
-5.2 -0.8 0.130745 -0.717176
-5.2 -0.6 0.0555029 -0.846246
-5.2 -0.4 -0.0249605 -0.949403
-5.2 -0.2 -0.0866047 -1.01422
-5.2 0 -0.109652 -1.03611
-5.2 0.2 -0.0866047 -1.01422
-5.2 0.4 -0.0249605 -0.949403
-5.2 0.6 0.0555029 -0.846246
-5.2 0.8 0.130745 -0.717176
-5.2 1 0.184111 -0.583165
-5.2 1.2 0.216197 -0.466274
-5.2 1.4 0.244478 -0.375336
-5.2 1.6 0.287828 -0.295321
-5.2 1.8 0.34355 -0.19437
-5.2 2 0.377347 -0.051091
-5.2 2.2 0.3428 0.117386
-5.2 2.4 0.220439 0.255901
-5.2 2.6 0.0410739 0.306984
-5.2 2.8 -0.131061 0.250499
-5.2 3 -0.236147 0.110931
-5.2 3.2 -0.23869 -0.0616591
-5.2 3.4 -0.129163 -0.201337
-5.2 3.6 0.0569264 -0.229701
-5.2 3.8 0.212908 -0.102009
-5.2 4 0.206839 0.112311
-5.2 4.2 0.017078 0.232711
-5.2 4.4 -0.190157 0.128855
-5.2 4.6 -0.197752 -0.106756
-5.2 4.8 0.0113844 -0.218665
-5.2 5 0.19958 -0.0744564
-5.2 5.2 0.138983 0.153987
-5.2 5.4 -0.0954163 0.178709
-5.2 5.6 -0.195635 -0.03459
-5.2 5.8 -0.0214254 -0.194526
-5.2 6 0.18091 -0.068886
-5.2 6.2 0.106547 0.159874
-5.2 6.4 -0.135521 0.134773
-5.2 6.6 -0.154804 -0.110843
-5.2 6.8 0.0878289 -0.168216
-5.2 7 0.17659 0.0676718
-5.2 7.2 -0.0509823 0.181327
-5.2 7.4 -0.183568 -0.0379809
-5.2 7.6 0.0286457 -0.184174
-5.2 7.8 0.183746 0.0228191
-5.2 8 -0.0202769 0.182659
-5.2 8.2 -0.181097 -0.0207701
-5.2 8.4 0.024044 -0.179089
-5.2 8.6 0.176542 0.0298438
-5.2 8.8 -0.0379094 0.173266
-5.2 9 -0.169 -0.0479649
-5.2 9.2 0.0597036 -0.163436
-5.2 9.4 0.156239 0.0727733
-5.2 9.6 -0.0867616 0.147073
-5.2 9.8 -0.135629 -0.101185
-5 -10 -0.0482936 -0.161189
-5 -9.8 -0.154557 0.070063
-5 -9.6 0.0894816 0.145951
-5 -9.4 0.136084 -0.106447
-5 -9.2 -0.120984 -0.125628
-5 -9 -0.1152 0.13321
-5 -8.8 0.143304 0.105352
-5 -8.6 0.0965753 -0.151476
-5 -8.4 -0.157937 -0.0893013
-5 -8.2 -0.0839137 0.162867
-5 -8 0.166386 0.0807533
-5 -7.8 0.0801229 -0.168526
-5 -7.6 -0.1692 -0.0822854
-5 -7.4 -0.08745 0.168173
-5 -7.2 0.165024 0.0957436
-5 -7 0.107159 -0.159128
-5 -6.8 -0.149634 -0.121476
-5 -6.6 -0.138146 0.135482
-5 -6.4 0.115461 0.156147
-5 -6.2 0.173809 -0.0883485
-5 -6 -0.0531669 -0.188643
-5 -5.8 -0.197231 0.00959941
-5 -5.6 -0.0414173 0.195282
-5 -5.4 0.177995 0.0969466
-5 -5.2 0.151289 -0.140951
-5 -5 -0.0816754 -0.195512
-5 -4.8 -0.217805 0.00192493
-5 -4.6 -0.0896707 0.205416
-5 -4.4 0.148853 0.175657
-5 -4.2 0.230419 -0.0484476
-5 -4 0.0783113 -0.226009
-5 -3.8 -0.144894 -0.192889
-5 -3.6 -0.242139 -0.0022123
-5 -3.4 -0.162436 0.181373
-5 -3.2 0.0119535 0.247624
-5 -3 0.178326 0.187186
-5 -2.8 0.274193 0.0412269
-5 -2.6 0.270291 -0.13784
-5 -2.4 0.163944 -0.290269
-5 -2.2 -0.0100194 -0.361989
-5 -2 -0.18835 -0.33634
-5 -1.8 -0.319156 -0.245815
-5 -1.6 -0.394951 -0.14342
-5 -1.4 -0.446831 -0.0614428
-5 -1.2 -0.510685 0.00431953
-5 -1 -0.599531 0.0779264
-5 -0.8 -0.701113 0.17634
-5 -0.6 -0.793569 0.294889
-5 -0.4 -0.861278 0.410553
-5 -0.2 -0.900011 0.49472
-5 0 -0.912278 0.525456
-5 0.2 -0.900011 0.49472
-5 0.4 -0.861278 0.410553
-5 0.6 -0.793569 0.294889
-5 0.8 -0.701113 0.17634
-5 1 -0.599531 0.0779264
-5 1.2 -0.510685 0.00431953
-5 1.4 -0.446831 -0.0614428
-5 1.6 -0.394951 -0.14342
-5 1.8 -0.319156 -0.245815
-5 2 -0.18835 -0.33634
-5 2.2 -0.0100194 -0.361989
-5 2.4 0.163944 -0.290269
-5 2.6 0.270291 -0.13784
-5 2.8 0.274193 0.0412269
-5 3 0.178326 0.187186
-5 3.2 0.0119535 0.247624
-5 3.4 -0.162436 0.181373
-5 3.6 -0.242139 -0.0022123
-5 3.8 -0.144894 -0.192889
-5 4 0.0783113 -0.226009
-5 4.2 0.230419 -0.0484476
-5 4.4 0.148853 0.175657
-5 4.6 -0.0896707 0.205416
-5 4.8 -0.217805 0.00192493
-5 5 -0.0816754 -0.195512
-5 5.2 0.151289 -0.140951
-5 5.4 0.177995 0.0969466
-5 5.6 -0.0414173 0.195282
-5 5.8 -0.197231 0.00959941
-5 6 -0.0531669 -0.188643
-5 6.2 0.173809 -0.0883485
-5 6.4 0.115461 0.156147
-5 6.6 -0.138146 0.135482
-5 6.8 -0.149634 -0.121476
-5 7 0.107159 -0.159128
-5 7.2 0.165024 0.0957436
-5 7.4 -0.08745 0.168173
-5 7.6 -0.1692 -0.0822854
-5 7.8 0.0801229 -0.168526
-5 8 0.166386 0.0807533
-5 8.2 -0.0839137 0.162867
-5 8.4 -0.157937 -0.0893013
-5 8.6 0.0965753 -0.151476
-5 8.8 0.143304 0.105352
-5 9 -0.1152 0.13321
-5 9.2 -0.120984 -0.125628
-5 9.4 0.136084 -0.106447
-5 9.6 0.0894816 0.145951
-5 9.8 -0.154557 0.070063
-4.8 -10 -0.163498 -0.0426837
-4.8 -9.8 -0.017803 0.169404
-4.8 -9.6 0.17166 -0.00620923
-4.8 -9.4 -0.0287683 -0.170884
-4.8 -9.2 -0.167747 0.0494587
-4.8 -9 0.0680173 0.162936
-4.8 -8.8 0.157123 -0.0843087
-4.8 -8.6 -0.0982949 -0.150946
-4.8 -8.4 -0.144989 0.110003
-4.8 -8.2 0.11949 0.139782
-4.8 -8 0.135793 -0.126811
-4.8 -7.8 -0.131985 -0.133429
-4.8 -7.6 -0.133028 0.134959
-4.8 -7.4 0.135581 0.134851
-4.8 -7.2 0.139061 -0.133568
-4.8 -7 -0.128479 -0.145682
-4.8 -6.8 -0.154542 0.119706
-4.8 -6.6 0.106476 0.165188
-4.8 -6.4 0.176773 -0.0879009
-4.8 -6.2 -0.0630752 -0.18792
-4.8 -6 -0.196588 0.0312762
-4.8 -5.8 -0.00771823 0.199962
-4.8 -5.6 0.194473 0.0531596
-4.8 -5.4 0.102717 -0.176035
-4.8 -5.2 -0.140689 -0.1518
-4.8 -5 -0.193041 0.0857987
-4.8 -4.8 0.011915 0.216327
-4.8 -4.6 0.210019 0.074873
-4.8 -4.4 0.160782 -0.164062
-4.8 -4.2 -0.0753764 -0.223855
-4.8 -4 -0.237424 -0.0451824
-4.8 -3.8 -0.167254 0.179774
-4.8 -3.6 0.0500965 0.242573
-4.8 -3.4 0.220877 0.114879
-4.8 -3.2 0.237487 -0.0827611
-4.8 -3 0.122576 -0.227638
-4.8 -2.8 -0.0498418 -0.268748
-4.8 -2.6 -0.215534 -0.20439
-4.8 -2.4 -0.322828 -0.0548747
-4.8 -2.2 -0.333667 0.134241
-4.8 -2 -0.247092 0.299403
-4.8 -1.8 -0.107021 0.396015
-4.8 -1.6 0.0297371 0.427968
-4.8 -1.4 0.135478 0.435838
-4.8 -1.2 0.222862 0.458189
-4.8 -1 0.321524 0.504698
-4.8 -0.8 0.447849 0.559407
-4.8 -0.6 0.592499 0.601636
-4.8 -0.4 0.727962 0.622736
-4.8 -0.2 0.823778 0.628125
-4.8 0 0.858259 0.628269
-4.8 0.2 0.823778 0.628125
-4.8 0.4 0.727962 0.622736
-4.8 0.6 0.592499 0.601636
-4.8 0.8 0.447849 0.559407
-4.8 1 0.321524 0.504698
-4.8 1.2 0.222862 0.458189
-4.8 1.4 0.135478 0.435838
-4.8 1.6 0.0297371 0.427968
-4.8 1.8 -0.107021 0.396015
-4.8 2 -0.247092 0.299403
-4.8 2.2 -0.333667 0.134241
-4.8 2.4 -0.322828 -0.0548747
-4.8 2.6 -0.215534 -0.20439
-4.8 2.8 -0.0498418 -0.268748
-4.8 3 0.122576 -0.227638
-4.8 3.2 0.237487 -0.0827611
-4.8 3.4 0.220877 0.114879
-4.8 3.6 0.0500965 0.242573
-4.8 3.8 -0.167254 0.179774
-4.8 4 -0.237424 -0.0451824
-4.8 4.2 -0.0753764 -0.223855
-4.8 4.4 0.160782 -0.164062
-4.8 4.6 0.210019 0.074873
-4.8 4.8 0.011915 0.216327
-4.8 5 -0.193041 0.0857987
-4.8 5.2 -0.140689 -0.1518
-4.8 5.4 0.102717 -0.176035
-4.8 5.6 0.194473 0.0531596
-4.8 5.8 -0.00771823 0.199962
-4.8 6 -0.196588 0.0312762
-4.8 6.2 -0.0630752 -0.18792
-4.8 6.4 0.176773 -0.0879009
-4.8 6.6 0.106476 0.165188
-4.8 6.8 -0.154542 0.119706
-4.8 7 -0.128479 -0.145682
-4.8 7.2 0.139061 -0.133568
-4.8 7.4 0.135581 0.134851
-4.8 7.6 -0.133028 0.134959
-4.8 7.8 -0.131985 -0.133429
-4.8 8 0.135793 -0.126811
-4.8 8.2 0.11949 0.139782
-4.8 8.4 -0.144989 0.110003
-4.8 8.6 -0.0982949 -0.150946
-4.8 8.8 0.157123 -0.0843087
-4.8 9 0.0680173 0.162936
-4.8 9.2 -0.167747 0.0494587
-4.8 9.4 -0.0287683 -0.170884
-4.8 9.6 0.17166 -0.00620923
-4.8 9.8 -0.017803 0.169404
-4.6 -10 -0.125271 0.114764
-4.6 -9.8 0.134992 0.105261
-4.6 -9.6 0.0834535 -0.151016
-4.6 -9.4 -0.162993 -0.06085
-4.6 -9.2 -0.0383185 0.171273
-4.6 -9 0.176344 0.016577
-4.6 -8.8 -0.00381016 -0.178785
-4.6 -8.6 -0.17922 0.0224217
-4.6 -8.4 0.0389595 0.178283
-4.6 -8.2 0.176588 -0.0532206
-4.6 -8 -0.0650656 -0.174708
-4.6 -7.8 -0.173158 0.0743839
-4.6 -7.6 0.081059 0.172379
-4.6 -7.4 0.172725 -0.0849344
-4.6 -7.2 -0.0857822 -0.174442
-4.6 -7 -0.177637 0.0832775
-4.6 -6.8 0.0769819 0.182231
-4.6 -6.6 0.187899 -0.0663448
-4.6 -6.4 -0.0507335 -0.193982
-4.6 -6.2 -0.199387 0.0295096
-4.6 -6 0.00217554 0.202475
-4.6 -5.8 0.200972 0.0313813
-4.6 -5.6 0.0705224 -0.191963
-4.6 -5.4 -0.172046 -0.113366
-4.6 -5.2 -0.15621 0.137783
-4.6 -5 0.0866071 0.19302
-4.6 -4.8 0.21527 -0.0182953
-4.6 -4.6 0.0630219 -0.212636
-4.6 -4.4 -0.175191 -0.146734
-4.6 -4.2 -0.21457 0.0976536
-4.6 -4 -0.014446 0.242245
-4.6 -3.8 0.206271 0.138511
-4.6 -3.6 0.233012 -0.0972439
-4.6 -3.4 0.0630903 -0.246899
-4.6 -3.2 -0.145848 -0.211324
-4.6 -3 -0.256424 -0.0492288
-4.6 -2.8 -0.236762 0.133276
-4.6 -2.6 -0.118082 0.266605
-4.6 -2.4 0.0571289 0.315554
-4.6 -2.2 0.23843 0.263051
-4.6 -2 0.368299 0.123658
-4.6 -1.8 0.413071 -0.0504844
-4.6 -1.6 0.388703 -0.202292
-4.6 -1.4 0.344072 -0.311153
-4.6 -1.2 0.318476 -0.399327
-4.6 -1 0.316607 -0.502034
-4.6 -0.8 0.318248 -0.63486
-4.6 -0.6 0.304429 -0.784527
-4.6 -0.4 0.274356 -0.921228
-4.6 -0.2 0.243631 -1.01574
-4.6 0 0.230742 -1.0493
-4.6 0.2 0.243631 -1.01574
-4.6 0.4 0.274356 -0.921228
-4.6 0.6 0.304429 -0.784527
-4.6 0.8 0.318248 -0.63486
-4.6 1 0.316607 -0.502034
-4.6 1.2 0.318476 -0.399327
-4.6 1.4 0.344072 -0.311153
-4.6 1.6 0.388703 -0.202292
-4.6 1.8 0.413071 -0.0504844
-4.6 2 0.368299 0.123658
-4.6 2.2 0.23843 0.263051
-4.6 2.4 0.0571289 0.315554
-4.6 2.6 -0.118082 0.266605
-4.6 2.8 -0.236762 0.133276
-4.6 3 -0.256424 -0.0492288
-4.6 3.2 -0.145848 -0.211324
-4.6 3.4 0.0630903 -0.246899
-4.6 3.6 0.233012 -0.0972439
-4.6 3.8 0.206271 0.138511
-4.6 4 -0.014446 0.242245
-4.6 4.2 -0.21457 0.0976536
-4.6 4.4 -0.175191 -0.146734
-4.6 4.6 0.0630219 -0.212636
-4.6 4.8 0.21527 -0.0182953
-4.6 5 0.0866071 0.19302
-4.6 5.2 -0.15621 0.137783
-4.6 5.4 -0.172046 -0.113366
-4.6 5.6 0.0705224 -0.191963
-4.6 5.8 0.200972 0.0313813
-4.6 6 0.00217554 0.202475
-4.6 6.2 -0.199387 0.0295096
-4.6 6.4 -0.0507335 -0.193982
-4.6 6.6 0.187899 -0.0663448
-4.6 6.8 0.0769819 0.182231
-4.6 7 -0.177637 0.0832775
-4.6 7.2 -0.0857822 -0.174442
-4.6 7.4 0.172725 -0.0849344
-4.6 7.6 0.081059 0.172379
-4.6 7.8 -0.173158 0.0743839
-4.6 8 -0.0650656 -0.174708
-4.6 8.2 0.176588 -0.0532206
-4.6 8.4 0.0389595 0.178283
-4.6 8.6 -0.17922 0.0224217
-4.6 8.8 -0.00381016 -0.178785
-4.6 9 0.176344 0.016577
-4.6 9.2 -0.0383185 0.171273
-4.6 9.4 -0.162993 -0.06085
-4.6 9.6 0.0834535 -0.151016
-4.6 9.8 0.134992 0.105261
-4.4 -10 0.0237603 0.169362
-4.4 -9.8 0.163367 -0.0545883
-4.4 -9.6 -0.0826667 -0.152581
-4.4 -9.4 -0.138056 0.107379
-4.4 -9.2 0.128404 0.120867
-4.4 -9 0.10205 -0.145687
-4.4 -8.8 -0.159391 -0.0825487
-4.4 -8.6 -0.0631912 0.169848
-4.4 -8.4 0.177511 0.0446735
-4.4 -8.2 0.027564 -0.182901
-4.4 -8 -0.186571 -0.0123179
-4.4 -7.8 0.000699159 0.189063
-4.4 -7.6 0.190881 -0.0111822
-4.4 -7.4 -0.0188548 -0.192458
-4.4 -7.2 -0.194133 0.0234379
-4.4 -7 0.0246218 0.196116
-4.4 -6.8 0.198447 -0.0220461
-4.4 -6.6 -0.0152937 -0.200953
-4.4 -6.4 -0.203173 0.00390824
-4.4 -6.2 -0.0125531 0.204285
-4.4 -6 0.203023 0.0344118
-4.4 -5.8 0.0616849 -0.1976
-4.4 -5.6 -0.18569 -0.093804
-4.4 -5.4 -0.129226 0.164529
-4.4 -5.2 0.131227 0.164959
-4.4 -5 0.196087 -0.0834433
-4.4 -4.8 -0.0205226 -0.215516
-4.4 -4.6 -0.214299 -0.0548443
-4.4 -4.4 -0.13467 0.183117
-4.4 -4.2 0.115483 0.20414
-4.4 -4 0.241968 -0.0129171
-4.4 -3.8 0.108852 -0.224769
-4.4 -3.6 -0.137427 -0.215846
-4.4 -3.4 -0.259909 -0.0110951
-4.4 -3.2 -0.173188 0.197735
-4.4 -3 0.0259893 0.264615
-4.4 -2.8 0.202055 0.183392
-4.4 -2.6 0.287306 0.0217018
-4.4 -2.4 0.271075 -0.158532
-4.4 -2.2 0.160905 -0.309318
-4.4 -2 -0.0152558 -0.385885
-4.4 -1.8 -0.201793 -0.368264
-4.4 -1.6 -0.34532 -0.283798
-4.4 -1.4 -0.434388 -0.187469
-4.4 -1.2 -0.501296 -0.116929
-4.4 -1 -0.5863 -0.070104
-4.4 -0.8 -0.703658 -0.0217824
-4.4 -0.6 -0.83677 0.0452128
-4.4 -0.4 -0.95576 0.123709
-4.4 -0.2 -1.03578 0.188367
-4.4 0 -1.06368 0.213434
-4.4 0.2 -1.03578 0.188367
-4.4 0.4 -0.95576 0.123709
-4.4 0.6 -0.83677 0.0452128
-4.4 0.8 -0.703658 -0.0217824
-4.4 1 -0.5863 -0.070104
-4.4 1.2 -0.501296 -0.116929
-4.4 1.4 -0.434388 -0.187469
-4.4 1.6 -0.34532 -0.283798
-4.4 1.8 -0.201793 -0.368264
-4.4 2 -0.0152558 -0.385885
-4.4 2.2 0.160905 -0.309318
-4.4 2.4 0.271075 -0.158532
-4.4 2.6 0.287306 0.0217018
-4.4 2.8 0.202055 0.183392
-4.4 3 0.0259893 0.264615
-4.4 3.2 -0.173188 0.197735
-4.4 3.4 -0.259909 -0.0110951
-4.4 3.6 -0.137427 -0.215846
-4.4 3.8 0.108852 -0.224769
-4.4 4 0.241968 -0.0129171
-4.4 4.2 0.115483 0.20414
-4.4 4.4 -0.13467 0.183117
-4.4 4.6 -0.214299 -0.0548443
-4.4 4.8 -0.0205226 -0.215516
-4.4 5 0.196087 -0.0834433
-4.4 5.2 0.131227 0.164959
-4.4 5.4 -0.129226 0.164529
-4.4 5.6 -0.18569 -0.093804
-4.4 5.8 0.0616849 -0.1976
-4.4 6 0.203023 0.0344118
-4.4 6.2 -0.0125531 0.204285
-4.4 6.4 -0.203173 0.00390824
-4.4 6.6 -0.0152937 -0.200953
-4.4 6.8 0.198447 -0.0220461
-4.4 7 0.0246218 0.196116
-4.4 7.2 -0.194133 0.0234379
-4.4 7.4 -0.0188548 -0.192458
-4.4 7.6 0.190881 -0.0111822
-4.4 7.8 0.000699159 0.189063
-4.4 8 -0.186571 -0.0123179
-4.4 8.2 0.027564 -0.182901
-4.4 8.4 0.177511 0.0446735
-4.4 8.6 -0.0631912 0.169848
-4.4 8.8 -0.159391 -0.0825487
-4.4 9 0.10205 -0.145687
-4.4 9.2 0.128404 0.120867
-4.4 9.4 -0.138056 0.107379
-4.4 9.6 -0.0826667 -0.152581
-4.4 9.8 0.163367 -0.0545883
-4.2 -10 0.151856 0.0814924
-4.2 -9.8 0.0501621 -0.166116
-4.2 -9.6 -0.173842 -0.0179051
-4.2 -9.4 0.0138793 0.175512
-4.2 -9.2 0.171871 -0.0440547
-4.2 -9 -0.0717766 -0.163842
-4.2 -8.8 -0.152435 0.0964939
-4.2 -8.6 0.117929 0.138679
-4.2 -8.4 0.12356 -0.136042
-4.2 -8.2 -0.150984 -0.107983
-4.2 -8 -0.0927534 0.163046
-4.2 -7.8 0.17261 0.0785649
-4.2 -7.6 0.0660121 -0.180098
-4.2 -7.4 -0.185928 -0.0556052
-4.2 -7.2 -0.0477927 0.190469
-4.2 -7 0.194001 0.042986
-4.2 -6.8 0.0415797 -0.196672
-4.2 -6.6 -0.19845 -0.0439634
-4.2 -6.4 -0.0505153 0.199068
-4.2 -6.2 0.19796 0.0615693
-4.2 -6 0.0773393 -0.194196
-4.2 -5.8 -0.186423 -0.0977852
-4.2 -5.6 -0.122402 0.172845
-4.2 -5.4 0.151278 0.149918
-4.2 -5.2 0.177914 -0.119377
-4.2 -5 -0.0751202 -0.202409
-4.2 -4.8 -0.21757 0.0176769
-4.2 -4.6 -0.0512651 0.215803
-4.2 -4.4 0.18869 0.1258
-4.2 -4.2 0.19418 -0.129309
-4.2 -4 -0.0363896 -0.23833
-4.2 -3.8 -0.236305 -0.0800472
-4.2 -3.6 -0.193555 0.169831
-4.2 -3.4 0.0378441 0.261347
-4.2 -3.2 0.236488 0.127522
-4.2 -3 0.25415 -0.0969963
-4.2 -2.8 0.115428 -0.251581
-4.2 -2.6 -0.074343 -0.277758
-4.2 -2.4 -0.238214 -0.196402
-4.2 -2.2 -0.338882 -0.0416046
-4.2 -2 -0.350866 0.149377
-4.2 -1.8 -0.269366 0.323526
-4.2 -1.6 -0.130846 0.435206
-4.2 -1.4 0.00674985 0.483357
-4.2 -1.2 0.109978 0.509804
-4.2 -1 0.189333 0.558631
-4.2 -0.8 0.275759 0.641826
-4.2 -0.6 0.384882 0.739802
-4.2 -0.4 0.50216 0.824578
-4.2 -0.2 0.593886 0.878545
-4.2 0 0.628609 0.896603
-4.2 0.2 0.593886 0.878545
-4.2 0.4 0.50216 0.824578
-4.2 0.6 0.384882 0.739802
-4.2 0.8 0.275759 0.641826
-4.2 1 0.189333 0.558631
-4.2 1.2 0.109978 0.509804
-4.2 1.4 0.00674985 0.483357
-4.2 1.6 -0.130846 0.435206
-4.2 1.8 -0.269366 0.323526
-4.2 2 -0.350866 0.149377
-4.2 2.2 -0.338882 -0.0416046
-4.2 2.4 -0.238214 -0.196402
-4.2 2.6 -0.074343 -0.277758
-4.2 2.8 0.115428 -0.251581
-4.2 3 0.25415 -0.0969963
-4.2 3.2 0.236488 0.127522
-4.2 3.4 0.0378441 0.261347
-4.2 3.6 -0.193555 0.169831
-4.2 3.8 -0.236305 -0.0800472
-4.2 4 -0.0363896 -0.23833
-4.2 4.2 0.19418 -0.129309
-4.2 4.4 0.18869 0.1258
-4.2 4.6 -0.0512651 0.215803
-4.2 4.8 -0.21757 0.0176769
-4.2 5 -0.0751202 -0.202409
-4.2 5.2 0.177914 -0.119377
-4.2 5.4 0.151278 0.149918
-4.2 5.6 -0.122402 0.172845
-4.2 5.8 -0.186423 -0.0977852
-4.2 6 0.0773393 -0.194196
-4.2 6.2 0.19796 0.0615693
-4.2 6.4 -0.0505153 0.199068
-4.2 6.6 -0.19845 -0.0439634
-4.2 6.8 0.0415797 -0.196672
-4.2 7 0.194001 0.042986
-4.2 7.2 -0.0477927 0.190469
-4.2 7.4 -0.185928 -0.0556052
-4.2 7.6 0.0660121 -0.180098
-4.2 7.8 0.17261 0.0785649
-4.2 8 -0.0927534 0.163046
-4.2 8.2 -0.150984 -0.107983
-4.2 8.4 0.12356 -0.136042
-4.2 8.6 0.117929 0.138679
-4.2 8.8 -0.152435 0.0964939
-4.2 9 -0.0717766 -0.163842
-4.2 9.2 0.171871 -0.0440547
-4.2 9.4 0.0138793 0.175512
-4.2 9.6 -0.173842 -0.0179051
-4.2 9.8 0.0501621 -0.166116
-4 -10 0.159012 -0.0701799
-4 -9.8 -0.10322 -0.141295
-4 -9.6 -0.117859 0.130969
-4 -9.4 0.152721 0.0903592
-4 -9.2 0.0604311 -0.168239
-4 -9 -0.177696 -0.0295863
-4 -8.8 0.000871325 0.181595
-4 -8.6 0.180681 -0.0298942
-4 -8.4 -0.0567112 -0.175857
-4 -8.2 -0.168101 0.0808216
-4 -8 0.101969 0.1584
-4 -7.8 0.147703 -0.120099
-4 -7.6 -0.135314 -0.136886
-4 -7.4 -0.126739 0.147814
-4 -7.2 0.157845 0.117961
-4 -7 0.111166 -0.165643
-4 -6.8 -0.171379 -0.106894
-4 -6.6 -0.105622 0.175108
-4 -6.4 0.17671 0.10776
-4 -6.2 0.113634 -0.175836
-4 -6 -0.171846 -0.123434
-4 -5.8 -0.137122 0.163763
-4 -5.6 0.150251 0.154277
-4 -5.4 0.173865 -0.129645
-4 -5.2 -0.100112 -0.193944
-4 -5 -0.211318 0.0599934
-4 -4.8 0.00845807 0.221251
-4 -4.6 0.217417 0.0534615
-4 -4.4 0.12145 -0.192452
-4 -4.2 -0.139569 -0.18636
-4 -4 -0.23325 0.0557403
-4 -3.8 -0.0534664 0.242439
-4 -3.6 0.194578 0.168509
-4 -3.4 0.253314 -0.0814552
-4 -3.2 0.0785898 -0.261647
-4 -3 -0.159028 -0.22841
-4 -2.8 -0.279854 -0.0402816
-4 -2.6 -0.241492 0.160858
-4 -2.4 -0.101585 0.28873
-4 -2.2 0.0791848 0.325093
-4 -2 0.260013 0.269557
-4 -1.8 0.397512 0.132379
-4 -1.6 0.457498 -0.0447797
-4 -1.4 0.449325 -0.204936
-4 -1.2 0.422692 -0.321237
-4 -1 0.423641 -0.41379
-4 -0.8 0.460557 -0.519766
-4 -0.6 0.510801 -0.65365
-4 -0.4 0.549752 -0.794665
-4 -0.2 0.569355 -0.902873
-4 0 0.574551 -0.943398
-4 0.2 0.569355 -0.902873
-4 0.4 0.549752 -0.794665
-4 0.6 0.510801 -0.65365
-4 0.8 0.460557 -0.519766
-4 1 0.423641 -0.41379
-4 1.2 0.422692 -0.321237
-4 1.4 0.449325 -0.204936
-4 1.6 0.457498 -0.0447797
-4 1.8 0.397512 0.132379
-4 2 0.260013 0.269557
-4 2.2 0.0791848 0.325093
-4 2.4 -0.101585 0.28873
-4 2.6 -0.241492 0.160858
-4 2.8 -0.279854 -0.0402816
-4 3 -0.159028 -0.22841
-4 3.2 0.0785898 -0.261647
-4 3.4 0.253314 -0.0814552
-4 3.6 0.194578 0.168509
-4 3.8 -0.0534664 0.242439
-4 4 -0.23325 0.0557403
-4 4.2 -0.139569 -0.18636
-4 4.4 0.12145 -0.192452
-4 4.6 0.217417 0.0534615
-4 4.8 0.00845807 0.221251
-4 5 -0.211318 0.0599934
-4 5.2 -0.100112 -0.193944
-4 5.4 0.173865 -0.129645
-4 5.6 0.150251 0.154277
-4 5.8 -0.137122 0.163763
-4 6 -0.171846 -0.123434
-4 6.2 0.113634 -0.175836
-4 6.4 0.17671 0.10776
-4 6.6 -0.105622 0.175108
-4 6.8 -0.171379 -0.106894
-4 7 0.111166 -0.165643
-4 7.2 0.157845 0.117961
-4 7.4 -0.126739 0.147814
-4 7.6 -0.135314 -0.136886
-4 7.8 0.147703 -0.120099
-4 8 0.101969 0.1584
-4 8.2 -0.168101 0.0808216
-4 8.4 -0.0567112 -0.175857
-4 8.6 0.180681 -0.0298942
-4 8.8 0.000871325 0.181595
-4 9 -0.177696 -0.0295863
-4 9.2 0.0604311 -0.168239
-4 9.4 0.152721 0.0903592
-4 9.6 -0.117859 0.130969
-4 9.8 -0.10322 -0.141295
-3.8 -10 0.0482392 -0.168609
-3.8 -9.8 -0.176361 -0.00840152
-3.8 -9.6 0.0310878 0.175037
-3.8 -9.4 0.165512 -0.0682365
-3.8 -9.2 -0.10148 -0.149051
-3.8 -9 -0.127159 0.129732
-3.8 -8.8 0.152387 0.101432
-3.8 -8.6 0.0734319 -0.169288
-3.8 -8.4 -0.180661 -0.0445818
-3.8 -8.2 -0.0161007 0.187035
-3.8 -8 0.189158 -0.0110377
-3.8 -7.8 -0.0361137 -0.187914
-3.8 -7.6 -0.184248 0.0586467
-3.8 -7.4 0.0783616 0.179106
-3.8 -7.2 0.173396 -0.0951412
-3.8 -7 -0.10897 -0.16795
-3.8 -6.8 -0.163517 0.119875
-3.8 -6.6 0.127862 0.160746
-3.8 -6.4 0.160181 -0.132853
-3.8 -6.2 -0.134625 -0.162242
-3.8 -6 -0.16719 0.132755
-3.8 -5.8 0.126564 0.175064
-3.8 -5.6 0.185566 -0.115096
-3.8 -5.4 -0.097132 -0.197897
-3.8 -5.2 -0.210532 0.071294
-3.8 -5 0.0362909 0.220943
-3.8 -4.8 0.225338 0.00860151
-3.8 -4.6 0.0627491 -0.218549
-3.8 -4.4 -0.194317 -0.123013
-3.8 -4.2 -0.182366 0.146365
-3.8 -4 0.0707496 0.228735
-3.8 -3.8 0.245106 0.0302173
-3.8 -3.6 0.142899 -0.212606
-3.8 -3.4 -0.11855 -0.238316
-3.8 -3.2 -0.274039 -0.0300127
-3.8 -3 -0.191557 0.208951
-3.8 -2.8 0.0349642 0.287269
-3.8 -2.6 0.230809 0.184576
-3.8 -2.4 0.306906 -0.00190903
-3.8 -2.2 0.271724 -0.186826
-3.8 -2 0.154464 -0.332771
-3.8 -1.8 -0.0213474 -0.413443
-3.8 -1.6 -0.214344 -0.409098
-3.8 -1.4 -0.372931 -0.338032
-3.8 -1.2 -0.478645 -0.254951
-3.8 -1 -0.561545 -0.205457
-3.8 -0.8 -0.665062 -0.192751
-3.8 -0.6 -0.802916 -0.190661
-3.8 -0.4 -0.94954 -0.178739
-3.8 -0.2 -1.06144 -0.160038
-3.8 0 -1.1031 -0.150891
-3.8 0.2 -1.06144 -0.160038
-3.8 0.4 -0.94954 -0.178739
-3.8 0.6 -0.802916 -0.190661
-3.8 0.8 -0.665062 -0.192751
-3.8 1 -0.561545 -0.205457
-3.8 1.2 -0.478645 -0.254951
-3.8 1.4 -0.372931 -0.338032
-3.8 1.6 -0.214344 -0.409098
-3.8 1.8 -0.0213474 -0.413443
-3.8 2 0.154464 -0.332771
-3.8 2.2 0.271724 -0.186826
-3.8 2.4 0.306906 -0.00190903
-3.8 2.6 0.230809 0.184576
-3.8 2.8 0.0349642 0.287269
-3.8 3 -0.191557 0.208951
-3.8 3.2 -0.274039 -0.0300127
-3.8 3.4 -0.11855 -0.238316
-3.8 3.6 0.142899 -0.212606
-3.8 3.8 0.245106 0.0302173
-3.8 4 0.0707496 0.228735
-3.8 4.2 -0.182366 0.146365
-3.8 4.4 -0.194317 -0.123013
-3.8 4.6 0.0627491 -0.218549
-3.8 4.8 0.225338 0.00860151
-3.8 5 0.0362909 0.220943
-3.8 5.2 -0.210532 0.071294
-3.8 5.4 -0.097132 -0.197897
-3.8 5.6 0.185566 -0.115096
-3.8 5.8 0.126564 0.175064
-3.8 6 -0.16719 0.132755
-3.8 6.2 -0.134625 -0.162242
-3.8 6.4 0.160181 -0.132853
-3.8 6.6 0.127862 0.160746
-3.8 6.8 -0.163517 0.119875
-3.8 7 -0.10897 -0.16795
-3.8 7.2 0.173396 -0.0951412
-3.8 7.4 0.0783616 0.179106
-3.8 7.6 -0.184248 0.0586467
-3.8 7.8 -0.0361137 -0.187914
-3.8 8 0.189158 -0.0110377
-3.8 8.2 -0.0161007 0.187035
-3.8 8.4 -0.180661 -0.0445818
-3.8 8.6 0.0734319 -0.169288
-3.8 8.8 0.152387 0.101432
-3.8 9 -0.127159 0.129732
-3.8 9.2 -0.10148 -0.149051
-3.8 9.4 0.165512 -0.0682365
-3.8 9.6 0.0310878 0.175037
-3.8 9.8 -0.176361 -0.00840152
-3.6 -10 -0.0948065 -0.149427
-3.6 -9.8 -0.122626 0.129292
-3.6 -9.6 0.15576 0.0891036
-3.6 -9.4 0.0513079 -0.173285
-3.6 -9.2 -0.181652 -0.0116643
-3.6 -9 0.0276075 0.181276
-3.6 -8.8 0.173075 -0.064634
-3.6 -8.6 -0.0979759 -0.158322
-3.6 -8.4 -0.138495 0.126666
-3.6 -8.2 0.150204 0.11514
-3.6 -8 0.0897476 -0.168509
-3.6 -7.8 -0.181861 -0.0636699
-3.6 -7.6 -0.038059 0.190809
-3.6 -7.4 0.196098 0.0138426
-3.6 -7.2 -0.00827405 -0.198579
-3.6 -7 -0.199145 0.0277828
-3.6 -6.8 0.044329 0.198672
-3.6 -6.6 0.197974 -0.0576561
-3.6 -6.4 -0.0675429 -0.197764
-3.6 -6.2 -0.198625 0.0737378
-3.6 -6 0.0758956 0.200971
-3.6 -5.8 0.204989 -0.0735217
-3.6 -5.6 -0.0659354 -0.210564
-3.6 -5.4 -0.217149 0.0522664
-3.6 -5.2 0.0315171 0.223606
-3.6 -5 0.227988 -0.00273323
-3.6 -4.8 0.0346523 -0.227321
-3.6 -4.6 -0.21747 -0.0802255
-3.6 -4.4 -0.131692 0.193254
-3.6 -4.2 0.149134 0.183707
-3.6 -4 0.226699 -0.080877
-3.6 -3.8 0.0113976 -0.246402
-3.6 -3.6 -0.225454 -0.118798
-3.6 -3.4 -0.219097 0.148965
-3.6 -3.2 0.0155315 0.275553
-3.6 -3 0.245377 0.147884
-3.6 -2.8 0.276138 -0.104358
-3.6 -2.6 0.114507 -0.279836
-3.6 -2.4 -0.102814 -0.293759
-3.6 -2.2 -0.269655 -0.187323
-3.6 -2 -0.359422 -0.0220073
-3.6 -1.8 -0.370135 0.168739
-3.6 -1.6 -0.29846 0.350595
-3.6 -1.4 -0.168532 0.481972
-3.6 -1.2 -0.0360228 0.553598
-3.6 -1 0.0565673 0.604621
-3.6 -0.8 0.112783 0.68409
-3.6 -0.6 0.163123 0.805147
-3.6 -0.4 0.22377 0.938943
-3.6 -0.2 0.279895 1.04134
-3.6 0 0.303164 1.07929
-3.6 0.2 0.279895 1.04134
-3.6 0.4 0.22377 0.938943
-3.6 0.6 0.163123 0.805147
-3.6 0.8 0.112783 0.68409
-3.6 1 0.0565673 0.604621
-3.6 1.2 -0.0360228 0.553598
-3.6 1.4 -0.168532 0.481972
-3.6 1.6 -0.29846 0.350595
-3.6 1.8 -0.370135 0.168739
-3.6 2 -0.359422 -0.0220073
-3.6 2.2 -0.269655 -0.187323
-3.6 2.4 -0.102814 -0.293759
-3.6 2.6 0.114507 -0.279836
-3.6 2.8 0.276138 -0.104358
-3.6 3 0.245377 0.147884
-3.6 3.2 0.0155315 0.275553
-3.6 3.4 -0.219097 0.148965
-3.6 3.6 -0.225454 -0.118798
-3.6 3.8 0.0113976 -0.246402
-3.6 4 0.226699 -0.080877
-3.6 4.2 0.149134 0.183707
-3.6 4.4 -0.131692 0.193254
-3.6 4.6 -0.21747 -0.0802255
-3.6 4.8 0.0346523 -0.227321
-3.6 5 0.227988 -0.00273323
-3.6 5.2 0.0315171 0.223606
-3.6 5.4 -0.217149 0.0522664
-3.6 5.6 -0.0659354 -0.210564
-3.6 5.8 0.204989 -0.0735217
-3.6 6 0.0758956 0.200971
-3.6 6.2 -0.198625 0.0737378
-3.6 6.4 -0.0675429 -0.197764
-3.6 6.6 0.197974 -0.0576561
-3.6 6.8 0.044329 0.198672
-3.6 7 -0.199145 0.0277828
-3.6 7.2 -0.00827405 -0.198579
-3.6 7.4 0.196098 0.0138426
-3.6 7.6 -0.038059 0.190809
-3.6 7.8 -0.181861 -0.0636699
-3.6 8 0.0897476 -0.168509
-3.6 8.2 0.150204 0.11514
-3.6 8.4 -0.138495 0.126666
-3.6 8.6 -0.0979759 -0.158322
-3.6 8.8 0.173075 -0.064634
-3.6 9 0.0276075 0.181276
-3.6 9.2 -0.181652 -0.0116643
-3.6 9.4 0.0513079 -0.173285
-3.6 9.6 0.15576 0.0891036
-3.6 9.8 -0.122626 0.129292
-3.4 -10 -0.175153 -0.0345075
-3.4 -9.8 0.0120303 0.179411
-3.4 -9.6 0.171827 -0.0572869
-3.4 -9.4 -0.0984051 -0.153644
-3.4 -9.2 -0.126728 0.133137
-3.4 -9 0.159946 0.0933329
-3.4 -8.8 0.0558679 -0.178034
-3.4 -8.6 -0.187297 -0.0166798
-3.4 -8.4 0.0221207 0.188233
-3.4 -8.2 0.181805 -0.058786
-3.4 -8 -0.0920062 -0.169299
-3.4 -7.8 -0.152173 0.120934
-3.4 -7.6 0.145168 0.131932
-3.4 -7.4 0.110014 -0.1647
-3.4 -7.2 -0.179845 -0.087719
-3.4 -7 -0.0661647 0.191153
-3.4 -6.8 0.199331 0.0462728
-3.4 -6.6 0.0287847 -0.205153
-3.4 -6.4 -0.209391 -0.0142976
-3.4 -6.2 -0.00331496 0.212749
-3.4 -6 0.2158 -0.00369467
-3.4 -5.8 -0.00623932 -0.21892
-3.4 -5.6 -0.222215 0.00375616
-3.4 -5.4 -0.0044108 0.225423
-3.4 -5.2 0.227781 0.0189852
-3.4 -5 0.0406513 -0.227869
-3.4 -4.8 -0.223431 -0.0698152
-3.4 -4.6 -0.106174 0.211241
-3.4 -4.4 0.187131 0.148027
-3.4 -4.2 0.191332 -0.146403
-3.4 -4 -0.08497 -0.228617
-3.4 -3.8 -0.248231 0.00162643
-3.4 -3.6 -0.0983194 0.234913
-3.4 -3.4 0.173326 0.198585
-3.4 -3.2 0.268921 -0.0563875
-3.4 -3 0.101307 -0.268618
-3.4 -2.8 -0.163659 -0.250056
-3.4 -2.6 -0.306339 -0.0390234
-3.4 -2.4 -0.253799 0.191458
-3.4 -2.2 -0.0835991 0.320276
-3.4 -2 0.110182 0.338683
-3.4 -1.8 0.28872 0.275243
-3.4 -1.6 0.432211 0.14382
-3.4 -1.4 0.513555 -0.0302662
-3.4 -1.2 0.532154 -0.19544
-3.4 -1 0.533888 -0.314879
-3.4 -0.8 0.571989 -0.40001
-3.4 -0.6 0.658934 -0.486571
-3.4 -0.4 0.76394 -0.587098
-3.4 -0.2 0.84508 -0.675229
-3.4 0 0.874934 -0.710787
-3.4 0.2 0.84508 -0.675229
-3.4 0.4 0.76394 -0.587098
-3.4 0.6 0.658934 -0.486571
-3.4 0.8 0.571989 -0.40001
-3.4 1 0.533888 -0.314879
-3.4 1.2 0.532154 -0.19544
-3.4 1.4 0.513555 -0.0302662
-3.4 1.6 0.432211 0.14382
-3.4 1.8 0.28872 0.275243
-3.4 2 0.110182 0.338683
-3.4 2.2 -0.0835991 0.320276
-3.4 2.4 -0.253799 0.191458
-3.4 2.6 -0.306339 -0.0390234
-3.4 2.8 -0.163659 -0.250056
-3.4 3 0.101307 -0.268618
-3.4 3.2 0.268921 -0.0563875
-3.4 3.4 0.173326 0.198585
-3.4 3.6 -0.0983194 0.234913
-3.4 3.8 -0.248231 0.00162643
-3.4 4 -0.08497 -0.228617
-3.4 4.2 0.191332 -0.146403
-3.4 4.4 0.187131 0.148027
-3.4 4.6 -0.106174 0.211241
-3.4 4.8 -0.223431 -0.0698152
-3.4 5 0.0406513 -0.227869
-3.4 5.2 0.227781 0.0189852
-3.4 5.4 -0.0044108 0.225423
-3.4 5.6 -0.222215 0.00375616
-3.4 5.8 -0.00623932 -0.21892
-3.4 6 0.2158 -0.00369467
-3.4 6.2 -0.00331496 0.212749
-3.4 6.4 -0.209391 -0.0142976
-3.4 6.6 0.0287847 -0.205153
-3.4 6.8 0.199331 0.0462728
-3.4 7 -0.0661647 0.191153
-3.4 7.2 -0.179845 -0.087719
-3.4 7.4 0.110014 -0.1647
-3.4 7.6 0.145168 0.131932
-3.4 7.8 -0.152173 0.120934
-3.4 8 -0.0920062 -0.169299
-3.4 8.2 0.181805 -0.058786
-3.4 8.4 0.0221207 0.188233
-3.4 8.6 -0.187297 -0.0166798
-3.4 8.8 0.0558679 -0.178034
-3.4 9 0.159946 0.0933329
-3.4 9.2 -0.126728 0.133137
-3.4 9.4 -0.0984051 -0.153644
-3.4 9.6 0.171827 -0.0572869
-3.4 9.8 0.0120303 0.179411
-3.2 -10 -0.150283 0.0990411
-3.2 -9.8 0.137283 0.118504
-3.2 -9.6 0.0782042 -0.165166
-3.2 -9.4 -0.181217 -0.0327453
-3.2 -9.2 0.0144293 0.185016
-3.2 -9 0.177104 -0.0601008
-3.2 -8.8 -0.101519 -0.158821
-3.2 -8.6 -0.13208 0.13657
-3.2 -8.4 0.163864 0.099138
-3.2 -8.2 0.0623557 -0.182741
-3.2 -8 -0.193216 -0.0239936
-3.2 -7.8 0.0139519 0.195875
-3.2 -7.6 0.191735 -0.0498609
-3.2 -7.4 -0.0825495 -0.182103
-3.2 -7.2 -0.16843 0.111281
-3.2 -7 0.135735 0.152195
-3.2 -6.8 0.134804 -0.155946
-3.2 -6.6 -0.172225 -0.117536
-3.2 -6.4 -0.101509 0.185065
-3.2 -6.2 0.195049 0.0876806
-3.2 -6 0.0768712 -0.202757
-3.2 -5.8 -0.208673 -0.0698021
-3.2 -5.6 -0.0671367 0.213094
-3.2 -5.4 0.216027 0.0695118
-3.2 -5.2 0.0775393 -0.217076
-3.2 -5 -0.215307 -0.0917494
-3.2 -4.8 -0.112438 0.209106
-3.2 -4.6 0.196053 0.139368
-3.2 -4.4 0.171262 -0.172907
-3.2 -4.2 -0.135836 -0.205064
-3.2 -4 -0.235016 0.0811725
-3.2 -3.8 0.00704851 0.251812
-3.2 -3.6 0.242529 0.0837652
-3.2 -3.4 0.179889 -0.192614
-3.2 -3.2 -0.0917453 -0.257537
-3.2 -3 -0.280533 -0.0550859
-3.2 -2.8 -0.21328 0.210676
-3.2 -2.6 0.0349934 0.311216
-3.2 -2.4 0.260755 0.193888
-3.2 -2.2 0.336045 -0.0264969
-3.2 -2 0.275868 -0.225903
-3.2 -1.8 0.143585 -0.365406
-3.2 -1.6 -0.0301604 -0.447102
-3.2 -1.4 -0.224711 -0.46242
-3.2 -1.2 -0.398416 -0.417466
-3.2 -1 -0.522233 -0.360827
-3.2 -0.8 -0.615702 -0.347656
-3.2 -0.6 -0.720563 -0.389445
-3.2 -0.4 -0.84695 -0.454517
-3.2 -0.2 -0.958095 -0.505644
-3.2 0 -1.00282 -0.524024
-3.2 0.2 -0.958095 -0.505644
-3.2 0.4 -0.84695 -0.454517
-3.2 0.6 -0.720563 -0.389445
-3.2 0.8 -0.615702 -0.347656
-3.2 1 -0.522233 -0.360827
-3.2 1.2 -0.398416 -0.417466
-3.2 1.4 -0.224711 -0.46242
-3.2 1.6 -0.0301604 -0.447102
-3.2 1.8 0.143585 -0.365406
-3.2 2 0.275868 -0.225903
-3.2 2.2 0.336045 -0.0264969
-3.2 2.4 0.260755 0.193888
-3.2 2.6 0.0349934 0.311216
-3.2 2.8 -0.21328 0.210676
-3.2 3 -0.280533 -0.0550859
-3.2 3.2 -0.0917453 -0.257537
-3.2 3.4 0.179889 -0.192614
-3.2 3.6 0.242529 0.0837652
-3.2 3.8 0.00704851 0.251812
-3.2 4 -0.235016 0.0811725
-3.2 4.2 -0.135836 -0.205064
-3.2 4.4 0.171262 -0.172907
-3.2 4.6 0.196053 0.139368
-3.2 4.8 -0.112438 0.209106
-3.2 5 -0.215307 -0.0917494
-3.2 5.2 0.0775393 -0.217076
-3.2 5.4 0.216027 0.0695118
-3.2 5.6 -0.0671367 0.213094
-3.2 5.8 -0.208673 -0.0698021
-3.2 6 0.0768712 -0.202757
-3.2 6.2 0.195049 0.0876806
-3.2 6.4 -0.101509 0.185065
-3.2 6.6 -0.172225 -0.117536
-3.2 6.8 0.134804 -0.155946
-3.2 7 0.135735 0.152195
-3.2 7.2 -0.16843 0.111281
-3.2 7.4 -0.0825495 -0.182103
-3.2 7.6 0.191735 -0.0498609
-3.2 7.8 0.0139519 0.195875
-3.2 8 -0.193216 -0.0239936
-3.2 8.2 0.0623557 -0.182741
-3.2 8.4 0.163864 0.099138
-3.2 8.6 -0.13208 0.13657
-3.2 8.8 -0.101519 -0.158821
-3.2 9 0.177104 -0.0601008
-3.2 9.2 0.0144293 0.185016
-3.2 9.4 -0.181217 -0.0327453
-3.2 9.6 0.0782042 -0.165166
-3.2 9.8 0.137283 0.118504
-3 -10 -0.043982 0.175902
-3 -9.8 0.182587 -0.00821267
-3 -9.6 -0.0595911 -0.174344
-3 -9.4 -0.152471 0.10608
-3 -9.2 0.14434 0.119298
-3 -9 0.0778635 -0.171992
-3 -8.8 -0.187719 -0.031569
-3 -8.6 0.0161674 0.191255
-3 -8.4 0.183274 -0.062208
-3 -8.2 -0.103927 -0.165211
-3 -8 -0.139026 0.139362
-3 -7.8 0.167282 0.106971
-3 -7.6 0.0713555 -0.187179
-3 -7.4 -0.199198 -0.0343513
-3 -7.2 0.00215728 0.204021
-3 -7 0.20273 -0.0366692
-3 -6.8 -0.0681086 -0.19666
-3 -6.6 -0.187269 0.0958186
-3 -6.4 0.119515 0.176025
-3 -6.2 0.164323 -0.13921
-3 -6 -0.155118 -0.153436
-3 -5.8 -0.144494 0.167544
-3 -5.6 0.176775 0.138484
-3 -5.4 0.136259 -0.182954
-3 -5.2 -0.185961 -0.138538
-3 -5 -0.145883 0.185275
-3 -4.8 0.179845 0.158603
-3 -4.6 0.17656 -0.167969
-3 -4.4 -0.147245 -0.198812
-3 -4.2 -0.223064 0.114686
-3 -4 0.0672035 0.244924
-3 -3.8 0.257099 -0.00274395
-3 -3.6 0.0775842 -0.24898
-3 -3.4 -0.207552 -0.166212
-3 -3.2 -0.245224 0.121195
-3 -3 -0.0118526 0.284243
-3 -2.8 0.245331 0.170271
-3 -2.6 0.297408 -0.102378
-3 -2.4 0.121871 -0.306767
-3 -2.2 -0.130683 -0.318749
-3 -2 -0.312523 -0.181528
-3 -1.8 -0.39025 0.00554726
-3 -1.6 -0.394055 0.1967
-3 -1.4 -0.337176 0.382261
-3 -1.2 -0.229171 0.536724
-3 -1 -0.115615 0.640157
-3 -0.8 -0.0505743 0.719056
-3 -0.6 -0.0441633 0.821412
-3 -0.4 -0.0645074 0.956755
-3 -0.2 -0.0809352 1.07981
-3 0 -0.0858544 1.12983
-3 0.2 -0.0809352 1.07981
-3 0.4 -0.0645074 0.956755
-3 0.6 -0.0441633 0.821412
-3 0.8 -0.0505743 0.719056
-3 1 -0.115615 0.640157
-3 1.2 -0.229171 0.536724
-3 1.4 -0.337176 0.382261
-3 1.6 -0.394055 0.1967
-3 1.8 -0.39025 0.00554726
-3 2 -0.312523 -0.181528
-3 2.2 -0.130683 -0.318749
-3 2.4 0.121871 -0.306767
-3 2.6 0.297408 -0.102378
-3 2.8 0.245331 0.170271
-3 3 -0.0118526 0.284243
-3 3.2 -0.245224 0.121195
-3 3.4 -0.207552 -0.166212
-3 3.6 0.0775842 -0.24898
-3 3.8 0.257099 -0.00274395
-3 4 0.0672035 0.244924
-3 4.2 -0.223064 0.114686
-3 4.4 -0.147245 -0.198812
-3 4.6 0.17656 -0.167969
-3 4.8 0.179845 0.158603
-3 5 -0.145883 0.185275
-3 5.2 -0.185961 -0.138538
-3 5.4 0.136259 -0.182954
-3 5.6 0.176775 0.138484
-3 5.8 -0.144494 0.167544
-3 6 -0.155118 -0.153436
-3 6.2 0.164323 -0.13921
-3 6.4 0.119515 0.176025
-3 6.6 -0.187269 0.0958186
-3 6.8 -0.0681086 -0.19666
-3 7 0.20273 -0.0366692
-3 7.2 0.00215728 0.204021
-3 7.4 -0.199198 -0.0343513
-3 7.6 0.0713555 -0.187179
-3 7.8 0.167282 0.106971
-3 8 -0.139026 0.139362
-3 8.2 -0.103927 -0.165211
-3 8.4 0.183274 -0.062208
-3 8.6 0.0161674 0.191255
-3 8.8 -0.187719 -0.031569
-3 9 0.0778635 -0.171992
-3 9.2 0.14434 0.119298
-3 9.4 -0.152471 0.10608
-3 9.6 -0.0595911 -0.174344
-3 9.8 0.182587 -0.00821267
-2.8 -10 0.0815987 0.163244
-2.8 -9.8 0.132516 -0.127706
-2.8 -9.6 -0.162381 -0.0898823
-2.8 -9.4 -0.0394909 0.18297
-2.8 -9.2 0.188268 -0.0140923
-2.8 -9 -0.0663607 -0.178495
-2.8 -8.8 -0.155134 0.113284
-2.8 -8.6 0.151629 0.120663
-2.8 -8.4 0.078211 -0.179167
-2.8 -8.2 -0.19475 -0.0312037
-2.8 -8 0.0169825 0.198276
-2.8 -7.8 0.190562 -0.0633095
-2.8 -7.6 -0.105295 -0.173136
-2.8 -7.4 -0.148009 0.141145
-2.8 -7.2 0.169803 0.117428
-2.8 -7 0.0836535 -0.190925
-2.8 -6.8 -0.204794 -0.0487772
-2.8 -6.6 -0.0145875 0.212197
-2.8 -6.4 0.214284 -0.0175048
-2.8 -6.2 -0.046487 -0.212425
-2.8 -6 -0.208081 0.0717164
-2.8 -5.8 0.0928514 0.202703
-2.8 -5.6 0.197651 -0.109753
-2.8 -5.4 -0.122363 -0.194142
-2.8 -5.2 -0.193211 0.130571
-2.8 -5 0.134071 0.195667
-2.8 -4.8 0.202025 -0.132216
-2.8 -4.6 -0.123889 -0.212369
-2.8 -4.4 -0.226112 0.107419
-2.8 -4.2 0.0806121 0.241602
-2.8 -4 0.25555 -0.04104
-2.8 -3.8 0.0132081 -0.26235
-2.8 -3.6 -0.253522 -0.0819891
-2.8 -3.4 -0.160517 0.217951
-2.8 -3.2 0.144111 0.235835
-2.8 -3 0.283668 -0.0260603
-2.8 -2.8 0.125507 -0.269413
-2.8 -2.6 -0.160167 -0.269427
-2.8 -2.4 -0.328868 -0.045247
-2.8 -2.2 -0.27363 0.21902
-2.8 -2 -0.0693559 0.362314
-2.8 -1.8 0.151576 0.362824
-2.8 -1.6 0.331355 0.282524
-2.8 -1.4 0.477044 0.158527
-2.8 -1.2 0.585334 -0.000158592
-2.8 -1 0.645881 -0.158108
-2.8 -0.8 0.689167 -0.266039
-2.8 -0.6 0.768801 -0.31537
-2.8 -0.4 0.895955 -0.337722
-2.8 -0.2 1.01945 -0.356183
-2.8 0 1.07071 -0.365162
-2.8 0.2 1.01945 -0.356183
-2.8 0.4 0.895955 -0.337722
-2.8 0.6 0.768801 -0.31537
-2.8 0.8 0.689167 -0.266039
-2.8 1 0.645881 -0.158108
-2.8 1.2 0.585334 -0.000158592
-2.8 1.4 0.477044 0.158527
-2.8 1.6 0.331355 0.282524
-2.8 1.8 0.151576 0.362824
-2.8 2 -0.0693559 0.362314
-2.8 2.2 -0.27363 0.21902
-2.8 2.4 -0.328868 -0.045247
-2.8 2.6 -0.160167 -0.269427
-2.8 2.8 0.125507 -0.269413
-2.8 3 0.283668 -0.0260603
-2.8 3.2 0.144111 0.235835
-2.8 3.4 -0.160517 0.217951
-2.8 3.6 -0.253522 -0.0819891
-2.8 3.8 0.0132081 -0.26235
-2.8 4 0.25555 -0.04104
-2.8 4.2 0.0806121 0.241602
-2.8 4.4 -0.226112 0.107419
-2.8 4.6 -0.123889 -0.212369
-2.8 4.8 0.202025 -0.132216
-2.8 5 0.134071 0.195667
-2.8 5.2 -0.193211 0.130571
-2.8 5.4 -0.122363 -0.194142
-2.8 5.6 0.197651 -0.109753
-2.8 5.8 0.0928514 0.202703
-2.8 6 -0.208081 0.0717164
-2.8 6.2 -0.046487 -0.212425
-2.8 6.4 0.214284 -0.0175048
-2.8 6.6 -0.0145875 0.212197
-2.8 6.8 -0.204794 -0.0487772
-2.8 7 0.0836535 -0.190925
-2.8 7.2 0.169803 0.117428
-2.8 7.4 -0.148009 0.141145
-2.8 7.6 -0.105295 -0.173136
-2.8 7.8 0.190562 -0.0633095
-2.8 8 0.0169825 0.198276
-2.8 8.2 -0.19475 -0.0312037
-2.8 8.4 0.078211 -0.179167
-2.8 8.6 0.151629 0.120663
-2.8 8.8 -0.155134 0.113284
-2.8 9 -0.0663607 -0.178495
-2.8 9.2 0.188268 -0.0140923
-2.8 9.4 -0.0394909 0.18297
-2.8 9.6 -0.162381 -0.0898823
-2.8 9.8 0.132516 -0.127706
-2.6 -10 0.166551 0.0771212
-2.6 -9.8 0.0216903 -0.183871
-2.6 -9.6 -0.18327 0.0360548
-2.6 -9.4 0.0905284 0.165285
-2.6 -9.2 0.132103 -0.136777
-2.6 -9 -0.170927 -0.0872101
-2.6 -8.8 -0.0349346 0.190478
-2.6 -8.6 0.194422 -0.0200566
-2.6 -8.4 -0.0732389 -0.183185
-2.6 -8.2 -0.158441 0.120643
-2.6 -8 0.159164 0.122811
-2.6 -7.8 0.079508 -0.186741
-2.6 -7.6 -0.202413 -0.0319667
-2.6 -7.4 0.0164955 0.206259
-2.6 -7.2 0.199243 -0.0629592
-2.6 -7 -0.105104 -0.183003
-2.6 -6.8 -0.159601 0.141321
-2.6 -6.6 0.170741 0.131293
-2.6 -6.4 0.100305 -0.193191
-2.6 -6.2 -0.209091 -0.0686738
-2.6 -6 -0.0381316 0.219329
-2.6 -5.8 0.225105 0.0100597
-2.6 -5.6 -0.0145059 -0.227793
-2.6 -5.4 -0.228803 0.0348166
-2.6 -5.2 0.0503132 0.229472
-2.6 -5 0.230959 -0.0604988
-2.6 -4.8 -0.0647945 -0.234143
-2.6 -4.6 -0.239495 0.0623951
-2.6 -4.4 0.052152 0.24689
-2.6 -4.2 0.25532 -0.0325338
-2.6 -4 -0.00175899 -0.262468
-2.6 -3.8 -0.264161 -0.0417363
-2.6 -3.6 -0.0982472 0.253819
-2.6 -3.4 0.222315 0.164871
-2.6 -3.2 0.232561 -0.15911
-2.6 -3 -0.0561757 -0.282751
-2.6 -2.8 -0.28591 -0.0835311
-2.6 -2.6 -0.232966 0.207552
-2.6 -2.4 0.0298243 0.329615
-2.6 -2.2 0.285179 0.208051
-2.6 -2 0.372879 -0.0463117
-2.6 -1.8 0.290131 -0.275755
-2.6 -1.6 0.130678 -0.415805
-2.6 -1.4 -0.0445197 -0.49417
-2.6 -1.2 -0.230841 -0.534695
-2.6 -1 -0.410907 -0.53646
-2.6 -0.8 -0.544564 -0.529034
-2.6 -0.6 -0.624382 -0.56966
-2.6 -0.4 -0.681213 -0.673778
-2.6 -0.2 -0.730511 -0.787594
-2.6 0 -0.752339 -0.836543
-2.6 0.2 -0.730511 -0.787594
-2.6 0.4 -0.681213 -0.673778
-2.6 0.6 -0.624382 -0.56966
-2.6 0.8 -0.544564 -0.529034
-2.6 1 -0.410907 -0.53646
-2.6 1.2 -0.230841 -0.534695
-2.6 1.4 -0.0445197 -0.49417
-2.6 1.6 0.130678 -0.415805
-2.6 1.8 0.290131 -0.275755
-2.6 2 0.372879 -0.0463117
-2.6 2.2 0.285179 0.208051
-2.6 2.4 0.0298243 0.329615
-2.6 2.6 -0.232966 0.207552
-2.6 2.8 -0.28591 -0.0835311
-2.6 3 -0.0561757 -0.282751
-2.6 3.2 0.232561 -0.15911
-2.6 3.4 0.222315 0.164871
-2.6 3.6 -0.0982472 0.253819
-2.6 3.8 -0.264161 -0.0417363
-2.6 4 -0.00175899 -0.262468
-2.6 4.2 0.25532 -0.0325338
-2.6 4.4 0.052152 0.24689
-2.6 4.6 -0.239495 0.0623951
-2.6 4.8 -0.0647945 -0.234143
-2.6 5 0.230959 -0.0604988
-2.6 5.2 0.0503132 0.229472
-2.6 5.4 -0.228803 0.0348166
-2.6 5.6 -0.0145059 -0.227793
-2.6 5.8 0.225105 0.0100597
-2.6 6 -0.0381316 0.219329
-2.6 6.2 -0.209091 -0.0686738
-2.6 6.4 0.100305 -0.193191
-2.6 6.6 0.170741 0.131293
-2.6 6.8 -0.159601 0.141321
-2.6 7 -0.105104 -0.183003
-2.6 7.2 0.199243 -0.0629592
-2.6 7.4 0.0164955 0.206259
-2.6 7.6 -0.202413 -0.0319667
-2.6 7.8 0.079508 -0.186741
-2.6 8 0.159164 0.122811
-2.6 8.2 -0.158441 0.120643
-2.6 8.4 -0.0732389 -0.183185
-2.6 8.6 0.194422 -0.0200566
-2.6 8.8 -0.0349346 0.190478
-2.6 9 -0.170927 -0.0872101
-2.6 9.2 0.132103 -0.136777
-2.6 9.4 0.0905284 0.165285
-2.6 9.6 -0.18327 0.0360548
-2.6 9.8 0.0216903 -0.183871
-2.4 -10 0.180605 -0.0374765
-2.4 -9.8 -0.0945852 -0.16029
-2.4 -9.6 -0.122893 0.142031
-2.4 -9.4 0.175092 0.072631
-2.4 -9.2 0.0148621 -0.190762
-2.4 -9 -0.18795 0.0445628
-2.4 -8.8 0.0999536 0.167459
-2.4 -8.6 0.131751 -0.146356
-2.4 -8.4 -0.179995 -0.0845507
-2.4 -8.2 -0.0303615 0.198538
-2.4 -8 0.201188 -0.0260588
-2.4 -7.8 -0.0801849 -0.188593
-2.4 -7.6 -0.162621 0.128132
-2.4 -7.4 0.166944 0.126036
-2.4 -7.2 0.0821235 -0.194757
-2.4 -7 -0.210818 -0.0343164
-2.4 -6.8 0.0141444 0.215405
-2.4 -6.6 0.209651 -0.060476
-2.4 -6.4 -0.102534 -0.195313
-2.4 -6.2 -0.17453 0.138904
-2.4 -6 0.168904 0.149583
-2.4 -5.8 0.122703 -0.192519
-2.4 -5.6 -0.210283 -0.0959205
-2.4 -5.4 -0.0709867 0.223132
-2.4 -5.2 0.232235 0.0493541
-2.4 -5 0.032216 -0.238831
-2.4 -4.8 -0.244063 -0.0205933
-2.4 -4.6 -0.0154505 0.248804
-2.4 -4.4 0.25346 0.0178171
-2.4 -4.2 0.0288731 -0.257717
-2.4 -4 -0.260203 -0.0499275
-2.4 -3.8 -0.08217 0.258044
-2.4 -3.6 0.246379 0.126004
-2.4 -3.4 0.17969 -0.218037
-2.4 -3.2 -0.163984 -0.237066
-2.4 -3 -0.284436 0.0756676
-2.4 -2.8 -0.0489818 0.297938
-2.4 -2.6 0.245214 0.194531
-2.4 -2.4 0.314349 -0.0988812
-2.4 -2.2 0.130225 -0.327178
-2.4 -2 -0.152984 -0.346804
-2.4 -1.8 -0.363781 -0.184614
-2.4 -1.6 -0.440292 0.0379034
-2.4 -1.4 -0.432059 0.239678
-2.4 -1.2 -0.39236 0.423159
-2.4 -1 -0.329365 0.5963
-2.4 -0.8 -0.265326 0.733138
-2.4 -0.6 -0.257276 0.826355
-2.4 -0.4 -0.3278 0.904931
-2.4 -0.2 -0.424574 0.977604
-2.4 0 -0.468687 1.01
-2.4 0.2 -0.424574 0.977604
-2.4 0.4 -0.3278 0.904931
-2.4 0.6 -0.257276 0.826355
-2.4 0.8 -0.265326 0.733138
-2.4 1 -0.329365 0.5963
-2.4 1.2 -0.39236 0.423159
-2.4 1.4 -0.432059 0.239678
-2.4 1.6 -0.440292 0.0379034
-2.4 1.8 -0.363781 -0.184614
-2.4 2 -0.152984 -0.346804
-2.4 2.2 0.130225 -0.327178
-2.4 2.4 0.314349 -0.0988812
-2.4 2.6 0.245214 0.194531
-2.4 2.8 -0.0489818 0.297938
-2.4 3 -0.284436 0.0756676
-2.4 3.2 -0.163984 -0.237066
-2.4 3.4 0.17969 -0.218037
-2.4 3.6 0.246379 0.126004
-2.4 3.8 -0.08217 0.258044
-2.4 4 -0.260203 -0.0499275
-2.4 4.2 0.0288731 -0.257717
-2.4 4.4 0.25346 0.0178171
-2.4 4.6 -0.0154505 0.248804
-2.4 4.8 -0.244063 -0.0205933
-2.4 5 0.032216 -0.238831
-2.4 5.2 0.232235 0.0493541
-2.4 5.4 -0.0709867 0.223132
-2.4 5.6 -0.210283 -0.0959205
-2.4 5.8 0.122703 -0.192519
-2.4 6 0.168904 0.149583
-2.4 6.2 -0.17453 0.138904
-2.4 6.4 -0.102534 -0.195313
-2.4 6.6 0.209651 -0.060476
-2.4 6.8 0.0141444 0.215405
-2.4 7 -0.210818 -0.0343164
-2.4 7.2 0.0821235 -0.194757
-2.4 7.4 0.166944 0.126036
-2.4 7.6 -0.162621 0.128132
-2.4 7.8 -0.0801849 -0.188593
-2.4 8 0.201188 -0.0260588
-2.4 8.2 -0.0303615 0.198538
-2.4 8.4 -0.179995 -0.0845507
-2.4 8.6 0.131751 -0.146356
-2.4 8.8 0.0999536 0.167459
-2.4 9 -0.18795 0.0445628
-2.4 9.2 0.0148621 -0.190762
-2.4 9.4 0.175092 0.072631
-2.4 9.6 -0.122893 0.142031
-2.4 9.8 -0.0945852 -0.16029
-2.2 -10 0.128146 -0.13381
-2.2 -9.8 -0.170457 -0.076857
-2.2 -9.6 -0.0164079 0.18802
-2.2 -9.4 0.184812 -0.0463323
-2.2 -9.2 -0.104493 -0.161522
-2.2 -9 -0.120999 0.151982
-2.2 -8.8 0.184118 0.0678011
-2.2 -8.6 0.00758273 -0.198049
-2.2 -8.4 -0.192926 0.0535983
-2.2 -8.2 0.109953 0.169837
-2.2 -8 0.131529 -0.156541
-2.2 -7.8 -0.189702 -0.0819738
-2.2 -7.6 -0.0258439 0.207295
-2.2 -7.4 0.208754 -0.0320244
-2.2 -7.2 -0.0871267 -0.194963
-2.2 -7 -0.167992 0.135689
-2.2 -6.8 0.174938 0.130751
-2.2 -6.6 0.0865911 -0.203233
-2.2 -6.4 -0.220062 -0.0389317
-2.2 -6.2 0.00907438 0.225928
-2.2 -6 0.222157 -0.0547892
-2.2 -5.8 -0.0962467 -0.210655
-2.2 -5.6 -0.193665 0.132213
-2.2 -5.4 0.162163 0.173542
-2.2 -5.2 0.152573 -0.186178
-2.2 -5 -0.204803 -0.132862
-2.2 -4.8 -0.116274 0.218855
-2.2 -4.6 0.22921 0.104447
-2.2 -4.4 0.0988413 -0.236573
-2.2 -4.2 -0.241201 -0.100799
-2.2 -4 -0.111572 0.242584
-2.2 -3.8 0.239052 0.132209
-2.2 -3.6 0.163175 -0.227331
-2.2 -3.4 -0.202152 -0.203459
-2.2 -3.2 -0.248926 0.156281
-2.2 -3 0.0817545 0.28976
-2.2 -2.8 0.307519 0.0262085
-2.2 -2.6 0.160793 -0.274151
-2.2 -2.4 -0.15878 -0.290378
-2.2 -2.2 -0.347384 -0.0484055
-2.2 -2 -0.290896 0.242028
-2.2 -1.8 -0.061303 0.407672
-2.2 -1.6 0.198399 0.404304
-2.2 -1.4 0.396668 0.302341
-2.2 -1.2 0.544367 0.181727
-2.2 -1 0.67912 0.0594428
-2.2 -0.8 0.794857 -0.056099
-2.2 -0.6 0.883126 -0.114221
-2.2 -0.4 0.968652 -0.0824791
-2.2 -0.2 1.05505 -0.00648195
-2.2 0 1.09485 0.0317166
-2.2 0.2 1.05505 -0.00648195
-2.2 0.4 0.968652 -0.0824791
-2.2 0.6 0.883126 -0.114221
-2.2 0.8 0.794857 -0.056099
-2.2 1 0.67912 0.0594428
-2.2 1.2 0.544367 0.181727
-2.2 1.4 0.396668 0.302341
-2.2 1.6 0.198399 0.404304
-2.2 1.8 -0.061303 0.407672
-2.2 2 -0.290896 0.242028
-2.2 2.2 -0.347384 -0.0484055
-2.2 2.4 -0.15878 -0.290378
-2.2 2.6 0.160793 -0.274151
-2.2 2.8 0.307519 0.0262085
-2.2 3 0.0817545 0.28976
-2.2 3.2 -0.248926 0.156281
-2.2 3.4 -0.202152 -0.203459
-2.2 3.6 0.163175 -0.227331
-2.2 3.8 0.239052 0.132209
-2.2 4 -0.111572 0.242584
-2.2 4.2 -0.241201 -0.100799
-2.2 4.4 0.0988413 -0.236573
-2.2 4.6 0.22921 0.104447
-2.2 4.8 -0.116274 0.218855
-2.2 5 -0.204803 -0.132862
-2.2 5.2 0.152573 -0.186178
-2.2 5.4 0.162163 0.173542
-2.2 5.6 -0.193665 0.132213
-2.2 5.8 -0.0962467 -0.210655
-2.2 6 0.222157 -0.0547892
-2.2 6.2 0.00907438 0.225928
-2.2 6.4 -0.220062 -0.0389317
-2.2 6.6 0.0865911 -0.203233
-2.2 6.8 0.174938 0.130751
-2.2 7 -0.167992 0.135689
-2.2 7.2 -0.0871267 -0.194963
-2.2 7.4 0.208754 -0.0320244
-2.2 7.6 -0.0258439 0.207295
-2.2 7.8 -0.189702 -0.0819738
-2.2 8 0.131529 -0.156541
-2.2 8.2 0.109953 0.169837
-2.2 8.4 -0.192926 0.0535983
-2.2 8.6 0.00758273 -0.198049
-2.2 8.8 0.184118 0.0678011
-2.2 9 -0.120999 0.151982
-2.2 9.2 -0.104493 -0.161522
-2.2 9.4 0.184812 -0.0463323
-2.2 9.6 -0.0164079 0.18802
-2.2 9.8 -0.170457 -0.076857
-2 -10 0.0365512 -0.182422
-2 -9.8 -0.18558 0.0287189
-2 -9.6 0.0911556 0.166225
-2 -9.4 0.126868 -0.143335
-2 -9.2 -0.179266 -0.0723292
-2 -9 -0.00904182 0.195042
-2 -8.8 0.189198 -0.0557858
-2 -8.6 -0.115055 -0.162744
-2 -8.4 -0.118902 0.162582
-2 -8.2 0.193735 0.0625986
-2 -8 -0.000205946 -0.205835
-2 -7.8 -0.198296 0.0632413
-2 -7.6 0.120627 0.172513
-2 -7.4 0.131534 -0.167453
-2 -7.2 -0.200199 -0.0795807
-2 -7 -0.0214929 0.216942
-2 -6.8 0.217373 -0.037832
-2 -6.6 -0.0939373 -0.202632
-2 -6.4 -0.175008 0.143194
-2 -6.2 0.183048 0.137557
-2 -6 0.093703 -0.212122
-2 -5.8 -0.230181 -0.0468464
-2 -5.6 -5.48601e-05 0.23799
-2 -5.4 0.237102 -0.0441661
-2 -5.2 -0.0839951 -0.22961
-2 -5 -0.217904 0.118315
-2 -4.8 0.146643 0.204459
-2 -4.6 0.191676 -0.168975
-2 -4.4 -0.185578 -0.181781
-2 -4.2 -0.17677 0.196712
-2 -4 0.202308 0.178374
-2 -3.8 0.187976 -0.201585
-2 -3.6 -0.192611 -0.20638
-2 -3.4 -0.233249 0.171874
-2 -3.2 0.134058 0.265982
-2 -3 0.297779 -0.0725297
-2 -2.8 0.0183547 -0.31495
-2 -2.6 -0.294649 -0.137396
-2 -2.4 -0.265486 0.206915
-2 -2.2 0.029385 0.351466
-2 -2 0.309594 0.215308
-2 -1.8 0.406853 -0.0651325
-2 -1.6 0.315591 -0.329209
-2 -1.4 0.127218 -0.491847
-2 -1.2 -0.0618088 -0.574248
-2 -1 -0.227126 -0.642059
-2 -0.8 -0.378247 -0.714408
-2 -0.6 -0.479096 -0.781755
-2 -0.4 -0.485895 -0.860333
-2 -0.2 -0.430668 -0.949984
-2 0 -0.39782 -0.993423
-2 0.2 -0.430668 -0.949984
-2 0.4 -0.485895 -0.860333
-2 0.6 -0.479096 -0.781755
-2 0.8 -0.378247 -0.714408
-2 1 -0.227126 -0.642059
-2 1.2 -0.0618088 -0.574248
-2 1.4 0.127218 -0.491847
-2 1.6 0.315591 -0.329209
-2 1.8 0.406853 -0.0651325
-2 2 0.309594 0.215308
-2 2.2 0.029385 0.351466
-2 2.4 -0.265486 0.206915
-2 2.6 -0.294649 -0.137396
-2 2.8 0.0183547 -0.31495
-2 3 0.297779 -0.0725297
-2 3.2 0.134058 0.265982
-2 3.4 -0.233249 0.171874
-2 3.6 -0.192611 -0.20638
-2 3.8 0.187976 -0.201585
-2 4 0.202308 0.178374
-2 4.2 -0.17677 0.196712
-2 4.4 -0.185578 -0.181781
-2 4.6 0.191676 -0.168975
-2 4.8 0.146643 0.204459
-2 5 -0.217904 0.118315
-2 5.2 -0.0839951 -0.22961
-2 5.4 0.237102 -0.0441661
-2 5.6 -5.48601e-05 0.23799
-2 5.8 -0.230181 -0.0468464
-2 6 0.093703 -0.212122
-2 6.2 0.183048 0.137557
-2 6.4 -0.175008 0.143194
-2 6.6 -0.0939373 -0.202632
-2 6.8 0.217373 -0.037832
-2 7 -0.0214929 0.216942
-2 7.2 -0.200199 -0.0795807
-2 7.4 0.131534 -0.167453
-2 7.6 0.120627 0.172513
-2 7.8 -0.198296 0.0632413
-2 8 -0.000205946 -0.205835
-2 8.2 0.193735 0.0625986
-2 8.4 -0.118902 0.162582
-2 8.6 -0.115055 -0.162744
-2 8.8 0.189198 -0.0557858
-2 9 -0.00904182 0.195042
-2 9.2 -0.179266 -0.0723292
-2 9.4 0.126868 -0.143335
-2 9.6 0.0911556 0.166225
-2 9.8 -0.18558 0.0287189
-1.8 -10 -0.060763 -0.176658
-1.8 -9.8 -0.145076 0.120483
-1.8 -9.6 0.165348 0.094403
-1.8 -9.4 0.0311601 -0.189727
-1.8 -9.2 -0.190697 0.0366829
-1.8 -9 0.100775 0.168313
-1.8 -8.8 0.125478 -0.153447
-1.8 -8.6 -0.188624 -0.0674577
-1.8 -8.4 -0.0011272 0.202492
-1.8 -8.2 0.193825 -0.0659387
-1.8 -8 -0.126397 -0.163986
-1.8 -7.8 -0.116598 0.173969
-1.8 -7.6 0.204084 0.0569805
-1.8 -7.4 -0.00857961 -0.214258
-1.8 -7.2 -0.204194 0.0735962
-1.8 -7 0.132106 0.17562
-1.8 -6.8 0.131902 -0.179254
-1.8 -6.6 -0.211688 -0.0775237
-1.8 -6.4 -0.0174833 0.227741
-1.8 -6.2 0.227397 -0.0432805
-1.8 -6 -0.100391 -0.212081
-1.8 -5.8 -0.184325 0.150406
-1.8 -5.6 0.191036 0.147353
-1.8 -5.4 0.10467 -0.221215
-1.8 -5.2 -0.241027 -0.0596848
-1.8 -5 -0.0154124 0.25154
-1.8 -4.8 0.254568 -0.0257088
-1.8 -4.6 -0.0618893 -0.252418
-1.8 -4.4 -0.247641 0.0919424
-1.8 -4.2 0.115131 0.242817
-1.8 -4 0.240372 -0.130918
-1.8 -3.8 -0.138627 -0.242407
-1.8 -3.6 -0.250467 0.137028
-1.8 -3.4 0.123885 0.265134
-1.8 -3.2 0.285257 -0.0955829
-1.8 -3 -0.0471312 -0.306552
-1.8 -2.8 -0.319408 -0.0266966
-1.8 -2.6 -0.127689 0.306298
-1.8 -2.4 0.240976 0.245944
-1.8 -2.2 0.346221 -0.095676
-1.8 -2 0.132416 -0.355894
-1.8 -1.8 -0.182379 -0.368282
-1.8 -1.6 -0.41605 -0.188208
-1.8 -1.4 -0.511674 0.0653946
-1.8 -1.2 -0.508004 0.296743
-1.8 -1 -0.489244 0.480572
-1.8 -0.8 -0.501135 0.643264
-1.8 -0.6 -0.536827 0.771456
-1.8 -0.4 -0.59861 0.811865
-1.8 -0.2 -0.681494 0.774431
-1.8 0 -0.724234 0.744852
-1.8 0.2 -0.681494 0.774431
-1.8 0.4 -0.59861 0.811865
-1.8 0.6 -0.536827 0.771456
-1.8 0.8 -0.501135 0.643264
-1.8 1 -0.489244 0.480572
-1.8 1.2 -0.508004 0.296743
-1.8 1.4 -0.511674 0.0653946
-1.8 1.6 -0.41605 -0.188208
-1.8 1.8 -0.182379 -0.368282
-1.8 2 0.132416 -0.355894
-1.8 2.2 0.346221 -0.095676
-1.8 2.4 0.240976 0.245944
-1.8 2.6 -0.127689 0.306298
-1.8 2.8 -0.319408 -0.0266966
-1.8 3 -0.0471312 -0.306552
-1.8 3.2 0.285257 -0.0955829
-1.8 3.4 0.123885 0.265134
-1.8 3.6 -0.250467 0.137028
-1.8 3.8 -0.138627 -0.242407
-1.8 4 0.240372 -0.130918
-1.8 4.2 0.115131 0.242817
-1.8 4.4 -0.247641 0.0919424
-1.8 4.6 -0.0618893 -0.252418
-1.8 4.8 0.254568 -0.0257088
-1.8 5 -0.0154124 0.25154
-1.8 5.2 -0.241027 -0.0596848
-1.8 5.4 0.10467 -0.221215
-1.8 5.6 0.191036 0.147353
-1.8 5.8 -0.184325 0.150406
-1.8 6 -0.100391 -0.212081
-1.8 6.2 0.227397 -0.0432805
-1.8 6.4 -0.0174833 0.227741
-1.8 6.6 -0.211688 -0.0775237
-1.8 6.8 0.131902 -0.179254
-1.8 7 0.132106 0.17562
-1.8 7.2 -0.204194 0.0735962
-1.8 7.4 -0.00857961 -0.214258
-1.8 7.6 0.204084 0.0569805
-1.8 7.8 -0.116598 0.173969
-1.8 8 -0.126397 -0.163986
-1.8 8.2 0.193825 -0.0659387
-1.8 8.4 -0.0011272 0.202492
-1.8 8.6 -0.188624 -0.0674577
-1.8 8.8 0.125478 -0.153447
-1.8 9 0.100775 0.168313
-1.8 9.2 -0.190697 0.0366829
-1.8 9.4 0.0311601 -0.189727
-1.8 9.6 0.165348 0.094403
-1.8 9.8 -0.145076 0.120483
-1.6 -10 -0.137512 -0.127634
-1.6 -9.8 -0.0696426 0.176134
-1.6 -9.6 0.191237 0.00139859
-1.6 -9.4 -0.0679171 -0.1808
-1.6 -9.2 -0.146247 0.129115
-1.6 -9 0.174228 0.0921547
-1.6 -8.8 0.0255473 -0.197528
-1.6 -8.6 -0.196197 0.0451034
-1.6 -8.4 0.111024 0.170577
-1.6 -8.2 0.123995 -0.164267
-1.6 -8 -0.198662 -0.0622085
-1.6 -7.8 0.00742411 0.210486
-1.6 -7.6 0.19878 -0.076925
-1.6 -7.4 -0.138684 -0.165289
-1.6 -7.2 -0.114078 0.186327
-1.6 -7 0.215355 0.0508902
-1.6 -6.8 -0.0176384 -0.223504
-1.6 -6.6 -0.210802 0.0848006
-1.6 -6.4 0.144564 0.179342
-1.6 -6.2 0.132837 -0.192157
-1.6 -6 -0.224443 -0.0760382
-1.6 -5.8 -0.0140987 0.240056
-1.6 -5.6 0.239325 -0.0480258
-1.6 -5.4 -0.106077 -0.224011
-1.6 -5.2 -0.196928 0.156848
-1.6 -5 0.198365 0.161514
-1.6 -4.8 0.121405 -0.229919
-1.6 -4.6 -0.251953 -0.080084
-1.6 -4.4 -0.0406264 0.26585
-1.6 -4.2 0.273672 0.00558125
-1.6 -4 -0.0230099 -0.277861
-1.6 -3.8 -0.280939 0.0434558
-1.6 -3.6 0.0541305 0.285181
-1.6 -3.4 0.292205 -0.0530886
-1.6 -3.2 -0.0376501 -0.302347
-1.6 -3 -0.313626 0.00414311
-1.6 -2.8 -0.051732 0.320036
-1.6 -2.6 0.309148 0.132897
-1.6 -2.4 0.235406 -0.259967
-1.6 -2.2 -0.144897 -0.337313
-1.6 -2 -0.383205 -0.054629
-1.6 -1.8 -0.304816 0.280887
-1.6 -1.6 -0.0406033 0.454432
-1.6 -1.4 0.247829 0.45512
-1.6 -1.2 0.482895 0.355896
-1.6 -1 0.655326 0.245792
-1.6 -0.8 0.802968 0.18831
-1.6 -0.6 0.937249 0.187765
-1.6 -0.4 1.00233 0.229785
-1.6 -0.2 0.978409 0.297616
-1.6 0 0.949318 0.334255
-1.6 0.2 0.978409 0.297616
-1.6 0.4 1.00233 0.229785
-1.6 0.6 0.937249 0.187765
-1.6 0.8 0.802968 0.18831
-1.6 1 0.655326 0.245792
-1.6 1.2 0.482895 0.355896
-1.6 1.4 0.247829 0.45512
-1.6 1.6 -0.0406033 0.454432
-1.6 1.8 -0.304816 0.280887
-1.6 2 -0.383205 -0.054629
-1.6 2.2 -0.144897 -0.337313
-1.6 2.4 0.235406 -0.259967
-1.6 2.6 0.309148 0.132897
-1.6 2.8 -0.051732 0.320036
-1.6 3 -0.313626 0.00414311
-1.6 3.2 -0.0376501 -0.302347
-1.6 3.4 0.292205 -0.0530886
-1.6 3.6 0.0541305 0.285181
-1.6 3.8 -0.280939 0.0434558
-1.6 4 -0.0230099 -0.277861
-1.6 4.2 0.273672 0.00558125
-1.6 4.4 -0.0406264 0.26585
-1.6 4.6 -0.251953 -0.080084
-1.6 4.8 0.121405 -0.229919
-1.6 5 0.198365 0.161514
-1.6 5.2 -0.196928 0.156848
-1.6 5.4 -0.106077 -0.224011
-1.6 5.6 0.239325 -0.0480258
-1.6 5.8 -0.0140987 0.240056
-1.6 6 -0.224443 -0.0760382
-1.6 6.2 0.132837 -0.192157
-1.6 6.4 0.144564 0.179342
-1.6 6.6 -0.210802 0.0848006
-1.6 6.8 -0.0176384 -0.223504
-1.6 7 0.215355 0.0508902
-1.6 7.2 -0.114078 0.186327
-1.6 7.4 -0.138684 -0.165289
-1.6 7.6 0.19878 -0.076925
-1.6 7.8 0.00742411 0.210486
-1.6 8 -0.198662 -0.0622085
-1.6 8.2 0.123995 -0.164267
-1.6 8.4 0.111024 0.170577
-1.6 8.6 -0.196197 0.0451034
-1.6 8.8 0.0255473 -0.197528
-1.6 9 0.174228 0.0921547
-1.6 9.2 -0.146247 0.129115
-1.6 9.4 -0.0679171 -0.1808
-1.6 9.6 0.191237 0.00139859
-1.6 9.8 -0.0696426 0.176134
-1.4 -10 -0.180321 -0.054828
-1.4 -9.8 0.016277 0.189581
-1.4 -9.6 0.171787 -0.0860612
-1.4 -9.4 -0.144636 -0.129375
-1.4 -9.2 -0.0682243 0.183775
-1.4 -9 0.198041 -0.00323907
-1.4 -8.8 -0.0752755 -0.185477
-1.4 -8.6 -0.147788 0.138205
-1.4 -8.4 0.183721 0.0900096
-1.4 -8.2 0.0197212 -0.205964
-1.4 -8 -0.202211 0.0540417
-1.4 -7.8 0.122025 0.173109
-1.4 -7.6 0.122451 -0.175958
-1.4 -7.4 -0.209553 -0.056539
-1.4 -7.2 0.0167289 0.219184
-1.4 -7 0.20418 -0.0889254
-1.4 -6.8 -0.152145 -0.166712
-1.4 -6.6 -0.111331 0.199909
-1.4 -6.4 0.227807 0.0442512
-1.4 -6.2 -0.0275176 -0.233833
-1.4 -6 -0.218382 0.097041
-1.4 -5.8 0.158236 0.183956
-1.4 -5.6 0.13465 -0.206458
-1.4 -5.4 -0.238843 -0.0755023
-1.4 -5.2 -0.0118173 0.254403
-1.4 -5 0.253888 -0.0514568
-1.4 -4.8 -0.11022 -0.239472
-1.4 -4.6 -0.214338 0.161546
-1.4 -4.4 0.203819 0.182225
-1.4 -4.2 0.147023 -0.236702
-1.4 -4 -0.260962 -0.11246
-1.4 -3.8 -0.0819328 0.278182
-1.4 -3.6 0.290393 0.0584972
-1.4 -3.4 0.0450182 -0.299612
-1.4 -3.2 -0.30724 -0.0444471
-1.4 -3 -0.0601177 0.313198
-1.4 -2.8 0.314571 0.0957836
-1.4 -2.6 0.154731 -0.303572
-1.4 -2.4 -0.26502 -0.23656
-1.4 -2.2 -0.32927 0.175263
-1.4 -2 0.00905635 0.394742
-1.4 -1.8 0.353848 0.231036
-1.4 -1.6 0.448716 -0.106275
-1.4 -1.4 0.334928 -0.3973
-1.4 -1.2 0.140676 -0.589845
-1.4 -1 -0.0475408 -0.71685
-1.4 -0.8 -0.171182 -0.826913
-1.4 -0.6 -0.207829 -0.945218
-1.4 -0.4 -0.180714 -1.02139
-1.4 -0.2 -0.132704 -1.00734
-1.4 0 -0.109326 -0.977872
-1.4 0.2 -0.132704 -1.00734
-1.4 0.4 -0.180714 -1.02139
-1.4 0.6 -0.207829 -0.945218
-1.4 0.8 -0.171182 -0.826913
-1.4 1 -0.0475408 -0.71685
-1.4 1.2 0.140676 -0.589845
-1.4 1.4 0.334928 -0.3973
-1.4 1.6 0.448716 -0.106275
-1.4 1.8 0.353848 0.231036
-1.4 2 0.00905635 0.394742
-1.4 2.2 -0.32927 0.175263
-1.4 2.4 -0.26502 -0.23656
-1.4 2.6 0.154731 -0.303572
-1.4 2.8 0.314571 0.0957836
-1.4 3 -0.0601177 0.313198
-1.4 3.2 -0.30724 -0.0444471
-1.4 3.4 0.0450182 -0.299612
-1.4 3.6 0.290393 0.0584972
-1.4 3.8 -0.0819328 0.278182
-1.4 4 -0.260962 -0.11246
-1.4 4.2 0.147023 -0.236702
-1.4 4.4 0.203819 0.182225
-1.4 4.6 -0.214338 0.161546
-1.4 4.8 -0.11022 -0.239472
-1.4 5 0.253888 -0.0514568
-1.4 5.2 -0.0118173 0.254403
-1.4 5.4 -0.238843 -0.0755023
-1.4 5.6 0.13465 -0.206458
-1.4 5.8 0.158236 0.183956
-1.4 6 -0.218382 0.097041
-1.4 6.2 -0.0275176 -0.233833
-1.4 6.4 0.227807 0.0442512
-1.4 6.6 -0.111331 0.199909
-1.4 6.8 -0.152145 -0.166712
-1.4 7 0.20418 -0.0889254
-1.4 7.2 0.0167289 0.219184
-1.4 7.4 -0.209553 -0.056539
-1.4 7.6 0.122451 -0.175958
-1.4 7.8 0.122025 0.173109
-1.4 8 -0.202211 0.0540417
-1.4 8.2 0.0197212 -0.205964
-1.4 8.4 0.183721 0.0900096
-1.4 8.6 -0.147788 0.138205
-1.4 8.8 -0.0752755 -0.185477
-1.4 9 0.198041 -0.00323907
-1.4 9.2 -0.0682243 0.183775
-1.4 9.4 -0.144636 -0.129375
-1.4 9.6 0.171787 -0.0860612
-1.4 9.8 0.016277 0.189581
-1.2 -10 -0.18806 0.0224368
-1.2 -9.8 0.0930268 0.167069
-1.2 -9.6 0.120689 -0.150745
-1.2 -9.4 -0.186942 -0.0556435
-1.2 -9.2 0.0186108 0.196167
-1.2 -9 0.176939 -0.0913139
-1.2 -8.8 -0.151993 -0.131897
-1.2 -8.6 -0.0673546 0.191971
-1.2 -8.4 0.205576 -0.00767811
-1.2 -8.2 -0.0828251 -0.190879
-1.2 -8 -0.149869 0.147832
-1.2 -7.8 0.193977 0.088077
-1.2 -7.6 0.0137038 -0.215221
-1.2 -7.4 -0.208918 0.0635717
-1.2 -7.2 0.133938 0.176042
-1.2 -7 0.120896 -0.18874
-1.2 -6.8 -0.221539 -0.0503977
-1.2 -6.6 0.0269437 0.228806
-1.2 -6.4 0.210189 -0.102188
-1.2 -6.2 -0.167095 -0.168336
-1.2 -6 -0.108347 0.215069
-1.2 -5.8 0.241813 0.0369593
-1.2 -5.6 -0.0384043 -0.245621
-1.2 -5.4 -0.227318 0.110576
-1.2 -5.2 0.17345 0.189882
-1.2 -5 0.137841 -0.222568
-1.2 -4.8 -0.255431 -0.0765544
-1.2 -4.6 -0.0114872 0.271538
-1.2 -4.4 0.272184 -0.0524311
-1.2 -4.2 -0.11128 -0.260095
-1.2 -4 -0.238975 0.162422
-1.2 -3.8 0.204559 0.213055
-1.2 -3.6 0.186728 -0.237588
-1.2 -3.4 -0.262268 -0.164321
-1.2 -3.2 -0.150034 0.279694
-1.2 -3 0.290541 0.148013
-1.2 -2.8 0.162429 -0.293933
-1.2 -2.6 -0.285752 -0.197157
-1.2 -2.4 -0.254116 0.256234
-1.2 -2.2 0.187515 0.32833
-1.2 -2 0.396667 -0.0546674
-1.2 -1.8 0.158601 -0.399576
-1.2 -1.6 -0.233313 -0.407865
-1.2 -1.4 -0.496993 -0.175329
-1.2 -1.2 -0.603728 0.104503
-1.2 -1 -0.648567 0.343762
-1.2 -0.8 -0.705406 0.513796
-1.2 -0.6 -0.794297 0.581782
-1.2 -0.4 -0.862172 0.561322
-1.2 -0.2 -0.854621 0.532557
-1.2 0 -0.831904 0.528667
-1.2 0.2 -0.854621 0.532557
-1.2 0.4 -0.862172 0.561322
-1.2 0.6 -0.794297 0.581782
-1.2 0.8 -0.705406 0.513796
-1.2 1 -0.648567 0.343762
-1.2 1.2 -0.603728 0.104503
-1.2 1.4 -0.496993 -0.175329
-1.2 1.6 -0.233313 -0.407865
-1.2 1.8 0.158601 -0.399576
-1.2 2 0.396667 -0.0546674
-1.2 2.2 0.187515 0.32833
-1.2 2.4 -0.254116 0.256234
-1.2 2.6 -0.285752 -0.197157
-1.2 2.8 0.162429 -0.293933
-1.2 3 0.290541 0.148013
-1.2 3.2 -0.150034 0.279694
-1.2 3.4 -0.262268 -0.164321
-1.2 3.6 0.186728 -0.237588
-1.2 3.8 0.204559 0.213055
-1.2 4 -0.238975 0.162422
-1.2 4.2 -0.11128 -0.260095
-1.2 4.4 0.272184 -0.0524311
-1.2 4.6 -0.0114872 0.271538
-1.2 4.8 -0.255431 -0.0765544
-1.2 5 0.137841 -0.222568
-1.2 5.2 0.17345 0.189882
-1.2 5.4 -0.227318 0.110576
-1.2 5.6 -0.0384043 -0.245621
-1.2 5.8 0.241813 0.0369593
-1.2 6 -0.108347 0.215069
-1.2 6.2 -0.167095 -0.168336
-1.2 6.4 0.210189 -0.102188
-1.2 6.6 0.0269437 0.228806
-1.2 6.8 -0.221539 -0.0503977
-1.2 7 0.120896 -0.18874
-1.2 7.2 0.133938 0.176042
-1.2 7.4 -0.208918 0.0635717
-1.2 7.6 0.0137038 -0.215221
-1.2 7.8 0.193977 0.088077
-1.2 8 -0.149869 0.147832
-1.2 8.2 -0.0828251 -0.190879
-1.2 8.4 0.205576 -0.00767811
-1.2 8.6 -0.0673546 0.191971
-1.2 8.8 -0.151993 -0.131897
-1.2 9 0.176939 -0.0913139
-1.2 9.2 0.0186108 0.196167
-1.2 9.4 -0.186942 -0.0556435
-1.2 9.6 0.120689 -0.150745
-1.2 9.8 0.0930268 0.167069
-1 -10 -0.167708 0.0900927
-1 -9.8 0.149381 0.120989
-1 -9.6 0.0545995 -0.186307
-1 -9.4 -0.194945 0.0213625
-1 -9.2 0.0953096 0.173714
-1 -9 0.125594 -0.155953
-1 -8.8 -0.194021 -0.0576384
-1 -8.6 0.0201316 0.203644
-1 -8.4 0.183198 -0.0962601
-1 -8.2 -0.159579 -0.135492
-1 -8 -0.0672862 0.200846
-1 -7.8 0.214062 -0.0117567
-1 -7.6 -0.0905275 -0.197269
-1 -7.4 -0.152734 0.158085
-1 -7.2 0.205194 0.0865245
-1 -7 0.00754503 -0.225557
-1 -6.8 -0.216578 0.0737793
-1 -6.6 0.146974 0.179572
-1 -6.4 0.119415 -0.202915
-1 -6.2 -0.23496 -0.0437246
-1 -6 0.0382806 0.239672
-1 -5.8 0.217051 -0.117062
-1 -5.6 -0.183987 -0.170288
-1 -5.4 -0.105117 0.232327
-1 -5.2 0.257924 0.0288713
-1 -5 -0.0505626 -0.25944
-1 -4.8 -0.238217 0.125774
-1 -4.6 0.190674 0.197808
-1 -4.4 0.143265 -0.241084
-1 -4.2 -0.275006 -0.0803417
-1 -4 -0.0147129 0.292599
-1 -3.8 0.295913 -0.0486644
-1 -3.6 -0.105976 -0.288464
-1 -3.4 -0.274757 0.154706
-1 -3.2 0.193504 0.259856
-1 -3 0.249061 -0.221726
-1 -2.8 -0.238603 -0.247692
-1 -2.6 -0.260817 0.241881
-1 -2.4 0.22576 0.292381
-1 -2.2 0.342426 -0.178114
-1 -2 -0.0783961 -0.399589
-1 -1.8 -0.425027 -0.0971894
-1 -1.6 -0.343637 0.330747
-1 -1.4 -0.00313162 0.536956
-1 -1.2 0.338562 0.526447
-1 -1 0.596727 0.458893
-1 -0.8 0.781237 0.450333
-1 -0.6 0.862617 0.511617
-1 -0.4 0.845976 0.550614
-1 -0.2 0.837806 0.544722
-1 0 0.839072 0.544021
-1 0.2 0.837806 0.544722
-1 0.4 0.845976 0.550614
-1 0.6 0.862617 0.511617
-1 0.8 0.781237 0.450333
-1 1 0.596727 0.458893
-1 1.2 0.338562 0.526447
-1 1.4 -0.00313162 0.536956
-1 1.6 -0.343637 0.330747
-1 1.8 -0.425027 -0.0971894
-1 2 -0.0783961 -0.399589
-1 2.2 0.342426 -0.178114
-1 2.4 0.22576 0.292381
-1 2.6 -0.260817 0.241881
-1 2.8 -0.238603 -0.247692
-1 3 0.249061 -0.221726
-1 3.2 0.193504 0.259856
-1 3.4 -0.274757 0.154706
-1 3.6 -0.105976 -0.288464
-1 3.8 0.295913 -0.0486644
-1 4 -0.0147129 0.292599
-1 4.2 -0.275006 -0.0803417
-1 4.4 0.143265 -0.241084
-1 4.6 0.190674 0.197808
-1 4.8 -0.238217 0.125774
-1 5 -0.0505626 -0.25944
-1 5.2 0.257924 0.0288713
-1 5.4 -0.105117 0.232327
-1 5.6 -0.183987 -0.170288
-1 5.8 0.217051 -0.117062
-1 6 0.0382806 0.239672
-1 6.2 -0.23496 -0.0437246
-1 6.4 0.119415 -0.202915
-1 6.6 0.146974 0.179572
-1 6.8 -0.216578 0.0737793
-1 7 0.00754503 -0.225557
-1 7.2 0.205194 0.0865245
-1 7.4 -0.152734 0.158085
-1 7.6 -0.0905275 -0.197269
-1 7.8 0.214062 -0.0117567
-1 8 -0.0672862 0.200846
-1 8.2 -0.159579 -0.135492
-1 8.4 0.183198 -0.0962601
-1 8.6 0.0201316 0.203644
-1 8.8 -0.194021 -0.0576384
-1 9 0.125594 -0.155953
-1 9.2 0.0953096 0.173714
-1 9.4 -0.194945 0.0213625
-1 9.6 0.0545995 -0.186307
-1 9.8 0.149381 0.120989
-0.8 -10 -0.129607 0.14084
-0.8 -9.8 0.18223 0.0644325
-0.8 -9.6 -0.0123093 -0.19484
-0.8 -9.4 -0.176299 0.0884238
-0.8 -9.2 0.151743 0.129202
-0.8 -9 0.060695 -0.192067
-0.8 -8.8 -0.202773 0.0186612
-0.8 -8.6 0.0965622 0.18186
-0.8 -8.4 0.132235 -0.16089
-0.8 -8.2 -0.201596 -0.0612497
-0.8 -8 0.0204709 0.212234
-0.8 -7.8 0.190919 -0.100673
-0.8 -7.6 -0.16735 -0.140566
-0.8 -7.4 -0.0683925 0.210543
-0.8 -7.2 0.22379 -0.0152164
-0.8 -7 -0.0982932 -0.205015
-0.8 -6.8 -0.156742 0.169062
-0.8 -6.6 0.217628 0.0856172
-0.8 -6.4 0.00134862 -0.237329
-0.8 -6.2 -0.225565 0.084755
-0.8 -6 0.161411 0.184
-0.8 -5.8 0.118154 -0.218902
-0.8 -5.6 -0.250306 -0.0364579
-0.8 -5.4 0.0510282 0.252253
-0.8 -5.2 0.225135 -0.134047
-0.8 -5 -0.203487 -0.172776
-0.8 -4.8 -0.101648 0.252465
-0.8 -4.6 0.276994 0.0197932
-0.8 -4.4 -0.0643691 -0.2762
-0.8 -4.2 -0.252085 0.14317
-0.8 -4 0.2106 0.208938
-0.8 -3.8 0.152505 -0.262896
-0.8 -3.6 -0.298776 -0.0891043
-0.8 -3.4 -0.024807 0.319342
-0.8 -3.2 0.327736 -0.0351449
-0.8 -3 -0.0865928 -0.328642
-0.8 -2.8 -0.327753 0.126276
-0.8 -2.6 0.151086 0.331211
-0.8 -2.4 0.344848 -0.156589
-0.8 -2.2 -0.134581 -0.372515
-0.8 -2 -0.41157 0.0699104
-0.8 -1.8 -0.0606983 0.441363
-0.8 -1.6 0.39964 0.275245
-0.8 -1.4 0.52164 -0.160575
-0.8 -1.2 0.369419 -0.523912
-0.8 -1 0.177357 -0.76163
-0.8 -0.8 0.101843 -0.93443
-0.8 -0.6 0.1455 -0.989358
-0.8 0.6 0.1455 -0.989358
-0.8 0.8 0.101843 -0.93443
-0.8 1 0.177357 -0.76163
-0.8 1.2 0.369419 -0.523912
-0.8 1.4 0.52164 -0.160575
-0.8 1.6 0.39964 0.275245
-0.8 1.8 -0.0606983 0.441363
-0.8 2 -0.41157 0.0699104
-0.8 2.2 -0.134581 -0.372515
-0.8 2.4 0.344848 -0.156589
-0.8 2.6 0.151086 0.331211
-0.8 2.8 -0.327753 0.126276
-0.8 3 -0.0865928 -0.328642
-0.8 3.2 0.327736 -0.0351449
-0.8 3.4 -0.024807 0.319342
-0.8 3.6 -0.298776 -0.0891043
-0.8 3.8 0.152505 -0.262896
-0.8 4 0.2106 0.208938
-0.8 4.2 -0.252085 0.14317
-0.8 4.4 -0.0643691 -0.2762
-0.8 4.6 0.276994 0.0197932
-0.8 4.8 -0.101648 0.252465
-0.8 5 -0.203487 -0.172776
-0.8 5.2 0.225135 -0.134047
-0.8 5.4 0.0510282 0.252253
-0.8 5.6 -0.250306 -0.0364579
-0.8 5.8 0.118154 -0.218902
-0.8 6 0.161411 0.184
-0.8 6.2 -0.225565 0.084755
-0.8 6.4 0.00134862 -0.237329
-0.8 6.6 0.217628 0.0856172
-0.8 6.8 -0.156742 0.169062
-0.8 7 -0.0982932 -0.205015
-0.8 7.2 0.22379 -0.0152164
-0.8 7.4 -0.0683925 0.210543
-0.8 7.6 -0.16735 -0.140566
-0.8 7.8 0.190919 -0.100673
-0.8 8 0.0204709 0.212234
-0.8 8.2 -0.201596 -0.0612497
-0.8 8.4 0.132235 -0.16089
-0.8 8.6 0.0965622 0.18186
-0.8 8.8 -0.202773 0.0186612
-0.8 9 0.060695 -0.192067
-0.8 9.2 0.151743 0.129202
-0.8 9.4 -0.176299 0.0884238
-0.8 9.6 -0.0123093 -0.19484
-0.8 9.8 0.18223 0.0644325
-0.6 -10 -0.0838224 0.173225
-0.6 -9.8 0.194199 0.00786866
-0.6 -9.6 -0.0707907 -0.18313
-0.6 -9.4 -0.141395 0.13914
-0.6 -9.2 0.185737 0.0754551
-0.6 -9 -0.00419056 -0.202607
-0.6 -8.8 -0.186567 0.0847014
-0.6 -8.6 0.152984 0.139764
-0.6 -8.4 0.0693401 -0.197814
-0.6 -8.2 -0.211658 0.0137035
-0.6 -8 0.0962725 0.191881
-0.6 -7.8 0.14117 -0.165266
-0.6 -7.6 -0.209651 -0.0670994
-0.6 -7.4 0.0190713 0.222195
-0.6 -7.2 0.200573 -0.104175
-0.6 -7 -0.175184 -0.1477
-0.6 -6.8 -0.071235 0.221212
-0.6 -6.6 0.235141 -0.0176359
-0.6 -6.4 -0.105932 -0.214642
-0.6 -6.2 -0.162434 0.180843
-0.6 -6 0.231611 0.0857834
-0.6 -5.8 -0.00467683 -0.251042
-0.6 -5.6 -0.236435 0.0965728
-0.6 -5.4 0.177611 0.189798
-0.6 -5.2 0.117373 -0.237296
-0.6 -5 -0.268297 -0.028553
-0.6 -4.8 0.0655784 0.267268
-0.6 -4.6 0.235031 -0.15387
-0.6 -4.4 -0.22661 -0.176153
-0.6 -4.2 -0.0980004 0.276711
-0.6 -4 0.300413 0.00947646
-0.6 -3.8 -0.0803564 -0.297456
-0.6 -3.6 -0.270738 0.163548
-0.6 -3.4 0.234252 0.225588
-0.6 -3.2 0.168813 -0.289336
-0.6 -3 -0.32856 -0.107745
-0.6 -2.8 -0.0494963 0.35438
-0.6 -2.6 0.371437 0.000662531
-0.6 -2.4 -0.0322836 -0.385756
-0.6 -2.2 -0.403439 0.0415814
-0.6 -2 0.0154386 0.427861
-0.6 -1.8 0.452434 0.0655978
-0.6 -1.6 0.227826 -0.442103
-0.6 -1.4 -0.296423 -0.473192
-0.6 -1.2 -0.639613 -0.15802
-0.6 -1 -0.805274 0.162259
-0.6 -0.8 -0.96017 0.279415
-0.6 0.8 -0.96017 0.279415
-0.6 1 -0.805274 0.162259
-0.6 1.2 -0.639613 -0.15802
-0.6 1.4 -0.296423 -0.473192
-0.6 1.6 0.227826 -0.442103
-0.6 1.8 0.452434 0.0655978
-0.6 2 0.0154386 0.427861
-0.6 2.2 -0.403439 0.0415814
-0.6 2.4 -0.0322836 -0.385756
-0.6 2.6 0.371437 0.000662531
-0.6 2.8 -0.0494963 0.35438
-0.6 3 -0.32856 -0.107745
-0.6 3.2 0.168813 -0.289336
-0.6 3.4 0.234252 0.225588
-0.6 3.6 -0.270738 0.163548
-0.6 3.8 -0.0803564 -0.297456
-0.6 4 0.300413 0.00947646
-0.6 4.2 -0.0980004 0.276711
-0.6 4.4 -0.22661 -0.176153
-0.6 4.6 0.235031 -0.15387
-0.6 4.8 0.0655784 0.267268
-0.6 5 -0.268297 -0.028553
-0.6 5.2 0.117373 -0.237296
-0.6 5.4 0.177611 0.189798
-0.6 5.6 -0.236435 0.0965728
-0.6 5.8 -0.00467683 -0.251042
-0.6 6 0.231611 0.0857834
-0.6 6.2 -0.162434 0.180843
-0.6 6.4 -0.105932 -0.214642
-0.6 6.6 0.235141 -0.0176359
-0.6 6.8 -0.071235 0.221212
-0.6 7 -0.175184 -0.1477
-0.6 7.2 0.200573 -0.104175
-0.6 7.4 0.0190713 0.222195
-0.6 7.6 -0.209651 -0.0670994
-0.6 7.8 0.14117 -0.165266
-0.6 8 0.0962725 0.191881
-0.6 8.2 -0.211658 0.0137035
-0.6 8.4 0.0693401 -0.197814
-0.6 8.6 0.152984 0.139764
-0.6 8.8 -0.186567 0.0847014
-0.6 9 -0.00419056 -0.202607
-0.6 9.2 0.185737 0.0754551
-0.6 9.4 -0.141395 0.13914
-0.6 9.6 -0.0707907 -0.18313
-0.6 9.8 0.194199 0.00786866
-0.4 -10 -0.0381623 0.189663
-0.4 -9.8 0.190836 -0.0420608
-0.4 -9.6 -0.116607 -0.159314
-0.4 -9.4 -0.0999407 0.172667
-0.4 -9.2 0.200404 0.0223554
-0.4 -9 -0.0605924 -0.194648
-0.4 -8.8 -0.155812 0.134982
-0.4 -8.6 0.188152 0.0898756
-0.4 -8.4 0.0074331 -0.210835
-0.4 -8.2 -0.198731 0.07804
-0.4 -8 0.152402 0.15326
-0.4 -7.8 0.0813697 -0.203182
-0.4 -7.6 -0.221638 0.0055783
-0.4 -7.4 0.0936416 0.204215
-0.4 -7.2 0.15314 -0.168557
-0.4 -7 -0.218047 -0.0760798
-0.4 -6.8 0.0150777 0.233796
-0.4 -6.6 0.212778 -0.106125
-0.4 -6.4 -0.182788 -0.157724
-0.4 -6.2 -0.0766724 0.232966
-0.4 -6 0.248603 -0.0183165
-0.4 -5.8 -0.11306 -0.226891
-0.4 -5.6 -0.170634 0.193443
-0.4 -5.4 0.247551 0.0877278
-0.4 -5.2 -0.0101236 -0.267402
-0.4 -5 -0.250023 0.10924
-0.4 -4.8 0.196027 0.197719
-0.4 -4.6 0.117535 -0.258934
-0.4 -4.4 -0.290012 -0.0200207
-0.4 -4.2 0.0824647 0.285838
-0.4 -4 0.247698 -0.177621
-0.4 -3.8 -0.254943 -0.181045
-0.4 -3.6 -0.0943608 0.307071
-0.4 -3.4 0.330565 -0.00235899
-0.4 -3.2 -0.0992344 -0.32605
-0.4 -3 -0.29778 0.187983
-0.4 -2.8 0.263039 0.252785
-0.4 -2.6 0.199871 -0.322176
-0.4 -2.4 -0.36655 -0.148826
-0.4 -2.2 -0.110261 0.400074
-0.4 -2 0.427751 0.0966974
-0.4 -1.8 0.125527 -0.451469
-0.4 -1.6 -0.458312 -0.223285
-0.4 -1.4 -0.420823 0.388169
-0.4 -1.2 0.0672381 0.677243
-0.4 -1 0.523923 0.708498
-0.4 1 0.523923 0.708498
-0.4 1.2 0.0672381 0.677243
-0.4 1.4 -0.420823 0.388169
-0.4 1.6 -0.458312 -0.223285
-0.4 1.8 0.125527 -0.451469
-0.4 2 0.427751 0.0966974
-0.4 2.2 -0.110261 0.400074
-0.4 2.4 -0.36655 -0.148826
-0.4 2.6 0.199871 -0.322176
-0.4 2.8 0.263039 0.252785
-0.4 3 -0.29778 0.187983
-0.4 3.2 -0.0992344 -0.32605
-0.4 3.4 0.330565 -0.00235899
-0.4 3.6 -0.0943608 0.307071
-0.4 3.8 -0.254943 -0.181045
-0.4 4 0.247698 -0.177621
-0.4 4.2 0.0824647 0.285838
-0.4 4.4 -0.290012 -0.0200207
-0.4 4.6 0.117535 -0.258934
-0.4 4.8 0.196027 0.197719
-0.4 5 -0.250023 0.10924
-0.4 5.2 -0.0101236 -0.267402
-0.4 5.4 0.247551 0.0877278
-0.4 5.6 -0.170634 0.193443
-0.4 5.8 -0.11306 -0.226891
-0.4 6 0.248603 -0.0183165
-0.4 6.2 -0.0766724 0.232966
-0.4 6.4 -0.182788 -0.157724
-0.4 6.6 0.212778 -0.106125
-0.4 6.8 0.0150777 0.233796
-0.4 7 -0.218047 -0.0760798
-0.4 7.2 0.15314 -0.168557
-0.4 7.4 0.0936416 0.204215
-0.4 7.6 -0.221638 0.0055783
-0.4 7.8 0.0813697 -0.203182
-0.4 8 0.152402 0.15326
-0.4 8.2 -0.198731 0.07804
-0.4 8.4 0.0074331 -0.210835
-0.4 8.6 0.188152 0.0898756
-0.4 8.8 -0.155812 0.134982
-0.4 9 -0.0605924 -0.194648
-0.4 9.2 0.200404 0.0223554
-0.4 9.4 -0.0999407 0.172667
-0.4 9.6 -0.116607 -0.159314
-0.4 9.8 0.190836 -0.0420608
-0.2 -10 0.00237678 0.194429
-0.2 -9.8 0.178368 -0.0822723
-0.2 -9.6 -0.149334 -0.130733
-0.2 -9.4 -0.0592694 0.191629
-0.2 -9.2 0.201338 -0.0240123
-0.2 -9 -0.104858 -0.176174
-0.2 -8.8 -0.119845 0.169205
-0.2 -8.6 0.205613 0.0415024
-0.2 -8.4 -0.0457654 -0.207265
-0.2 -8.2 -0.1732 0.127124
-0.2 -8 0.18851 0.108557
-0.2 -7.8 0.0237702 -0.219037
-0.2 -7.6 -0.212889 0.0671333
-0.2 -7.4 0.148867 0.170364
-0.2 -7.2 0.0978947 -0.207448
-0.2 -7 -0.23256 -0.00703631
-0.2 -6.8 0.0874118 0.219313
-0.2 -6.6 0.169112 -0.169836
-0.2 -6.4 -0.226384 -0.0894733
-0.2 -6.2 0.00716331 0.247253
-0.2 -6 0.228318 -0.105438
-0.2 -5.8 -0.189548 -0.171821
-0.2 -5.6 -0.0860302 0.245795
-0.2 -5.4 0.264766 -0.0160869
-0.2 -5.2 -0.118924 -0.242817
-0.2 -5 -0.182606 0.2067
-0.2 -4.8 0.265917 0.0926207
-0.2 -4.6 -0.0142163 -0.287396
-0.2 -4.4 -0.26759 0.122599
-0.2 -4.2 0.217211 0.208971
-0.2 -4 0.11945 -0.285014
-0.2 -3.8 -0.317088 -0.0109752
-0.2 -3.6 0.102457 0.309736
-0.2 -3.4 0.264704 -0.207015
-0.2 -3.2 -0.291106 -0.188527
-0.2 -3 -0.0911353 0.347008
-0.2 -2.8 0.371813 -0.0159994
-0.2 -2.6 -0.121859 -0.367642
-0.2 -2.4 -0.34123 0.217661
-0.2 -2.2 0.298101 0.303201
-0.2 -2 0.267619 -0.361691
-0.2 -1.8 -0.409422 -0.252777
-0.2 -1.6 -0.284657 0.439229
-0.2 -1.4 0.426775 0.403245
-0.2 -1.2 0.651499 -0.259348
-0.2 -1 0.433184 -0.85398
-0.2 1 0.433184 -0.85398
-0.2 1.2 0.651499 -0.259348
-0.2 1.4 0.426775 0.403245
-0.2 1.6 -0.284657 0.439229
-0.2 1.8 -0.409422 -0.252777
-0.2 2 0.267619 -0.361691
-0.2 2.2 0.298101 0.303201
-0.2 2.4 -0.34123 0.217661
-0.2 2.6 -0.121859 -0.367642
-0.2 2.8 0.371813 -0.0159994
-0.2 3 -0.0911353 0.347008
-0.2 3.2 -0.291106 -0.188527
-0.2 3.4 0.264704 -0.207015
-0.2 3.6 0.102457 0.309736
-0.2 3.8 -0.317088 -0.0109752
-0.2 4 0.11945 -0.285014
-0.2 4.2 0.217211 0.208971
-0.2 4.4 -0.26759 0.122599
-0.2 4.6 -0.0142163 -0.287396
-0.2 4.8 0.265917 0.0926207
-0.2 5 -0.182606 0.2067
-0.2 5.2 -0.118924 -0.242817
-0.2 5.4 0.264766 -0.0160869
-0.2 5.6 -0.0860302 0.245795
-0.2 5.8 -0.189548 -0.171821
-0.2 6 0.228318 -0.105438
-0.2 6.2 0.00716331 0.247253
-0.2 6.4 -0.226384 -0.0894733
-0.2 6.6 0.169112 -0.169836
-0.2 6.8 0.0874118 0.219313
-0.2 7 -0.23256 -0.00703631
-0.2 7.2 0.0978947 -0.207448
-0.2 7.4 0.148867 0.170364
-0.2 7.6 -0.212889 0.0671333
-0.2 7.8 0.0237702 -0.219037
-0.2 8 0.18851 0.108557
-0.2 8.2 -0.1732 0.127124
-0.2 8.4 -0.0457654 -0.207265
-0.2 8.6 0.205613 0.0415024
-0.2 8.8 -0.119845 0.169205
-0.2 9 -0.104858 -0.176174
-0.2 9.2 0.201338 -0.0240123
-0.2 9.4 -0.0592694 0.191629
-0.2 9.6 -0.149334 -0.130733
-0.2 9.8 0.178368 -0.0822723
0 -10 0.035267 0.192145
0 -9.8 0.162329 -0.112263
0 -9.6 -0.170811 -0.102961
0 -9.4 -0.0240195 0.20015
0 -9.2 0.194497 -0.0608702
0 -9 -0.13678 -0.154154
0 -8.8 -0.0855561 0.190089
0 -8.6 0.210906 0.000241524
0 -8.4 -0.0870865 -0.194872
0 -8.2 -0.14402 0.161087
0 -8 0.208455 0.0665297
0 -7.8 -0.0245934 -0.220287
0 -7.6 -0.193705 0.113703
0 -7.4 0.185187 0.132465
0 -7.2 0.0464246 -0.226179
0 -7 -0.228829 0.0500638
0 -6.8 0.140545 0.191746
0 -6.6 0.12035 -0.209259
0 -6.4 -0.243846 -0.02605
0 -6.2 0.0755956 0.237518
0 -6 0.190296 -0.167462
0 -5.8 -0.233728 -0.109113
0 -5.6 -0.00674506 0.262557
0 -5.4 0.248127 -0.100246
0 -5.2 -0.19422 -0.191678
0 -5 -0.101376 0.259359
0 -4.8 0.28428 -0.00896161
0 -4.6 -0.122081 -0.26391
0 -4.4 -0.20033 0.220062
0 -4.2 0.287189 0.102433
0 -4 -0.0155122 -0.312426
0 -3.8 -0.291102 0.136164
0 -3.6 0.241862 0.225535
0 -3.4 0.124491 -0.317377
0 -3.2 -0.352183 -0.00160545
0 -3 0.126965 0.341896
0 -2.8 0.288631 -0.245252
0 -2.6 -0.340113 -0.20027
0 -2.4 -0.0887668 0.403398
0 -2.2 0.433399 -0.0321619
0 -2 -0.14951 -0.435612
0 -1.8 -0.423265 0.252944
0 -1.6 0.334953 0.418965
0 -1.4 0.460683 -0.384928
0 -1.2 -0.357289 -0.618182
0 -1 -1 9.6808e-16
0 1 -1 9.6808e-16
0 1.2 -0.357289 -0.618182
0 1.4 0.460683 -0.384928
0 1.6 0.334953 0.418965
0 1.8 -0.423265 0.252944
0 2 -0.14951 -0.435612
0 2.2 0.433399 -0.0321619
0 2.4 -0.0887668 0.403398
0 2.6 -0.340113 -0.20027
0 2.8 0.288631 -0.245252
0 3 0.126965 0.341896
0 3.2 -0.352183 -0.00160545
0 3.4 0.124491 -0.317377
0 3.6 0.241862 0.225535
0 3.8 -0.291102 0.136164
0 4 -0.0155122 -0.312426
0 4.2 0.287189 0.102433
0 4.4 -0.20033 0.220062
0 4.6 -0.122081 -0.26391
0 4.8 0.28428 -0.00896161
0 5 -0.101376 0.259359
0 5.2 -0.19422 -0.191678
0 5.4 0.248127 -0.100246
0 5.6 -0.00674506 0.262557
0 5.8 -0.233728 -0.109113
0 6 0.190296 -0.167462
0 6.2 0.0755956 0.237518
0 6.4 -0.243846 -0.02605
0 6.6 0.12035 -0.209259
0 6.8 0.140545 0.191746
0 7 -0.228829 0.0500638
0 7.2 0.0464246 -0.226179
0 7.4 0.185187 0.132465
0 7.6 -0.193705 0.113703
0 7.8 -0.0245934 -0.220287
0 8 0.208455 0.0665297
0 8.2 -0.14402 0.161087
0 8.4 -0.0870865 -0.194872
0 8.6 0.210906 0.000241524
0 8.8 -0.0855561 0.190089
0 9 -0.13678 -0.154154
0 9.2 0.194497 -0.0608702
0 9.4 -0.0240195 0.20015
0 9.6 -0.170811 -0.102961
0 9.8 0.162329 -0.112263
0.2 -10 0.0597102 0.186872
0.2 -9.8 0.146975 -0.132996
0.2 -9.6 -0.183781 -0.0796968
0.2 -9.4 0.00340148 0.202459
0.2 -9.2 0.185 -0.0876887
0.2 -9 -0.158025 -0.133779
0.2 -8.8 -0.057276 0.201463
0.2 -8.6 0.209604 -0.0313213
0.2 -8.4 -0.11638 -0.18019
0.2 -8.2 -0.117635 0.182559
0.2 -8 0.217556 0.0323692
0.2 -7.8 -0.0608869 -0.214354
0.2 -7.6 -0.172588 0.145651
0.2 -7.4 0.206569 0.0987475
0.2 -7.2 0.00518191 -0.232158
0.2 -7 -0.216931 0.0919607
0.2 -6.8 0.175499 0.162494
0.2 -6.6 0.0774305 -0.230224
0.2 -6.4 -0.245624 0.0240528
0.2 -6.2 0.124488 0.217835
0.2 -6 0.150475 -0.206126
0.2 -5.8 -0.254034 -0.0541883
0.2 -5.6 0.0550421 0.258754
0.2 -5.4 0.218078 -0.158538
0.2 -5.2 -0.238092 -0.137598
0.2 -5 -0.0299245 0.279109
0.2 -4.8 0.273188 -0.0873087
0.2 -4.6 -0.194339 -0.219692
0.2 -4.4 -0.126021 0.272573
0.2 -4.2 0.307741 0.00652941
0.2 -4 -0.119742 -0.292359
0.2 -3.8 -0.227081 0.232147
0.2 -3.6 0.311811 0.1207
0.2 -3.4 -0.0112106 -0.344725
0.2 -3.2 -0.324032 0.148793
0.2 -3 0.271107 0.251115
0.2 -2.8 0.135284 -0.359509
0.2 -2.6 -0.400619 0.00789675
0.2 -2.4 0.159388 0.388372
0.2 -2.2 0.324797 -0.300135
0.2 -2 -0.414759 -0.219386
0.2 -1.8 -0.0872103 0.495125
0.2 -1.6 0.543994 -0.0537558
0.2 -1.4 -0.184757 -0.580495
0.2 -1.2 -0.655154 0.282846
0.2 -1 0.281489 0.913089
0.2 1 0.281489 0.913089
0.2 1.2 -0.655154 0.282846
0.2 1.4 -0.184757 -0.580495
0.2 1.6 0.543994 -0.0537558
0.2 1.8 -0.0872103 0.495125
0.2 2 -0.414759 -0.219386
0.2 2.2 0.324797 -0.300135
0.2 2.4 0.159388 0.388372
0.2 2.6 -0.400619 0.00789675
0.2 2.8 0.135284 -0.359509
0.2 3 0.271107 0.251115
0.2 3.2 -0.324032 0.148793
0.2 3.4 -0.0112106 -0.344725
0.2 3.6 0.311811 0.1207
0.2 3.8 -0.227081 0.232147
0.2 4 -0.119742 -0.292359
0.2 4.2 0.307741 0.00652941
0.2 4.4 -0.126021 0.272573
0.2 4.6 -0.194339 -0.219692
0.2 4.8 0.273188 -0.0873087
0.2 5 -0.0299245 0.279109
0.2 5.2 -0.238092 -0.137598
0.2 5.4 0.218078 -0.158538
0.2 5.6 0.0550421 0.258754
0.2 5.8 -0.254034 -0.0541883
0.2 6 0.150475 -0.206126
0.2 6.2 0.124488 0.217835
0.2 6.4 -0.245624 0.0240528
0.2 6.6 0.0774305 -0.230224
0.2 6.8 0.175499 0.162494
0.2 7 -0.216931 0.0919607
0.2 7.2 0.00518191 -0.232158
0.2 7.4 0.206569 0.0987475
0.2 7.6 -0.172588 0.145651
0.2 7.8 -0.0608869 -0.214354
0.2 8 0.217556 0.0323692
0.2 8.2 -0.117635 0.182559
0.2 8.4 -0.11638 -0.18019
0.2 8.6 0.209604 -0.0313213
0.2 8.8 -0.057276 0.201463
0.2 9 -0.158025 -0.133779
0.2 9.2 0.185 -0.0876887
0.2 9.4 0.00340148 0.202459
0.2 9.6 -0.183781 -0.0796968
0.2 9.8 0.146975 -0.132996
0.4 -10 0.0758577 0.181713
0.4 -9.8 0.135225 -0.145954
0.4 -9.6 -0.19093 -0.0631102
0.4 -9.4 0.0220608 0.202081
0.4 -9.2 0.176652 -0.105089
0.4 -9 -0.170837 -0.118458
0.4 -8.8 -0.0373387 0.206972
0.4 -8.6 0.206247 -0.0524976
0.4 -8.4 -0.134939 -0.167929
0.4 -8.2 -0.0980693 0.194838
0.4 -8 0.220766 0.00857367
0.4 -7.8 -0.0848128 -0.207159
0.4 -7.6 -0.155463 0.165249
0.4 -7.4 0.217804 0.0740417
0.4 -7.2 -0.0231563 -0.232192
0.4 -7 -0.204736 0.118961
0.4 -6.8 0.195983 0.139204
0.4 -6.6 0.0463316 -0.239725
0.4 -6.4 -0.241262 0.0579178
0.4 -6.2 0.155059 0.198991
0.4 -6 0.119129 -0.227319
0.4 -5.8 -0.260831 -0.014828
0.4 -5.6 0.0959575 0.248217
0.4 -5.4 0.190104 -0.193517
0.4 -5.2 -0.259827 -0.0952572
0.4 -5 0.0207069 0.281792
0.4 -4.8 0.25372 -0.137855
0.4 -4.6 -0.2353 -0.178568
0.4 -4.4 -0.0677184 0.294828
0.4 -4.2 0.304174 -0.06072
0.4 -4 -0.184821 -0.259356
0.4 -3.8 -0.165657 0.282499
0.4 -3.6 0.335295 0.0370445
0.4 -3.4 -0.105916 -0.331654
0.4 -3.2 -0.26911 0.239311
0.4 -3 0.339787 0.154996
0.4 -2.8 0.00550828 -0.38844
0.4 -2.6 -0.374039 0.15673
0.4 -2.4 0.306246 0.294991
0.4 -2.2 0.15968 -0.41883
0.4 -2 -0.475523 0.0149879
0.4 -1.8 0.206746 0.465773
0.4 -1.6 0.389219 -0.392724
0.4 -1.4 -0.556065 -0.255685
0.4 -1.2 -0.0829514 0.697051
0.4 -1 0.863185 -0.111186
0.4 1 0.863185 -0.111186
0.4 1.2 -0.0829514 0.697051
0.4 1.4 -0.556065 -0.255685
0.4 1.6 0.389219 -0.392724
0.4 1.8 0.206746 0.465773
0.4 2 -0.475523 0.0149879
0.4 2.2 0.15968 -0.41883
0.4 2.4 0.306246 0.294991
0.4 2.6 -0.374039 0.15673
0.4 2.8 0.00550828 -0.38844
0.4 3 0.339787 0.154996
0.4 3.2 -0.26911 0.239311
0.4 3.4 -0.105916 -0.331654
0.4 3.6 0.335295 0.0370445
0.4 3.8 -0.165657 0.282499
0.4 4 -0.184821 -0.259356
0.4 4.2 0.304174 -0.06072
0.4 4.4 -0.0677184 0.294828
0.4 4.6 -0.2353 -0.178568
0.4 4.8 0.25372 -0.137855
0.4 5 0.0207069 0.281792
0.4 5.2 -0.259827 -0.0952572
0.4 5.4 0.190104 -0.193517
0.4 5.6 0.0959575 0.248217
0.4 5.8 -0.260831 -0.014828
0.4 6 0.119129 -0.227319
0.4 6.2 0.155059 0.198991
0.4 6.4 -0.241262 0.0579178
0.4 6.6 0.0463316 -0.239725
0.4 6.8 0.195983 0.139204
0.4 7 -0.204736 0.118961
0.4 7.2 -0.0231563 -0.232192
0.4 7.4 0.217804 0.0740417
0.4 7.6 -0.155463 0.165249
0.4 7.8 -0.0848128 -0.207159
0.4 8 0.220766 0.00857367
0.4 8.2 -0.0980693 0.194838
0.4 8.4 -0.134939 -0.167929
0.4 8.6 0.206247 -0.0524976
0.4 8.8 -0.0373387 0.206972
0.4 9 -0.170837 -0.118458
0.4 9.2 0.176652 -0.105089
0.4 9.4 0.0220608 0.202081
0.4 9.6 -0.19093 -0.0631102
0.4 9.8 0.135225 -0.145954
0.6 -10 0.0841707 0.178723
0.6 -9.8 0.128849 -0.152472
0.6 -9.6 -0.194312 -0.0543213
0.6 -9.4 0.0317755 0.201481
0.6 -9.2 0.171907 -0.113968
0.6 -9 -0.177153 -0.110169
0.6 -8.8 -0.0268078 0.20935
0.6 -8.6 0.203948 -0.0634532
0.6 -8.4 -0.144287 -0.16103
0.6 -8.2 -0.0875139 0.200689
0.6 -8 0.221735 -0.00393815
0.6 -7.8 -0.0970769 -0.202661
0.6 -7.6 -0.145887 0.174924
0.6 -7.4 0.222831 0.0607587
0.6 -7.2 -0.037959 -0.2312
0.6 -7 -0.197358 0.132613
0.6 -6.8 0.205778 0.126234
0.6 -6.6 0.0296867 -0.243419
0.6 -6.4 -0.237529 0.0754376
0.6 -6.2 0.1702 0.187762
0.6 -6 0.101731 -0.236927
0.6 -5.8 -0.262436 0.0061036
0.6 -5.6 0.116821 0.240571
0.6 -5.4 0.173545 -0.210292
0.6 -5.2 -0.268759 -0.0718391
0.6 -5 0.0473739 0.280114
0.6 -4.8 0.24028 -0.16306
0.6 -4.6 -0.253938 -0.154262
0.6 -4.4 -0.0356153 0.302267
0.6 -4.2 0.297158 -0.0956046
0.6 -4 -0.216123 -0.236808
0.6 -3.8 -0.129224 0.303415
0.6 -3.6 0.339711 -0.00872201
0.6 -3.4 -0.153819 -0.315337
0.6 -3.2 -0.230805 0.280241
0.6 -3 0.363866 0.0972553
0.6 -2.8 -0.0648873 -0.386491
0.6 -2.6 -0.339222 0.228859
0.6 -2.4 0.365658 0.22445
0.6 -2.2 0.0560449 -0.448645
0.6 -2 -0.457855 0.142305
0.6 -1.8 0.340365 0.38326
0.6 -1.6 0.226272 -0.505681
0.6 -1.4 -0.60809 0.00115536
0.6 -1.2 0.280747 0.622943
0.6 -1 0.528864 -0.597838
0.6 -0.8 -0.96017 -0.279415
0.6 0.8 -0.96017 -0.279415
0.6 1 0.528864 -0.597838
0.6 1.2 0.280747 0.622943
0.6 1.4 -0.60809 0.00115536
0.6 1.6 0.226272 -0.505681
0.6 1.8 0.340365 0.38326
0.6 2 -0.457855 0.142305
0.6 2.2 0.0560449 -0.448645
0.6 2.4 0.365658 0.22445
0.6 2.6 -0.339222 0.228859
0.6 2.8 -0.0648873 -0.386491
0.6 3 0.363866 0.0972553
0.6 3.2 -0.230805 0.280241
0.6 3.4 -0.153819 -0.315337
0.6 3.6 0.339711 -0.00872201
0.6 3.8 -0.129224 0.303415
0.6 4 -0.216123 -0.236808
0.6 4.2 0.297158 -0.0956046
0.6 4.4 -0.0356153 0.302267
0.6 4.6 -0.253938 -0.154262
0.6 4.8 0.24028 -0.16306
0.6 5 0.0473739 0.280114
0.6 5.2 -0.268759 -0.0718391
0.6 5.4 0.173545 -0.210292
0.6 5.6 0.116821 0.240571
0.6 5.8 -0.262436 0.0061036
0.6 6 0.101731 -0.236927
0.6 6.2 0.1702 0.187762
0.6 6.4 -0.237529 0.0754376
0.6 6.6 0.0296867 -0.243419
0.6 6.8 0.205778 0.126234
0.6 7 -0.197358 0.132613
0.6 7.2 -0.037959 -0.2312
0.6 7.4 0.222831 0.0607587
0.6 7.6 -0.145887 0.174924
0.6 7.8 -0.0970769 -0.202661
0.6 8 0.221735 -0.00393815
0.6 8.2 -0.0875139 0.200689
0.6 8.4 -0.144287 -0.16103
0.6 8.6 0.203948 -0.0634532
0.6 8.8 -0.0268078 0.20935
0.6 9 -0.177153 -0.110169
0.6 9.2 0.171907 -0.113968
0.6 9.4 0.0317755 0.201481
0.6 9.6 -0.194312 -0.0543213
0.6 9.8 0.128849 -0.152472
0.8 -10 0.0849872 0.178952
0.8 -9.8 0.128707 -0.153335
0.8 -9.6 -0.195058 -0.0538128
0.8 -9.4 0.0325768 0.201957
0.8 -9.2 0.172002 -0.114927
0.8 -9 -0.178093 -0.109839
0.8 -8.8 -0.0260855 0.210088
0.8 -8.6 0.204324 -0.0644558
0.8 -8.4 -0.145395 -0.160943
0.8 -8.2 -0.0869442 0.201694
0.8 -8 0.222431 -0.00491846
0.8 -7.8 -0.0983099 -0.202886
0.8 -7.6 -0.145554 0.176189
0.8 -7.4 0.223881 0.0598837
0.8 -7.2 -0.0392541 -0.231808
0.8 -7 -0.19736 0.134113
0.8 -6.8 0.207206 0.125569
0.8 -6.6 0.0284176 -0.244483
0.8 -6.4 -0.237979 0.0771234
0.8 -6.2 0.172014 0.187439
0.8 -6 0.100612 -0.23852
0.8 -5.8 -0.263466 0.00789109
0.8 -5.6 0.119002 0.240762
0.8 -5.4 0.17275 -0.21248
0.8 -5.2 -0.270517 -0.0700896
0.8 -5 0.0498572 0.281029
0.8 -4.8 0.240051 -0.165881
0.8 -4.6 -0.256576 -0.152769
0.8 -4.4 -0.0329728 0.304161
0.8 -4.2 0.297809 -0.0990367
0.8 -4 -0.219767 -0.235886
0.8 -3.8 -0.126662 0.306553
0.8 -3.6 0.341598 -0.012665
0.8 -3.4 -0.158546 -0.31535
0.8 -3.2 -0.228593 0.284861
0.8 -3 0.367313 0.0928763
0.8 -2.8 -0.0708667 -0.387694
0.8 -2.6 -0.337339 0.23533
0.8 -2.4 0.371026 0.219131
0.8 -2.2 0.0477224 -0.450991
0.8 -2 -0.455243 0.152121
0.8 -1.8 0.34878 0.374247
0.8 -1.6 0.210778 -0.508088
0.8 -1.4 -0.597848 0.0201269
0.8 -1.2 0.293045 0.591504
0.8 -1 0.469859 -0.574878
0.8 -0.8 -0.825088 -0.221254
0.8 -0.6 0.1455 0.989358
0.8 0.6 0.1455 0.989358
0.8 0.8 -0.825088 -0.221254
0.8 1 0.469859 -0.574878
0.8 1.2 0.293045 0.591504
0.8 1.4 -0.597848 0.0201269
0.8 1.6 0.210778 -0.508088
0.8 1.8 0.34878 0.374247
0.8 2 -0.455243 0.152121
0.8 2.2 0.0477224 -0.450991
0.8 2.4 0.371026 0.219131
0.8 2.6 -0.337339 0.23533
0.8 2.8 -0.0708667 -0.387694
0.8 3 0.367313 0.0928763
0.8 3.2 -0.228593 0.284861
0.8 3.4 -0.158546 -0.31535
0.8 3.6 0.341598 -0.012665
0.8 3.8 -0.126662 0.306553
0.8 4 -0.219767 -0.235886
0.8 4.2 0.297809 -0.0990367
0.8 4.4 -0.0329728 0.304161
0.8 4.6 -0.256576 -0.152769
0.8 4.8 0.240051 -0.165881
0.8 5 0.0498572 0.281029
0.8 5.2 -0.270517 -0.0700896
0.8 5.4 0.17275 -0.21248
0.8 5.6 0.119002 0.240762
0.8 5.8 -0.263466 0.00789109
0.8 6 0.100612 -0.23852
0.8 6.2 0.172014 0.187439
0.8 6.4 -0.237979 0.0771234
0.8 6.6 0.0284176 -0.244483
0.8 6.8 0.207206 0.125569
0.8 7 -0.19736 0.134113
0.8 7.2 -0.0392541 -0.231808
0.8 7.4 0.223881 0.0598837
0.8 7.6 -0.145554 0.176189
0.8 7.8 -0.0983099 -0.202886
0.8 8 0.222431 -0.00491846
0.8 8.2 -0.0869442 0.201694
0.8 8.4 -0.145395 -0.160943
0.8 8.6 0.204324 -0.0644558
0.8 8.8 -0.0260855 0.210088
0.8 9 -0.178093 -0.109839
0.8 9.2 0.172002 -0.114927
0.8 9.4 0.0325768 0.201957
0.8 9.6 -0.195058 -0.0538128
0.8 9.8 0.128707 -0.153335
1 -10 0.0782983 0.182506
1 -9.8 0.134905 -0.148581
1 -9.6 -0.19325 -0.0616682
1 -9.4 0.0244218 0.203626
1 -9.2 0.17707 -0.107976
1 -9 -0.173729 -0.117591
1 -8.8 -0.0352597 0.209309
1 -8.6 0.207535 -0.0554753
1 -8.4 -0.138306 -0.167836
1 -8.2 -0.0965047 0.197971
1 -8 0.223035 0.00572124
1 -7.8 -0.0885056 -0.208048
1 -7.6 -0.154678 0.169134
1 -7.4 0.221139 0.0715847
1 -7.2 -0.0269597 -0.234271
1 -7 -0.205031 0.123495
1 -6.8 0.200429 0.137479
1 -6.6 0.0427169 -0.243201
1 -6.4 -0.24298 0.0629126
1 -6.2 0.160602 0.198418
1 -6 0.116116 -0.23238
1 -5.8 -0.264354 -0.00968194
1 -5.6 0.102481 0.249318
1 -5.4 0.188259 -0.200302
1 -5.2 -0.265563 -0.0904468
1 -5 0.0279294 0.285201
1 -4.8 0.2538 -0.146392
1 -4.6 -0.24364 -0.174822
1 -4.4 -0.0603221 0.301275
1 -4.2 0.307138 -0.0708456
1 -4 -0.196068 -0.257678
1 -3.8 -0.1589 0.292759
1 -3.6 0.342275 0.0257083
1 -3.4 -0.120303 -0.333276
1 -3.2 -0.263959 0.254269
1 -3 0.352139 0.142744
1 -2.8 -0.0127347 -0.394748
1 -2.6 -0.371188 0.178222
1 -2.4 0.326596 0.280893
1 -2.2 0.134058 -0.432208
1 -2 -0.475077 0.049738
1 -1.8 0.244532 0.444254
1 -1.6 0.33978 -0.422218
1 -1.4 -0.557509 -0.172919
1 -1.2 0.0353117 0.633254
1 -1 0.646367 -0.256792
1 -0.8 -0.458661 -0.616351
1 -0.6 -0.600793 0.599954
1 -0.4 0.595927 0.708719
1 -0.2 0.963982 -0.180154
1 0 0.839072 -0.544021
1 0.2 0.963982 -0.180154
1 0.4 0.595927 0.708719
1 0.6 -0.600793 0.599954
1 0.8 -0.458661 -0.616351
1 1 0.646367 -0.256792
1 1.2 0.0353117 0.633254
1 1.4 -0.557509 -0.172919
1 1.6 0.33978 -0.422218
1 1.8 0.244532 0.444254
1 2 -0.475077 0.049738
1 2.2 0.134058 -0.432208
1 2.4 0.326596 0.280893
1 2.6 -0.371188 0.178222
1 2.8 -0.0127347 -0.394748
1 3 0.352139 0.142744
1 3.2 -0.263959 0.254269
1 3.4 -0.120303 -0.333276
1 3.6 0.342275 0.0257083
1 3.8 -0.1589 0.292759
1 4 -0.196068 -0.257678
1 4.2 0.307138 -0.0708456
1 4.4 -0.0603221 0.301275
1 4.6 -0.24364 -0.174822
1 4.8 0.2538 -0.146392
1 5 0.0279294 0.285201
1 5.2 -0.265563 -0.0904468
1 5.4 0.188259 -0.200302
1 5.6 0.102481 0.249318
1 5.8 -0.264354 -0.00968194
1 6 0.116116 -0.23238
1 6.2 0.160602 0.198418
1 6.4 -0.24298 0.0629126
1 6.6 0.0427169 -0.243201
1 6.8 0.200429 0.137479
1 7 -0.205031 0.123495
1 7.2 -0.0269597 -0.234271
1 7.4 0.221139 0.0715847
1 7.6 -0.154678 0.169134
1 7.8 -0.0885056 -0.208048
1 8 0.223035 0.00572124
1 8.2 -0.0965047 0.197971
1 8.4 -0.138306 -0.167836
1 8.6 0.207535 -0.0554753
1 8.8 -0.0352597 0.209309
1 9 -0.173729 -0.117591
1 9.2 0.17707 -0.107976
1 9.4 0.0244218 0.203626
1 9.6 -0.19325 -0.0616682
1 9.8 0.134905 -0.148581
1.2 -10 0.0637243 0.188541
1.2 -9.8 0.146801 -0.137478
1.2 -9.6 -0.187907 -0.0775928
1.2 -9.4 0.00716363 0.205417
1.2 -9.2 0.186144 -0.0925045
1.2 -9 -0.163048 -0.132763
1.2 -8.8 -0.0541369 0.205747
1.2 -8.6 0.212273 -0.0361418
1.2 -8.4 -0.122087 -0.180608
1.2 -8.2 -0.115541 0.188129
1.2 -8 0.221907 0.0279606
1.2 -7.8 -0.0669586 -0.216546
1.2 -7.6 -0.172012 0.152363
1.2 -7.4 0.212687 0.0952655
1.2 -7.2 -0.000805732 -0.236449
1.2 -7 -0.218393 0.0995404
1.2 -6.8 0.183367 0.160565
1.2 -6.6 0.0721365 -0.236894
1.2 -6.4 -0.249683 0.0320466
1.2 -6.2 0.133934 0.218214
1.2 -6 0.146687 -0.215366
1.2 -5.8 -0.26126 -0.0464784
1.2 -5.6 0.0656584 0.262329
1.2 -5.4 0.216857 -0.170374
1.2 -5.2 -0.249018 -0.131196
1.2 -5 -0.0188869 0.286891
1.2 -4.8 0.275882 -0.10149
1.2 -4.6 -0.209367 -0.216039
1.2 -4.4 -0.115774 0.285653
1.2 -4.2 0.316009 -0.00935164
1.2 -4 -0.139075 -0.293394
1.2 -3.8 -0.219406 0.251718
1.2 -3.6 0.327763 0.104214
1.2 -3.4 -0.0349631 -0.353116
1.2 -3.2 -0.321496 0.176555
1.2 -3 0.298094 0.235552
1.2 -2.8 0.106491 -0.379835
1.2 -2.6 -0.407923 0.0477284
1.2 -2.4 0.205343 0.376575
1.2 -2.2 0.288892 -0.344399
1.2 -2 -0.446455 -0.156128
1.2 -1.8 0.00448082 0.499787
1.2 -1.6 0.501689 -0.173013
1.2 -1.4 -0.330742 -0.459697
1.2 -1.2 -0.392077 0.463825
1.2 -1 0.56532 0.328606
1.2 -0.8 0.313332 -0.631363
1.2 -0.6 -0.637947 -0.407066
1.2 -0.4 -0.651187 0.470115
1.2 -0.2 -0.123505 0.826486
1.2 0 0.113371 0.839747
1.2 0.2 -0.123505 0.826486
1.2 0.4 -0.651187 0.470115
1.2 0.6 -0.637947 -0.407066
1.2 0.8 0.313332 -0.631363
1.2 1 0.56532 0.328606
1.2 1.2 -0.392077 0.463825
1.2 1.4 -0.330742 -0.459697
1.2 1.6 0.501689 -0.173013
1.2 1.8 0.00448082 0.499787
1.2 2 -0.446455 -0.156128
1.2 2.2 0.288892 -0.344399
1.2 2.4 0.205343 0.376575
1.2 2.6 -0.407923 0.0477284
1.2 2.8 0.106491 -0.379835
1.2 3 0.298094 0.235552
1.2 3.2 -0.321496 0.176555
1.2 3.4 -0.0349631 -0.353116
1.2 3.6 0.327763 0.104214
1.2 3.8 -0.219406 0.251718
1.2 4 -0.139075 -0.293394
1.2 4.2 0.316009 -0.00935164
1.2 4.4 -0.115774 0.285653
1.2 4.6 -0.209367 -0.216039
1.2 4.8 0.275882 -0.10149
1.2 5 -0.0188869 0.286891
1.2 5.2 -0.249018 -0.131196
1.2 5.4 0.216857 -0.170374
1.2 5.6 0.0656584 0.262329
1.2 5.8 -0.26126 -0.0464784
1.2 6 0.146687 -0.215366
1.2 6.2 0.133934 0.218214
1.2 6.4 -0.249683 0.0320466
1.2 6.6 0.0721365 -0.236894
1.2 6.8 0.183367 0.160565
1.2 7 -0.218393 0.0995404
1.2 7.2 -0.000805732 -0.236449
1.2 7.4 0.212687 0.0952655
1.2 7.6 -0.172012 0.152363
1.2 7.8 -0.0669586 -0.216546
1.2 8 0.221907 0.0279606
1.2 8.2 -0.115541 0.188129
1.2 8.4 -0.122087 -0.180608
1.2 8.6 0.212273 -0.0361418
1.2 8.8 -0.0541369 0.205747
1.2 9 -0.163048 -0.132763
1.2 9.2 0.186144 -0.0925045
1.2 9.4 0.00716363 0.205417
1.2 9.6 -0.187907 -0.0775928
1.2 9.8 0.146801 -0.137478
1.4 -10 0.0406908 0.195205
1.4 -9.8 0.162867 -0.118669
1.4 -9.6 -0.177059 -0.10071
1.4 -9.4 -0.0192135 0.205053
1.4 -9.2 0.197041 -0.0675049
1.4 -9 -0.144125 -0.15369
1.4 -8.8 -0.0819508 0.196815
1.4 -8.6 0.215699 -0.00606339
1.4 -8.4 -0.0951137 -0.19668
1.4 -8.2 -0.142264 0.169463
1.4 -8 0.215632 0.0612481
1.4 -7.8 -0.0327055 -0.224813
1.4 -7.6 -0.194498 0.123366
1.4 -7.4 0.194724 0.129042
1.4 -7.2 0.0390376 -0.233785
1.4 -7 -0.232892 0.0604043
1.4 -6.8 0.152189 0.191157
1.4 -6.6 0.114747 -0.220154
1.4 -6.4 -0.251875 -0.0159591
1.4 -6.2 0.0887709 0.240869
1.4 -6 0.187821 -0.181604
1.4 -5.8 -0.246307 -0.100602
1.4 -5.6 0.00693544 0.271041
1.4 -5.4 0.250429 -0.117187
1.4 -5.2 -0.211688 -0.186574
1.4 -5 -0.0888258 0.274177
1.4 -4.8 0.293323 -0.0276658
1.4 -4.6 -0.144364 -0.264653
1.4 -4.4 -0.191358 0.242335
1.4 -4.2 0.305311 0.0838358
1.4 -4 -0.0419408 -0.322309
1.4 -3.8 -0.289387 0.166956
1.4 -3.6 0.272159 0.210232
1.4 -3.4 0.0955067 -0.341442
1.4 -3.2 -0.364084 0.0389204
1.4 -3 0.174565 0.33627
1.4 -2.8 0.261437 -0.293279
1.4 -2.6 -0.380078 -0.149411
1.4 -2.4 -0.0144915 0.425371
1.4 -2.2 0.426266 -0.127173
1.4 -2 -0.260487 -0.386782
1.4 -1.8 -0.317071 0.374097
1.4 -1.6 0.462424 0.232004
1.4 -1.4 0.149832 -0.526576
1.4 -1.2 -0.573405 -0.0920019
1.4 -1 -0.0854572 0.610662
1.4 -0.8 0.632051 0.166836
1.4 -0.6 0.373951 -0.579149
1.4 -0.4 -0.288738 -0.659334
1.4 -0.2 -0.642013 -0.368911
1.4 0 -0.714252 -0.221492
1.4 0.2 -0.642013 -0.368911
1.4 0.4 -0.288738 -0.659334
1.4 0.6 0.373951 -0.579149
1.4 0.8 0.632051 0.166836
1.4 1 -0.0854572 0.610662
1.4 1.2 -0.573405 -0.0920019
1.4 1.4 0.149832 -0.526576
1.4 1.6 0.462424 0.232004
1.4 1.8 -0.317071 0.374097
1.4 2 -0.260487 -0.386782
1.4 2.2 0.426266 -0.127173
1.4 2.4 -0.0144915 0.425371
1.4 2.6 -0.380078 -0.149411
1.4 2.8 0.261437 -0.293279
1.4 3 0.174565 0.33627
1.4 3.2 -0.364084 0.0389204
1.4 3.4 0.0955067 -0.341442
1.4 3.6 0.272159 0.210232
1.4 3.8 -0.289387 0.166956
1.4 4 -0.0419408 -0.322309
1.4 4.2 0.305311 0.0838358
1.4 4.4 -0.191358 0.242335
1.4 4.6 -0.144364 -0.264653
1.4 4.8 0.293323 -0.0276658
1.4 5 -0.0888258 0.274177
1.4 5.2 -0.211688 -0.186574
1.4 5.4 0.250429 -0.117187
1.4 5.6 0.00693544 0.271041
1.4 5.8 -0.246307 -0.100602
1.4 6 0.187821 -0.181604
1.4 6.2 0.0887709 0.240869
1.4 6.4 -0.251875 -0.0159591
1.4 6.6 0.114747 -0.220154
1.4 6.8 0.152189 0.191157
1.4 7 -0.232892 0.0604043
1.4 7.2 0.0390376 -0.233785
1.4 7.4 0.194724 0.129042
1.4 7.6 -0.194498 0.123366
1.4 7.8 -0.0327055 -0.224813
1.4 8 0.215632 0.0612481
1.4 8.2 -0.142264 0.169463
1.4 8.4 -0.0951137 -0.19668
1.4 8.6 0.215699 -0.00606339
1.4 8.8 -0.0819508 0.196815
1.4 9 -0.144125 -0.15369
1.4 9.2 0.197041 -0.0675049
1.4 9.4 -0.0192135 0.205053
1.4 9.6 -0.177059 -0.10071
1.4 9.8 0.162867 -0.118669
1.6 -10 0.00881995 0.199554
1.6 -9.8 0.180438 -0.0905194
1.6 -9.6 -0.157982 -0.129163
1.6 -9.4 -0.0540982 0.199108
1.6 -9.2 0.206187 -0.0320834
1.6 -9 -0.11455 -0.177307
1.6 -8.8 -0.116779 0.178852
1.6 -8.6 0.213435 0.0344821
1.6 -8.4 -0.0557578 -0.211681
1.6 -8.2 -0.173127 0.138491
1.6 -8 0.199279 0.103637
1.6 -7.8 0.0144938 -0.227186
1.6 -7.6 -0.216699 0.0794489
1.6 -7.4 0.162246 0.16875
1.6 -7.2 0.0906508 -0.21955
1.6 -7 -0.241064 0.00505517
1.6 -6.8 0.102632 0.222324
1.6 -6.6 0.165531 -0.185745
1.6 -6.4 -0.240183 -0.0792609
1.6 -6.2 0.0228821 0.256232
1.6 -6 0.230329 -0.124454
1.6 -5.8 -0.208841 -0.165704
1.6 -5.6 -0.0719034 0.261957
1.6 -5.4 0.274538 -0.0367078
1.6 -5.2 -0.14323 -0.243643
1.6 -5 -0.173131 0.230907
1.6 -4.8 0.285763 0.0730432
1.6 -4.6 -0.0419883 -0.298765
1.6 -4.4 -0.267168 0.155042
1.6 -4.2 0.24952 0.194848
1.6 -4 0.0915763 -0.311646
1.6 -3.8 -0.332447 0.0285944
1.6 -3.6 0.14957 0.308914
1.6 -3.4 0.244179 -0.255678
1.6 -3.2 -0.333953 -0.146717
1.6 -3 -0.028741 0.375888
1.6 -2.8 0.378383 -0.0959174
1.6 -2.6 -0.214071 -0.343804
1.6 -2.4 -0.279196 0.315229
1.6 -2.2 0.393123 0.194889
1.6 -2 0.10284 -0.446534
1.6 -1.8 -0.479334 -0.0151951
1.6 -1.6 0.0563584 0.499771
1.6 -1.4 0.51878 -0.0997376
1.6 -1.2 -0.0993871 -0.546337
1.6 -1 -0.582467 0.0313041
1.6 -0.8 -0.137169 0.595459
1.6 -0.6 0.483943 0.413688
1.6 -0.4 0.652304 -0.0841043
1.6 -0.2 0.532016 -0.409962
1.6 0 0.452736 -0.502729
1.6 0.2 0.532016 -0.409962
1.6 0.4 0.652304 -0.0841043
1.6 0.6 0.483943 0.413688
1.6 0.8 -0.137169 0.595459
1.6 1 -0.582467 0.0313041
1.6 1.2 -0.0993871 -0.546337
1.6 1.4 0.51878 -0.0997376
1.6 1.6 0.0563584 0.499771
1.6 1.8 -0.479334 -0.0151951
1.6 2 0.10284 -0.446534
1.6 2.2 0.393123 0.194889
1.6 2.4 -0.279196 0.315229
1.6 2.6 -0.214071 -0.343804
1.6 2.8 0.378383 -0.0959174
1.6 3 -0.028741 0.375888
1.6 3.2 -0.333953 -0.146717
1.6 3.4 0.244179 -0.255678
1.6 3.6 0.14957 0.308914
1.6 3.8 -0.332447 0.0285944
1.6 4 0.0915763 -0.311646
1.6 4.2 0.24952 0.194848
1.6 4.4 -0.267168 0.155042
1.6 4.6 -0.0419883 -0.298765
1.6 4.8 0.285763 0.0730432
1.6 5 -0.173131 0.230907
1.6 5.2 -0.14323 -0.243643
1.6 5.4 0.274538 -0.0367078
1.6 5.6 -0.0719034 0.261957
1.6 5.8 -0.208841 -0.165704
1.6 6 0.230329 -0.124454
1.6 6.2 0.0228821 0.256232
1.6 6.4 -0.240183 -0.0792609
1.6 6.6 0.165531 -0.185745
1.6 6.8 0.102632 0.222324
1.6 7 -0.241064 0.00505517
1.6 7.2 0.0906508 -0.21955
1.6 7.4 0.162246 0.16875
1.6 7.6 -0.216699 0.0794489
1.6 7.8 0.0144938 -0.227186
1.6 8 0.199279 0.103637
1.6 8.2 -0.173127 0.138491
1.6 8.4 -0.0557578 -0.211681
1.6 8.6 0.213435 0.0344821
1.6 8.8 -0.116779 0.178852
1.6 9 -0.11455 -0.177307
1.6 9.2 0.206187 -0.0320834
1.6 9.4 -0.0540982 0.199108
1.6 9.6 -0.157982 -0.129163
1.6 9.8 0.180438 -0.0905194
1.8 -10 -0.0314559 0.197581
1.8 -9.8 0.19547 -0.0517322
1.8 -9.6 -0.127695 -0.159602
1.8 -9.4 -0.0955299 0.183268
1.8 -9.2 0.208572 0.0137067
1.8 -9 -0.0722313 -0.198735
1.8 -8.8 -0.154779 0.147743
1.8 -8.6 0.199834 0.0835158
1.8 -8.4 -0.00353463 -0.219263
1.8 -8.2 -0.20214 0.0920303
1.8 -8 0.167176 0.150627
1.8 -7.8 0.0726482 -0.216183
1.8 -7.6 -0.230413 0.0193771
1.8 -7.4 0.110541 0.206837
1.8 -7.2 0.148579 -0.185874
1.8 -7 -0.232791 -0.0644527
1.8 -6.8 0.0324375 0.243146
1.8 -6.6 0.214566 -0.126785
1.8 -6.4 -0.203525 -0.150853
1.8 -6.2 -0.0613896 0.250227
1.8 -6 0.259052 -0.0403417
1.8 -5.8 -0.138871 -0.227965
1.8 -5.6 -0.16102 0.219145
1.8 -5.4 0.268828 0.0676924
1.8 -5.2 -0.0386266 -0.280143
1.8 -5 -0.250954 0.142693
1.8 -4.8 0.229709 0.184974
1.8 -4.6 0.0910626 -0.287472
1.8 -4.4 -0.308056 0.0182267
1.8 -4.2 0.128587 0.288769
1.8 -4 0.232277 -0.226072
1.8 -3.8 -0.299032 -0.145916
1.8 -3.6 -0.0403438 0.339591
1.8 -3.4 0.344453 -0.0722227
1.8 -3.2 -0.179875 -0.314965
1.8 -3 -0.256482 0.272702
1.8 -2.8 0.344048 0.177204
1.8 -2.6 0.0867252 -0.391213
1.8 -2.4 -0.415548 0.00541039
1.8 -2.2 0.0908469 0.422038
1.8 -2 0.418547 -0.162964
1.8 -1.8 -0.216534 -0.414861
1.8 -1.6 -0.421513 0.246147
1.8 -1.4 0.243019 0.447721
1.8 -1.2 0.496249 -0.190291
1.8 -1 -0.0599882 -0.550369
1.8 -0.8 -0.547832 -0.174215
1.8 -0.6 -0.472676 0.35951
1.8 -0.4 -0.119792 0.597154
1.8 -0.2 0.154906 0.599221
1.8 0 0.246041 0.571646
1.8 0.2 0.154906 0.599221
1.8 0.4 -0.119792 0.597154
1.8 0.6 -0.472676 0.35951
1.8 0.8 -0.547832 -0.174215
1.8 1 -0.0599882 -0.550369
1.8 1.2 0.496249 -0.190291
1.8 1.4 0.243019 0.447721
1.8 1.6 -0.421513 0.246147
1.8 1.8 -0.216534 -0.414861
1.8 2 0.418547 -0.162964
1.8 2.2 0.0908469 0.422038
1.8 2.4 -0.415548 0.00541039
1.8 2.6 0.0867252 -0.391213
1.8 2.8 0.344048 0.177204
1.8 3 -0.256482 0.272702
1.8 3.2 -0.179875 -0.314965
1.8 3.4 0.344453 -0.0722227
1.8 3.6 -0.0403438 0.339591
1.8 3.8 -0.299032 -0.145916
1.8 4 0.232277 -0.226072
1.8 4.2 0.128587 0.288769
1.8 4.4 -0.308056 0.0182267
1.8 4.6 0.0910626 -0.287472
1.8 4.8 0.229709 0.184974
1.8 5 -0.250954 0.142693
1.8 5.2 -0.0386266 -0.280143
1.8 5.4 0.268828 0.0676924
1.8 5.6 -0.16102 0.219145
1.8 5.8 -0.138871 -0.227965
1.8 6 0.259052 -0.0403417
1.8 6.2 -0.0613896 0.250227
1.8 6.4 -0.203525 -0.150853
1.8 6.6 0.214566 -0.126785
1.8 6.8 0.0324375 0.243146
1.8 7 -0.232791 -0.0644527
1.8 7.2 0.148579 -0.185874
1.8 7.4 0.110541 0.206837
1.8 7.6 -0.230413 0.0193771
1.8 7.8 0.0726482 -0.216183
1.8 8 0.167176 0.150627
1.8 8.2 -0.20214 0.0920303
1.8 8.4 -0.00353463 -0.219263
1.8 8.6 0.199834 0.0835158
1.8 8.8 -0.154779 0.147743
1.8 9 -0.0722313 -0.198735
1.8 9.2 0.208572 0.0137067
1.8 9.4 -0.0955299 0.183268
1.8 9.6 -0.127695 -0.159602
1.8 9.8 0.19547 -0.0517322
2 -10 -0.0780986 0.184519
2 -9.8 0.20249 -0.00226499
2 -9.6 -0.0838483 -0.186749
2 -9.4 -0.13938 0.153028
2 -9.2 0.198078 0.0677534
2 -9 -0.016648 -0.211129
2 -8.8 -0.189495 0.100099
2 -8.6 0.168871 0.136158
2 -8.4 0.0593093 -0.211478
2 -8.2 -0.220561 0.0289487
2 -8 0.114546 0.194097
2 -7.8 0.13575 -0.183699
2 -7.6 -0.225121 -0.0542978
2 -7.4 0.0377513 0.231814
2 -7.2 0.202181 -0.126131
2 -7 -0.197055 -0.140262
2 -6.8 -0.0550993 0.239351
2 -6.6 0.246175 -0.0406878
2 -6.4 -0.132849 -0.216016
2 -6.2 -0.152876 0.207671
2 -6 0.254021 0.0655992
2 -5.8 -0.0335172 -0.264946
2 -5.6 -0.238603 0.130584
2 -5.4 0.212166 0.178395
2 -5.2 0.0923307 -0.267173
2 -5 -0.288341 0.00827237
2 -4.8 0.110494 0.273064
2 -4.6 0.22352 -0.201663
2 -4.4 -0.271057 -0.146091
2 -4.2 -0.0502145 0.311205
2 -4 0.318627 -0.0531116
2 -3.8 -0.152936 -0.293945
2 -3.6 -0.241392 0.239814
2 -3.4 0.306922 0.16786
2 -3.2 0.0816735 -0.350706
2 -3 -0.371017 0.00869574
2 -2.8 0.0957564 0.370803
2 -2.6 0.355479 -0.173792
2 -2.4 -0.239196 -0.33217
2 -2.2 -0.308989 0.29025
2 -2 0.326251 0.294501
2 -1.8 0.297297 -0.345808
2 -1.6 -0.344035 -0.325169
2 -1.4 -0.382365 0.308539
2 -1.2 0.215595 0.461582
2 -1 0.52611 -0.0337252
2 -0.8 0.244834 -0.485537
2 -0.6 -0.209731 -0.517359
2 -0.4 -0.485512 -0.297864
2 -0.2 -0.569744 -0.0903401
2 0 -0.579195 -0.0139837
2 0.2 -0.569744 -0.0903401
2 0.4 -0.485512 -0.297864
2 0.6 -0.209731 -0.517359
2 0.8 0.244834 -0.485537
2 1 0.52611 -0.0337252
2 1.2 0.215595 0.461582
2 1.4 -0.382365 0.308539
2 1.6 -0.344035 -0.325169
2 1.8 0.297297 -0.345808
2 2 0.326251 0.294501
2 2.2 -0.308989 0.29025
2 2.4 -0.239196 -0.33217
2 2.6 0.355479 -0.173792
2 2.8 0.0957564 0.370803
2 3 -0.371017 0.00869574
2 3.2 0.0816735 -0.350706
2 3.4 0.306922 0.16786
2 3.6 -0.241392 0.239814
2 3.8 -0.152936 -0.293945
2 4 0.318627 -0.0531116
2 4.2 -0.0502145 0.311205
2 4.4 -0.271057 -0.146091
2 4.6 0.22352 -0.201663
2 4.8 0.110494 0.273064
2 5 -0.288341 0.00827237
2 5.2 0.0923307 -0.267173
2 5.4 0.212166 0.178395
2 5.6 -0.238603 0.130584
2 5.8 -0.0335172 -0.264946
2 6 0.254021 0.0655992
2 6.2 -0.152876 0.207671
2 6.4 -0.132849 -0.216016
2 6.6 0.246175 -0.0406878
2 6.8 -0.0550993 0.239351
2 7 -0.197055 -0.140262
2 7.2 0.202181 -0.126131
2 7.4 0.0377513 0.231814
2 7.6 -0.225121 -0.0542978
2 7.8 0.13575 -0.183699
2 8 0.114546 0.194097
2 8.2 -0.220561 0.0289487
2 8.4 0.0593093 -0.211478
2 8.6 0.168871 0.136158
2 8.8 -0.189495 0.100099
2 9 -0.016648 -0.211129
2 9.2 0.198078 0.0677534
2 9.4 -0.13938 0.153028
2 9.6 -0.0838483 -0.186749
2 9.8 0.20249 -0.00226499
2.2 -10 -0.126638 0.155624
2.2 -9.8 0.195033 0.0555175
2.2 -9.6 -0.026051 -0.203329
2.2 -9.4 -0.17872 0.104984
2.2 -9.2 0.168508 0.124706
2.2 -9 0.0495343 -0.206209
2.2 -8.8 -0.21171 0.0351064
2.2 -8.6 0.115939 0.183689
2.2 -8.4 0.126089 -0.180195
2.2 -8.2 -0.217617 -0.0475015
2.2 -8 0.0401834 0.222053
2.2 -7.8 0.192395 -0.123626
2.2 -7.6 -0.190088 -0.132728
2.2 -7.4 -0.0516673 0.22937
2.2 -7.2 0.235323 -0.0389706
2.2 -7 -0.125972 -0.206724
2.2 -6.8 -0.147388 0.196693
2.2 -6.6 0.2409 0.0655302
2.2 -6.4 -0.0275084 -0.252197
2.2 -6.2 -0.228847 0.118951
2.2 -6 0.196424 0.17389
2.2 -5.8 0.0945597 -0.249659
2.2 -5.6 -0.271822 -0.00113999
2.2 -5.4 0.0945621 0.260283
2.2 -5.2 0.216749 -0.180863
2.2 -5 -0.247732 -0.146788
2.2 -4.8 -0.0588464 0.287974
2.2 -4.6 0.297942 -0.0370536
2.2 -4.4 -0.130725 -0.277692
2.2 -4.2 -0.230621 0.213123
2.2 -4 0.277371 0.162682
2.2 -3.8 0.0813408 -0.319391
2.2 -3.6 -0.338093 0.00556104
2.2 -3.4 0.0908458 0.335164
2.2 -3.2 0.314542 -0.168816
2.2 -3 -0.235746 -0.281719
2.2 -2.8 -0.243028 0.290013
2.2 -2.6 0.33187 0.205061
2.2 -2.4 0.174332 -0.362858
2.2 -2.2 -0.384855 -0.157243
2.2 -2 -0.160244 0.398604
2.2 -1.8 0.401486 0.189813
2.2 -1.6 0.25115 -0.384244
2.2 -1.4 -0.327154 -0.343272
2.2 -1.2 -0.446762 0.199322
2.2 -1 -0.0270571 0.502872
2.2 -0.8 0.401411 0.325473
2.2 -0.6 0.526195 -0.0445856
2.2 -0.4 0.427071 -0.325207
2.2 -0.2 0.293491 -0.45603
2.2 0 0.238828 -0.488993
2.2 0.2 0.293491 -0.45603
2.2 0.4 0.427071 -0.325207
2.2 0.6 0.526195 -0.0445856
2.2 0.8 0.401411 0.325473
2.2 1 -0.0270571 0.502872
2.2 1.2 -0.446762 0.199322
2.2 1.4 -0.327154 -0.343272
2.2 1.6 0.25115 -0.384244
2.2 1.8 0.401486 0.189813
2.2 2 -0.160244 0.398604
2.2 2.2 -0.384855 -0.157243
2.2 2.4 0.174332 -0.362858
2.2 2.6 0.33187 0.205061
2.2 2.8 -0.243028 0.290013
2.2 3 -0.235746 -0.281719
2.2 3.2 0.314542 -0.168816
2.2 3.4 0.0908458 0.335164
2.2 3.6 -0.338093 0.00556104
2.2 3.8 0.0813408 -0.319391
2.2 4 0.277371 0.162682
2.2 4.2 -0.230621 0.213123
2.2 4.4 -0.130725 -0.277692
2.2 4.6 0.297942 -0.0370536
2.2 4.8 -0.0588464 0.287974
2.2 5 -0.247732 -0.146788
2.2 5.2 0.216749 -0.180863
2.2 5.4 0.0945621 0.260283
2.2 5.6 -0.271822 -0.00113999
2.2 5.8 0.0945597 -0.249659
2.2 6 0.196424 0.17389
2.2 6.2 -0.228847 0.118951
2.2 6.4 -0.0275084 -0.252197
2.2 6.6 0.2409 0.0655302
2.2 6.8 -0.147388 0.196693
2.2 7 -0.125972 -0.206724
2.2 7.2 0.235323 -0.0389706
2.2 7.4 -0.0516673 0.22937
2.2 7.6 -0.190088 -0.132728
2.2 7.8 0.192395 -0.123626
2.2 8 0.0401834 0.222053
2.2 8.2 -0.217617 -0.0475015
2.2 8.4 0.126089 -0.180195
2.2 8.6 0.115939 0.183689
2.2 8.8 -0.21171 0.0351064
2.2 9 0.0495343 -0.206209
2.2 9.2 0.168508 0.124706
2.2 9.4 -0.17872 0.104984
2.2 9.6 -0.026051 -0.203329
2.2 9.8 0.195033 0.0555175
2.4 -10 -0.169639 0.107597
2.4 -9.8 0.166826 0.115712
2.4 -9.6 0.0424946 -0.200791
2.4 -9.4 -0.203867 0.0387765
2.4 -9.2 0.115553 0.175207
2.4 -9 0.118866 -0.175927
2.4 -8.8 -0.210461 -0.0431631
2.4 -8.6 0.0406164 0.213626
2.4 -8.4 0.184611 -0.119947
2.4 -8.2 -0.182961 -0.127418
2.4 -8 -0.0502119 0.22021
2.4 -7.8 0.226039 -0.0359295
2.4 -7.6 -0.118677 -0.199356
2.4 -7.4 -0.143722 0.186253
2.4 -7.2 0.229113 0.0667496
2.4 -7 -0.0210592 -0.241239
2.4 -6.8 -0.220894 0.107857
2.4 -6.6 0.182122 0.170735
2.4 -6.4 0.0973026 -0.234212
2.4 -6.2 -0.257584 -0.00999493
2.4 -6 0.0802999 0.249521
2.4 -5.8 0.211292 -0.162694
2.4 -5.6 -0.227693 -0.147759
2.4 -5.4 -0.0665351 0.268306
2.4 -5.2 0.280728 -0.0231679
2.4 -5 -0.111802 -0.264551
2.4 -4.8 -0.2225 0.190674
2.4 -4.6 0.252916 0.159789
2.4 -4.4 0.083215 -0.294105
2.4 -4.2 -0.312515 -0.000153353
2.4 -4 0.0824052 0.308984
2.4 -3.8 0.286494 -0.158645
2.4 -3.6 -0.224464 -0.249551
2.4 -3.4 -0.203502 0.277719
2.4 -3.2 0.318191 0.153899
2.4 -3 0.106034 -0.347314
2.4 -2.8 -0.367718 -0.0647033
2.4 -2.6 -0.0342569 0.382617
2.4 -2.4 0.395025 0.0189284
2.4 -2.2 0.0233489 -0.406667
2.4 -2 -0.416312 -0.0529651
2.4 -1.8 -0.113618 0.417172
2.4 -1.6 0.393366 0.208634
2.4 -1.4 0.330529 -0.317241
2.4 -1.2 -0.154374 -0.444633
2.4 -1 -0.470153 -0.108375
2.4 -0.8 -0.397016 0.2925
2.4 -0.6 -0.120025 0.487567
2.4 -0.4 0.135263 0.490674
2.4 -0.2 0.281861 0.428959
2.4 0 0.326269 0.39813
2.4 0.2 0.281861 0.428959
2.4 0.4 0.135263 0.490674
2.4 0.6 -0.120025 0.487567
2.4 0.8 -0.397016 0.2925
2.4 1 -0.470153 -0.108375
2.4 1.2 -0.154374 -0.444633
2.4 1.4 0.330529 -0.317241
2.4 1.6 0.393366 0.208634
2.4 1.8 -0.113618 0.417172
2.4 2 -0.416312 -0.0529651
2.4 2.2 0.0233489 -0.406667
2.4 2.4 0.395025 0.0189284
2.4 2.6 -0.0342569 0.382617
2.4 2.8 -0.367718 -0.0647033
2.4 3 0.106034 -0.347314
2.4 3.2 0.318191 0.153899
2.4 3.4 -0.203502 0.277719
2.4 3.6 -0.224464 -0.249551
2.4 3.8 0.286494 -0.158645
2.4 4 0.0824052 0.308984
2.4 4.2 -0.312515 -0.000153353
2.4 4.4 0.083215 -0.294105
2.4 4.6 0.252916 0.159789
2.4 4.8 -0.2225 0.190674
2.4 5 -0.111802 -0.264551
2.4 5.2 0.280728 -0.0231679
2.4 5.4 -0.0665351 0.268306
2.4 5.6 -0.227693 -0.147759
2.4 5.8 0.211292 -0.162694
2.4 6 0.0802999 0.249521
2.4 6.2 -0.257584 -0.00999493
2.4 6.4 0.0973026 -0.234212
2.4 6.6 0.182122 0.170735
2.4 6.8 -0.220894 0.107857
2.4 7 -0.0210592 -0.241239
2.4 7.2 0.229113 0.0667496
2.4 7.4 -0.143722 0.186253
2.4 7.6 -0.118677 -0.199356
2.4 7.8 0.226039 -0.0359295
2.4 8 -0.0502119 0.22021
2.4 8.2 -0.182961 -0.127418
2.4 8.4 0.184611 -0.119947
2.4 8.6 0.0406164 0.213626
2.4 8.8 -0.210461 -0.0431631
2.4 9 0.118866 -0.175927
2.4 9.2 0.115553 0.175207
2.4 9.4 -0.203867 0.0387765
2.4 9.6 0.0424946 -0.200791
2.4 9.8 0.166826 0.115712
2.6 -10 -0.196953 0.0406093
2.6 -9.8 0.113934 0.168299
2.6 -9.6 0.11353 -0.171228
2.6 -9.4 -0.203709 -0.040647
2.6 -9.2 0.0396379 0.206305
2.6 -9 0.178371 -0.115516
2.6 -8.8 -0.175843 -0.123748
2.6 -8.6 -0.0501463 0.211764
2.6 -8.4 0.217969 -0.0320275
2.6 -8.2 -0.111206 -0.1934
2.6 -8 -0.141327 0.176329
2.6 -7.8 0.218385 0.0687984
2.6 -7.6 -0.0144293 -0.231616
2.6 -7.4 -0.214222 0.0972979
2.6 -7.2 0.168986 0.168479
2.6 -7 0.100301 -0.220342
2.6 -6.8 -0.245025 -0.0183166
2.6 -6.6 0.0673651 0.2402
2.6 -6.4 0.206729 -0.146516
2.6 -6.2 -0.210078 -0.148856
2.6 -6 -0.0734706 0.251211
2.6 -5.8 0.265967 -0.0109073
2.6 -5.6 -0.0952794 -0.253542
2.6 -5.4 -0.216097 0.171272
2.6 -5.2 0.232054 0.158224
2.6 -5 0.0861622 -0.272969
2.6 -4.8 -0.291822 -0.00688969
2.6 -4.6 0.0727663 0.288836
2.6 -4.4 0.266312 -0.146893
2.6 -4.2 -0.211044 -0.228098
2.6 -4 -0.178951 0.262545
2.6 -3.8 0.300547 0.12391
2.6 -3.6 0.0677648 -0.32587
2.6 -3.4 -0.340688 -0.0146891
2.6 -3.2 0.0319101 0.348131
2.6 -3 0.351843 -0.0693188
2.6 -2.8 -0.09521 -0.355529
2.6 -2.6 -0.362435 0.107128
2.6 -2.4 0.101823 0.374636
2.6 -2.2 0.391847 -0.0746219
2.6 -2 -0.0193192 -0.409394
2.6 -1.8 -0.41509 -0.0702614
2.6 -1.6 -0.194829 0.385756
2.6 -1.4 0.287234 0.33746
2.6 -1.2 0.445076 -0.0880356
2.6 -1 0.198062 -0.419057
2.6 -0.8 -0.162036 -0.443561
2.6 -0.6 -0.399545 -0.265136
2.6 -0.4 -0.481427 -0.0588416
2.6 -0.2 -0.482075 0.078566
2.6 0 -0.473551 0.124325
2.6 0.2 -0.482075 0.078566
2.6 0.4 -0.481427 -0.0588416
2.6 0.6 -0.399545 -0.265136
2.6 0.8 -0.162036 -0.443561
2.6 1 0.198062 -0.419057
2.6 1.2 0.445076 -0.0880356
2.6 1.4 0.287234 0.33746
2.6 1.6 -0.194829 0.385756
2.6 1.8 -0.41509 -0.0702614
2.6 2 -0.0193192 -0.409394
2.6 2.2 0.391847 -0.0746219
2.6 2.4 0.101823 0.374636
2.6 2.6 -0.362435 0.107128
2.6 2.8 -0.09521 -0.355529
2.6 3 0.351843 -0.0693188
2.6 3.2 0.0319101 0.348131
2.6 3.4 -0.340688 -0.0146891
2.6 3.6 0.0677648 -0.32587
2.6 3.8 0.300547 0.12391
2.6 4 -0.178951 0.262545
2.6 4.2 -0.211044 -0.228098
2.6 4.4 0.266312 -0.146893
2.6 4.6 0.0727663 0.288836
2.6 4.8 -0.291822 -0.00688969
2.6 5 0.0861622 -0.272969
2.6 5.2 0.232054 0.158224
2.6 5.4 -0.216097 0.171272
2.6 5.6 -0.0952794 -0.253542
2.6 5.8 0.265967 -0.0109073
2.6 6 -0.0734706 0.251211
2.6 6.2 -0.210078 -0.148856
2.6 6.4 0.206729 -0.146516
2.6 6.6 0.0673651 0.2402
2.6 6.8 -0.245025 -0.0183166
2.6 7 0.100301 -0.220342
2.6 7.2 0.168986 0.168479
2.6 7.4 -0.214222 0.0972979
2.6 7.6 -0.0144293 -0.231616
2.6 7.8 0.218385 0.0687984
2.6 8 -0.141327 0.176329
2.6 8.2 -0.111206 -0.1934
2.6 8.4 0.217969 -0.0320275
2.6 8.6 -0.0501463 0.211764
2.6 8.8 -0.175843 -0.123748
2.6 9 0.178371 -0.115516
2.6 9.2 0.0396379 0.206305
2.6 9.4 -0.203709 -0.040647
2.6 9.6 0.11353 -0.171228
2.6 9.8 0.113934 0.168299
2.8 -10 -0.197356 -0.039497
2.8 -9.8 0.0376484 0.199891
2.8 -9.6 0.173326 -0.110599
2.8 -9.4 -0.168818 -0.121298
2.8 -9.2 -0.0510692 0.203921
2.8 -9 0.210843 -0.0275642
2.8 -8.8 -0.103699 -0.188492
2.8 -8.6 -0.139831 0.166873
2.8 -8.4 0.208502 0.0713791
2.8 -8.2 -0.00777004 -0.223005
2.8 -8 -0.208478 0.0872422
2.8 -7.8 0.156804 0.166828
2.8 -7.6 0.103399 -0.207701
2.8 -7.4 -0.233734 -0.0261408
2.8 -7.2 0.0555112 0.231936
2.8 -7 0.202789 -0.131891
2.8 -6.8 -0.194307 -0.149985
2.8 -6.6 -0.0797812 0.236037
2.8 -6.4 0.253001 8.78031e-05
2.8 -6.2 -0.080582 -0.244048
2.8 -6 -0.210849 0.154144
2.8 -5.8 0.213827 0.157458
2.8 -5.6 0.0896215 -0.254803
2.8 -5.4 -0.274518 -0.0139582
2.8 -5.2 0.0628711 0.272713
2.8 -5 0.251165 -0.134901
2.8 -4.8 -0.197423 -0.213231
2.8 -4.6 -0.163268 0.247326
2.8 -4.4 0.28321 0.10603
2.8 -4.2 0.0461232 -0.305298
2.8 -4 -0.315188 0.0124183
2.8 -3.8 0.0663971 0.31552
2.8 -3.6 0.309604 -0.113535
2.8 -3.4 -0.152378 -0.301077
2.8 -3.2 -0.293614 0.182035
2.8 -3 0.201759 0.290678
2.8 -2.8 0.295263 -0.210387
2.8 -2.6 -0.205657 -0.309492
2.8 -2.4 -0.333813 0.18351
2.8 -2.2 0.137656 0.365446
2.8 -2 0.395705 -0.0602117
2.8 -1.8 0.0549547 -0.406361
2.8 -1.6 -0.367073 -0.203621
2.8 -1.4 -0.355616 0.240314
2.8 -1.2 0.00611101 0.438109
2.8 -1 0.344445 0.283921
2.8 -0.8 0.453212 -0.0192201
2.8 -0.6 0.372353 -0.269427
2.8 -0.4 0.23011 -0.403026
2.8 -0.2 0.119952 -0.451197
2.8 0 0.0804892 -0.460835
2.8 0.2 0.119952 -0.451197
2.8 0.4 0.23011 -0.403026
2.8 0.6 0.372353 -0.269427
2.8 0.8 0.453212 -0.0192201
2.8 1 0.344445 0.283921
2.8 1.2 0.00611101 0.438109
2.8 1.4 -0.355616 0.240314
2.8 1.6 -0.367073 -0.203621
2.8 1.8 0.0549547 -0.406361
2.8 2 0.395705 -0.0602117
2.8 2.2 0.137656 0.365446
2.8 2.4 -0.333813 0.18351
2.8 2.6 -0.205657 -0.309492
2.8 2.8 0.295263 -0.210387
2.8 3 0.201759 0.290678
2.8 3.2 -0.293614 0.182035
2.8 3.4 -0.152378 -0.301077
2.8 3.6 0.309604 -0.113535
2.8 3.8 0.0663971 0.31552
2.8 4 -0.315188 0.0124183
2.8 4.2 0.0461232 -0.305298
2.8 4.4 0.28321 0.10603
2.8 4.6 -0.163268 0.247326
2.8 4.8 -0.197423 -0.213231
2.8 5 0.251165 -0.134901
2.8 5.2 0.0628711 0.272713
2.8 5.4 -0.274518 -0.0139582
2.8 5.6 0.0896215 -0.254803
2.8 5.8 0.213827 0.157458
2.8 6 -0.210849 0.154144
2.8 6.2 -0.080582 -0.244048
2.8 6.4 0.253001 8.78031e-05
2.8 6.6 -0.0797812 0.236037
2.8 6.8 -0.194307 -0.149985
2.8 7 0.202789 -0.131891
2.8 7.2 0.0555112 0.231936
2.8 7.4 -0.233734 -0.0261408
2.8 7.6 0.103399 -0.207701
2.8 7.8 0.156804 0.166828
2.8 8 -0.208478 0.0872422
2.8 8.2 -0.00777004 -0.223005
2.8 8.4 0.208502 0.0713791
2.8 8.6 -0.139831 0.166873
2.8 8.8 -0.103699 -0.188492
2.8 9 0.210843 -0.0275642
2.8 9.2 -0.0510692 0.203921
2.8 9.4 -0.168818 -0.121298
2.8 9.6 0.173326 -0.110599
2.8 9.8 0.0376484 0.199891
3 -10 -0.161921 -0.119762
3 -9.8 -0.0526995 0.196583
3 -9.6 0.204453 -0.0227388
3 -9.4 -0.0962345 -0.184366
3 -9.2 -0.138972 0.157835
3 -9 0.1993 0.0742932
3 -8.8 -0.0011723 -0.21517
3 -8.6 -0.203412 0.0776513
3 -8.4 0.145416 0.165582
3 -8.2 0.106498 -0.196039
3 -8 -0.223422 -0.0335048
3 -7.8 0.0445566 0.224459
3 -7.6 0.199284 -0.11851
3 -7.4 -0.179979 -0.151086
3 -7.2 -0.0855574 0.222337
3 -7 0.241385 0.0100643
3 -6.8 -0.0673166 -0.23566
3 -6.6 -0.2064 0.13877
3 -6.4 0.197594 0.157178
3 -6.2 0.0932954 -0.238834
3 -6 -0.259647 -0.0210356
3 -5.8 0.0531157 0.259378
3 -5.6 0.239374 -0.123183
3 -5.4 -0.184267 -0.202591
3 -5.2 -0.153075 0.232914
3 -5 0.26728 0.0953906
3 -4.8 0.034082 -0.28709
3 -4.6 -0.293447 0.0267789
3 -4.4 0.0839098 0.288528
3 -4.2 0.275246 -0.134986
3 -4 -0.17866 -0.256902
3 -3.8 -0.236912 0.214444
3 -3.6 0.242479 0.218599
3 -3.4 0.205077 -0.263206
3 -3.2 -0.276951 -0.199202
3 -3 -0.203517 0.283406
3 -2.8 0.281009 0.220084
3 -2.6 0.249975 -0.266242
3 -2.4 -0.233024 -0.292115
3 -2.2 -0.341057 0.1727
3 -2 0.0758399 0.383543
3 -1.8 0.394766 0.0620291
3 -1.6 0.228377 -0.338191
3 -1.4 -0.177883 -0.376303
3 -1.2 -0.415305 -0.0848436
3 -1 -0.353762 0.245937
3 -0.8 -0.122249 0.419479
3 -0.6 0.112314 0.427406
3 -0.4 0.269621 0.354809
3 -0.2 0.347593 0.28251
3 0 0.369692 0.254273
3 0.2 0.347593 0.28251
3 0.4 0.269621 0.354809
3 0.6 0.112314 0.427406
3 0.8 -0.122249 0.419479
3 1 -0.353762 0.245937
3 1.2 -0.415305 -0.0848436
3 1.4 -0.177883 -0.376303
3 1.6 0.228377 -0.338191
3 1.8 0.394766 0.0620291
3 2 0.0758399 0.383543
3 2.2 -0.341057 0.1727
3 2.4 -0.233024 -0.292115
3 2.6 0.249975 -0.266242
3 2.8 0.281009 0.220084
3 3 -0.203517 0.283406
3 3.2 -0.276951 -0.199202
3 3.4 0.205077 -0.263206
3 3.6 0.242479 0.218599
3 3.8 -0.236912 0.214444
3 4 -0.17866 -0.256902
3 4.2 0.275246 -0.134986
3 4.4 0.0839098 0.288528
3 4.6 -0.293447 0.0267789
3 4.8 0.034082 -0.28709
3 5 0.26728 0.0953906
3 5.2 -0.153075 0.232914
3 5.4 -0.184267 -0.202591
3 5.6 0.239374 -0.123183
3 5.8 0.0531157 0.259378
3 6 -0.259647 -0.0210356
3 6.2 0.0932954 -0.238834
3 6.4 0.197594 0.157178
3 6.6 -0.2064 0.13877
3 6.8 -0.0673166 -0.23566
3 7 0.241385 0.0100643
3 7.2 -0.0855574 0.222337
3 7.4 -0.179979 -0.151086
3 7.6 0.199284 -0.11851
3 7.8 0.0445566 0.224459
3 8 -0.223422 -0.0335048
3 8.2 0.106498 -0.196039
3 8.4 0.145416 0.165582
3 8.6 -0.203412 0.0776513
3 8.8 -0.0011723 -0.21517
3 9 0.1993 0.0742932
3 9.2 -0.138972 0.157835
3 9.4 -0.0962345 -0.184366
3 9.6 0.204453 -0.0227388
3 9.8 -0.0526995 0.196583
3.2 -10 -0.0888578 -0.180825
3.2 -9.8 -0.138561 0.149164
3.2 -9.6 0.19065 0.077404
3.2 -9.4 0.00530886 -0.207935
3.2 -9.2 -0.198846 0.0684863
3.2 -9 0.134694 0.1646
3.2 -8.8 0.109534 -0.185166
3.2 -8.6 -0.213875 -0.0404429
3.2 -8.4 0.0343645 0.217577
3.2 -8.2 0.19608 -0.106148
3.2 -8 -0.166805 -0.152117
3.2 -7.8 -0.0908651 0.209795
3.2 -7.6 0.230805 0.0191981
3.2 -7.4 -0.0552063 -0.228095
3.2 -7.2 -0.20251 0.124784
3.2 -7 0.182911 0.157187
3.2 -6.8 0.097017 -0.224536
3.2 -6.6 -0.246575 -0.0279655
3.2 -6.4 0.0436649 0.248036
3.2 -6.2 0.229895 -0.111922
3.2 -6 -0.171773 -0.194761
3.2 -5.8 -0.146414 0.219498
3.2 -5.6 0.252894 0.0892629
3.2 -5.4 0.0278237 -0.271282
3.2 -5.2 -0.27536 0.0337423
3.2 -5 0.0919777 0.266934
3.2 -4.8 0.248596 -0.144347
3.2 -4.6 -0.189316 -0.223378
3.2 -4.4 -0.194456 0.226317
3.2 -4.2 0.255604 0.16491
3.2 -4 0.137581 -0.278045
3.2 -3.8 -0.294851 -0.115022
3.2 -3.6 -0.0995334 0.307281
3.2 -3.4 0.316279 0.0932491
3.2 -3.2 0.0982317 -0.32206
3.2 -3 -0.323573 -0.116462
3.2 -2.8 -0.149561 0.317851
3.2 -2.6 0.299299 0.19795
3.2 -2.4 0.259086 -0.259254
3.2 -2.2 -0.186659 -0.324409
3.2 -2 -0.375264 0.0715282
3.2 -1.8 -0.0863875 0.379964
3.2 -1.6 0.297972 0.262468
3.2 -1.4 0.391155 -0.101721
3.2 -1.2 0.17673 -0.370795
3.2 -1 -0.128159 -0.396515
3.2 -0.8 -0.342383 -0.246468
3.2 -0.6 -0.422956 -0.0514244
3.2 -0.4 -0.416504 0.103551
3.2 -0.2 -0.385377 0.193211
3.2 0 -0.370577 0.22153
3.2 0.2 -0.385377 0.193211
3.2 0.4 -0.416504 0.103551
3.2 0.6 -0.422956 -0.0514244
3.2 0.8 -0.342383 -0.246468
3.2 1 -0.128159 -0.396515
3.2 1.2 0.17673 -0.370795
3.2 1.4 0.391155 -0.101721
3.2 1.6 0.297972 0.262468
3.2 1.8 -0.0863875 0.379964
3.2 2 -0.375264 0.0715282
3.2 2.2 -0.186659 -0.324409
3.2 2.4 0.259086 -0.259254
3.2 2.6 0.299299 0.19795
3.2 2.8 -0.149561 0.317851
3.2 3 -0.323573 -0.116462
3.2 3.2 0.0982317 -0.32206
3.2 3.4 0.316279 0.0932491
3.2 3.6 -0.0995334 0.307281
3.2 3.8 -0.294851 -0.115022
3.2 4 0.137581 -0.278045
3.2 4.2 0.255604 0.16491
3.2 4.4 -0.194456 0.226317
3.2 4.6 -0.189316 -0.223378
3.2 4.8 0.248596 -0.144347
3.2 5 0.0919777 0.266934
3.2 5.2 -0.27536 0.0337423
3.2 5.4 0.0278237 -0.271282
3.2 5.6 0.252894 0.0892629
3.2 5.8 -0.146414 0.219498
3.2 6 -0.171773 -0.194761
3.2 6.2 0.229895 -0.111922
3.2 6.4 0.0436649 0.248036
3.2 6.6 -0.246575 -0.0279655
3.2 6.8 0.097017 -0.224536
3.2 7 0.182911 0.157187
3.2 7.2 -0.20251 0.124784
3.2 7.4 -0.0552063 -0.228095
3.2 7.6 0.230805 0.0191981
3.2 7.8 -0.0908651 0.209795
3.2 8 -0.166805 -0.152117
3.2 8.2 0.19608 -0.106148
3.2 8.4 0.0343645 0.217577
3.2 8.6 -0.213875 -0.0404429
3.2 8.8 0.109534 -0.185166
3.2 9 0.134694 0.1646
3.2 9.2 -0.198846 0.0684863
3.2 9.4 0.00530886 -0.207935
3.2 9.6 0.19065 0.077404
3.2 9.8 -0.138561 0.149164
3.4 -10 0.0116396 -0.201169
3.4 -9.8 -0.194648 0.0597111
3.4 -9.6 0.124541 0.163783
3.4 -9.4 0.112465 -0.17494
3.4 -9.2 -0.204938 -0.0469855
3.4 -9 0.0248297 0.211151
3.4 -8.8 0.193084 -0.094633
3.4 -8.6 -0.154571 -0.15305
3.4 -8.4 -0.0957537 0.198177
3.4 -8.2 0.221034 0.0276179
3.4 -8 -0.0440494 -0.22115
3.4 -7.8 -0.199012 0.111923
3.4 -7.6 0.16946 0.157355
3.4 -7.4 0.100689 -0.211537
3.4 -7.2 -0.234864 -0.0346717
3.4 -7 0.0345813 0.238154
3.4 -6.8 0.222052 -0.101167
3.4 -6.6 -0.159963 -0.188856
3.4 -6.4 -0.142098 0.207041
3.4 -6.2 0.239905 0.0860425
3.4 -6 0.025179 -0.257543
3.4 -5.8 -0.260316 0.0362435
3.4 -5.6 0.0945838 0.249734
3.4 -5.4 0.228144 -0.147059
3.4 -5.2 -0.19187 -0.198395
3.4 -5 -0.163524 0.228205
3.4 -4.8 0.256153 0.126487
3.4 -4.6 0.0899703 -0.276541
3.4 -4.4 -0.290733 -0.0562933
3.4 -4.2 -0.0273934 0.300407
3.4 -4 0.307334 0.00489895
3.4 -3.8 -0.00973566 -0.313139
3.4 -3.6 -0.319048 0.0150529
3.4 -3.4 0.00941734 0.325569
3.4 -3.2 0.332065 0.00908272
3.4 -3 0.042524 -0.336162
3.4 -2.8 -0.333004 -0.0925935
3.4 -2.6 -0.159239 0.314535
3.4 -2.4 0.26937 0.238111
3.4 -2.2 0.316662 -0.18454
3.4 -2 -0.0512098 -0.369907
3.4 -1.8 -0.359623 -0.123424
3.4 -1.6 -0.299199 0.245061
3.4 -1.4 0.015157 0.392643
3.4 -1.2 0.302091 0.260127
3.4 -1 0.403783 -0.00026408
3.4 -0.8 0.338073 -0.22876
3.4 -0.6 0.19951 -0.360215
3.4 -0.4 0.0683088 -0.408747
3.4 -0.2 -0.016792 -0.415695
3.4 0 -0.0454571 -0.414092
3.4 0.2 -0.016792 -0.415695
3.4 0.4 0.0683088 -0.408747
3.4 0.6 0.19951 -0.360215
3.4 0.8 0.338073 -0.22876
3.4 1 0.403783 -0.00026408
3.4 1.2 0.302091 0.260127
3.4 1.4 0.015157 0.392643
3.4 1.6 -0.299199 0.245061
3.4 1.8 -0.359623 -0.123424
3.4 2 -0.0512098 -0.369907
3.4 2.2 0.316662 -0.18454
3.4 2.4 0.26937 0.238111
3.4 2.6 -0.159239 0.314535
3.4 2.8 -0.333004 -0.0925935
3.4 3 0.042524 -0.336162
3.4 3.2 0.332065 0.00908272
3.4 3.4 0.00941734 0.325569
3.4 3.6 -0.319048 0.0150529
3.4 3.8 -0.00973566 -0.313139
3.4 4 0.307334 0.00489895
3.4 4.2 -0.0273934 0.300407
3.4 4.4 -0.290733 -0.0562933
3.4 4.6 0.0899703 -0.276541
3.4 4.8 0.256153 0.126487
3.4 5 -0.163524 0.228205
3.4 5.2 -0.19187 -0.198395
3.4 5.4 0.228144 -0.147059
3.4 5.6 0.0945838 0.249734
3.4 5.8 -0.260316 0.0362435
3.4 6 0.025179 -0.257543
3.4 6.2 0.239905 0.0860425
3.4 6.4 -0.142098 0.207041
3.4 6.6 -0.159963 -0.188856
3.4 6.8 0.222052 -0.101167
3.4 7 0.0345813 0.238154
3.4 7.2 -0.234864 -0.0346717
3.4 7.4 0.100689 -0.211537
3.4 7.6 0.16946 0.157355
3.4 7.8 -0.199012 0.111923
3.4 8 -0.0440494 -0.22115
3.4 8.2 0.221034 0.0276179
3.4 8.4 -0.0957537 0.198177
3.4 8.6 -0.154571 -0.15305
3.4 8.8 0.193084 -0.094633
3.4 9 0.0248297 0.211151
3.4 9.2 -0.204938 -0.0469855
3.4 9.4 0.112465 -0.17494
3.4 9.6 0.124541 0.163783
3.4 9.8 -0.194648 0.0597111
3.6 -10 0.115262 -0.165252
3.6 -9.8 -0.196489 -0.0531591
3.6 -9.6 0.0158704 0.205072
3.6 -9.4 0.190222 -0.083838
3.6 -9.2 -0.143118 -0.153862
3.6 -9 -0.100261 0.18731
3.6 -8.8 0.211905 0.0354206
3.6 -8.6 -0.033696 -0.214679
3.6 -8.4 -0.195788 0.0999915
3.6 -8.2 0.157009 0.157596
3.6 -8 0.104251 -0.199568
3.6 -7.8 -0.224203 -0.0411182
3.6 -7.6 0.0258809 0.229363
3.6 -7.4 0.215391 -0.0909118
3.6 -7.2 -0.148795 -0.184295
3.6 -7 -0.139373 0.195439
3.6 -6.8 0.228103 0.0847455
3.6 -6.6 0.0248603 -0.245493
3.6 -6.4 -0.247687 0.0359642
3.6 -6.2 0.0939233 0.235944
3.6 -6 0.212418 -0.146002
3.6 -5.8 -0.190129 -0.179831
3.6 -5.6 -0.141155 0.22522
3.6 -5.4 0.251122 0.0993202
3.6 -5.2 0.0569952 -0.268476
3.6 -5 -0.278547 -0.0164424
3.6 -4.8 0.020545 0.283026
3.6 -4.6 0.283839 -0.0526257
3.6 -4.4 -0.0788247 -0.282978
3.6 -4.2 -0.282343 0.0983888
3.6 -4 0.1106 0.283603
3.6 -3.8 0.288036 -0.114561
3.6 -3.6 -0.108983 -0.296312
3.6 -3.4 -0.308163 0.0920177
3.6 -3.2 0.0612459 0.321863
3.6 -3 0.3335 -0.0139919
3.6 -2.8 0.0517154 -0.336092
3.6 -2.6 -0.318925 -0.135118
3.6 -2.4 -0.229284 0.268014
3.6 -2.2 0.169429 0.316519
3.6 -2 0.364785 -0.0178431
3.6 -1.8 0.168567 -0.33078
3.6 -1.6 -0.179055 -0.331805
3.6 -1.4 -0.374746 -0.0764734
3.6 -1.2 -0.325204 0.210639
3.6 -1 -0.125285 0.371348
3.6 -0.8 0.0915261 0.384993
3.6 -0.6 0.249083 0.311445
3.6 -0.4 0.336043 0.218915
3.6 -0.2 0.373043 0.150993
3.6 0 0.382444 0.126774
3.6 0.2 0.373043 0.150993
3.6 0.4 0.336043 0.218915
3.6 0.6 0.249083 0.311445
3.6 0.8 0.0915261 0.384993
3.6 1 -0.125285 0.371348
3.6 1.2 -0.325204 0.210639
3.6 1.4 -0.374746 -0.0764734
3.6 1.6 -0.179055 -0.331805
3.6 1.8 0.168567 -0.33078
3.6 2 0.364785 -0.0178431
3.6 2.2 0.169429 0.316519
3.6 2.4 -0.229284 0.268014
3.6 2.6 -0.318925 -0.135118
3.6 2.8 0.0517154 -0.336092
3.6 3 0.3335 -0.0139919
3.6 3.2 0.0612459 0.321863
3.6 3.4 -0.308163 0.0920177
3.6 3.6 -0.108983 -0.296312
3.6 3.8 0.288036 -0.114561
3.6 4 0.1106 0.283603
3.6 4.2 -0.282343 0.0983888
3.6 4.4 -0.0788247 -0.282978
3.6 4.6 0.283839 -0.0526257
3.6 4.8 0.020545 0.283026
3.6 5 -0.278547 -0.0164424
3.6 5.2 0.0569952 -0.268476
3.6 5.4 0.251122 0.0993202
3.6 5.6 -0.141155 0.22522
3.6 5.8 -0.190129 -0.179831
3.6 6 0.212418 -0.146002
3.6 6.2 0.0939233 0.235944
3.6 6.4 -0.247687 0.0359642
3.6 6.6 0.0248603 -0.245493
3.6 6.8 0.228103 0.0847455
3.6 7 -0.139373 0.195439
3.6 7.2 -0.148795 -0.184295
3.6 7.4 0.215391 -0.0909118
3.6 7.6 0.0258809 0.229363
3.6 7.8 -0.224203 -0.0411182
3.6 8 0.104251 -0.199568
3.6 8.2 0.157009 0.157596
3.6 8.4 -0.195788 0.0999915
3.6 8.6 -0.033696 -0.214679
3.6 8.8 0.211905 0.0354206
3.6 9 -0.100261 0.18731
3.6 9.2 -0.143118 -0.153862
3.6 9.4 0.190222 -0.083838
3.6 9.6 0.0158704 0.205072
3.6 9.8 -0.196489 -0.0531591
3.8 -10 0.187443 -0.0736626
3.8 -9.8 -0.132321 -0.154541
3.8 -9.6 -0.104417 0.177062
3.8 -9.4 0.203291 0.0426802
3.8 -9.2 -0.0240319 -0.20857
3.8 -9 -0.192751 0.0888414
3.8 -8.8 0.145381 0.157847
3.8 -8.6 0.107668 -0.188431
3.8 -8.4 -0.214366 -0.0472902
3.8 -8.2 0.0175585 0.221399
3.8 -8 0.209595 -0.0811278
3.8 -7.8 -0.138208 -0.180688
3.8 -7.6 -0.137748 0.184576
3.8 -7.4 0.217287 0.0847453
3.8 -7.2 0.0260724 -0.2348
3.8 -7 -0.236946 0.0339075
3.8 -6.8 0.0912554 0.224765
3.8 -6.6 0.200246 -0.142751
3.8 -6.4 -0.186079 -0.166016
3.8 -6.2 -0.125018 0.219893
3.8 -6 0.243794 0.0802126
3.8 -5.8 0.0343293 -0.258213
3.8 -5.6 -0.264254 0.0103065
3.8 -5.4 0.0518761 0.263506
3.8 -5.2 0.257856 -0.0890941
3.8 -5 -0.121168 -0.249325
3.8 -4.8 -0.239928 0.147705
3.8 -4.6 0.168572 0.231576
3.8 -4.4 0.226009 -0.183723
3.8 -4.2 -0.193008 -0.22473
3.8 -4 -0.22894 0.195953
3.8 -3.8 0.191538 0.239408
3.8 -3.6 0.256217 -0.178
3.8 -3.4 -0.152716 -0.278338
3.8 -3.2 -0.302936 0.112324
3.8 -3 0.0533341 0.32443
3.8 -2.8 0.333501 0.0263791
3.8 -2.6 0.124733 -0.316644
3.8 -2.4 -0.257644 -0.231087
3.8 -2.2 -0.321386 0.143082
3.8 -2 -0.02595 0.356434
3.8 -1.8 0.290775 0.216911
3.8 -1.6 0.353701 -0.101226
3.8 -1.4 0.16597 -0.333704
3.8 -1.2 -0.101916 -0.36305
3.8 -1 -0.300226 -0.234531
3.8 -0.8 -0.380741 -0.052087
3.8 -0.6 -0.371925 0.106792
3.8 -0.4 -0.325409 0.212971
3.8 -0.2 -0.282567 0.268947
3.8 0 -0.26603 0.285863
3.8 0.2 -0.282567 0.268947
3.8 0.4 -0.325409 0.212971
3.8 0.6 -0.371925 0.106792
3.8 0.8 -0.380741 -0.052087
3.8 1 -0.300226 -0.234531
3.8 1.2 -0.101916 -0.36305
3.8 1.4 0.16597 -0.333704
3.8 1.6 0.353701 -0.101226
3.8 1.8 0.290775 0.216911
3.8 2 -0.02595 0.356434
3.8 2.2 -0.321386 0.143082
3.8 2.4 -0.257644 -0.231087
3.8 2.6 0.124733 -0.316644
3.8 2.8 0.333501 0.0263791
3.8 3 0.0533341 0.32443
3.8 3.2 -0.302936 0.112324
3.8 3.4 -0.152716 -0.278338
3.8 3.6 0.256217 -0.178
3.8 3.8 0.191538 0.239408
3.8 4 -0.22894 0.195953
3.8 4.2 -0.193008 -0.22473
3.8 4.4 0.226009 -0.183723
3.8 4.6 0.168572 0.231576
3.8 4.8 -0.239928 0.147705
3.8 5 -0.121168 -0.249325
3.8 5.2 0.257856 -0.0890941
3.8 5.4 0.0518761 0.263506
3.8 5.6 -0.264254 0.0103065
3.8 5.8 0.0343293 -0.258213
3.8 6 0.243794 0.0802126
3.8 6.2 -0.125018 0.219893
3.8 6.4 -0.186079 -0.166016
3.8 6.6 0.200246 -0.142751
3.8 6.8 0.0912554 0.224765
3.8 7 -0.236946 0.0339075
3.8 7.2 0.0260724 -0.2348
3.8 7.4 0.217287 0.0847453
3.8 7.6 -0.137748 0.184576
3.8 7.8 -0.138208 -0.180688
3.8 8 0.209595 -0.0811278
3.8 8.2 0.0175585 0.221399
3.8 8.4 -0.214366 -0.0472902
3.8 8.6 0.107668 -0.188431
3.8 8.8 0.145381 0.157847
3.8 9 -0.192751 0.0888414
3.8 9.2 -0.0240319 -0.20857
3.8 9.4 0.203291 0.0426802
3.8 9.6 -0.104417 0.177062
3.8 9.8 -0.132321 -0.154541
4 -10 0.195093 0.0494547
4 -9.8 -0.0149685 -0.202739
4 -9.6 -0.189835 0.0783595
4 -9.4 0.134444 0.158066
4 -9.2 0.110916 -0.177973
4 -9 -0.205183 -0.0531833
4 -8.8 0.0096003 0.21407
4 -8.6 0.204438 -0.0717806
4 -8.4 -0.128138 -0.177762
4 -8.2 -0.136888 0.174346
4 -8 0.207283 0.0856287
4 -7.8 0.0283066 -0.22519
4 -7.6 -0.227677 0.0306943
4 -7.4 0.0873293 0.215582
4 -7.2 0.190748 -0.138206
4 -7 -0.180789 -0.155717
4 -6.8 -0.11342 0.213502
4 -6.6 0.235716 0.0668655
4 -6.4 0.0188826 -0.247666
4 -6.2 -0.250295 0.0280823
4 -6 0.0720942 0.245079
4 -5.8 0.233834 -0.111787
4 -5.6 -0.146358 -0.218539
4 -5.4 -0.201193 0.175506
4 -5.2 0.19933 0.183708
4 -5 0.167846 -0.218202
4 -4.8 -0.232618 -0.155186
4 -4.6 -0.147135 0.243028
4 -4.4 0.249671 0.144932
4 -4.2 0.149645 -0.252368
4 -4 -0.250321 -0.16211
4 -3.8 -0.18276 0.241889
4 -3.6 0.224408 0.211274
4 -3.4 0.245959 -0.194149
4 -3.2 -0.146613 -0.282825
4 -3 -0.31442 0.0775417
4 -2.8 -0.0149068 0.328805
4 -2.6 0.309644 0.12638
4 -2.4 0.241204 -0.239198
4 -2.2 -0.106606 -0.327976
4 -2 -0.341243 -0.0773259
4 -1.8 -0.263086 0.237944
4 -1.6 0.0148803 0.358997
4 -1.4 0.268703 0.244901
4 -1.2 0.367127 0.0150291
4 -1 0.31421 -0.19699
4 -0.8 0.183084 -0.325845
4 -0.6 0.0447248 -0.373416
4 -0.4 -0.0616381 -0.372724
4 -0.2 -0.124474 -0.357788
4 0 -0.144841 -0.350416
4 0.2 -0.124474 -0.357788
4 0.4 -0.0616381 -0.372724
4 0.6 0.0447248 -0.373416
4 0.8 0.183084 -0.325845
4 1 0.31421 -0.19699
4 1.2 0.367127 0.0150291
4 1.4 0.268703 0.244901
4 1.6 0.0148803 0.358997
4 1.8 -0.263086 0.237944
4 2 -0.341243 -0.0773259
4 2.2 -0.106606 -0.327976
4 2.4 0.241204 -0.239198
4 2.6 0.309644 0.12638
4 2.8 -0.0149068 0.328805
4 3 -0.31442 0.0775417
4 3.2 -0.146613 -0.282825
4 3.4 0.245959 -0.194149
4 3.6 0.224408 0.211274
4 3.8 -0.18276 0.241889
4 4 -0.250321 -0.16211
4 4.2 0.149645 -0.252368
4 4.4 0.249671 0.144932
4 4.6 -0.147135 0.243028
4 4.8 -0.232618 -0.155186
4 5 0.167846 -0.218202
4 5.2 0.19933 0.183708
4 5.4 -0.201193 0.175506
4 5.6 -0.146358 -0.218539
4 5.8 0.233834 -0.111787
4 6 0.0720942 0.245079
4 6.2 -0.250295 0.0280823
4 6.4 0.0188826 -0.247666
4 6.6 0.235716 0.0668655
4 6.8 -0.11342 0.213502
4 7 -0.180789 -0.155717
4 7.2 0.190748 -0.138206
4 7.4 0.0873293 0.215582
4 7.6 -0.227677 0.0306943
4 7.8 0.0283066 -0.22519
4 8 0.207283 0.0856287
4 8.2 -0.136888 0.174346
4 8.4 -0.128138 -0.177762
4 8.6 0.204438 -0.0717806
4 8.8 0.0096003 0.21407
4 9 -0.205183 -0.0531833
4 9.2 0.110916 -0.177973
4 9.4 0.134444 0.158066
4 9.6 -0.189835 0.0783595
4 9.8 -0.0149685 -0.202739
4.2 -10 0.124094 0.15822
4.2 -9.8 0.11398 -0.168078
4.2 -9.6 -0.196526 -0.0587991
4.2 -9.4 0.00198907 0.207233
4.2 -9.2 0.199757 -0.0628356
4.2 -9 -0.118528 -0.175325
4.2 -8.8 -0.136561 0.164657
4.2 -8.6 0.197947 0.0871155
4.2 -8.4 0.031227 -0.216446
4.2 -8.2 -0.219557 0.0267213
4.2 -8 0.0826056 0.207933
4.2 -7.8 0.183273 -0.132889
4.2 -7.6 -0.174848 -0.148041
4.2 -7.4 -0.105153 0.206699
4.2 -7.2 0.22761 0.0576715
4.2 -7 0.00853141 -0.237635
4.2 -6.8 -0.237577 0.0396794
4.2 -6.6 0.0848709 0.228813
4.2 -6.4 0.2131 -0.125534
4.2 -6.2 -0.160755 -0.192388
4.2 -6 -0.168664 0.190184
4.2 -5.8 0.213951 0.143822
4.2 -5.6 0.119586 -0.23256
4.2 -5.4 -0.24677 -0.0974706
4.2 -5.2 -0.0787789 0.257468
4.2 -5 0.265533 0.0646407
4.2 -4.8 0.0560642 -0.271711
4.2 -4.6 -0.276465 -0.0539952
4.2 -4.4 -0.0593596 0.279821
4.2 -4.2 0.281173 0.0730553
4.2 -4 0.0958469 -0.279066
4.2 -3.8 -0.270963 -0.128096
4.2 -3.6 -0.169238 0.253072
4.2 -3.4 0.220393 0.21693
4.2 -3.2 0.265847 -0.167277
4.2 -3 -0.0889541 -0.306323
4.2 -2.8 -0.323497 -0.0154294
4.2 -2.6 -0.138053 0.298332
4.2 -2.4 0.212748 0.256859
4.2 -2.2 0.332659 -0.0610654
4.2 -2 0.13285 -0.31597
4.2 -1.8 -0.17215 -0.301413
4.2 -1.6 -0.343182 -0.074652
4.2 -1.4 -0.304621 0.182301
4.2 -1.2 -0.128623 0.334568
4.2 -1 0.0732185 0.353972
4.2 -0.8 0.228148 0.283658
4.2 -0.6 0.317456 0.182287
4.2 -0.4 0.355843 0.0920713
4.2 -0.2 0.366929 0.0336521
4.2 0 0.368516 0.0137869
4.2 0.2 0.366929 0.0336521
4.2 0.4 0.355843 0.0920713
4.2 0.6 0.317456 0.182287
4.2 0.8 0.228148 0.283658
4.2 1 0.0732185 0.353972
4.2 1.2 -0.128623 0.334568
4.2 1.4 -0.304621 0.182301
4.2 1.6 -0.343182 -0.074652
4.2 1.8 -0.17215 -0.301413
4.2 2 0.13285 -0.31597
4.2 2.2 0.332659 -0.0610654
4.2 2.4 0.212748 0.256859
4.2 2.6 -0.138053 0.298332
4.2 2.8 -0.323497 -0.0154294
4.2 3 -0.0889541 -0.306323
4.2 3.2 0.265847 -0.167277
4.2 3.4 0.220393 0.21693
4.2 3.6 -0.169238 0.253072
4.2 3.8 -0.270963 -0.128096
4.2 4 0.0958469 -0.279066
4.2 4.2 0.281173 0.0730553
4.2 4.4 -0.0593596 0.279821
4.2 4.6 -0.276465 -0.0539952
4.2 4.8 0.0560642 -0.271711
4.2 5 0.265533 0.0646407
4.2 5.2 -0.0787789 0.257468
4.2 5.4 -0.24677 -0.0974706
4.2 5.6 0.119586 -0.23256
4.2 5.8 0.213951 0.143822
4.2 6 -0.168664 0.190184
4.2 6.2 -0.160755 -0.192388
4.2 6.4 0.2131 -0.125534
4.2 6.6 0.0848709 0.228813
4.2 6.8 -0.237577 0.0396794
4.2 7 0.00853141 -0.237635
4.2 7.2 0.22761 0.0576715
4.2 7.4 -0.105153 0.206699
4.2 7.6 -0.174848 -0.148041
4.2 7.8 0.183273 -0.132889
4.2 8 0.0826056 0.207933
4.2 8.2 -0.219557 0.0267213
4.2 8.4 0.031227 -0.216446
4.2 8.6 0.197947 0.0871155
4.2 8.8 -0.136561 0.164657
4.2 9 -0.118528 -0.175325
4.2 9.2 0.199757 -0.0628356
4.2 9.4 0.00198907 0.207233
4.2 9.6 -0.196526 -0.0587991
4.2 9.8 0.11398 -0.168078
4.4 -10 -0.00529261 0.200778
4.4 -9.8 0.195429 -0.0542605
4.4 -9.6 -0.109327 -0.173234
4.4 -9.4 -0.1366 0.15543
4.4 -9.2 0.189163 0.0890102
4.4 -9 0.0346057 -0.208395
4.4 -8.8 -0.212337 0.0222495
4.4 -8.6 0.0773754 0.201465
4.4 -8.4 0.177338 -0.127116
4.4 -8.2 -0.168586 -0.142337
4.4 -8 -0.0993576 0.199815
4.4 -7.8 0.219792 0.051508
4.4 -7.6 0.00182301 -0.228407
4.4 -7.4 -0.226341 0.046968
4.4 -7.2 0.0926116 0.214887
4.4 -7 0.195762 -0.133433
4.4 -6.8 -0.168371 -0.170913
4.4 -6.6 -0.142344 0.196961
4.4 -6.4 0.219267 0.111971
4.4 -6.2 0.0815213 -0.235792
4.4 -6 -0.247361 -0.0524755
4.4 -5.8 -0.0260495 0.255016
4.4 -5.6 0.259896 0.00321484
4.4 -5.4 -0.0152506 -0.263146
4.4 -5.2 -0.265811 0.0286894
4.4 -5 0.0364794 0.268753
4.4 -4.8 0.272545 -0.0379464
4.4 -4.6 -0.0322927 -0.277349
4.4 -4.4 -0.282751 0.0185661
4.4 -4.2 -0.00429236 0.28755
4.4 -4 0.289496 0.037259
4.4 -3.8 0.080813 -0.285022
4.4 -3.6 -0.269085 -0.134196
4.4 -3.4 -0.194272 0.23535
4.4 -3.2 0.177122 0.254037
4.4 -3 0.301174 -0.0895742
4.4 -2.8 0.0262151 -0.317641
4.4 -2.6 -0.282159 -0.157592
4.4 -2.4 -0.274949 0.178064
4.4 -2.2 0.00795582 0.33175
4.4 -2 0.2782 0.188353
4.4 -1.8 0.326306 -0.0951197
4.4 -1.6 0.160388 -0.303837
4.4 -1.4 -0.0804567 -0.337512
4.4 -1.2 -0.267036 -0.226311
4.4 -1 -0.348264 -0.0559219
4.4 -0.8 -0.340059 0.101883
4.4 -0.6 -0.285169 0.214445
4.4 -0.4 -0.222808 0.280368
4.4 -0.2 -0.177722 0.31183
4.4 0 -0.161622 0.320771
4.4 0.2 -0.177722 0.31183
4.4 0.4 -0.222808 0.280368
4.4 0.6 -0.285169 0.214445
4.4 0.8 -0.340059 0.101883
4.4 1 -0.348264 -0.0559219
4.4 1.2 -0.267036 -0.226311
4.4 1.4 -0.0804567 -0.337512
4.4 1.6 0.160388 -0.303837
4.4 1.8 0.326306 -0.0951197
4.4 2 0.2782 0.188353
4.4 2.2 0.00795582 0.33175
4.4 2.4 -0.274949 0.178064
4.4 2.6 -0.282159 -0.157592
4.4 2.8 0.0262151 -0.317641
4.4 3 0.301174 -0.0895742
4.4 3.2 0.177122 0.254037
4.4 3.4 -0.194272 0.23535
4.4 3.6 -0.269085 -0.134196
4.4 3.8 0.080813 -0.285022
4.4 4 0.289496 0.037259
4.4 4.2 -0.00429236 0.28755
4.4 4.4 -0.282751 0.0185661
4.4 4.6 -0.0322927 -0.277349
4.4 4.8 0.272545 -0.0379464
4.4 5 0.0364794 0.268753
4.4 5.2 -0.265811 0.0286894
4.4 5.4 -0.0152506 -0.263146
4.4 5.6 0.259896 0.00321484
4.4 5.8 -0.0260495 0.255016
4.4 6 -0.247361 -0.0524755
4.4 6.2 0.0815213 -0.235792
4.4 6.4 0.219267 0.111971
4.4 6.6 -0.142344 0.196961
4.4 6.8 -0.168371 -0.170913
4.4 7 0.195762 -0.133433
4.4 7.2 0.0926116 0.214887
4.4 7.4 -0.226341 0.046968
4.4 7.6 0.00182301 -0.228407
4.4 7.8 0.219792 0.051508
4.4 8 -0.0993576 0.199815
4.4 8.2 -0.168586 -0.142337
4.4 8.4 0.177338 -0.127116
4.4 8.6 0.0773754 0.201465
4.4 8.8 -0.212337 0.0222495
4.4 9 0.0346057 -0.208395
4.4 9.2 0.189163 0.0890102
4.4 9.4 -0.1366 0.15543
4.4 9.6 -0.109327 -0.173234
4.4 9.8 0.195429 -0.0542605
4.6 -10 -0.136885 0.146601
4.6 -9.8 0.180836 0.0911736
4.6 -9.6 0.0382841 -0.200901
4.6 -9.4 -0.205825 0.017455
4.6 -9.2 0.0718277 0.195913
4.6 -9 0.172584 -0.121081
4.6 -8.8 -0.162188 -0.138128
4.6 -8.6 -0.0954151 0.193015
4.6 -8.4 0.212383 0.0475834
4.6 -8.2 -0.00224396 -0.22004
4.6 -8 -0.21655 0.051207
4.6 -7.8 0.0968948 0.203137
4.6 -7.6 0.181494 -0.137466
4.6 -7.4 -0.171703 -0.153581
4.6 -7.2 -0.121444 0.199004
4.6 -7 0.219335 0.0870591
4.6 -6.8 0.052206 -0.233136
4.6 -6.6 -0.241221 -0.018395
4.6 -6.4 0.0131715 0.244664
4.6 -6.2 0.24469 -0.0415972
4.6 -6 -0.066258 -0.242582
4.6 -5.8 -0.239605 0.0867421
4.6 -5.6 0.102771 0.236935
4.6 -5.4 0.235612 -0.114107
4.6 -5.2 -0.120458 -0.236487
4.6 -5 -0.240163 0.121375
4.6 -4.8 0.11617 0.2469
4.6 -4.6 0.256488 -0.103851
4.6 -4.4 -0.0831277 -0.268047
4.6 -4.2 -0.27975 0.0525158
4.6 -4 0.0106423 0.288499
4.6 -3.8 0.289611 0.0431577
4.6 -3.6 0.107832 -0.276698
4.6 -3.4 -0.242077 -0.179147
4.6 -3.2 -0.24795 0.178227
4.6 -3 0.0809145 0.298792
4.6 -2.8 0.310374 0.0456814
4.6 -2.6 0.182653 -0.260096
4.6 -2.4 -0.135078 -0.292125
4.6 -2.2 -0.321805 -0.0504855
4.6 -2 -0.239018 0.226784
4.6 -1.8 0.0105653 0.332869
4.6 -1.6 0.241224 0.234412
4.6 -1.4 0.338263 0.0279384
4.6 -1.2 0.296391 -0.17096
4.6 -1 0.173766 -0.297541
4.6 -0.8 0.0343432 -0.344881
4.6 -0.6 -0.081972 -0.338409
4.6 -0.4 -0.161308 -0.309896
4.6 -0.2 -0.205101 -0.283699
4.6 0 -0.218842 -0.273545
4.6 0.2 -0.205101 -0.283699
4.6 0.4 -0.161308 -0.309896
4.6 0.6 -0.081972 -0.338409
4.6 0.8 0.0343432 -0.344881
4.6 1 0.173766 -0.297541
4.6 1.2 0.296391 -0.17096
4.6 1.4 0.338263 0.0279384
4.6 1.6 0.241224 0.234412
4.6 1.8 0.0105653 0.332869
4.6 2 -0.239018 0.226784
4.6 2.2 -0.321805 -0.0504855
4.6 2.4 -0.135078 -0.292125
4.6 2.6 0.182653 -0.260096
4.6 2.8 0.310374 0.0456814
4.6 3 0.0809145 0.298792
4.6 3.2 -0.24795 0.178227
4.6 3.4 -0.242077 -0.179147
4.6 3.6 0.107832 -0.276698
4.6 3.8 0.289611 0.0431577
4.6 4 0.0106423 0.288499
4.6 4.2 -0.27975 0.0525158
4.6 4.4 -0.0831277 -0.268047
4.6 4.6 0.256488 -0.103851
4.6 4.8 0.11617 0.2469
4.6 5 -0.240163 0.121375
4.6 5.2 -0.120458 -0.236487
4.6 5.4 0.235612 -0.114107
4.6 5.6 0.102771 0.236935
4.6 5.8 -0.239605 0.0867421
4.6 6 -0.066258 -0.242582
4.6 6.2 0.24469 -0.0415972
4.6 6.4 0.0131715 0.244664
4.6 6.6 -0.241221 -0.018395
4.6 6.8 0.052206 -0.233136
4.6 7 0.219335 0.0870591
4.6 7.2 -0.121444 0.199004
4.6 7.4 -0.171703 -0.153581
4.6 7.6 0.181494 -0.137466
4.6 7.8 0.0968948 0.203137
4.6 8 -0.21655 0.051207
4.6 8.2 -0.00224396 -0.22004
4.6 8.4 0.212383 0.0475834
4.6 8.6 -0.0954151 0.193015
4.6 8.8 -0.162188 -0.138128
4.6 9 0.172584 -0.121081
4.6 9.2 0.0718277 0.195913
4.6 9.4 -0.205825 0.017455
4.6 9.6 0.0382841 -0.200901
4.6 9.8 0.180836 0.0911736
4.8 -10 -0.199869 0.0124593
4.8 -9.8 0.0660878 0.19107
4.8 -9.6 0.168736 -0.114904
4.8 -9.4 -0.155759 -0.135062
4.8 -9.2 -0.0928745 0.186371
4.8 -9 0.20541 0.0453325
4.8 -8.8 -0.00436909 -0.212486
4.8 -8.6 -0.20806 0.0532544
4.8 -8.4 0.0987677 0.193291
4.8 -8.2 0.169853 -0.13891
4.8 -8 -0.17231 -0.13973
4.8 -7.8 -0.105029 0.19823
4.8 -7.6 0.216526 0.067802
4.8 -7.4 0.0299196 -0.227564
4.8 -7.2 -0.232118 0.00703092
4.8 -7 0.0417963 0.231252
4.8 -6.8 0.226217 -0.0734729
4.8 -6.6 -0.101488 -0.218341
4.8 -6.4 -0.208958 0.125555
4.8 -6.2 0.145607 0.199342
4.8 -6 0.190666 -0.16172
4.8 -5.8 -0.174024 -0.183982
4.8 -5.6 -0.180204 0.182611
4.8 -5.4 0.18744 0.180093
4.8 -5.2 0.184234 -0.188239
4.8 -5 -0.184413 -0.192974
4.8 -4.8 -0.206321 0.174962
4.8 -4.6 0.158445 0.223763
4.8 -4.4 0.244005 -0.133013
4.8 -4.2 -0.0965962 -0.264604
4.8 -4 -0.281561 0.0473493
4.8 -3.8 -0.0155224 0.288969
4.8 -3.6 0.278995 0.0904346
4.8 -3.4 0.17162 -0.242642
4.8 -3.2 -0.171928 -0.247207
4.8 -3 -0.298202 0.0640801
4.8 -2.8 -0.0722679 0.300286
4.8 -2.6 0.231029 0.210645
4.8 -2.4 0.304905 -0.0842509
4.8 -2.2 0.111129 -0.299973
4.8 -2 -0.162184 -0.279685
4.8 -1.8 -0.31757 -0.0759792
4.8 -1.6 -0.288855 0.15862
4.8 -1.4 -0.132022 0.304946
4.8 -1.2 0.0570211 0.329878
4.8 -1 0.208566 0.264612
4.8 -0.8 0.298379 0.160351
4.8 -0.6 0.335185 0.0580542
4.8 -0.4 0.340612 -0.0203441
4.8 -0.2 0.33511 -0.0675567
4.8 0 0.331811 -0.0831192
4.8 0.2 0.33511 -0.0675567
4.8 0.4 0.340612 -0.0203441
4.8 0.6 0.335185 0.0580542
4.8 0.8 0.298379 0.160351
4.8 1 0.208566 0.264612
4.8 1.2 0.0570211 0.329878
4.8 1.4 -0.132022 0.304946
4.8 1.6 -0.288855 0.15862
4.8 1.8 -0.31757 -0.0759792
4.8 2 -0.162184 -0.279685
4.8 2.2 0.111129 -0.299973
4.8 2.4 0.304905 -0.0842509
4.8 2.6 0.231029 0.210645
4.8 2.8 -0.0722679 0.300286
4.8 3 -0.298202 0.0640801
4.8 3.2 -0.171928 -0.247207
4.8 3.4 0.17162 -0.242642
4.8 3.6 0.278995 0.0904346
4.8 3.8 -0.0155224 0.288969
4.8 4 -0.281561 0.0473493
4.8 4.2 -0.0965962 -0.264604
4.8 4.4 0.244005 -0.133013
4.8 4.6 0.158445 0.223763
4.8 4.8 -0.206321 0.174962
4.8 5 -0.184413 -0.192974
4.8 5.2 0.184234 -0.188239
4.8 5.4 0.18744 0.180093
4.8 5.6 -0.180204 0.182611
4.8 5.8 -0.174024 -0.183982
4.8 6 0.190666 -0.16172
4.8 6.2 0.145607 0.199342
4.8 6.4 -0.208958 0.125555
4.8 6.6 -0.101488 -0.218341
4.8 6.8 0.226217 -0.0734729
4.8 7 0.0417963 0.231252
4.8 7.2 -0.232118 0.00703092
4.8 7.4 0.0299196 -0.227564
4.8 7.6 0.216526 0.067802
4.8 7.8 -0.105029 0.19823
4.8 8 -0.17231 -0.13973
4.8 8.2 0.169853 -0.13891
4.8 8.4 0.0987677 0.193291
4.8 8.6 -0.20806 0.0532544
4.8 8.8 -0.00436909 -0.212486
4.8 9 0.20541 0.0453325
4.8 9.2 -0.0928745 0.186371
4.8 9.4 -0.155759 -0.135062
4.8 9.6 0.168736 -0.114904
4.8 9.8 0.0660878 0.19107
5 -10 -0.149358 -0.132871
5 -9.8 -0.0914022 0.179911
5 -9.6 0.198851 0.0443452
5 -9.4 -0.00504871 -0.20566
5 -9.2 -0.200698 0.0537038
5 -9 0.0989343 0.185061
5 -8.8 0.160405 -0.138597
5 -8.6 -0.171174 -0.128743
5 -8.4 -0.0922406 0.1958
5 -8.2 0.212224 0.0530454
5 -8 0.0131313 -0.220738
5 -7.8 -0.222071 0.0258081
5 -7.6 0.0624285 0.217276
5 -7.4 0.207612 -0.0957632
5 -7.2 -0.125217 -0.194436
5 -7 -0.179113 0.150533
5 -6.8 0.171737 0.162948
5 -6.6 0.147144 -0.189068
5 -6.4 -0.202905 -0.132775
5 -6.2 -0.120788 0.213688
5 -6 0.221834 0.112007
5 -5.8 0.107157 -0.227662
5 -5.6 -0.231303 -0.106872
5 -5.4 -0.111698 0.232615
5 -5.2 0.231093 0.122066
5 -5 0.138209 -0.225775
5 -4.8 -0.215169 -0.160015
5 -4.6 -0.186777 0.197221
5 -4.4 0.169397 0.216837
5 -4.2 0.247108 -0.128967
5 -4 -0.0736288 -0.272584
5 -3.8 -0.285984 0.00262026
5 -3.6 -0.0815819 0.277929
5 -3.4 0.238225 0.171125
5 -3.2 0.250834 -0.158969
5 -3 -0.039951 -0.297916
5 -2.8 -0.285715 -0.104274
5 -2.6 -0.238683 0.194092
5 -2.4 0.0268425 0.309869
5 -2.2 0.264363 0.169984
5 -2 0.305347 -0.0866874
5 -1.8 0.157609 -0.2789
5 -1.6 -0.0622568 -0.317029
5 -1.4 -0.239705 -0.220328
5 -1.2 -0.322076 -0.0610692
5 -1 -0.316167 0.0936968
5 -0.8 -0.257525 0.208562
5 -0.6 -0.182985 0.277833
5 -0.4 -0.117962 0.312063
5 -0.2 -0.075632 0.325511
5 0 -0.0611265 0.328737
5 0.2 -0.075632 0.325511
5 0.4 -0.117962 0.312063
5 0.6 -0.182985 0.277833
5 0.8 -0.257525 0.208562
5 1 -0.316167 0.0936968
5 1.2 -0.322076 -0.0610692
5 1.4 -0.239705 -0.220328
5 1.6 -0.0622568 -0.317029
5 1.8 0.157609 -0.2789
5 2 0.305347 -0.0866874
5 2.2 0.264363 0.169984
5 2.4 0.0268425 0.309869
5 2.6 -0.238683 0.194092
5 2.8 -0.285715 -0.104274
5 3 -0.039951 -0.297916
5 3.2 0.250834 -0.158969
5 3.4 0.238225 0.171125
5 3.6 -0.0815819 0.277929
5 3.8 -0.285984 0.00262026
5 4 -0.0736288 -0.272584
5 4.2 0.247108 -0.128967
5 4.4 0.169397 0.216837
5 4.6 -0.186777 0.197221
5 4.8 -0.215169 -0.160015
5 5 0.138209 -0.225775
5 5.2 0.231093 0.122066
5 5.4 -0.111698 0.232615
5 5.6 -0.231303 -0.106872
5 5.8 0.107157 -0.227662
5 6 0.221834 0.112007
5 6.2 -0.120788 0.213688
5 6.4 -0.202905 -0.132775
5 6.6 0.147144 -0.189068
5 6.8 0.171737 0.162948
5 7 -0.179113 0.150533
5 7.2 -0.125217 -0.194436
5 7.4 0.207612 -0.0957632
5 7.6 0.0624285 0.217276
5 7.8 -0.222071 0.0258081
5 8 0.0131313 -0.220738
5 8.2 0.212224 0.0530454
5 8.4 -0.0922406 0.1958
5 8.6 -0.171174 -0.128743
5 8.8 0.160405 -0.138597
5 9 0.0989343 0.185061
5 9.2 -0.200698 0.0537038
5 9.4 -0.00504871 -0.20566
5 9.6 0.198851 0.0443452
5 9.8 -0.0914022 0.179911
5.2 -10 -0.0046406 -0.199467
5.2 -9.8 -0.194293 0.0529727
5.2 -9.6 0.0978757 0.178182
5.2 -9.4 0.152768 -0.137074
5.2 -9.2 -0.168918 -0.120085
5.2 -9 -0.0823631 0.19242
5.2 -8.8 0.207229 0.0418407
5.2 -8.6 0.000603806 -0.213567
5.2 -8.4 -0.212127 0.0395362
5.2 -8.2 0.0771232 0.203952
5.2 -8 0.190319 -0.111097
5.2 -7.8 -0.140799 -0.172615
5.2 -7.6 -0.152243 0.165942
5.2 -7.4 0.186569 0.130541
5.2 -7.2 0.108729 -0.202982
5.2 -7 -0.215681 -0.0878748
5.2 -6.8 -0.0688919 0.225287
5.2 -6.6 0.232472 0.0525459
5.2 -6.4 0.0394822 -0.237895
5.2 -6.2 -0.24214 -0.0302609
5.2 -6 -0.025395 0.245649
5.2 -5.8 0.24866 0.0253845
5.2 -5.6 0.0307363 -0.251131
5.2 -5.4 -0.252654 -0.0419577
5.2 -5.2 -0.059505 0.252357
5.2 -5 0.248804 0.0836644
5.2 -4.8 0.114336 -0.239907
5.2 -4.6 -0.222913 -0.150694
5.2 -4.4 -0.190711 0.194533
5.2 -4.2 0.151358 0.230565
5.2 -4 0.264072 -0.0907177
5.2 -3.8 -0.0121422 -0.282388
5.2 -3.6 -0.274515 -0.0805302
5.2 -3.4 -0.176735 0.229305
5.2 -3.2 0.139703 0.257453
5.2 -3 0.296129 -0.00938826
5.2 -2.8 0.13972 -0.265006
5.2 -2.6 -0.148961 -0.263634
5.2 -2.4 -0.303932 -0.0349338
5.2 -2.2 -0.222416 0.21441
5.2 -2 0.00441538 0.311758
5.2 -1.8 0.217869 0.226774
5.2 -1.6 0.314534 0.0391579
5.2 -1.4 0.282384 -0.148889
5.2 -1.2 0.168376 -0.273597
5.2 -1 0.0307665 -0.321547
5.2 -0.8 -0.0900163 -0.311751
5.2 -0.6 -0.177357 -0.273117
5.2 -0.4 -0.231383 -0.230348
5.2 -0.2 -0.259193 -0.199378
5.2 0 -0.267581 -0.188267
5.2 0.2 -0.259193 -0.199378
5.2 0.4 -0.231383 -0.230348
5.2 0.6 -0.177357 -0.273117
5.2 0.8 -0.0900163 -0.311751
5.2 1 0.0307665 -0.321547
5.2 1.2 0.168376 -0.273597
5.2 1.4 0.282384 -0.148889
5.2 1.6 0.314534 0.0391579
5.2 1.8 0.217869 0.226774
5.2 2 0.00441538 0.311758
5.2 2.2 -0.222416 0.21441
5.2 2.4 -0.303932 -0.0349338
5.2 2.6 -0.148961 -0.263634
5.2 2.8 0.13972 -0.265006
5.2 3 0.296129 -0.00938826
5.2 3.2 0.139703 0.257453
5.2 3.4 -0.176735 0.229305
5.2 3.6 -0.274515 -0.0805302
5.2 3.8 -0.0121422 -0.282388
5.2 4 0.264072 -0.0907177
5.2 4.2 0.151358 0.230565
5.2 4.4 -0.190711 0.194533
5.2 4.6 -0.222913 -0.150694
5.2 4.8 0.114336 -0.239907
5.2 5 0.248804 0.0836644
5.2 5.2 -0.059505 0.252357
5.2 5.4 -0.252654 -0.0419577
5.2 5.6 0.0307363 -0.251131
5.2 5.8 0.24866 0.0253845
5.2 6 -0.025395 0.245649
5.2 6.2 -0.24214 -0.0302609
5.2 6.4 0.0394822 -0.237895
5.2 6.6 0.232472 0.0525459
5.2 6.8 -0.0688919 0.225287
5.2 7 -0.215681 -0.0878748
5.2 7.2 0.108729 -0.202982
5.2 7.4 0.186569 0.130541
5.2 7.6 -0.152243 0.165942
5.2 7.8 -0.140799 -0.172615
5.2 8 0.190319 -0.111097
5.2 8.2 0.0771232 0.203952
5.2 8.4 -0.212127 0.0395362
5.2 8.6 0.000603806 -0.213567
5.2 8.8 0.207229 0.0418407
5.2 9 -0.0823631 0.19242
5.2 9.2 -0.168918 -0.120085
5.2 9.4 0.152768 -0.137074
5.2 9.6 0.0978757 0.178182
5.2 9.8 -0.194293 0.0529727
5.4 -10 0.146616 -0.134711
5.4 -9.8 -0.165942 -0.113318
5.4 -9.6 -0.0748165 0.188519
5.4 -9.4 0.201997 0.0334369
5.4 -9.2 -0.00862464 -0.206536
5.4 -9 -0.202795 0.0494365
5.4 -8.8 0.0874239 0.191818
5.4 -8.6 0.174903 -0.12142
5.4 -8.4 -0.150681 -0.153483
5.4 -8.2 -0.129014 0.174864
5.4 -8 0.193986 0.102885
5.4 -7.8 0.0763532 -0.20836
5.4 -7.6 -0.218534 -0.0505036
5.4 -7.4 -0.0262308 0.225211
5.4 -7.2 0.22919 0.00424436
5.4 -7 -0.0149098 -0.231301
5.4 -6.8 -0.232355 0.0308138
5.4 -6.6 0.0431337 0.233095
5.4 -6.4 0.23416 -0.0515698
5.4 -6.2 -0.0558068 -0.236037
5.4 -6 -0.23902 0.0554682
5.4 -5.8 0.0500829 0.243146
5.4 -5.6 0.248123 -0.0390739
5.4 -5.4 -0.0217837 -0.253225
5.4 -5.2 -0.257174 -0.00244049
5.4 -5 -0.0340726 0.258016
5.4 -4.8 0.253016 0.0731103
5.4 -4.6 0.118623 -0.238661
5.4 -4.4 -0.210866 -0.16814
5.4 -4.2 -0.216939 0.165564
5.4 -4 0.0998684 0.257428
5.4 -3.8 0.279001 -0.0139563
5.4 -3.6 0.0864041 -0.269041
5.4 -3.4 -0.215872 -0.187276
5.4 -3.2 -0.265391 0.114312
5.4 -3 -0.0265728 0.290883
5.4 -2.8 0.236756 0.176259
5.4 -2.6 0.282239 -0.0960901
5.4 -2.4 0.0978901 -0.284671
5.4 -2.2 -0.151144 -0.263528
5.4 -2 -0.296082 -0.0789074
5.4 -1.8 -0.276211 0.138242
5.4 -1.6 -0.135359 0.280164
5.4 -1.4 0.0425386 0.310316
5.4 -1.2 0.190607 0.250863
5.4 -1 0.280506 0.146931
5.4 -0.8 0.315671 0.0383518
5.4 -0.6 0.314862 -0.0515037
5.4 -0.4 0.298709 -0.11424
5.4 -0.2 0.282952 -0.150039
5.4 0 0.276726 -0.16154
5.4 0.2 0.282952 -0.150039
5.4 0.4 0.298709 -0.11424
5.4 0.6 0.314862 -0.0515037
5.4 0.8 0.315671 0.0383518
5.4 1 0.280506 0.146931
5.4 1.2 0.190607 0.250863
5.4 1.4 0.0425386 0.310316
5.4 1.6 -0.135359 0.280164
5.4 1.8 -0.276211 0.138242
5.4 2 -0.296082 -0.0789074
5.4 2.2 -0.151144 -0.263528
5.4 2.4 0.0978901 -0.284671
5.4 2.6 0.282239 -0.0960901
5.4 2.8 0.236756 0.176259
5.4 3 -0.0265728 0.290883
5.4 3.2 -0.265391 0.114312
5.4 3.4 -0.215872 -0.187276
5.4 3.6 0.0864041 -0.269041
5.4 3.8 0.279001 -0.0139563
5.4 4 0.0998684 0.257428
5.4 4.2 -0.216939 0.165564
5.4 4.4 -0.210866 -0.16814
5.4 4.6 0.118623 -0.238661
5.4 4.8 0.253016 0.0731103
5.4 5 -0.0340726 0.258016
5.4 5.2 -0.257174 -0.00244049
5.4 5.4 -0.0217837 -0.253225
5.4 5.6 0.248123 -0.0390739
5.4 5.8 0.0500829 0.243146
5.4 6 -0.23902 0.0554682
5.4 6.2 -0.0558068 -0.236037
5.4 6.4 0.23416 -0.0515698
5.4 6.6 0.0431337 0.233095
5.4 6.8 -0.232355 0.0308138
5.4 7 -0.0149098 -0.231301
5.4 7.2 0.22919 0.00424436
5.4 7.4 -0.0262308 0.225211
5.4 7.6 -0.218534 -0.0505036
5.4 7.8 0.0763532 -0.20836
5.4 8 0.193986 0.102885
5.4 8.2 -0.129014 0.174864
5.4 8.4 -0.150681 -0.153483
5.4 8.6 0.174903 -0.12142
5.4 8.8 0.0874239 0.191818
5.4 9 -0.202795 0.0494365
5.4 9.2 -0.00862464 -0.206536
5.4 9.4 0.201997 0.0334369
5.4 9.6 -0.0748165 0.188519
5.4 9.8 -0.165942 -0.113318
5.6 -10 0.196786 0.0272482
5.6 -9.8 -0.0152895 -0.199888
5.6 -9.6 -0.194294 0.0564252
5.6 -9.4 0.094466 0.181051
5.6 -9.2 0.161491 -0.128136
5.6 -9 -0.156599 -0.137098
5.6 -8.8 -0.109396 0.179443
5.6 -8.6 0.196645 0.0798435
5.6 -8.4 0.0497605 -0.208504
5.6 -8.2 -0.215581 -0.0202762
5.6 -8 0.00769679 0.21862
5.6 -7.8 0.21848 -0.0334666
5.6 -7.6 -0.0565469 -0.216075
5.6 -7.4 -0.212323 0.0766272
5.6 -7.2 0.0935314 0.2081
5.6 -7 0.204216 -0.10717
5.6 -6.8 -0.117488 -0.201391
5.6 -6.6 -0.200231 0.124409
5.6 -6.4 0.127783 0.201212
5.6 -6.2 0.20465 -0.127339
5.6 -6 -0.122637 -0.210657
5.6 -5.8 -0.219073 0.113049
5.6 -5.6 0.0977548 0.229371
5.6 -5.4 0.240527 -0.0757963
5.6 -5.2 -0.0462004 -0.250862
5.6 -5 -0.257881 0.00822082
5.6 -4.8 -0.0382652 0.258156
5.6 -4.6 0.247355 0.0921718
5.6 -4.4 0.150443 -0.220565
5.6 -4.2 -0.173118 -0.207223
5.6 -4 -0.253242 0.102136
5.6 -3.8 0.00889281 0.275962
5.6 -3.6 0.26127 0.0982579
5.6 -3.4 0.201366 -0.197627
5.6 -3.2 -0.0830102 -0.272762
5.6 -3 -0.280234 -0.066567
5.6 -2.8 -0.211176 0.200045
5.6 -2.6 0.036873 0.291328
5.6 -2.4 0.250687 0.157992
5.6 -2.2 0.288689 -0.0773383
5.6 -2 0.156442 -0.257481
5.6 -1.8 -0.046414 -0.299969
5.6 -1.6 -0.216448 -0.215767
5.6 -1.4 -0.300189 -0.066723
5.6 -1.2 -0.297506 0.0842192
5.6 -1 -0.238009 0.19964
5.6 -0.8 -0.15631 0.269866
5.6 -0.6 -0.0782598 0.302877
5.6 -0.4 -0.0180511 0.312998
5.6 -0.2 0.0187909 0.313374
5.6 0 0.0310793 0.312535
5.6 0.2 0.0187909 0.313374
5.6 0.4 -0.0180511 0.312998
5.6 0.6 -0.0782598 0.302877
5.6 0.8 -0.15631 0.269866
5.6 1 -0.238009 0.19964
5.6 1.2 -0.297506 0.0842192
5.6 1.4 -0.300189 -0.066723
5.6 1.6 -0.216448 -0.215767
5.6 1.8 -0.046414 -0.299969
5.6 2 0.156442 -0.257481
5.6 2.2 0.288689 -0.0773383
5.6 2.4 0.250687 0.157992
5.6 2.6 0.036873 0.291328
5.6 2.8 -0.211176 0.200045
5.6 3 -0.280234 -0.066567
5.6 3.2 -0.0830102 -0.272762
5.6 3.4 0.201366 -0.197627
5.6 3.6 0.26127 0.0982579
5.6 3.8 0.00889281 0.275962
5.6 4 -0.253242 0.102136
5.6 4.2 -0.173118 -0.207223
5.6 4.4 0.150443 -0.220565
5.6 4.6 0.247355 0.0921718
5.6 4.8 -0.0382652 0.258156
5.6 5 -0.257881 0.00822082
5.6 5.2 -0.0462004 -0.250862
5.6 5.4 0.240527 -0.0757963
5.6 5.6 0.0977548 0.229371
5.6 5.8 -0.219073 0.113049
5.6 6 -0.122637 -0.210657
5.6 6.2 0.20465 -0.127339
5.6 6.4 0.127783 0.201212
5.6 6.6 -0.200231 0.124409
5.6 6.8 -0.117488 -0.201391
5.6 7 0.204216 -0.10717
5.6 7.2 0.0935314 0.2081
5.6 7.4 -0.212323 0.0766272
5.6 7.6 -0.0565469 -0.216075
5.6 7.8 0.21848 -0.0334666
5.6 8 0.00769679 0.21862
5.6 8.2 -0.215581 -0.0202762
5.6 8.4 0.0497605 -0.208504
5.6 8.6 0.196645 0.0798435
5.6 8.8 -0.109396 0.179443
5.6 9 -0.156599 -0.137098
5.6 9.2 0.161491 -0.128136
5.6 9.4 0.094466 0.181051
5.6 9.6 -0.194294 0.0564252
5.6 9.8 -0.0152895 -0.199888
5.8 -10 0.0990787 0.171654
5.8 -9.8 0.150003 -0.132247
5.8 -9.6 -0.159763 -0.123276
5.8 -9.4 -0.093071 0.181144
5.8 -9.2 0.19632 0.0609306
5.8 -9 0.0282548 -0.20557
5.8 -8.8 -0.209458 0.00375804
5.8 -8.6 0.0341472 0.20875
5.8 -8.4 0.204346 -0.0622005
5.8 -8.2 -0.0874459 -0.197209
5.8 -8 -0.188312 0.109627
5.8 -7.8 0.128666 0.178592
5.8 -7.6 0.168927 -0.144621
5.8 -7.4 -0.157636 -0.160109
5.8 -7.2 -0.152845 0.167888
5.8 -7 0.175542 0.147748
5.8 -6.8 0.14534 -0.180691
5.8 -6.6 -0.183314 -0.14605
5.8 -6.4 -0.150199 0.18322
5.8 -6.2 0.180006 0.157972
5.8 -6 0.169361 -0.173019
5.8 -5.8 -0.161335 -0.184077
5.8 -5.6 -0.201421 0.143773
5.8 -5.4 0.118971 0.220108
5.8 -5.2 0.238062 -0.0855607
5.8 -5 -0.0424875 -0.252215
5.8 -4.8 -0.258381 -0.0104715
5.8 -4.6 -0.0719655 0.25134
5.8 -4.4 0.225326 0.138146
5.8 -4.2 0.201738 -0.175171
5.8 -4 -0.0983143 -0.251519
5.8 -3.8 -0.272908 -0.00231378
5.8 -3.6 -0.115064 0.250615
5.8 -3.4 0.174172 0.217429
5.8 -3.2 0.277543 -0.0462251
5.8 -3 0.108797 -0.262432
5.8 -2.8 -0.154656 -0.241463
5.8 -2.6 -0.288119 -0.0262821
5.8 -2.4 -0.21064 0.201917
5.8 -2.2 -0.00254978 0.294132
5.8 -2 0.197519 0.220954
5.8 -1.8 0.29438 0.0491045
5.8 -1.6 0.27092 -0.12969
5.8 -1.4 0.165302 -0.252859
5.8 -1.2 0.0309294 -0.302057
5.8 -1 -0.0915097 -0.290914
5.8 -0.8 -0.182748 -0.245531
5.8 -0.6 -0.240801 -0.190351
5.8 -0.4 -0.272685 -0.1423
5.8 -0.2 -0.287356 -0.11076
5.8 0 -0.291452 -0.0998783
5.8 0.2 -0.287356 -0.11076
5.8 0.4 -0.272685 -0.1423
5.8 0.6 -0.240801 -0.190351
5.8 0.8 -0.182748 -0.245531
5.8 1 -0.0915097 -0.290914
5.8 1.2 0.0309294 -0.302057
5.8 1.4 0.165302 -0.252859
5.8 1.6 0.27092 -0.12969
5.8 1.8 0.29438 0.0491045
5.8 2 0.197519 0.220954
5.8 2.2 -0.00254978 0.294132
5.8 2.4 -0.21064 0.201917
5.8 2.6 -0.288119 -0.0262821
5.8 2.8 -0.154656 -0.241463
5.8 3 0.108797 -0.262432
5.8 3.2 0.277543 -0.0462251
5.8 3.4 0.174172 0.217429
5.8 3.6 -0.115064 0.250615
5.8 3.8 -0.272908 -0.00231378
5.8 4 -0.0983143 -0.251519
5.8 4.2 0.201738 -0.175171
5.8 4.4 0.225326 0.138146
5.8 4.6 -0.0719655 0.25134
5.8 4.8 -0.258381 -0.0104715
5.8 5 -0.0424875 -0.252215
5.8 5.2 0.238062 -0.0855607
5.8 5.4 0.118971 0.220108
5.8 5.6 -0.201421 0.143773
5.8 5.8 -0.161335 -0.184077
5.8 6 0.169361 -0.173019
5.8 6.2 0.180006 0.157972
5.8 6.4 -0.150199 0.18322
5.8 6.6 -0.183314 -0.14605
5.8 6.8 0.14534 -0.180691
5.8 7 0.175542 0.147748
5.8 7.2 -0.152845 0.167888
5.8 7.4 -0.157636 -0.160109
5.8 7.6 0.168927 -0.144621
5.8 7.8 0.128666 0.178592
5.8 8 -0.188312 0.109627
5.8 8.2 -0.0874459 -0.197209
5.8 8.4 0.204346 -0.0622005
5.8 8.6 0.0341472 0.20875
5.8 8.8 -0.209458 0.00375804
5.8 9 0.0282548 -0.20557
5.8 9.2 0.19632 0.0609306
5.8 9.4 -0.093071 0.181144
5.8 9.6 -0.159763 -0.123276
5.8 9.8 0.150003 -0.132247
6 -10 -0.0796282 0.180959
6 -9.8 0.19418 0.0455663
6 -9.6 0.011046 -0.20094
6 -9.4 -0.201804 0.0226504
6 -9.2 0.054493 0.197561
6 -9 0.189146 -0.0837223
6 -8.8 -0.109847 -0.177565
6 -8.6 -0.163836 0.132622
6 -8.4 0.152017 0.148938
6 -8.2 0.133779 -0.168173
6 -8 -0.181358 -0.119174
6 -7.8 -0.10584 0.191919
6 -7.6 0.200236 0.0943976
6 -7.4 0.0853815 -0.206673
6 -7.2 -0.211541 -0.0792572
6 -7 -0.0764345 0.215048
6 -6.8 0.217261 0.0772784
6 -6.6 0.0821094 -0.218056
6 -6.4 -0.217074 -0.0911861
6 -6.2 -0.104663 0.213676
6 -6 0.2069 0.122514
6 -5.8 0.144407 -0.195446
6 -5.6 -0.177698 -0.16953
6 -5.4 -0.196362 0.151829
6 -5.2 0.116035 0.222411
6 -5 0.243974 -0.0689551
6 -4.8 -0.010336 -0.256015
6 -4.6 -0.252342 -0.0580428
6 -4.4 -0.131277 0.226333
6 -4.2 0.172483 0.200353
6 -4 0.251836 -0.0889639
6 -3.8 0.0189782 -0.269123
6 -3.6 -0.236295 -0.135668
6 -3.4 -0.233695 0.145181
6 -3.2 0.00474906 0.277681
6 -3 0.236112 0.150998
6 -2.8 0.263991 -0.101248
6 -2.6 0.0900038 -0.270554
6 -2.4 -0.139873 -0.251096
6 -2.2 -0.277562 -0.0826587
6 -2 -0.265694 0.120316
6 -1.8 -0.138565 0.258826
6 -1.6 0.0294504 0.293875
6 -1.4 0.174157 0.240508
6 -1.2 0.264149 0.138714
6 -1 0.298337 0.0272209
6 -0.8 0.292523 -0.0691764
6 -0.6 0.266652 -0.140478
6 -0.4 0.237432 -0.186579
6 -0.2 0.21598 -0.21154
6 0 0.208225 -0.219338
6 0.2 0.21598 -0.21154
6 0.4 0.237432 -0.186579
6 0.6 0.266652 -0.140478
6 0.8 0.292523 -0.0691764
6 1 0.298337 0.0272209
6 1.2 0.264149 0.138714
6 1.4 0.174157 0.240508
6 1.6 0.0294504 0.293875
6 1.8 -0.138565 0.258826
6 2 -0.265694 0.120316
6 2.2 -0.277562 -0.0826587
6 2.4 -0.139873 -0.251096
6 2.6 0.0900038 -0.270554
6 2.8 0.263991 -0.101248
6 3 0.236112 0.150998
6 3.2 0.00474906 0.277681
6 3.4 -0.233695 0.145181
6 3.6 -0.236295 -0.135668
6 3.8 0.0189782 -0.269123
6 4 0.251836 -0.0889639
6 4.2 0.172483 0.200353
6 4.4 -0.131277 0.226333
6 4.6 -0.252342 -0.0580428
6 4.8 -0.010336 -0.256015
6 5 0.243974 -0.0689551
6 5.2 0.116035 0.222411
6 5.4 -0.196362 0.151829
6 5.6 -0.177698 -0.16953
6 5.8 0.144407 -0.195446
6 6 0.2069 0.122514
6 6.2 -0.104663 0.213676
6 6.4 -0.217074 -0.0911861
6 6.6 0.0821094 -0.218056
6 6.8 0.217261 0.0772784
6 7 -0.0764345 0.215048
6 7.2 -0.211541 -0.0792572
6 7.4 0.0853815 -0.206673
6 7.6 0.200236 0.0943976
6 7.8 -0.10584 0.191919
6 8 -0.181358 -0.119174
6 8.2 0.133779 -0.168173
6 8.4 0.152017 0.148938
6 8.6 -0.163836 0.132622
6 8.8 -0.109847 -0.177565
6 9 0.189146 -0.0837223
6 9.2 0.054493 0.197561
6 9.4 -0.201804 0.0226504
6 9.6 0.011046 -0.20094
6 9.8 0.19418 0.0455663
6.2 -10 -0.193617 0.0373667
6.2 -9.8 0.0699751 0.186197
6.2 -9.6 0.1742 -0.0996109
6.2 -9.4 -0.125742 -0.158684
6.2 -9.2 -0.140714 0.148109
6.2 -9 0.166694 0.121315
6.2 -8.8 0.101427 -0.181679
6.2 -8.6 -0.193401 -0.0818813
6.2 -8.4 -0.0633891 0.202308
6.2 -8.2 0.208909 0.0465439
6.2 -8 0.0318334 -0.213737
6.2 -7.8 -0.217309 -0.0196584
6.2 -7.6 -0.010358 0.220094
6.2 -7.4 0.222476 0.00423484
6.2 -7.2 0.00158034 -0.224728
6.2 -7 -0.226971 -0.00269441
6.2 -6.8 -0.0078955 0.22914
6.2 -6.6 0.230938 0.0175152
6.2 -6.4 0.031869 -0.23178
6.2 -6.2 -0.230743 -0.0511939
6.2 -6 -0.0755399 0.226514
6.2 -5.8 0.217373 0.104604
6.2 -5.6 0.1375 -0.201224
6.2 -5.4 -0.175733 -0.172464
6.2 -5.2 -0.206535 0.138644
6.2 -5 0.0883192 0.235274
6.2 -4.8 0.252678 -0.0245865
6.2 -4.6 0.0501316 -0.2515
6.2 -4.4 -0.224296 -0.129564
6.2 -4.2 -0.202621 0.165478
6.2 -4 0.0744774 0.25346
6.2 -3.8 0.263652 0.0403896
6.2 -3.6 0.158745 -0.217477
6.2 -3.4 -0.11056 -0.24823
6.2 -3.2 -0.271222 -0.0401521
6.2 -3 -0.190485 0.200499
6.2 -2.8 0.041473 0.275767
6.2 -2.6 0.237638 0.150143
6.2 -2.4 0.275013 -0.0677209
6.2 -2.2 0.156234 -0.238665
6.2 -2 -0.0323558 -0.285331
6.2 -1.8 -0.19616 -0.212141
6.2 -1.6 -0.28137 -0.0725021
6.2 -1.4 -0.282415 0.0743284
6.2 -1.2 -0.223883 0.189529
6.2 -1 -0.138328 0.259942
6.2 -0.8 -0.0519828 0.290778
6.2 -0.6 0.0198306 0.295458
6.2 -0.4 0.0710537 0.288017
6.2 -0.2 0.101003 0.279268
6.2 0 0.11078 0.275652
6.2 0.2 0.101003 0.279268
6.2 0.4 0.0710537 0.288017
6.2 0.6 0.0198306 0.295458
6.2 0.8 -0.0519828 0.290778
6.2 1 -0.138328 0.259942
6.2 1.2 -0.223883 0.189529
6.2 1.4 -0.282415 0.0743284
6.2 1.6 -0.28137 -0.0725021
6.2 1.8 -0.19616 -0.212141
6.2 2 -0.0323558 -0.285331
6.2 2.2 0.156234 -0.238665
6.2 2.4 0.275013 -0.0677209
6.2 2.6 0.237638 0.150143
6.2 2.8 0.041473 0.275767
6.2 3 -0.190485 0.200499
6.2 3.2 -0.271222 -0.0401521
6.2 3.4 -0.11056 -0.24823
6.2 3.6 0.158745 -0.217477
6.2 3.8 0.263652 0.0403896
6.2 4 0.0744774 0.25346
6.2 4.2 -0.202621 0.165478
6.2 4.4 -0.224296 -0.129564
6.2 4.6 0.0501316 -0.2515
6.2 4.8 0.252678 -0.0245865
6.2 5 0.0883192 0.235274
6.2 5.2 -0.206535 0.138644
6.2 5.4 -0.175733 -0.172464
6.2 5.6 0.1375 -0.201224
6.2 5.8 0.217373 0.104604
6.2 6 -0.0755399 0.226514
6.2 6.2 -0.230743 -0.0511939
6.2 6.4 0.031869 -0.23178
6.2 6.6 0.230938 0.0175152
6.2 6.8 -0.0078955 0.22914
6.2 7 -0.226971 -0.00269441
6.2 7.2 0.00158034 -0.224728
6.2 7.4 0.222476 0.00423484
6.2 7.6 -0.010358 0.220094
6.2 7.8 -0.217309 -0.0196584
6.2 8 0.0318334 -0.213737
6.2 8.2 0.208909 0.0465439
6.2 8.4 -0.0633891 0.202308
6.2 8.6 -0.193401 -0.0818813
6.2 8.8 0.101427 -0.181679
6.2 9 0.166694 0.121315
6.2 9.2 -0.140714 0.148109
6.2 9.4 -0.125742 -0.158684
6.2 9.6 0.1742 -0.0996109
6.2 9.8 0.0699751 0.186197
6.4 -10 -0.136751 -0.141323
6.4 -9.8 -0.119778 0.158097
6.4 -9.6 0.17518 0.0966486
6.4 -9.4 0.0729211 -0.1882
6.4 -9.2 -0.197532 -0.049455
6.4 -9 -0.0269686 0.203683
6.4 -8.8 0.207239 0.00603711
6.4 -8.6 -0.0128983 -0.208832
6.4 -8.4 -0.209096 0.0295117
6.4 -8.2 0.0435668 0.208643
6.4 -8 0.208034 -0.0548881
6.4 -7.8 -0.0633285 -0.207761
6.4 -7.6 -0.208226 0.0687381
6.4 -7.4 0.070934 0.209722
6.4 -7.2 0.212406 -0.0696753
6.4 -7 -0.0646455 -0.216268
6.4 -6.8 -0.22109 0.0554484
6.4 -6.6 0.041623 0.226388
6.4 -6.4 0.231348 -0.0226885
6.4 -6.2 0.00176792 -0.234756
6.4 -6 -0.234933 -0.0319464
6.4 -5.8 -0.0676175 0.229707
6.4 -5.6 0.216466 0.107826
6.4 -5.4 0.150524 -0.192339
6.4 -5.2 -0.15461 -0.192187
6.4 -5 -0.227511 0.101422
6.4 -4.8 0.0328368 0.249388
6.4 -4.6 0.24945 0.0478161
6.4 -4.4 0.132547 -0.219532
6.4 -4.2 -0.154322 -0.207865
6.4 -4 -0.255428 0.0551713
6.4 -3.8 -0.0657302 0.255405
6.4 -3.6 0.193419 0.18276
6.4 -3.4 0.258997 -0.0705902
6.4 -3.2 0.0866835 -0.256481
6.4 -3 -0.155597 -0.224272
6.4 -2.8 -0.27424 -0.0220061
6.4 -2.6 -0.202093 0.189732
6.4 -2.4 -0.00982289 0.279014
6.4 -2.2 0.17944 0.216336
6.4 -2 0.276818 0.0580466
6.4 -1.8 0.261223 -0.112662
6.4 -1.6 0.163651 -0.234538
6.4 -1.4 0.0332358 -0.28542
6.4 -1.2 -0.0893447 -0.274369
6.4 -1 -0.182459 -0.224873
6.4 -0.8 -0.241766 -0.160954
6.4 -0.6 -0.273309 -0.100262
6.4 -0.4 -0.286756 -0.0529623
6.4 -0.2 -0.290942 -0.0236269
6.4 0 -0.291674 -0.0137549
6.4 0.2 -0.290942 -0.0236269
6.4 0.4 -0.286756 -0.0529623
6.4 0.6 -0.273309 -0.100262
6.4 0.8 -0.241766 -0.160954
6.4 1 -0.182459 -0.224873
6.4 1.2 -0.0893447 -0.274369
6.4 1.4 0.0332358 -0.28542
6.4 1.6 0.163651 -0.234538
6.4 1.8 0.261223 -0.112662
6.4 2 0.276818 0.0580466
6.4 2.2 0.17944 0.216336
6.4 2.4 -0.00982289 0.279014
6.4 2.6 -0.202093 0.189732
6.4 2.8 -0.27424 -0.0220061
6.4 3 -0.155597 -0.224272
6.4 3.2 0.0866835 -0.256481
6.4 3.4 0.258997 -0.0705902
6.4 3.6 0.193419 0.18276
6.4 3.8 -0.0657302 0.255405
6.4 4 -0.255428 0.0551713
6.4 4.2 -0.154322 -0.207865
6.4 4.4 0.132547 -0.219532
6.4 4.6 0.24945 0.0478161
6.4 4.8 0.0328368 0.249388
6.4 5 -0.227511 0.101422
6.4 5.2 -0.15461 -0.192187
6.4 5.4 0.150524 -0.192339
6.4 5.6 0.216466 0.107826
6.4 5.8 -0.0676175 0.229707
6.4 6 -0.234933 -0.0319464
6.4 6.2 0.00176792 -0.234756
6.4 6.4 0.231348 -0.0226885
6.4 6.6 0.041623 0.226388
6.4 6.8 -0.22109 0.0554484
6.4 7 -0.0646455 -0.216268
6.4 7.2 0.212406 -0.0696753
6.4 7.4 0.070934 0.209722
6.4 7.6 -0.208226 0.0687381
6.4 7.8 -0.0633285 -0.207761
6.4 8 0.208034 -0.0548881
6.4 8.2 0.0435668 0.208643
6.4 8.4 -0.209096 0.0295117
6.4 8.6 -0.0128983 -0.208832
6.4 8.8 0.207239 0.00603711
6.4 9 -0.0269686 0.203683
6.4 9.2 -0.197532 -0.049455
6.4 9.4 0.0729211 -0.1882
6.4 9.6 0.17518 0.0966486
6.4 9.8 -0.119778 0.158097
6.6 -10 0.0484599 -0.190017
6.6 -9.8 -0.196528 -0.0220441
6.6 -9.6 0.00332066 0.199427
6.6 -9.4 0.199353 -0.027057
6.6 -9.2 -0.0487483 -0.196998
6.6 -9 -0.193067 0.0681216
6.6 -8.8 0.0850246 0.188247
6.6 -8.6 0.183187 -0.0993965
6.6 -8.4 -0.111236 -0.178482
6.6 -8.2 -0.174659 0.120567
6.6 -8 0.127409 0.172173
6.6 -7.8 0.171398 -0.131738
6.6 -7.6 -0.133462 -0.17262
6.6 -7.4 -0.176017 0.13239
6.6 -7.2 0.128212 0.181638
6.6 -7 0.189362 -0.120481
6.6 -6.8 -0.108621 -0.198848
6.6 -6.6 -0.209455 0.0919485
6.6 -6.4 0.0697363 0.220163
6.6 -6.2 0.229471 -0.0413284
6.6 -6 -0.00632837 -0.235321
6.6 -5.8 -0.235062 -0.0351228
6.6 -5.6 -0.0819744 0.22552
6.6 -5.4 0.203257 0.131818
6.6 -5.2 0.180439 -0.165102
6.6 -5 -0.109066 -0.221506
6.6 -4.8 -0.246673 0.0356384
6.6 -4.6 -0.0506241 0.246421
6.6 -4.4 0.21205 0.139636
6.6 -4.2 0.215219 -0.139022
6.6 -4 -0.031382 -0.256604
6.6 -3.8 -0.243261 -0.0940012
6.6 -3.6 -0.205967 0.163599
6.6 -3.4 0.0260339 0.263955
6.6 -3.2 0.23223 0.132531
6.6 -3 0.249291 -0.102331
6.6 -2.8 0.0856105 -0.257646
6.6 -2.6 -0.128741 -0.241236
6.6 -2.4 -0.261246 -0.0868129
6.6 -2.2 -0.256674 0.104275
6.6 -2 -0.141603 0.240037
6.6 -1.8 0.017511 0.27967
6.6 -1.6 0.15902 0.232422
6.6 -1.4 0.249225 0.133809
6.6 -1.2 0.283176 0.0214265
6.6 -1 0.273871 -0.078652
6.6 -0.8 0.240289 -0.154614
6.6 -0.6 0.199531 -0.205398
6.6 -0.4 0.163703 -0.235499
6.6 -0.2 0.139937 -0.250663
6.6 0 0.131684 -0.255197
6.6 0.2 0.139937 -0.250663
6.6 0.4 0.163703 -0.235499
6.6 0.6 0.199531 -0.205398
6.6 0.8 0.240289 -0.154614
6.6 1 0.273871 -0.078652
6.6 1.2 0.283176 0.0214265
6.6 1.4 0.249225 0.133809
6.6 1.6 0.15902 0.232422
6.6 1.8 0.017511 0.27967
6.6 2 -0.141603 0.240037
6.6 2.2 -0.256674 0.104275
6.6 2.4 -0.261246 -0.0868129
6.6 2.6 -0.128741 -0.241236
6.6 2.8 0.0856105 -0.257646
6.6 3 0.249291 -0.102331
6.6 3.2 0.23223 0.132531
6.6 3.4 0.0260339 0.263955
6.6 3.6 -0.205967 0.163599
6.6 3.8 -0.243261 -0.0940012
6.6 4 -0.031382 -0.256604
6.6 4.2 0.215219 -0.139022
6.6 4.4 0.21205 0.139636
6.6 4.6 -0.0506241 0.246421
6.6 4.8 -0.246673 0.0356384
6.6 5 -0.109066 -0.221506
6.6 5.2 0.180439 -0.165102
6.6 5.4 0.203257 0.131818
6.6 5.6 -0.0819744 0.22552
6.6 5.8 -0.235062 -0.0351228
6.6 6 -0.00632837 -0.235321
6.6 6.2 0.229471 -0.0413284
6.6 6.4 0.0697363 0.220163
6.6 6.6 -0.209455 0.0919485
6.6 6.8 -0.108621 -0.198848
6.6 7 0.189362 -0.120481
6.6 7.2 0.128212 0.181638
6.6 7.4 -0.176017 0.13239
6.6 7.6 -0.133462 -0.17262
6.6 7.8 0.171398 -0.131738
6.6 8 0.127409 0.172173
6.6 8.2 -0.174659 0.120567
6.6 8.4 -0.111236 -0.178482
6.6 8.6 0.183187 -0.0993965
6.6 8.8 0.0850246 0.188247
6.6 9 -0.193067 0.0681216
6.6 9.2 -0.0487483 -0.196998
6.6 9.4 0.199353 -0.027057
6.6 9.6 0.00332066 0.199427
6.6 9.8 -0.196528 -0.0220441
6.8 -10 0.188074 -0.0534614
6.8 -9.8 -0.0766657 -0.181639
6.8 -9.6 -0.173341 0.0973708
6.8 -9.4 0.115478 0.163916
6.8 -9.2 0.154059 -0.131008
6.8 -9 -0.144069 -0.144406
6.8 -8.8 -0.13553 0.154828
6.8 -8.6 0.163471 0.127933
6.8 -8.4 0.122054 -0.17018
6.8 -8.2 -0.175097 -0.118271
6.8 -8 -0.116901 0.178295
6.8 -7.8 0.17975 0.118206
6.8 -7.6 0.122379 -0.179315
6.8 -7.4 -0.176689 -0.129533
6.8 -7.2 -0.139662 0.171406
6.8 -7 0.162814 0.152593
6.8 -6.8 0.167913 -0.150085
6.8 -6.6 -0.13225 -0.184871
6.8 -6.4 -0.20226 0.10828
6.8 -6.2 0.0772327 0.218299
6.8 -6 0.230525 -0.0384933
6.8 -5.8 0.00787583 -0.235762
6.8 -5.6 -0.230225 -0.0606733
6.8 -5.4 -0.117021 0.209872
6.8 -5.2 0.171104 0.171853
6.8 -5 0.217641 -0.111916
6.8 -4.8 -0.0334787 -0.244675
6.8 -4.6 -0.242319 -0.0580584
6.8 -4.4 -0.150126 0.201642
6.8 -4.2 0.119519 0.223659
6.8 -4 0.255745 -0.00355848
6.8 -3.8 0.123968 -0.226175
6.8 -3.6 -0.12785 -0.226437
6.8 -3.4 -0.261204 -0.0217872
6.8 -3.2 -0.174947 0.197889
6.8 -3 0.0426301 0.262659
6.8 -2.8 0.22533 0.145069
6.8 -2.6 0.263468 -0.0581469
6.8 -2.4 0.156601 -0.221832
6.8 -2.2 -0.019699 -0.272465
6.8 -2 -0.178116 -0.20914
6.8 -1.8 -0.264819 -0.0782151
6.8 -1.6 -0.269841 0.0644327
6.8 -1.4 -0.213432 0.179059
6.8 -1.2 -0.126203 0.249526
6.8 -1 -0.0347008 0.278357
6.8 -0.8 0.0445247 0.277699
6.8 -0.6 0.104522 0.261723
6.8 -0.4 0.144686 0.242331
6.8 -0.2 0.167207 0.227687
6.8 0 0.174403 0.22233
6.8 0.2 0.167207 0.227687
6.8 0.4 0.144686 0.242331
6.8 0.6 0.104522 0.261723
6.8 0.8 0.0445247 0.277699
6.8 1 -0.0347008 0.278357
6.8 1.2 -0.126203 0.249526
6.8 1.4 -0.213432 0.179059
6.8 1.6 -0.269841 0.0644327
6.8 1.8 -0.264819 -0.0782151
6.8 2 -0.178116 -0.20914
6.8 2.2 -0.019699 -0.272465
6.8 2.4 0.156601 -0.221832
6.8 2.6 0.263468 -0.0581469
6.8 2.8 0.22533 0.145069
6.8 3 0.0426301 0.262659
6.8 3.2 -0.174947 0.197889
6.8 3.4 -0.261204 -0.0217872
6.8 3.6 -0.12785 -0.226437
6.8 3.8 0.123968 -0.226175
6.8 4 0.255745 -0.00355848
6.8 4.2 0.119519 0.223659
6.8 4.4 -0.150126 0.201642
6.8 4.6 -0.242319 -0.0580584
6.8 4.8 -0.0334787 -0.244675
6.8 5 0.217641 -0.111916
6.8 5.2 0.171104 0.171853
6.8 5.4 -0.117021 0.209872
6.8 5.6 -0.230225 -0.0606733
6.8 5.8 0.00787583 -0.235762
6.8 6 0.230525 -0.0384933
6.8 6.2 0.0772327 0.218299
6.8 6.4 -0.20226 0.10828
6.8 6.6 -0.13225 -0.184871
6.8 6.8 0.167913 -0.150085
6.8 7 0.162814 0.152593
6.8 7.2 -0.139662 0.171406
6.8 7.4 -0.176689 -0.129533
6.8 7.6 0.122379 -0.179315
6.8 7.8 0.17975 0.118206
6.8 8 -0.116901 0.178295
6.8 8.2 -0.175097 -0.118271
6.8 8.4 0.122054 -0.17018
6.8 8.6 0.163471 0.127933
6.8 8.8 -0.13553 0.154828
6.8 9 -0.144069 -0.144406
6.8 9.2 0.154059 -0.131008
6.8 9.4 0.115478 0.163916
6.8 9.6 -0.173341 0.0973708
6.8 9.8 -0.0766657 -0.181639
7 -10 0.136929 0.13874
7 -9.8 0.124365 -0.152177
7 -9.6 -0.164797 -0.110042
7 -9.4 -0.096354 0.17505
7 -9.2 0.183246 0.0838059
7 -9 0.0728293 -0.189715
7 -8.8 -0.194775 -0.0637925
7 -8.6 -0.0570122 0.198707
7 -8.4 0.201735 0.0527666
7 -8.2 0.051306 -0.203993
7 -8 -0.205507 -0.0528602
7 -7.8 -0.0576377 0.206169
7 -7.6 0.205705 0.065815
7 -7.4 0.0775106 -0.203654
7 -7.2 -0.199341 -0.0927397
7 -7 -0.111345 0.191866
7 -6.8 0.18011 0.132896
7 -6.6 0.156565 -0.162778
7 -6.4 -0.1385 -0.180978
7 -6.2 -0.204052 0.106023
7 -6 0.064506 0.222882
7 -5.8 0.233703 -0.0139657
7 -5.6 0.0441641 -0.232059
7 -5.4 -0.213272 -0.106396
7 -5.2 -0.166633 0.173361
7 -5 0.110472 0.215968
7 -4.8 0.243236 -0.0267702
7 -4.6 0.0695931 -0.236807
7 -4.4 -0.187967 -0.163195
7 -4.2 -0.232021 0.095784
7 -4 -0.0276543 0.251565
7 -3.8 0.203288 0.154136
7 -3.6 0.242138 -0.0864687
7 -3.4 0.0709736 -0.249158
7 -3.2 -0.153701 -0.21091
7 -3 -0.26201 -0.0205902
7 -2.8 -0.195767 0.178007
7 -2.6 -0.0171387 0.265747
7 -2.4 0.163128 0.212533
7 -2.2 0.261199 0.0661663
7 -2 0.252791 -0.0973258
7 -1.8 0.162894 -0.218082
7 -1.6 0.0367979 -0.270924
7 -1.4 -0.0850702 -0.260984
7 -1.2 -0.179054 -0.209323
7 -1 -0.23848 -0.139489
7 -0.8 -0.268018 -0.0698065
7 -0.6 -0.277266 -0.0112481
7 -0.4 -0.27611 0.0313094
7 -0.2 -0.272279 0.0566572
7 0 -0.270482 0.0650271
7 0.2 -0.272279 0.0566572
7 0.4 -0.27611 0.0313094
7 0.6 -0.277266 -0.0112481
7 0.8 -0.268018 -0.0698065
7 1 -0.23848 -0.139489
7 1.2 -0.179054 -0.209323
7 1.4 -0.0850702 -0.260984
7 1.6 0.0367979 -0.270924
7 1.8 0.162894 -0.218082
7 2 0.252791 -0.0973258
7 2.2 0.261199 0.0661663
7 2.4 0.163128 0.212533
7 2.6 -0.0171387 0.265747
7 2.8 -0.195767 0.178007
7 3 -0.26201 -0.0205902
7 3.2 -0.153701 -0.21091
7 3.4 0.0709736 -0.249158
7 3.6 0.242138 -0.0864687
7 3.8 0.203288 0.154136
7 4 -0.0276543 0.251565
7 4.2 -0.232021 0.095784
7 4.4 -0.187967 -0.163195
7 4.6 0.0695931 -0.236807
7 4.8 0.243236 -0.0267702
7 5 0.110472 0.215968
7 5.2 -0.166633 0.173361
7 5.4 -0.213272 -0.106396
7 5.6 0.0441641 -0.232059
7 5.8 0.233703 -0.0139657
7 6 0.064506 0.222882
7 6.2 -0.204052 0.106023
7 6.4 -0.1385 -0.180978
7 6.6 0.156565 -0.162778
7 6.8 0.18011 0.132896
7 7 -0.111345 0.191866
7 7.2 -0.199341 -0.0927397
7 7.4 0.0775106 -0.203654
7 7.6 0.205705 0.065815
7 7.8 -0.0576377 0.206169
7 8 -0.205507 -0.0528602
7 8.2 0.051306 -0.203993
7 8.4 0.201735 0.0527666
7 8.6 -0.0570122 0.198707
7 8.8 -0.194775 -0.0637925
7 9 0.0728293 -0.189715
7 9.2 0.183246 0.0838059
7 9.4 -0.096354 0.17505
7 9.6 -0.164797 -0.110042
7 9.8 0.124365 -0.152177
7.2 -10 -0.0600558 0.184808
7.2 -9.8 0.191035 0.0433369
7.2 -9.6 0.028084 -0.195477
7.2 -9.4 -0.198568 -0.014623
7.2 -9.2 -0.00321493 0.200727
7.2 -9 0.202339 -0.00592594
7.2 -8.8 -0.0126139 -0.203735
7.2 -8.6 -0.205174 0.0166734
7.2 -8.4 0.0179231 0.206825
7.2 -8.2 0.208751 -0.0161642
7.2 -8 -0.0111749 -0.210879
7.2 -7.8 -0.212981 0.00271486
7.2 -7.6 -0.00945666 0.214636
7.2 -7.4 0.215202 0.0255439
7.2 -7.2 0.045653 -0.213783
7.2 -7 -0.20921 -0.0697001
7.2 -6.8 -0.0972834 0.200046
7.2 -6.6 0.184641 0.127521
7.2 -6.4 0.158859 -0.161259
7.2 -6.2 -0.128315 -0.188887
7.2 -6 -0.214187 0.0847524
7.2 -5.8 0.0305904 0.230333
7.2 -5.6 0.232125 0.0323976
7.2 -5.4 0.0999477 -0.214233
7.2 -5.2 -0.172375 -0.16473
7.2 -5 -0.216286 0.105079
7.2 -4.8 0.0158707 0.241966
7.2 -4.6 0.229382 0.0846496
7.2 -4.4 0.177896 -0.170639
7.2 -4.2 -0.0679098 -0.239029
7.2 -4 -0.242816 -0.0613509
7.2 -3.8 -0.182755 0.17405
7.2 -3.6 0.0403068 0.251049
7.2 -3.4 0.226736 0.119091
7.2 -3.2 0.237365 -0.100856
7.2 -3 0.083558 -0.245826
7.2 -2.8 -0.117906 -0.233197
7.2 -2.6 -0.246609 -0.0911298
7.2 -2.4 -0.248738 0.0897259
7.2 -2.2 -0.144449 0.223193
7.2 -2 0.00653366 0.267116
7.2 -1.8 0.145003 0.225897
7.2 -1.6 0.235543 0.131078
7.2 -1.4 0.269899 0.0190659
7.2 -1.2 0.258466 -0.082992
7.2 -1 0.219178 -0.16146
7.2 -0.8 0.169332 -0.213963
7.2 -0.6 0.121739 -0.244754
7.2 -0.4 0.0841927 -0.260446
7.2 -0.2 0.0606257 -0.267139
7.2 0 0.0526374 -0.2689
7.2 0.2 0.0606257 -0.267139
7.2 0.4 0.0841927 -0.260446
7.2 0.6 0.121739 -0.244754
7.2 0.8 0.169332 -0.213963
7.2 1 0.219178 -0.16146
7.2 1.2 0.258466 -0.082992
7.2 1.4 0.269899 0.0190659
7.2 1.6 0.235543 0.131078
7.2 1.8 0.145003 0.225897
7.2 2 0.00653366 0.267116
7.2 2.2 -0.144449 0.223193
7.2 2.4 -0.248738 0.0897259
7.2 2.6 -0.246609 -0.0911298
7.2 2.8 -0.117906 -0.233197
7.2 3 0.083558 -0.245826
7.2 3.2 0.237365 -0.100856
7.2 3.4 0.226736 0.119091
7.2 3.6 0.0403068 0.251049
7.2 3.8 -0.182755 0.17405
7.2 4 -0.242816 -0.0613509
7.2 4.2 -0.0679098 -0.239029
7.2 4.4 0.177896 -0.170639
7.2 4.6 0.229382 0.0846496
7.2 4.8 0.0158707 0.241966
7.2 5 -0.216286 0.105079
7.2 5.2 -0.172375 -0.16473
7.2 5.4 0.0999477 -0.214233
7.2 5.6 0.232125 0.0323976
7.2 5.8 0.0305904 0.230333
7.2 6 -0.214187 0.0847524
7.2 6.2 -0.128315 -0.188887
7.2 6.4 0.158859 -0.161259
7.2 6.6 0.184641 0.127521
7.2 6.8 -0.0972834 0.200046
7.2 7 -0.20921 -0.0697001
7.2 7.2 0.045653 -0.213783
7.2 7.4 0.215202 0.0255439
7.2 7.6 -0.00945666 0.214636
7.2 7.8 -0.212981 0.00271486
7.2 8 -0.0111749 -0.210879
7.2 8.2 0.208751 -0.0161642
7.2 8.4 0.0179231 0.206825
7.2 8.6 -0.205174 0.0166734
7.2 8.8 -0.0126139 -0.203735
7.2 9 0.202339 -0.00592594
7.2 9.2 -0.00321493 0.200727
7.2 9.4 -0.198568 -0.014623
7.2 9.6 0.028084 -0.195477
7.2 9.8 0.191035 0.0433369
7.4 -10 -0.191795 0.0270549
7.4 -9.8 0.0417564 0.190713
7.4 -9.6 0.189134 -0.054363
7.4 -9.4 -0.0647862 -0.1875
7.4 -9.2 -0.186203 0.072961
7.4 -9 0.078824 0.185574
7.4 -8.8 0.185876 -0.0822932
7.4 -8.6 -0.0832493 -0.187291
7.4 -8.4 -0.189905 0.0815213
7.4 -8.2 0.0768761 0.193692
7.4 -8 0.198481 -0.0690174
7.4 -7.8 -0.057595 -0.203931
7.4 -7.6 -0.209485 0.0422313
7.4 -7.4 0.0225703 0.214325
7.4 -7.2 0.217335 0.00164213
7.4 -7 0.0304402 -0.217066
7.4 -6.8 -0.211747 -0.0634764
7.4 -6.6 -0.0998174 0.199344
7.4 -6.4 0.177729 0.137709
7.4 -6.2 0.17435 -0.14497
7.4 -6 -0.0998144 -0.205735
7.4 -5.8 -0.226679 0.0423521
7.4 -5.6 -0.0251691 0.231173
7.4 -5.4 0.213243 0.0975157
7.4 -5.2 0.165912 -0.168435
7.4 -5 -0.0959514 -0.218201
7.4 -4.8 -0.240296 0.00112068
7.4 -4.6 -0.102563 0.219435
7.4 -4.4 0.149309 0.193145
7.4 -4.2 0.243336 -0.0361921
7.4 -4 0.0963245 -0.228389
7.4 -3.8 -0.138332 -0.207876
7.4 -3.6 -0.251316 -0.00918077
7.4 -3.4 -0.163286 0.19355
7.4 -3.2 0.041545 0.251512
7.4 -3 0.213742 0.141898
7.4 -2.8 0.253479 -0.0487677
7.4 -2.6 0.157304 -0.206549
7.4 -2.4 -0.00817619 -0.260926
7.4 -2.2 -0.161819 -0.206559
7.4 -2 -0.249989 -0.0837625
7.4 -1.8 -0.259088 0.0547257
7.4 -1.6 -0.205546 0.168617
7.4 -1.4 -0.118112 0.239236
7.4 -1.2 -0.0235373 0.266599
7.4 -1 0.0603898 0.261465
7.4 -0.8 0.12557 0.237824
7.4 -0.6 0.171015 0.208161
7.4 -0.4 0.199473 0.181568
7.4 -0.2 0.214639 0.163691
7.4 0 0.219349 0.157439
7.4 0.2 0.214639 0.163691
7.4 0.4 0.199473 0.181568
7.4 0.6 0.171015 0.208161
7.4 0.8 0.12557 0.237824
7.4 1 0.0603898 0.261465
7.4 1.2 -0.0235373 0.266599
7.4 1.4 -0.118112 0.239236
7.4 1.6 -0.205546 0.168617
7.4 1.8 -0.259088 0.0547257
7.4 2 -0.249989 -0.0837625
7.4 2.2 -0.161819 -0.206559
7.4 2.4 -0.00817619 -0.260926
7.4 2.6 0.157304 -0.206549
7.4 2.8 0.253479 -0.0487677
7.4 3 0.213742 0.141898
7.4 3.2 0.041545 0.251512
7.4 3.4 -0.163286 0.19355
7.4 3.6 -0.251316 -0.00918077
7.4 3.8 -0.138332 -0.207876
7.4 4 0.0963245 -0.228389
7.4 4.2 0.243336 -0.0361921
7.4 4.4 0.149309 0.193145
7.4 4.6 -0.102563 0.219435
7.4 4.8 -0.240296 0.00112068
7.4 5 -0.0959514 -0.218201
7.4 5.2 0.165912 -0.168435
7.4 5.4 0.213243 0.0975157
7.4 5.6 -0.0251691 0.231173
7.4 5.8 -0.226679 0.0423521
7.4 6 -0.0998144 -0.205735
7.4 6.2 0.17435 -0.14497
7.4 6.4 0.177729 0.137709
7.4 6.6 -0.0998174 0.199344
7.4 6.8 -0.211747 -0.0634764
7.4 7 0.0304402 -0.217066
7.4 7.2 0.217335 0.00164213
7.4 7.4 0.0225703 0.214325
7.4 7.6 -0.209485 0.0422313
7.4 7.8 -0.057595 -0.203931
7.4 8 0.198481 -0.0690174
7.4 8.2 0.0768761 0.193692
7.4 8.4 -0.189905 0.0815213
7.4 8.6 -0.0832493 -0.187291
7.4 8.8 0.185876 -0.0822932
7.4 9 0.078824 0.185574
7.4 9.2 -0.186203 0.072961
7.4 9.4 -0.0647862 -0.1875
7.4 9.6 0.189134 -0.054363
7.4 9.8 0.0417564 0.190713
7.6 -10 -0.104452 -0.162352
7.6 -9.8 -0.157047 0.11484
7.6 -9.6 0.123248 0.152507
7.6 -9.4 0.149086 -0.129738
7.6 -9.2 -0.134349 -0.147082
7.6 -9 -0.146734 0.137075
7.6 -8.8 0.137848 0.148224
7.6 -8.6 0.151658 -0.13652
7.6 -8.4 -0.132855 -0.157057
7.6 -8.2 -0.164333 0.126514
7.6 -8 0.11706 0.17325
7.6 -7.8 0.183383 -0.103976
7.6 -7.6 -0.0866895 -0.194063
7.6 -7.4 -0.204317 0.0646459
7.6 -7.2 0.0374012 0.212811
7.6 -7 0.217808 -0.00477396
7.6 -6.8 0.032954 -0.217178
7.6 -6.6 -0.208474 -0.0747841
7.6 -6.4 -0.118717 0.189141
7.6 -6.2 0.156895 0.161486
7.6 -6 0.198396 -0.110315
7.6 -5.8 -0.049653 -0.223408
7.6 -5.6 -0.229649 -0.0222048
7.6 -5.4 -0.0988372 0.210537
7.6 -5.2 0.161646 0.169807
7.6 -5 0.221158 -0.0832251
7.6 -4.8 0.0171111 -0.23753
7.6 -4.6 -0.206327 -0.122551
7.6 -4.4 -0.207726 0.123749
7.6 -4.2 0.00120158 0.243583
7.6 -4 0.207414 0.131058
7.6 -3.8 0.227445 -0.0965292
7.6 -3.6 0.0599405 -0.241445
7.6 -3.4 -0.150073 -0.200474
7.6 -3.2 -0.251137 -0.0210879
7.6 -3 -0.190999 0.166774
7.6 -2.8 -0.024354 0.253879
7.6 -2.6 0.148222 0.209286
7.6 -2.4 0.247069 0.0735924
7.6 -2.2 0.245283 -0.083346
7.6 -2 0.162701 -0.203098
7.6 -1.8 0.0410957 -0.258062
7.6 -1.6 -0.0795583 -0.249944
7.6 -1.4 -0.173909 -0.197539
7.6 -1.2 -0.233089 -0.123876
7.6 -1 -0.260252 -0.047928
7.6 -0.8 -0.264538 0.0184178
7.6 -0.6 -0.256281 0.0697776
7.6 -0.4 -0.244264 0.105114
7.6 -0.2 -0.234691 0.125434
7.6 0 -0.231118 0.132027
7.6 0.2 -0.234691 0.125434
7.6 0.4 -0.244264 0.105114
7.6 0.6 -0.256281 0.0697776
7.6 0.8 -0.264538 0.0184178
7.6 1 -0.260252 -0.047928
7.6 1.2 -0.233089 -0.123876
7.6 1.4 -0.173909 -0.197539
7.6 1.6 -0.0795583 -0.249944
7.6 1.8 0.0410957 -0.258062
7.6 2 0.162701 -0.203098
7.6 2.2 0.245283 -0.083346
7.6 2.4 0.247069 0.0735924
7.6 2.6 0.148222 0.209286
7.6 2.8 -0.024354 0.253879
7.6 3 -0.190999 0.166774
7.6 3.2 -0.251137 -0.0210879
7.6 3.4 -0.150073 -0.200474
7.6 3.6 0.0599405 -0.241445
7.6 3.8 0.227445 -0.0965292
7.6 4 0.207414 0.131058
7.6 4.2 0.00120158 0.243583
7.6 4.4 -0.207726 0.123749
7.6 4.6 -0.206327 -0.122551
7.6 4.8 0.0171111 -0.23753
7.6 5 0.221158 -0.0832251
7.6 5.2 0.161646 0.169807
7.6 5.4 -0.0988372 0.210537
7.6 5.6 -0.229649 -0.0222048
7.6 5.8 -0.049653 -0.223408
7.6 6 0.198396 -0.110315
7.6 6.2 0.156895 0.161486
7.6 6.4 -0.118717 0.189141
7.6 6.6 -0.208474 -0.0747841
7.6 6.8 0.032954 -0.217178
7.6 7 0.217808 -0.00477396
7.6 7.2 0.0374012 0.212811
7.6 7.4 -0.204317 0.0646459
7.6 7.6 -0.0866895 -0.194063
7.6 7.8 0.183383 -0.103976
7.6 8 0.11706 0.17325
7.6 8.2 -0.164333 0.126514
7.6 8.4 -0.132855 -0.157057
7.6 8.6 0.151658 -0.13652
7.6 8.8 0.137848 0.148224
7.6 9 -0.146734 0.137075
7.6 9.2 -0.134349 -0.147082
7.6 9.4 0.149086 -0.129738
7.6 9.6 0.123248 0.152507
7.6 9.8 -0.157047 0.11484
7.8 -10 0.106986 -0.159902
7.8 -9.8 -0.165711 -0.100616
7.8 -9.6 -0.0959496 0.170173
7.8 -9.4 0.173401 0.0932271
7.8 -9.2 0.0926539 -0.175446
7.8 -9 -0.17628 -0.0943989
7.8 -8.8 -0.0985904 0.175779
7.8 -8.6 0.173709 0.105304
7.8 -8.4 0.114541 -0.169713
7.8 -8.2 -0.163301 -0.126198
7.8 -8 -0.140018 0.153857
7.8 -7.8 0.140652 0.155534
7.8 -7.6 0.171994 -0.122886
7.8 -7.4 -0.099768 -0.188285
7.8 -7.2 -0.202854 0.0706359
7.8 -7 0.035144 0.213659
7.8 -6.8 0.218176 0.00648934
7.8 -6.6 0.0531716 -0.213506
7.8 -6.4 -0.196637 -0.102596
7.8 -6.2 -0.150937 0.164924
7.8 -6 0.116824 0.1927
7.8 -5.8 0.220892 -0.052874
7.8 -5.6 0.0232096 -0.227739
7.8 -5.4 -0.206147 -0.103577
7.8 -5.2 -0.175927 0.151987
7.8 -5 0.0670035 0.224476
7.8 -4.8 0.232885 0.0383792
7.8 -4.6 0.143685 -0.18945
7.8 -4.4 -0.093931 -0.220316
7.8 -4.2 -0.238482 -0.0361661
7.8 -4 -0.163754 0.179382
7.8 -3.8 0.0496331 0.239438
7.8 -3.6 0.220489 0.109389
7.8 -3.4 0.227594 -0.097737
7.8 -3.2 0.0831051 -0.234938
7.8 -3 -0.10743 -0.226471
7.8 -2.8 -0.233278 -0.0954667
7.8 -2.6 -0.241599 0.0763888
7.8 -2.4 -0.147091 0.20787
7.8 -2.2 -0.0036243 0.255807
7.8 -2 0.131941 0.220471
7.8 -1.8 0.222912 0.129806
7.8 -1.6 0.25818 0.0189732
7.8 -1.4 0.245737 -0.0840241
7.8 -1.2 0.202453 -0.163824
7.8 -1 0.145742 -0.216586
7.8 -0.8 0.0890715 -0.245938
7.8 -0.6 0.0408296 -0.258773
7.8 -0.4 0.00518561 -0.262213
7.8 -0.2 -0.0163597 -0.261929
7.8 0 -0.0235358 -0.26144
7.8 0.2 -0.0163597 -0.261929
7.8 0.4 0.00518561 -0.262213
7.8 0.6 0.0408296 -0.258773
7.8 0.8 0.0890715 -0.245938
7.8 1 0.145742 -0.216586
7.8 1.2 0.202453 -0.163824
7.8 1.4 0.245737 -0.0840241
7.8 1.6 0.25818 0.0189732
7.8 1.8 0.222912 0.129806
7.8 2 0.131941 0.220471
7.8 2.2 -0.0036243 0.255807
7.8 2.4 -0.147091 0.20787
7.8 2.6 -0.241599 0.0763888
7.8 2.8 -0.233278 -0.0954667
7.8 3 -0.10743 -0.226471
7.8 3.2 0.0831051 -0.234938
7.8 3.4 0.227594 -0.097737
7.8 3.6 0.220489 0.109389
7.8 3.8 0.0496331 0.239438
7.8 4 -0.163754 0.179382
7.8 4.2 -0.238482 -0.0361661
7.8 4.4 -0.093931 -0.220316
7.8 4.6 0.143685 -0.18945
7.8 4.8 0.232885 0.0383792
7.8 5 0.0670035 0.224476
7.8 5.2 -0.175927 0.151987
7.8 5.4 -0.206147 -0.103577
7.8 5.6 0.0232096 -0.227739
7.8 5.8 0.220892 -0.052874
7.8 6 0.116824 0.1927
7.8 6.2 -0.150937 0.164924
7.8 6.4 -0.196637 -0.102596
7.8 6.6 0.0531716 -0.213506
7.8 6.8 0.218176 0.00648934
7.8 7 0.035144 0.213659
7.8 7.2 -0.202854 0.0706359
7.8 7.4 -0.099768 -0.188285
7.8 7.6 0.171994 -0.122886
7.8 7.8 0.140652 0.155534
7.8 8 -0.140018 0.153857
7.8 8.2 -0.163301 -0.126198
7.8 8.4 0.114541 -0.169713
7.8 8.6 0.173709 0.105304
7.8 8.8 -0.0985904 0.175779
7.8 9 -0.17628 -0.0943989
7.8 9.2 0.0926539 -0.175446
7.8 9.4 0.173401 0.0932271
7.8 9.6 -0.0959496 0.170173
7.8 9.8 -0.165711 -0.100616
8 -10 0.187833 0.0384134
8 -9.8 0.0333317 -0.190264
8 -9.6 -0.192224 -0.0304544
8 -9.4 -0.0299449 0.193801
8 -9.2 0.194998 0.0319592
8 -9 0.0366453 -0.195715
8 -8.8 -0.195737 -0.044136
8 -8.6 -0.0545312 0.194712
8 -8.4 0.19214 0.0678697
8 -8.2 0.0840854 -0.187358
8 -8 -0.179544 -0.102947
8 -7.8 -0.123981 0.167737
8 -7.6 0.15088 0.146377
8 -7.4 0.168886 -0.127921
8 -7.2 -0.0979604 -0.189729
8 -7 -0.206526 0.0604776
8 -6.8 0.0156405 0.216319
8 -6.6 0.215705 0.0353221
8 -6.4 0.089718 -0.201182
8 -6.2 -0.16975 -0.143054
8 -6 -0.188913 0.119813
8 -5.8 0.0523422 0.219259
8 -5.6 0.225418 0.0278853
8 -5.4 0.111338 -0.19994
8 -5.2 -0.139352 -0.183678
8 -5 -0.227365 0.047413
8 -4.8 -0.062117 0.225544
8 -4.6 0.168305 0.164881
8 -4.4 0.229521 -0.0600982
8 -4.2 0.0746645 -0.226913
8 -4 -0.144254 -0.192404
8 -3.8 -0.242034 -0.000736445
8 -3.6 -0.154552 0.188238
8 -3.4 0.0389693 0.241916
8 -3.2 0.202806 0.140052
8 -3 0.244648 -0.0396553
8 -2.8 0.158189 -0.192502
8 -2.6 0.00240538 -0.250404
8 -2.4 -0.146916 -0.204254
8 -2.2 -0.236493 -0.0890921
8 -2 -0.24968 0.0452973
8 -1.8 -0.199486 0.158375
8 -1.6 -0.112854 0.229314
8 -1.4 -0.0166137 0.255818
8 -1.2 0.0702719 0.247246
8 -1 0.138433 0.217269
8 -0.8 0.186173 0.178767
8 -0.6 0.216328 0.141476
8 -0.4 0.233433 0.111637
8 -0.2 0.241757 0.0926924
8 0 0.244195 0.0862299
8 0.2 0.241757 0.0926924
8 0.4 0.233433 0.111637
8 0.6 0.216328 0.141476
8 0.8 0.186173 0.178767
8 1 0.138433 0.217269
8 1.2 0.0702719 0.247246
8 1.4 -0.0166137 0.255818
8 1.6 -0.112854 0.229314
8 1.8 -0.199486 0.158375
8 2 -0.24968 0.0452973
8 2.2 -0.236493 -0.0890921
8 2.4 -0.146916 -0.204254
8 2.6 0.00240538 -0.250404
8 2.8 0.158189 -0.192502
8 3 0.244648 -0.0396553
8 3.2 0.202806 0.140052
8 3.4 0.0389693 0.241916
8 3.6 -0.154552 0.188238
8 3.8 -0.242034 -0.000736445
8 4 -0.144254 -0.192404
8 4.2 0.0746645 -0.226913
8 4.4 0.229521 -0.0600982
8 4.6 0.168305 0.164881
8 4.8 -0.062117 0.225544
8 5 -0.227365 0.047413
8 5.2 -0.139352 -0.183678
8 5.4 0.111338 -0.19994
8 5.6 0.225418 0.0278853
8 5.8 0.0523422 0.219259
8 6 -0.188913 0.119813
8 6.2 -0.16975 -0.143054
8 6.4 0.089718 -0.201182
8 6.6 0.215705 0.0353221
8 6.8 0.0156405 0.216319
8 7 -0.206526 0.0604776
8 7.2 -0.0979604 -0.189729
8 7.4 0.168886 -0.127921
8 7.6 0.15088 0.146377
8 7.8 -0.123981 0.167737
8 8 -0.179544 -0.102947
8 8.2 0.0840854 -0.187358
8 8.4 0.19214 0.0678697
8 8.6 -0.0545312 0.194712
8 8.8 -0.195737 -0.044136
8 9 0.0366453 -0.195715
8 9.2 0.194998 0.0319592
8 9.4 -0.0299449 0.193801
8 9.6 -0.192224 -0.0304544
8 9.8 0.0333317 -0.190264
8.2 -10 0.0314418 0.18843
8.2 -9.8 0.189404 -0.034074
8.2 -9.6 -0.0343987 -0.190795
8.2 -9.4 -0.192631 0.0322723
8.2 -9.2 0.0275277 0.194843
8.2 -9 0.197248 -0.0199769
8.2 -8.8 -0.00942377 -0.19953
8.2 -8.6 -0.201218 -0.00431294
8.2 -8.4 -0.0213614 0.201663
8.2 -8.2 0.200025 0.0417408
8.2 -8 0.0652839 -0.195267
8.2 -7.8 -0.186175 -0.0915388
8.2 -7.6 -0.11965 0.171418
8.2 -7.4 0.149658 0.148232
8.2 -7.2 0.175251 -0.11974
8.2 -7 -0.0809667 -0.197951
8.2 -6.8 -0.212882 0.0334763
8.2 -6.6 -0.0213097 0.216086
8.2 -6.4 0.203539 0.0802196
8.2 -6.2 0.137969 -0.171905
8.2 -6 -0.119635 -0.187095
8.2 -5.8 -0.218444 0.0483237
8.2 -5.6 -0.0359306 0.222491
8.2 -5.4 0.191668 0.121656
8.2 -5.2 0.192366 -0.123604
8.2 -5 -0.024656 -0.228956
8.2 -4.8 -0.214709 -0.0875994
8.2 -4.6 -0.1849 0.142573
8.2 -4.4 0.0228267 0.233946
8.2 -4.2 0.208035 0.112705
8.2 -4 0.214905 -0.102551
8.2 -3.8 0.0523561 -0.233812
8.2 -3.6 -0.145372 -0.192277
8.2 -3.4 -0.241365 -0.0228875
8.2 -3.2 -0.187341 0.156021
8.2 -3 -0.0313904 0.243086
8.2 -2.8 0.134462 0.206418
8.2 -2.6 0.234109 0.0804193
8.2 -2.4 0.23846 -0.0704785
8.2 -2.2 0.162856 -0.189293
8.2 -2 0.0458114 -0.246464
8.2 -1.8 -0.0733205 -0.240663
8.2 -1.6 -0.167791 -0.188553
8.2 -1.4 -0.226713 -0.11259
8.2 -1.2 -0.251702 -0.0323456
8.2 -1 -0.251264 0.0393054
8.2 -0.8 -0.235887 0.0962625
8.2 -0.6 -0.214984 0.137374
8.2 -0.4 -0.195615 0.164178
8.2 -0.2 -0.182356 0.179009
8.2 0 -0.17768 0.183722
8.2 0.2 -0.182356 0.179009
8.2 0.4 -0.195615 0.164178
8.2 0.6 -0.214984 0.137374
8.2 0.8 -0.235887 0.0962625
8.2 1 -0.251264 0.0393054
8.2 1.2 -0.251702 -0.0323456
8.2 1.4 -0.226713 -0.11259
8.2 1.6 -0.167791 -0.188553
8.2 1.8 -0.0733205 -0.240663
8.2 2 0.0458114 -0.246464
8.2 2.2 0.162856 -0.189293
8.2 2.4 0.23846 -0.0704785
8.2 2.6 0.234109 0.0804193
8.2 2.8 0.134462 0.206418
8.2 3 -0.0313904 0.243086
8.2 3.2 -0.187341 0.156021
8.2 3.4 -0.241365 -0.0228875
8.2 3.6 -0.145372 -0.192277
8.2 3.8 0.0523561 -0.233812
8.2 4 0.214905 -0.102551
8.2 4.2 0.208035 0.112705
8.2 4.4 0.0228267 0.233946
8.2 4.6 -0.1849 0.142573
8.2 4.8 -0.214709 -0.0875994
8.2 5 -0.024656 -0.228956
8.2 5.2 0.192366 -0.123604
8.2 5.4 0.191668 0.121656
8.2 5.6 -0.0359306 0.222491
8.2 5.8 -0.218444 0.0483237
8.2 6 -0.119635 -0.187095
8.2 6.2 0.137969 -0.171905
8.2 6.4 0.203539 0.0802196
8.2 6.6 -0.0213097 0.216086
8.2 6.8 -0.212882 0.0334763
8.2 7 -0.0809667 -0.197951
8.2 7.2 0.175251 -0.11974
8.2 7.4 0.149658 0.148232
8.2 7.6 -0.11965 0.171418
8.2 7.8 -0.186175 -0.0915388
8.2 8 0.0652839 -0.195267
8.2 8.2 0.200025 0.0417408
8.2 8.4 -0.0213614 0.201663
8.2 8.6 -0.201218 -0.00431294
8.2 8.8 -0.00942377 -0.19953
8.2 9 0.197248 -0.0199769
8.2 9.2 0.0275277 0.194843
8.2 9.4 -0.192631 0.0322723
8.2 9.6 -0.0343987 -0.190795
8.2 9.8 0.189404 -0.034074
8.4 -10 -0.165917 0.0932737
8.4 -9.8 0.0934592 0.167392
8.4 -9.6 0.170046 -0.091518
8.4 -9.4 -0.0872668 -0.173846
8.4 -9.2 -0.17866 0.0804703
8.4 -9 0.0708473 0.184235
8.4 -8.8 0.190171 -0.0580877
8.4 -8.6 -0.0418818 -0.195889
8.4 -8.4 -0.200602 0.0219689
8.4 -8.2 -0.00179279 0.203293
8.4 -8 0.202702 0.02933
8.4 -7.8 0.060231 -0.197351
8.4 -7.6 -0.185609 -0.0935987
8.4 -7.4 -0.127894 0.165832
8.4 -7.2 0.136591 0.160795
8.4 -7 0.189113 -0.097013
8.4 -6.8 -0.0472384 -0.208843
8.4 -6.6 -0.215415 -0.0110486
8.4 -6.4 -0.0740858 0.204263
8.4 -6.2 0.171757 0.135662
8.4 -6 0.187146 -0.11653
8.4 -5.8 -0.0410321 -0.218224
8.4 -5.6 -0.218632 -0.0470271
8.4 -5.4 -0.133995 0.181011
8.4 -5.2 0.104632 0.201198
8.4 -5 0.228334 0.000939434
8.4 -4.8 0.113919 -0.199664
8.4 -4.6 -0.112192 -0.202382
8.4 -4.4 -0.232282 -0.016936
8.4 -4.2 -0.148401 0.181405
8.4 -4 0.0554237 0.229211
8.4 -3.8 0.213945 0.102489
8.4 -3.6 0.219496 -0.0935442
8.4 -3.4 0.0837594 -0.224833
8.4 -3.2 -0.0973277 -0.220705
8.4 -3 -0.220982 -0.0997354
8.4 -2.8 -0.235053 0.0640569
8.4 -2.6 -0.149521 0.193763
8.4 -2.4 -0.0130732 0.245457
8.4 -2.2 0.119696 0.215827
8.4 -2 0.211158 0.129524
8.4 -1.8 0.247726 0.0204077
8.4 -1.6 0.235158 -0.0828746
8.4 -1.4 0.189259 -0.163376
8.4 -1.2 0.127509 -0.215764
8.4 -1 0.0640289 -0.24284
8.4 -0.8 0.00787801 -0.251441
8.4 -0.6 -0.0364645 -0.249244
8.4 -0.4 -0.067652 -0.242891
8.4 -0.2 -0.0859286 -0.237196
8.4 0 -0.0919243 -0.234989
8.4 0.2 -0.0859286 -0.237196
8.4 0.4 -0.067652 -0.242891
8.4 0.6 -0.0364645 -0.249244
8.4 0.8 0.00787801 -0.251441
8.4 1 0.0640289 -0.24284
8.4 1.2 0.127509 -0.215764
8.4 1.4 0.189259 -0.163376
8.4 1.6 0.235158 -0.0828746
8.4 1.8 0.247726 0.0204077
8.4 2 0.211158 0.129524
8.4 2.2 0.119696 0.215827
8.4 2.4 -0.0130732 0.245457
8.4 2.6 -0.149521 0.193763
8.4 2.8 -0.235053 0.0640569
8.4 3 -0.220982 -0.0997354
8.4 3.2 -0.0973277 -0.220705
8.4 3.4 0.0837594 -0.224833
8.4 3.6 0.219496 -0.0935442
8.4 3.8 0.213945 0.102489
8.4 4 0.0554237 0.229211
8.4 4.2 -0.148401 0.181405
8.4 4.4 -0.232282 -0.016936
8.4 4.6 -0.112192 -0.202382
8.4 4.8 0.113919 -0.199664
8.4 5 0.228334 0.000939434
8.4 5.2 0.104632 0.201198
8.4 5.4 -0.133995 0.181011
8.4 5.6 -0.218632 -0.0470271
8.4 5.8 -0.0410321 -0.218224
8.4 6 0.187146 -0.11653
8.4 6.2 0.171757 0.135662
8.4 6.4 -0.0740858 0.204263
8.4 6.6 -0.215415 -0.0110486
8.4 6.8 -0.0472384 -0.208843
8.4 7 0.189113 -0.097013
8.4 7.2 0.136591 0.160795
8.4 7.4 -0.127894 0.165832
8.4 7.6 -0.185609 -0.0935987
8.4 7.8 0.060231 -0.197351
8.4 8 0.202702 0.02933
8.4 8.2 -0.00179279 0.203293
8.4 8.4 -0.200602 0.0219689
8.4 8.6 -0.0418818 -0.195889
8.4 8.8 0.190171 -0.0580877
8.4 9 0.0708473 0.184235
8.4 9.2 -0.17866 0.0804703
8.4 9.4 -0.0872668 -0.173846
8.4 9.6 0.170046 -0.091518
8.4 9.8 0.0934592 0.167392
8.6 -10 -0.141113 -0.126674
8.6 -9.8 -0.130173 0.139738
8.6 -9.6 0.13657 0.135434
8.6 -9.4 0.142392 -0.131338
8.6 -9.2 -0.123697 -0.15088
8.6 -9 -0.160605 0.113235
8.6 -8.8 0.0994877 0.171108
8.6 -8.6 0.181723 -0.0819837
8.6 -8.4 -0.0602966 -0.191539
8.6 -8.2 -0.199362 0.0341334
8.6 -8 0.00345268 0.203702
8.6 -7.8 0.202797 0.0313837
8.6 -7.6 0.0694309 -0.194692
8.6 -7.4 -0.177407 -0.10897
8.6 -7.2 -0.147343 0.149224
8.6 -7 0.109103 0.180865
8.6 -6.8 0.204904 -0.057227
8.6 -6.6 0.00436998 -0.214227
8.6 -6.4 -0.203715 -0.0712065
8.6 -6.2 -0.135999 0.169521
8.6 -6 0.110638 0.188838
8.6 -5.8 0.218248 -0.0306492
8.6 -5.6 0.060819 -0.213415
8.6 -5.4 -0.167622 -0.147725
8.6 -5.2 -0.209296 0.0823971
8.6 -5 -0.0288762 0.224574
8.6 -4.8 0.179843 0.139978
8.6 -4.6 0.215891 -0.077417
8.6 -4.4 0.0578585 -0.223414
8.6 -4.2 -0.147084 -0.179662
8.6 -4 -0.233519 0.00466169
8.6 -3.8 -0.148043 0.182386
8.6 -3.6 0.0353887 0.233546
8.6 -3.4 0.192444 0.139139
8.6 -3.2 0.236692 -0.030841
8.6 -3 0.159151 -0.179458
8.6 -2.8 0.0121885 -0.240671
8.6 -2.6 -0.133151 -0.202125
8.6 -2.4 -0.224054 -0.0941765
8.6 -2.2 -0.241281 0.0361855
8.6 -2 -0.194746 0.148409
8.6 -1.8 -0.109618 0.219834
8.6 -1.6 -0.0126826 0.246047
8.6 -1.4 0.076034 0.235028
8.6 -1.2 0.145861 0.200062
8.6 -1 0.194204 0.154355
8.6 -0.8 0.223672 0.108215
8.6 -0.6 0.239212 0.0683596
8.6 -0.4 0.246024 0.038464
8.6 -0.2 0.24833 0.0201688
8.6 0 0.248798 0.0140328
8.6 0.2 0.24833 0.0201688
8.6 0.4 0.246024 0.038464
8.6 0.6 0.239212 0.0683596
8.6 0.8 0.223672 0.108215
8.6 1 0.194204 0.154355
8.6 1.2 0.145861 0.200062
8.6 1.4 0.076034 0.235028
8.6 1.6 -0.0126826 0.246047
8.6 1.8 -0.109618 0.219834
8.6 2 -0.194746 0.148409
8.6 2.2 -0.241281 0.0361855
8.6 2.4 -0.224054 -0.0941765
8.6 2.6 -0.133151 -0.202125
8.6 2.8 0.0121885 -0.240671
8.6 3 0.159151 -0.179458
8.6 3.2 0.236692 -0.030841
8.6 3.4 0.192444 0.139139
8.6 3.6 0.0353887 0.233546
8.6 3.8 -0.148043 0.182386
8.6 4 -0.233519 0.00466169
8.6 4.2 -0.147084 -0.179662
8.6 4.4 0.0578585 -0.223414
8.6 4.6 0.215891 -0.077417
8.6 4.8 0.179843 0.139978
8.6 5 -0.0288762 0.224574
8.6 5.2 -0.209296 0.0823971
8.6 5.4 -0.167622 -0.147725
8.6 5.6 0.060819 -0.213415
8.6 5.8 0.218248 -0.0306492
8.6 6 0.110638 0.188838
8.6 6.2 -0.135999 0.169521
8.6 6.4 -0.203715 -0.0712065
8.6 6.6 0.00436998 -0.214227
8.6 6.8 0.204904 -0.057227
8.6 7 0.109103 0.180865
8.6 7.2 -0.147343 0.149224
8.6 7.4 -0.177407 -0.10897
8.6 7.6 0.0694309 -0.194692
8.6 7.8 0.202797 0.0313837
8.6 8 0.00345268 0.203702
8.6 8.2 -0.199362 0.0341334
8.6 8.4 -0.0602966 -0.191539
8.6 8.6 0.181723 -0.0819837
8.6 8.8 0.0994877 0.171108
8.6 9 -0.160605 0.113235
8.6 9.2 -0.123697 -0.15088
8.6 9.4 0.142392 -0.131338
8.6 9.6 0.13657 0.135434
8.6 9.8 -0.130173 0.139738
8.8 -10 0.0776333 -0.172222
8.8 -9.8 -0.170674 -0.0840034
8.8 -9.6 -0.09256 0.167709
8.8 -9.4 0.162945 0.103242
8.8 -9.2 0.11589 -0.1559
8.8 -9 -0.146002 -0.130201
8.8 -8.8 -0.145688 0.132615
8.8 -8.6 0.115075 0.161618
8.8 -8.4 0.176964 -0.0927675
8.8 -8.2 -0.0652262 -0.190357
8.8 -8 -0.200061 0.0322803
8.8 -7.8 -0.00576119 0.204003
8.8 -7.6 0.199872 0.0478907
8.8 -7.4 0.0921743 -0.185326
8.8 -7.2 -0.158342 -0.135559
8.8 -7 -0.17379 0.117724
8.8 -6.8 0.0637559 0.201537
8.8 -6.6 0.212852 0.00107175
8.8 -6.4 0.0714126 -0.202084
8.8 -6.2 -0.165282 -0.13876
8.8 -6 -0.191837 0.102027
8.8 -5.8 0.0173512 0.218062
8.8 -5.6 0.206355 0.0768888
8.8 -5.4 0.162122 -0.151174
8.8 -5.2 -0.0569879 -0.215712
8.8 -5 -0.216799 -0.0584555
8.8 -4.8 -0.164501 0.1549
8.8 -4.6 0.0388796 0.223995
8.8 -4.4 0.206535 0.0982469
8.8 -4.2 0.204318 -0.105731
8.8 -4 0.0473433 -0.226469
8.8 -3.8 -0.140001 -0.185802
8.8 -3.6 -0.232481 -0.0255816
8.8 -3.4 -0.184478 0.145714
8.8 -3.2 -0.0382047 0.233132
8.8 -3 0.121653 0.203805
8.8 -2.8 0.222081 0.0867173
8.8 -2.6 0.232149 -0.058542
8.8 -2.4 0.163215 -0.176453
8.8 -2.2 0.050744 -0.235854
8.8 -2 -0.0666675 -0.232712
8.8 -1.8 -0.161136 -0.181661
8.8 -1.6 -0.219938 -0.104526
8.8 -1.4 -0.243184 -0.0214012
8.8 -1.2 -0.238664 0.0538341
8.8 -1 -0.21688 0.114217
8.8 -0.8 -0.187698 0.15823
8.8 -0.6 -0.158763 0.187635
8.8 -0.4 -0.135213 0.205509
8.8 -0.2 -0.120084 0.214847
8.8 0 -0.114891 0.217716
8.8 0.2 -0.120084 0.214847
8.8 0.4 -0.135213 0.205509
8.8 0.6 -0.158763 0.187635
8.8 0.8 -0.187698 0.15823
8.8 1 -0.21688 0.114217
8.8 1.2 -0.238664 0.0538341
8.8 1.4 -0.243184 -0.0214012
8.8 1.6 -0.219938 -0.104526
8.8 1.8 -0.161136 -0.181661
8.8 2 -0.0666675 -0.232712
8.8 2.2 0.050744 -0.235854
8.8 2.4 0.163215 -0.176453
8.8 2.6 0.232149 -0.058542
8.8 2.8 0.222081 0.0867173
8.8 3 0.121653 0.203805
8.8 3.2 -0.0382047 0.233132
8.8 3.4 -0.184478 0.145714
8.8 3.6 -0.232481 -0.0255816
8.8 3.8 -0.140001 -0.185802
8.8 4 0.0473433 -0.226469
8.8 4.2 0.204318 -0.105731
8.8 4.4 0.206535 0.0982469
8.8 4.6 0.0388796 0.223995
8.8 4.8 -0.164501 0.1549
8.8 5 -0.216799 -0.0584555
8.8 5.2 -0.0569879 -0.215712
8.8 5.4 0.162122 -0.151174
8.8 5.6 0.206355 0.0768888
8.8 5.8 0.0173512 0.218062
8.8 6 -0.191837 0.102027
8.8 6.2 -0.165282 -0.13876
8.8 6.4 0.0714126 -0.202084
8.8 6.6 0.212852 0.00107175
8.8 6.8 0.0637559 0.201537
8.8 7 -0.17379 0.117724
8.8 7.2 -0.158342 -0.135559
8.8 7.4 0.0921743 -0.185326
8.8 7.6 0.199872 0.0478907
8.8 7.8 -0.00576119 0.204003
8.8 8 -0.200061 0.0322803
8.8 8.2 -0.0652262 -0.190357
8.8 8.4 0.176964 -0.0927675
8.8 8.6 0.115075 0.161618
8.8 8.8 -0.145688 0.132615
8.8 9 -0.146002 -0.130201
8.8 9.2 0.11589 -0.1559
8.8 9.4 0.162945 0.103242
8.8 9.6 -0.09256 0.167709
8.8 9.8 -0.170674 -0.0840034
9 -10 0.186497 0.0251402
9 -9.8 0.0345203 -0.186297
9 -9.6 -0.185036 -0.0464054
9 -9.4 -0.0607821 0.182206
9 -9.2 0.177178 0.0775318
9 -9 0.0963794 -0.169211
9 -8.8 -0.157472 -0.116832
9 -8.6 -0.138108 0.141093
9 -8.4 0.119246 0.159068
9 -8.2 0.178158 -0.0912766
9 -8 -0.056872 -0.193375
9 -7.8 -0.202304 0.0162914
9 -7.6 -0.0293733 0.202239
9 -7.4 0.190442 0.0779275
9 -7.2 0.125856 -0.164576
9 -7 -0.123313 -0.168253
9 -6.8 -0.199013 0.0671128
9 -6.6 -0.000947568 0.211447
9 -6.4 0.199414 0.0744952
9 -6.2 0.143652 -0.15902
9 -6 -0.0907183 -0.195715
9 -5.8 -0.217128 0.00133943
9 -5.6 -0.0947339 0.196939
9 -5.4 0.131412 0.176361
9 -5.2 0.219458 -0.0286648
9 -5 0.0887586 -0.204239
9 -4.8 -0.124785 -0.186076
9 -4.6 -0.225362 -0.0023854
9 -4.4 -0.136107 0.181272
9 -4.2 0.0586513 0.220289
9 -4 0.207345 0.0977082
9 -3.8 0.2127 -0.0886425
9 -3.6 0.0851842 -0.21538
9 -3.4 -0.0875923 -0.215646
9 -3.2 -0.209518 -0.10388
9 -3 -0.228952 0.0525745
9 -2.8 -0.151733 0.180647
9 -2.6 -0.0218991 0.235855
9 -2.4 0.108154 0.211745
9 -2.2 0.200137 0.129918
9 -2 0.238289 0.0228837
9 -1.8 0.226289 -0.0802582
9 -1.6 0.17887 -0.161136
9 -1.4 0.113522 -0.212956
9 -1.2 0.0450184 -0.237603
9 -1 -0.0168339 -0.241677
9 -0.8 -0.0670979 -0.233156
9 -0.6 -0.104429 -0.219302
9 -0.4 -0.129521 -0.205719
9 -0.2 -0.143774 -0.196172
9 0 -0.148375 -0.192766
9 0.2 -0.143774 -0.196172
9 0.4 -0.129521 -0.205719
9 0.6 -0.104429 -0.219302
9 0.8 -0.0670979 -0.233156
9 1 -0.0168339 -0.241677
9 1.2 0.0450184 -0.237603
9 1.4 0.113522 -0.212956
9 1.6 0.17887 -0.161136
9 1.8 0.226289 -0.0802582
9 2 0.238289 0.0228837
9 2.2 0.200137 0.129918
9 2.4 0.108154 0.211745
9 2.6 -0.0218991 0.235855
9 2.8 -0.151733 0.180647
9 3 -0.228952 0.0525745
9 3.2 -0.209518 -0.10388
9 3.4 -0.0875923 -0.215646
9 3.6 0.0851842 -0.21538
9 3.8 0.2127 -0.0886425
9 4 0.207345 0.0977082
9 4.2 0.0586513 0.220289
9 4.4 -0.136107 0.181272
9 4.6 -0.225362 -0.0023854
9 4.8 -0.124785 -0.186076
9 5 0.0887586 -0.204239
9 5.2 0.219458 -0.0286648
9 5.4 0.131412 0.176361
9 5.6 -0.0947339 0.196939
9 5.8 -0.217128 0.00133943
9 6 -0.0907183 -0.195715
9 6.2 0.143652 -0.15902
9 6.4 0.199414 0.0744952
9 6.6 -0.000947568 0.211447
9 6.8 -0.199013 0.0671128
9 7 -0.123313 -0.168253
9 7.2 0.125856 -0.164576
9 7.4 0.190442 0.0779275
9 7.6 -0.0293733 0.202239
9 7.8 -0.202304 0.0162914
9 8 -0.056872 -0.193375
9 8.2 0.178158 -0.0912766
9 8.4 0.119246 0.159068
9 8.6 -0.138108 0.141093
9 8.8 -0.157472 -0.116832
9 9 0.0963794 -0.169211
9 9.2 0.177178 0.0775318
9 9.4 -0.0607821 0.182206
9 9.6 -0.185036 -0.0464054
9 9.8 0.0345203 -0.186297
9.2 -10 0.0256981 0.185678
9.2 -9.8 0.1882 -0.0137745
9.2 -9.6 0.000931626 -0.189968
9.2 -9.4 -0.190353 -0.0184913
9.2 -9.2 -0.0388613 0.188575
9.2 -9 0.183716 0.0618199
9.2 -8.8 0.0868896 -0.174737
9.2 -8.6 -0.160544 -0.11325
9.2 -8.4 -0.139647 0.14008
9.2 -8.2 0.112482 0.164325
9.2 -8 0.184984 -0.0772895
9.2 -7.8 -0.0347174 -0.198827
9.2 -7.6 -0.20271 -0.0140289
9.2 -7.4 -0.0664392 0.19347
9.2 -7.2 0.168447 0.118459
9.2 -7 0.164444 -0.126226
9.2 -6.8 -0.0675395 -0.197447
9.2 -6.6 -0.210021 -0.00379909
9.2 -6.4 -0.0802121 0.195624
9.2 -6.2 0.150639 0.150311
9.2 -6 0.19996 -0.076719
9.2 -5.8 0.0171289 -0.214852
9.2 -5.6 -0.184667 -0.113748
9.2 -5.4 -0.189521 0.108196
9.2 -5.2 -0.00210039 0.21955
9.2 -5 0.186301 0.118647
9.2 -4.8 0.203211 -0.0898015
9.2 -4.6 0.0449362 -0.218878
9.2 -4.4 -0.147791 -0.169248
9.2 -4.2 -0.225782 0.00780168
9.2 -4 -0.143236 0.176247
9.2 -3.8 0.031126 0.226141
9.2 -3.6 0.182581 0.138882
9.2 -3.4 0.229403 -0.0223352
9.2 -3.2 0.160119 -0.167242
9.2 -3 0.0212813 -0.23156
9.2 -2.8 -0.12033 -0.200098
9.2 -2.6 -0.212462 -0.0990023
9.2 -2.4 -0.233647 0.0274024
9.2 -2.2 -0.190967 0.13874
9.2 -2 -0.107847 0.210796
9.2 -1.8 -0.0108987 0.237208
9.2 -1.6 0.0789107 0.224613
9.2 -1.4 0.149639 0.185867
9.2 -1.2 0.197703 0.134463
9.2 -1 0.225287 0.0812886
9.2 -0.8 0.23748 0.033565
9.2 -0.6 0.240055 -0.00481321
9.2 -0.4 0.238111 -0.0323023
9.2 -0.2 0.235431 -0.0486523
9.2 0 0.234287 -0.0540609
9.2 0.2 0.235431 -0.0486523
9.2 0.4 0.238111 -0.0323023
9.2 0.6 0.240055 -0.00481321
9.2 0.8 0.23748 0.033565
9.2 1 0.225287 0.0812886
9.2 1.2 0.197703 0.134463
9.2 1.4 0.149639 0.185867
9.2 1.6 0.0789107 0.224613
9.2 1.8 -0.0108987 0.237208
9.2 2 -0.107847 0.210796
9.2 2.2 -0.190967 0.13874
9.2 2.4 -0.233647 0.0274024
9.2 2.6 -0.212462 -0.0990023
9.2 2.8 -0.12033 -0.200098
9.2 3 0.0212813 -0.23156
9.2 3.2 0.160119 -0.167242
9.2 3.4 0.229403 -0.0223352
9.2 3.6 0.182581 0.138882
9.2 3.8 0.031126 0.226141
9.2 4 -0.143236 0.176247
9.2 4.2 -0.225782 0.00780168
9.2 4.4 -0.147791 -0.169248
9.2 4.6 0.0449362 -0.218878
9.2 4.8 0.203211 -0.0898015
9.2 5 0.186301 0.118647
9.2 5.2 -0.00210039 0.21955
9.2 5.4 -0.189521 0.108196
9.2 5.6 -0.184667 -0.113748
9.2 5.8 0.0171289 -0.214852
9.2 6 0.19996 -0.076719
9.2 6.2 0.150639 0.150311
9.2 6.4 -0.0802121 0.195624
9.2 6.6 -0.210021 -0.00379909
9.2 6.8 -0.0675395 -0.197447
9.2 7 0.164444 -0.126226
9.2 7.2 0.168447 0.118459
9.2 7.4 -0.0664392 0.19347
9.2 7.6 -0.20271 -0.0140289
9.2 7.8 -0.0347174 -0.198827
9.2 8 0.184984 -0.0772895
9.2 8.2 0.112482 0.164325
9.2 8.4 -0.139647 0.14008
9.2 8.6 -0.160544 -0.11325
9.2 8.8 0.0868896 -0.174737
9.2 9 0.183716 0.0618199
9.2 9.2 -0.0388613 0.188575
9.2 9.4 -0.190353 -0.0184913
9.2 9.6 0.000931626 -0.189968
9.2 9.8 0.1882 -0.0137745
9.4 -10 -0.172571 0.0712601
9.4 -9.8 0.0576887 0.178858
9.4 -9.6 0.184662 -0.0410424
9.4 -9.4 -0.0211357 -0.189238
9.4 -9.2 -0.191661 -0.00209036
9.4 -9 -0.0284894 0.190824
9.4 -8.8 0.185472 0.0576138
9.4 -8.6 0.0886064 -0.174267
9.4 -8.4 -0.155901 -0.120092
9.4 -8.2 -0.150087 0.129286
9.4 -8 0.0938046 0.175958
9.4 -7.8 0.194478 -0.0496412
9.4 -7.6 0.00184872 -0.202025
9.4 -7.4 -0.194977 -0.0577746
9.4 -7.2 -0.113456 0.170362
9.4 -7 0.126734 0.162419
9.4 -6.8 0.196817 -0.065226
9.4 -6.6 0.0094366 -0.20846
9.4 -6.4 -0.190542 -0.0882855
9.4 -6.2 -0.158305 0.139994
9.4 -6 0.060057 0.203988
9.4 -5.8 0.210607 0.0377109
9.4 -5.6 0.133206 -0.169094
9.4 -5.4 -0.0815546 -0.200606
9.4 -5.2 -0.215061 -0.0345969
9.4 -5 -0.146785 0.162644
9.4 -4.8 0.0506611 0.214425
9.4 -4.6 0.20377 0.086958
9.4 -4.4 0.195428 -0.10688
9.4 -4.2 0.044269 -0.219496
9.4 -4 -0.134213 -0.180657
9.4 -3.8 -0.224312 -0.0288914
9.4 -3.6 -0.182187 0.135814
9.4 -3.4 -0.0447742 0.223842
9.4 -3.2 0.109643 0.201356
9.4 -3 0.210809 0.0925408
9.4 -2.8 0.226222 -0.0473986
9.4 -2.6 0.163677 -0.164411
9.4 -2.4 0.0557626 -0.226027
9.4 -2.2 -0.0597929 -0.225776
9.4 -2 -0.154199 -0.176351
9.4 -1.8 -0.213072 -0.098885
9.4 -1.6 -0.23507 -0.0139024
9.4 -1.4 -0.227228 0.0637387
9.4 -1.2 -0.199998 0.126134
9.4 -1 -0.163626 0.171226
9.4 -0.8 -0.126257 0.200753
9.4 -0.6 -0.0934411 0.218242
9.4 -0.4 -0.0684656 0.227504
9.4 -0.2 -0.0530125 0.231703
9.4 0 -0.0477987 0.232871
9.4 0.2 -0.0530125 0.231703
9.4 0.4 -0.0684656 0.227504
9.4 0.6 -0.0934411 0.218242
9.4 0.8 -0.126257 0.200753
9.4 1 -0.163626 0.171226
9.4 1.2 -0.199998 0.126134
9.4 1.4 -0.227228 0.0637387
9.4 1.6 -0.23507 -0.0139024
9.4 1.8 -0.213072 -0.098885
9.4 2 -0.154199 -0.176351
9.4 2.2 -0.0597929 -0.225776
9.4 2.4 0.0557626 -0.226027
9.4 2.6 0.163677 -0.164411
9.4 2.8 0.226222 -0.0473986
9.4 3 0.210809 0.0925408
9.4 3.2 0.109643 0.201356
9.4 3.4 -0.0447742 0.223842
9.4 3.6 -0.182187 0.135814
9.4 3.8 -0.224312 -0.0288914
9.4 4 -0.134213 -0.180657
9.4 4.2 0.044269 -0.219496
9.4 4.4 0.195428 -0.10688
9.4 4.6 0.20377 0.086958
9.4 4.8 0.0506611 0.214425
9.4 5 -0.146785 0.162644
9.4 5.2 -0.215061 -0.0345969
9.4 5.4 -0.0815546 -0.200606
9.4 5.6 0.133206 -0.169094
9.4 5.8 0.210607 0.0377109
9.4 6 0.060057 0.203988
9.4 6.2 -0.158305 0.139994
9.4 6.4 -0.190542 -0.0882855
9.4 6.6 0.0094366 -0.20846
9.4 6.8 0.196817 -0.065226
9.4 7 0.126734 0.162419
9.4 7.2 -0.113456 0.170362
9.4 7.4 -0.194977 -0.0577746
9.4 7.6 0.00184872 -0.202025
9.4 7.8 0.194478 -0.0496412
9.4 8 0.0938046 0.175958
9.4 8.2 -0.150087 0.129286
9.4 8.4 -0.155901 -0.120092
9.4 8.6 0.0886064 -0.174267
9.4 8.8 0.185472 0.0576138
9.4 9 -0.0284894 0.190824
9.4 9.2 -0.191661 -0.00209036
9.4 9.4 -0.0211357 -0.189238
9.4 9.6 0.184662 -0.0410424
9.4 9.8 0.0576887 0.178858
9.6 -10 -0.109368 -0.150394
9.6 -9.8 -0.161084 0.0952803
9.6 -9.6 0.0777734 0.171555
9.6 -9.4 0.180954 -0.0565235
9.6 -9.2 -0.031348 -0.18821
9.6 -9 -0.192023 0.00230123
9.6 -8.8 -0.0302082 0.190904
9.6 -8.6 0.183247 0.0652855
9.6 -8.4 0.101417 -0.167473
9.6 -8.2 -0.142248 -0.136362
9.6 -8 -0.167111 0.106796
9.6 -7.8 0.0612853 0.189955
9.6 -7.6 0.200745 -0.00726906
9.6 -7.4 0.0519053 -0.195383
9.6 -7.2 -0.170604 -0.110835
9.6 -7 -0.162128 0.12502
9.6 -6.8 0.0603153 0.196993
9.6 -6.6 0.206551 0.0176714
9.6 -6.4 0.0983942 -0.183922
9.6 -6.2 -0.126925 -0.167134
9.6 -6 -0.207155 0.0408131
9.6 -5.8 -0.0599517 0.203764
9.6 -5.6 0.149879 0.152264
9.6 -5.4 0.208577 -0.0517248
9.6 -5.2 0.0678631 -0.205191
9.6 -5 -0.133251 -0.171689
9.6 -4.8 -0.218357 0.00850346
9.6 -4.6 -0.126339 0.17973
9.6 -4.4 0.0599951 0.212531
9.6 -4.2 0.200813 0.0945453
9.6 -4 0.206919 -0.0832718
9.6 -3.8 0.0871436 -0.206468
9.6 -3.6 -0.0782081 -0.21111
9.6 -3.4 -0.198733 -0.107866
9.6 -3.2 -0.223184 0.0418225
9.6 -3 -0.153727 0.168351
9.6 -2.8 -0.0301702 0.226845
9.6 -2.6 0.0972241 0.208065
9.6 -2.4 0.189731 0.130767
9.6 -2.2 0.229672 0.0260734
9.6 -2 0.218775 -0.0766405
9.6 -1.8 0.170699 -0.157737
9.6 -1.6 0.10288 -0.209024
9.6 -1.4 0.030716 -0.231432
9.6 -1.2 -0.035186 -0.231229
9.6 -1 -0.089303 -0.216567
9.6 -0.8 -0.130114 -0.195161
9.6 -0.6 -0.158573 -0.173155
9.6 -0.4 -0.176713 -0.154855
9.6 -0.2 -0.18661 -0.14294
9.6 0 -0.189734 -0.138824
9.6 0.2 -0.18661 -0.14294
9.6 0.4 -0.176713 -0.154855
9.6 0.6 -0.158573 -0.173155
9.6 0.8 -0.130114 -0.195161
9.6 1 -0.089303 -0.216567
9.6 1.2 -0.035186 -0.231229
9.6 1.4 0.030716 -0.231432
9.6 1.6 0.10288 -0.209024
9.6 1.8 0.170699 -0.157737
9.6 2 0.218775 -0.0766405
9.6 2.2 0.229672 0.0260734
9.6 2.4 0.189731 0.130767
9.6 2.6 0.0972241 0.208065
9.6 2.8 -0.0301702 0.226845
9.6 3 -0.153727 0.168351
9.6 3.2 -0.223184 0.0418225
9.6 3.4 -0.198733 -0.107866
9.6 3.6 -0.0782081 -0.21111
9.6 3.8 0.0871436 -0.206468
9.6 4 0.206919 -0.0832718
9.6 4.2 0.200813 0.0945453
9.6 4.4 0.0599951 0.212531
9.6 4.6 -0.126339 0.17973
9.6 4.8 -0.218357 0.00850346
9.6 5 -0.133251 -0.171689
9.6 5.2 0.0678631 -0.205191
9.6 5.4 0.208577 -0.0517248
9.6 5.6 0.149879 0.152264
9.6 5.8 -0.0599517 0.203764
9.6 6 -0.207155 0.0408131
9.6 6.2 -0.126925 -0.167134
9.6 6.4 0.0983942 -0.183922
9.6 6.6 0.206551 0.0176714
9.6 6.8 0.0603153 0.196993
9.6 7 -0.162128 0.12502
9.6 7.2 -0.170604 -0.110835
9.6 7.4 0.0519053 -0.195383
9.6 7.6 0.200745 -0.00726906
9.6 7.8 0.0612853 0.189955
9.6 8 -0.167111 0.106796
9.6 8.2 -0.142248 -0.136362
9.6 8.4 0.101417 -0.167473
9.6 8.6 0.183247 0.0652855
9.6 8.8 -0.0302082 0.190904
9.6 9 -0.192023 0.00230123
9.6 9.2 -0.031348 -0.18821
9.6 9.4 0.180954 -0.0565235
9.6 9.6 0.0777734 0.171555
9.6 9.8 -0.161084 0.0952803
9.8 -10 0.122302 -0.139076
9.8 -9.8 -0.125666 -0.137631
9.8 -9.6 -0.153033 0.108423
9.8 -9.4 0.0868673 0.167557
9.8 -9.2 0.179979 -0.0606735
9.8 -9 -0.0297907 -0.188797
9.8 -8.8 -0.192267 -0.00541742
9.8 -8.6 -0.044012 0.18849
9.8 -8.4 0.175587 0.0843201
9.8 -8.2 0.123808 -0.151962
9.8 -8 -0.116676 -0.159037
9.8 -7.8 -0.185765 0.0699103
9.8 -7.6 0.0134719 0.199272
9.8 -7.4 0.19497 0.0487454
9.8 -7.2 0.110513 -0.169347
9.8 -7 -0.121189 -0.163433
9.8 -6.8 -0.197751 0.0529148
9.8 -6.6 -0.0283026 0.203996
9.8 -6.4 0.175475 0.110163
9.8 -6.2 0.176223 -0.11129
9.8 -6 -0.0191546 -0.208772
9.8 -5.8 -0.193731 -0.0832649
9.8 -5.6 -0.169968 0.126829
9.8 -5.4 0.0191895 0.212401
9.8 -5.2 0.189334 0.100694
9.8 -5 0.191796 -0.0984913
9.8 -4.8 0.0351085 -0.213887
9.8 -4.6 -0.147022 -0.160785
9.8 -4.4 -0.218772 0.00924742
9.8 -4.2 -0.139739 0.16997
9.8 -4 0.0264011 0.219499
9.8 -3.8 0.173149 0.139086
9.8 -3.6 0.222624 -0.0141373
9.8 -3.4 0.161042 -0.15572
9.8 -3.2 0.0297671 -0.222944
9.8 -3 -0.108306 -0.198116
9.8 -2.8 -0.201563 -0.103564
9.8 -2.6 -0.2266 0.0189468
9.8 -2.4 -0.187892 0.12937
9.8 -2.2 -0.107144 0.202168
9.8 -2 -0.0106775 0.229188
9.8 -1.8 0.0797339 0.215752
9.8 -1.6 0.150936 0.174258
9.8 -1.4 0.198325 0.118447
9.8 -1.2 0.22355 0.0598029
9.8 -1 0.231677 0.00611424
9.8 -0.8 0.228841 -0.0384179
9.8 -0.6 0.220731 -0.0722891
9.8 -0.4 0.211856 -0.0956003
9.8 -0.2 0.205338 -0.109102
9.8 0 0.202972 -0.113509
9.8 0.2 0.205338 -0.109102
9.8 0.4 0.211856 -0.0956003
9.8 0.6 0.220731 -0.0722891
9.8 0.8 0.228841 -0.0384179
9.8 1 0.231677 0.00611424
9.8 1.2 0.22355 0.0598029
9.8 1.4 0.198325 0.118447
9.8 1.6 0.150936 0.174258
9.8 1.8 0.0797339 0.215752
9.8 2 -0.0106775 0.229188
9.8 2.2 -0.107144 0.202168
9.8 2.4 -0.187892 0.12937
9.8 2.6 -0.2266 0.0189468
9.8 2.8 -0.201563 -0.103564
9.8 3 -0.108306 -0.198116
9.8 3.2 0.0297671 -0.222944
9.8 3.4 0.161042 -0.15572
9.8 3.6 0.222624 -0.0141373
9.8 3.8 0.173149 0.139086
9.8 4 0.0264011 0.219499
9.8 4.2 -0.139739 0.16997
9.8 4.4 -0.218772 0.00924742
9.8 4.6 -0.147022 -0.160785
9.8 4.8 0.0351085 -0.213887
9.8 5 0.191796 -0.0984913
9.8 5.2 0.189334 0.100694
9.8 5.4 0.0191895 0.212401
9.8 5.6 -0.169968 0.126829
9.8 5.8 -0.193731 -0.0832649
9.8 6 -0.0191546 -0.208772
9.8 6.2 0.176223 -0.11129
9.8 6.4 0.175475 0.110163
9.8 6.6 -0.0283026 0.203996
9.8 6.8 -0.197751 0.0529148
9.8 7 -0.121189 -0.163433
9.8 7.2 0.110513 -0.169347
9.8 7.4 0.19497 0.0487454
9.8 7.6 0.0134719 0.199272
9.8 7.8 -0.185765 0.0699103
9.8 8 -0.116676 -0.159037
9.8 8.2 0.123808 -0.151962
9.8 8.4 0.175587 0.0843201
9.8 8.6 -0.044012 0.18849
9.8 8.8 -0.192267 -0.00541742
9.8 9 -0.0297907 -0.188797
9.8 9.2 0.179979 -0.0606735
9.8 9.4 0.0868673 0.167557
9.8 9.6 -0.153033 0.108423
9.8 9.8 -0.125666 -0.137631
