-10 -10 -0.0657547 0.0912035
-10 -9.8 -0.111902 -0.00792802
-10 -9.6 0.103857 -0.0416566
-10 -9.4 -0.070423 -0.0865566
-10 -9.2 -0.0785226 -0.0787942
-10 -9 0.0894447 -0.0654952
-10 -8.8 -0.108752 0.0192635
-10 -8.6 -0.0657356 0.0881876
-10 -8.4 -0.104606 -0.0323681
-10 -8.2 0.0990193 0.0454875
-10 -8 0.0961027 -0.0501326
-10 -7.8 0.0776494 0.0747373
-10 -7.6 -0.04949 -0.0949884
-10 -7.4 -0.0905387 -0.0558795
-10 -7.2 0.074796 -0.0745897
-10 -7 -0.100609 -0.0294049
-10 -6.8 -0.0807896 -0.0654107
-10 -6.6 0.0918712 0.0466294
-10 -6.4 0.097998 -0.0284809
-10 -6.2 -0.00607417 0.100833
-10 -6 0.0999277 -0.000544577
-10 -5.8 0.0396016 0.0904964
-10 -5.6 0.0447957 -0.0866835
-10 -5.4 0.0882835 -0.0385036
-10 -5.2 -0.0941825 -0.0124698
-10 -5 -0.0771918 -0.0530159
-10 -4.8 0.0446306 0.0807249
-10 -4.6 -0.00166899 0.0907997
-10 -4.4 0.0552058 -0.070289
-10 -4.2 0.087663 -0.00611562
-10 -4 -0.0454844 -0.0735145
-10 -3.8 0.0634127 -0.0565899
-10 -3.6 -0.0424489 -0.0721474
-10 -3.4 0.0820231 0.0075336
-10 -3.2 0.0755973 -0.0298626
-10 -3 -0.0767261 0.0245774
-10 -2.8 -0.0756312 -0.0267146
-10 -2.6 -0.00374006 0.080271
-10 -2.4 -0.0740999 -0.0334078
-10 -2.2 -0.0831791 0.00516217
-10 -2 0.0853584 0.0170288
-10 -1.8 0.0307404 0.0886053
-10 -1.6 0.107857 -0.00623183
-10 -1.4 -0.119141 0.0740823
-10 -1.2 -0.214257 0.0683217
-10 -1 0.507573 0.172504
-10 -0.8 1.0966 0.280387
-10 -0.6 1.0204 0.298056
-10 -0.4 0.914194 0.289134
-10 -0.2 0.964734 0.296595
-10 0 0.949038 0.275158
-10 0.2 0.964734 0.296595
-10 0.4 0.914194 0.289134
-10 0.6 1.0204 0.298056
-10 0.8 1.0966 0.280387
-10 1 0.507573 0.172504
-10 1.2 -0.214257 0.0683217
-10 1.4 -0.119141 0.0740823
-10 1.6 0.107857 -0.00623183
-10 1.8 0.0307404 0.0886053
-10 2 0.0853584 0.0170288
-10 2.2 -0.0831791 0.00516217
-10 2.4 -0.0740999 -0.0334078
-10 2.6 -0.00374006 0.080271
-10 2.8 -0.0756312 -0.0267146
-10 3 -0.0767261 0.0245774
-10 3.2 0.0755973 -0.0298626
-10 3.4 0.0820231 0.0075336
-10 3.6 -0.0424489 -0.0721474
-10 3.8 0.0634127 -0.0565899
-10 4 -0.0454844 -0.0735145
-10 4.2 0.087663 -0.00611562
-10 4.4 0.0552058 -0.070289
-10 4.6 -0.00166899 0.0907997
-10 4.8 0.0446306 0.0807249
-10 5 -0.0771918 -0.0530159
-10 5.2 -0.0941825 -0.0124698
-10 5.4 0.0882835 -0.0385036
-10 5.6 0.0447957 -0.0866835
-10 5.8 0.0396016 0.0904964
-10 6 0.0999277 -0.000544577
-10 6.2 -0.00607417 0.100833
-10 6.4 0.097998 -0.0284809
-10 6.6 0.0918712 0.0466294
-10 6.8 -0.0807896 -0.0654107
-10 7 -0.100609 -0.0294049
-10 7.2 0.074796 -0.0745897
-10 7.4 -0.0905387 -0.0558795
-10 7.6 -0.04949 -0.0949884
-10 7.8 0.0776494 0.0747373
-10 8 0.0961027 -0.0501326
-10 8.2 0.0990193 0.0454875
-10 8.4 -0.104606 -0.0323681
-10 8.6 -0.0657356 0.0881876
-10 8.8 -0.108752 0.0192635
-10 9 0.0894447 -0.0654952
-10 9.2 -0.0785226 -0.0787942
-10 9.4 -0.070423 -0.0865566
-10 9.6 0.103857 -0.0416566
-10 9.8 -0.111902 -0.00792802
-9.8 -10 -0.113724 -0.000877905
-9.8 -9.8 -0.103979 0.0454871
-9.8 -9.6 -0.0764036 -0.0835657
-9.8 -9.4 0.0903551 0.067749
-9.8 -9.2 0.0680739 -0.0896992
-9.8 -9 0.0879214 -0.0697741
-9.8 -8.8 0.013529 0.111024
-9.8 -8.6 0.07853 -0.0790261
-9.8 -8.4 0.0556406 -0.0959712
-9.8 -8.2 0.0817724 0.0741978
-9.8 -8 -0.0104186 -0.109362
-9.8 -7.8 -0.0363209 -0.103038
-9.8 -7.6 0.108357 0.00725098
-9.8 -7.4 -0.0405933 -0.0999712
-9.8 -7.2 -0.00659982 -0.106943
-9.8 -7 0.0478399 0.0949731
-9.8 -6.8 0.105411 0.00382614
-9.8 -6.6 0.00591943 0.104397
-9.8 -6.4 0.0807096 -0.0649417
-9.8 -6.2 0.100771 -0.0190676
-9.8 -6 -0.101086 0.0087856
-9.8 -5.8 -0.0956323 0.0303051
-9.8 -5.6 0.0706202 -0.0695349
-9.8 -5.4 0.0138292 -0.0968542
-9.8 -5.2 0.0560743 0.0785498
-9.8 -5 0.094092 0.014063
-9.8 -4.8 -0.0759781 0.0548669
-9.8 -4.6 -0.0245173 0.088925
-9.8 -4.4 -0.0217055 -0.0881055
-9.8 -4.2 -0.0443804 -0.0774465
-9.8 -4 0.0421379 0.0769294
-9.8 -3.8 0.0104232 0.0856419
-9.8 -3.6 0.0536094 -0.0658023
-9.8 -3.4 0.0768905 0.0325394
-9.8 -3.2 0.050262 -0.0651695
-9.8 -3 0.00501624 0.0812303
-9.8 -2.8 0.0106871 0.0800987
-9.8 -2.6 0.0382031 -0.0710898
-9.8 -2.4 0.0779787 0.0233499
-9.8 -2.2 0.0639827 -0.0537927
-9.8 -2 -0.0562212 0.0675789
-9.8 -1.8 -0.0924485 0.0192565
-9.8 -1.6 0.0221618 0.105592
-9.8 -1.4 -0.110511 -0.0858036
-9.8 -1.2 -0.154571 -0.158841
-9.8 -1 0.0937023 0.531151
-9.8 -0.8 0.281597 1.10376
-9.8 -0.6 0.231068 1.03323
-9.8 -0.4 0.218198 0.942935
-9.8 -0.2 0.208446 0.987358
-9.8 0 0.223994 0.992696
-9.8 0.2 0.208446 0.987358
-9.8 0.4 0.218198 0.942935
-9.8 0.6 0.231068 1.03323
-9.8 0.8 0.281597 1.10376
-9.8 1 0.0937023 0.531151
-9.8 1.2 -0.154571 -0.158841
-9.8 1.4 -0.110511 -0.0858036
-9.8 1.6 0.0221618 0.105592
-9.8 1.8 -0.0924485 0.0192565
-9.8 2 -0.0562212 0.0675789
-9.8 2.2 0.0639827 -0.0537927
-9.8 2.4 0.0779787 0.0233499
-9.8 2.6 0.0382031 -0.0710898
-9.8 2.8 0.0106871 0.0800987
-9.8 3 0.00501624 0.0812303
-9.8 3.2 0.050262 -0.0651695
-9.8 3.4 0.0768905 0.0325394
-9.8 3.6 0.0536094 -0.0658023
-9.8 3.8 0.0104232 0.0856419
-9.8 4 0.0421379 0.0769294
-9.8 4.2 -0.0443804 -0.0774465
-9.8 4.4 -0.0217055 -0.0881055
-9.8 4.6 -0.0245173 0.088925
-9.8 4.8 -0.0759781 0.0548669
-9.8 5 0.094092 0.014063
-9.8 5.2 0.0560743 0.0785498
-9.8 5.4 0.0138292 -0.0968542
-9.8 5.6 0.0706202 -0.0695349
-9.8 5.8 -0.0956323 0.0303051
-9.8 6 -0.101086 0.0087856
-9.8 6.2 0.100771 -0.0190676
-9.8 6.4 0.0807096 -0.0649417
-9.8 6.6 0.00591943 0.104397
-9.8 6.8 0.105411 0.00382614
-9.8 7 0.0478399 0.0949731
-9.8 7.2 -0.00659982 -0.106943
-9.8 7.4 -0.0405933 -0.0999712
-9.8 7.6 0.108357 0.00725098
-9.8 7.8 -0.0363209 -0.103038
-9.8 8 -0.0104186 -0.109362
-9.8 8.2 0.0817724 0.0741978
-9.8 8.4 0.0556406 -0.0959712
-9.8 8.6 0.07853 -0.0790261
-9.8 8.8 0.013529 0.111024
-9.8 9 0.0879214 -0.0697741
-9.8 9.2 0.0680739 -0.0896992
-9.8 9.4 0.0903551 0.067749
-9.8 9.6 -0.0764036 -0.0835657
-9.8 9.8 -0.103979 0.0454871
-9.6 -10 0.0720656 -0.0896697
-9.6 -9.8 -0.106965 -0.041751
-9.6 -9.6 -0.113325 -0.0169109
-9.6 -9.4 0.00633096 -0.114129
-9.6 -9.2 -0.0165709 0.112785
-9.6 -9 0.10118 0.0517632
-9.6 -8.8 0.0522657 0.100494
-9.6 -8.6 -0.0997698 -0.0527479
-9.6 -8.4 -0.0317926 0.107808
-9.6 -8.2 -0.0586463 0.0952987
-9.6 -8 -0.0253021 -0.108442
-9.6 -7.8 -0.100996 0.0454815
-9.6 -7.6 -0.110066 -0.00366342
-9.6 -7.4 0.102183 -0.0391853
-9.6 -7.2 0.00165128 -0.108686
-9.6 -7 0.102211 -0.0345879
-9.6 -6.8 -0.103769 -0.0263145
-9.6 -6.6 -0.103161 -0.0249874
-9.6 -6.4 0.100837 -0.0299031
-9.6 -6.2 0.0320145 -0.0991041
-9.6 -6 0.0883516 0.053048
-9.6 -5.8 0.0460484 -0.0909042
-9.6 -5.6 0.0992412 0.0169979
-9.6 -5.4 -0.0278632 -0.0954232
-9.6 -5.2 0.0669541 -0.0716575
-9.6 -5 -0.0945953 -0.0199281
-9.6 -4.8 -0.0256013 -0.0917072
-9.6 -4.6 -0.0764944 0.0541578
-9.6 -4.4 -0.0630727 -0.0672591
-9.6 -4.2 -0.0741399 0.0521408
-9.6 -4 -0.0113247 -0.0883698
-9.6 -3.8 -0.0627763 -0.0610838
-9.6 -3.6 0.0720785 0.0470489
-9.6 -3.4 0.0509038 0.0676348
-9.6 -3.2 0.0249584 -0.079573
-9.6 -3 0.0775971 0.0276517
-9.6 -2.8 0.0726896 -0.0373729
-9.6 -2.6 -0.070678 0.0410588
-9.6 -2.4 -0.0803215 -0.0190103
-9.6 -2.2 -0.0230078 0.0807156
-9.6 -2 -0.0292283 -0.0826147
-9.6 -1.8 -0.00417107 -0.0951937
-9.6 -1.6 -0.101398 0.0361882
-9.6 -1.4 0.0431575 -0.132354
-9.6 -1.2 0.0741061 -0.208089
-9.6 -1 -0.417124 0.34457
-9.6 -0.8 -0.825511 0.778432
-9.6 -0.6 -0.806536 0.70191
-9.6 -0.4 -0.731441 0.664667
-9.6 -0.2 -0.769569 0.667408
-9.6 0 -0.784381 0.665202
-9.6 0.2 -0.769569 0.667408
-9.6 0.4 -0.731441 0.664667
-9.6 0.6 -0.806536 0.70191
-9.6 0.8 -0.825511 0.778432
-9.6 1 -0.417124 0.34457
-9.6 1.2 0.0741061 -0.208089
-9.6 1.4 0.0431575 -0.132354
-9.6 1.6 -0.101398 0.0361882
-9.6 1.8 -0.00417107 -0.0951937
-9.6 2 -0.0292283 -0.0826147
-9.6 2.2 -0.0230078 0.0807156
-9.6 2.4 -0.0803215 -0.0190103
-9.6 2.6 -0.070678 0.0410588
-9.6 2.8 0.0726896 -0.0373729
-9.6 3 0.0775971 0.0276517
-9.6 3.2 0.0249584 -0.079573
-9.6 3.4 0.0509038 0.0676348
-9.6 3.6 0.0720785 0.0470489
-9.6 3.8 -0.0627763 -0.0610838
-9.6 4 -0.0113247 -0.0883698
-9.6 4.2 -0.0741399 0.0521408
-9.6 4.4 -0.0630727 -0.0672591
-9.6 4.6 -0.0764944 0.0541578
-9.6 4.8 -0.0256013 -0.0917072
-9.6 5 -0.0945953 -0.0199281
-9.6 5.2 0.0669541 -0.0716575
-9.6 5.4 -0.0278632 -0.0954232
-9.6 5.6 0.0992412 0.0169979
-9.6 5.8 0.0460484 -0.0909042
-9.6 6 0.0883516 0.053048
-9.6 6.2 0.0320145 -0.0991041
-9.6 6.4 0.100837 -0.0299031
-9.6 6.6 -0.103161 -0.0249874
-9.6 6.8 -0.103769 -0.0263145
-9.6 7 0.102211 -0.0345879
-9.6 7.2 0.00165128 -0.108686
-9.6 7.4 0.102183 -0.0391853
-9.6 7.6 -0.110066 -0.00366342
-9.6 7.8 -0.100996 0.0454815
-9.6 8 -0.0253021 -0.108442
-9.6 8.2 -0.0586463 0.0952987
-9.6 8.4 -0.0317926 0.107808
-9.6 8.6 -0.0997698 -0.0527479
-9.6 8.8 0.0522657 0.100494
-9.6 9 0.10118 0.0517632
-9.6 9.2 -0.0165709 0.112785
-9.6 9.4 0.00633096 -0.114129
-9.6 9.6 -0.113325 -0.0169109
-9.6 9.8 -0.106965 -0.041751
-9.4 -10 -0.103893 0.0524285
-9.4 -9.8 0.0906823 -0.0726225
-9.4 -9.6 -0.0843368 -0.0795778
-9.4 -9.4 -0.085663 -0.0777694
-9.4 -9.2 0.0897221 -0.0725921
-9.4 -9 -0.109949 0.0340047
-9.4 -8.8 -0.0407446 0.107249
-9.4 -8.6 -0.111944 0.0232377
-9.4 -8.4 0.106041 -0.0415527
-9.4 -8.2 -0.00938668 -0.113021
-9.4 -8 0.0752032 -0.0841862
-9.4 -7.8 -0.0591912 0.0954478
-9.4 -7.6 0.0574155 0.0958022
-9.4 -7.4 -0.0673658 0.0882414
-9.4 -7.2 0.0960571 -0.0541932
-9.4 -7 0.0742003 -0.080538
-9.4 -6.8 0.0232521 0.106152
-9.4 -6.6 0.10601 -0.0193826
-9.4 -6.4 0.0645853 0.0850678
-9.4 -6.2 0.00244512 -0.105752
-9.4 -6 0.0349287 -0.0986911
-9.4 -5.8 -0.0381016 0.0962699
-9.4 -5.6 -0.0212091 0.100092
-9.4 -5.4 -0.00888663 -0.100636
-9.4 -5.2 -0.0422458 -0.0902783
-9.4 -5 0.0679661 0.0709547
-9.4 -4.8 0.0809601 0.0530381
-9.4 -4.6 -0.0823331 -0.0479401
-9.4 -4.4 -0.0701985 -0.0620536
-9.4 -4.2 0.0296824 0.0872049
-9.4 -4 -0.0500688 0.0754151
-9.4 -3.8 0.0820698 0.034179
-9.4 -3.6 -0.0586988 0.064674
-9.4 -3.4 -0.00936868 0.0853604
-9.4 -3.2 0.0123454 -0.0836358
-9.4 -3 0.0658926 -0.0512071
-9.4 -2.8 -0.0523356 -0.0641736
-9.4 -2.6 0.0819802 0.0105145
-9.4 -2.4 0.0800379 0.0212506
-9.4 -2.2 -0.0201756 -0.0824104
-9.4 -2 0.0857361 0.0197698
-9.4 -1.8 0.0943175 0.0144021
-9.4 -1.6 -0.0482483 -0.0961767
-9.4 -1.4 0.138553 -0.00281332
-9.4 -1.2 0.2197 -0.026464
-9.4 -1 -0.501056 -0.19555
-9.4 -0.8 -1.08135 -0.354811
-9.4 -0.6 -0.992534 -0.371574
-9.4 -0.4 -0.939776 -0.31586
-9.4 -0.2 -0.955755 -0.367373
-9.4 0 -0.936407 -0.375128
-9.4 0.2 -0.955755 -0.367373
-9.4 0.4 -0.939776 -0.31586
-9.4 0.6 -0.992534 -0.371574
-9.4 0.8 -1.08135 -0.354811
-9.4 1 -0.501056 -0.19555
-9.4 1.2 0.2197 -0.026464
-9.4 1.4 0.138553 -0.00281332
-9.4 1.6 -0.0482483 -0.0961767
-9.4 1.8 0.0943175 0.0144021
-9.4 2 0.0857361 0.0197698
-9.4 2.2 -0.0201756 -0.0824104
-9.4 2.4 0.0800379 0.0212506
-9.4 2.6 0.0819802 0.0105145
-9.4 2.8 -0.0523356 -0.0641736
-9.4 3 0.0658926 -0.0512071
-9.4 3.2 0.0123454 -0.0836358
-9.4 3.4 -0.00936868 0.0853604
-9.4 3.6 -0.0586988 0.064674
-9.4 3.8 0.0820698 0.034179
-9.4 4 -0.0500688 0.0754151
-9.4 4.2 0.0296824 0.0872049
-9.4 4.4 -0.0701985 -0.0620536
-9.4 4.6 -0.0823331 -0.0479401
-9.4 4.8 0.0809601 0.0530381
-9.4 5 0.0679661 0.0709547
-9.4 5.2 -0.0422458 -0.0902783
-9.4 5.4 -0.00888663 -0.100636
-9.4 5.6 -0.0212091 0.100092
-9.4 5.8 -0.0381016 0.0962699
-9.4 6 0.0349287 -0.0986911
-9.4 6.2 0.00244512 -0.105752
-9.4 6.4 0.0645853 0.0850678
-9.4 6.6 0.10601 -0.0193826
-9.4 6.8 0.0232521 0.106152
-9.4 7 0.0742003 -0.080538
-9.4 7.2 0.0960571 -0.0541932
-9.4 7.4 -0.0673658 0.0882414
-9.4 7.6 0.0574155 0.0958022
-9.4 7.8 -0.0591912 0.0954478
-9.4 8 0.0752032 -0.0841862
-9.4 8.2 -0.00938668 -0.113021
-9.4 8.4 0.106041 -0.0415527
-9.4 8.6 -0.111944 0.0232377
-9.4 8.8 -0.0407446 0.107249
-9.4 9 -0.109949 0.0340047
-9.4 9.2 0.0897221 -0.0725921
-9.4 9.4 -0.085663 -0.0777694
-9.4 9.6 -0.0843368 -0.0795778
-9.4 9.8 0.0906823 -0.0726225
-9.2 -10 0.0280394 0.114337
-9.2 -9.8 -0.10962 0.04245
-9.2 -9.6 0.106025 -0.0502981
-9.2 -9.4 -0.0465838 -0.107454
-9.2 -9.2 -0.0248473 -0.114178
-9.2 -9 0.114305 0.0227605
-9.2 -8.8 -0.074027 -0.0895822
-9.2 -8.6 -0.109797 -0.0369067
-9.2 -8.4 0.0183501 -0.113947
-9.2 -8.2 -0.0498054 0.103604
-9.2 -8 0.0357658 0.108716
-9.2 -7.8 -0.0998215 0.0548401
-9.2 -7.6 0.113204 -0.00440698
-9.2 -7.4 0.102375 -0.046964
-9.2 -7.2 0.00397017 0.111851
-9.2 -7 0.104234 -0.038605
-9.2 -6.8 0.106744 0.0278856
-9.2 -6.6 -0.104605 -0.0321564
-9.2 -6.4 -0.107241 0.0163734
-9.2 -6.2 0.0564604 -0.0914353
-9.2 -6 -0.0645622 -0.0845437
-9.2 -5.8 0.0898111 -0.0548236
-9.2 -5.6 -0.0609878 -0.0842374
-9.2 -5.4 0.070894 -0.0743089
-9.2 -5.2 -0.0861077 -0.0534271
-9.2 -5 0.0392706 -0.0918611
-9.2 -4.8 -0.0911408 -0.0371461
-9.2 -4.6 0.0533425 -0.0808481
-9.2 -4.4 -0.0456582 -0.0836257
-9.2 -4.2 0.0877335 0.0326918
-9.2 -4 0.0916287 0.00795819
-9.2 -3.8 -0.0853018 -0.0297553
-9.2 -3.6 -0.0341278 -0.0819173
-9.2 -3.4 -0.0779969 0.0389963
-9.2 -3.2 0.0167724 -0.0841062
-9.2 -3 0.00687102 -0.0842772
-9.2 -2.8 -0.0613204 0.0571896
-9.2 -2.6 -0.0518866 -0.0652298
-9.2 -2.4 -0.0778189 -0.0310454
-9.2 -2.2 0.0551078 0.0649415
-9.2 -2 -0.0671108 0.0583845
-9.2 -1.8 -0.0340151 0.0884854
-9.2 -1.6 0.0909767 -0.0583007
-9.2 -1.4 0.046919 0.129915
-9.2 -1.2 0.122077 0.184328
-9.2 -1 -0.0704146 -0.534496
-9.2 -0.8 -0.215164 -1.1177
-9.2 -0.6 -0.151154 -1.0542
-9.2 -0.4 -0.193392 -0.991323
-9.2 -0.2 -0.124548 -0.994828
-9.2 0 -0.133231 -0.970563
-9.2 0.2 -0.124548 -0.994828
-9.2 0.4 -0.193392 -0.991323
-9.2 0.6 -0.151154 -1.0542
-9.2 0.8 -0.215164 -1.1177
-9.2 1 -0.0704146 -0.534496
-9.2 1.2 0.122077 0.184328
-9.2 1.4 0.046919 0.129915
-9.2 1.6 0.0909767 -0.0583007
-9.2 1.8 -0.0340151 0.0884854
-9.2 2 -0.0671108 0.0583845
-9.2 2.2 0.0551078 0.0649415
-9.2 2.4 -0.0778189 -0.0310454
-9.2 2.6 -0.0518866 -0.0652298
-9.2 2.8 -0.0613204 0.0571896
-9.2 3 0.00687102 -0.0842772
-9.2 3.2 0.0167724 -0.0841062
-9.2 3.4 -0.0779969 0.0389963
-9.2 3.6 -0.0341278 -0.0819173
-9.2 3.8 -0.0853018 -0.0297553
-9.2 4 0.0916287 0.00795819
-9.2 4.2 0.0877335 0.0326918
-9.2 4.4 -0.0456582 -0.0836257
-9.2 4.6 0.0533425 -0.0808481
-9.2 4.8 -0.0911408 -0.0371461
-9.2 5 0.0392706 -0.0918611
-9.2 5.2 -0.0861077 -0.0534271
-9.2 5.4 0.070894 -0.0743089
-9.2 5.6 -0.0609878 -0.0842374
-9.2 5.8 0.0898111 -0.0548236
-9.2 6 -0.0645622 -0.0845437
-9.2 6.2 0.0564604 -0.0914353
-9.2 6.4 -0.107241 0.0163734
-9.2 6.6 -0.104605 -0.0321564
-9.2 6.8 0.106744 0.0278856
-9.2 7 0.104234 -0.038605
-9.2 7.2 0.00397017 0.111851
-9.2 7.4 0.102375 -0.046964
-9.2 7.6 0.113204 -0.00440698
-9.2 7.8 -0.0998215 0.0548401
-9.2 8 0.0357658 0.108716
-9.2 8.2 -0.0498054 0.103604
-9.2 8.4 0.0183501 -0.113947
-9.2 8.6 -0.109797 -0.0369067
-9.2 8.8 -0.074027 -0.0895822
-9.2 9 0.114305 0.0227605
-9.2 9.2 -0.0248473 -0.114178
-9.2 9.4 -0.0465838 -0.107454
-9.2 9.6 0.106025 -0.0502981
-9.2 9.8 -0.10962 0.04245
-9 -10 0.019985 0.117409
-9 -9.8 0.0278454 0.115643
-9 -9.6 -0.114687 0.0308725
-9 -9.4 0.116289 -0.0230906
-9 -9.2 0.00222666 -0.118295
-9 -9 0.0500137 -0.106918
-9 -8.8 0.0515146 0.105852
-9 -8.6 0.0611957 -0.10015
-9 -8.4 0.0413652 -0.109412
-9 -8.2 0.0948584 0.067685
-9 -8 -0.0210781 -0.114114
-9 -7.8 -0.0458795 -0.106008
-9 -7.6 0.114919 0.00121757
-9 -7.4 -0.0472664 -0.104056
-9 -7.2 -0.00873533 -0.113258
-9 -7 0.0479419 0.102151
-9 -6.8 0.111028 0.0149297
-9 -6.6 -0.0161511 0.109971
-9 -6.4 0.104446 -0.0351655
-9 -6.2 0.101748 0.0396363
-9 -6 -0.0795702 -0.0731944
-9 -5.8 -0.0687442 -0.0819454
-9 -5.6 0.0705389 0.0787671
-9 -5.4 0.0778898 0.0695696
-9 -5.2 -0.0837998 -0.0599901
-9 -5 -0.0838488 -0.0573982
-9 -4.8 0.0733349 0.0681436
-9 -4.6 0.0402984 0.0899033
-9 -4.4 0.0298645 -0.0921833
-9 -4.2 0.0946884 -0.0101998
-9 -4 -0.00306424 -0.0934805
-9 -3.8 0.0749883 0.0529921
-9 -3.6 0.0849256 0.030256
-9 -3.4 -0.0621446 -0.0631134
-9 -3.2 0.0392974 -0.0777087
-9 -3 -0.0456967 -0.0725132
-9 -2.8 0.0523144 0.0668632
-9 -2.6 -0.0186548 0.0821125
-9 -2.4 0.0704778 0.0470297
-9 -2.2 -0.0759158 -0.0400601
-9 -2 -0.00426404 -0.0886816
-9 -1.8 -0.0784055 -0.0545575
-9 -1.6 0.0658564 0.0866483
-9 -1.4 -0.108562 0.0847998
-9 -1.2 -0.109867 0.190751
-9 -1 0.434493 -0.324167
-9 -0.8 0.876025 -0.721094
-9 -0.6 0.846487 -0.626064
-9 -0.4 0.796472 -0.64862
-9 -0.2 0.7793 -0.590008
-9 0 0.762554 -0.611965
-9 0.2 0.7793 -0.590008
-9 0.4 0.796472 -0.64862
-9 0.6 0.846487 -0.626064
-9 0.8 0.876025 -0.721094
-9 1 0.434493 -0.324167
-9 1.2 -0.109867 0.190751
-9 1.4 -0.108562 0.0847998
-9 1.6 0.0658564 0.0866483
-9 1.8 -0.0784055 -0.0545575
-9 2 -0.00426404 -0.0886816
-9 2.2 -0.0759158 -0.0400601
-9 2.4 0.0704778 0.0470297
-9 2.6 -0.0186548 0.0821125
-9 2.8 0.0523144 0.0668632
-9 3 -0.0456967 -0.0725132
-9 3.2 0.0392974 -0.0777087
-9 3.4 -0.0621446 -0.0631134
-9 3.6 0.0849256 0.030256
-9 3.8 0.0749883 0.0529921
-9 4 -0.00306424 -0.0934805
-9 4.2 0.0946884 -0.0101998
-9 4.4 0.0298645 -0.0921833
-9 4.6 0.0402984 0.0899033
-9 4.8 0.0733349 0.0681436
-9 5 -0.0838488 -0.0573982
-9 5.2 -0.0837998 -0.0599901
-9 5.4 0.0778898 0.0695696
-9 5.6 0.0705389 0.0787671
-9 5.8 -0.0687442 -0.0819454
-9 6 -0.0795702 -0.0731944
-9 6.2 0.101748 0.0396363
-9 6.4 0.104446 -0.0351655
-9 6.6 -0.0161511 0.109971
-9 6.8 0.111028 0.0149297
-9 7 0.0479419 0.102151
-9 7.2 -0.00873533 -0.113258
-9 7.4 -0.0472664 -0.104056
-9 7.6 0.114919 0.00121757
-9 7.8 -0.0458795 -0.106008
-9 8 -0.0210781 -0.114114
-9 8.2 0.0948584 0.067685
-9 8.4 0.0413652 -0.109412
-9 8.6 0.0611957 -0.10015
-9 8.8 0.0515146 0.105852
-9 9 0.0500137 -0.106918
-9 9.2 0.00222666 -0.118295
-9 9.4 0.116289 -0.0230906
-9 9.6 -0.114687 0.0308725
-9 9.8 0.0278454 0.115643
-8.8 -10 -0.117953 0.0245994
-8.8 -9.8 0.0273493 0.117217
-8.8 -9.6 0.0271145 0.117113
-8.8 -9.4 -0.118726 0.0176104
-8.8 -9.2 0.11954 0.00797006
-8.8 -9 0.054227 -0.106546
-8.8 -8.8 0.107555 -0.0515257
-8.8 -8.6 -0.0586835 0.103442
-8.8 -8.4 0.11394 0.0327585
-8.8 -8.2 0.104786 0.0545602
-8.8 -8 -0.108915 0.0445551
-8.8 -7.8 0.0742469 0.0906357
-8.8 -7.6 0.0393357 0.109765
-8.8 -7.4 -0.0879504 -0.0756083
-8.8 -7.2 -0.0956962 0.0643269
-8.8 -7 -0.0983955 -0.0586954
-8.8 -6.8 0.0581324 0.0978028
-8.8 -6.6 0.063197 0.0935692
-8.8 -6.4 -0.101088 -0.0481753
-8.8 -6.2 -0.0984369 0.051252
-8.8 -6 -0.0157602 -0.108769
-8.8 -5.8 -0.108694 0.0036605
-8.8 -5.6 -0.00691887 -0.107307
-8.8 -5.4 -0.105029 0.0159092
-8.8 -5.2 -0.0213625 -0.102646
-8.8 -5 -0.10234 0.0146534
-8.8 -4.8 0.0127197 -0.101062
-8.8 -4.6 -0.0777152 -0.0633317
-8.8 -4.4 0.0984731 0.00478021
-8.8 -4.2 0.0961377 -0.0120159
-8.8 -4 -0.0922038 -0.0234737
-8.8 -3.8 -0.029282 -0.088676
-8.8 -3.6 -0.0901863 0.0161824
-8.8 -3.4 0.0614431 -0.0656503
-8.8 -3.2 0.073175 -0.0496166
-8.8 -3 -0.0735952 -0.0463395
-8.8 -2.8 0.0787007 -0.0346197
-8.8 -2.6 0.0808089 -0.0269832
-8.8 -2.4 -0.0531196 -0.0669045
-8.8 -2.2 0.0855585 0.0147267
-8.8 -2 0.0698874 0.056473
-8.8 -1.8 0.0751946 -0.0597443
-8.8 -1.6 -0.0828333 0.0704088
-8.8 -1.4 -0.113123 -0.0775965
-8.8 -1.2 -0.218444 -0.0138017
-8.8 -1 0.495871 0.219771
-8.8 -0.8 1.05742 0.422554
-8.8 -0.6 0.955769 0.440545
-8.8 -0.4 0.949247 0.387109
-8.8 -0.2 0.908626 0.373958
-8.8 0 0.936359 0.368529
-8.8 0.2 0.908626 0.373958
-8.8 0.4 0.949247 0.387109
-8.8 0.6 0.955769 0.440545
-8.8 0.8 1.05742 0.422554
-8.8 1 0.495871 0.219771
-8.8 1.2 -0.218444 -0.0138017
-8.8 1.4 -0.113123 -0.0775965
-8.8 1.6 -0.0828333 0.0704088
-8.8 1.8 0.0751946 -0.0597443
-8.8 2 0.0698874 0.056473
-8.8 2.2 0.0855585 0.0147267
-8.8 2.4 -0.0531196 -0.0669045
-8.8 2.6 0.0808089 -0.0269832
-8.8 2.8 0.0787007 -0.0346197
-8.8 3 -0.0735952 -0.0463395
-8.8 3.2 0.073175 -0.0496166
-8.8 3.4 0.0614431 -0.0656503
-8.8 3.6 -0.0901863 0.0161824
-8.8 3.8 -0.029282 -0.088676
-8.8 4 -0.0922038 -0.0234737
-8.8 4.2 0.0961377 -0.0120159
-8.8 4.4 0.0984731 0.00478021
-8.8 4.6 -0.0777152 -0.0633317
-8.8 4.8 0.0127197 -0.101062
-8.8 5 -0.10234 0.0146534
-8.8 5.2 -0.0213625 -0.102646
-8.8 5.4 -0.105029 0.0159092
-8.8 5.6 -0.00691887 -0.107307
-8.8 5.8 -0.108694 0.0036605
-8.8 6 -0.0157602 -0.108769
-8.8 6.2 -0.0984369 0.051252
-8.8 6.4 -0.101088 -0.0481753
-8.8 6.6 0.063197 0.0935692
-8.8 6.8 0.0581324 0.0978028
-8.8 7 -0.0983955 -0.0586954
-8.8 7.2 -0.0956962 0.0643269
-8.8 7.4 -0.0879504 -0.0756083
-8.8 7.6 0.0393357 0.109765
-8.8 7.8 0.0742469 0.0906357
-8.8 8 -0.108915 0.0445551
-8.8 8.2 0.104786 0.0545602
-8.8 8.4 0.11394 0.0327585
-8.8 8.6 -0.0586835 0.103442
-8.8 8.8 0.107555 -0.0515257
-8.8 9 0.054227 -0.106546
-8.8 9.2 0.11954 0.00797006
-8.8 9.4 -0.118726 0.0176104
-8.8 9.6 0.0271145 0.117113
-8.8 9.8 0.0273493 0.117217
-8.6 -10 0.116316 -0.0364838
-8.6 -9.8 -0.116357 0.036018
-8.6 -9.6 0.0345728 0.11666
-8.6 -9.4 0.0257889 0.118747
-8.6 -9.2 -0.121293 0.00263555
-8.6 -9 0.113921 0.0410539
-8.6 -8.8 0.0981777 -0.0704285
-8.6 -8.6 0.115931 0.0329444
-8.6 -8.4 -0.120101 0.00417558
-8.6 -8.2 -0.00946817 0.119407
-8.6 -8 -0.0755994 0.0923436
-8.6 -7.8 0.0333786 -0.114071
-8.6 -7.6 -0.102828 -0.0585185
-8.6 -7.4 -0.0132852 -0.116965
-8.6 -7.2 -0.00462384 0.116972
-8.6 -7 0.0576276 0.101074
-8.6 -6.8 -0.1145 0.0156804
-8.6 -6.6 0.0343388 0.109462
-8.6 -6.4 -0.0672101 0.0918397
-8.6 -6.2 0.10451 -0.0424843
-8.6 -6 0.110805 -0.0145027
-8.6 -5.8 -0.110217 0.00927759
-8.6 -5.6 -0.107998 0.0173482
-8.6 -5.4 0.104256 -0.0284882
-8.6 -5.2 0.101398 -0.0331956
-8.6 -5 -0.102739 0.0227192
-8.6 -4.8 -0.102929 -0.0124434
-8.6 -4.6 0.0719608 0.0723576
-8.6 -4.4 -0.0301669 0.0957129
-8.6 -4.2 0.0932091 0.0321743
-8.6 -4 -0.0791868 0.0556921
-8.6 -3.8 -0.0610536 0.0727639
-8.6 -3.6 0.0871587 -0.032963
-8.6 -3.4 0.0492118 0.0770824
-8.6 -3.2 0.0885921 0.0142369
-8.6 -3 -0.0836669 -0.0283241
-8.6 -2.8 0.000703348 -0.0870803
-8.6 -2.6 -0.0575021 -0.0642857
-8.6 -2.4 0.0213372 0.083546
-8.6 -2.2 -0.0871353 0.00551387
-8.6 -2 -0.0894875 0.0103892
-8.6 -1.8 0.0336396 0.0897352
-8.6 -1.6 -0.0734911 -0.0789129
-8.6 -1.4 0.0405592 -0.129901
-8.6 -1.2 -0.0832341 -0.201099
-8.6 -1 0.0499998 0.538974
-8.6 -0.8 0.14114 1.1267
-8.6 -0.6 0.0686458 1.03376
-8.6 -0.4 0.111995 1.03016
-8.6 -0.2 0.11918 0.987267
-8.6 0 0.111879 1.0178
-8.6 0.2 0.11918 0.987267
-8.6 0.4 0.111995 1.03016
-8.6 0.6 0.0686458 1.03376
-8.6 0.8 0.14114 1.1267
-8.6 1 0.0499998 0.538974
-8.6 1.2 -0.0832341 -0.201099
-8.6 1.4 0.0405592 -0.129901
-8.6 1.6 -0.0734911 -0.0789129
-8.6 1.8 0.0336396 0.0897352
-8.6 2 -0.0894875 0.0103892
-8.6 2.2 -0.0871353 0.00551387
-8.6 2.4 0.0213372 0.083546
-8.6 2.6 -0.0575021 -0.0642857
-8.6 2.8 0.000703348 -0.0870803
-8.6 3 -0.0836669 -0.0283241
-8.6 3.2 0.0885921 0.0142369
-8.6 3.4 0.0492118 0.0770824
-8.6 3.6 0.0871587 -0.032963
-8.6 3.8 -0.0610536 0.0727639
-8.6 4 -0.0791868 0.0556921
-8.6 4.2 0.0932091 0.0321743
-8.6 4.4 -0.0301669 0.0957129
-8.6 4.6 0.0719608 0.0723576
-8.6 4.8 -0.102929 -0.0124434
-8.6 5 -0.102739 0.0227192
-8.6 5.2 0.101398 -0.0331956
-8.6 5.4 0.104256 -0.0284882
-8.6 5.6 -0.107998 0.0173482
-8.6 5.8 -0.110217 0.00927759
-8.6 6 0.110805 -0.0145027
-8.6 6.2 0.10451 -0.0424843
-8.6 6.4 -0.0672101 0.0918397
-8.6 6.6 0.0343388 0.109462
-8.6 6.8 -0.1145 0.0156804
-8.6 7 0.0576276 0.101074
-8.6 7.2 -0.00462384 0.116972
-8.6 7.4 -0.0132852 -0.116965
-8.6 7.6 -0.102828 -0.0585185
-8.6 7.8 0.0333786 -0.114071
-8.6 8 -0.0755994 0.0923436
-8.6 8.2 -0.00946817 0.119407
-8.6 8.4 -0.120101 0.00417558
-8.6 8.6 0.115931 0.0329444
-8.6 8.8 0.0981777 -0.0704285
-8.6 9 0.113921 0.0410539
-8.6 9.2 -0.121293 0.00263555
-8.6 9.4 0.0257889 0.118747
-8.6 9.6 0.0345728 0.11666
-8.6 9.8 -0.116357 0.036018
-8.4 -10 -0.0496763 -0.11289
-8.4 -9.8 0.113554 -0.0479515
-8.4 -9.6 -0.113698 0.047344
-8.4 -9.4 0.0416252 0.115773
-8.4 -9.2 0.0238032 0.120534
-8.4 -9 -0.12186 -0.0139918
-8.4 -8.8 0.0979659 0.0734143
-8.4 -8.6 0.121309 -0.0142503
-8.4 -8.4 0.0616325 0.105081
-8.4 -8.2 -0.061478 -0.104748
-8.4 -8 -0.120899 0.00592326
-8.4 -7.8 -0.0665729 -0.100538
-8.4 -7.6 0.056988 0.105679
-8.4 -7.4 0.11425 0.0350085
-8.4 -7.2 -0.0348369 0.113642
-8.4 -7 0.108154 -0.0476073
-8.4 -6.8 0.115372 -0.0217835
-8.4 -6.6 -0.101994 0.0564678
-8.4 -6.4 -0.0324737 0.11103
-8.4 -6.2 -0.087704 -0.0739307
-8.4 -6 -0.0839339 0.0766305
-8.4 -5.8 -0.0810613 -0.0780357
-8.4 -5.6 -0.0627345 0.091936
-8.4 -5.4 -0.100387 -0.0449597
-8.4 -5.2 -0.0349014 0.102843
-8.4 -5 -0.098182 -0.0428586
-8.4 -4.8 -0.0734484 0.0758246
-8.4 -4.6 -0.00778465 -0.103624
-8.4 -4.4 -0.0450094 -0.0917502
-8.4 -4.2 0.027696 0.0965122
-8.4 -4 -0.0513642 0.0841207
-8.4 -3.8 0.0825325 0.0503765
-8.4 -3.6 -0.093127 0.0179341
-8.4 -3.4 -0.0929539 0.00071835
-8.4 -3.2 0.0347165 0.084397
-8.4 -3 -0.0852133 -0.027787
-8.4 -2.8 -0.0721339 -0.0508722
-8.4 -2.6 -0.0479962 0.0730299
-8.4 -2.4 0.0246019 -0.0836283
-8.4 -2.2 0.0860695 -0.0181353
-8.4 -2 0.0603814 -0.0674858
-8.4 -1.8 -0.0966899 -0.000486919
-8.4 -1.6 0.0775725 -0.0760848
-8.4 -1.4 0.134915 0.000947616
-8.4 -1.2 0.143795 -0.161751
-8.4 -1 -0.446346 0.305311
-8.4 -0.8 -0.918721 0.66093
-8.4 -0.6 -0.869193 0.554816
-8.4 -0.4 -0.84503 0.574603
-8.4 -0.2 -0.804288 0.5903
-8.4 0 -0.830458 0.563411
-8.4 0.2 -0.804288 0.5903
-8.4 0.4 -0.84503 0.574603
-8.4 0.6 -0.869193 0.554816
-8.4 0.8 -0.918721 0.66093
-8.4 1 -0.446346 0.305311
-8.4 1.2 0.143795 -0.161751
-8.4 1.4 0.134915 0.000947616
-8.4 1.6 0.0775725 -0.0760848
-8.4 1.8 -0.0966899 -0.000486919
-8.4 2 0.0603814 -0.0674858
-8.4 2.2 0.0860695 -0.0181353
-8.4 2.4 0.0246019 -0.0836283
-8.4 2.6 -0.0479962 0.0730299
-8.4 2.8 -0.0721339 -0.0508722
-8.4 3 -0.0852133 -0.027787
-8.4 3.2 0.0347165 0.084397
-8.4 3.4 -0.0929539 0.00071835
-8.4 3.6 -0.093127 0.0179341
-8.4 3.8 0.0825325 0.0503765
-8.4 4 -0.0513642 0.0841207
-8.4 4.2 0.027696 0.0965122
-8.4 4.4 -0.0450094 -0.0917502
-8.4 4.6 -0.00778465 -0.103624
-8.4 4.8 -0.0734484 0.0758246
-8.4 5 -0.098182 -0.0428586
-8.4 5.2 -0.0349014 0.102843
-8.4 5.4 -0.100387 -0.0449597
-8.4 5.6 -0.0627345 0.091936
-8.4 5.8 -0.0810613 -0.0780357
-8.4 6 -0.0839339 0.0766305
-8.4 6.2 -0.087704 -0.0739307
-8.4 6.4 -0.0324737 0.11103
-8.4 6.6 -0.101994 0.0564678
-8.4 6.8 0.115372 -0.0217835
-8.4 7 0.108154 -0.0476073
-8.4 7.2 -0.0348369 0.113642
-8.4 7.4 0.11425 0.0350085
-8.4 7.6 0.056988 0.105679
-8.4 7.8 -0.0665729 -0.100538
-8.4 8 -0.120899 0.00592326
-8.4 8.2 -0.061478 -0.104748
-8.4 8.4 0.0616325 0.105081
-8.4 8.6 0.121309 -0.0142503
-8.4 8.8 0.0979659 0.0734143
-8.4 9 -0.12186 -0.0139918
-8.4 9.2 0.0238032 0.120534
-8.4 9.4 0.0416252 0.115773
-8.4 9.6 -0.113698 0.047344
-8.4 9.8 0.113554 -0.0479515
-8.2 -10 -0.0583778 -0.110293
-8.2 -9.8 -0.0571703 -0.110872
-8.2 -9.6 0.109705 -0.0592236
-8.2 -9.4 -0.109984 0.0584812
-8.2 -9.2 0.0484787 0.114595
-8.2 -9 0.0210824 0.122453
-8.2 -8.8 -0.119823 -0.032085
-8.2 -8.6 0.0710447 0.101379
-8.2 -8.4 0.112867 0.0501399
-8.2 -8.2 -0.033542 0.11851
-8.2 -8 0.06963 -0.101128
-8.2 -7.8 -0.0120628 -0.12175
-8.2 -7.6 0.119803 -0.0222765
-8.2 -7.4 -0.110527 -0.0500008
-8.2 -7.2 -0.117362 -0.0282098
-8.2 -7 0.0941623 -0.0744454
-8.2 -6.8 -0.0707727 -0.0960396
-8.2 -6.6 0.0487228 -0.108013
-8.2 -6.4 -0.100519 0.061061
-8.2 -6.2 -0.111015 0.0358278
-8.2 -6 0.108453 -0.0400556
-8.2 -5.8 0.0959617 -0.0624442
-8.2 -5.6 -0.0716509 0.0877393
-8.2 -5.4 -0.0422071 0.10372
-8.2 -5.2 0.0216283 -0.108451
-8.2 -5 0.0232634 -0.106594
-8.2 -4.8 -0.0552745 0.0922302
-8.2 -4.6 -0.101165 0.0311874
-8.2 -4.4 0.0614642 0.0840382
-8.2 -4.2 -0.0957989 0.0358629
-8.2 -4 -0.0582703 0.0817591
-8.2 -3.8 0.0724747 -0.0666741
-8.2 -3.6 0.0903436 0.0340219
-8.2 -3.4 0.073118 -0.0600447
-8.2 -3.2 -0.0734748 0.0565875
-8.2 -3 -0.0780474 -0.0469356
-8.2 -2.8 -0.0886238 0.0136444
-8.2 -2.6 0.0786014 0.0410079
-8.2 -2.4 -0.0715194 0.0516688
-8.2 -2.2 -0.0858083 0.0228981
-8.2 -2 -0.00592027 0.0913179
-8.2 -1.8 0.0376123 -0.0892729
-8.2 -1.6 0.0750609 0.0783046
-8.2 -1.4 0.0374245 0.12976
-8.2 -1.2 0.206687 0.0591248
-8.2 -1 -0.483976 -0.241935
-8.2 -0.8 -1.02103 -0.489741
-8.2 -0.6 -0.891291 -0.481077
-8.2 -0.4 -0.905638 -0.455904
-8.2 -0.2 -0.924454 -0.423474
-8.2 0 -0.881874 -0.424266
-8.2 0.2 -0.924454 -0.423474
-8.2 0.4 -0.905638 -0.455904
-8.2 0.6 -0.891291 -0.481077
-8.2 0.8 -1.02103 -0.489741
-8.2 1 -0.483976 -0.241935
-8.2 1.2 0.206687 0.0591248
-8.2 1.4 0.0374245 0.12976
-8.2 1.6 0.0750609 0.0783046
-8.2 1.8 0.0376123 -0.0892729
-8.2 2 -0.00592027 0.0913179
-8.2 2.2 -0.0858083 0.0228981
-8.2 2.4 -0.0715194 0.0516688
-8.2 2.6 0.0786014 0.0410079
-8.2 2.8 -0.0886238 0.0136444
-8.2 3 -0.0780474 -0.0469356
-8.2 3.2 -0.0734748 0.0565875
-8.2 3.4 0.073118 -0.0600447
-8.2 3.6 0.0903436 0.0340219
-8.2 3.8 0.0724747 -0.0666741
-8.2 4 -0.0582703 0.0817591
-8.2 4.2 -0.0957989 0.0358629
-8.2 4.4 0.0614642 0.0840382
-8.2 4.6 -0.101165 0.0311874
-8.2 4.8 -0.0552745 0.0922302
-8.2 5 0.0232634 -0.106594
-8.2 5.2 0.0216283 -0.108451
-8.2 5.4 -0.0422071 0.10372
-8.2 5.6 -0.0716509 0.0877393
-8.2 5.8 0.0959617 -0.0624442
-8.2 6 0.108453 -0.0400556
-8.2 6.2 -0.111015 0.0358278
-8.2 6.4 -0.100519 0.061061
-8.2 6.6 0.0487228 -0.108013
-8.2 6.8 -0.0707727 -0.0960396
-8.2 7 0.0941623 -0.0744454
-8.2 7.2 -0.117362 -0.0282098
-8.2 7.4 -0.110527 -0.0500008
-8.2 7.6 0.119803 -0.0222765
-8.2 7.8 -0.0120628 -0.12175
-8.2 8 0.06963 -0.101128
-8.2 8.2 -0.033542 0.11851
-8.2 8.4 0.112867 0.0501399
-8.2 8.6 0.0710447 0.101379
-8.2 8.8 -0.119823 -0.032085
-8.2 9 0.0210824 0.122453
-8.2 9.2 0.0484787 0.114595
-8.2 9.4 -0.109984 0.0584812
-8.2 9.6 0.109705 -0.0592236
-8.2 9.8 -0.0571703 -0.110872
-8 -10 0.112649 -0.0570266
-8 -9.8 -0.0579473 -0.112161
-8 -9.6 -0.0644376 -0.10851
-8 -9.4 0.104784 -0.0702007
-8 -9.2 -0.10523 0.0693345
-8 -9 0.0551088 0.113171
-8 -8.8 0.0175422 0.124466
-8 -8.6 -0.114518 -0.0512842
-8 -8.4 0.0339013 0.120538
-8 -8.2 0.069065 0.104077
-8 -8 -0.112549 0.0533504
-8 -7.8 0.120896 0.02823
-8 -7.6 0.123434 -0.00793104
-8 -7.4 -0.0394852 0.116671
-8 -7.2 0.122113 -0.0108408
-8 -7 0.11473 0.0413389
-8 -6.8 -0.119967 -0.0175133
-8 -6.6 -0.0992471 0.068262
-8 -6.4 -0.0278127 -0.116318
-8 -6.2 -0.115554 0.0269629
-8 -6 -0.055436 -0.103754
-8 -5.8 -0.0704286 0.0928329
-8 -5.6 -0.114072 -0.0169534
-8 -5.4 0.0362569 0.108113
-8 -5.2 -0.0888392 0.069248
-8 -5 0.0769604 0.0801986
-8 -4.8 -0.0946773 0.0551499
-8 -4.6 -0.016606 0.106602
-8 -4.4 -0.0195081 -0.104307
-8 -4.2 0.0134664 -0.103386
-8 -4 -0.0954262 0.0369285
-8 -3.8 -0.000765271 -0.100338
-8 -3.6 -0.0249096 -0.09512
-8 -3.4 -0.0508006 0.0818616
-8 -3.2 -0.0547796 -0.0768645
-8 -3 -0.0480713 -0.0791087
-8 -2.8 -0.0691843 0.0591386
-8 -2.6 0.0471059 -0.0765861
-8 -2.4 0.0881739 0.0147658
-8 -2.2 0.0876338 -0.0192702
-8 -2 -0.0469129 -0.0794465
-8 -1.8 0.0642195 0.0727904
-8 -1.6 -0.08 0.0735566
-8 -1.4 -0.1158 0.0701929
-8 -1.2 0.0355625 0.210042
-8 -1 -0.0240966 -0.541162
-8 -0.8 -0.0630135 -1.12962
-8 -0.6 -0.00773758 -1.00054
-8 -0.4 -0.0324695 -0.993763
-8 -0.2 -0.052865 -1.0178
-8 0 -0.0856155 -0.991267
-8 0.2 -0.052865 -1.0178
-8 0.4 -0.0324695 -0.993763
-8 0.6 -0.00773758 -1.00054
-8 0.8 -0.0630135 -1.12962
-8 1 -0.0240966 -0.541162
-8 1.2 0.0355625 0.210042
-8 1.4 -0.1158 0.0701929
-8 1.6 -0.08 0.0735566
-8 1.8 0.0642195 0.0727904
-8 2 -0.0469129 -0.0794465
-8 2.2 0.0876338 -0.0192702
-8 2.4 0.0881739 0.0147658
-8 2.6 0.0471059 -0.0765861
-8 2.8 -0.0691843 0.0591386
-8 3 -0.0480713 -0.0791087
-8 3.2 -0.0547796 -0.0768645
-8 3.4 -0.0508006 0.0818616
-8 3.6 -0.0249096 -0.09512
-8 3.8 -0.000765271 -0.100338
-8 4 -0.0954262 0.0369285
-8 4.2 0.0134664 -0.103386
-8 4.4 -0.0195081 -0.104307
-8 4.6 -0.016606 0.106602
-8 4.8 -0.0946773 0.0551499
-8 5 0.0769604 0.0801986
-8 5.2 -0.0888392 0.069248
-8 5.4 0.0362569 0.108113
-8 5.6 -0.114072 -0.0169534
-8 5.8 -0.0704286 0.0928329
-8 6 -0.055436 -0.103754
-8 6.2 -0.115554 0.0269629
-8 6.4 -0.0278127 -0.116318
-8 6.6 -0.0992471 0.068262
-8 6.8 -0.119967 -0.0175133
-8 7 0.11473 0.0413389
-8 7.2 0.122113 -0.0108408
-8 7.4 -0.0394852 0.116671
-8 7.6 0.123434 -0.00793104
-8 7.8 0.120896 0.02823
-8 8 -0.112549 0.0533504
-8 8.2 0.069065 0.104077
-8 8.4 0.0339013 0.120538
-8 8.6 -0.114518 -0.0512842
-8 8.8 0.0175422 0.124466
-8 9 0.0551088 0.113171
-8 9.2 -0.10523 0.0693345
-8 9.4 0.104784 -0.0702007
-8 9.6 -0.0644376 -0.10851
-8 9.8 -0.0579473 -0.112161
-7.8 -10 -0.121807 0.038519
-7.8 -9.8 0.120133 -0.0435019
-7.8 -9.6 -0.0569269 -0.114369
-7.8 -9.4 -0.071456 -0.105848
-7.8 -9.2 0.0988138 -0.0807849
-7.8 -9 -0.0994605 0.0798108
-7.8 -8.8 0.0614935 0.111549
-7.8 -8.6 0.013089 0.126513
-7.8 -8.4 -0.10525 -0.0710012
-7.8 -8.2 -0.010773 0.126226
-7.8 -8 -0.00193897 0.126348
-7.8 -7.8 -0.112929 -0.0558598
-7.8 -7.6 0.00949562 0.125201
-7.8 -7.4 -0.00769757 0.124837
-7.8 -7.2 -0.0719791 -0.101616
-7.8 -7 -0.111437 0.0541865
-7.8 -6.8 -0.0987404 -0.0737278
-7.8 -6.6 0.0459665 0.113519
-7.8 -6.4 0.0354241 0.116366
-7.8 -6.2 -0.0646766 -0.101934
-7.8 -6 -0.10646 -0.0547612
-7.8 -5.8 0.115902 -0.0252739
-7.8 -5.6 0.0672632 -0.0962678
-7.8 -5.4 0.0101958 0.115704
-7.8 -5.2 0.0676708 0.0926951
-7.8 -5 -0.0894534 -0.0694977
-7.8 -4.8 -0.0815011 -0.0763602
-7.8 -4.6 0.0265485 0.106736
-7.8 -4.4 -0.086231 0.0653417
-7.8 -4.2 0.0365593 0.0998196
-7.8 -4 -0.0757946 -0.0717042
-7.8 -3.8 -0.0355657 -0.0959067
-7.8 -3.6 -0.0906145 0.0428084
-7.8 -3.4 0.055746 -0.0807788
-7.8 -3.2 0.0929125 -0.0246039
-7.8 -3 0.019615 -0.092144
-7.8 -2.8 -0.0470253 0.0796674
-7.8 -2.6 -0.0633498 -0.0655107
-7.8 -2.4 -0.0410512 -0.0807257
-7.8 -2.2 -0.0905104 0.00608044
-7.8 -2 0.0809083 0.0457858
-7.8 -1.8 -0.0953406 0.022242
-7.8 -1.6 -0.0683649 -0.0843355
-7.8 -1.4 -0.0963406 -0.093142
-7.8 -1.2 -0.172363 0.121896
-7.8 -1 0.461433 -0.285009
-7.8 -0.8 0.956058 -0.597011
-7.8 -0.6 0.856337 -0.494326
-7.8 -0.4 0.83336 -0.519748
-7.8 -0.2 0.842148 -0.525159
-7.8 0 0.853911 -0.55734
-7.8 0.2 0.842148 -0.525159
-7.8 0.4 0.83336 -0.519748
-7.8 0.6 0.856337 -0.494326
-7.8 0.8 0.956058 -0.597011
-7.8 1 0.461433 -0.285009
-7.8 1.2 -0.172363 0.121896
-7.8 1.4 -0.0963406 -0.093142
-7.8 1.6 -0.0683649 -0.0843355
-7.8 1.8 -0.0953406 0.022242
-7.8 2 0.0809083 0.0457858
-7.8 2.2 -0.0905104 0.00608044
-7.8 2.4 -0.0410512 -0.0807257
-7.8 2.6 -0.0633498 -0.0655107
-7.8 2.8 -0.0470253 0.0796674
-7.8 3 0.019615 -0.092144
-7.8 3.2 0.0929125 -0.0246039
-7.8 3.4 0.055746 -0.0807788
-7.8 3.6 -0.0906145 0.0428084
-7.8 3.8 -0.0355657 -0.0959067
-7.8 4 -0.0757946 -0.0717042
-7.8 4.2 0.0365593 0.0998196
-7.8 4.4 -0.086231 0.0653417
-7.8 4.6 0.0265485 0.106736
-7.8 4.8 -0.0815011 -0.0763602
-7.8 5 -0.0894534 -0.0694977
-7.8 5.2 0.0676708 0.0926951
-7.8 5.4 0.0101958 0.115704
-7.8 5.6 0.0672632 -0.0962678
-7.8 5.8 0.115902 -0.0252739
-7.8 6 -0.10646 -0.0547612
-7.8 6.2 -0.0646766 -0.101934
-7.8 6.4 0.0354241 0.116366
-7.8 6.6 0.0459665 0.113519
-7.8 6.8 -0.0987404 -0.0737278
-7.8 7 -0.111437 0.0541865
-7.8 7.2 -0.0719791 -0.101616
-7.8 7.4 -0.00769757 0.124837
-7.8 7.6 0.00949562 0.125201
-7.8 7.8 -0.112929 -0.0558598
-7.8 8 -0.00193897 0.126348
-7.8 8.2 -0.010773 0.126226
-7.8 8.4 -0.10525 -0.0710012
-7.8 8.6 0.013089 0.126513
-7.8 8.8 0.0614935 0.111549
-7.8 9 -0.0994605 0.0798108
-7.8 9.2 0.0988138 -0.0807849
-7.8 9.4 -0.071456 -0.105848
-7.8 9.6 -0.0569269 -0.114369
-7.8 9.8 0.120133 -0.0435019
-7.6 -10 -0.00716514 0.129063
-7.6 -9.8 -0.129244 0.00408022
-7.6 -9.6 0.126326 -0.0276985
-7.6 -9.4 -0.0552396 -0.116925
-7.6 -9.2 -0.0782069 -0.102934
-7.6 -9 0.0918289 -0.0908807
-7.6 -8.8 -0.0927092 0.0898194
-7.6 -8.6 0.0676138 0.109779
-7.6 -8.4 0.00762005 0.12851
-7.6 -8.2 -0.0913565 -0.0903612
-7.6 -8 -0.0578819 0.114398
-7.6 -7.8 -0.0777537 0.101512
-7.6 -7.6 -0.0197769 -0.12593
-7.6 -7.4 -0.121093 0.0383517
-7.6 -7.2 -0.121367 -0.0356887
-7.6 -7 0.124698 0.0175301
-7.6 -6.8 0.0993682 -0.0762812
-7.6 -6.6 0.0521986 0.113077
-7.6 -6.4 0.0971616 -0.0766188
-7.6 -6.2 0.117 0.0374456
-7.6 -6 -0.0626062 -0.104555
-7.6 -5.8 0.00370354 -0.120736
-7.6 -5.6 -0.0631893 0.10157
-7.6 -5.4 -0.107892 0.0486395
-7.6 -5.2 0.110151 0.0393587
-7.6 -5 0.0197743 0.11378
-7.6 -4.8 0.109315 -0.0319486
-7.6 -4.6 -0.0136038 0.111353
-7.6 -4.4 0.0439281 0.101248
-7.6 -4.2 -0.020522 -0.106487
-7.6 -4 0.0829875 -0.0666402
-7.6 -3.8 -0.018955 -0.102605
-7.6 -3.6 0.0168845 0.100802
-7.6 -3.4 -0.0870514 0.0493072
-7.6 -3.2 -0.0424305 0.0882466
-7.6 -3 0.0912482 -0.0294411
-7.6 -2.8 -0.0406182 0.0847885
-7.6 -2.6 -0.0878862 0.0292778
-7.6 -2.4 -0.0528583 0.0748866
-7.6 -2.2 0.0900955 0.017918
-7.6 -2 -0.0935028 -0.00691023
-7.6 -1.8 0.0303964 -0.0937392
-7.6 -1.6 0.0902941 -0.0615561
-7.6 -1.4 0.0668905 -0.116751
-7.6 -1.2 -0.183835 -0.102735
-7.6 -1 0.47452 0.264249
-7.6 -0.8 0.978317 0.549345
-7.6 -0.6 0.837293 0.492099
-7.6 -0.4 0.854212 0.462096
-7.6 -0.2 0.873707 0.465063
-7.6 0 0.875317 0.485512
-7.6 0.2 0.873707 0.465063
-7.6 0.4 0.854212 0.462096
-7.6 0.6 0.837293 0.492099
-7.6 0.8 0.978317 0.549345
-7.6 1 0.47452 0.264249
-7.6 1.2 -0.183835 -0.102735
-7.6 1.4 0.0668905 -0.116751
-7.6 1.6 0.0902941 -0.0615561
-7.6 1.8 0.0303964 -0.0937392
-7.6 2 -0.0935028 -0.00691023
-7.6 2.2 0.0900955 0.017918
-7.6 2.4 -0.0528583 0.0748866
-7.6 2.6 -0.0878862 0.0292778
-7.6 2.8 -0.0406182 0.0847885
-7.6 3 0.0912482 -0.0294411
-7.6 3.2 -0.0424305 0.0882466
-7.6 3.4 -0.0870514 0.0493072
-7.6 3.6 0.0168845 0.100802
-7.6 3.8 -0.018955 -0.102605
-7.6 4 0.0829875 -0.0666402
-7.6 4.2 -0.020522 -0.106487
-7.6 4.4 0.0439281 0.101248
-7.6 4.6 -0.0136038 0.111353
-7.6 4.8 0.109315 -0.0319486
-7.6 5 0.0197743 0.11378
-7.6 5.2 0.110151 0.0393587
-7.6 5.4 -0.107892 0.0486395
-7.6 5.6 -0.0631893 0.10157
-7.6 5.8 0.00370354 -0.120736
-7.6 6 -0.0626062 -0.104555
-7.6 6.2 0.117 0.0374456
-7.6 6.4 0.0971616 -0.0766188
-7.6 6.6 0.0521986 0.113077
-7.6 6.8 0.0993682 -0.0762812
-7.6 7 0.124698 0.0175301
-7.6 7.2 -0.121367 -0.0356887
-7.6 7.4 -0.121093 0.0383517
-7.6 7.6 -0.0197769 -0.12593
-7.6 7.8 -0.0777537 0.101512
-7.6 8 -0.0578819 0.114398
-7.6 8.2 -0.0913565 -0.0903612
-7.6 8.4 0.00762005 0.12851
-7.6 8.6 0.0676138 0.109779
-7.6 8.8 -0.0927092 0.0898194
-7.6 9 0.0918289 -0.0908807
-7.6 9.2 -0.0782069 -0.102934
-7.6 9.4 -0.0552396 -0.116925
-7.6 9.6 0.126326 -0.0276985
-7.6 9.8 -0.129244 0.00408022
-7.4 -10 -0.0815673 0.102239
-7.4 -9.8 -0.0659966 0.11301
-7.4 -9.6 -0.12649 -0.0337788
-7.4 -9.4 0.130596 -0.00956735
-7.4 -9.2 -0.0527941 -0.119823
-7.4 -9 -0.084676 -0.0998195
-7.4 -8.8 0.0838705 -0.100396
-7.4 -8.6 -0.085017 0.0992734
-7.4 -8.4 0.0734532 0.107918
-7.4 -8.2 0.00102638 0.130337
-7.4 -8 -0.0723002 -0.108148
-7.4 -7.8 -0.0998309 0.0829356
-7.4 -7.6 -0.125756 0.0306112
-7.4 -7.4 0.0976009 -0.0843684
-7.4 -7.2 -0.0567699 -0.115315
-7.4 -7 0.0740947 -0.104355
-7.4 -6.8 -0.109478 0.065089
-7.4 -6.6 -0.0984261 0.0797355
-7.4 -6.4 0.03522 -0.120867
-7.4 -6.2 -0.0788281 -0.097052
-7.4 -6 0.117351 -0.0403019
-7.4 -5.8 -0.0153192 -0.122072
-7.4 -5.6 0.121745 0.00570624
-7.4 -5.4 0.0353953 -0.115311
-7.4 -5.2 0.087746 0.0807607
-7.4 -5 0.117505 -0.00795936
-7.4 -4.8 -0.104781 0.0501803
-7.4 -4.6 -0.110249 0.030768
-7.4 -4.4 0.0943586 0.0614948
-7.4 -4.2 -0.0673381 0.0878403
-7.4 -4 -0.0085957 0.108294
-7.4 -3.8 0.0552553 -0.0910394
-7.4 -3.6 0.085942 0.0590657
-7.4 -3.4 0.0952337 0.0366375
-7.4 -3.2 -0.00436436 -0.0997227
-7.4 -3 0.0484437 0.0847976
-7.4 -2.8 -0.0556648 0.077837
-7.4 -2.6 -0.0309262 0.0888377
-7.4 -2.4 0.0891286 0.026889
-7.4 -2.2 -0.0775946 -0.0513248
-7.4 -2 0.090908 -0.0261642
-7.4 -1.8 0.0605539 0.0784518
-7.4 -1.6 0.0508139 0.0966576
-7.4 -1.4 0.127785 0.038521
-7.4 -1.2 0.0160075 -0.209463
-7.4 -1 0.000712962 0.544354
-7.4 -0.8 -0.0125502 1.11684
-7.4 -0.6 -0.0146224 0.960708
-7.4 -0.4 0.0351537 0.978916
-7.4 -0.2 0.0264219 0.98749
-7.4 0 0.0247565 0.981952
-7.4 0.2 0.0264219 0.98749
-7.4 0.4 0.0351537 0.978916
-7.4 0.6 -0.0146224 0.960708
-7.4 0.8 -0.0125502 1.11684
-7.4 1 0.000712962 0.544354
-7.4 1.2 0.0160075 -0.209463
-7.4 1.4 0.127785 0.038521
-7.4 1.6 0.0508139 0.0966576
-7.4 1.8 0.0605539 0.0784518
-7.4 2 0.090908 -0.0261642
-7.4 2.2 -0.0775946 -0.0513248
-7.4 2.4 0.0891286 0.026889
-7.4 2.6 -0.0309262 0.0888377
-7.4 2.8 -0.0556648 0.077837
-7.4 3 0.0484437 0.0847976
-7.4 3.2 -0.00436436 -0.0997227
-7.4 3.4 0.0952337 0.0366375
-7.4 3.6 0.085942 0.0590657
-7.4 3.8 0.0552553 -0.0910394
-7.4 4 -0.0085957 0.108294
-7.4 4.2 -0.0673381 0.0878403
-7.4 4.4 0.0943586 0.0614948
-7.4 4.6 -0.110249 0.030768
-7.4 4.8 -0.104781 0.0501803
-7.4 5 0.117505 -0.00795936
-7.4 5.2 0.087746 0.0807607
-7.4 5.4 0.0353953 -0.115311
-7.4 5.6 0.121745 0.00570624
-7.4 5.8 -0.0153192 -0.122072
-7.4 6 0.117351 -0.0403019
-7.4 6.2 -0.0788281 -0.097052
-7.4 6.4 0.03522 -0.120867
-7.4 6.6 -0.0984261 0.0797355
-7.4 6.8 -0.109478 0.065089
-7.4 7 0.0740947 -0.104355
-7.4 7.2 -0.0567699 -0.115315
-7.4 7.4 0.0976009 -0.0843684
-7.4 7.6 -0.125756 0.0306112
-7.4 7.8 -0.0998309 0.0829356
-7.4 8 -0.0723002 -0.108148
-7.4 8.2 0.00102638 0.130337
-7.4 8.4 0.0734532 0.107918
-7.4 8.6 -0.085017 0.0992734
-7.4 8.8 0.0838705 -0.100396
-7.4 9 -0.084676 -0.0998195
-7.4 9.2 -0.0527941 -0.119823
-7.4 9.4 0.130596 -0.00956735
-7.4 9.6 -0.12649 -0.0337788
-7.4 9.8 -0.0659966 0.11301
-7.2 -10 0.00464824 -0.132254
-7.2 -9.8 -0.130349 0.0234977
-7.2 -9.6 -0.113569 0.0683261
-7.2 -9.4 -0.11145 -0.0718409
-7.2 -9.2 0.132186 0.0108036
-7.2 -9 -0.0494834 -0.123045
-7.2 -8.8 -0.0908529 -0.0965598
-7.2 -8.6 0.0749884 -0.109243
-7.2 -8.4 -0.0764328 0.10809
-7.2 -8.2 0.0789972 0.106025
-7.2 -8 -0.00680382 0.131832
-7.2 -7.8 -0.0478052 -0.122764
-7.2 -7.6 -0.127141 0.0332802
-7.2 -7.4 -0.116051 -0.0608715
-7.2 -7.2 0.122048 0.0464955
-7.2 -7 0.112831 -0.0647601
-7.2 -6.8 0.0627284 0.113309
-7.2 -6.6 0.0628298 -0.112498
-7.2 -6.4 0.111471 -0.0631411
-7.2 -6.2 -0.120315 0.0415334
-7.2 -6 -0.116212 0.0496112
-7.2 -5.8 0.10227 -0.0724571
-7.2 -5.6 0.081424 -0.0937984
-7.2 -5.4 -0.0660432 0.103733
-7.2 -5.2 -0.0717805 0.0981796
-7.2 -5 0.103074 -0.0617405
-7.2 -4.8 0.112509 0.0373798
-7.2 -4.6 0.0229704 -0.114556
-7.2 -4.4 0.0808841 0.0817321
-7.2 -4.2 0.089495 0.069027
-7.2 -4 -0.00820072 -0.11063
-7.2 -3.8 0.103982 0.031833
-7.2 -3.6 0.100832 0.0341965
-7.2 -3.4 0.014674 -0.103103
-7.2 -3.2 0.0138586 0.100869
-7.2 -3 -0.0921735 0.0376364
-7.2 -2.8 -0.0857291 0.0463543
-7.2 -2.6 0.0329424 0.089789
-7.2 -2.4 0.0139939 -0.0933545
-7.2 -2.2 0.0424221 0.0839628
-7.2 -2 -0.081734 0.0491666
-7.2 -1.8 -0.0997249 -0.000430672
-7.2 -1.6 -0.103321 0.0355297
-7.2 -1.4 -0.0104077 0.133512
-7.2 -1.2 0.194521 -0.0728815
-7.2 -1 -0.476629 0.266203
-7.2 -0.8 -0.981094 0.522542
-7.2 -0.6 -0.835104 0.465704
-7.2 -0.4 -0.839487 0.519174
-7.2 -0.2 -0.858157 0.524343
-7.2 0 -0.862908 0.522989
-7.2 0.2 -0.858157 0.524343
-7.2 0.4 -0.839487 0.519174
-7.2 0.6 -0.835104 0.465704
-7.2 0.8 -0.981094 0.522542
-7.2 1 -0.476629 0.266203
-7.2 1.2 0.194521 -0.0728815
-7.2 1.4 -0.0104077 0.133512
-7.2 1.6 -0.103321 0.0355297
-7.2 1.8 -0.0997249 -0.000430672
-7.2 2 -0.081734 0.0491666
-7.2 2.2 0.0424221 0.0839628
-7.2 2.4 0.0139939 -0.0933545
-7.2 2.6 0.0329424 0.089789
-7.2 2.8 -0.0857291 0.0463543
-7.2 3 -0.0921735 0.0376364
-7.2 3.2 0.0138586 0.100869
-7.2 3.4 0.014674 -0.103103
-7.2 3.6 0.100832 0.0341965
-7.2 3.8 0.103982 0.031833
-7.2 4 -0.00820072 -0.11063
-7.2 4.2 0.089495 0.069027
-7.2 4.4 0.0808841 0.0817321
-7.2 4.6 0.0229704 -0.114556
-7.2 4.8 0.112509 0.0373798
-7.2 5 0.103074 -0.0617405
-7.2 5.2 -0.0717805 0.0981796
-7.2 5.4 -0.0660432 0.103733
-7.2 5.6 0.081424 -0.0937984
-7.2 5.8 0.10227 -0.0724571
-7.2 6 -0.116212 0.0496112
-7.2 6.2 -0.120315 0.0415334
-7.2 6.4 0.111471 -0.0631411
-7.2 6.6 0.0628298 -0.112498
-7.2 6.8 0.0627284 0.113309
-7.2 7 0.112831 -0.0647601
-7.2 7.2 0.122048 0.0464955
-7.2 7.4 -0.116051 -0.0608715
-7.2 7.6 -0.127141 0.0332802
-7.2 7.8 -0.0478052 -0.122764
-7.2 8 -0.00680382 0.131832
-7.2 8.2 0.0789972 0.106025
-7.2 8.4 -0.0764328 0.10809
-7.2 8.6 0.0749884 -0.109243
-7.2 8.8 -0.0908529 -0.0965598
-7.2 9 -0.0494834 -0.123045
-7.2 9.2 0.132186 0.0108036
-7.2 9.4 -0.11145 -0.0718409
-7.2 9.6 -0.113569 0.0683261
-7.2 9.8 -0.130349 0.0234977
-7 -10 -0.130413 0.0303493
-7 -9.8 0.116307 -0.0666462
-7 -9.6 -0.112201 -0.0735771
-7 -9.4 -0.134262 0.00153808
-7 -9.2 -0.0830092 -0.105623
-7 -9 0.130226 0.0331267
-7 -8.8 -0.0451834 -0.126548
-7 -8.6 -0.0967313 -0.0932136
-7 -8.4 0.0652403 -0.117338
-7 -8.2 -0.0670129 0.116192
-7 -8 0.0842333 0.104165
-7 -7.8 -0.0159784 0.132781
-7 -7.6 -0.0180482 -0.132236
-7 -7.4 -0.130156 -0.0279613
-7 -7.2 -0.0415831 -0.126043
-7 -7 0.00812561 0.132007
-7 -6.8 0.0619572 0.116233
-7 -6.6 -0.130784 -0.00903044
-7 -6.4 -0.0193571 0.128946
-7 -6.2 -0.128318 0.0181599
-7 -6 0.0816562 0.0994881
-7 -5.8 -0.0248543 0.125274
-7 -5.6 0.110302 -0.0621721
-7 -5.4 0.112935 0.0545165
-7 -5.2 0.00856456 -0.123777
-7 -5 0.122496 0.00541499
-7 -4.8 0.0586672 -0.105859
-7 -4.6 -0.00203599 0.119292
-7 -4.4 -0.0327684 0.112789
-7 -4.2 0.114465 -0.0151762
-7 -4 -0.0523993 0.100509
-7 -3.8 -0.0703295 0.0860201
-7 -3.6 0.0886533 0.063033
-7 -3.4 -0.0974616 -0.0426413
-7 -3.2 0.0206186 -0.101877
-7 -3 0.0109602 -0.100981
-7 -2.8 -0.0959485 -0.0256359
-7 -2.6 0.0694337 0.0682369
-7 -2.4 -0.0940948 -0.0187128
-7 -2.2 0.018453 -0.0936781
-7 -2 0.0734781 -0.0624007
-7 -1.8 0.0670796 -0.0746288
-7 -1.6 -0.0154641 -0.108478
-7 -1.4 -0.132388 0.0165504
-7 -1.2 0.147366 0.146158
-7 -1 -0.464472 -0.287969
-7 -0.8 -0.924615 -0.606228
-7 -0.6 -0.820818 -0.485572
-7 -0.4 -0.881539 -0.493979
-7 -0.2 -0.871619 -0.520624
-7 0 -0.862625 -0.523055
-7 0.2 -0.871619 -0.520624
-7 0.4 -0.881539 -0.493979
-7 0.6 -0.820818 -0.485572
-7 0.8 -0.924615 -0.606228
-7 1 -0.464472 -0.287969
-7 1.2 0.147366 0.146158
-7 1.4 -0.132388 0.0165504
-7 1.6 -0.0154641 -0.108478
-7 1.8 0.0670796 -0.0746288
-7 2 0.0734781 -0.0624007
-7 2.2 0.018453 -0.0936781
-7 2.4 -0.0940948 -0.0187128
-7 2.6 0.0694337 0.0682369
-7 2.8 -0.0959485 -0.0256359
-7 3 0.0109602 -0.100981
-7 3.2 0.0206186 -0.101877
-7 3.4 -0.0974616 -0.0426413
-7 3.6 0.0886533 0.063033
-7 3.8 -0.0703295 0.0860201
-7 4 -0.0523993 0.100509
-7 4.2 0.114465 -0.0151762
-7 4.4 -0.0327684 0.112789
-7 4.6 -0.00203599 0.119292
-7 4.8 0.0586672 -0.105859
-7 5 0.122496 0.00541499
-7 5.2 0.00856456 -0.123777
-7 5.4 0.112935 0.0545165
-7 5.6 0.110302 -0.0621721
-7 5.8 -0.0248543 0.125274
-7 6 0.0816562 0.0994881
-7 6.2 -0.128318 0.0181599
-7 6.4 -0.0193571 0.128946
-7 6.6 -0.130784 -0.00903044
-7 6.8 0.0619572 0.116233
-7 7 0.00812561 0.132007
-7 7.2 -0.0415831 -0.126043
-7 7.4 -0.130156 -0.0279613
-7 7.6 -0.0180482 -0.132236
-7 7.8 -0.0159784 0.132781
-7 8 0.0842333 0.104165
-7 8.2 -0.0670129 0.116192
-7 8.4 0.0652403 -0.117338
-7 8.6 -0.0967313 -0.0932136
-7 8.8 -0.0451834 -0.126548
-7 9 0.130226 0.0331267
-7 9.2 -0.0830092 -0.105623
-7 9.4 -0.134262 0.00153808
-7 9.6 -0.112201 -0.0735771
-7 9.8 0.116307 -0.0666462
-6.8 -10 -0.135261 0.00764804
-6.8 -9.8 -0.0571219 -0.123053
-6.8 -9.6 0.115824 0.0709523
-6.8 -9.4 -0.0255344 -0.133546
-6.8 -9.2 -0.115971 -0.0711789
-6.8 -9 -0.0417725 -0.129582
-6.8 -8.8 0.123762 0.056837
-6.8 -8.6 -0.0397521 -0.130263
-6.8 -8.4 -0.102309 -0.0898436
-6.8 -8.2 0.0546909 -0.124604
-6.8 -8 -0.0568201 0.123508
-6.8 -7.8 0.0891496 0.102405
-6.8 -7.6 -0.0265901 0.132907
-6.8 -7.4 0.0161002 -0.134288
-6.8 -7.2 -0.102094 -0.0881662
-6.8 -7 0.0646791 -0.117893
-6.8 -6.8 -0.122749 0.053676
-6.8 -6.6 -0.125084 0.0463485
-6.8 -6.4 0.093535 -0.0941752
-6.8 -6.2 -0.00411478 -0.131914
-6.8 -6 0.117302 0.0586046
-6.8 -5.8 0.0947086 -0.0893023
-6.8 -5.6 0.0530917 0.117684
-6.8 -5.4 0.127903 0.00214407
-6.8 -5.2 -0.0812444 0.0971092
-6.8 -5 -0.0223375 0.123165
-6.8 -4.8 0.0212666 -0.121756
-6.8 -4.6 0.0888567 -0.0834286
-6.8 -4.4 -0.0931563 -0.0756829
-6.8 -4.2 0.11757 -0.0103245
-6.8 -4 0.113025 0.0255463
-6.8 -3.8 0.0209631 -0.111648
-6.8 -3.6 0.00597077 0.11105
-6.8 -3.4 -0.102016 0.0376039
-6.8 -3.2 -0.0892858 0.057507
-6.8 -3 0.0563169 0.0870549
-6.8 -2.8 -0.0227395 -0.0987027
-6.8 -2.6 0.0819258 0.0558653
-6.8 -2.4 -0.0424546 0.0878511
-6.8 -2.2 -0.082021 0.051386
-6.8 -2 -0.0711706 0.0667674
-6.8 -1.8 0.00416831 0.100858
-6.8 -1.6 0.109578 0.00958692
-6.8 -1.4 -0.0397526 -0.126814
-6.8 -1.2 -0.0716209 0.192531
-6.8 -1 0.0250053 -0.545394
-6.8 -0.8 0.0866562 -1.09566
-6.8 -0.6 0.00711079 -0.955582
-6.8 -0.4 0.0100936 -1.02162
-6.8 -0.2 0.0315205 -0.997858
-6.8 0 0.0222766 -0.984527
-6.8 0.2 0.0315205 -0.997858
-6.8 0.4 0.0100936 -1.02162
-6.8 0.6 0.00711079 -0.955582
-6.8 0.8 0.0866562 -1.09566
-6.8 1 0.0250053 -0.545394
-6.8 1.2 -0.0716209 0.192531
-6.8 1.4 -0.0397526 -0.126814
-6.8 1.6 0.109578 0.00958692
-6.8 1.8 0.00416831 0.100858
-6.8 2 -0.0711706 0.0667674
-6.8 2.2 -0.082021 0.051386
-6.8 2.4 -0.0424546 0.0878511
-6.8 2.6 0.0819258 0.0558653
-6.8 2.8 -0.0227395 -0.0987027
-6.8 3 0.0563169 0.0870549
-6.8 3.2 -0.0892858 0.057507
-6.8 3.4 -0.102016 0.0376039
-6.8 3.6 0.00597077 0.11105
-6.8 3.8 0.0209631 -0.111648
-6.8 4 0.113025 0.0255463
-6.8 4.2 0.11757 -0.0103245
-6.8 4.4 -0.0931563 -0.0756829
-6.8 4.6 0.0888567 -0.0834286
-6.8 4.8 0.0212666 -0.121756
-6.8 5 -0.0223375 0.123165
-6.8 5.2 -0.0812444 0.0971092
-6.8 5.4 0.127903 0.00214407
-6.8 5.6 0.0530917 0.117684
-6.8 5.8 0.0947086 -0.0893023
-6.8 6 0.117302 0.0586046
-6.8 6.2 -0.00411478 -0.131914
-6.8 6.4 0.093535 -0.0941752
-6.8 6.6 -0.125084 0.0463485
-6.8 6.8 -0.122749 0.053676
-6.8 7 0.0646791 -0.117893
-6.8 7.2 -0.102094 -0.0881662
-6.8 7.4 0.0161002 -0.134288
-6.8 7.6 -0.0265901 0.132907
-6.8 7.8 0.0891496 0.102405
-6.8 8 -0.0568201 0.123508
-6.8 8.2 0.0546909 -0.124604
-6.8 8.4 -0.102309 -0.0898436
-6.8 8.6 -0.0397521 -0.130263
-6.8 8.8 0.123762 0.056837
-6.8 9 -0.0417725 -0.129582
-6.8 9.2 -0.115971 -0.0711789
-6.8 9.4 -0.0255344 -0.133546
-6.8 9.6 0.115824 0.0709523
-6.8 9.8 -0.0571219 -0.123053
-6.6 -10 0.0790369 -0.11199
-6.6 -9.8 0.0196085 -0.135891
-6.6 -9.6 0.115906 -0.0739779
-6.6 -9.4 -0.014779 0.136884
-6.6 -9.2 0.0843391 -0.109013
-6.6 -9 -0.0567717 -0.125724
-6.6 -8.8 0.00913505 -0.13773
-6.6 -8.6 0.111824 0.0810047
-6.6 -8.4 -0.03303 -0.134082
-6.6 -8.2 -0.107585 -0.0865167
-6.6 -8 0.043412 -0.13097
-6.6 -7.8 -0.0459235 0.129972
-6.6 -7.6 0.0937344 0.10082
-6.6 -7.4 -0.0387008 0.131856
-6.6 -7.2 0.0527972 -0.126538
-6.6 -7 -0.0432308 -0.12972
-6.6 -6.8 0.133768 -0.0260664
-6.6 -6.6 -0.0855011 -0.105444
-6.6 -6.4 -0.0143886 -0.134368
-6.6 -6.2 -0.0102004 0.13404
-6.6 -6 0.00184497 0.133606
-6.6 -5.8 -0.0330858 -0.128513
-6.6 -5.6 -0.0643151 -0.114899
-6.6 -5.4 0.0796527 0.103402
-6.6 -5.2 0.0679774 0.109925
-6.6 -5 -0.00799573 -0.127581
-6.6 -4.8 0.103505 -0.0723306
-6.6 -4.6 -0.057357 -0.110576
-6.6 -4.4 0.108796 0.0567527
-6.6 -4.2 0.0798047 0.0905439
-6.6 -4 0.0830769 -0.084537
-6.6 -3.8 -0.0472844 0.106156
-6.6 -3.6 -0.113476 0.00813077
-6.6 -3.4 -0.0952074 0.0574638
-6.6 -3.2 0.0812562 0.0720346
-6.6 -3 -0.0783395 -0.0713531
-6.6 -2.8 0.096785 -0.0364684
-6.6 -2.6 0.0768962 0.0656427
-6.6 -2.4 0.0594616 0.0795129
-6.6 -2.2 0.0894318 0.040643
-6.6 -2 0.0763815 -0.0625887
-6.6 -1.8 -0.0685884 -0.0754408
-6.6 -1.6 -0.0389597 0.103492
-6.6 -1.4 0.118704 -0.0593309
-6.6 -1.2 -0.204375 0.0127379
-6.6 -1 0.489751 -0.245131
-6.6 -0.8 0.995984 -0.44767
-6.6 -0.6 0.838382 -0.475704
-6.6 -0.4 0.904347 -0.46837
-6.6 -0.2 0.877053 -0.457189
-6.6 0 0.887306 -0.481148
-6.6 0.2 0.877053 -0.457189
-6.6 0.4 0.904347 -0.46837
-6.6 0.6 0.838382 -0.475704
-6.6 0.8 0.995984 -0.44767
-6.6 1 0.489751 -0.245131
-6.6 1.2 -0.204375 0.0127379
-6.6 1.4 0.118704 -0.0593309
-6.6 1.6 -0.0389597 0.103492
-6.6 1.8 -0.0685884 -0.0754408
-6.6 2 0.0763815 -0.0625887
-6.6 2.2 0.0894318 0.040643
-6.6 2.4 0.0594616 0.0795129
-6.6 2.6 0.0768962 0.0656427
-6.6 2.8 0.096785 -0.0364684
-6.6 3 -0.0783395 -0.0713531
-6.6 3.2 0.0812562 0.0720346
-6.6 3.4 -0.0952074 0.0574638
-6.6 3.6 -0.113476 0.00813077
-6.6 3.8 -0.0472844 0.106156
-6.6 4 0.0830769 -0.084537
-6.6 4.2 0.0798047 0.0905439
-6.6 4.4 0.108796 0.0567527
-6.6 4.6 -0.057357 -0.110576
-6.6 4.8 0.103505 -0.0723306
-6.6 5 -0.00799573 -0.127581
-6.6 5.2 0.0679774 0.109925
-6.6 5.4 0.0796527 0.103402
-6.6 5.6 -0.0643151 -0.114899
-6.6 5.8 -0.0330858 -0.128513
-6.6 6 0.00184497 0.133606
-6.6 6.2 -0.0102004 0.13404
-6.6 6.4 -0.0143886 -0.134368
-6.6 6.6 -0.0855011 -0.105444
-6.6 6.8 0.133768 -0.0260664
-6.6 7 -0.0432308 -0.12972
-6.6 7.2 0.0527972 -0.126538
-6.6 7.4 -0.0387008 0.131856
-6.6 7.6 0.0937344 0.10082
-6.6 7.8 -0.0459235 0.129972
-6.6 8 0.043412 -0.13097
-6.6 8.2 -0.107585 -0.0865167
-6.6 8.4 -0.03303 -0.134082
-6.6 8.6 0.111824 0.0810047
-6.6 8.8 0.00913505 -0.13773
-6.6 9 -0.0567717 -0.125724
-6.6 9.2 0.0843391 -0.109013
-6.6 9.4 -0.014779 0.136884
-6.6 9.6 0.115906 -0.0739779
-6.6 9.8 0.0196085 -0.135891
-6.4 -10 -0.13335 -0.0380786
-6.4 -9.8 0.0399161 0.133092
-6.4 -9.6 0.126139 0.0588527
-6.4 -9.4 0.0814096 0.113175
-6.4 -9.2 -0.134502 0.0374053
-6.4 -9 0.139753 -0.00215067
-6.4 -8.8 0.0290235 -0.136857
-6.4 -8.6 0.0634108 -0.124812
-6.4 -8.4 0.0935312 0.104244
-6.4 -8.2 -0.0248422 -0.137848
-6.4 -8 -0.112566 -0.0833042
-6.4 -7.8 0.0314809 -0.136371
-6.4 -7.6 -0.0343975 0.135527
-6.4 -7.4 0.0979745 0.099488
-6.4 -7.2 -0.0523164 0.129184
-6.4 -7 0.0889556 -0.106873
-6.4 -6.8 0.0349107 -0.134184
-6.4 -6.6 0.101521 0.093728
-6.4 -6.4 0.0896781 -0.10437
-6.4 -6.2 0.132135 0.0359748
-6.4 -6 -0.0608752 -0.12182
-6.4 -5.8 0.0296429 -0.132027
-6.4 -5.6 -0.103577 0.0855324
-6.4 -5.4 -0.132767 -0.010927
-6.4 -5.2 0.0587955 0.118152
-6.4 -5 -0.107411 0.0742694
-6.4 -4.8 0.0253167 0.126545
-6.4 -4.6 -0.0777168 -0.100903
-6.4 -4.4 -0.0315281 -0.121485
-6.4 -4.2 -0.113665 0.0482741
-6.4 -4 0.0717367 -0.0978213
-6.4 -3.8 0.117955 -0.0154006
-6.4 -3.6 0.0672026 -0.0951127
-6.4 -3.4 -0.113116 0.0127118
-6.4 -3.2 0.0929666 -0.0608529
-6.4 -3 0.0638747 0.0875316
-6.4 -2.8 0.0117045 0.10501
-6.4 -2.6 0.0443852 0.0931669
-6.4 -2.4 0.100784 0.00812678
-6.4 -2.2 0.00251018 -0.0998042
-6.4 -2 -0.0883262 0.0468538
-6.4 -1.8 0.100233 0.0228059
-6.4 -1.6 -0.086251 -0.070214
-6.4 -1.4 0.0752091 0.109226
-6.4 -1.2 -0.094002 -0.180742
-6.4 -1 0.452129 0.30928
-6.4 -0.8 0.864058 0.65355
-6.4 -0.6 0.841014 0.499433
-6.4 -0.4 0.832342 0.567393
-6.4 -0.2 0.845877 0.530645
-6.4 0 0.831652 0.555731
-6.4 0.2 0.845877 0.530645
-6.4 0.4 0.832342 0.567393
-6.4 0.6 0.841014 0.499433
-6.4 0.8 0.864058 0.65355
-6.4 1 0.452129 0.30928
-6.4 1.2 -0.094002 -0.180742
-6.4 1.4 0.0752091 0.109226
-6.4 1.6 -0.086251 -0.070214
-6.4 1.8 0.100233 0.0228059
-6.4 2 -0.0883262 0.0468538
-6.4 2.2 0.00251018 -0.0998042
-6.4 2.4 0.100784 0.00812678
-6.4 2.6 0.0443852 0.0931669
-6.4 2.8 0.0117045 0.10501
-6.4 3 0.0638747 0.0875316
-6.4 3.2 0.0929666 -0.0608529
-6.4 3.4 -0.113116 0.0127118
-6.4 3.6 0.0672026 -0.0951127
-6.4 3.8 0.117955 -0.0154006
-6.4 4 0.0717367 -0.0978213
-6.4 4.2 -0.113665 0.0482741
-6.4 4.4 -0.0315281 -0.121485
-6.4 4.6 -0.0777168 -0.100903
-6.4 4.8 0.0253167 0.126545
-6.4 5 -0.107411 0.0742694
-6.4 5.2 0.0587955 0.118152
-6.4 5.4 -0.132767 -0.010927
-6.4 5.6 -0.103577 0.0855324
-6.4 5.8 0.0296429 -0.132027
-6.4 6 -0.0608752 -0.12182
-6.4 6.2 0.132135 0.0359748
-6.4 6.4 0.0896781 -0.10437
-6.4 6.6 0.101521 0.093728
-6.4 6.8 0.0349107 -0.134184
-6.4 7 0.0889556 -0.106873
-6.4 7.2 -0.0523164 0.129184
-6.4 7.4 0.0979745 0.099488
-6.4 7.6 -0.0343975 0.135527
-6.4 7.8 0.0314809 -0.136371
-6.4 8 -0.112566 -0.0833042
-6.4 8.2 -0.0248422 -0.137848
-6.4 8.4 0.0935312 0.104244
-6.4 8.6 0.0634108 -0.124812
-6.4 8.8 0.0290235 -0.136857
-6.4 9 0.139753 -0.00215067
-6.4 9.2 -0.134502 0.0374053
-6.4 9.4 0.0814096 0.113175
-6.4 9.6 0.126139 0.0588527
-6.4 9.8 0.0399161 0.133092
-6.2 -10 -0.118055 -0.0758168
-6.2 -9.8 0.139907 -0.0140766
-6.2 -9.6 -0.12424 -0.0664663
-6.2 -9.4 -0.104207 0.0952304
-6.2 -9.2 -0.1171 0.0792641
-6.2 -9 -0.0778182 -0.118318
-6.2 -8.8 0.0841931 0.114092
-6.2 -8.6 0.109584 -0.0902093
-6.2 -8.4 0.111427 -0.0880959
-6.2 -8.2 0.0682695 0.12464
-6.2 -8 -0.0150041 -0.141339
-6.2 -7.8 -0.117256 -0.0802829
-6.2 -7.6 0.0189805 -0.140752
-6.2 -7.4 -0.0223213 0.140122
-6.2 -7.2 0.101854 0.0984946
-6.2 -7 -0.0673527 0.124349
-6.2 -6.8 0.120071 -0.0740615
-6.2 -6.6 0.107861 -0.0902698
-6.2 -6.4 -0.0250965 0.137873
-6.2 -6.2 0.112868 0.0820375
-6.2 -6 -0.0971473 0.0991688
-6.2 -5.8 0.100821 0.0942354
-6.2 -5.6 -0.0878028 0.105252
-6.2 -5.4 0.0996723 0.0925285
-6.2 -5.2 -0.117458 0.0661357
-6.2 -5 -0.0272876 0.130628
-6.2 -4.8 -0.0105749 -0.131519
-6.2 -4.6 0.0459652 -0.121896
-6.2 -4.4 -0.127471 -0.0157012
-6.2 -4.2 0.10243 -0.074089
-6.2 -4 0.12293 -0.0178435
-6.2 -3.8 0.0206656 -0.120079
-6.2 -3.6 -0.0562359 0.105211
-6.2 -3.4 -0.0639433 -0.0975075
-6.2 -3.2 0.030347 -0.109671
-6.2 -3 0.00771076 -0.110647
-6.2 -2.8 -0.0918817 -0.0569023
-6.2 -2.6 -0.0324585 0.10027
-6.2 -2.4 0.0903997 -0.0496184
-6.2 -2.2 -0.100012 0.0178186
-6.2 -2 0.100303 -0.0148803
-6.2 -1.8 -0.0994689 0.030202
-6.2 -1.6 0.0971828 -0.0547736
-6.2 -1.4 -0.0998024 0.087426
-6.2 -1.2 0.127397 -0.157167
-6.2 -1 -0.0494304 0.546988
-6.2 -0.8 -0.155725 1.06071
-6.2 -0.6 -0.0235228 0.995789
-6.2 -0.4 -0.0831802 0.986876
-6.2 -0.2 -0.0698939 1.00664
-6.2 0 -0.0560361 0.991729
-6.2 0.2 -0.0698939 1.00664
-6.2 0.4 -0.0831802 0.986876
-6.2 0.6 -0.0235228 0.995789
-6.2 0.8 -0.155725 1.06071
-6.2 1 -0.0494304 0.546988
-6.2 1.2 0.127397 -0.157167
-6.2 1.4 -0.0998024 0.087426
-6.2 1.6 0.0971828 -0.0547736
-6.2 1.8 -0.0994689 0.030202
-6.2 2 0.100303 -0.0148803
-6.2 2.2 -0.100012 0.0178186
-6.2 2.4 0.0903997 -0.0496184
-6.2 2.6 -0.0324585 0.10027
-6.2 2.8 -0.0918817 -0.0569023
-6.2 3 0.00771076 -0.110647
-6.2 3.2 0.030347 -0.109671
-6.2 3.4 -0.0639433 -0.0975075
-6.2 3.6 -0.0562359 0.105211
-6.2 3.8 0.0206656 -0.120079
-6.2 4 0.12293 -0.0178435
-6.2 4.2 0.10243 -0.074089
-6.2 4.4 -0.127471 -0.0157012
-6.2 4.6 0.0459652 -0.121896
-6.2 4.8 -0.0105749 -0.131519
-6.2 5 -0.0272876 0.130628
-6.2 5.2 -0.117458 0.0661357
-6.2 5.4 0.0996723 0.0925285
-6.2 5.6 -0.0878028 0.105252
-6.2 5.8 0.100821 0.0942354
-6.2 6 -0.0971473 0.0991688
-6.2 6.2 0.112868 0.0820375
-6.2 6.4 -0.0250965 0.137873
-6.2 6.6 0.107861 -0.0902698
-6.2 6.8 0.120071 -0.0740615
-6.2 7 -0.0673527 0.124349
-6.2 7.2 0.101854 0.0984946
-6.2 7.4 -0.0223213 0.140122
-6.2 7.6 0.0189805 -0.140752
-6.2 7.8 -0.117256 -0.0802829
-6.2 8 -0.0150041 -0.141339
-6.2 8.2 0.0682695 0.12464
-6.2 8.4 0.111427 -0.0880959
-6.2 8.6 0.109584 -0.0902093
-6.2 8.8 0.0841931 0.114092
-6.2 9 -0.0778182 -0.118318
-6.2 9.2 -0.1171 0.0792641
-6.2 9.4 -0.104207 0.0952304
-6.2 9.6 -0.12424 -0.0664663
-6.2 9.8 0.139907 -0.0140766
-6 -10 0.141931 -0.00153434
-6 -9.8 0.100586 0.100646
-6 -9.6 -0.13479 0.0466225
-6 -9.4 0.140874 -0.0241941
-6 -9.2 -0.0337824 -0.139181
-6 -9 -0.06572 -0.127545
-6 -8.8 0.0982002 -0.104925
-6 -8.6 -0.0523915 0.13403
-6 -8.4 0.14401 0.00398954
-6 -8.2 0.141109 -0.0296299
-6 -8 0.0359458 0.139713
-6 -7.8 -0.00333161 -0.144253
-6 -7.6 -0.121663 -0.0775352
-6 -7.4 0.00599782 -0.144065
-6 -7.2 -0.0097777 0.143715
-6 -7 0.10535 0.0979317
-6 -6.8 -0.0835868 0.116709
-6 -6.6 0.140301 -0.0286184
-6 -6.4 0.142674 -0.00427082
-6 -6.2 -0.13536 0.0435419
-6 -6 -0.0862861 0.112197
-6 -5.8 -0.0190032 -0.139489
-6 -5.6 -0.115545 -0.0788642
-6 -5.4 0.1376 -0.0187971
-6 -5.2 0.112437 -0.079533
-6 -5 -0.105886 0.0860088
-6 -4.8 -0.132967 0.0230342
-6 -4.6 0.0622281 0.117893
-6 -4.4 -0.130549 -0.0156826
-6 -4.2 -0.125432 -0.0321168
-6 -4 -0.0112216 0.126781
-6 -3.8 -0.0229108 -0.12276
-6 -3.6 0.113431 -0.0457086
-6 -3.4 0.113376 -0.0378728
-6 -3.2 0.0210701 -0.114715
-6 -3 -0.109825 0.0292036
-6 -2.8 0.110068 0.0112711
-6 -2.6 -0.106847 0.0140722
-6 -2.4 0.0738284 -0.0750177
-6 -2.2 0.0163206 0.102179
-6 -2 -0.0967714 -0.0351256
-6 -1.8 0.0795485 -0.0686557
-6 -1.6 0.00909511 0.112033
-6 -1.4 -0.0960008 -0.0918025
-6 -1.2 0.193315 0.0552771
-6 -1 -0.501929 0.223154
-6 -0.8 -0.993459 0.372253
-6 -0.6 -0.899714 0.469208
-6 -0.4 -0.886502 0.422014
-6 -0.2 -0.909529 0.419845
-6 0 -0.915217 0.425876
-6 0.2 -0.909529 0.419845
-6 0.4 -0.886502 0.422014
-6 0.6 -0.899714 0.469208
-6 0.8 -0.993459 0.372253
-6 1 -0.501929 0.223154
-6 1.2 0.193315 0.0552771
-6 1.4 -0.0960008 -0.0918025
-6 1.6 0.00909511 0.112033
-6 1.8 0.0795485 -0.0686557
-6 2 -0.0967714 -0.0351256
-6 2.2 0.0163206 0.102179
-6 2.4 0.0738284 -0.0750177
-6 2.6 -0.106847 0.0140722
-6 2.8 0.110068 0.0112711
-6 3 -0.109825 0.0292036
-6 3.2 0.0210701 -0.114715
-6 3.4 0.113376 -0.0378728
-6 3.6 0.113431 -0.0457086
-6 3.8 -0.0229108 -0.12276
-6 4 -0.0112216 0.126781
-6 4.2 -0.125432 -0.0321168
-6 4.4 -0.130549 -0.0156826
-6 4.6 0.0622281 0.117893
-6 4.8 -0.132967 0.0230342
-6 5 -0.105886 0.0860088
-6 5.2 0.112437 -0.079533
-6 5.4 0.1376 -0.0187971
-6 5.6 -0.115545 -0.0788642
-6 5.8 -0.0190032 -0.139489
-6 6 -0.0862861 0.112197
-6 6.2 -0.13536 0.0435419
-6 6.4 0.142674 -0.00427082
-6 6.6 0.140301 -0.0286184
-6 6.8 -0.0835868 0.116709
-6 7 0.10535 0.0979317
-6 7.2 -0.0097777 0.143715
-6 7.4 0.00599782 -0.144065
-6 7.6 -0.121663 -0.0775352
-6 7.8 -0.00333161 -0.144253
-6 8 0.0359458 0.139713
-6 8.2 0.141109 -0.0296299
-6 8.4 0.14401 0.00398954
-6 8.6 -0.0523915 0.13403
-6 8.8 0.0982002 -0.104925
-6 9 -0.06572 -0.127545
-6 9.2 -0.0337824 -0.139181
-6 9.4 0.140874 -0.0241941
-6 9.6 -0.13479 0.0466225
-6 9.8 0.100586 0.100646
-5.8 -10 0.0246289 -0.141459
-5.8 -9.8 -0.0932543 -0.109706
-5.8 -9.6 -0.0552645 -0.133367
-5.8 -9.4 0.132801 -0.0575195
-5.8 -9.2 -0.111455 0.0928415
-5.8 -9 0.134923 0.0541053
-5.8 -8.8 0.140813 -0.0372155
-5.8 -8.6 0.120781 0.0818419
-5.8 -8.4 -0.144937 0.0185007
-5.8 -8.2 0.102843 0.104039
-5.8 -8 0.140395 0.041588
-5.8 -7.8 -0.00267615 0.146489
-5.8 -7.6 0.0103422 -0.146186
-5.8 -7.4 -0.125795 -0.0751511
-5.8 -7.2 -0.00737639 -0.146268
-5.8 -7 0.00314754 0.146274
-5.8 -6.8 0.108433 0.0978986
-5.8 -6.6 -0.100592 0.105526
-5.8 -6.4 0.143039 0.0261109
-5.8 -6.2 0.111827 0.0921757
-5.8 -6 -0.0952348 -0.108454
-5.8 -5.8 -0.0998099 -0.103288
-5.8 -5.6 0.109946 0.0911399
-5.8 -5.4 0.111068 0.0882392
-5.8 -5.2 -0.0876261 -0.110149
-5.8 -5 -0.00438342 -0.139426
-5.8 -4.8 -0.128348 0.0508942
-5.8 -4.6 0.00508852 -0.136373
-5.8 -4.4 -0.0235387 -0.132602
-5.8 -4.2 -0.0895909 0.0978675
-5.8 -4 -0.0210919 -0.128767
-5.8 -3.8 0.055633 -0.115358
-5.8 -3.6 -0.0451917 -0.117032
-5.8 -3.4 -0.0811772 0.0919263
-5.8 -3.2 0.0842282 -0.0849798
-5.8 -3 -3.94942e-06 0.116542
-5.8 -2.8 -0.112217 -0.0162289
-5.8 -2.6 -0.0188836 -0.108694
-5.8 -2.4 0.0774415 -0.0746718
-5.8 -2.2 0.104945 0.0104167
-5.8 -2 0.0552598 0.0888969
-5.8 -1.8 -0.0559139 0.0904444
-5.8 -1.6 -0.10352 -0.0455028
-5.8 -1.4 0.0856404 -0.101224
-5.8 -1.2 0.023226 0.198575
-5.8 -1 -0.439766 -0.33068
-5.8 -0.8 -0.796062 -0.683269
-5.8 -0.6 -0.853492 -0.576418
-5.8 -0.4 -0.81814 -0.561572
-5.8 -0.2 -0.809136 -0.569527
-5.8 0 -0.808418 -0.572
-5.8 0.2 -0.809136 -0.569527
-5.8 0.4 -0.81814 -0.561572
-5.8 0.6 -0.853492 -0.576418
-5.8 0.8 -0.796062 -0.683269
-5.8 1 -0.439766 -0.33068
-5.8 1.2 0.023226 0.198575
-5.8 1.4 0.0856404 -0.101224
-5.8 1.6 -0.10352 -0.0455028
-5.8 1.8 -0.0559139 0.0904444
-5.8 2 0.0552598 0.0888969
-5.8 2.2 0.104945 0.0104167
-5.8 2.4 0.0774415 -0.0746718
-5.8 2.6 -0.0188836 -0.108694
-5.8 2.8 -0.112217 -0.0162289
-5.8 3 -3.94942e-06 0.116542
-5.8 3.2 0.0842282 -0.0849798
-5.8 3.4 -0.0811772 0.0919263
-5.8 3.6 -0.0451917 -0.117032
-5.8 3.8 0.055633 -0.115358
-5.8 4 -0.0210919 -0.128767
-5.8 4.2 -0.0895909 0.0978675
-5.8 4.4 -0.0235387 -0.132602
-5.8 4.6 0.00508852 -0.136373
-5.8 4.8 -0.128348 0.0508942
-5.8 5 -0.00438342 -0.139426
-5.8 5.2 -0.0876261 -0.110149
-5.8 5.4 0.111068 0.0882392
-5.8 5.6 0.109946 0.0911399
-5.8 5.8 -0.0998099 -0.103288
-5.8 6 -0.0952348 -0.108454
-5.8 6.2 0.111827 0.0921757
-5.8 6.4 0.143039 0.0261109
-5.8 6.6 -0.100592 0.105526
-5.8 6.8 0.108433 0.0978986
-5.8 7 0.00314754 0.146274
-5.8 7.2 -0.00737639 -0.146268
-5.8 7.4 -0.125795 -0.0751511
-5.8 7.6 0.0103422 -0.146186
-5.8 7.8 -0.00267615 0.146489
-5.8 8 0.140395 0.041588
-5.8 8.2 0.102843 0.104039
-5.8 8.4 -0.144937 0.0185007
-5.8 8.6 0.120781 0.0818419
-5.8 8.8 0.140813 -0.0372155
-5.8 9 0.134923 0.0541053
-5.8 9.2 -0.111455 0.0928415
-5.8 9.4 0.132801 -0.0575195
-5.8 9.6 -0.0552645 -0.133367
-5.8 9.8 -0.0932543 -0.109706
-5.6 -10 0.134851 -0.0539571
-5.6 -9.8 -0.142386 -0.0308477
-5.6 -9.6 -0.0549878 0.135375
-5.6 -9.4 -0.0277791 0.143867
-5.6 -9.2 -0.139684 0.0455076
-5.6 -9 0.0705765 -0.12926
-5.6 -8.8 -0.133355 0.0632805
-5.6 -8.6 -0.00967058 0.147597
-5.6 -8.4 -0.0743453 0.128187
-5.6 -8.2 -0.0786186 -0.12589
-5.6 -8 -0.00521646 0.148527
-5.6 -7.8 0.101617 0.108657
-5.6 -7.6 -0.0455676 0.141726
-5.6 -7.4 0.0261388 -0.146607
-5.6 -7.2 -0.129657 -0.0732285
-5.6 -7 -0.021049 -0.147333
-5.6 -6.8 0.0163668 0.147775
-5.6 -6.6 0.11106 0.0985026
-5.6 -6.4 -0.117654 0.0900043
-5.6 -6.2 0.122268 0.0828959
-5.6 -6 0.0153121 0.146405
-5.6 -5.8 0.074299 -0.126345
-5.6 -5.6 0.128775 -0.0684082
-5.6 -5.4 -0.14361 -0.0194803
-5.6 -5.2 -0.0784074 -0.120647
-5.6 -5 -0.090964 0.109933
-5.6 -4.8 -0.0794021 -0.1169
-5.6 -4.6 -0.125399 -0.0617061
-5.6 -4.4 0.0854936 0.108331
-5.6 -4.2 -0.109574 0.080618
-5.6 -4 -0.0922834 0.0969483
-5.6 -3.8 0.109811 0.0722229
-5.6 -3.6 -0.10563 -0.0736806
-5.6 -3.4 0.109485 -0.0622057
-5.6 -3.2 0.10421 0.0650647
-5.6 -3 0.0741027 0.0939191
-5.6 -2.8 0.087053 0.0771639
-5.6 -2.6 0.110128 0.0255974
-5.6 -2.4 0.101716 -0.0420581
-5.6 -2.2 0.0625929 -0.087583
-5.6 -2 0.0313098 -0.101749
-5.6 -1.8 0.0391396 -0.10033
-5.6 -1.6 0.0946312 -0.0633807
-5.6 -1.4 0.103935 0.0828025
-5.6 -1.2 -0.173956 0.095736
-5.6 -1 0.0749326 -0.546156
-5.6 -0.8 0.208773 -1.01404
-5.6 -0.6 0.107169 -1.03102
-5.6 -0.4 0.0972627 -1.00654
-5.6 -0.2 0.108207 -0.999692
-5.6 0 0.115719 -1.00217
-5.6 0.2 0.108207 -0.999692
-5.6 0.4 0.0972627 -1.00654
-5.6 0.6 0.107169 -1.03102
-5.6 0.8 0.208773 -1.01404
-5.6 1 0.0749326 -0.546156
-5.6 1.2 -0.173956 0.095736
-5.6 1.4 0.103935 0.0828025
-5.6 1.6 0.0946312 -0.0633807
-5.6 1.8 0.0391396 -0.10033
-5.6 2 0.0313098 -0.101749
-5.6 2.2 0.0625929 -0.087583
-5.6 2.4 0.101716 -0.0420581
-5.6 2.6 0.110128 0.0255974
-5.6 2.8 0.087053 0.0771639
-5.6 3 0.0741027 0.0939191
-5.6 3.2 0.10421 0.0650647
-5.6 3.4 0.109485 -0.0622057
-5.6 3.6 -0.10563 -0.0736806
-5.6 3.8 0.109811 0.0722229
-5.6 4 -0.0922834 0.0969483
-5.6 4.2 -0.109574 0.080618
-5.6 4.4 0.0854936 0.108331
-5.6 4.6 -0.125399 -0.0617061
-5.6 4.8 -0.0794021 -0.1169
-5.6 5 -0.090964 0.109933
-5.6 5.2 -0.0784074 -0.120647
-5.6 5.4 -0.14361 -0.0194803
-5.6 5.6 0.128775 -0.0684082
-5.6 5.8 0.074299 -0.126345
-5.6 6 0.0153121 0.146405
-5.6 6.2 0.122268 0.0828959
-5.6 6.4 -0.117654 0.0900043
-5.6 6.6 0.11106 0.0985026
-5.6 6.8 0.0163668 0.147775
-5.6 7 -0.021049 -0.147333
-5.6 7.2 -0.129657 -0.0732285
-5.6 7.4 0.0261388 -0.146607
-5.6 7.6 -0.0455676 0.141726
-5.6 7.8 0.101617 0.108657
-5.6 8 -0.00521646 0.148527
-5.6 8.2 -0.0786186 -0.12589
-5.6 8.4 -0.0743453 0.128187
-5.6 8.6 -0.00967058 0.147597
-5.6 8.8 -0.133355 0.0632805
-5.6 9 0.0705765 -0.12926
-5.6 9.2 -0.139684 0.0455076
-5.6 9.4 -0.0277791 0.143867
-5.6 9.6 -0.0549878 0.135375
-5.6 9.8 -0.142386 -0.0308477
-5.4 -10 -0.146854 0.00413084
-5.4 -9.8 0.0668718 -0.131363
-5.4 -9.6 -0.0718961 0.129227
-5.4 -9.4 0.146981 0.0200297
-5.4 -9.2 0.123642 -0.0827497
-5.4 -9 0.149088 -0.00563769
-5.4 -8.8 -0.0418522 0.143613
-5.4 -8.6 0.0639954 -0.135609
-5.4 -8.4 -0.131537 -0.0726861
-5.4 -8.2 -0.128372 -0.0787117
-5.4 -8 0.0919725 -0.119559
-5.4 -7.8 -0.118867 0.0932171
-5.4 -7.6 0.0273405 0.148737
-5.4 -7.4 -0.0890148 0.122401
-5.4 -7.2 0.0440922 -0.144842
-5.4 -7 -0.13325 -0.0718759
-5.4 -6.8 -0.0349252 -0.147238
-5.4 -6.6 0.0297914 0.148204
-5.4 -6.4 0.113169 0.0998597
-5.4 -6.2 -0.13367 0.0693566
-5.4 -6 0.0749554 0.130105
-5.4 -5.8 -0.100576 0.110742
-5.4 -5.6 0.141639 0.045983
-5.4 -5.4 0.00890379 0.147831
-5.4 -5.2 0.143742 -0.031394
-5.4 -5 -0.00395158 0.145945
-5.4 -4.8 0.0953027 0.108867
-5.4 -4.6 -0.0910734 -0.110489
-5.4 -4.4 0.0440585 -0.134441
-5.4 -4.2 -0.0827845 -0.112336
-5.4 -4 0.0258796 0.134919
-5.4 -3.8 -0.128878 -0.0400862
-5.4 -3.6 -0.0645278 -0.115506
-5.4 -3.4 -0.0950987 -0.0877554
-5.4 -3.2 -0.115342 0.051363
-5.4 -3 0.0727315 0.0991059
-5.4 -2.8 0.0384766 -0.113108
-5.4 -2.6 -0.10411 0.0512016
-5.4 -2.4 0.105246 0.0404496
-5.4 -2.2 -0.0151427 -0.108984
-5.4 -2 -0.106094 0.0226351
-5.4 -1.8 -0.0349058 0.103464
-5.4 -1.6 -0.00625351 0.114724
-5.4 -1.4 -0.0833806 0.103625
-5.4 -1.2 -0.152473 -0.125134
-5.4 -1 0.514339 -0.200838
-5.4 -0.8 0.974032 -0.304782
-5.4 -0.6 0.956835 -0.390161
-5.4 -0.4 0.938141 -0.389347
-5.4 -0.2 0.927598 -0.378915
-5.4 0 0.913472 -0.389676
-5.4 0.2 0.927598 -0.378915
-5.4 0.4 0.938141 -0.389347
-5.4 0.6 0.956835 -0.390161
-5.4 0.8 0.974032 -0.304782
-5.4 1 0.514339 -0.200838
-5.4 1.2 -0.152473 -0.125134
-5.4 1.4 -0.0833806 0.103625
-5.4 1.6 -0.00625351 0.114724
-5.4 1.8 -0.0349058 0.103464
-5.4 2 -0.106094 0.0226351
-5.4 2.2 -0.0151427 -0.108984
-5.4 2.4 0.105246 0.0404496
-5.4 2.6 -0.10411 0.0512016
-5.4 2.8 0.0384766 -0.113108
-5.4 3 0.0727315 0.0991059
-5.4 3.2 -0.115342 0.051363
-5.4 3.4 -0.0950987 -0.0877554
-5.4 3.6 -0.0645278 -0.115506
-5.4 3.8 -0.128878 -0.0400862
-5.4 4 0.0258796 0.134919
-5.4 4.2 -0.0827845 -0.112336
-5.4 4.4 0.0440585 -0.134441
-5.4 4.6 -0.0910734 -0.110489
-5.4 4.8 0.0953027 0.108867
-5.4 5 -0.00395158 0.145945
-5.4 5.2 0.143742 -0.031394
-5.4 5.4 0.00890379 0.147831
-5.4 5.6 0.141639 0.045983
-5.4 5.8 -0.100576 0.110742
-5.4 6 0.0749554 0.130105
-5.4 6.2 -0.13367 0.0693566
-5.4 6.4 0.113169 0.0998597
-5.4 6.6 0.0297914 0.148204
-5.4 6.8 -0.0349252 -0.147238
-5.4 7 -0.13325 -0.0718759
-5.4 7.2 0.0440922 -0.144842
-5.4 7.4 -0.0890148 0.122401
-5.4 7.6 0.0273405 0.148737
-5.4 7.8 -0.118867 0.0932171
-5.4 8 0.0919725 -0.119559
-5.4 8.2 -0.128372 -0.0787117
-5.4 8.4 -0.131537 -0.0726861
-5.4 8.6 0.0639954 -0.135609
-5.4 8.8 -0.0418522 0.143613
-5.4 9 0.149088 -0.00563769
-5.4 9.2 0.123642 -0.0827497
-5.4 9.4 0.146981 0.0200297
-5.4 9.6 -0.0718961 0.129227
-5.4 9.8 0.0668718 -0.131363
-5.2 -10 -0.143242 0.0394973
-5.2 -9.8 -0.147619 -0.0211599
-5.2 -9.6 0.00742375 -0.149471
-5.2 -9.4 0.0713666 0.132124
-5.2 -9.2 0.0200828 -0.149315
-5.2 -9 -0.137741 -0.0621972
-5.2 -8.8 -0.137268 -0.0643053
-5.2 -8.6 0.0363349 -0.147602
-5.2 -8.4 0.0146472 0.151699
-5.2 -8.2 0.134016 -0.0733329
-5.2 -8 0.0959672 -0.119282
-5.2 -7.8 0.142428 0.0569206
-5.2 -7.6 -0.148186 -0.0405033
-5.2 -7.4 -0.0643148 0.13972
-5.2 -7.2 -0.127317 0.0865436
-5.2 -7 0.0640869 -0.140052
-5.2 -6.8 -0.136569 -0.0712134
-5.2 -6.6 -0.0489099 -0.145971
-5.2 -6.4 0.0433333 0.147557
-5.2 -6.2 0.114673 0.102094
-5.2 -6 -0.147037 0.0429397
-5.2 -5.8 0.00444274 0.152643
-5.2 -5.6 -0.151627 -0.0121147
-5.2 -5.4 -0.0313941 0.148082
-5.2 -5.2 -0.129553 -0.0765622
-5.2 -5 -0.14125 0.0487604
-5.2 -4.8 0.120109 -0.0868003
-5.2 -4.6 0.14522 -0.0211638
-5.2 -4.4 -0.0358772 -0.140596
-5.2 -4.2 0.0947553 0.107389
-5.2 -4 -0.0324831 0.137294
-5.2 -3.8 0.040093 0.132769
-5.2 -3.6 0.119947 -0.0641528
-5.2 -3.4 -0.132142 0.015826
-5.2 -3.2 0.113762 -0.0626791
-5.2 -3 -0.0216343 0.12459
-5.2 -2.8 -0.102727 -0.0673734
-5.2 -2.6 0.097776 -0.0681695
-5.2 -2.4 0.00245768 0.11565
-5.2 -2.2 -0.0612537 -0.0945118
-5.2 -2 0.0519731 0.0977021
-5.2 -1.8 0.0463052 -0.100774
-5.2 -1.6 -0.0819316 -0.0820713
-5.2 -1.4 -0.0999705 -0.0880898
-5.2 -1.2 0.0615109 -0.186241
-5.2 -1 0.42674 0.351925
-5.2 -0.8 0.729987 0.691975
-5.2 -0.6 0.787559 0.650907
-5.2 -0.4 0.777745 0.62747
-5.2 -0.2 0.788144 0.609689
-5.2 0 0.785327 0.624016
-5.2 0.2 0.788144 0.609689
-5.2 0.4 0.777745 0.62747
-5.2 0.6 0.787559 0.650907
-5.2 0.8 0.729987 0.691975
-5.2 1 0.42674 0.351925
-5.2 1.2 0.0615109 -0.186241
-5.2 1.4 -0.0999705 -0.0880898
-5.2 1.6 -0.0819316 -0.0820713
-5.2 1.8 0.0463052 -0.100774
-5.2 2 0.0519731 0.0977021
-5.2 2.2 -0.0612537 -0.0945118
-5.2 2.4 0.00245768 0.11565
-5.2 2.6 0.097776 -0.0681695
-5.2 2.8 -0.102727 -0.0673734
-5.2 3 -0.0216343 0.12459
-5.2 3.2 0.113762 -0.0626791
-5.2 3.4 -0.132142 0.015826
-5.2 3.6 0.119947 -0.0641528
-5.2 3.8 0.040093 0.132769
-5.2 4 -0.0324831 0.137294
-5.2 4.2 0.0947553 0.107389
-5.2 4.4 -0.0358772 -0.140596
-5.2 4.6 0.14522 -0.0211638
-5.2 4.8 0.120109 -0.0868003
-5.2 5 -0.14125 0.0487604
-5.2 5.2 -0.129553 -0.0765622
-5.2 5.4 -0.0313941 0.148082
-5.2 5.6 -0.151627 -0.0121147
-5.2 5.8 0.00444274 0.152643
-5.2 6 -0.147037 0.0429397
-5.2 6.2 0.114673 0.102094
-5.2 6.4 0.0433333 0.147557
-5.2 6.6 -0.0489099 -0.145971
-5.2 6.8 -0.136569 -0.0712134
-5.2 7 0.0640869 -0.140052
-5.2 7.2 -0.127317 0.0865436
-5.2 7.4 -0.0643148 0.13972
-5.2 7.6 -0.148186 -0.0405033
-5.2 7.8 0.142428 0.0569206
-5.2 8 0.0959672 -0.119282
-5.2 8.2 0.134016 -0.0733329
-5.2 8.4 0.0146472 0.151699
-5.2 8.6 0.0363349 -0.147602
-5.2 8.8 -0.137268 -0.0643053
-5.2 9 -0.137741 -0.0621972
-5.2 9.2 0.0200828 -0.149315
-5.2 9.4 0.0713666 0.132124
-5.2 9.6 0.00742375 -0.149471
-5.2 9.8 -0.147619 -0.0211599
-5 -10 0.0772821 -0.128872
-5 -9.8 -0.0968137 -0.115696
-5 -9.6 -0.119598 -0.0928974
-5 -9.4 -0.00756272 -0.151815
-5 -9.2 0.142323 0.0549249
-5 -9 -0.140928 -0.0597857
-5 -8.8 -0.0168453 0.15267
-5 -8.6 0.0657562 0.139349
-5 -8.4 -0.0585377 0.14303
-5 -8.2 -0.0702393 -0.138145
-5 -8 -0.0311706 0.152215
-5 -7.8 0.094643 0.123674
-5 -7.6 -0.0300474 0.153128
-5 -7.4 -0.0469381 -0.149102
-5 -7.2 -0.138921 0.0721299
-5 -7 -0.152843 0.0344827
-5 -6.8 0.0857688 -0.131228
-5 -6.6 -0.139594 -0.0713755
-5 -6.4 -0.0629087 -0.143531
-5 -6.2 0.0569056 0.14584
-5 -6 0.115451 0.105335
-5 -5.8 -0.15555 0.0104769
-5 -5.6 -0.075934 0.135581
-5 -5.4 -0.0738767 -0.135979
-5 -5.2 -0.149889 -0.0351334
-5 -5 0.147961 -0.0388736
-5 -4.8 0.149149 -0.0283885
-5 -4.6 -0.120064 -0.0906917
-5 -4.4 0.116367 -0.0928717
-5 -4.2 0.104682 -0.103286
-5 -4 -0.12207 -0.0782043
-5 -3.8 0.126723 0.0654077
-5 -3.6 -0.0969756 0.100905
-5 -3.4 -0.135922 -0.0171048
-5 -3.2 -0.123737 -0.0507524
-5 -3 -0.126106 -0.0324615
-5 -2.8 -0.126443 0.00279203
-5 -2.6 -0.120824 0.0209023
-5 -2.4 -0.118623 -0.00705966
-5 -2.2 -0.0703239 -0.0915593
-5 -2 0.0985654 -0.0553625
-5 -1.8 -0.0730059 0.0859783
-5 -1.6 0.117092 0.00503066
-5 -1.4 0.0968736 -0.0920102
-5 -1.2 0.194903 -0.00776503
-5 -1 -0.099961 0.545424
-5 -0.8 -0.242177 0.960227
-5 -0.6 -0.186381 0.982892
-5 -0.4 -0.153478 0.974327
-5 -0.2 -0.155495 0.995976
-5 0 -0.14871 0.991777
-5 0.2 -0.155495 0.995976
-5 0.4 -0.153478 0.974327
-5 0.6 -0.186381 0.982892
-5 0.8 -0.242177 0.960227
-5 1 -0.099961 0.545424
-5 1.2 0.194903 -0.00776503
-5 1.4 0.0968736 -0.0920102
-5 1.6 0.117092 0.00503066
-5 1.8 -0.0730059 0.0859783
-5 2 0.0985654 -0.0553625
-5 2.2 -0.0703239 -0.0915593
-5 2.4 -0.118623 -0.00705966
-5 2.6 -0.120824 0.0209023
-5 2.8 -0.126443 0.00279203
-5 3 -0.126106 -0.0324615
-5 3.2 -0.123737 -0.0507524
-5 3.4 -0.135922 -0.0171048
-5 3.6 -0.0969756 0.100905
-5 3.8 0.126723 0.0654077
-5 4 -0.12207 -0.0782043
-5 4.2 0.104682 -0.103286
-5 4.4 0.116367 -0.0928717
-5 4.6 -0.120064 -0.0906917
-5 4.8 0.149149 -0.0283885
-5 5 0.147961 -0.0388736
-5 5.2 -0.149889 -0.0351334
-5 5.4 -0.0738767 -0.135979
-5 5.6 -0.075934 0.135581
-5 5.8 -0.15555 0.0104769
-5 6 0.115451 0.105335
-5 6.2 0.0569056 0.14584
-5 6.4 -0.0629087 -0.143531
-5 6.6 -0.139594 -0.0713755
-5 6.8 0.0857688 -0.131228
-5 7 -0.152843 0.0344827
-5 7.2 -0.138921 0.0721299
-5 7.4 -0.0469381 -0.149102
-5 7.6 -0.0300474 0.153128
-5 7.8 0.094643 0.123674
-5 8 -0.0311706 0.152215
-5 8.2 -0.0702393 -0.138145
-5 8.4 -0.0585377 0.14303
-5 8.6 0.0657562 0.139349
-5 8.8 -0.0168453 0.15267
-5 9 -0.140928 -0.0597857
-5 9.2 0.142323 0.0549249
-5 9.4 -0.00756272 -0.151815
-5 9.6 -0.119598 -0.0928974
-5 9.8 -0.0968137 -0.115696
-4.8 -10 -0.0941742 -0.119252
-4.8 -9.8 0.0593525 0.14058
-4.8 -9.6 0.114949 -0.10132
-4.8 -9.4 -0.00260674 -0.153828
-4.8 -9.2 0.0305351 -0.151409
-4.8 -9 0.155023 -0.00287331
-4.8 -8.8 -0.127568 0.089135
-4.8 -8.6 0.155902 0.00926001
-4.8 -8.4 0.0731855 -0.138566
-4.8 -8.2 0.106236 -0.115879
-4.8 -8 0.0974674 0.123944
-4.8 -7.8 -0.0779814 -0.137543
-4.8 -7.6 -0.151904 0.0452686
-4.8 -7.4 -0.157978 -0.0166753
-4.8 -7.2 0.110555 -0.114488
-4.8 -7 -0.155059 -0.036923
-4.8 -6.8 -0.156805 -0.0295817
-4.8 -6.6 0.108425 -0.117219
-4.8 -6.4 -0.142287 -0.0725129
-4.8 -6.2 -0.0768292 -0.139927
-4.8 -6 0.0704244 0.14307
-4.8 -5.8 0.115332 0.109717
-4.8 -5.6 -0.156361 -0.0275942
-4.8 -5.4 -0.141148 0.0715168
-4.8 -5.2 0.0870966 -0.131266
-4.8 -5 0.0601175 -0.144667
-4.8 -4.8 -0.104154 0.1156
-4.8 -4.6 -0.149447 -0.0385114
-4.8 -4.4 -0.104278 0.111727
-4.8 -4.2 0.118286 -0.0939825
-4.8 -4 0.0868517 0.121133
-4.8 -3.8 0.0586075 0.134518
-4.8 -3.6 0.140244 0.0330963
-4.8 -3.4 0.00172086 -0.141126
-4.8 -3.2 -0.0973413 0.0976019
-4.8 -3 0.127931 -0.0406747
-4.8 -2.8 -0.128584 -0.0214768
-4.8 -2.6 0.0766601 0.100391
-4.8 -2.4 0.075026 -0.0965398
-4.8 -2.2 -0.0392882 -0.111833
-4.8 -2 -0.0285381 -0.112128
-4.8 -1.8 0.105559 -0.0453051
-4.8 -1.6 -0.0984523 0.0660995
-4.8 -1.4 0.078119 0.108857
-4.8 -1.2 0.0730026 0.179634
-4.8 -1 -0.525919 0.178423
-4.8 -0.8 -0.939846 0.257641
-4.8 -0.6 -0.928149 0.31688
-4.8 -0.4 -0.932577 0.358042
-4.8 -0.2 -0.933132 0.344302
-4.8 0 -0.932297 0.34399
-4.8 0.2 -0.933132 0.344302
-4.8 0.4 -0.932577 0.358042
-4.8 0.6 -0.928149 0.31688
-4.8 0.8 -0.939846 0.257641
-4.8 1 -0.525919 0.178423
-4.8 1.2 0.0730026 0.179634
-4.8 1.4 0.078119 0.108857
-4.8 1.6 -0.0984523 0.0660995
-4.8 1.8 0.105559 -0.0453051
-4.8 2 -0.0285381 -0.112128
-4.8 2.2 -0.0392882 -0.111833
-4.8 2.4 0.075026 -0.0965398
-4.8 2.6 0.0766601 0.100391
-4.8 2.8 -0.128584 -0.0214768
-4.8 3 0.127931 -0.0406747
-4.8 3.2 -0.0973413 0.0976019
-4.8 3.4 0.00172086 -0.141126
-4.8 3.6 0.140244 0.0330963
-4.8 3.8 0.0586075 0.134518
-4.8 4 0.0868517 0.121133
-4.8 4.2 0.118286 -0.0939825
-4.8 4.4 -0.104278 0.111727
-4.8 4.6 -0.149447 -0.0385114
-4.8 4.8 -0.104154 0.1156
-4.8 5 0.0601175 -0.144667
-4.8 5.2 0.0870966 -0.131266
-4.8 5.4 -0.141148 0.0715168
-4.8 5.6 -0.156361 -0.0275942
-4.8 5.8 0.115332 0.109717
-4.8 6 0.0704244 0.14307
-4.8 6.2 -0.0768292 -0.139927
-4.8 6.4 -0.142287 -0.0725129
-4.8 6.6 0.108425 -0.117219
-4.8 6.8 -0.156805 -0.0295817
-4.8 7 -0.155059 -0.036923
-4.8 7.2 0.110555 -0.114488
-4.8 7.4 -0.157978 -0.0166753
-4.8 7.6 -0.151904 0.0452686
-4.8 7.8 -0.0779814 -0.137543
-4.8 8 0.0974674 0.123944
-4.8 8.2 0.106236 -0.115879
-4.8 8.4 0.0731855 -0.138566
-4.8 8.6 0.155902 0.00926001
-4.8 8.8 -0.127568 0.089135
-4.8 9 0.155023 -0.00287331
-4.8 9.2 0.0305351 -0.151409
-4.8 9.4 -0.00260674 -0.153828
-4.8 9.6 0.114949 -0.10132
-4.8 9.8 0.0593525 0.14058
-4.6 -10 0.119552 -0.0965038
-4.6 -9.8 0.068453 0.138326
-4.6 -9.6 -0.119224 -0.0990861
-4.6 -9.4 0.0480465 0.148104
-4.6 -9.2 0.14993 -0.0444125
-4.6 -9 0.115362 -0.106528
-4.6 -8.8 0.157402 -0.00906306
-4.6 -8.6 -0.0418523 0.152649
-4.6 -8.4 0.0463456 -0.151972
-4.6 -8.2 -0.158685 -0.0156709
-4.6 -8 -0.155046 0.0395173
-4.6 -7.8 -0.0993378 -0.126085
-4.6 -7.6 0.14111 0.077504
-4.6 -7.4 0.0336039 -0.157892
-4.6 -7.2 0.020071 -0.160565
-4.6 -7 0.152227 0.0558457
-4.6 -6.8 -0.0871869 -0.137034
-4.6 -6.6 -0.131242 -0.0960272
-4.6 -6.4 0.130828 -0.096799
-4.6 -6.2 -0.144581 -0.074795
-4.6 -6 -0.0905825 -0.135177
-4.6 -5.8 0.0838096 0.139276
-4.6 -5.6 0.114085 0.115371
-4.6 -5.4 -0.146075 -0.0696208
-4.6 -5.2 -0.158609 -0.0289425
-4.6 -5 0.157259 0.0319223
-4.6 -4.8 0.120082 0.104998
-4.6 -4.6 0.0603881 -0.146378
-4.6 -4.4 0.0809266 0.134469
-4.6 -4.2 0.0395676 0.150153
-4.6 -4 0.153028 -0.00961848
-4.6 -3.8 -0.143447 -0.0473819
-4.6 -3.6 0.136977 -0.0572933
-4.6 -3.4 0.0486904 0.137141
-4.6 -3.2 -0.100838 0.100286
-4.6 -3 -0.136781 -0.0220418
-4.6 -2.8 -0.0452623 -0.126708
-4.6 -2.6 0.119585 -0.0517746
-4.6 -2.4 -0.0336998 0.121401
-4.6 -2.2 0.0500344 -0.111158
-4.6 -2 -0.11209 -0.0387764
-4.6 -1.8 -0.113047 -0.0309817
-4.6 -1.6 0.0541562 -0.107301
-4.6 -1.4 -0.122383 0.0560697
-4.6 -1.2 -0.14509 0.126841
-4.6 -1 -0.41273 -0.373501
-4.6 -0.8 -0.678879 -0.678135
-4.6 -0.6 -0.735403 -0.634944
-4.6 -0.4 -0.768599 -0.659336
-4.6 -0.2 -0.766168 -0.652458
-4.6 0 -0.756152 -0.654991
-4.6 0.2 -0.766168 -0.652458
-4.6 0.4 -0.768599 -0.659336
-4.6 0.6 -0.735403 -0.634944
-4.6 0.8 -0.678879 -0.678135
-4.6 1 -0.41273 -0.373501
-4.6 1.2 -0.14509 0.126841
-4.6 1.4 -0.122383 0.0560697
-4.6 1.6 0.0541562 -0.107301
-4.6 1.8 -0.113047 -0.0309817
-4.6 2 -0.11209 -0.0387764
-4.6 2.2 0.0500344 -0.111158
-4.6 2.4 -0.0336998 0.121401
-4.6 2.6 0.119585 -0.0517746
-4.6 2.8 -0.0452623 -0.126708
-4.6 3 -0.136781 -0.0220418
-4.6 3.2 -0.100838 0.100286
-4.6 3.4 0.0486904 0.137141
-4.6 3.6 0.136977 -0.0572933
-4.6 3.8 -0.143447 -0.0473819
-4.6 4 0.153028 -0.00961848
-4.6 4.2 0.0395676 0.150153
-4.6 4.4 0.0809266 0.134469
-4.6 4.6 0.0603881 -0.146378
-4.6 4.8 0.120082 0.104998
-4.6 5 0.157259 0.0319223
-4.6 5.2 -0.158609 -0.0289425
-4.6 5.4 -0.146075 -0.0696208
-4.6 5.6 0.114085 0.115371
-4.6 5.8 0.0838096 0.139276
-4.6 6 -0.0905825 -0.135177
-4.6 6.2 -0.144581 -0.074795
-4.6 6.4 0.130828 -0.096799
-4.6 6.6 -0.131242 -0.0960272
-4.6 6.8 -0.0871869 -0.137034
-4.6 7 0.152227 0.0558457
-4.6 7.2 0.020071 -0.160565
-4.6 7.4 0.0336039 -0.157892
-4.6 7.6 0.14111 0.077504
-4.6 7.8 -0.0993378 -0.126085
-4.6 8 -0.155046 0.0395173
-4.6 8.2 -0.158685 -0.0156709
-4.6 8.4 0.0463456 -0.151972
-4.6 8.6 -0.0418523 0.152649
-4.6 8.8 0.157402 -0.00906306
-4.6 9 0.115362 -0.106528
-4.6 9.2 0.14993 -0.0444125
-4.6 9.4 0.0480465 0.148104
-4.6 9.6 -0.119224 -0.0990861
-4.6 9.8 0.068453 0.138326
-4.4 -10 -0.129692 -0.085484
-4.4 -9.8 -0.111885 -0.108823
-4.4 -9.6 0.0427928 -0.150871
-4.4 -9.4 0.119002 0.103265
-4.4 -9.2 -0.133651 -0.0848083
-4.4 -9 0.0187871 0.157892
-4.4 -8.8 0.153018 0.0457501
-4.4 -8.6 0.154066 0.0446341
-4.4 -8.4 0.0127743 0.160565
-4.4 -8.2 -0.10718 -0.121106
-4.4 -8 0.00137471 0.162342
-4.4 -7.8 0.136562 0.0888916
-4.4 -7.6 0.0717015 0.146947
-4.4 -7.4 -0.162624 -0.0214389
-4.4 -7.2 0.107491 0.124538
-4.4 -7 0.159283 0.0428284
-4.4 -6.8 -0.00424191 0.165258
-4.4 -6.6 0.0438258 -0.159714
-4.4 -6.4 -0.072572 -0.149129
-4.4 -6.2 0.151054 -0.0688342
-4.4 -6 -0.146371 -0.0784116
-4.4 -5.8 -0.104084 -0.129309
-4.4 -5.6 0.096987 0.134497
-4.4 -5.4 0.111392 0.122409
-4.4 -5.2 -0.121135 -0.11209
-4.4 -5 -0.102729 -0.128351
-4.4 -4.8 0.0114056 0.163169
-4.4 -4.6 -0.152973 0.0548763
-4.4 -4.4 -0.0508965 0.152984
-4.4 -4.2 0.0927651 -0.129959
-4.4 -4 0.106528 0.116438
-4.4 -3.8 0.0501592 0.147331
-4.4 -3.6 0.127 0.085504
-4.4 -3.4 0.104233 -0.108126
-4.4 -3.2 -0.127287 -0.0732748
-4.4 -3 -0.0274767 0.140491
-4.4 -2.8 0.138064 0.0165464
-4.4 -2.6 0.0806164 -0.107833
-4.4 -2.4 0.0656102 -0.112291
-4.4 -2.2 0.124834 0.0138347
-4.4 -2 -0.116524 0.0355164
-4.4 -1.8 0.0457782 0.110717
-4.4 -1.6 -0.011394 0.121458
-4.4 -1.4 -0.0234862 -0.133302
-4.4 -1.2 -0.1649 -0.0978283
-4.4 -1 0.12565 -0.543577
-4.4 -0.8 0.246209 -0.913927
-4.4 -0.6 0.177021 -0.963642
-4.4 -0.4 0.207723 -0.973464
-4.4 -0.2 0.198902 -0.976114
-4.4 0 0.200485 -0.984321
-4.4 0.2 0.198902 -0.976114
-4.4 0.4 0.207723 -0.973464
-4.4 0.6 0.177021 -0.963642
-4.4 0.8 0.246209 -0.913927
-4.4 1 0.12565 -0.543577
-4.4 1.2 -0.1649 -0.0978283
-4.4 1.4 -0.0234862 -0.133302
-4.4 1.6 -0.011394 0.121458
-4.4 1.8 0.0457782 0.110717
-4.4 2 -0.116524 0.0355164
-4.4 2.2 0.124834 0.0138347
-4.4 2.4 0.0656102 -0.112291
-4.4 2.6 0.0806164 -0.107833
-4.4 2.8 0.138064 0.0165464
-4.4 3 -0.0274767 0.140491
-4.4 3.2 -0.127287 -0.0732748
-4.4 3.4 0.104233 -0.108126
-4.4 3.6 0.127 0.085504
-4.4 3.8 0.0501592 0.147331
-4.4 4 0.106528 0.116438
-4.4 4.2 0.0927651 -0.129959
-4.4 4.4 -0.0508965 0.152984
-4.4 4.6 -0.152973 0.0548763
-4.4 4.8 0.0114056 0.163169
-4.4 5 -0.102729 -0.128351
-4.4 5.2 -0.121135 -0.11209
-4.4 5.4 0.111392 0.122409
-4.4 5.6 0.096987 0.134497
-4.4 5.8 -0.104084 -0.129309
-4.4 6 -0.146371 -0.0784116
-4.4 6.2 0.151054 -0.0688342
-4.4 6.4 -0.072572 -0.149129
-4.4 6.6 0.0438258 -0.159714
-4.4 6.8 -0.00424191 0.165258
-4.4 7 0.159283 0.0428284
-4.4 7.2 0.107491 0.124538
-4.4 7.4 -0.162624 -0.0214389
-4.4 7.6 0.0717015 0.146947
-4.4 7.8 0.136562 0.0888916
-4.4 8 0.00137471 0.162342
-4.4 8.2 -0.10718 -0.121106
-4.4 8.4 0.0127743 0.160565
-4.4 8.6 0.154066 0.0446341
-4.4 8.8 0.153018 0.0457501
-4.4 9 0.0187871 0.157892
-4.4 9.2 -0.133651 -0.0848083
-4.4 9.4 0.119002 0.103265
-4.4 9.6 0.0427928 -0.150871
-4.4 9.8 -0.111885 -0.108823
-4.2 -10 0.00793566 -0.156818
-4.2 -9.8 -0.153661 -0.0360001
-4.2 -9.6 -0.150495 0.0501231
-4.2 -9.4 -0.159409 -0.00181063
-4.2 -9.2 -0.046448 -0.153329
-4.2 -9 0.149266 0.0603187
-4.2 -8.8 -0.139581 -0.0817649
-4.2 -8.6 -0.0326245 0.15922
-4.2 -8.4 0.0834622 0.14033
-4.2 -8.2 0.00786548 0.163814
-4.2 -8 -0.162358 -0.0277357
-4.2 -7.8 0.16234 0.0316234
-4.2 -7.6 0.0173523 -0.165134
-4.2 -7.4 -0.000771441 -0.166659
-4.2 -7.2 0.167107 -0.00663563
-4.2 -7 -0.166887 -0.0171828
-4.2 -6.8 -0.0855001 0.144903
-4.2 -6.6 -0.165306 0.0334843
-4.2 -6.4 0.155855 -0.0653719
-4.2 -6.2 0.0133804 -0.168747
-4.2 -6 0.166291 -0.032574
-4.2 -5.8 -0.147491 -0.0835722
-4.2 -5.6 -0.117257 -0.122364
-4.2 -5.4 0.10989 0.128784
-4.2 -5.2 0.106827 0.130907
-4.2 -5 -0.0787174 -0.148938
-4.2 -4.8 0.0193064 -0.166649
-4.2 -4.6 -0.163252 0.0344595
-4.2 -4.4 0.0604059 -0.154287
-4.2 -4.2 0.0876993 -0.138885
-4.2 -4 -0.129011 -0.0988332
-4.2 -3.8 0.0929949 0.130738
-4.2 -3.6 -0.154434 -0.0333086
-4.2 -3.4 0.0520915 -0.146117
-4.2 -3.2 0.150682 0.018639
-4.2 -3 0.0123826 0.147567
-4.2 -2.8 -0.143292 -0.0132018
-4.2 -2.6 0.118974 -0.0724944
-4.2 -2.4 -0.134261 0.00769859
-4.2 -2.2 -0.0454029 0.121446
-4.2 -2 -0.108878 0.0621584
-4.2 -1.8 0.0871056 -0.0864197
-4.2 -1.6 -0.0152985 -0.123112
-4.2 -1.4 0.134705 0.0206374
-4.2 -1.2 0.0447091 -0.185407
-4.2 -1 0.537285 -0.155262
-4.2 -0.8 0.90379 -0.243188
-4.2 -0.6 0.945991 -0.328704
-4.2 -0.4 0.944172 -0.309497
-4.2 -0.2 0.956883 -0.303931
-4.2 0 0.955625 -0.307082
-4.2 0.2 0.956883 -0.303931
-4.2 0.4 0.944172 -0.309497
-4.2 0.6 0.945991 -0.328704
-4.2 0.8 0.90379 -0.243188
-4.2 1 0.537285 -0.155262
-4.2 1.2 0.0447091 -0.185407
-4.2 1.4 0.134705 0.0206374
-4.2 1.6 -0.0152985 -0.123112
-4.2 1.8 0.0871056 -0.0864197
-4.2 2 -0.108878 0.0621584
-4.2 2.2 -0.0454029 0.121446
-4.2 2.4 -0.134261 0.00769859
-4.2 2.6 0.118974 -0.0724944
-4.2 2.8 -0.143292 -0.0132018
-4.2 3 0.0123826 0.147567
-4.2 3.2 0.150682 0.018639
-4.2 3.4 0.0520915 -0.146117
-4.2 3.6 -0.154434 -0.0333086
-4.2 3.8 0.0929949 0.130738
-4.2 4 -0.129011 -0.0988332
-4.2 4.2 0.0876993 -0.138885
-4.2 4.4 0.0604059 -0.154287
-4.2 4.6 -0.163252 0.0344595
-4.2 4.8 0.0193064 -0.166649
-4.2 5 -0.0787174 -0.148938
-4.2 5.2 0.106827 0.130907
-4.2 5.4 0.10989 0.128784
-4.2 5.6 -0.117257 -0.122364
-4.2 5.8 -0.147491 -0.0835722
-4.2 6 0.166291 -0.032574
-4.2 6.2 0.0133804 -0.168747
-4.2 6.4 0.155855 -0.0653719
-4.2 6.6 -0.165306 0.0334843
-4.2 6.8 -0.0855001 0.144903
-4.2 7 -0.166887 -0.0171828
-4.2 7.2 0.167107 -0.00663563
-4.2 7.4 -0.000771441 -0.166659
-4.2 7.6 0.0173523 -0.165134
-4.2 7.8 0.16234 0.0316234
-4.2 8 -0.162358 -0.0277357
-4.2 8.2 0.00786548 0.163814
-4.2 8.4 0.0834622 0.14033
-4.2 8.6 -0.0326245 0.15922
-4.2 8.8 -0.139581 -0.0817649
-4.2 9 0.149266 0.0603187
-4.2 9.2 -0.046448 -0.153329
-4.2 9.4 -0.159409 -0.00181063
-4.2 9.6 -0.150495 0.0501231
-4.2 9.8 -0.153661 -0.0360001
-4 -10 -0.128243 0.0934904
-4 -9.8 0.144722 -0.0671975
-4 -9.6 -0.13658 -0.084147
-4 -9.4 -0.116025 0.112022
-4 -9.2 -0.0576738 0.151528
-4 -9 -0.122925 0.107018
-4 -8.8 -0.11905 -0.112544
-4 -8.6 0.163297 0.0211546
-4 -8.4 -0.136529 -0.0935151
-4 -8.2 -0.10286 0.130665
-4 -8 -0.0647432 0.154032
-4 -7.8 -0.166415 0.0219409
-4 -7.6 0.112654 -0.12544
-4 -7.4 -0.168924 0.011494
-4 -7.2 -0.110216 0.129423
-4 -7 -0.17062 -0.00196256
-4 -6.8 0.15268 -0.0774948
-4 -6.6 -0.0998405 -0.139754
-4 -6.4 -0.0530817 -0.163837
-4 -6.2 0.143572 0.0958256
-4 -6 0.106366 -0.136336
-4 -5.8 0.172721 0.011852
-4 -5.6 -0.147698 -0.090503
-4 -5.4 -0.13003 -0.114391
-4 -5.2 0.122459 0.122201
-4 -5 0.0998232 0.140864
-4 -4.8 -0.0183909 -0.171118
-4 -4.6 0.143385 -0.0938008
-4 -4.4 -0.0329856 -0.167107
-4 -4.2 0.0399246 0.164261
-4 -4 -0.153904 0.065955
-4 -3.8 -0.154281 0.0598592
-4 -3.6 -0.0337911 0.159603
-4 -3.4 0.159185 0.0193918
-4 -3.2 -0.0396756 -0.152022
-4 -3 -0.13236 0.0774793
-4 -2.8 0.0439519 0.142496
-4 -2.6 0.0957787 0.108065
-4 -2.4 -0.0242469 0.137191
-4 -2.2 -0.0437992 -0.126765
-4 -2 -0.124252 0.0358348
-4 -1.8 -0.0957281 -0.0818618
-4 -1.6 0.0203313 0.124757
-4 -1.4 -0.0730498 0.116369
-4 -1.2 0.189656 -0.00786503
-4 -1 0.398124 0.394919
-4 -0.8 0.661728 0.652885
-4 -0.6 0.752856 0.688836
-4 -0.4 0.7372 0.689658
-4 -0.2 0.731173 0.67905
-4 0 0.733264 0.684275
-4 0.2 0.731173 0.67905
-4 0.4 0.7372 0.689658
-4 0.6 0.752856 0.688836
-4 0.8 0.661728 0.652885
-4 1 0.398124 0.394919
-4 1.2 0.189656 -0.00786503
-4 1.4 -0.0730498 0.116369
-4 1.6 0.0203313 0.124757
-4 1.8 -0.0957281 -0.0818618
-4 2 -0.124252 0.0358348
-4 2.2 -0.0437992 -0.126765
-4 2.4 -0.0242469 0.137191
-4 2.6 0.0957787 0.108065
-4 2.8 0.0439519 0.142496
-4 3 -0.13236 0.0774793
-4 3.2 -0.0396756 -0.152022
-4 3.4 0.159185 0.0193918
-4 3.6 -0.0337911 0.159603
-4 3.8 -0.154281 0.0598592
-4 4 -0.153904 0.065955
-4 4.2 0.0399246 0.164261
-4 4.4 -0.0329856 -0.167107
-4 4.6 0.143385 -0.0938008
-4 4.8 -0.0183909 -0.171118
-4 5 0.0998232 0.140864
-4 5.2 0.122459 0.122201
-4 5.4 -0.13003 -0.114391
-4 5.6 -0.147698 -0.090503
-4 5.8 0.172721 0.011852
-4 6 0.106366 -0.136336
-4 6.2 0.143572 0.0958256
-4 6.4 -0.0530817 -0.163837
-4 6.6 -0.0998405 -0.139754
-4 6.8 0.15268 -0.0774948
-4 7 -0.17062 -0.00196256
-4 7.2 -0.110216 0.129423
-4 7.4 -0.168924 0.011494
-4 7.6 0.112654 -0.12544
-4 7.8 -0.166415 0.0219409
-4 8 -0.0647432 0.154032
-4 8.2 -0.10286 0.130665
-4 8.4 -0.136529 -0.0935151
-4 8.6 0.163297 0.0211546
-4 8.8 -0.11905 -0.112544
-4 9 -0.122925 0.107018
-4 9.2 -0.0576738 0.151528
-4 9.4 -0.116025 0.112022
-4 9.6 -0.13658 -0.084147
-4 9.8 0.144722 -0.0671975
-3.8 -10 -0.157588 -0.0298105
-3.8 -9.8 0.0666584 -0.146879
-3.8 -9.6 0.0262432 0.160078
-3.8 -9.4 0.00542557 -0.163044
-3.8 -9.2 -0.142899 0.0805833
-3.8 -9 0.0302966 0.162167
-3.8 -8.8 0.0796154 0.145534
-3.8 -8.6 -0.02724 0.164558
-3.8 -8.4 -0.160365 -0.0490519
-3.8 -8.2 0.168461 -0.00663032
-3.8 -8 -0.118799 -0.120859
-3.8 -7.8 -0.164077 0.0457346
-3.8 -7.6 -0.171149 0.00284311
-3.8 -7.4 0.0126695 -0.171521
-3.8 -7.2 -0.0156691 0.172062
-3.8 -7 0.171975 0.0231242
-3.8 -6.8 0.165959 0.0530392
-3.8 -6.6 -0.117102 0.129889
-3.8 -6.4 0.175347 -0.00679245
-3.8 -6.2 0.168079 -0.0522249
-3.8 -6 -0.0164108 0.175687
-3.8 -5.8 0.170542 -0.0466414
-3.8 -5.6 0.165582 0.0626819
-3.8 -5.4 -0.146634 -0.0994371
-3.8 -5.2 -0.142344 -0.105449
-3.8 -5 0.134649 0.114825
-3.8 -4.8 0.0896414 0.152141
-3.8 -4.6 0.0552581 -0.167093
-3.8 -4.4 0.161617 0.067521
-3.8 -4.2 0.17403 -0.00116933
-3.8 -4 -0.093106 -0.145327
-3.8 -3.8 0.139243 0.0988976
-3.8 -3.6 -0.118084 0.120313
-3.8 -3.4 -0.159008 -0.0473632
-3.8 -3.2 -0.0690013 -0.147391
-3.8 -3 0.0881427 -0.132368
-3.8 -2.8 0.122069 0.0951119
-3.8 -2.6 -0.145799 -0.034877
-3.8 -2.4 0.0341896 0.140504
-3.8 -2.2 0.0416743 0.132648
-3.8 -2 -0.118432 -0.0620518
-3.8 -1.8 -0.107483 0.0724337
-3.8 -1.6 0.000858198 -0.129093
-3.8 -1.4 -0.0674466 -0.121281
-3.8 -1.2 0.0551149 0.18076
-3.8 -1 -0.151685 0.541506
-3.8 -0.8 -0.2273 0.900729
-3.8 -0.6 -0.25741 0.984794
-3.8 -0.4 -0.245066 0.963369
-3.8 -0.2 -0.243744 0.967567
-3.8 0 -0.241965 0.973172
-3.8 0.2 -0.243744 0.967567
-3.8 0.4 -0.245066 0.963369
-3.8 0.6 -0.25741 0.984794
-3.8 0.8 -0.2273 0.900729
-3.8 1 -0.151685 0.541506
-3.8 1.2 0.0551149 0.18076
-3.8 1.4 -0.0674466 -0.121281
-3.8 1.6 0.000858198 -0.129093
-3.8 1.8 -0.107483 0.0724337
-3.8 2 -0.118432 -0.0620518
-3.8 2.2 0.0416743 0.132648
-3.8 2.4 0.0341896 0.140504
-3.8 2.6 -0.145799 -0.034877
-3.8 2.8 0.122069 0.0951119
-3.8 3 0.0881427 -0.132368
-3.8 3.2 -0.0690013 -0.147391
-3.8 3.4 -0.159008 -0.0473632
-3.8 3.6 -0.118084 0.120313
-3.8 3.8 0.139243 0.0988976
-3.8 4 -0.093106 -0.145327
-3.8 4.2 0.17403 -0.00116933
-3.8 4.4 0.161617 0.067521
-3.8 4.6 0.0552581 -0.167093
-3.8 4.8 0.0896414 0.152141
-3.8 5 0.134649 0.114825
-3.8 5.2 -0.142344 -0.105449
-3.8 5.4 -0.146634 -0.0994371
-3.8 5.6 0.165582 0.0626819
-3.8 5.8 0.170542 -0.0466414
-3.8 6 -0.0164108 0.175687
-3.8 6.2 0.168079 -0.0522249
-3.8 6.4 0.175347 -0.00679245
-3.8 6.6 -0.117102 0.129889
-3.8 6.8 0.165959 0.0530392
-3.8 7 0.171975 0.0231242
-3.8 7.2 -0.0156691 0.172062
-3.8 7.4 0.0126695 -0.171521
-3.8 7.6 -0.171149 0.00284311
-3.8 7.8 -0.164077 0.0457346
-3.8 8 -0.118799 -0.120859
-3.8 8.2 0.168461 -0.00663032
-3.8 8.4 -0.160365 -0.0490519
-3.8 8.6 -0.02724 0.164558
-3.8 8.8 0.0796154 0.145534
-3.8 9 0.0302966 0.162167
-3.8 9.2 -0.142899 0.0805833
-3.8 9.4 0.00542557 -0.163044
-3.8 9.6 0.0262432 0.160078
-3.8 9.8 0.0666584 -0.146879
-3.6 -10 0.0868811 0.136796
-3.6 -9.8 0.0405413 0.157905
-3.6 -9.6 -0.112704 0.119143
-3.6 -9.4 -0.0987365 -0.132179
-3.6 -9.2 0.158295 0.0498916
-3.6 -9 -0.146387 -0.0802884
-3.6 -8.8 0.000713842 0.167945
-3.6 -8.6 0.15491 0.0673887
-3.6 -8.4 0.165421 0.0388256
-3.6 -8.2 0.0794198 0.151317
-3.6 -8 -0.171079 0.01638
-3.6 -7.8 0.17184 -0.0183541
-3.6 -7.6 -0.0740585 -0.157184
-3.6 -7.4 -0.148392 -0.0921511
-3.6 -7.2 -0.0298892 -0.17301
-3.6 -7 0.143884 0.102114
-3.6 -6.8 -0.0206313 -0.17606
-3.6 -6.6 -0.113134 -0.137484
-3.6 -6.4 0.100258 -0.148021
-3.6 -6.2 -0.119279 0.134066
-3.6 -6 0.0265434 0.178074
-3.6 -5.8 -0.172432 0.0535305
-3.6 -5.6 0.16373 0.0770581
-3.6 -5.4 0.139677 0.115504
-3.6 -5.2 -0.14379 -0.110593
-3.6 -5 -0.154153 -0.0956096
-3.6 -4.8 0.146426 0.106748
-3.6 -4.6 0.07534 0.164361
-3.6 -4.4 0.129303 -0.125451
-3.6 -4.2 0.0152526 0.178581
-3.6 -4 -0.066895 0.164929
-3.6 -3.8 0.0956869 0.148141
-3.6 -3.6 0.0928461 -0.147529
-3.6 -3.4 -0.149605 0.0844448
-3.6 -3.2 0.164442 -0.0378254
-3.6 -3 -0.157213 -0.0503941
-3.6 -2.8 -0.000114379 0.160817
-3.6 -2.6 0.095783 0.123003
-3.6 -2.4 -0.0582369 0.138657
-3.6 -2.2 0.0747458 -0.123638
-3.6 -2 0.0379814 -0.133293
-3.6 -1.8 -0.0110665 0.13328
-3.6 -1.6 -0.0530595 0.121063
-3.6 -1.4 0.139656 0.0146844
-3.6 -1.2 -0.163142 0.0939962
-3.6 -1 -0.548514 0.131391
-3.6 -0.8 -0.897693 0.26264
-3.6 -0.6 -0.965066 0.242278
-3.6 -0.4 -0.96659 0.268868
-3.6 -0.2 -0.967692 0.260617
-3.6 0 -0.966191 0.260145
-3.6 0.2 -0.967692 0.260617
-3.6 0.4 -0.96659 0.268868
-3.6 0.6 -0.965066 0.242278
-3.6 0.8 -0.897693 0.26264
-3.6 1 -0.548514 0.131391
-3.6 1.2 -0.163142 0.0939962
-3.6 1.4 0.139656 0.0146844
-3.6 1.6 -0.0530595 0.121063
-3.6 1.8 -0.0110665 0.13328
-3.6 2 0.0379814 -0.133293
-3.6 2.2 0.0747458 -0.123638
-3.6 2.4 -0.0582369 0.138657
-3.6 2.6 0.095783 0.123003
-3.6 2.8 -0.000114379 0.160817
-3.6 3 -0.157213 -0.0503941
-3.6 3.2 0.164442 -0.0378254
-3.6 3.4 -0.149605 0.0844448
-3.6 3.6 0.0928461 -0.147529
-3.6 3.8 0.0956869 0.148141
-3.6 4 -0.066895 0.164929
-3.6 4.2 0.0152526 0.178581
-3.6 4.4 0.129303 -0.125451
-3.6 4.6 0.07534 0.164361
-3.6 4.8 0.146426 0.106748
-3.6 5 -0.154153 -0.0956096
-3.6 5.2 -0.14379 -0.110593
-3.6 5.4 0.139677 0.115504
-3.6 5.6 0.16373 0.0770581
-3.6 5.8 -0.172432 0.0535305
-3.6 6 0.0265434 0.178074
-3.6 6.2 -0.119279 0.134066
-3.6 6.4 0.100258 -0.148021
-3.6 6.6 -0.113134 -0.137484
-3.6 6.8 -0.0206313 -0.17606
-3.6 7 0.143884 0.102114
-3.6 7.2 -0.0298892 -0.17301
-3.6 7.4 -0.148392 -0.0921511
-3.6 7.6 -0.0740585 -0.157184
-3.6 7.8 0.17184 -0.0183541
-3.6 8 -0.171079 0.01638
-3.6 8.2 0.0794198 0.151317
-3.6 8.4 0.165421 0.0388256
-3.6 8.6 0.15491 0.0673887
-3.6 8.8 0.000713842 0.167945
-3.6 9 -0.146387 -0.0802884
-3.6 9.2 0.158295 0.0498916
-3.6 9.4 -0.0987365 -0.132179
-3.6 9.6 -0.112704 0.119143
-3.6 9.8 0.0405413 0.157905
-3.4 -10 -0.0526161 0.15503
-3.4 -9.8 0.120288 0.112569
-3.4 -9.6 0.160544 0.0413483
-3.4 -9.4 0.151344 0.0701918
-3.4 -9.2 0.0386646 0.163368
-3.4 -9 -0.167412 0.0226632
-3.4 -8.8 0.11878 -0.121621
-3.4 -8.6 -0.141165 0.0966223
-3.4 -8.4 0.150256 0.0839769
-3.4 -8.2 0.147496 -0.0907812
-3.4 -8 0.145697 -0.0955869
-3.4 -7.8 0.154666 0.082527
-3.4 -7.6 -0.16186 0.0700002
-3.4 -7.4 0.177107 -0.00977072
-3.4 -7.2 0.0114489 -0.178018
-3.4 -7 0.00769027 -0.179205
-3.4 -6.8 0.180296 -0.00323362
-3.4 -6.6 -0.181236 0.001467
-3.4 -6.4 -0.0348209 0.178754
-3.4 -6.2 -0.11984 0.138211
-3.4 -6 0.0237482 -0.182142
-3.4 -5.8 -0.181854 -0.0302757
-3.4 -5.6 -0.1014 -0.154662
-3.4 -5.4 0.0634819 0.174204
-3.4 -5.2 0.0906806 0.162116
-3.4 -5 -0.138445 -0.124134
-3.4 -4.8 -0.165424 -0.0849549
-3.4 -4.6 0.157773 0.0980798
-3.4 -4.4 0.0557663 0.176755
-3.4 -4.2 0.179963 -0.0412699
-3.4 -4 -0.166743 0.0768516
-3.4 -3.8 -0.095848 -0.154943
-3.4 -3.6 -0.0342089 -0.177078
-3.4 -3.4 -0.0824935 -0.157749
-3.4 -3.2 -0.143979 -0.0996788
-3.4 -3 -0.156626 -0.0700697
-3.4 -2.8 -0.0829703 -0.145344
-3.4 -2.6 0.161571 -0.0163991
-3.4 -2.4 -0.123798 -0.0961176
-3.4 -2.2 -0.108963 -0.103799
-3.4 -2 0.103738 0.0999742
-3.4 -1.8 0.0464393 0.130384
-3.4 -1.6 0.12078 -0.0619302
-3.4 -1.4 -0.106536 0.0945284
-3.4 -1.2 -0.123351 -0.141517
-3.4 -1 -0.382908 -0.416666
-3.4 -0.8 -0.689884 -0.652341
-3.4 -0.6 -0.687647 -0.701313
-3.4 -0.4 -0.69329 -0.71704
-3.4 -0.2 -0.700784 -0.716936
-3.4 0 -0.698348 -0.713466
-3.4 0.2 -0.700784 -0.716936
-3.4 0.4 -0.69329 -0.71704
-3.4 0.6 -0.687647 -0.701313
-3.4 0.8 -0.689884 -0.652341
-3.4 1 -0.382908 -0.416666
-3.4 1.2 -0.123351 -0.141517
-3.4 1.4 -0.106536 0.0945284
-3.4 1.6 0.12078 -0.0619302
-3.4 1.8 0.0464393 0.130384
-3.4 2 0.103738 0.0999742
-3.4 2.2 -0.108963 -0.103799
-3.4 2.4 -0.123798 -0.0961176
-3.4 2.6 0.161571 -0.0163991
-3.4 2.8 -0.0829703 -0.145344
-3.4 3 -0.156626 -0.0700697
-3.4 3.2 -0.143979 -0.0996788
-3.4 3.4 -0.0824935 -0.157749
-3.4 3.6 -0.0342089 -0.177078
-3.4 3.8 -0.095848 -0.154943
-3.4 4 -0.166743 0.0768516
-3.4 4.2 0.179963 -0.0412699
-3.4 4.4 0.0557663 0.176755
-3.4 4.6 0.157773 0.0980798
-3.4 4.8 -0.165424 -0.0849549
-3.4 5 -0.138445 -0.124134
-3.4 5.2 0.0906806 0.162116
-3.4 5.4 0.0634819 0.174204
-3.4 5.6 -0.1014 -0.154662
-3.4 5.8 -0.181854 -0.0302757
-3.4 6 0.0237482 -0.182142
-3.4 6.2 -0.11984 0.138211
-3.4 6.4 -0.0348209 0.178754
-3.4 6.6 -0.181236 0.001467
-3.4 6.8 0.180296 -0.00323362
-3.4 7 0.00769027 -0.179205
-3.4 7.2 0.0114489 -0.178018
-3.4 7.4 0.177107 -0.00977072
-3.4 7.6 -0.16186 0.0700002
-3.4 7.8 0.154666 0.082527
-3.4 8 0.145697 -0.0955869
-3.4 8.2 0.147496 -0.0907812
-3.4 8.4 0.150256 0.0839769
-3.4 8.6 -0.141165 0.0966223
-3.4 8.8 0.11878 -0.121621
-3.4 9 -0.167412 0.0226632
-3.4 9.2 0.0386646 0.163368
-3.4 9.4 0.151344 0.0701918
-3.4 9.6 0.160544 0.0413483
-3.4 9.8 0.120288 0.112569
-3.2 -10 0.161987 -0.0332524
-3.2 -9.8 -0.155079 -0.0604728
-3.2 -9.6 0.00468415 0.167486
-3.2 -9.4 0.165178 0.0340984
-3.2 -9.2 0.151585 -0.0764672
-3.2 -9 0.155389 -0.0711626
-3.2 -8.8 0.161019 0.0606024
-3.2 -8.6 -0.0637344 0.161036
-3.2 -8.4 -0.056238 -0.165019
-3.2 -8.2 0.0228772 0.173993
-3.2 -8 0.151343 -0.0910943
-3.2 -7.8 0.0129688 -0.177321
-3.2 -7.6 0.0377105 -0.174923
-3.2 -7.4 0.179869 -0.00871959
-3.2 -7.2 -0.14671 0.106358
-3.2 -7 0.180633 0.0247145
-3.2 -6.8 0.127404 -0.131926
-3.2 -6.6 0.180937 -0.0358767
-3.2 -6.4 -0.0893623 0.162532
-3.2 -6.2 0.184327 -0.0280714
-3.2 -6 0.168946 -0.0810235
-3.2 -5.8 0.0434294 0.18314
-3.2 -5.6 0.115765 -0.149378
-3.2 -5.4 0.141493 -0.126284
-3.2 -5.2 -0.0940801 0.165304
-3.2 -5 0.017754 0.18978
-3.2 -4.8 -0.129608 -0.14009
-3.2 -4.6 -0.176144 -0.0735793
-3.2 -4.4 0.168691 0.0889486
-3.2 -4.2 0.0296013 0.187927
-3.2 -4 0.174925 0.0727767
-3.2 -3.8 -0.109429 -0.153241
-3.2 -3.6 0.174648 0.0660038
-3.2 -3.4 -0.111995 0.146743
-3.2 -3.2 -0.133982 -0.123033
-3.2 -3 0.163781 -0.0710675
-3.2 -2.8 -0.136452 0.108631
-3.2 -2.6 0.144796 0.0880563
-3.2 -2.4 0.122759 0.108273
-3.2 -2.2 -0.138582 -0.0741069
-3.2 -2 -0.132479 -0.0707868
-3.2 -1.8 0.0312067 0.140283
-3.2 -1.6 -0.120249 -0.0713783
-3.2 -1.4 0.0238767 -0.142855
-3.2 -1.2 0.120428 -0.143544
-3.2 -1 0.178392 -0.539178
-3.2 -0.8 0.226505 -0.943988
-3.2 -0.6 0.269097 -0.964531
-3.2 -0.4 0.281557 -0.963612
-3.2 -0.2 0.284642 -0.960793
-3.2 0 0.284898 -0.959754
-3.2 0.2 0.284642 -0.960793
-3.2 0.4 0.281557 -0.963612
-3.2 0.6 0.269097 -0.964531
-3.2 0.8 0.226505 -0.943988
-3.2 1 0.178392 -0.539178
-3.2 1.2 0.120428 -0.143544
-3.2 1.4 0.0238767 -0.142855
-3.2 1.6 -0.120249 -0.0713783
-3.2 1.8 0.0312067 0.140283
-3.2 2 -0.132479 -0.0707868
-3.2 2.2 -0.138582 -0.0741069
-3.2 2.4 0.122759 0.108273
-3.2 2.6 0.144796 0.0880563
-3.2 2.8 -0.136452 0.108631
-3.2 3 0.163781 -0.0710675
-3.2 3.2 -0.133982 -0.123033
-3.2 3.4 -0.111995 0.146743
-3.2 3.6 0.174648 0.0660038
-3.2 3.8 -0.109429 -0.153241
-3.2 4 0.174925 0.0727767
-3.2 4.2 0.0296013 0.187927
-3.2 4.4 0.168691 0.0889486
-3.2 4.6 -0.176144 -0.0735793
-3.2 4.8 -0.129608 -0.14009
-3.2 5 0.017754 0.18978
-3.2 5.2 -0.0940801 0.165304
-3.2 5.4 0.141493 -0.126284
-3.2 5.6 0.115765 -0.149378
-3.2 5.8 0.0434294 0.18314
-3.2 6 0.168946 -0.0810235
-3.2 6.2 0.184327 -0.0280714
-3.2 6.4 -0.0893623 0.162532
-3.2 6.6 0.180937 -0.0358767
-3.2 6.8 0.127404 -0.131926
-3.2 7 0.180633 0.0247145
-3.2 7.2 -0.14671 0.106358
-3.2 7.4 0.179869 -0.00871959
-3.2 7.6 0.0377105 -0.174923
-3.2 7.8 0.0129688 -0.177321
-3.2 8 0.151343 -0.0910943
-3.2 8.2 0.0228772 0.173993
-3.2 8.4 -0.056238 -0.165019
-3.2 8.6 -0.0637344 0.161036
-3.2 8.8 0.161019 0.0606024
-3.2 9 0.155389 -0.0711626
-3.2 9.2 0.151585 -0.0764672
-3.2 9.4 0.165178 0.0340984
-3.2 9.6 0.00468415 0.167486
-3.2 9.8 -0.155079 -0.0604728
-3 -10 0.0818254 0.14558
-3 -9.8 -0.162763 -0.0422022
-3 -9.6 0.169304 -0.000520314
-3 -9.4 -0.161791 -0.0537279
-3 -9.2 0.0525824 0.163415
-3 -9 0.165615 -0.0495424
-3 -8.8 0.07145 -0.15874
-3 -8.6 0.0522059 -0.167349
-3 -8.4 0.145195 -0.100417
-3 -8.2 0.111428 0.138524
-3 -8 -0.177252 -0.0251405
-3 -7.8 0.169992 0.0600251
-3 -7.6 -0.0029268 -0.181509
-3 -7.4 -0.137836 -0.120047
-3 -7.2 -0.0924307 -0.159135
-3 -7 0.161005 -0.0916604
-3 -6.8 -0.138328 0.125076
-3 -6.6 0.165269 0.0889626
-3 -6.4 0.187031 0.0262602
-3 -6.2 0.0198285 0.188965
-3 -6 -0.0197327 -0.190072
-3 -5.8 -0.184038 -0.0551599
-3 -5.6 -0.0621973 -0.182797
-3 -5.4 0.0404262 0.189704
-3 -5.2 0.129392 0.145527
-3 -5 -0.194614 0.0171926
-3 -4.8 -0.0722246 0.182054
-3 -4.6 -0.115939 -0.158229
-3 -4.4 -0.186321 -0.0615914
-3 -4.2 0.179207 0.0795082
-3 -4 -0.00447192 0.195504
-3 -3.8 0.0878462 0.173739
-3 -3.6 0.157429 -0.112294
-3 -3.4 -0.191346 -0.00876583
-3 -3.2 0.167944 0.0869334
-3 -3 -0.0603332 -0.175908
-3 -2.8 -0.178385 0.0361634
-3 -2.6 -0.176895 0.00952466
-3 -2.4 0.121914 -0.120361
-3 -2.2 -0.0155039 -0.163814
-3 -2 0.0635456 0.143672
-3 -1.8 -0.0781135 0.127771
-3 -1.6 -0.0508721 0.135356
-3 -1.4 0.048443 0.139576
-3 -1.2 0.15577 0.103914
-3 -1 0.560048 -0.106811
-3 -0.8 0.959059 -0.271695
-3 -0.6 0.989629 -0.218182
-3 -0.4 0.971432 -0.218699
-3 -0.2 0.976706 -0.218379
-3 0 0.975892 -0.220133
-3 0.2 0.976706 -0.218379
-3 0.4 0.971432 -0.218699
-3 0.6 0.989629 -0.218182
-3 0.8 0.959059 -0.271695
-3 1 0.560048 -0.106811
-3 1.2 0.15577 0.103914
-3 1.4 0.048443 0.139576
-3 1.6 -0.0508721 0.135356
-3 1.8 -0.0781135 0.127771
-3 2 0.0635456 0.143672
-3 2.2 -0.0155039 -0.163814
-3 2.4 0.121914 -0.120361
-3 2.6 -0.176895 0.00952466
-3 2.8 -0.178385 0.0361634
-3 3 -0.0603332 -0.175908
-3 3.2 0.167944 0.0869334
-3 3.4 -0.191346 -0.00876583
-3 3.6 0.157429 -0.112294
-3 3.8 0.0878462 0.173739
-3 4 -0.00447192 0.195504
-3 4.2 0.179207 0.0795082
-3 4.4 -0.186321 -0.0615914
-3 4.6 -0.115939 -0.158229
-3 4.8 -0.0722246 0.182054
-3 5 -0.194614 0.0171926
-3 5.2 0.129392 0.145527
-3 5.4 0.0404262 0.189704
-3 5.6 -0.0621973 -0.182797
-3 5.8 -0.184038 -0.0551599
-3 6 -0.0197327 -0.190072
-3 6.2 0.0198285 0.188965
-3 6.4 0.187031 0.0262602
-3 6.6 0.165269 0.0889626
-3 6.8 -0.138328 0.125076
-3 7 0.161005 -0.0916604
-3 7.2 -0.0924307 -0.159135
-3 7.4 -0.137836 -0.120047
-3 7.6 -0.0029268 -0.181509
-3 7.8 0.169992 0.0600251
-3 8 -0.177252 -0.0251405
-3 8.2 0.111428 0.138524
-3 8.4 0.145195 -0.100417
-3 8.6 0.0522059 -0.167349
-3 8.8 0.07145 -0.15874
-3 9 0.165615 -0.0495424
-3 9.2 0.0525824 0.163415
-3 9.4 -0.161791 -0.0537279
-3 9.6 0.169304 -0.000520314
-3 9.8 -0.162763 -0.0422022
-2.8 -10 0.145396 -0.0853903
-2.8 -9.8 0.151242 0.0772303
-2.8 -9.6 -0.0673616 0.157217
-2.8 -9.4 -0.111407 -0.13141
-2.8 -9.2 0.164625 0.0548912
-2.8 -9 -0.162785 -0.0637079
-2.8 -8.8 0.0862872 0.153507
-2.8 -8.6 0.133122 -0.117259
-2.8 -8.4 -0.0377862 -0.17468
-2.8 -8.2 -0.0875535 -0.157331
-2.8 -8 0.00295628 -0.181372
-2.8 -7.8 0.180562 -0.0282019
-2.8 -7.6 -0.105613 0.15081
-2.8 -7.4 0.134394 -0.127834
-2.8 -7.2 -0.162423 -0.0923697
-2.8 -7 -0.184886 0.0352668
-2.8 -6.8 -0.177903 -0.0655096
-2.8 -6.6 0.118149 -0.149986
-2.8 -6.4 -0.145876 0.125243
-2.8 -6.2 0.0958557 0.168171
-2.8 -6 0.0386846 0.190965
-2.8 -5.8 -0.181477 -0.0742262
-2.8 -5.6 0.0326323 0.194521
-2.8 -5.4 0.0231848 0.196974
-2.8 -5.2 -0.148577 -0.13289
-2.8 -5 -0.170545 0.104903
-2.8 -4.8 -0.110057 -0.168163
-2.8 -4.6 -0.159358 0.12341
-2.8 -4.4 -0.0956869 -0.17782
-2.8 -4.2 -0.195994 -0.0491166
-2.8 -4 0.189374 0.0699447
-2.8 -3.8 -0.0473432 0.195694
-2.8 -3.6 -0.0680503 0.188455
-2.8 -3.4 0.0759104 0.183813
-2.8 -3.2 0.194772 0.0278723
-2.8 -3 0.160863 -0.108273
-2.8 -2.8 0.177353 -0.0687074
-2.8 -2.6 0.00979936 0.185237
-2.8 -2.4 0.161224 -0.0793539
-2.8 -2.2 0.122393 0.121924
-2.8 -2 0.160914 -0.0358484
-2.8 -1.8 -0.136827 -0.0763189
-2.8 -1.6 0.120167 0.090038
-2.8 -1.4 -0.0875966 -0.123321
-2.8 -1.2 -0.0954386 0.161315
-2.8 -1 0.367274 0.439284
-2.8 -0.8 0.715265 0.730616
-2.8 -0.6 0.654668 0.74479
-2.8 -0.4 0.664213 0.747606
-2.8 -0.2 0.66565 0.744958
-2.8 0 0.667385 0.745049
-2.8 0.2 0.66565 0.744958
-2.8 0.4 0.664213 0.747606
-2.8 0.6 0.654668 0.74479
-2.8 0.8 0.715265 0.730616
-2.8 1 0.367274 0.439284
-2.8 1.2 -0.0954386 0.161315
-2.8 1.4 -0.0875966 -0.123321
-2.8 1.6 0.120167 0.090038
-2.8 1.8 -0.136827 -0.0763189
-2.8 2 0.160914 -0.0358484
-2.8 2.2 0.122393 0.121924
-2.8 2.4 0.161224 -0.0793539
-2.8 2.6 0.00979936 0.185237
-2.8 2.8 0.177353 -0.0687074
-2.8 3 0.160863 -0.108273
-2.8 3.2 0.194772 0.0278723
-2.8 3.4 0.0759104 0.183813
-2.8 3.6 -0.0680503 0.188455
-2.8 3.8 -0.0473432 0.195694
-2.8 4 0.189374 0.0699447
-2.8 4.2 -0.195994 -0.0491166
-2.8 4.4 -0.0956869 -0.17782
-2.8 4.6 -0.159358 0.12341
-2.8 4.8 -0.110057 -0.168163
-2.8 5 -0.170545 0.104903
-2.8 5.2 -0.148577 -0.13289
-2.8 5.4 0.0231848 0.196974
-2.8 5.6 0.0326323 0.194521
-2.8 5.8 -0.181477 -0.0742262
-2.8 6 0.0386846 0.190965
-2.8 6.2 0.0958557 0.168171
-2.8 6.4 -0.145876 0.125243
-2.8 6.6 0.118149 -0.149986
-2.8 6.8 -0.177903 -0.0655096
-2.8 7 -0.184886 0.0352668
-2.8 7.2 -0.162423 -0.0923697
-2.8 7.4 0.134394 -0.127834
-2.8 7.6 -0.105613 0.15081
-2.8 7.8 0.180562 -0.0282019
-2.8 8 0.00295628 -0.181372
-2.8 8.2 -0.0875535 -0.157331
-2.8 8.4 -0.0377862 -0.17468
-2.8 8.6 0.133122 -0.117259
-2.8 8.8 0.0862872 0.153507
-2.8 9 -0.162785 -0.0637079
-2.8 9.2 0.164625 0.0548912
-2.8 9.4 -0.111407 -0.13141
-2.8 9.6 -0.0673616 0.157217
-2.8 9.8 0.151242 0.0772303
-2.6 -10 0.0322256 0.167135
-2.6 -9.8 0.0778406 0.152789
-2.6 -9.6 0.0508445 0.165105
-2.6 -9.4 -0.0603748 0.163253
-2.6 -9.2 -0.175131 0.00939328
-2.6 -9 0.0142205 -0.176155
-2.6 -8.8 0.125199 0.126659
-2.6 -8.6 -0.153475 -0.093049
-2.6 -8.4 0.104698 0.147504
-2.6 -8.2 0.0858213 -0.160844
-2.6 -8 -0.131422 -0.128421
-2.6 -7.8 -0.177663 -0.0523199
-2.6 -7.6 -0.147936 -0.113861
-2.6 -7.4 0.068843 -0.175119
-2.6 -7.2 0.0890944 0.167431
-2.6 -7 -0.0543811 -0.183264
-2.6 -6.8 -0.168004 0.0943144
-2.6 -6.6 -0.0937666 0.17003
-2.6 -6.4 -0.187903 0.0545742
-2.6 -6.2 0.0734193 -0.182969
-2.6 -6 -0.172211 0.098941
-2.6 -5.8 -0.0565233 0.191887
-2.6 -5.6 -0.198014 0.0369044
-2.6 -5.4 0.198951 -0.0390649
-2.6 -5.2 0.0879646 -0.184062
-2.6 -5 0.190969 0.0749674
-2.6 -4.8 -0.0357962 -0.20306
-2.6 -4.6 0.122546 -0.16692
-2.6 -4.4 -0.207507 0.0104828
-2.6 -4.2 -0.0666974 -0.197267
-2.6 -4 -0.205235 -0.036302
-2.6 -3.8 0.19928 0.0604878
-2.6 -3.6 -0.0985542 0.182797
-2.6 -3.4 -0.198479 0.057253
-2.6 -3.2 -0.203524 -0.0232516
-2.6 -3 -0.148852 -0.137104
-2.6 -2.8 0.134565 -0.1466
-2.6 -2.6 -0.149648 0.124326
-2.6 -2.4 -0.0755619 0.173116
-2.6 -2.2 0.0424248 -0.176871
-2.6 -2 0.166582 -0.0489202
-2.6 -1.8 0.161645 -0.0311061
-2.6 -1.6 0.156032 -0.0140845
-2.6 -1.4 0.0926888 0.124909
-2.6 -1.2 -0.16044 -0.0980138
-2.6 -1 -0.206243 0.537081
-2.6 -0.8 -0.316924 0.990574
-2.6 -0.6 -0.316377 0.948777
-2.6 -0.4 -0.328225 0.946945
-2.6 -0.2 -0.325825 0.946062
-2.6 0 -0.326392 0.945564
-2.6 0.2 -0.325825 0.946062
-2.6 0.4 -0.328225 0.946945
-2.6 0.6 -0.316377 0.948777
-2.6 0.8 -0.316924 0.990574
-2.6 1 -0.206243 0.537081
-2.6 1.2 -0.16044 -0.0980138
-2.6 1.4 0.0926888 0.124909
-2.6 1.6 0.156032 -0.0140845
-2.6 1.8 0.161645 -0.0311061
-2.6 2 0.166582 -0.0489202
-2.6 2.2 0.0424248 -0.176871
-2.6 2.4 -0.0755619 0.173116
-2.6 2.6 -0.149648 0.124326
-2.6 2.8 0.134565 -0.1466
-2.6 3 -0.148852 -0.137104
-2.6 3.2 -0.203524 -0.0232516
-2.6 3.4 -0.198479 0.057253
-2.6 3.6 -0.0985542 0.182797
-2.6 3.8 0.19928 0.0604878
-2.6 4 -0.205235 -0.036302
-2.6 4.2 -0.0666974 -0.197267
-2.6 4.4 -0.207507 0.0104828
-2.6 4.6 0.122546 -0.16692
-2.6 4.8 -0.0357962 -0.20306
-2.6 5 0.190969 0.0749674
-2.6 5.2 0.0879646 -0.184062
-2.6 5.4 0.198951 -0.0390649
-2.6 5.6 -0.198014 0.0369044
-2.6 5.8 -0.0565233 0.191887
-2.6 6 -0.172211 0.098941
-2.6 6.2 0.0734193 -0.182969
-2.6 6.4 -0.187903 0.0545742
-2.6 6.6 -0.0937666 0.17003
-2.6 6.8 -0.168004 0.0943144
-2.6 7 -0.0543811 -0.183264
-2.6 7.2 0.0890944 0.167431
-2.6 7.4 0.068843 -0.175119
-2.6 7.6 -0.147936 -0.113861
-2.6 7.8 -0.177663 -0.0523199
-2.6 8 -0.131422 -0.128421
-2.6 8.2 0.0858213 -0.160844
-2.6 8.4 0.104698 0.147504
-2.6 8.6 -0.153475 -0.093049
-2.6 8.8 0.125199 0.126659
-2.6 9 0.0142205 -0.176155
-2.6 9.2 -0.175131 0.00939328
-2.6 9.4 -0.0603748 0.163253
-2.6 9.6 0.0508445 0.165105
-2.6 9.8 0.0778406 0.152789
-2.4 -10 0.144022 0.0936417
-2.4 -9.8 0.102806 -0.139272
-2.4 -9.6 -0.0787692 -0.155653
-2.4 -9.4 -0.159821 -0.0732698
-2.4 -9.2 -0.173083 -0.0380114
-2.4 -9 -0.157574 -0.0841253
-2.4 -8.8 -0.0509373 -0.172711
-2.4 -8.6 0.158405 -0.0886678
-2.4 -8.4 0.0260628 0.181159
-2.4 -8.2 -0.120957 -0.139371
-2.4 -8 0.106742 0.152418
-2.4 -7.8 0.0403953 -0.183241
-2.4 -7.6 -0.18329 -0.0470178
-2.4 -7.4 -0.171785 0.0830977
-2.4 -7.2 -0.186301 0.0482612
-2.4 -7 -0.118751 -0.153521
-2.4 -6.8 0.19571 -0.00336597
-2.4 -6.6 -0.194045 -0.0362346
-2.4 -6.4 -0.0082462 0.198893
-2.4 -6.2 0.0673271 0.189099
-2.4 -6 -0.13363 0.151991
-2.4 -5.8 0.044318 -0.199148
-2.4 -5.6 -0.203795 0.0274047
-2.4 -5.4 -0.204015 0.0361808
-2.4 -5.2 0.0564497 -0.200932
-2.4 -5 -0.207665 0.0322116
-2.4 -4.8 -0.199425 -0.0704001
-2.4 -4.6 0.192555 0.0903452
-2.4 -4.4 0.194062 0.0895874
-2.4 -4.2 -0.171332 -0.129196
-2.4 -4 -0.0265833 -0.213518
-2.4 -3.8 -0.21416 -0.0233242
-2.4 -3.6 0.209051 0.051429
-2.4 -3.4 -0.154504 0.149
-2.4 -3.2 -0.14546 -0.15613
-2.4 -3 0.173462 -0.120796
-2.4 -2.8 -0.082427 0.191448
-2.4 -2.6 0.204349 -0.00318055
-2.4 -2.4 0.162934 0.1142
-2.4 -2.2 0.0269054 -0.190143
-2.4 -2 0.0653342 0.171487
-2.4 -1.8 -0.169922 -0.0362811
-2.4 -1.6 0.162549 -0.0241809
-2.4 -1.4 -0.0529478 -0.151797
-2.4 -1.2 0.11404 -0.150841
-2.4 -1 -0.572636 0.0813074
-2.4 -0.8 -1.02578 0.175838
-2.4 -0.6 -0.98852 0.168569
-2.4 -0.4 -0.986227 0.175009
-2.4 -0.2 -0.984109 0.176251
-2.4 0 -0.984502 0.176108
-2.4 0.2 -0.984109 0.176251
-2.4 0.4 -0.986227 0.175009
-2.4 0.6 -0.98852 0.168569
-2.4 0.8 -1.02578 0.175838
-2.4 1 -0.572636 0.0813074
-2.4 1.2 0.11404 -0.150841
-2.4 1.4 -0.0529478 -0.151797
-2.4 1.6 0.162549 -0.0241809
-2.4 1.8 -0.169922 -0.0362811
-2.4 2 0.0653342 0.171487
-2.4 2.2 0.0269054 -0.190143
-2.4 2.4 0.162934 0.1142
-2.4 2.6 0.204349 -0.00318055
-2.4 2.8 -0.082427 0.191448
-2.4 3 0.173462 -0.120796
-2.4 3.2 -0.14546 -0.15613
-2.4 3.4 -0.154504 0.149
-2.4 3.6 0.209051 0.051429
-2.4 3.8 -0.21416 -0.0233242
-2.4 4 -0.0265833 -0.213518
-2.4 4.2 -0.171332 -0.129196
-2.4 4.4 0.194062 0.0895874
-2.4 4.6 0.192555 0.0903452
-2.4 4.8 -0.199425 -0.0704001
-2.4 5 -0.207665 0.0322116
-2.4 5.2 0.0564497 -0.200932
-2.4 5.4 -0.204015 0.0361808
-2.4 5.6 -0.203795 0.0274047
-2.4 5.8 0.044318 -0.199148
-2.4 6 -0.13363 0.151991
-2.4 6.2 0.0673271 0.189099
-2.4 6.4 -0.0082462 0.198893
-2.4 6.6 -0.194045 -0.0362346
-2.4 6.8 0.19571 -0.00336597
-2.4 7 -0.118751 -0.153521
-2.4 7.2 -0.186301 0.0482612
-2.4 7.4 -0.171785 0.0830977
-2.4 7.6 -0.18329 -0.0470178
-2.4 7.8 0.0403953 -0.183241
-2.4 8 0.106742 0.152418
-2.4 8.2 -0.120957 -0.139371
-2.4 8.4 0.0260628 0.181159
-2.4 8.6 0.158405 -0.0886678
-2.4 8.8 -0.0509373 -0.172711
-2.4 9 -0.157574 -0.0841253
-2.4 9.2 -0.173083 -0.0380114
-2.4 9.4 -0.159821 -0.0732698
-2.4 9.6 -0.0787692 -0.155653
-2.4 9.8 0.102806 -0.139272
-2.2 -10 -0.167342 -0.0451935
-2.2 -9.8 0.131352 0.1152
-2.2 -9.6 -0.00570231 -0.176023
-2.2 -9.4 -0.16352 0.0691639
-2.2 -9.2 0.0629079 0.167587
-2.2 -9 0.179259 0.0210721
-2.2 -8.8 0.158483 -0.089505
-2.2 -8.6 0.146052 -0.111186
-2.2 -8.4 0.178962 -0.047409
-2.2 -8.2 0.143086 0.119996
-2.2 -8 -0.119792 0.145384
-2.2 -7.8 -0.045349 -0.184556
-2.2 -7.6 0.0874305 0.170647
-2.2 -7.4 0.00862912 -0.193272
-2.2 -7.2 -0.191358 0.038611
-2.2 -7 -0.082213 0.179014
-2.2 -6.8 -0.0835569 0.180375
-2.2 -6.6 -0.199384 0.0221206
-2.2 -6.4 0.0891111 -0.181776
-2.2 -6.2 -0.125102 0.161506
-2.2 -6 0.169249 0.117689
-2.2 -5.8 0.189715 0.0852719
-2.2 -5.6 -0.0496661 0.203879
-2.2 -5.4 0.0439619 -0.207047
-2.2 -5.2 -0.186888 -0.103118
-2.2 -5 -0.0541042 -0.20827
-2.2 -4.8 0.0593586 0.208559
-2.2 -4.6 0.169624 0.137573
-2.2 -4.4 -0.213534 0.0522068
-2.2 -4.2 -0.0898808 0.201976
-2.2 -4 -0.0271567 -0.220427
-2.2 -3.8 0.0266756 -0.221222
-2.2 -3.6 -0.222943 -0.0104024
-2.2 -3.4 0.218864 0.0431507
-2.2 -3.2 -0.20534 0.0853619
-2.2 -3 0.115257 -0.188481
-2.2 -2.8 -0.136144 0.170957
-2.2 -2.6 0.138684 0.164283
-2.2 -2.4 -0.113161 0.176915
-2.2 -2.2 0.129929 0.156382
-2.2 -2 -0.0270288 -0.192816
-2.2 -1.8 -0.0681369 0.171254
-2.2 -1.6 0.140368 0.101849
-2.2 -1.4 -0.060651 0.155798
-2.2 -1.2 0.125477 0.14382
-2.2 -1 -0.351475 -0.463691
-2.2 -0.8 -0.621254 -0.808454
-2.2 -0.6 -0.637668 -0.769157
-2.2 -0.4 -0.631911 -0.774564
-2.2 -0.2 -0.633468 -0.773884
-2.2 0 -0.633214 -0.774137
-2.2 0.2 -0.633468 -0.773884
-2.2 0.4 -0.631911 -0.774564
-2.2 0.6 -0.637668 -0.769157
-2.2 0.8 -0.621254 -0.808454
-2.2 1 -0.351475 -0.463691
-2.2 1.2 0.125477 0.14382
-2.2 1.4 -0.060651 0.155798
-2.2 1.6 0.140368 0.101849
-2.2 1.8 -0.0681369 0.171254
-2.2 2 -0.0270288 -0.192816
-2.2 2.2 0.129929 0.156382
-2.2 2.4 -0.113161 0.176915
-2.2 2.6 0.138684 0.164283
-2.2 2.8 -0.136144 0.170957
-2.2 3 0.115257 -0.188481
-2.2 3.2 -0.20534 0.0853619
-2.2 3.4 0.218864 0.0431507
-2.2 3.6 -0.222943 -0.0104024
-2.2 3.8 0.0266756 -0.221222
-2.2 4 -0.0271567 -0.220427
-2.2 4.2 -0.0898808 0.201976
-2.2 4.4 -0.213534 0.0522068
-2.2 4.6 0.169624 0.137573
-2.2 4.8 0.0593586 0.208559
-2.2 5 -0.0541042 -0.20827
-2.2 5.2 -0.186888 -0.103118
-2.2 5.4 0.0439619 -0.207047
-2.2 5.6 -0.0496661 0.203879
-2.2 5.8 0.189715 0.0852719
-2.2 6 0.169249 0.117689
-2.2 6.2 -0.125102 0.161506
-2.2 6.4 0.0891111 -0.181776
-2.2 6.6 -0.199384 0.0221206
-2.2 6.8 -0.0835569 0.180375
-2.2 7 -0.082213 0.179014
-2.2 7.2 -0.191358 0.038611
-2.2 7.4 0.00862912 -0.193272
-2.2 7.6 0.0874305 0.170647
-2.2 7.8 -0.045349 -0.184556
-2.2 8 -0.119792 0.145384
-2.2 8.2 0.143086 0.119996
-2.2 8.4 0.178962 -0.047409
-2.2 8.6 0.146052 -0.111186
-2.2 8.8 0.158483 -0.089505
-2.2 9 0.179259 0.0210721
-2.2 9.2 0.0629079 0.167587
-2.2 9.4 -0.16352 0.0691639
-2.2 9.6 -0.00570231 -0.176023
-2.2 9.8 0.131352 0.1152
-2 -10 -0.153099 -0.0844758
-2 -9.8 0.174222 -0.0269226
-2 -9.6 -0.156677 0.0839511
-2 -9.4 0.158018 -0.0846119
-2 -9.2 -0.179224 0.0235949
-2 -9 0.149063 0.104997
-2 -8.8 0.0359481 -0.180376
-2 -8.6 -0.181208 -0.0399086
-2 -8.4 -0.121185 0.142699
-2 -8.2 -0.0227552 0.187536
-2 -8 -0.0140544 0.190126
-2 -7.8 -0.109085 0.158506
-2 -7.6 -0.19107 -0.0348481
-2 -7.4 0.0809053 -0.178594
-2 -7.2 0.0355066 0.194733
-2 -7 -0.00151189 -0.199852
-2 -6.8 -0.17072 0.10761
-2 -6.6 0.0409582 0.199626
-2 -6.4 0.083598 0.188049
-2 -6.2 -0.0903248 0.187174
-2 -6 -0.125439 -0.168277
-2 -5.8 0.0894327 0.192168
-2 -5.6 0.198719 -0.079529
-2 -5.4 0.204149 -0.070941
-2 -5.2 0.029797 0.21615
-2 -5 0.0843007 -0.203464
-2 -4.8 -0.0244156 -0.220889
-2 -4.6 0.221311 0.0356291
-2 -4.4 -0.0227959 -0.224834
-2 -4.2 0.189771 -0.125788
-2 -4 -0.18523 -0.134948
-2 -3.8 0.166479 -0.159312
-2 -3.6 0.0932379 -0.211728
-2 -3.4 -0.231835 0.00217943
-2 -3.2 0.228947 0.0361733
-2 -3 -0.230597 -0.0138645
-2 -2.8 0.198157 0.115416
-2 -2.6 0.182461 -0.134108
-2 -2.4 0.154613 0.159405
-2 -2.2 0.210225 -0.048853
-2 -2 -0.146568 -0.146674
-2 -1.8 -0.114735 0.159563
-2 -1.6 -0.141214 0.118347
-2 -1.4 0.175104 0.00350863
-2 -1.2 -0.180196 0.070602
-2 -1 0.236093 -0.536133
-2 -0.8 0.388355 -0.906639
-2 -0.6 0.369459 -0.925515
-2 -0.4 0.366641 -0.930362
-2 -0.2 0.367543 -0.929893
-2 0 0.367481 -0.930098
-2 0.2 0.367543 -0.929893
-2 0.4 0.366641 -0.930362
-2 0.6 0.369459 -0.925515
-2 0.8 0.388355 -0.906639
-2 1 0.236093 -0.536133
-2 1.2 -0.180196 0.070602
-2 1.4 0.175104 0.00350863
-2 1.6 -0.141214 0.118347
-2 1.8 -0.114735 0.159563
-2 2 -0.146568 -0.146674
-2 2.2 0.210225 -0.048853
-2 2.4 0.154613 0.159405
-2 2.6 0.182461 -0.134108
-2 2.8 0.198157 0.115416
-2 3 -0.230597 -0.0138645
-2 3.2 0.228947 0.0361733
-2 3.4 -0.231835 0.00217943
-2 3.6 0.0932379 -0.211728
-2 3.8 0.166479 -0.159312
-2 4 -0.18523 -0.134948
-2 4.2 0.189771 -0.125788
-2 4.4 -0.0227959 -0.224834
-2 4.6 0.221311 0.0356291
-2 4.8 -0.0244156 -0.220889
-2 5 0.0843007 -0.203464
-2 5.2 0.029797 0.21615
-2 5.4 0.204149 -0.070941
-2 5.6 0.198719 -0.079529
-2 5.8 0.0894327 0.192168
-2 6 -0.125439 -0.168277
-2 6.2 -0.0903248 0.187174
-2 6.4 0.083598 0.188049
-2 6.6 0.0409582 0.199626
-2 6.8 -0.17072 0.10761
-2 7 -0.00151189 -0.199852
-2 7.2 0.0355066 0.194733
-2 7.4 0.0809053 -0.178594
-2 7.6 -0.19107 -0.0348481
-2 7.8 -0.109085 0.158506
-2 8 -0.0140544 0.190126
-2 8.2 -0.0227552 0.187536
-2 8.4 -0.121185 0.142699
-2 8.6 -0.181208 -0.0399086
-2 8.8 0.0359481 -0.180376
-2 9 0.149063 0.104997
-2 9.2 -0.179224 0.0235949
-2 9.4 0.158018 -0.0846119
-2 9.6 -0.156677 0.0839511
-2 9.8 0.174222 -0.0269226
-1.8 -10 0.0374138 0.172334
-1.8 -9.8 -0.167018 0.0610771
-1.8 -9.6 -0.0373744 -0.175418
-1.8 -9.4 0.176322 0.0404874
-1.8 -9.2 -0.151086 0.102373
-1.8 -9 0.0864294 -0.162586
-1.8 -8.8 -0.0652621 0.17396
-1.8 -8.6 0.107516 -0.153618
-1.8 -8.4 -0.180785 0.0559756
-1.8 -8.2 0.133516 0.136638
-1.8 -8 0.137377 -0.135377
-1.8 -7.8 -0.0534053 -0.187279
-1.8 -7.6 -0.141779 -0.136289
-1.8 -7.4 -0.134904 -0.145782
-1.8 -7.2 -0.0110763 -0.200325
-1.8 -7 0.196408 -0.0500376
-1.8 -6.8 -0.0604029 0.195667
-1.8 -6.6 0.0175864 -0.20617
-1.8 -6.4 -0.142581 0.152953
-1.8 -6.2 0.146504 0.152301
-1.8 -6 0.201447 0.0709915
-1.8 -5.8 0.11211 0.184496
-1.8 -5.6 -0.215273 0.0357037
-1.8 -5.4 0.220362 0.00941901
-1.8 -5.2 0.0491689 -0.217435
-1.8 -5 0.116269 -0.192967
-1.8 -4.8 0.0837862 0.211656
-1.8 -4.6 0.169037 -0.155895
-1.8 -4.4 0.22117 -0.0707185
-1.8 -4.2 -0.220145 0.080369
-1.8 -4 -0.203985 0.119422
-1.8 -3.8 0.213746 -0.105104
-1.8 -3.6 0.2273 0.0762036
-1.8 -3.4 0.168182 -0.172489
-1.8 -3.2 -0.241182 0.0140341
-1.8 -3 0.239582 0.031235
-1.8 -2.8 -0.196287 -0.139401
-1.8 -2.6 -0.176316 0.160956
-1.8 -2.4 -0.220212 -0.0825974
-1.8 -2.2 -0.118568 0.196697
-1.8 -2 0.215989 -0.0497332
-1.8 -1.8 -0.0467804 -0.205431
-1.8 -1.6 0.150449 -0.127487
-1.8 -1.4 0.0602022 -0.175005
-1.8 -1.2 0.0299078 -0.195165
-1.8 -1 0.587906 -0.0544603
-1.8 -0.8 0.965089 -0.132697
-1.8 -0.6 0.993136 -0.129345
-1.8 -0.4 0.990748 -0.132342
-1.8 -0.2 0.991153 -0.132219
-1.8 0 0.991237 -0.132221
-1.8 0.2 0.991153 -0.132219
-1.8 0.4 0.990748 -0.132342
-1.8 0.6 0.993136 -0.129345
-1.8 0.8 0.965089 -0.132697
-1.8 1 0.587906 -0.0544603
-1.8 1.2 0.0299078 -0.195165
-1.8 1.4 0.0602022 -0.175005
-1.8 1.6 0.150449 -0.127487
-1.8 1.8 -0.0467804 -0.205431
-1.8 2 0.215989 -0.0497332
-1.8 2.2 -0.118568 0.196697
-1.8 2.4 -0.220212 -0.0825974
-1.8 2.6 -0.176316 0.160956
-1.8 2.8 -0.196287 -0.139401
-1.8 3 0.239582 0.031235
-1.8 3.2 -0.241182 0.0140341
-1.8 3.4 0.168182 -0.172489
-1.8 3.6 0.2273 0.0762036
-1.8 3.8 0.213746 -0.105104
-1.8 4 -0.203985 0.119422
-1.8 4.2 -0.220145 0.080369
-1.8 4.4 0.22117 -0.0707185
-1.8 4.6 0.169037 -0.155895
-1.8 4.8 0.0837862 0.211656
-1.8 5 0.116269 -0.192967
-1.8 5.2 0.0491689 -0.217435
-1.8 5.4 0.220362 0.00941901
-1.8 5.6 -0.215273 0.0357037
-1.8 5.8 0.11211 0.184496
-1.8 6 0.201447 0.0709915
-1.8 6.2 0.146504 0.152301
-1.8 6.4 -0.142581 0.152953
-1.8 6.6 0.0175864 -0.20617
-1.8 6.8 -0.0604029 0.195667
-1.8 7 0.196408 -0.0500376
-1.8 7.2 -0.0110763 -0.200325
-1.8 7.4 -0.134904 -0.145782
-1.8 7.6 -0.141779 -0.136289
-1.8 7.8 -0.0534053 -0.187279
-1.8 8 0.137377 -0.135377
-1.8 8.2 0.133516 0.136638
-1.8 8.4 -0.180785 0.0559756
-1.8 8.6 0.107516 -0.153618
-1.8 8.8 -0.0652621 0.17396
-1.8 9 0.0864294 -0.162586
-1.8 9.2 -0.151086 0.102373
-1.8 9.4 0.176322 0.0404874
-1.8 9.6 -0.0373744 -0.175418
-1.8 9.8 -0.167018 0.0610771
-1.6 -10 -0.171677 0.0462819
-1.6 -9.8 -0.176202 -0.0334341
-1.6 -9.6 -0.115775 -0.139031
-1.6 -9.4 0.044756 -0.176968
-1.6 -9.2 0.183055 -0.0204688
-1.6 -9 0.0338107 0.182793
-1.6 -8.8 -0.187374 -0.00985657
-1.6 -8.6 0.109482 -0.154573
-1.6 -8.4 0.00751827 0.1911
-1.6 -8.2 -0.0603769 -0.183444
-1.6 -8 0.0371666 0.191476
-1.6 -7.8 0.0712699 -0.183684
-1.6 -7.6 -0.196204 0.0335529
-1.6 -7.4 0.0403553 0.197042
-1.6 -7.2 0.193352 0.0627046
-1.6 -7 0.203227 -0.0301708
-1.6 -6.8 0.207557 0.00767277
-1.6 -6.6 0.126616 0.167535
-1.6 -6.4 -0.179333 0.113732
-1.6 -6.2 0.074546 -0.201419
-1.6 -6 -0.126488 0.176619
-1.6 -5.8 0.208138 0.0705298
-1.6 -5.6 0.202374 -0.092078
-1.6 -5.4 0.224698 0.0107936
-1.6 -5.2 -0.070326 0.21648
-1.6 -5 0.11518 -0.199438
-1.6 -4.8 -0.153459 -0.175352
-1.6 -4.6 -0.0165961 -0.235148
-1.6 -4.4 0.101333 0.215824
-1.6 -4.2 0.24104 0.00427764
-1.6 -4 -0.0110915 0.243389
-1.6 -3.8 0.246039 0.00379181
-1.6 -3.6 -0.0883338 0.232047
-1.6 -3.4 -0.00874065 0.250068
-1.6 -3.2 0.235546 -0.0888125
-1.6 -3 -0.251468 0.0246039
-1.6 -2.8 0.251087 0.0294264
-1.6 -2.6 -0.064785 -0.243374
-1.6 -2.4 -0.00101568 -0.249396
-1.6 -2.2 -0.169553 0.176738
-1.6 -2 0.136132 -0.19489
-1.6 -1.8 -0.226643 0.0141456
-1.6 -1.6 -0.116529 -0.178003
-1.6 -1.4 -0.0107612 -0.197297
-1.6 -1.2 0.122589 0.161911
-1.6 -1 0.336101 0.492022
-1.6 -0.8 0.616938 0.791868
-1.6 -0.6 0.597062 0.802923
-1.6 -0.4 0.59858 0.801301
-1.6 -0.2 0.598376 0.801202
-1.6 0 0.598363 0.801231
-1.6 0.2 0.598376 0.801202
-1.6 0.4 0.59858 0.801301
-1.6 0.6 0.597062 0.802923
-1.6 0.8 0.616938 0.791868
-1.6 1 0.336101 0.492022
-1.6 1.2 0.122589 0.161911
-1.6 1.4 -0.0107612 -0.197297
-1.6 1.6 -0.116529 -0.178003
-1.6 1.8 -0.226643 0.0141456
-1.6 2 0.136132 -0.19489
-1.6 2.2 -0.169553 0.176738
-1.6 2.4 -0.00101568 -0.249396
-1.6 2.6 -0.064785 -0.243374
-1.6 2.8 0.251087 0.0294264
-1.6 3 -0.251468 0.0246039
-1.6 3.2 0.235546 -0.0888125
-1.6 3.4 -0.00874065 0.250068
-1.6 3.6 -0.0883338 0.232047
-1.6 3.8 0.246039 0.00379181
-1.6 4 -0.0110915 0.243389
-1.6 4.2 0.24104 0.00427764
-1.6 4.4 0.101333 0.215824
-1.6 4.6 -0.0165961 -0.235148
-1.6 4.8 -0.153459 -0.175352
-1.6 5 0.11518 -0.199438
-1.6 5.2 -0.070326 0.21648
-1.6 5.4 0.224698 0.0107936
-1.6 5.6 0.202374 -0.092078
-1.6 5.8 0.208138 0.0705298
-1.6 6 -0.126488 0.176619
-1.6 6.2 0.074546 -0.201419
-1.6 6.4 -0.179333 0.113732
-1.6 6.6 0.126616 0.167535
-1.6 6.8 0.207557 0.00767277
-1.6 7 0.203227 -0.0301708
-1.6 7.2 0.193352 0.0627046
-1.6 7.4 0.0403553 0.197042
-1.6 7.6 -0.196204 0.0335529
-1.6 7.8 0.0712699 -0.183684
-1.6 8 0.0371666 0.191476
-1.6 8.2 -0.0603769 -0.183444
-1.6 8.4 0.00751827 0.1911
-1.6 8.6 0.109482 -0.154573
-1.6 8.8 -0.187374 -0.00985657
-1.6 9 0.0338107 0.182793
-1.6 9.2 0.183055 -0.0204688
-1.6 9.4 0.044756 -0.176968
-1.6 9.6 -0.115775 -0.139031
-1.6 9.8 -0.176202 -0.0334341
-1.4 -10 -0.0711431 0.164503
-1.4 -9.8 0.0097688 0.180556
-1.4 -9.6 0.056588 0.173456
-1.4 -9.4 0.0653505 0.172141
-1.4 -9.2 0.0337232 0.182762
-1.4 -9 -0.0447726 0.182191
-1.4 -8.8 -0.151176 0.114136
-1.4 -8.6 -0.181912 -0.0591389
-1.4 -8.4 0.000437633 -0.193194
-1.4 -8.2 0.195149 0.00190161
-1.4 -8 -0.0695905 0.184488
-1.4 -7.8 -0.0936456 -0.175875
-1.4 -7.6 0.162666 0.118729
-1.4 -7.4 -0.166788 -0.116736
-1.4 -7.2 0.101044 0.179333
-1.4 -7 0.0887608 -0.188291
-1.4 -6.8 -0.195987 -0.0769574
-1.4 -6.6 -0.167934 0.131047
-1.4 -6.4 -0.108433 0.186284
-1.4 -6.2 -0.165934 0.141611
-1.4 -6 -0.201695 -0.0898962
-1.4 -5.8 0.16685 -0.14881
-1.4 -5.6 -0.13767 0.179722
-1.4 -5.4 0.229062 -0.0100749
-1.4 -5.2 0.0986133 -0.210268
-1.4 -5 0.145379 -0.184976
-1.4 -4.8 0.166833 0.170226
-1.4 -4.6 -0.128785 -0.204265
-1.4 -4.4 -0.244262 0.0133831
-1.4 -4.2 -0.134795 -0.20792
-1.4 -4 0.0649791 0.242371
-1.4 -3.8 0.0851136 0.23932
-1.4 -3.6 -0.101396 -0.236105
-1.4 -3.4 0.00894826 -0.259552
-1.4 -3.2 -0.262138 0.00162938
-1.4 -3 0.259895 0.0470273
-1.4 -2.8 -0.263347 0.033037
-1.4 -2.6 0.263746 0.032428
-1.4 -2.4 0.152849 -0.21606
-1.4 -2.2 0.063609 0.253751
-1.4 -2 -0.211921 0.14315
-1.4 -1.8 0.0590264 -0.238823
-1.4 -1.6 0.0456597 -0.226911
-1.4 -1.4 0.143807 -0.157824
-1.4 -1.2 -0.188849 -0.0945666
-1.4 -1 -0.270088 0.538472
-1.4 -0.8 -0.422076 0.919643
-1.4 -0.6 -0.407309 0.912215
-1.4 -0.4 -0.408246 0.912953
-1.4 -0.2 -0.408197 0.912894
-1.4 0 -0.408192 0.912895
-1.4 0.2 -0.408197 0.912894
-1.4 0.4 -0.408246 0.912953
-1.4 0.6 -0.407309 0.912215
-1.4 0.8 -0.422076 0.919643
-1.4 1 -0.270088 0.538472
-1.4 1.2 -0.188849 -0.0945666
-1.4 1.4 0.143807 -0.157824
-1.4 1.6 0.0456597 -0.226911
-1.4 1.8 0.0590264 -0.238823
-1.4 2 -0.211921 0.14315
-1.4 2.2 0.063609 0.253751
-1.4 2.4 0.152849 -0.21606
-1.4 2.6 0.263746 0.032428
-1.4 2.8 -0.263347 0.033037
-1.4 3 0.259895 0.0470273
-1.4 3.2 -0.262138 0.00162938
-1.4 3.4 0.00894826 -0.259552
-1.4 3.6 -0.101396 -0.236105
-1.4 3.8 0.0851136 0.23932
-1.4 4 0.0649791 0.242371
-1.4 4.2 -0.134795 -0.20792
-1.4 4.4 -0.244262 0.0133831
-1.4 4.6 -0.128785 -0.204265
-1.4 4.8 0.166833 0.170226
-1.4 5 0.145379 -0.184976
-1.4 5.2 0.0986133 -0.210268
-1.4 5.4 0.229062 -0.0100749
-1.4 5.6 -0.13767 0.179722
-1.4 5.8 0.16685 -0.14881
-1.4 6 -0.201695 -0.0898962
-1.4 6.2 -0.165934 0.141611
-1.4 6.4 -0.108433 0.186284
-1.4 6.6 -0.167934 0.131047
-1.4 6.8 -0.195987 -0.0769574
-1.4 7 0.0887608 -0.188291
-1.4 7.2 0.101044 0.179333
-1.4 7.4 -0.166788 -0.116736
-1.4 7.6 0.162666 0.118729
-1.4 7.8 -0.0936456 -0.175875
-1.4 8 -0.0695905 0.184488
-1.4 8.2 0.195149 0.00190161
-1.4 8.4 0.000437633 -0.193194
-1.4 8.6 -0.181912 -0.0591389
-1.4 8.8 -0.151176 0.114136
-1.4 9 -0.0447726 0.182191
-1.4 9.2 0.0337232 0.182762
-1.4 9.4 0.0653505 0.172141
-1.4 9.6 0.056588 0.173456
-1.4 9.8 0.0097688 0.180556
-1.2 -10 0.0497121 -0.173634
-1.2 -9.8 -0.155629 -0.094849
-1.2 -9.6 -0.152989 0.102122
-1.2 -9.4 -0.00434271 0.185623
-1.2 -9.2 0.127311 0.137589
-1.2 -9 0.183128 0.0478771
-1.2 -8.8 0.19026 -0.0185704
-1.2 -8.6 0.188458 -0.0420766
-1.2 -8.4 0.194213 -0.0184541
-1.2 -8.2 0.188576 0.057461
-1.2 -8 0.11231 0.164576
-1.2 -7.8 -0.0756864 0.186657
-1.2 -7.6 -0.201916 -0.0265721
-1.2 -7.4 0.0481542 -0.200257
-1.2 -7.2 0.155146 0.139061
-1.2 -7 -0.21016 -0.0164315
-1.2 -6.8 0.211951 -0.0242633
-1.2 -6.6 -0.211784 -0.0422182
-1.2 -6.4 0.107376 0.190469
-1.2 -6.2 0.180188 -0.128714
-1.2 -6 -0.0143222 -0.223859
-1.2 -5.8 -0.0772216 -0.213767
-1.2 -5.6 0.0412576 -0.226629
-1.2 -5.4 0.233378 0.00807073
-1.2 -5.2 -0.183986 0.149041
-1.2 -5 0.230965 -0.0657356
-1.2 -4.8 -0.0456657 -0.239271
-1.2 -4.6 -0.0623822 -0.239128
-1.2 -4.4 0.240273 -0.0717393
-1.2 -4.2 -0.25376 0.0186294
-1.2 -4 -0.157536 0.204544
-1.2 -3.8 -0.210289 -0.156157
-1.2 -3.6 -0.0649721 0.257582
-1.2 -3.4 -0.268651 0.0183641
-1.2 -3.2 -0.0648996 0.264885
-1.2 -3 0.0741108 -0.265702
-1.2 -2.8 0.183229 0.209679
-1.2 -2.6 -0.277695 0.0379549
-1.2 -2.4 0.277591 0.0429351
-1.2 -2.2 0.275384 0.0488571
-1.2 -2 0.0971568 -0.258055
-1.2 -1.8 0.0169182 -0.26718
-1.2 -1.6 -0.182378 0.176666
-1.2 -1.4 -0.00573118 0.233851
-1.2 -1.2 0.195712 0.106839
-1.2 -1 -0.609997 0.0251648
-1.2 -0.8 -0.986511 0.0918243
-1.2 -0.6 -0.995674 0.0882955
-1.2 -0.4 -0.996083 0.0882854
-1.2 -0.2 -0.996096 0.0882781
-1.2 0 -0.996096 0.0882786
-1.2 0.2 -0.996096 0.0882781
-1.2 0.4 -0.996083 0.0882854
-1.2 0.6 -0.995674 0.0882955
-1.2 0.8 -0.986511 0.0918243
-1.2 1 -0.609997 0.0251648
-1.2 1.2 0.195712 0.106839
-1.2 1.4 -0.00573118 0.233851
-1.2 1.6 -0.182378 0.176666
-1.2 1.8 0.0169182 -0.26718
-1.2 2 0.0971568 -0.258055
-1.2 2.2 0.275384 0.0488571
-1.2 2.4 0.277591 0.0429351
-1.2 2.6 -0.277695 0.0379549
-1.2 2.8 0.183229 0.209679
-1.2 3 0.0741108 -0.265702
-1.2 3.2 -0.0648996 0.264885
-1.2 3.4 -0.268651 0.0183641
-1.2 3.6 -0.0649721 0.257582
-1.2 3.8 -0.210289 -0.156157
-1.2 4 -0.157536 0.204544
-1.2 4.2 -0.25376 0.0186294
-1.2 4.4 0.240273 -0.0717393
-1.2 4.6 -0.0623822 -0.239128
-1.2 4.8 -0.0456657 -0.239271
-1.2 5 0.230965 -0.0657356
-1.2 5.2 -0.183986 0.149041
-1.2 5.4 0.233378 0.00807073
-1.2 5.6 0.0412576 -0.226629
-1.2 5.8 -0.0772216 -0.213767
-1.2 6 -0.0143222 -0.223859
-1.2 6.2 0.180188 -0.128714
-1.2 6.4 0.107376 0.190469
-1.2 6.6 -0.211784 -0.0422182
-1.2 6.8 0.211951 -0.0242633
-1.2 7 -0.21016 -0.0164315
-1.2 7.2 0.155146 0.139061
-1.2 7.4 0.0481542 -0.200257
-1.2 7.6 -0.201916 -0.0265721
-1.2 7.8 -0.0756864 0.186657
-1.2 8 0.11231 0.164576
-1.2 8.2 0.188576 0.057461
-1.2 8.4 0.194213 -0.0184541
-1.2 8.6 0.188458 -0.0420766
-1.2 8.8 0.19026 -0.0185704
-1.2 9 0.183128 0.0478771
-1.2 9.2 0.127311 0.137589
-1.2 9.4 -0.00434271 0.185623
-1.2 9.6 -0.152989 0.102122
-1.2 9.8 -0.155629 -0.094849
-1 -10 0.149507 -0.103704
-1 -9.8 -0.163852 -0.0829353
-1 -9.6 -0.01986 0.184318
-1 -9.4 0.18603 -0.0206554
-1 -9.2 -0.0330299 -0.186104
-1 -9 -0.190331 0.0147798
-1 -8.8 -0.037411 0.189188
-1 -8.6 0.154539 0.118688
-1 -8.4 0.190527 -0.0497804
-1 -8.2 0.115703 -0.161972
-1 -8 0.0315363 -0.198764
-1 -7.8 -0.0112659 -0.203205
-1 -7.6 0.000451322 -0.205857
-1 -7.4 0.0718853 -0.195476
-1 -7.2 0.179606 -0.110305
-1 -7 0.190989 0.0951037
-1 -6.8 -0.0597151 0.207613
-1 -6.6 -0.191066 -0.106612
-1 -6.4 0.205602 -0.0828391
-1 -6.2 -0.159558 0.158115
-1 -6 0.183391 -0.134975
-1 -5.8 -0.229421 -0.0260642
-1 -5.6 0.0102318 0.233981
-1 -5.4 0.203748 0.122301
-1 -5.2 0.223858 0.0897873
-1 -5 0.100149 0.223466
-1 -4.8 -0.244658 0.0446797
-1 -4.6 0.238938 -0.0821384
-1 -4.4 -0.167828 -0.194309
-1 -4.2 -0.236524 -0.110291
-1 -4 0.052765 -0.260016
-1 -3.8 -0.110599 0.246046
-1 -3.6 0.0377406 0.27167
-1 -3.4 -0.245767 -0.131697
-1 -3.2 -0.267669 0.0929297
-1 -3 0.261421 -0.120157
-1 -2.8 0.164453 0.241025
-1 -2.6 -0.0400679 0.292582
-1 -2.4 -0.295616 0.0369927
-1 -2.2 0.291775 0.0654221
-1 -2 -0.0316294 0.295977
-1 -1.8 -0.229507 -0.181064
-1 -1.6 -0.212106 -0.183813
-1 -1.4 0.259542 0.0178102
-1 -1.2 -0.0684135 -0.230337
-1 -1 -0.322818 -0.530387
-1 -0.8 -0.55784 -0.829923
-1 -0.6 -0.562363 -0.826803
-1 -0.4 -0.562379 -0.82688
-1 -0.2 -0.562379 -0.82688
-1 0 -0.562379 -0.82688
-1 0.2 -0.562379 -0.82688
-1 0.4 -0.562379 -0.82688
-1 0.6 -0.562363 -0.826803
-1 0.8 -0.55784 -0.829923
-1 1 -0.322818 -0.530387
-1 1.2 -0.0684135 -0.230337
-1 1.4 0.259542 0.0178102
-1 1.6 -0.212106 -0.183813
-1 1.8 -0.229507 -0.181064
-1 2 -0.0316294 0.295977
-1 2.2 0.291775 0.0654221
-1 2.4 -0.295616 0.0369927
-1 2.6 -0.0400679 0.292582
-1 2.8 0.164453 0.241025
-1 3 0.261421 -0.120157
-1 3.2 -0.267669 0.0929297
-1 3.4 -0.245767 -0.131697
-1 3.6 0.0377406 0.27167
-1 3.8 -0.110599 0.246046
-1 4 0.052765 -0.260016
-1 4.2 -0.236524 -0.110291
-1 4.4 -0.167828 -0.194309
-1 4.6 0.238938 -0.0821384
-1 4.8 -0.244658 0.0446797
-1 5 0.100149 0.223466
-1 5.2 0.223858 0.0897873
-1 5.4 0.203748 0.122301
-1 5.6 0.0102318 0.233981
-1 5.8 -0.229421 -0.0260642
-1 6 0.183391 -0.134975
-1 6.2 -0.159558 0.158115
-1 6.4 0.205602 -0.0828391
-1 6.6 -0.191066 -0.106612
-1 6.8 -0.0597151 0.207613
-1 7 0.190989 0.0951037
-1 7.2 0.179606 -0.110305
-1 7.4 0.0718853 -0.195476
-1 7.6 0.000451322 -0.205857
-1 7.8 -0.0112659 -0.203205
-1 8 0.0315363 -0.198764
-1 8.2 0.115703 -0.161972
-1 8.4 0.190527 -0.0497804
-1 8.6 0.154539 0.118688
-1 8.8 -0.037411 0.189188
-1 9 -0.190331 0.0147798
-1 9.2 -0.0330299 -0.186104
-1 9.4 0.18603 -0.0206554
-1 9.6 -0.01986 0.184318
-1 9.8 -0.163852 -0.0829353
-0.8 -10 -0.10888 -0.147399
-0.8 -9.8 0.0452665 0.179368
-0.8 -9.6 0.0457654 -0.181088
-0.8 -9.4 -0.142322 0.123786
-0.8 -9.2 0.190505 0.00223616
-0.8 -9 -0.124443 -0.146829
-0.8 -8.8 -0.0556728 0.186343
-0.8 -8.6 0.194636 -0.0274015
-0.8 -8.4 -0.0795726 -0.182066
-0.8 -8.2 -0.174912 0.0988337
-0.8 -8 0.0853738 0.184378
-0.8 -7.8 0.203061 -0.0318407
-0.8 -7.6 0.0685741 -0.19635
-0.8 -7.4 -0.103138 -0.183505
-0.8 -7.2 -0.190799 -0.0949416
-0.8 -7 -0.213776 -0.0296513
-0.8 -6.8 -0.217264 -0.0243962
-0.8 -6.6 -0.203044 -0.0886243
-0.8 -6.4 -0.108132 -0.196819
-0.8 -6.2 0.118466 -0.194468
-0.8 -6 0.207083 0.102312
-0.8 -5.8 -0.176036 0.154741
-0.8 -5.6 0.0476152 -0.233107
-0.8 -5.4 -0.0350985 0.239047
-0.8 -5.2 0.167807 -0.179136
-0.8 -5 -0.214839 -0.126802
-0.8 -4.8 -0.231863 0.102856
-0.8 -4.6 -0.235967 0.104374
-0.8 -4.4 -0.205953 -0.162877
-0.8 -4.2 0.264551 -0.0384113
-0.8 -4 -0.242122 -0.124533
-0.8 -3.8 -0.25711 0.104175
-0.8 -3.6 -0.216645 -0.181679
-0.8 -3.4 0.172913 0.23061
-0.8 -3.2 0.218222 0.196805
-0.8 -3 -0.23697 -0.183229
-0.8 -2.8 -0.0550876 -0.300173
-0.8 -2.6 -0.242769 -0.193736
-0.8 -2.4 -0.298563 0.101911
-0.8 -2.2 -0.31827 0.0258553
-0.8 -2 0.302748 0.107456
-0.8 -1.8 -0.262256 -0.182927
-0.8 -1.6 -0.0357773 -0.310007
-0.8 -1.4 -0.112964 0.271097
-0.8 -1.2 -0.264396 -0.0306688
-0.8 -1 0.315158 -0.551154
-0.8 -0.8 0.448467 -0.892246
-0.8 -0.6 0.448128 -0.89397
-0.8 0.6 0.448128 -0.89397
-0.8 0.8 0.448467 -0.892246
-0.8 1 0.315158 -0.551154
-0.8 1.2 -0.264396 -0.0306688
-0.8 1.4 -0.112964 0.271097
-0.8 1.6 -0.0357773 -0.310007
-0.8 1.8 -0.262256 -0.182927
-0.8 2 0.302748 0.107456
-0.8 2.2 -0.31827 0.0258553
-0.8 2.4 -0.298563 0.101911
-0.8 2.6 -0.242769 -0.193736
-0.8 2.8 -0.0550876 -0.300173
-0.8 3 -0.23697 -0.183229
-0.8 3.2 0.218222 0.196805
-0.8 3.4 0.172913 0.23061
-0.8 3.6 -0.216645 -0.181679
-0.8 3.8 -0.25711 0.104175
-0.8 4 -0.242122 -0.124533
-0.8 4.2 0.264551 -0.0384113
-0.8 4.4 -0.205953 -0.162877
-0.8 4.6 -0.235967 0.104374
-0.8 4.8 -0.231863 0.102856
-0.8 5 -0.214839 -0.126802
-0.8 5.2 0.167807 -0.179136
-0.8 5.4 -0.0350985 0.239047
-0.8 5.6 0.0476152 -0.233107
-0.8 5.8 -0.176036 0.154741
-0.8 6 0.207083 0.102312
-0.8 6.2 0.118466 -0.194468
-0.8 6.4 -0.108132 -0.196819
-0.8 6.6 -0.203044 -0.0886243
-0.8 6.8 -0.217264 -0.0243962
-0.8 7 -0.213776 -0.0296513
-0.8 7.2 -0.190799 -0.0949416
-0.8 7.4 -0.103138 -0.183505
-0.8 7.6 0.0685741 -0.19635
-0.8 7.8 0.203061 -0.0318407
-0.8 8 0.0853738 0.184378
-0.8 8.2 -0.174912 0.0988337
-0.8 8.4 -0.0795726 -0.182066
-0.8 8.6 0.194636 -0.0274015
-0.8 8.8 -0.0556728 0.186343
-0.8 9 -0.124443 -0.146829
-0.8 9.2 0.190505 0.00223616
-0.8 9.4 -0.142322 0.123786
-0.8 9.6 0.0457654 -0.181088
-0.8 9.8 0.0452665 0.179368
-0.6 -10 0.179824 0.0412969
-0.6 -9.8 -0.186283 -0.00173398
-0.6 -9.6 0.186612 -0.0238348
-0.6 -9.4 -0.187017 0.0336507
-0.6 -9.2 0.190146 -0.0263956
-0.6 -9 -0.193979 9.63053e-05
-0.6 -8.8 0.190379 0.0468183
-0.6 -8.6 -0.164191 -0.110999
-0.6 -8.4 0.0966166 0.175571
-0.6 -8.2 0.0200704 -0.201687
-0.6 -8 -0.152745 0.136792
-0.6 -7.8 0.204806 0.0332533
-0.6 -7.6 -0.0732381 -0.196835
-0.6 -7.4 -0.162989 0.136569
-0.6 -7.2 0.161445 0.142536
-0.6 -7 0.153648 -0.154913
-0.6 -6.8 -0.106846 -0.193595
-0.6 -6.6 -0.224077 -0.00660922
-0.6 -6.4 -0.168701 0.152409
-0.6 -6.2 -0.0838725 0.214872
-0.6 -6 -0.0555781 0.22742
-0.6 -5.8 -0.108588 0.211464
-0.6 -5.6 -0.217065 0.105808
-0.6 -5.4 -0.196159 -0.147484
-0.6 -5.2 0.157363 -0.193669
-0.6 -5 0.0693573 0.244205
-0.6 -4.8 -0.14307 -0.215176
-0.6 -4.6 0.0417661 0.259824
-0.6 -4.4 0.240261 -0.119108
-0.6 -4.2 0.0562796 -0.267573
-0.6 -4 0.114864 -0.254221
-0.6 -3.8 0.264904 0.104564
-0.6 -3.6 -0.278815 -0.0830587
-0.6 -3.4 -0.128749 0.268043
-0.6 -3.2 -0.284107 0.108457
-0.6 -3 0.308727 -0.0386387
-0.6 -2.8 0.313146 0.0576265
-0.6 -2.6 -0.0803289 -0.315754
-0.6 -2.4 0.1279 0.30764
-0.6 -2.2 -0.141738 -0.309175
-0.6 -2 -0.345965 -0.00369216
-0.6 -1.8 0.29871 0.181385
-0.6 -1.6 0.306277 0.165031
-0.6 -1.4 -0.312014 0.123838
-0.6 -1.2 -0.170057 -0.253607
-0.6 -1 0.655135 0.0106703
-0.6 -0.8 0.999023 -0.0441824
-0.6 0.8 0.999023 -0.0441824
-0.6 1 0.655135 0.0106703
-0.6 1.2 -0.170057 -0.253607
-0.6 1.4 -0.312014 0.123838
-0.6 1.6 0.306277 0.165031
-0.6 1.8 0.29871 0.181385
-0.6 2 -0.345965 -0.00369216
-0.6 2.2 -0.141738 -0.309175
-0.6 2.4 0.1279 0.30764
-0.6 2.6 -0.0803289 -0.315754
-0.6 2.8 0.313146 0.0576265
-0.6 3 0.308727 -0.0386387
-0.6 3.2 -0.284107 0.108457
-0.6 3.4 -0.128749 0.268043
-0.6 3.6 -0.278815 -0.0830587
-0.6 3.8 0.264904 0.104564
-0.6 4 0.114864 -0.254221
-0.6 4.2 0.0562796 -0.267573
-0.6 4.4 0.240261 -0.119108
-0.6 4.6 0.0417661 0.259824
-0.6 4.8 -0.14307 -0.215176
-0.6 5 0.0693573 0.244205
-0.6 5.2 0.157363 -0.193669
-0.6 5.4 -0.196159 -0.147484
-0.6 5.6 -0.217065 0.105808
-0.6 5.8 -0.108588 0.211464
-0.6 6 -0.0555781 0.22742
-0.6 6.2 -0.0838725 0.214872
-0.6 6.4 -0.168701 0.152409
-0.6 6.6 -0.224077 -0.00660922
-0.6 6.8 -0.106846 -0.193595
-0.6 7 0.153648 -0.154913
-0.6 7.2 0.161445 0.142536
-0.6 7.4 -0.162989 0.136569
-0.6 7.6 -0.0732381 -0.196835
-0.6 7.8 0.204806 0.0332533
-0.6 8 -0.152745 0.136792
-0.6 8.2 0.0200704 -0.201687
-0.6 8.4 0.0966166 0.175571
-0.6 8.6 -0.164191 -0.110999
-0.6 8.8 0.190379 0.0468183
-0.6 9 -0.193979 9.63053e-05
-0.6 9.2 0.190146 -0.0263956
-0.6 9.4 -0.187017 0.0336507
-0.6 9.6 0.186612 -0.0238348
-0.6 9.8 -0.186283 -0.00173398
-0.4 -10 0.168011 0.0791265
-0.4 -9.8 -0.179209 0.0552723
-0.4 -9.6 0.105402 -0.157389
-0.4 -9.4 0.00571296 0.191277
-0.4 -9.2 -0.106624 -0.161308
-0.4 -9 0.171239 0.0941731
-0.4 -8.8 -0.196682 -0.0185681
-0.4 -8.6 0.19432 -0.046291
-0.4 -8.4 -0.17965 0.09243
-0.4 -8.2 0.165959 -0.119295
-0.4 -8 -0.162011 0.128563
-0.4 -7.8 0.17162 -0.119889
-0.4 -7.6 -0.19256 0.0886051
-0.4 -7.4 0.213001 -0.0268367
-0.4 -7.2 -0.206529 -0.0682304
-0.4 -7 0.134535 0.174631
-0.4 -6.8 0.023126 -0.222299
-0.4 -6.6 -0.195973 0.113927
-0.4 -6.4 0.188236 0.132167
-0.4 -6.2 0.0905746 -0.215184
-0.4 -6 -0.215914 -0.09795
-0.4 -5.8 -0.158988 0.180967
-0.4 -5.6 0.0623267 0.236797
-0.4 -5.4 0.195547 0.154206
-0.4 -5.2 0.233895 0.0975432
-0.4 -5 0.220936 0.133302
-0.4 -4.8 0.103354 0.241732
-0.4 -4.6 -0.185025 0.193931
-0.4 -4.4 -0.152841 -0.226769
-0.4 -4.2 0.26342 0.0925955
-0.4 -4 -0.246438 -0.143798
-0.4 -3.8 -0.0343122 0.289784
-0.4 -3.6 0.196819 0.224698
-0.4 -3.4 0.0593803 0.300244
-0.4 -3.2 -0.289724 -0.120794
-0.4 -3 0.0528388 0.31789
-0.4 -2.8 -0.0528042 0.326908
-0.4 -2.6 0.137821 -0.311446
-0.4 -2.4 0.347748 -0.0438306
-0.4 -2.2 0.345329 -0.104393
-0.4 -2 0.370913 0.0086315
-0.4 -1.8 -0.374289 -0.0680873
-0.4 -1.6 0.242133 0.301992
-0.4 -1.4 0.217419 -0.318857
-0.4 -1.2 -0.273237 0.240087
-0.4 -1 0.320649 0.609597
-0.4 1 0.320649 0.609597
-0.4 1.2 -0.273237 0.240087
-0.4 1.4 0.217419 -0.318857
-0.4 1.6 0.242133 0.301992
-0.4 1.8 -0.374289 -0.0680873
-0.4 2 0.370913 0.0086315
-0.4 2.2 0.345329 -0.104393
-0.4 2.4 0.347748 -0.0438306
-0.4 2.6 0.137821 -0.311446
-0.4 2.8 -0.0528042 0.326908
-0.4 3 0.0528388 0.31789
-0.4 3.2 -0.289724 -0.120794
-0.4 3.4 0.0593803 0.300244
-0.4 3.6 0.196819 0.224698
-0.4 3.8 -0.0343122 0.289784
-0.4 4 -0.246438 -0.143798
-0.4 4.2 0.26342 0.0925955
-0.4 4.4 -0.152841 -0.226769
-0.4 4.6 -0.185025 0.193931
-0.4 4.8 0.103354 0.241732
-0.4 5 0.220936 0.133302
-0.4 5.2 0.233895 0.0975432
-0.4 5.4 0.195547 0.154206
-0.4 5.6 0.0623267 0.236797
-0.4 5.8 -0.158988 0.180967
-0.4 6 -0.215914 -0.09795
-0.4 6.2 0.0905746 -0.215184
-0.4 6.4 0.188236 0.132167
-0.4 6.6 -0.195973 0.113927
-0.4 6.8 0.023126 -0.222299
-0.4 7 0.134535 0.174631
-0.4 7.2 -0.206529 -0.0682304
-0.4 7.4 0.213001 -0.0268367
-0.4 7.6 -0.19256 0.0886051
-0.4 7.8 0.17162 -0.119889
-0.4 8 -0.162011 0.128563
-0.4 8.2 0.165959 -0.119295
-0.4 8.4 -0.17965 0.09243
-0.4 8.6 0.19432 -0.046291
-0.4 8.8 -0.196682 -0.0185681
-0.4 9 0.171239 0.0941731
-0.4 9.2 -0.106624 -0.161308
-0.4 9.4 0.00571296 0.191277
-0.4 9.6 0.105402 -0.157389
-0.4 9.8 -0.179209 0.0552723
-0.2 -10 0.00629649 -0.186762
-0.2 -9.8 0.171825 0.078087
-0.2 -9.6 -0.144287 0.124632
-0.2 -9.4 -0.0456244 -0.187166
-0.2 -9.2 0.187189 0.0535389
-0.2 -9 -0.147034 0.130824
-0.2 -8.8 -0.0220947 -0.197764
-0.2 -8.6 0.170613 0.106743
-0.2 -8.4 -0.195498 0.0568298
-0.2 -8.2 0.100374 -0.179904
-0.2 -8 0.0418697 0.204271
-0.2 -7.8 -0.157194 -0.140931
-0.2 -7.6 0.210643 0.0367201
-0.2 -7.4 -0.206978 0.0639271
-0.2 -7.2 0.170983 -0.137712
-0.2 -7 -0.128676 0.181619
-0.2 -6.8 0.0985242 -0.203116
-0.2 -6.6 -0.0911167 0.210153
-0.2 -6.4 0.111662 -0.203941
-0.2 -6.2 -0.15936 0.174235
-0.2 -6 0.218433 -0.099208
-0.2 -5.8 -0.240801 -0.0386124
-0.2 -5.6 0.144955 0.201286
-0.2 -5.4 0.0959387 -0.233496
-0.2 -5.2 -0.25609 -0.022377
-0.2 -5 -0.018639 0.261288
-0.2 -4.8 0.248024 0.0991927
-0.2 -4.6 0.237872 -0.133159
-0.2 -4.4 0.156068 -0.230582
-0.2 -4.2 0.16554 -0.231552
-0.2 -4 0.273274 -0.100788
-0.2 -3.8 0.182412 0.236107
-0.2 -3.6 -0.301553 0.0518793
-0.2 -3.4 0.299417 -0.0952035
-0.2 -3.2 -0.247672 -0.207415
-0.2 -3 -0.332365 0.0139267
-0.2 -2.8 -0.198617 -0.279762
-0.2 -2.6 0.1928 0.297456
-0.2 -2.4 0.277608 0.239891
-0.2 -2.2 -0.206592 -0.319484
-0.2 -2 0.395117 0.00817307
-0.2 -1.8 -0.403115 0.0800432
-0.2 -1.6 -0.377852 -0.199208
-0.2 -1.4 0.0193827 0.440851
-0.2 -1.2 -0.0548411 0.440194
-0.2 -1 -0.425246 0.63261
-0.2 1 -0.425246 0.63261
-0.2 1.2 -0.0548411 0.440194
-0.2 1.4 0.0193827 0.440851
-0.2 1.6 -0.377852 -0.199208
-0.2 1.8 -0.403115 0.0800432
-0.2 2 0.395117 0.00817307
-0.2 2.2 -0.206592 -0.319484
-0.2 2.4 0.277608 0.239891
-0.2 2.6 0.1928 0.297456
-0.2 2.8 -0.198617 -0.279762
-0.2 3 -0.332365 0.0139267
-0.2 3.2 -0.247672 -0.207415
-0.2 3.4 0.299417 -0.0952035
-0.2 3.6 -0.301553 0.0518793
-0.2 3.8 0.182412 0.236107
-0.2 4 0.273274 -0.100788
-0.2 4.2 0.16554 -0.231552
-0.2 4.4 0.156068 -0.230582
-0.2 4.6 0.237872 -0.133159
-0.2 4.8 0.248024 0.0991927
-0.2 5 -0.018639 0.261288
-0.2 5.2 -0.25609 -0.022377
-0.2 5.4 0.0959387 -0.233496
-0.2 5.6 0.144955 0.201286
-0.2 5.8 -0.240801 -0.0386124
-0.2 6 0.218433 -0.099208
-0.2 6.2 -0.15936 0.174235
-0.2 6.4 0.111662 -0.203941
-0.2 6.6 -0.0911167 0.210153
-0.2 6.8 0.0985242 -0.203116
-0.2 7 -0.128676 0.181619
-0.2 7.2 0.170983 -0.137712
-0.2 7.4 -0.206978 0.0639271
-0.2 7.6 0.210643 0.0367201
-0.2 7.8 -0.157194 -0.140931
-0.2 8 0.0418697 0.204271
-0.2 8.2 0.100374 -0.179904
-0.2 8.4 -0.195498 0.0568298
-0.2 8.6 0.170613 0.106743
-0.2 8.8 -0.0220947 -0.197764
-0.2 9 -0.147034 0.130824
-0.2 9.2 0.187189 0.0535389
-0.2 9.4 -0.0456244 -0.187166
-0.2 9.6 -0.144287 0.124632
-0.2 9.8 0.171825 0.078087
0 -10 0.15526 0.105964
0 -9.8 -0.113203 0.152444
0 -9.6 -0.14644 -0.123934
0 -9.4 0.13789 -0.136281
0 -9.2 0.120702 0.154379
0 -9 -0.172064 0.0982251
0 -8.8 -0.0673656 -0.188698
0 -8.6 0.200861 -0.0270499
0 -8.4 -0.0226881 0.20381
0 -8.2 -0.191647 -0.079678
0 -8 0.138331 -0.158166
0 -7.8 0.098798 0.188469
0 -7.6 -0.215116 0.0139976
0 -7.4 0.0861748 -0.200743
0 -7.2 0.131833 0.177951
0 -7 -0.224345 0.010669
0 -6.8 0.130684 -0.186671
0 -6.6 0.0520434 0.225354
0 -6.4 -0.19538 -0.130332
0 -6.2 0.237907 -0.0182728
0 -6 -0.194345 0.145103
0 -5.8 0.11305 -0.219239
0 -5.6 -0.0367075 0.248321
0 -5.4 -0.0111824 -0.255361
0 -5.2 0.0203677 0.259656
0 -5 0.0168191 -0.265054
0 -4.8 -0.10679 0.24911
0 -4.6 0.229113 -0.155379
0 -4.4 -0.275163 -0.066202
0 -4.2 0.0574101 0.283882
0 -4 0.285 -0.0825994
0 -3.8 0.0152314 -0.303992
0 -3.6 -0.200691 -0.23972
0 -3.4 -0.242756 -0.210955
0 -3.2 -0.0980702 -0.31655
0 -3 0.309469 -0.14586
0 -2.8 -0.173267 0.30864
0 -2.6 0.35154 -0.105684
0 -2.4 0.246256 -0.291733
0 -2.2 0.234487 0.322023
0 -2 0.403868 -0.104814
0 -1.8 -0.437476 -0.0371257
0 -1.6 0.181817 0.427505
0 -1.4 -0.241377 -0.432111
0 -1.2 -0.509627 0.153716
0 -1 -1 7.83864e-14
0 1 -1 7.83864e-14
0 1.2 -0.509627 0.153716
0 1.4 -0.241377 -0.432111
0 1.6 0.181817 0.427505
0 1.8 -0.437476 -0.0371257
0 2 0.403868 -0.104814
0 2.2 0.234487 0.322023
0 2.4 0.246256 -0.291733
0 2.6 0.35154 -0.105684
0 2.8 -0.173267 0.30864
0 3 0.309469 -0.14586
0 3.2 -0.0980702 -0.31655
0 3.4 -0.242756 -0.210955
0 3.6 -0.200691 -0.23972
0 3.8 0.0152314 -0.303992
0 4 0.285 -0.0825994
0 4.2 0.0574101 0.283882
0 4.4 -0.275163 -0.066202
0 4.6 0.229113 -0.155379
0 4.8 -0.10679 0.24911
0 5 0.0168191 -0.265054
0 5.2 0.0203677 0.259656
0 5.4 -0.0111824 -0.255361
0 5.6 -0.0367075 0.248321
0 5.8 0.11305 -0.219239
0 6 -0.194345 0.145103
0 6.2 0.237907 -0.0182728
0 6.4 -0.19538 -0.130332
0 6.6 0.0520434 0.225354
0 6.8 0.130684 -0.186671
0 7 -0.224345 0.010669
0 7.2 0.131833 0.177951
0 7.4 0.0861748 -0.200743
0 7.6 -0.215116 0.0139976
0 7.8 0.098798 0.188469
0 8 0.138331 -0.158166
0 8.2 -0.191647 -0.079678
0 8.4 -0.0226881 0.20381
0 8.6 0.200861 -0.0270499
0 8.8 -0.0673656 -0.188698
0 9 -0.172064 0.0982251
0 9.2 0.120702 0.154379
0 9.4 0.13789 -0.136281
0 9.6 -0.14644 -0.123934
0 9.8 -0.113203 0.152444
0.2 -10 0.157963 0.103818
0.2 -9.8 -0.0663826 0.179057
0.2 -9.6 -0.191057 -0.0270876
0.2 -9.4 -0.0117546 -0.19468
0.2 -9.2 0.191159 -0.0483069
0.2 -9 0.0812686 0.182059
0.2 -8.8 -0.169095 0.109872
0.2 -8.6 -0.133828 -0.153991
0.2 -8.4 0.138374 -0.153233
0.2 -8.2 0.168455 0.123713
0.2 -8 -0.111297 0.180008
0.2 -7.8 -0.188419 -0.102241
0.2 -7.6 0.0975152 -0.194097
0.2 -7.4 0.197182 0.0979666
0.2 -7.2 -0.104319 0.197393
0.2 -7 -0.193856 -0.117108
0.2 -6.8 0.136501 -0.184923
0.2 -6.6 0.168037 0.161934
0.2 -6.4 -0.191482 0.13974
0.2 -6.2 -0.0960725 -0.22093
0.2 -6 0.242643 -0.0337385
0.2 -5.8 -0.0474093 0.244702
0.2 -5.6 -0.211561 -0.140128
0.2 -5.4 0.224301 -0.128541
0.2 -5.2 -0.00677299 0.263477
0.2 -5 -0.211954 -0.1655
0.2 -4.8 0.270781 -0.0456701
0.2 -4.6 -0.179075 0.216127
0.2 -4.4 0.0332406 -0.285239
0.2 -4.2 0.087669 0.28077
0.2 -4 -0.154567 -0.259035
0.2 -3.8 0.163963 0.262811
0.2 -3.6 -0.100762 -0.302226
0.2 -3.4 -0.0719242 0.320226
0.2 -3.2 0.30725 -0.142695
0.2 -3 -0.207146 -0.282665
0.2 -2.8 -0.351454 0.0925477
0.2 -2.6 -0.283117 0.2505
0.2 -2.4 -0.383044 0.0947666
0.2 -2.2 -0.0263717 -0.412803
0.2 -2 -0.126586 0.417141
0.2 -1.8 -0.0147478 0.462344
0.2 -1.6 0.222193 -0.442937
0.2 -1.4 -0.435798 0.316651
0.2 -1.2 0.400607 -0.4507
0.2 -1 0.558132 0.592676
0.2 1 0.558132 0.592676
0.2 1.2 0.400607 -0.4507
0.2 1.4 -0.435798 0.316651
0.2 1.6 0.222193 -0.442937
0.2 1.8 -0.0147478 0.462344
0.2 2 -0.126586 0.417141
0.2 2.2 -0.0263717 -0.412803
0.2 2.4 -0.383044 0.0947666
0.2 2.6 -0.283117 0.2505
0.2 2.8 -0.351454 0.0925477
0.2 3 -0.207146 -0.282665
0.2 3.2 0.30725 -0.142695
0.2 3.4 -0.0719242 0.320226
0.2 3.6 -0.100762 -0.302226
0.2 3.8 0.163963 0.262811
0.2 4 -0.154567 -0.259035
0.2 4.2 0.087669 0.28077
0.2 4.4 0.0332406 -0.285239
0.2 4.6 -0.179075 0.216127
0.2 4.8 0.270781 -0.0456701
0.2 5 -0.211954 -0.1655
0.2 5.2 -0.00677299 0.263477
0.2 5.4 0.224301 -0.128541
0.2 5.6 -0.211561 -0.140128
0.2 5.8 -0.0474093 0.244702
0.2 6 0.242643 -0.0337385
0.2 6.2 -0.0960725 -0.22093
0.2 6.4 -0.191482 0.13974
0.2 6.6 0.168037 0.161934
0.2 6.8 0.136501 -0.184923
0.2 7 -0.193856 -0.117108
0.2 7.2 -0.104319 0.197393
0.2 7.4 0.197182 0.0979666
0.2 7.6 0.0975152 -0.194097
0.2 7.8 -0.188419 -0.102241
0.2 8 -0.111297 0.180008
0.2 8.2 0.168455 0.123713
0.2 8.4 0.138374 -0.153233
0.2 8.6 -0.133828 -0.153991
0.2 8.8 -0.169095 0.109872
0.2 9 0.0812686 0.182059
0.2 9.2 0.191159 -0.0483069
0.2 9.4 -0.0117546 -0.19468
0.2 9.6 -0.191057 -0.0270876
0.2 9.8 -0.0663826 0.179057
0.4 -10 -0.00138139 -0.190018
0.4 -9.8 0.175889 -0.0769763
0.4 -9.6 0.140975 0.13332
0.4 -9.4 -0.0693697 0.183456
0.4 -9.2 -0.19822 0.00582291
0.4 -9 -0.0808196 -0.183545
0.4 -8.8 0.142166 -0.144731
0.4 -8.6 0.188821 0.0805415
0.4 -8.4 -0.00761421 0.207636
0.4 -8.2 -0.199512 0.0666936
0.4 -8 -0.132973 -0.16646
0.4 -7.8 0.113521 -0.183581
0.4 -7.6 0.213477 0.047747
0.4 -7.4 0.022974 0.220585
0.4 -7.2 -0.205682 0.0910542
0.4 -7 -0.150138 -0.171896
0.4 -6.8 0.123966 -0.195721
0.4 -6.6 0.225426 0.0673945
0.4 -6.4 -0.00764415 0.238944
0.4 -6.2 -0.237729 0.0505143
0.4 -6 -0.103442 -0.22453
0.4 -5.8 0.20287 -0.148838
0.4 -5.6 0.185722 0.176565
0.4 -5.4 -0.149351 0.214253
0.4 -5.2 -0.235408 -0.124663
0.4 -5 0.105573 -0.250582
0.4 -4.8 0.261113 0.0948632
0.4 -4.6 -0.0951843 0.267693
0.4 -4.4 -0.269608 -0.109153
0.4 -4.2 0.139121 -0.263678
0.4 -4 0.242902 0.186056
0.4 -3.8 -0.246526 0.19524
0.4 -3.6 -0.104447 -0.306424
0.4 -3.4 0.331252 0.0418047
0.4 -3.2 -0.2266 0.260226
0.4 -3 -0.0339269 -0.35585
0.4 -2.8 0.238088 0.284976
0.4 -2.6 -0.331562 -0.199643
0.4 -2.4 0.343495 0.214482
0.4 -2.2 -0.21522 -0.367355
0.4 -2 -0.2531 0.372484
0.4 -1.8 0.226312 0.423429
0.4 -1.6 0.0869625 0.510127
0.4 -1.4 -0.353902 -0.443122
0.4 -1.2 -0.0266592 -0.63988
0.4 -1 -0.696985 0.369998
0.4 1 -0.696985 0.369998
0.4 1.2 -0.0266592 -0.63988
0.4 1.4 -0.353902 -0.443122
0.4 1.6 0.0869625 0.510127
0.4 1.8 0.226312 0.423429
0.4 2 -0.2531 0.372484
0.4 2.2 -0.21522 -0.367355
0.4 2.4 0.343495 0.214482
0.4 2.6 -0.331562 -0.199643
0.4 2.8 0.238088 0.284976
0.4 3 -0.0339269 -0.35585
0.4 3.2 -0.2266 0.260226
0.4 3.4 0.331252 0.0418047
0.4 3.6 -0.104447 -0.306424
0.4 3.8 -0.246526 0.19524
0.4 4 0.242902 0.186056
0.4 4.2 0.139121 -0.263678
0.4 4.4 -0.269608 -0.109153
0.4 4.6 -0.0951843 0.267693
0.4 4.8 0.261113 0.0948632
0.4 5 0.105573 -0.250582
0.4 5.2 -0.235408 -0.124663
0.4 5.4 -0.149351 0.214253
0.4 5.6 0.185722 0.176565
0.4 5.8 0.20287 -0.148838
0.4 6 -0.103442 -0.22453
0.4 6.2 -0.237729 0.0505143
0.4 6.4 -0.00764415 0.238944
0.4 6.6 0.225426 0.0673945
0.4 6.8 0.123966 -0.195721
0.4 7 -0.150138 -0.171896
0.4 7.2 -0.205682 0.0910542
0.4 7.4 0.022974 0.220585
0.4 7.6 0.213477 0.047747
0.4 7.8 0.113521 -0.183581
0.4 8 -0.132973 -0.16646
0.4 8.2 -0.199512 0.0666936
0.4 8.4 -0.00761421 0.207636
0.4 8.6 0.188821 0.0805415
0.4 8.8 0.142166 -0.144731
0.4 9 -0.0808196 -0.183545
0.4 9.2 -0.19822 0.00582291
0.4 9.4 -0.0693697 0.183456
0.4 9.6 0.140975 0.13332
0.4 9.8 0.175889 -0.0769763
0.6 -10 0.175168 0.0760509
0.6 -9.8 0.016703 0.192243
0.6 -9.6 -0.162882 0.107273
0.6 -9.4 -0.173663 -0.0933586
0.6 -9.2 -0.00025169 -0.199372
0.6 -9 0.177438 -0.0958135
0.6 -8.8 0.170368 0.112237
0.6 -8.6 -0.018586 0.205624
0.6 -8.4 -0.192385 0.0816618
0.6 -8.2 -0.164733 -0.132858
0.6 -8 0.040267 -0.210552
0.6 -7.8 0.207527 -0.0641361
0.6 -7.6 0.155985 0.155385
0.6 -7.4 -0.065357 0.213477
0.6 -7.2 -0.222487 0.0423202
0.6 -7 -0.143014 -0.179925
0.6 -6.8 0.0945433 -0.213346
0.6 -6.6 0.236566 -0.0149717
0.6 -6.4 0.124199 0.20642
0.6 -6.2 -0.128618 0.208482
0.6 -6 -0.248465 -0.0195968
0.6 -5.8 -0.0971254 -0.234418
0.6 -5.6 0.168373 -0.196147
0.6 -5.4 0.25574 0.0636408
0.6 -5.2 0.0581459 0.262523
0.6 -5 -0.214225 0.171746
0.6 -4.8 -0.253687 -0.119992
0.6 -4.6 -0.00176396 -0.287114
0.6 -4.4 0.265049 -0.127399
0.6 -4.2 0.233004 0.191451
0.6 -4 -0.0799163 0.299179
0.6 -3.8 -0.314584 0.049542
0.6 -3.6 -0.174836 -0.27758
0.6 -3.4 0.195733 -0.27626
0.6 -3.2 0.340097 0.0834414
0.6 -3 0.0416583 0.36069
0.6 -2.8 -0.340731 0.162626
0.6 -2.6 -0.266647 -0.289947
0.6 -2.4 0.222889 -0.347275
0.6 -2.2 0.405103 0.156817
0.6 -2 -0.111174 0.446449
0.6 -1.8 -0.478497 -0.110586
0.6 -1.6 0.19285 -0.493371
0.6 -1.4 0.412847 0.407182
0.6 -1.2 -0.647695 -0.0474004
0.6 -1 0.721825 0.23319
0.6 -0.8 0.999023 0.0441824
0.6 0.8 0.999023 0.0441824
0.6 1 0.721825 0.23319
0.6 1.2 -0.647695 -0.0474004
0.6 1.4 0.412847 0.407182
0.6 1.6 0.19285 -0.493371
0.6 1.8 -0.478497 -0.110586
0.6 2 -0.111174 0.446449
0.6 2.2 0.405103 0.156817
0.6 2.4 0.222889 -0.347275
0.6 2.6 -0.266647 -0.289947
0.6 2.8 -0.340731 0.162626
0.6 3 0.0416583 0.36069
0.6 3.2 0.340097 0.0834414
0.6 3.4 0.195733 -0.27626
0.6 3.6 -0.174836 -0.27758
0.6 3.8 -0.314584 0.049542
0.6 4 -0.0799163 0.299179
0.6 4.2 0.233004 0.191451
0.6 4.4 0.265049 -0.127399
0.6 4.6 -0.00176396 -0.287114
0.6 4.8 -0.253687 -0.119992
0.6 5 -0.214225 0.171746
0.6 5.2 0.0581459 0.262523
0.6 5.4 0.25574 0.0636408
0.6 5.6 0.168373 -0.196147
0.6 5.8 -0.0971254 -0.234418
0.6 6 -0.248465 -0.0195968
0.6 6.2 -0.128618 0.208482
0.6 6.4 0.124199 0.20642
0.6 6.6 0.236566 -0.0149717
0.6 6.8 0.0945433 -0.213346
0.6 7 -0.143014 -0.179925
0.6 7.2 -0.222487 0.0423202
0.6 7.4 -0.065357 0.213477
0.6 7.6 0.155985 0.155385
0.6 7.8 0.207527 -0.0641361
0.6 8 0.040267 -0.210552
0.6 8.2 -0.164733 -0.132858
0.6 8.4 -0.192385 0.0816618
0.6 8.6 -0.018586 0.205624
0.6 8.8 0.170368 0.112237
0.6 9 0.177438 -0.0958135
0.6 9.2 -0.00025169 -0.199372
0.6 9.4 -0.173663 -0.0933586
0.6 9.6 -0.162882 0.107273
0.6 9.8 0.016703 0.192243
0.8 -10 0.185302 0.0496961
0.8 -9.8 0.0455915 0.188441
0.8 -9.6 -0.145197 0.131615
0.8 -9.4 -0.187063 -0.0653022
0.8 -9.2 -0.0323628 -0.197739
0.8 -9 0.16014 -0.124239
0.8 -8.8 0.187759 0.0824816
0.8 -8.6 0.0171192 0.206852
0.8 -8.4 -0.175947 0.114885
0.8 -8.2 -0.187046 -0.10149
0.8 -8 0.000569284 -0.215581
0.8 -7.8 0.192652 -0.103027
0.8 -7.6 0.184426 0.122635
0.8 -7.4 -0.0212685 0.223603
0.8 -7.2 -0.210233 0.0879373
0.8 -7 -0.179169 -0.146285
0.8 -6.8 0.0457296 -0.230384
0.8 -6.6 0.228558 -0.0685836
0.8 -6.4 0.170168 0.172852
0.8 -6.2 -0.0749562 0.235029
0.8 -6 -0.247251 0.0434731
0.8 -5.8 -0.155702 -0.202745
0.8 -5.6 0.110281 -0.235987
0.8 -5.4 0.265417 -0.0104046
0.8 -5.2 0.133004 0.236199
0.8 -5 -0.153421 0.230479
0.8 -4.8 -0.281023 -0.0339123
0.8 -4.6 -0.0974811 -0.272789
0.8 -4.4 0.206345 -0.213321
0.8 -4.2 0.28945 0.0943658
0.8 -4 0.0412945 0.309981
0.8 -3.8 -0.27033 0.174399
0.8 -3.6 -0.279857 -0.177696
0.8 -3.4 0.0489845 -0.338729
0.8 -3.2 0.34162 -0.0932146
0.8 -3 0.225628 0.289801
0.8 -2.8 -0.193958 0.329113
0.8 -2.6 -0.392278 -0.0710227
0.8 -2.4 -0.0600546 -0.413301
0.8 -2.2 0.399899 -0.182485
0.8 -2 0.284603 0.368066
0.8 -1.8 -0.340863 0.360196
0.8 -1.6 -0.403243 -0.34895
0.8 -1.4 0.431604 -0.387487
0.8 -1.2 0.203446 0.607393
0.8 -1 -0.595442 -0.408672
0.8 -0.8 0.424963 0.721207
0.8 -0.6 0.448128 0.89397
0.8 0.6 0.448128 0.89397
0.8 0.8 0.424963 0.721207
0.8 1 -0.595442 -0.408672
0.8 1.2 0.203446 0.607393
0.8 1.4 0.431604 -0.387487
0.8 1.6 -0.403243 -0.34895
0.8 1.8 -0.340863 0.360196
0.8 2 0.284603 0.368066
0.8 2.2 0.399899 -0.182485
0.8 2.4 -0.0600546 -0.413301
0.8 2.6 -0.392278 -0.0710227
0.8 2.8 -0.193958 0.329113
0.8 3 0.225628 0.289801
0.8 3.2 0.34162 -0.0932146
0.8 3.4 0.0489845 -0.338729
0.8 3.6 -0.279857 -0.177696
0.8 3.8 -0.27033 0.174399
0.8 4 0.0412945 0.309981
0.8 4.2 0.28945 0.0943658
0.8 4.4 0.206345 -0.213321
0.8 4.6 -0.0974811 -0.272789
0.8 4.8 -0.281023 -0.0339123
0.8 5 -0.153421 0.230479
0.8 5.2 0.133004 0.236199
0.8 5.4 0.265417 -0.0104046
0.8 5.6 0.110281 -0.235987
0.8 5.8 -0.155702 -0.202745
0.8 6 -0.247251 0.0434731
0.8 6.2 -0.0749562 0.235029
0.8 6.4 0.170168 0.172852
0.8 6.6 0.228558 -0.0685836
0.8 6.8 0.0457296 -0.230384
0.8 7 -0.179169 -0.146285
0.8 7.2 -0.210233 0.0879373
0.8 7.4 -0.0212685 0.223603
0.8 7.6 0.184426 0.122635
0.8 7.8 0.192652 -0.103027
0.8 8 0.000569284 -0.215581
0.8 8.2 -0.187046 -0.10149
0.8 8.4 -0.175947 0.114885
0.8 8.6 0.0171192 0.206852
0.8 8.8 0.187759 0.0824816
0.8 9 0.16014 -0.124239
0.8 9.2 -0.0323628 -0.197739
0.8 9.4 -0.187063 -0.0653022
0.8 9.6 -0.145197 0.131615
0.8 9.8 0.0455915 0.188441
1 -10 -0.0845947 -0.173114
1 -9.8 0.125642 -0.148772
1 -9.6 0.188603 0.0563651
1 -9.4 0.0230699 0.197691
1 -9.2 -0.174873 0.0996936
1 -9 -0.161415 -0.124147
1 -8.8 0.0537441 -0.198926
1 -8.6 0.207015 -0.0254281
1 -8.4 0.101656 0.185098
1 -8.2 -0.136984 0.164258
1 -8 -0.205092 -0.0699519
1 -7.8 -0.0066046 -0.219519
1 -7.6 0.20673 -0.082716
1 -7.4 0.149286 0.169462
1 -7.2 -0.113217 0.199232
1 -7 -0.228186 -0.0451911
1 -6.8 -0.0269083 -0.234706
1 -6.6 0.220039 -0.0959303
1 -6.4 0.156115 0.187557
1 -6.2 -0.141983 0.203601
1 -6 -0.236592 -0.0885792
1 -5.8 0.0324239 -0.255232
1 -5.6 0.261265 -0.0221461
1 -5.4 0.0718578 0.257574
1 -5.2 -0.247717 0.11459
1 -5 -0.149244 -0.235511
1 -4.8 0.224727 -0.175425
1 -4.6 0.192959 0.218891
1 -4.4 -0.221127 0.201252
1 -4.2 -0.198471 -0.233885
1 -4 0.258242 -0.180582
1 -3.8 0.140455 0.292193
1 -3.6 -0.327109 0.067948
1 -3.4 0.0464644 -0.34178
1 -3.2 0.296231 0.198966
1 -3 -0.343496 0.13766
1 -2.8 0.14709 -0.355556
1 -2.6 0.0739492 0.394454
1 -2.4 -0.194816 -0.372173
1 -2.2 0.177367 0.404349
1 -2 0.0668242 -0.461559
1 -1.8 -0.485652 0.0980765
1 -1.6 -0.211399 0.48599
1 -1.4 -0.432499 0.373587
1 -1.2 0.215609 -0.583499
1 -1 0.209465 -0.650979
1 -0.8 0.237055 -0.720151
1 -0.6 -0.315272 -0.78076
1 -0.4 0.103828 0.916953
1 -0.2 -0.964079 -0.176239
1 0 -0.562379 0.82688
1 0.2 -0.964079 -0.176239
1 0.4 0.103828 0.916953
1 0.6 -0.315272 -0.78076
1 0.8 0.237055 -0.720151
1 1 0.209465 -0.650979
1 1.2 0.215609 -0.583499
1 1.4 -0.432499 0.373587
1 1.6 -0.211399 0.48599
1 1.8 -0.485652 0.0980765
1 2 0.0668242 -0.461559
1 2.2 0.177367 0.404349
1 2.4 -0.194816 -0.372173
1 2.6 0.0739492 0.394454
1 2.8 0.14709 -0.355556
1 3 -0.343496 0.13766
1 3.2 0.296231 0.198966
1 3.4 0.0464644 -0.34178
1 3.6 -0.327109 0.067948
1 3.8 0.140455 0.292193
1 4 0.258242 -0.180582
1 4.2 -0.198471 -0.233885
1 4.4 -0.221127 0.201252
1 4.6 0.192959 0.218891
1 4.8 0.224727 -0.175425
1 5 -0.149244 -0.235511
1 5.2 -0.247717 0.11459
1 5.4 0.0718578 0.257574
1 5.6 0.261265 -0.0221461
1 5.8 0.0324239 -0.255232
1 6 -0.236592 -0.0885792
1 6.2 -0.141983 0.203601
1 6.4 0.156115 0.187557
1 6.6 0.220039 -0.0959303
1 6.8 -0.0269083 -0.234706
1 7 -0.228186 -0.0451911
1 7.2 -0.113217 0.199232
1 7.4 0.149286 0.169462
1 7.6 0.20673 -0.082716
1 7.8 -0.0066046 -0.219519
1 8 -0.205092 -0.0699519
1 8.2 -0.136984 0.164258
1 8.4 0.101656 0.185098
1 8.6 0.207015 -0.0254281
1 8.8 0.0537441 -0.198926
1 9 -0.161415 -0.124147
1 9.2 -0.174873 0.0996936
1 9.4 0.0230699 0.197691
1 9.6 0.188603 0.0563651
1 9.8 0.125642 -0.148772
1.2 -10 0.190353 -0.034457
1.2 -9.8 0.0801921 0.178314
1.2 -9.6 -0.156779 0.120364
1.2 -9.4 -0.153366 -0.128157
1.2 -9.2 0.0949804 -0.178443
1.2 -9 0.195613 0.0596658
1.2 -8.8 -0.0243329 0.205523
1.2 -8.6 -0.209288 0.00930359
1.2 -8.4 -0.0399742 -0.208326
1.2 -8.2 0.2042 -0.0668364
1.2 -8 0.0894078 0.198493
1.2 -7.8 -0.192716 0.107465
1.2 -7.6 -0.120915 -0.188242
1.2 -7.4 0.186254 -0.129655
1.2 -7.2 0.133421 0.187698
1.2 -7 -0.193209 0.131628
1.2 -6.8 -0.123231 -0.202966
1.2 -6.6 0.216446 -0.106624
1.2 -6.4 0.0796635 0.232013
1.2 -6.2 -0.246321 0.0399535
1.2 -6 0.0143694 -0.253587
1.2 -5.8 0.245015 0.0829948
1.2 -5.6 -0.160625 0.209074
1.2 -5.4 -0.134061 -0.233104
1.2 -5.2 0.274063 -0.0150698
1.2 -5 -0.13307 0.246815
1.2 -4.8 -0.120481 -0.260176
1.2 -4.6 0.279027 0.0909238
1.2 -4.4 -0.278595 0.113167
1.2 -4.2 0.180143 -0.250417
1.2 -4 -0.0703422 0.308966
1.2 -3.8 0.00411234 -0.325931
1.2 -3.6 -0.00775163 0.335745
1.2 -3.4 0.101306 -0.331483
1.2 -3.2 -0.277473 0.226921
1.2 -3 0.356513 0.104426
1.2 -2.8 0.0587025 -0.381468
1.2 -2.6 -0.331343 -0.227808
1.2 -2.4 -0.410493 -0.0899402
1.2 -2.2 -0.315551 -0.307699
1.2 -2 0.389498 -0.252357
1.2 -1.8 -0.473822 0.128409
1.2 -1.6 -0.357631 0.38005
1.2 -1.4 0.159249 -0.534481
1.2 -1.2 0.589899 -0.104691
1.2 -1 -0.116295 0.635779
1.2 -0.8 -0.370624 0.591847
1.2 -0.6 0.403535 0.634101
1.2 -0.4 -0.0943542 0.793879
1.2 -0.2 -0.492935 -0.671571
1.2 0 0.378641 0.755591
1.2 0.2 -0.492935 -0.671571
1.2 0.4 -0.0943542 0.793879
1.2 0.6 0.403535 0.634101
1.2 0.8 -0.370624 0.591847
1.2 1 -0.116295 0.635779
1.2 1.2 0.589899 -0.104691
1.2 1.4 0.159249 -0.534481
1.2 1.6 -0.357631 0.38005
1.2 1.8 -0.473822 0.128409
1.2 2 0.389498 -0.252357
1.2 2.2 -0.315551 -0.307699
1.2 2.4 -0.410493 -0.0899402
1.2 2.6 -0.331343 -0.227808
1.2 2.8 0.0587025 -0.381468
1.2 3 0.356513 0.104426
1.2 3.2 -0.277473 0.226921
1.2 3.4 0.101306 -0.331483
1.2 3.6 -0.00775163 0.335745
1.2 3.8 0.00411234 -0.325931
1.2 4 -0.0703422 0.308966
1.2 4.2 0.180143 -0.250417
1.2 4.4 -0.278595 0.113167
1.2 4.6 0.279027 0.0909238
1.2 4.8 -0.120481 -0.260176
1.2 5 -0.13307 0.246815
1.2 5.2 0.274063 -0.0150698
1.2 5.4 -0.134061 -0.233104
1.2 5.6 -0.160625 0.209074
1.2 5.8 0.245015 0.0829948
1.2 6 0.0143694 -0.253587
1.2 6.2 -0.246321 0.0399535
1.2 6.4 0.0796635 0.232013
1.2 6.6 0.216446 -0.106624
1.2 6.8 -0.123231 -0.202966
1.2 7 -0.193209 0.131628
1.2 7.2 0.133421 0.187698
1.2 7.4 0.186254 -0.129655
1.2 7.6 -0.120915 -0.188242
1.2 7.8 -0.192716 0.107465
1.2 8 0.0894078 0.198493
1.2 8.2 0.2042 -0.0668364
1.2 8.4 -0.0399742 -0.208326
1.2 8.6 -0.209288 0.00930359
1.2 8.8 -0.0243329 0.205523
1.2 9 0.195613 0.0596658
1.2 9.2 0.0949804 -0.178443
1.2 9.4 -0.153366 -0.128157
1.2 9.6 -0.156779 0.120364
1.2 9.8 0.0801921 0.178314
1.4 -10 0.170634 -0.0926324
1.4 -9.8 0.0912303 0.173748
1.4 -9.6 -0.178885 0.0858002
1.4 -9.4 -0.0757269 -0.185783
1.4 -9.2 0.19378 -0.0602344
1.4 -9 0.0384605 0.201674
1.4 -8.8 -0.207552 0.00962842
1.4 -8.6 0.0266368 -0.208639
1.4 -8.4 0.201224 0.069796
1.4 -8.2 -0.117659 0.18083
1.4 -8 -0.142842 -0.165476
1.4 -7.8 0.205079 -0.0839008
1.4 -7.6 0.00431342 0.224636
1.4 -7.4 -0.209998 -0.0885614
1.4 -7.2 0.176888 -0.149001
1.4 -7 0.0397858 0.231409
1.4 -6.8 -0.21748 -0.097877
1.4 -6.6 0.214357 -0.113072
1.4 -6.4 -0.0617135 0.238549
1.4 -6.2 -0.119165 -0.22052
1.4 -6 0.233055 0.103822
1.4 -5.8 -0.25749 0.034977
1.4 -5.6 0.22216 -0.144167
1.4 -5.4 -0.17007 0.209845
1.4 -5.2 0.134256 -0.240799
1.4 -5 -0.133866 0.247784
1.4 -4.8 0.176956 -0.227164
1.4 -4.6 -0.252979 0.151158
1.4 -4.4 0.30129 0.0194589
1.4 -4.2 -0.184005 -0.249068
1.4 -4 -0.164024 0.272441
1.4 -3.8 0.285791 0.158937
1.4 -3.6 0.262247 -0.21129
1.4 -3.4 0.0696968 -0.340328
1.4 -3.2 0.0362409 -0.357153
1.4 -3 0.24215 -0.282005
1.4 -2.8 0.316293 0.220753
1.4 -2.6 -0.40121 0.000339393
1.4 -2.4 0.316998 0.273135
1.4 -2.2 0.437205 -0.0202006
1.4 -2 0.102824 0.447564
1.4 -1.8 0.357516 -0.32541
1.4 -1.6 0.310146 0.40566
1.4 -1.4 0.109667 0.529849
1.4 -1.2 -0.476237 0.321805
1.4 -1 0.326484 0.516707
1.4 -0.8 0.43711 0.479735
1.4 -0.6 0.10671 0.677122
1.4 -0.4 -0.594466 -0.400182
1.4 -0.2 -0.737113 -0.0321409
1.4 0 0.744622 0.0330696
1.4 0.2 -0.737113 -0.0321409
1.4 0.4 -0.594466 -0.400182
1.4 0.6 0.10671 0.677122
1.4 0.8 0.43711 0.479735
1.4 1 0.326484 0.516707
1.4 1.2 -0.476237 0.321805
1.4 1.4 0.109667 0.529849
1.4 1.6 0.310146 0.40566
1.4 1.8 0.357516 -0.32541
1.4 2 0.102824 0.447564
1.4 2.2 0.437205 -0.0202006
1.4 2.4 0.316998 0.273135
1.4 2.6 -0.40121 0.000339393
1.4 2.8 0.316293 0.220753
1.4 3 0.24215 -0.282005
1.4 3.2 0.0362409 -0.357153
1.4 3.4 0.0696968 -0.340328
1.4 3.6 0.262247 -0.21129
1.4 3.8 0.285791 0.158937
1.4 4 -0.164024 0.272441
1.4 4.2 -0.184005 -0.249068
1.4 4.4 0.30129 0.0194589
1.4 4.6 -0.252979 0.151158
1.4 4.8 0.176956 -0.227164
1.4 5 -0.133866 0.247784
1.4 5.2 0.134256 -0.240799
1.4 5.4 -0.17007 0.209845
1.4 5.6 0.22216 -0.144167
1.4 5.8 -0.25749 0.034977
1.4 6 0.233055 0.103822
1.4 6.2 -0.119165 -0.22052
1.4 6.4 -0.0617135 0.238549
1.4 6.6 0.214357 -0.113072
1.4 6.8 -0.21748 -0.097877
1.4 7 0.0397858 0.231409
1.4 7.2 0.176888 -0.149001
1.4 7.4 -0.209998 -0.0885614
1.4 7.6 0.00431342 0.224636
1.4 7.8 0.205079 -0.0839008
1.4 8 -0.142842 -0.165476
1.4 8.2 -0.117659 0.18083
1.4 8.4 0.201224 0.069796
1.4 8.6 0.0266368 -0.208639
1.4 8.8 -0.207552 0.00962842
1.4 9 0.0384605 0.201674
1.4 9.2 0.19378 -0.0602344
1.4 9.4 -0.0757269 -0.185783
1.4 9.6 -0.178885 0.0858002
1.4 9.8 0.0912303 0.173748
1.6 -10 -0.192863 -0.0274514
1.6 -9.8 0.0939432 -0.173052
1.6 -9.6 0.125258 0.15473
1.6 -9.4 -0.195145 0.0494598
1.6 -9.2 0.0456457 -0.19845
1.6 -9 0.151415 0.139719
1.6 -8.8 -0.201588 0.0532795
1.6 -8.6 0.0743953 -0.197537
1.6 -8.4 0.109321 0.183679
1.6 -8.2 -0.212366 -0.0422044
1.6 -8 0.18379 -0.119817
1.6 -7.8 -0.0631735 0.213227
1.6 -7.6 -0.0757493 -0.212401
1.6 -7.4 0.178126 0.143519
1.6 -7.2 -0.226759 -0.0496792
1.6 -7 0.232967 -0.0356228
1.6 -6.8 -0.219013 0.0966085
1.6 -6.6 0.20534 -0.130402
1.6 -6.4 -0.205229 0.137996
1.6 -6.2 0.22295 -0.116543
1.6 -6 -0.249831 0.0561252
1.6 -5.8 0.255269 0.0533274
1.6 -5.6 -0.181839 -0.193815
1.6 -5.4 -0.0170726 0.270489
1.6 -5.2 0.247619 -0.123264
1.6 -5 -0.18831 -0.210607
1.6 -4.8 -0.219504 0.187688
1.6 -4.6 0.103338 0.276849
1.6 -4.4 0.282609 0.108337
1.6 -4.2 0.309861 -0.0169635
1.6 -4 0.318514 0.00489852
1.6 -3.8 0.259942 0.199062
1.6 -3.6 -0.125877 0.312574
1.6 -3.4 -0.218844 -0.269703
1.6 -3.2 0.263861 0.242795
1.6 -3 0.0461109 -0.367948
1.6 -2.8 -0.26026 -0.282655
1.6 -2.6 -0.00229055 -0.398908
1.6 -2.4 0.173879 0.376885
1.6 -2.2 0.432654 0.0128095
1.6 -2 -0.19551 0.408015
1.6 -1.8 -0.0479186 0.471576
1.6 -1.6 0.492531 0.0711058
1.6 -1.4 0.280041 -0.44206
1.6 -1.2 0.518125 0.186586
1.6 -1 0.415672 0.403278
1.6 -0.8 -0.391976 -0.463986
1.6 -0.6 -0.356361 0.523758
1.6 -0.4 0.551235 0.353719
1.6 -0.2 -0.162899 -0.649072
1.6 0 0.354279 -0.573613
1.6 0.2 -0.162899 -0.649072
1.6 0.4 0.551235 0.353719
1.6 0.6 -0.356361 0.523758
1.6 0.8 -0.391976 -0.463986
1.6 1 0.415672 0.403278
1.6 1.2 0.518125 0.186586
1.6 1.4 0.280041 -0.44206
1.6 1.6 0.492531 0.0711058
1.6 1.8 -0.0479186 0.471576
1.6 2 -0.19551 0.408015
1.6 2.2 0.432654 0.0128095
1.6 2.4 0.173879 0.376885
1.6 2.6 -0.00229055 -0.398908
1.6 2.8 -0.26026 -0.282655
1.6 3 0.0461109 -0.367948
1.6 3.2 0.263861 0.242795
1.6 3.4 -0.218844 -0.269703
1.6 3.6 -0.125877 0.312574
1.6 3.8 0.259942 0.199062
1.6 4 0.318514 0.00489852
1.6 4.2 0.309861 -0.0169635
1.6 4.4 0.282609 0.108337
1.6 4.6 0.103338 0.276849
1.6 4.8 -0.219504 0.187688
1.6 5 -0.18831 -0.210607
1.6 5.2 0.247619 -0.123264
1.6 5.4 -0.0170726 0.270489
1.6 5.6 -0.181839 -0.193815
1.6 5.8 0.255269 0.0533274
1.6 6 -0.249831 0.0561252
1.6 6.2 0.22295 -0.116543
1.6 6.4 -0.205229 0.137996
1.6 6.6 0.20534 -0.130402
1.6 6.8 -0.219013 0.0966085
1.6 7 0.232967 -0.0356228
1.6 7.2 -0.226759 -0.0496792
1.6 7.4 0.178126 0.143519
1.6 7.6 -0.0757493 -0.212401
1.6 7.8 -0.0631735 0.213227
1.6 8 0.18379 -0.119817
1.6 8.2 -0.212366 -0.0422044
1.6 8.4 0.109321 0.183679
1.6 8.6 0.0743953 -0.197537
1.6 8.8 -0.201588 0.0532795
1.6 9 0.151415 0.139719
1.6 9.2 0.0456457 -0.19845
1.6 9.4 -0.195145 0.0494598
1.6 9.6 0.125258 0.15473
1.6 9.8 0.0939432 -0.173052
1.8 -10 0.0275312 -0.193449
1.8 -9.8 0.119251 0.157445
1.8 -9.6 -0.196173 -0.0372938
1.8 -9.4 0.17833 -0.0947486
1.8 -9.2 -0.0922342 0.182254
1.8 -9 -0.0162847 -0.206028
1.8 -8.8 0.110234 0.177757
1.8 -8.6 -0.172865 -0.122285
1.8 -8.4 0.205012 0.0628263
1.8 -8.2 -0.216716 -0.0145061
1.8 -8 0.21956 -0.0152257
1.8 -7.8 -0.221895 0.0230452
1.8 -7.6 0.226124 -0.006281
1.8 -7.4 -0.226274 -0.038129
1.8 -7.2 0.205383 0.109727
1.8 -7 -0.136618 -0.192924
1.8 -6.8 -0.000115545 0.2401
1.8 -6.6 0.172249 -0.172782
1.8 -6.4 -0.244074 -0.0441381
1.8 -6.2 0.0564816 0.245887
1.8 -6 0.235474 -0.102371
1.8 -5.8 -0.0899373 -0.245518
1.8 -5.6 -0.266364 0.0060743
1.8 -5.4 -0.154476 0.223475
1.8 -5.2 0.00128322 0.277203
1.8 -5 0.0674422 0.274919
1.8 -4.8 0.0164058 0.288828
1.8 -4.6 -0.167295 0.244082
1.8 -4.4 -0.295335 -0.0675568
1.8 -4.2 0.138133 -0.278073
1.8 -4 0.054628 0.313831
1.8 -3.8 0.000691549 -0.327191
1.8 -3.6 -0.301816 0.148755
1.8 -3.4 -0.0600795 0.341247
1.8 -3.2 -0.177128 0.310313
1.8 -3 -0.254289 -0.267405
1.8 -2.8 0.0864249 0.371786
1.8 -2.6 0.242613 0.312316
1.8 -2.4 -0.410356 0.00885642
1.8 -2.2 -0.277827 0.323883
1.8 -2 0.293079 -0.334
1.8 -1.8 0.253023 0.388224
1.8 -1.6 -0.455602 0.16276
1.8 -1.4 0.503967 -0.0378087
1.8 -1.2 0.381362 0.364816
1.8 -1 -0.0608724 0.546874
1.8 -0.8 0.532018 -0.209673
1.8 -0.6 -0.0721989 -0.586744
1.8 -0.4 -0.0441151 0.605026
1.8 -0.2 0.488176 0.376804
1.8 0 -0.302013 -0.541668
1.8 0.2 0.488176 0.376804
1.8 0.4 -0.0441151 0.605026
1.8 0.6 -0.0721989 -0.586744
1.8 0.8 0.532018 -0.209673
1.8 1 -0.0608724 0.546874
1.8 1.2 0.381362 0.364816
1.8 1.4 0.503967 -0.0378087
1.8 1.6 -0.455602 0.16276
1.8 1.8 0.253023 0.388224
1.8 2 0.293079 -0.334
1.8 2.2 -0.277827 0.323883
1.8 2.4 -0.410356 0.00885642
1.8 2.6 0.242613 0.312316
1.8 2.8 0.0864249 0.371786
1.8 3 -0.254289 -0.267405
1.8 3.2 -0.177128 0.310313
1.8 3.4 -0.0600795 0.341247
1.8 3.6 -0.301816 0.148755
1.8 3.8 0.000691549 -0.327191
1.8 4 0.054628 0.313831
1.8 4.2 0.138133 -0.278073
1.8 4.4 -0.295335 -0.0675568
1.8 4.6 -0.167295 0.244082
1.8 4.8 0.0164058 0.288828
1.8 5 0.0674422 0.274919
1.8 5.2 0.00128322 0.277203
1.8 5.4 -0.154476 0.223475
1.8 5.6 -0.266364 0.0060743
1.8 5.8 -0.0899373 -0.245518
1.8 6 0.235474 -0.102371
1.8 6.2 0.0564816 0.245887
1.8 6.4 -0.244074 -0.0441381
1.8 6.6 0.172249 -0.172782
1.8 6.8 -0.000115545 0.2401
1.8 7 -0.136618 -0.192924
1.8 7.2 0.205383 0.109727
1.8 7.4 -0.226274 -0.038129
1.8 7.6 0.226124 -0.006281
1.8 7.8 -0.221895 0.0230452
1.8 8 0.21956 -0.0152257
1.8 8.2 -0.216716 -0.0145061
1.8 8.4 0.205012 0.0628263
1.8 8.6 -0.172865 -0.122285
1.8 8.8 0.110234 0.177757
1.8 9 -0.0162847 -0.206028
1.8 9.2 -0.0922342 0.182254
1.8 9.4 0.17833 -0.0947486
1.8 9.6 -0.196173 -0.0372938
1.8 9.8 0.119251 0.157445
2 -10 -0.0985696 -0.169331
2 -9.8 0.143479 0.136516
2 -9.6 -0.170336 -0.105256
2 -9.4 0.184274 0.083937
2 -9.2 -0.189627 -0.0774211
2 -9 0.187505 0.0882531
2 -8.8 -0.174207 -0.116792
2 -8.6 0.140669 0.159036
2 -8.4 -0.0747945 -0.201574
2 -8.2 -0.0292617 0.215811
2 -8 0.151251 -0.160687
2 -7.8 -0.22334 0.0122688
2 -7.6 0.148425 0.171489
2 -7.4 0.0816008 -0.215094
2 -7.2 -0.233202 -0.0105626
2 -7 0.0188091 0.23623
2 -6.8 0.240668 0.00129828
2 -6.6 0.076637 -0.232214
2 -6.4 -0.158005 -0.191898
2 -6.2 -0.250046 -0.0373124
2 -6 -0.246896 0.0722971
2 -5.8 -0.242634 0.0986938
2 -5.6 -0.264896 0.0323009
2 -5.4 -0.23193 -0.142185
2 -5.2 0.0283992 -0.276062
2 -5 0.279698 0.0450739
2 -4.8 -0.204108 0.205215
2 -4.6 0.134364 -0.263677
2 -4.4 -0.233238 0.193175
2 -4.2 0.267262 0.157471
2 -4 0.285841 -0.139459
2 -3.8 0.303985 -0.118944
2 -3.6 0.198353 0.270453
2 -3.4 -0.297154 -0.175293
2 -3.2 -0.077288 0.346813
2 -3 -0.102958 0.351643
2 -2.8 -0.177543 -0.334079
2 -2.6 -0.389372 0.0372072
2 -2.4 0.169634 -0.367674
2 -2.2 0.0808789 -0.411821
2 -2 -0.435296 -0.0119217
2 -1.8 0.251835 0.375574
2 -1.6 0.44073 -0.162588
2 -1.4 0.344452 0.345595
2 -1.2 0.504037 0.0480592
2 -1 0.522939 -0.0382396
2 -0.8 -0.53475 0.0831852
2 -0.6 0.520265 -0.195811
2 -0.4 0.345072 -0.450439
2 -0.2 -0.43467 -0.376117
2 0 -0.57735 -0.000144337
2 0.2 -0.43467 -0.376117
2 0.4 0.345072 -0.450439
2 0.6 0.520265 -0.195811
2 0.8 -0.53475 0.0831852
2 1 0.522939 -0.0382396
2 1.2 0.504037 0.0480592
2 1.4 0.344452 0.345595
2 1.6 0.44073 -0.162588
2 1.8 0.251835 0.375574
2 2 -0.435296 -0.0119217
2 2.2 0.0808789 -0.411821
2 2.4 0.169634 -0.367674
2 2.6 -0.389372 0.0372072
2 2.8 -0.177543 -0.334079
2 3 -0.102958 0.351643
2 3.2 -0.077288 0.346813
2 3.4 -0.297154 -0.175293
2 3.6 0.198353 0.270453
2 3.8 0.303985 -0.118944
2 4 0.285841 -0.139459
2 4.2 0.267262 0.157471
2 4.4 -0.233238 0.193175
2 4.6 0.134364 -0.263677
2 4.8 -0.204108 0.205215
2 5 0.279698 0.0450739
2 5.2 0.0283992 -0.276062
2 5.4 -0.23193 -0.142185
2 5.6 -0.264896 0.0323009
2 5.8 -0.242634 0.0986938
2 6 -0.246896 0.0722971
2 6.2 -0.250046 -0.0373124
2 6.4 -0.158005 -0.191898
2 6.6 0.076637 -0.232214
2 6.8 0.240668 0.00129828
2 7 0.0188091 0.23623
2 7.2 -0.233202 -0.0105626
2 7.4 0.0816008 -0.215094
2 7.6 0.148425 0.171489
2 7.8 -0.22334 0.0122688
2 8 0.151251 -0.160687
2 8.2 -0.0292617 0.215811
2 8.4 -0.0747945 -0.201574
2 8.6 0.140669 0.159036
2 8.8 -0.174207 -0.116792
2 9 0.187505 0.0882531
2 9.2 -0.189627 -0.0774211
2 9.4 0.184274 0.083937
2 9.6 -0.170336 -0.105256
2 9.8 0.143479 0.136516
2.2 -10 0.0632261 0.185949
2.2 -9.8 -0.00500811 -0.198462
2.2 -9.6 -0.0739975 0.186576
2.2 -9.4 0.157352 -0.128215
2.2 -9.2 -0.204933 0.0124278
2.2 -9 0.161024 0.131229
2.2 -8.8 -0.00276539 -0.210206
2.2 -8.6 -0.178979 0.115131
2.2 -8.4 0.179178 0.119718
2.2 -8.2 0.0723859 -0.205921
2.2 -8 -0.213838 -0.0564339
2.2 -7.8 -0.0793994 0.209624
2.2 -7.6 0.178907 0.140163
2.2 -7.4 0.213261 -0.0875082
2.2 -7.2 0.0822763 -0.218946
2.2 -7 -0.0497057 -0.232155
2.2 -6.8 -0.117255 -0.210657
2.2 -6.6 -0.118959 -0.214103
2.2 -6.4 -0.0448995 -0.244865
2.2 -6.2 0.121395 -0.222148
2.2 -6 0.257561 0.000255716
2.2 -5.8 0.0180524 0.261565
2.2 -5.6 -0.252232 -0.087718
2.2 -5.4 0.259305 -0.0826752
2.2 -5.2 -0.258721 0.100506
2.2 -5 0.276721 0.0604434
2.2 -4.8 -0.013495 -0.28894
2.2 -4.6 -0.258995 -0.14251
2.2 -4.4 -0.279012 -0.116484
2.2 -4.2 -0.0766099 -0.299868
2.2 -4 0.305034 0.0866182
2.2 -3.8 -0.273818 -0.175387
2.2 -3.6 -0.24488 0.226803
2.2 -3.4 -0.327597 0.101445
2.2 -3.2 0.203892 -0.287824
2.2 -3 -0.26202 -0.251455
2.2 -2.8 0.194585 -0.319728
2.2 -2.6 -0.347971 -0.167387
2.2 -2.4 0.347974 -0.194688
2.2 -2.2 0.411768 -0.0159078
2.2 -2 0.391938 -0.167226
2.2 -1.8 0.377797 -0.227082
2.2 -1.6 0.307685 0.336452
2.2 -1.4 0.23745 -0.407097
2.2 -1.2 -0.164763 0.45776
2.2 -1 0.34358 -0.364783
2.2 -0.8 0.388358 -0.337464
2.2 -0.6 -0.0941846 -0.51746
2.2 -0.4 -0.0773825 -0.529181
2.2 -0.2 0.175128 0.511244
2.2 0 -0.264338 0.473544
2.2 0.2 0.175128 0.511244
2.2 0.4 -0.0773825 -0.529181
2.2 0.6 -0.0941846 -0.51746
2.2 0.8 0.388358 -0.337464
2.2 1 0.34358 -0.364783
2.2 1.2 -0.164763 0.45776
2.2 1.4 0.23745 -0.407097
2.2 1.6 0.307685 0.336452
2.2 1.8 0.377797 -0.227082
2.2 2 0.391938 -0.167226
2.2 2.2 0.411768 -0.0159078
2.2 2.4 0.347974 -0.194688
2.2 2.6 -0.347971 -0.167387
2.2 2.8 0.194585 -0.319728
2.2 3 -0.26202 -0.251455
2.2 3.2 0.203892 -0.287824
2.2 3.4 -0.327597 0.101445
2.2 3.6 -0.24488 0.226803
2.2 3.8 -0.273818 -0.175387
2.2 4 0.305034 0.0866182
2.2 4.2 -0.0766099 -0.299868
2.2 4.4 -0.279012 -0.116484
2.2 4.6 -0.258995 -0.14251
2.2 4.8 -0.013495 -0.28894
2.2 5 0.276721 0.0604434
2.2 5.2 -0.258721 0.100506
2.2 5.4 0.259305 -0.0826752
2.2 5.6 -0.252232 -0.087718
2.2 5.8 0.0180524 0.261565
2.2 6 0.257561 0.000255716
2.2 6.2 0.121395 -0.222148
2.2 6.4 -0.0448995 -0.244865
2.2 6.6 -0.118959 -0.214103
2.2 6.8 -0.117255 -0.210657
2.2 7 -0.0497057 -0.232155
2.2 7.2 0.0822763 -0.218946
2.2 7.4 0.213261 -0.0875082
2.2 7.6 0.178907 0.140163
2.2 7.8 -0.0793994 0.209624
2.2 8 -0.213838 -0.0564339
2.2 8.2 0.0723859 -0.205921
2.2 8.4 0.179178 0.119718
2.2 8.6 -0.178979 0.115131
2.2 8.8 -0.00276539 -0.210206
2.2 9 0.161024 0.131229
2.2 9.2 -0.204933 0.0124278
2.2 9.4 0.157352 -0.128215
2.2 9.6 -0.0739975 0.186576
2.2 9.8 -0.00500811 -0.198462
2.4 -10 -0.126926 0.150424
2.4 -9.8 0.198044 0.0188661
2.4 -9.6 -0.0752681 -0.186516
2.4 -9.4 -0.152013 0.135129
2.4 -9.2 0.164369 0.123716
2.4 -9 0.117523 -0.171784
2.4 -8.8 -0.158516 -0.138706
2.4 -8.6 -0.180906 0.112849
2.4 -8.4 0.0163518 0.215273
2.4 -8.2 0.179563 0.124789
2.4 -8 0.221087 -0.014227
2.4 -7.8 0.196664 -0.108339
2.4 -7.6 0.175198 -0.145337
2.4 -7.4 0.189037 -0.132521
2.4 -7.2 0.227598 -0.0553004
2.4 -7 0.213953 0.103605
2.4 -6.8 0.0210378 0.240448
2.4 -6.6 -0.237418 0.0611772
2.4 -6.4 -0.00254006 -0.249138
2.4 -6.2 0.197547 0.158562
2.4 -6 -0.247705 -0.0709524
2.4 -5.8 0.239855 0.105992
2.4 -5.6 -0.111111 -0.242804
2.4 -5.4 -0.220634 0.159158
2.4 -5.2 0.0281367 0.275908
2.4 -5 0.0971861 0.26569
2.4 -4.8 -0.0825062 0.276738
2.4 -4.6 -0.276728 -0.102114
2.4 -4.4 0.301284 -0.0116154
2.4 -4.2 -0.20939 -0.226452
2.4 -4 -0.315537 0.0113249
2.4 -3.8 -0.24483 -0.211433
2.4 -3.6 0.32793 0.0498853
2.4 -3.4 0.0386747 -0.338202
2.4 -3.2 0.276427 -0.214078
2.4 -3 -0.35008 0.081319
2.4 -2.8 -0.356017 -0.0997804
2.4 -2.6 0.0769403 0.372786
2.4 -2.4 -0.337489 -0.199645
2.4 -2.2 0.0347 -0.402637
2.4 -2 0.327209 -0.257883
2.4 -1.8 0.27175 0.332565
2.4 -1.6 -0.138576 -0.420281
2.4 -1.4 0.12138 -0.439111
2.4 -1.2 -0.211632 -0.417735
2.4 -1 -0.338925 -0.340275
2.4 -0.8 0.452938 -0.189727
2.4 -0.6 0.410887 -0.285242
2.4 -0.4 0.142238 -0.486786
2.4 -0.2 0.254881 -0.443475
2.4 0 0.269355 0.436584
2.4 0.2 0.254881 -0.443475
2.4 0.4 0.142238 -0.486786
2.4 0.6 0.410887 -0.285242
2.4 0.8 0.452938 -0.189727
2.4 1 -0.338925 -0.340275
2.4 1.2 -0.211632 -0.417735
2.4 1.4 0.12138 -0.439111
2.4 1.6 -0.138576 -0.420281
2.4 1.8 0.27175 0.332565
2.4 2 0.327209 -0.257883
2.4 2.2 0.0347 -0.402637
2.4 2.4 -0.337489 -0.199645
2.4 2.6 0.0769403 0.372786
2.4 2.8 -0.356017 -0.0997804
2.4 3 -0.35008 0.081319
2.4 3.2 0.276427 -0.214078
2.4 3.4 0.0386747 -0.338202
2.4 3.6 0.32793 0.0498853
2.4 3.8 -0.24483 -0.211433
2.4 4 -0.315537 0.0113249
2.4 4.2 -0.20939 -0.226452
2.4 4.4 0.301284 -0.0116154
2.4 4.6 -0.276728 -0.102114
2.4 4.8 -0.0825062 0.276738
2.4 5 0.0971861 0.26569
2.4 5.2 0.0281367 0.275908
2.4 5.4 -0.220634 0.159158
2.4 5.6 -0.111111 -0.242804
2.4 5.8 0.239855 0.105992
2.4 6 -0.247705 -0.0709524
2.4 6.2 0.197547 0.158562
2.4 6.4 -0.00254006 -0.249138
2.4 6.6 -0.237418 0.0611772
2.4 6.8 0.0210378 0.240448
2.4 7 0.213953 0.103605
2.4 7.2 0.227598 -0.0553004
2.4 7.4 0.189037 -0.132521
2.4 7.6 0.175198 -0.145337
2.4 7.8 0.196664 -0.108339
2.4 8 0.221087 -0.014227
2.4 8.2 0.179563 0.124789
2.4 8.4 0.0163518 0.215273
2.4 8.6 -0.180906 0.112849
2.4 8.8 -0.158516 -0.138706
2.4 9 0.117523 -0.171784
2.4 9.2 0.164369 0.123716
2.4 9.4 -0.152013 0.135129
2.4 9.6 -0.0752681 -0.186516
2.4 9.8 0.198044 0.0188661
2.6 -10 0.115483 0.159819
2.6 -9.8 0.175364 -0.0946914
2.6 -9.6 -0.0414893 -0.197165
2.6 -9.4 -0.197543 -0.0498639
2.6 -9.2 -0.158767 0.131368
2.6 -9 -0.0270877 0.20671
2.6 -8.8 0.0854623 0.19288
2.6 -8.6 0.14538 0.156411
2.6 -8.4 0.162434 0.14269
2.6 -8.2 0.141756 0.16689
2.6 -8 0.0641313 0.212358
2.6 -7.8 -0.088012 0.206856
2.6 -7.6 -0.22473 0.0377873
2.6 -7.4 -0.0910937 -0.212377
2.6 -7.2 0.224821 -0.0663971
2.6 -7 -0.0511361 0.232327
2.6 -6.8 -0.10115 -0.219296
2.6 -6.6 0.143873 0.198635
2.6 -6.4 -0.0801165 -0.235965
2.6 -6.2 -0.12393 0.220911
2.6 -6 0.240324 0.0927194
2.6 -5.8 0.200443 -0.168843
2.6 -5.6 0.130608 -0.232623
2.6 -5.4 0.218337 -0.161725
2.6 -5.2 0.221043 0.166743
2.6 -5 -0.273044 0.0717455
2.6 -4.8 0.286577 -0.0288243
2.6 -4.6 -0.0963487 -0.277796
2.6 -4.4 -0.219487 -0.205032
2.6 -4.2 0.0528683 -0.30243
2.6 -4 0.0969926 0.298685
2.6 -3.8 0.282604 -0.153165
2.6 -3.6 0.326584 -0.0417938
2.6 -3.4 -0.298077 0.158234
2.6 -3.2 -0.111848 0.327568
2.6 -3 -0.145875 -0.323918
2.6 -2.8 -0.238193 -0.27632
2.6 -2.6 -0.00228769 0.374813
2.6 -2.4 -0.270244 -0.274557
2.6 -2.2 0.289763 -0.269976
2.6 -2 0.236758 0.33122
2.6 -1.8 -0.34407 -0.238097
2.6 -1.6 -0.342077 0.260096
2.6 -1.4 0.0126691 -0.440679
2.6 -1.2 0.353625 -0.280806
2.6 -1 0.43907 0.142126
2.6 -0.8 -0.460639 0.0950615
2.6 -0.6 -0.352753 0.322163
2.6 -0.4 0.483045 0.0156684
2.6 -0.2 -0.486474 -0.0169753
2.6 0 0.48748 -0.0214262
2.6 0.2 -0.486474 -0.0169753
2.6 0.4 0.483045 0.0156684
2.6 0.6 -0.352753 0.322163
2.6 0.8 -0.460639 0.0950615
2.6 1 0.43907 0.142126
2.6 1.2 0.353625 -0.280806
2.6 1.4 0.0126691 -0.440679
2.6 1.6 -0.342077 0.260096
2.6 1.8 -0.34407 -0.238097
2.6 2 0.236758 0.33122
2.6 2.2 0.289763 -0.269976
2.6 2.4 -0.270244 -0.274557
2.6 2.6 -0.00228769 0.374813
2.6 2.8 -0.238193 -0.27632
2.6 3 -0.145875 -0.323918
2.6 3.2 -0.111848 0.327568
2.6 3.4 -0.298077 0.158234
2.6 3.6 0.326584 -0.0417938
2.6 3.8 0.282604 -0.153165
2.6 4 0.0969926 0.298685
2.6 4.2 0.0528683 -0.30243
2.6 4.4 -0.219487 -0.205032
2.6 4.6 -0.0963487 -0.277796
2.6 4.8 0.286577 -0.0288243
2.6 5 -0.273044 0.0717455
2.6 5.2 0.221043 0.166743
2.6 5.4 0.218337 -0.161725
2.6 5.6 0.130608 -0.232623
2.6 5.8 0.200443 -0.168843
2.6 6 0.240324 0.0927194
2.6 6.2 -0.12393 0.220911
2.6 6.4 -0.0801165 -0.235965
2.6 6.6 0.143873 0.198635
2.6 6.8 -0.10115 -0.219296
2.6 7 -0.0511361 0.232327
2.6 7.2 0.224821 -0.0663971
2.6 7.4 -0.0910937 -0.212377
2.6 7.6 -0.22473 0.0377873
2.6 7.8 -0.088012 0.206856
2.6 8 0.0641313 0.212358
2.6 8.2 0.141756 0.16689
2.6 8.4 0.162434 0.14269
2.6 8.6 0.14538 0.156411
2.6 8.8 0.0854623 0.19288
2.6 9 -0.0270877 0.20671
2.6 9.2 -0.158767 0.131368
2.6 9.4 -0.197543 -0.0498639
2.6 9.6 -0.0414893 -0.197165
2.6 9.8 0.175364 -0.0946914
2.8 -10 -0.184951 -0.0692113
2.8 -9.8 -0.192133 0.0540529
2.8 -9.6 -0.152051 0.132638
2.8 -9.4 -0.117114 0.167061
2.8 -9.2 -0.113614 0.17225
2.8 -9 -0.147146 0.14806
2.8 -8.8 -0.198651 0.0717769
2.8 -8.6 -0.200533 -0.0740917
2.8 -8.4 -0.0513579 -0.210253
2.8 -8.2 0.188331 -0.112121
2.8 -8 0.109754 0.192997
2.8 -7.8 -0.222218 0.0350791
2.8 -7.6 0.123065 -0.191969
2.8 -7.4 -0.0277079 0.229537
2.8 -7.2 0.0223292 -0.233436
2.8 -7 -0.120271 0.205295
2.8 -6.8 0.240064 -0.0262936
2.8 -6.6 -0.0508819 -0.239878
2.8 -6.4 -0.239606 -0.0680693
2.8 -6.2 -0.249455 0.0429497
2.8 -6 -0.25656 -0.0200255
2.8 -5.8 -0.121762 -0.231698
2.8 -5.6 0.260381 -0.0560573
2.8 -5.4 -0.224493 0.152092
2.8 -5.2 0.276086 0.0080904
2.8 -5 0.054855 -0.276089
2.8 -4.8 0.00684298 -0.286942
2.8 -4.6 0.274831 -0.101084
2.8 -4.4 -0.212795 0.20994
2.8 -4.2 0.269071 0.1443
2.8 -4 0.270691 0.155219
2.8 -3.8 -0.285718 0.142054
2.8 -3.6 0.188585 0.2665
2.8 -3.4 -0.119475 0.31214
2.8 -3.2 0.326761 -0.10208
2.8 -3 0.209103 0.281677
2.8 -2.8 0.354678 -0.0595034
2.8 -2.6 -0.367215 -0.0341001
2.8 -2.4 0.263376 -0.271493
2.8 -2.2 0.202672 0.330806
2.8 -2 -0.395792 -0.0401006
2.8 -1.8 0.355079 0.200419
2.8 -1.6 0.412316 0.0660011
2.8 -1.4 -0.420528 -0.0747762
2.8 -1.2 0.0936609 -0.426024
2.8 -1 0.444439 -0.00934858
2.8 -0.8 -0.302013 0.336124
2.8 -0.6 0.393927 0.233519
2.8 -0.4 -0.198946 0.417506
2.8 -0.2 0.12844 0.44722
2.8 0 0.209056 -0.416758
2.8 0.2 0.12844 0.44722
2.8 0.4 -0.198946 0.417506
2.8 0.6 0.393927 0.233519
2.8 0.8 -0.302013 0.336124
2.8 1 0.444439 -0.00934858
2.8 1.2 0.0936609 -0.426024
2.8 1.4 -0.420528 -0.0747762
2.8 1.6 0.412316 0.0660011
2.8 1.8 0.355079 0.200419
2.8 2 -0.395792 -0.0401006
2.8 2.2 0.202672 0.330806
2.8 2.4 0.263376 -0.271493
2.8 2.6 -0.367215 -0.0341001
2.8 2.8 0.354678 -0.0595034
2.8 3 0.209103 0.281677
2.8 3.2 0.326761 -0.10208
2.8 3.4 -0.119475 0.31214
2.8 3.6 0.188585 0.2665
2.8 3.8 -0.285718 0.142054
2.8 4 0.270691 0.155219
2.8 4.2 0.269071 0.1443
2.8 4.4 -0.212795 0.20994
2.8 4.6 0.274831 -0.101084
2.8 4.8 0.00684298 -0.286942
2.8 5 0.054855 -0.276089
2.8 5.2 0.276086 0.0080904
2.8 5.4 -0.224493 0.152092
2.8 5.6 0.260381 -0.0560573
2.8 5.8 -0.121762 -0.231698
2.8 6 -0.25656 -0.0200255
2.8 6.2 -0.249455 0.0429497
2.8 6.4 -0.239606 -0.0680693
2.8 6.6 -0.0508819 -0.239878
2.8 6.8 0.240064 -0.0262936
2.8 7 -0.120271 0.205295
2.8 7.2 0.0223292 -0.233436
2.8 7.4 -0.0277079 0.229537
2.8 7.6 0.123065 -0.191969
2.8 7.8 -0.222218 0.0350791
2.8 8 0.109754 0.192997
2.8 8.2 0.188331 -0.112121
2.8 8.4 -0.0513579 -0.210253
2.8 8.6 -0.200533 -0.0740917
2.8 8.8 -0.198651 0.0717769
2.8 9 -0.147146 0.14806
2.8 9.2 -0.113614 0.17225
2.8 9.4 -0.117114 0.167061
2.8 9.6 -0.152051 0.132638
2.8 9.8 -0.192133 0.0540529
3 -10 -0.177141 -0.0878328
3 -9.8 -0.152292 -0.129378
3 -9.6 -0.0784867 -0.18613
3 -9.4 0.0614892 -0.194765
3 -9.2 0.196837 -0.0626029
3 -9 0.127004 0.165907
3 -8.8 -0.159904 0.138279
3 -8.6 -0.0964899 -0.190953
3 -8.4 0.215439 0.0221958
3 -8.2 -0.187003 0.114557
3 -8 0.150008 -0.163816
3 -7.8 -0.170713 0.146633
3 -7.6 0.225119 -0.036567
3 -7.4 -0.152788 -0.173533
3 -7.2 -0.165705 0.165883
3 -7 0.0734419 0.226231
3 -6.8 0.178656 0.162301
3 -6.6 0.162588 0.183315
3 -6.4 -0.0155436 0.24835
3 -6.2 -0.252754 -0.00479972
3 -6 0.180753 -0.182598
3 -5.8 -0.196078 0.172624
3 -5.6 0.253335 0.0802247
3 -5.4 0.19701 -0.185249
3 -5.2 0.217309 -0.169061
3 -5 0.213926 0.181348
3 -4.8 -0.270592 -0.0919956
3 -4.6 0.019972 0.290716
3 -4.4 0.0929171 0.282361
3 -4.2 -0.295416 0.0690493
3 -4 0.283711 0.124384
3 -3.8 0.30354 0.089529
3 -3.6 -0.306342 0.103799
3 -3.4 -0.14846 0.295535
3 -3.2 -0.0371958 -0.336251
3 -3 -0.0216927 -0.345483
3 -2.8 -0.313689 0.164693
3 -2.6 0.245613 -0.266839
3 -2.4 0.169446 0.33032
3 -2.2 -0.363216 0.111565
3 -2 0.180221 -0.344448
3 -1.8 -0.364493 0.158567
3 -1.6 -0.363994 0.179998
3 -1.4 0.40423 -0.0908992
3 -1.2 0.085294 0.413374
3 -1 -0.268524 0.334752
3 -0.8 -0.411116 -0.143075
3 -0.6 0.427449 -0.105811
3 -0.4 -0.0905017 -0.434791
3 -0.2 0.399411 -0.199425
3 0 -0.2514 -0.369862
3 0.2 0.399411 -0.199425
3 0.4 -0.0905017 -0.434791
3 0.6 0.427449 -0.105811
3 0.8 -0.411116 -0.143075
3 1 -0.268524 0.334752
3 1.2 0.085294 0.413374
3 1.4 0.40423 -0.0908992
3 1.6 -0.363994 0.179998
3 1.8 -0.364493 0.158567
3 2 0.180221 -0.344448
3 2.2 -0.363216 0.111565
3 2.4 0.169446 0.33032
3 2.6 0.245613 -0.266839
3 2.8 -0.313689 0.164693
3 3 -0.0216927 -0.345483
3 3.2 -0.0371958 -0.336251
3 3.4 -0.14846 0.295535
3 3.6 -0.306342 0.103799
3 3.8 0.30354 0.089529
3 4 0.283711 0.124384
3 4.2 -0.295416 0.0690493
3 4.4 0.0929171 0.282361
3 4.6 0.019972 0.290716
3 4.8 -0.270592 -0.0919956
3 5 0.213926 0.181348
3 5.2 0.217309 -0.169061
3 5.4 0.19701 -0.185249
3 5.6 0.253335 0.0802247
3 5.8 -0.196078 0.172624
3 6 0.180753 -0.182598
3 6.2 -0.252754 -0.00479972
3 6.4 -0.0155436 0.24835
3 6.6 0.162588 0.183315
3 6.8 0.178656 0.162301
3 7 0.0734419 0.226231
3 7.2 -0.165705 0.165883
3 7.4 -0.152788 -0.173533
3 7.6 0.225119 -0.036567
3 7.8 -0.170713 0.146633
3 8 0.150008 -0.163816
3 8.2 -0.187003 0.114557
3 8.4 0.215439 0.0221958
3 8.6 -0.0964899 -0.190953
3 8.8 -0.159904 0.138279
3 9 0.127004 0.165907
3 9.2 0.196837 -0.0626029
3 9.4 0.0614892 -0.194765
3 9.6 -0.0784867 -0.18613
3 9.8 -0.152292 -0.129378
3.2 -10 0.0720802 0.184317
3.2 -9.8 -0.145227 0.137522
3.2 -9.6 -0.156285 -0.128248
3.2 -9.4 0.151849 -0.136821
3.2 -9.2 0.059183 0.19804
3.2 -9 -0.186977 -0.0935251
3.2 -8.8 0.211459 -0.00456339
3.2 -8.6 -0.2115 0.0328393
3.2 -8.4 0.215767 0.0194737
3.2 -8.2 -0.162532 -0.14729
3.2 -8 -0.0532005 0.215668
3.2 -7.8 0.220162 0.0465091
3.2 -7.6 0.141356 -0.178908
3.2 -7.4 0.0205718 -0.230195
3.2 -7.2 0.0188472 -0.233567
3.2 -7 0.15073 -0.183746
3.2 -6.8 0.22334 0.0908746
3.2 -6.6 -0.176101 0.169923
3.2 -6.4 0.102663 -0.226246
3.2 -6.2 -0.196257 0.158603
3.2 -6 0.195963 0.165304
3.2 -5.8 0.260042 -0.0166958
3.2 -5.6 0.256211 0.0675078
3.2 -5.4 -0.0524691 0.26436
3.2 -5.2 -0.0373331 -0.271716
3.2 -5 -0.228295 0.160768
3.2 -4.8 -0.13067 0.252588
3.2 -4.6 -0.286336 -0.04447
3.2 -4.4 0.291285 0.0490107
3.2 -4.2 0.198096 -0.226924
3.2 -4 0.274709 0.137751
3.2 -3.8 -0.102686 -0.296358
3.2 -3.6 0.0591118 -0.314719
3.2 -3.4 -0.230514 0.231995
3.2 -3.2 -0.322961 -0.0855674
3.2 -3 -0.195257 0.280034
3.2 -2.8 0.234362 -0.258427
3.2 -2.6 0.137059 0.329124
3.2 -2.4 -0.297142 0.210763
3.2 -2.2 -0.276679 -0.248876
3.2 -2 0.359658 -0.122593
3.2 -1.8 -0.384111 -0.0527089
3.2 -1.6 -0.390099 0.0634674
3.2 -1.4 0.381659 -0.127527
3.2 -1.2 0.342559 0.223611
3.2 -1 0.393446 0.132364
3.2 -0.8 0.412462 -0.0809742
3.2 -0.6 0.418998 -0.0686841
3.2 -0.4 0.188787 0.383825
3.2 -0.2 -0.222514 -0.367574
3.2 0 -0.428662 0.0378678
3.2 0.2 -0.222514 -0.367574
3.2 0.4 0.188787 0.383825
3.2 0.6 0.418998 -0.0686841
3.2 0.8 0.412462 -0.0809742
3.2 1 0.393446 0.132364
3.2 1.2 0.342559 0.223611
3.2 1.4 0.381659 -0.127527
3.2 1.6 -0.390099 0.0634674
3.2 1.8 -0.384111 -0.0527089
3.2 2 0.359658 -0.122593
3.2 2.2 -0.276679 -0.248876
3.2 2.4 -0.297142 0.210763
3.2 2.6 0.137059 0.329124
3.2 2.8 0.234362 -0.258427
3.2 3 -0.195257 0.280034
3.2 3.2 -0.322961 -0.0855674
3.2 3.4 -0.230514 0.231995
3.2 3.6 0.0591118 -0.314719
3.2 3.8 -0.102686 -0.296358
3.2 4 0.274709 0.137751
3.2 4.2 0.198096 -0.226924
3.2 4.4 0.291285 0.0490107
3.2 4.6 -0.286336 -0.04447
3.2 4.8 -0.13067 0.252588
3.2 5 -0.228295 0.160768
3.2 5.2 -0.0373331 -0.271716
3.2 5.4 -0.0524691 0.26436
3.2 5.6 0.256211 0.0675078
3.2 5.8 0.260042 -0.0166958
3.2 6 0.195963 0.165304
3.2 6.2 -0.196257 0.158603
3.2 6.4 0.102663 -0.226246
3.2 6.6 -0.176101 0.169923
3.2 6.8 0.22334 0.0908746
3.2 7 0.15073 -0.183746
3.2 7.2 0.0188472 -0.233567
3.2 7.4 0.0205718 -0.230195
3.2 7.6 0.141356 -0.178908
3.2 7.8 0.220162 0.0465091
3.2 8 -0.0532005 0.215668
3.2 8.2 -0.162532 -0.14729
3.2 8.4 0.215767 0.0194737
3.2 8.6 -0.2115 0.0328393
3.2 8.8 0.211459 -0.00456339
3.2 9 -0.186977 -0.0935251
3.2 9.2 0.059183 0.19804
3.2 9.4 0.151849 -0.136821
3.2 9.6 -0.156285 -0.128248
3.2 9.8 -0.145227 0.137522
3.4 -10 -0.160351 0.116232
3.4 -9.8 -0.00181112 -0.200124
3.4 -9.6 0.124617 0.159335
3.4 -9.4 -0.172362 -0.110037
3.4 -9.2 0.174702 0.110606
3.4 -9 -0.127256 -0.165945
3.4 -8.8 -0.0161652 0.210927
3.4 -8.6 0.200278 -0.075534
3.4 -8.4 -0.0779933 -0.202104
3.4 -8.2 -0.218556 -0.018045
3.4 -8 -0.189537 0.115697
3.4 -7.8 -0.178423 0.136931
3.4 -7.6 -0.223324 0.0452469
3.4 -7.4 -0.151219 -0.174514
3.4 -7.2 0.195617 -0.128559
3.4 -7 -0.0579996 0.230163
3.4 -6.8 0.0604584 -0.233041
3.4 -6.6 -0.21423 0.117382
3.4 -6.4 0.0925035 0.230035
3.4 -6.2 0.195324 0.158804
3.4 -6 0.0920341 0.238537
3.4 -5.8 -0.247778 0.0780208
3.4 -5.6 0.217811 -0.149227
3.4 -5.4 -0.244614 -0.110588
3.4 -5.2 -0.264585 0.0674585
3.4 -5 -0.220608 -0.168882
3.4 -4.8 0.279915 0.0402782
3.4 -4.6 -0.0119449 -0.287714
3.4 -4.4 0.0835904 -0.281163
3.4 -4.2 0.0666578 0.291367
3.4 -4 0.297002 0.0679248
3.4 -3.8 -0.101666 0.293547
3.4 -3.6 0.29194 0.123124
3.4 -3.4 -0.221801 0.235116
3.4 -3.2 -0.0682029 0.322668
3.4 -3 0.227937 -0.247592
3.4 -2.8 0.105526 0.326806
3.4 -2.6 -0.224979 0.268652
3.4 -2.4 -0.333273 0.129284
3.4 -2.2 -0.353054 -0.0907751
3.4 -2 0.0362802 -0.369767
3.4 -1.8 0.0398632 0.376298
3.4 -1.6 0.353296 0.153049
3.4 -1.4 -0.297991 0.25359
3.4 -1.2 -0.190657 0.348317
3.4 -1 0.39994 0.0433007
3.4 -0.8 -0.368067 -0.173114
3.4 -0.6 0.337444 0.233523
3.4 -0.4 -0.157729 -0.381736
3.4 -0.2 -0.354708 0.214798
3.4 0 -0.169601 0.379011
3.4 0.2 -0.354708 0.214798
3.4 0.4 -0.157729 -0.381736
3.4 0.6 0.337444 0.233523
3.4 0.8 -0.368067 -0.173114
3.4 1 0.39994 0.0433007
3.4 1.2 -0.190657 0.348317
3.4 1.4 -0.297991 0.25359
3.4 1.6 0.353296 0.153049
3.4 1.8 0.0398632 0.376298
3.4 2 0.0362802 -0.369767
3.4 2.2 -0.353054 -0.0907751
3.4 2.4 -0.333273 0.129284
3.4 2.6 -0.224979 0.268652
3.4 2.8 0.105526 0.326806
3.4 3 0.227937 -0.247592
3.4 3.2 -0.0682029 0.322668
3.4 3.4 -0.221801 0.235116
3.4 3.6 0.29194 0.123124
3.4 3.8 -0.101666 0.293547
3.4 4 0.297002 0.0679248
3.4 4.2 0.0666578 0.291367
3.4 4.4 0.0835904 -0.281163
3.4 4.6 -0.0119449 -0.287714
3.4 4.8 0.279915 0.0402782
3.4 5 -0.220608 -0.168882
3.4 5.2 -0.264585 0.0674585
3.4 5.4 -0.244614 -0.110588
3.4 5.6 0.217811 -0.149227
3.4 5.8 -0.247778 0.0780208
3.4 6 0.0920341 0.238537
3.4 6.2 0.195324 0.158804
3.4 6.4 0.0925035 0.230035
3.4 6.6 -0.21423 0.117382
3.4 6.8 0.0604584 -0.233041
3.4 7 -0.0579996 0.230163
3.4 7.2 0.195617 -0.128559
3.4 7.4 -0.151219 -0.174514
3.4 7.6 -0.223324 0.0452469
3.4 7.8 -0.178423 0.136931
3.4 8 -0.189537 0.115697
3.4 8.2 -0.218556 -0.018045
3.4 8.4 -0.0779933 -0.202104
3.4 8.6 0.200278 -0.075534
3.4 8.8 -0.0161652 0.210927
3.4 9 -0.127256 -0.165945
3.4 9.2 0.174702 0.110606
3.4 9.4 -0.172362 -0.110037
3.4 9.6 0.124617 0.159335
3.4 9.8 -0.00181112 -0.200124
3.6 -10 0.07028 0.185247
3.6 -9.8 -0.0501088 -0.193829
3.6 -9.6 -0.0390253 0.198533
3.6 -9.4 0.171948 -0.110748
3.6 -9.2 -0.169341 -0.118677
3.6 -9 -0.12255 0.169442
3.6 -8.8 0.101851 0.185378
3.6 -8.6 0.197565 0.0822184
3.6 -8.4 0.212041 0.0439333
3.6 -8.2 0.18909 0.110837
3.6 -8 0.0362478 0.218922
3.6 -7.8 -0.216577 0.0599262
3.6 -7.6 0.0571401 -0.220333
3.6 -7.4 0.0273668 0.228998
3.6 -7.2 0.0536993 -0.227484
3.6 -7 -0.231691 0.0496612
3.6 -6.8 -0.0434289 0.236328
3.6 -6.6 0.0233248 0.242616
3.6 -6.4 -0.139185 0.204424
3.6 -6.2 -0.180247 -0.174697
3.6 -6 0.222905 0.123545
3.6 -5.8 -0.0254153 -0.257584
3.6 -5.6 -0.21216 -0.155364
3.6 -5.4 -0.0861318 -0.252985
3.6 -5.2 0.260249 0.0779961
3.6 -5 -0.13459 -0.241291
3.6 -4.8 -0.236323 -0.152141
3.6 -4.6 0.153904 -0.241066
3.6 -4.4 -0.275964 0.0927215
3.6 -4.2 -0.28174 0.0921265
3.6 -4 0.223878 -0.202528
3.6 -3.8 0.0787583 -0.29728
3.6 -3.6 0.0542144 0.308622
3.6 -3.4 0.0411288 0.316657
3.6 -3.2 0.22503 -0.235085
3.6 -3 0.0748915 0.323097
3.6 -2.8 -0.159003 0.298258
3.6 -2.6 -0.0916949 0.331956
3.6 -2.4 0.120035 0.329623
3.6 -2.2 0.252003 0.253119
3.6 -2 0.14415 0.333648
3.6 -1.8 -0.366289 0.0490937
3.6 -1.6 0.279992 0.250086
3.6 -1.4 0.0973088 0.368283
3.6 -1.2 0.263202 -0.282319
3.6 -1 0.105358 0.376004
3.6 -0.8 -0.172786 0.354473
3.6 -0.6 -0.140654 0.371734
3.6 -0.4 0.0278591 0.398769
3.6 -0.2 0.184943 0.355962
3.6 0 0.240216 0.321849
3.6 0.2 0.184943 0.355962
3.6 0.4 0.0278591 0.398769
3.6 0.6 -0.140654 0.371734
3.6 0.8 -0.172786 0.354473
3.6 1 0.105358 0.376004
3.6 1.2 0.263202 -0.282319
3.6 1.4 0.0973088 0.368283
3.6 1.6 0.279992 0.250086
3.6 1.8 -0.366289 0.0490937
3.6 2 0.14415 0.333648
3.6 2.2 0.252003 0.253119
3.6 2.4 0.120035 0.329623
3.6 2.6 -0.0916949 0.331956
3.6 2.8 -0.159003 0.298258
3.6 3 0.0748915 0.323097
3.6 3.2 0.22503 -0.235085
3.6 3.4 0.0411288 0.316657
3.6 3.6 0.0542144 0.308622
3.6 3.8 0.0787583 -0.29728
3.6 4 0.223878 -0.202528
3.6 4.2 -0.28174 0.0921265
3.6 4.4 -0.275964 0.0927215
3.6 4.6 0.153904 -0.241066
3.6 4.8 -0.236323 -0.152141
3.6 5 -0.13459 -0.241291
3.6 5.2 0.260249 0.0779961
3.6 5.4 -0.0861318 -0.252985
3.6 5.6 -0.21216 -0.155364
3.6 5.8 -0.0254153 -0.257584
3.6 6 0.222905 0.123545
3.6 6.2 -0.180247 -0.174697
3.6 6.4 -0.139185 0.204424
3.6 6.6 0.0233248 0.242616
3.6 6.8 -0.0434289 0.236328
3.6 7 -0.231691 0.0496612
3.6 7.2 0.0536993 -0.227484
3.6 7.4 0.0273668 0.228998
3.6 7.6 0.0571401 -0.220333
3.6 7.8 -0.216577 0.0599262
3.6 8 0.0362478 0.218922
3.6 8.2 0.18909 0.110837
3.6 8.4 0.212041 0.0439333
3.6 8.6 0.197565 0.0822184
3.6 8.8 0.101851 0.185378
3.6 9 -0.12255 0.169442
3.6 9.2 -0.169341 -0.118677
3.6 9.4 0.171948 -0.110748
3.6 9.6 -0.0390253 0.198533
3.6 9.8 -0.0501088 -0.193829
3.8 -10 -0.185535 -0.0696092
3.8 -9.8 -0.00307147 0.200194
3.8 -9.6 0.202078 0.0101016
3.8 -9.4 0.0953122 -0.180935
3.8 -9.2 -0.0465285 -0.201438
3.8 -9 -0.0982227 -0.184533
3.8 -8.8 -0.0571862 -0.203538
3.8 -8.6 0.092753 -0.192705
3.8 -8.4 0.214273 0.030169
3.8 -8.2 -0.0864387 0.201205
3.8 -8 -0.0626585 -0.212629
3.8 -7.8 0.0716892 0.212681
3.8 -7.6 0.0747194 -0.214665
3.8 -7.4 -0.226867 -0.0393243
3.8 -7.2 -0.168795 0.161051
3.8 -7 -0.158373 0.175581
3.8 -6.8 -0.239702 -0.00244046
3.8 -6.6 0.0666761 -0.233763
3.8 -6.4 -0.0103927 0.246355
3.8 -6.2 0.20456 -0.144035
3.8 -6 -0.00677253 -0.253825
3.8 -5.8 0.0841513 -0.243657
3.8 -5.6 0.219669 0.142384
3.8 -5.4 -0.180784 -0.195007
3.8 -5.2 -0.252973 0.0949215
3.8 -5 -0.260764 -0.0861332
3.8 -4.8 0.277195 -0.0333732
3.8 -4.6 0.0219023 -0.283077
3.8 -4.4 0.25885 -0.128074
3.8 -4.2 -0.293238 -0.0186265
3.8 -4 -0.283722 -0.0943721
3.8 -3.8 0.253662 0.168134
3.8 -3.6 0.124832 0.283512
3.8 -3.4 0.224629 -0.221336
3.8 -3.2 0.0452252 0.317834
3.8 -3 -0.10347 0.30999
3.8 -2.8 0.166567 0.287917
3.8 -2.6 0.271542 -0.202067
3.8 -2.4 -0.304808 -0.160128
3.8 -2.2 -0.0854664 0.339483
3.8 -2 0.249445 0.253603
3.8 -1.8 0.146293 0.330225
3.8 -1.6 -0.34111 -0.133699
3.8 -1.4 -0.223998 0.296043
3.8 -1.2 -0.195974 -0.320511
3.8 -1 -0.329842 -0.187912
3.8 -0.8 0.118838 0.364063
3.8 -0.6 -0.322817 -0.211012
3.8 -0.4 0.173165 -0.346811
3.8 -0.2 0.363887 -0.137062
3.8 0 0.385848 -0.0513481
3.8 0.2 0.363887 -0.137062
3.8 0.4 0.173165 -0.346811
3.8 0.6 -0.322817 -0.211012
3.8 0.8 0.118838 0.364063
3.8 1 -0.329842 -0.187912
3.8 1.2 -0.195974 -0.320511
3.8 1.4 -0.223998 0.296043
3.8 1.6 -0.34111 -0.133699
3.8 1.8 0.146293 0.330225
3.8 2 0.249445 0.253603
3.8 2.2 -0.0854664 0.339483
3.8 2.4 -0.304808 -0.160128
3.8 2.6 0.271542 -0.202067
3.8 2.8 0.166567 0.287917
3.8 3 -0.10347 0.30999
3.8 3.2 0.0452252 0.317834
3.8 3.4 0.224629 -0.221336
3.8 3.6 0.124832 0.283512
3.8 3.8 0.253662 0.168134
3.8 4 -0.283722 -0.0943721
3.8 4.2 -0.293238 -0.0186265
3.8 4.4 0.25885 -0.128074
3.8 4.6 0.0219023 -0.283077
3.8 4.8 0.277195 -0.0333732
3.8 5 -0.260764 -0.0861332
3.8 5.2 -0.252973 0.0949215
3.8 5.4 -0.180784 -0.195007
3.8 5.6 0.219669 0.142384
3.8 5.8 0.0841513 -0.243657
3.8 6 -0.00677253 -0.253825
3.8 6.2 0.20456 -0.144035
3.8 6.4 -0.0103927 0.246355
3.8 6.6 0.0666761 -0.233763
3.8 6.8 -0.239702 -0.00244046
3.8 7 -0.158373 0.175581
3.8 7.2 -0.168795 0.161051
3.8 7.4 -0.226867 -0.0393243
3.8 7.6 0.0747194 -0.214665
3.8 7.8 0.0716892 0.212681
3.8 8 -0.0626585 -0.212629
3.8 8.2 -0.0864387 0.201205
3.8 8.4 0.214273 0.030169
3.8 8.6 0.092753 -0.192705
3.8 8.8 -0.0571862 -0.203538
3.8 9 -0.0982227 -0.184533
3.8 9.2 -0.0465285 -0.201438
3.8 9.4 0.0953122 -0.180935
3.8 9.6 0.202078 0.0101016
3.8 9.8 -0.00307147 0.200194
4 -10 -0.197202 0.0193323
4 -9.8 -0.133221 0.149416
4 -9.6 -0.079364 0.186055
4 -9.4 -0.101993 0.177166
4 -9.2 -0.185238 0.0915787
4 -9 -0.169023 -0.122791
4 -8.8 0.131715 -0.165173
4 -8.6 0.0614914 0.204635
4 -8.4 -0.132711 -0.170626
4 -8.2 0.0844215 0.201773
4 -8 0.114485 -0.189459
4 -7.8 -0.180781 -0.13241
4 -7.6 -0.226129 0.0186089
4 -7.4 -0.229724 -0.0055199
4 -7.2 -0.124271 -0.196833
4 -7 0.230649 -0.0493322
4 -6.8 -0.218109 0.0978486
4 -6.6 0.218369 0.105092
4 -6.4 0.194008 -0.150827
4 -6.2 0.216311 -0.123834
4 -6 0.143404 0.20828
4 -5.8 -0.184809 -0.17804
4 -5.6 -0.139191 0.220177
4 -5.4 -0.123596 0.233819
4 -5.2 -0.209815 -0.167693
4 -5 0.0778058 0.261515
4 -4.8 0.17089 0.218289
4 -4.6 -0.271913 0.0737482
4 -4.4 0.126489 0.25693
4 -4.2 -0.153025 0.24769
4 -4 0.293655 -0.0374997
4 -3.8 0.183915 0.238337
4 -3.6 0.225947 -0.206597
4 -3.4 0.0166135 0.310923
4 -3.2 -0.0588804 0.311126
4 -3 0.300894 0.114615
4 -2.8 -0.205615 -0.254712
4 -2.6 0.265958 0.199896
4 -2.4 -0.336412 -0.032913
4 -2.2 0.332833 -0.0839028
4 -2 -0.345065 -0.0476054
4 -1.8 -0.0779816 0.344511
4 -1.6 -0.191096 0.302568
4 -1.4 0.0512983 -0.358522
4 -1.2 -0.175366 -0.321359
4 -1 0.276777 0.244879
4 -0.8 0.153644 0.339329
4 -0.6 0.34662 -0.142701
4 -0.4 -0.346874 0.14656
4 -0.2 -0.0738441 -0.370322
4 0 0.138989 -0.351482
4 0.2 -0.0738441 -0.370322
4 0.4 -0.346874 0.14656
4 0.6 0.34662 -0.142701
4 0.8 0.153644 0.339329
4 1 0.276777 0.244879
4 1.2 -0.175366 -0.321359
4 1.4 0.0512983 -0.358522
4 1.6 -0.191096 0.302568
4 1.8 -0.0779816 0.344511
4 2 -0.345065 -0.0476054
4 2.2 0.332833 -0.0839028
4 2.4 -0.336412 -0.032913
4 2.6 0.265958 0.199896
4 2.8 -0.205615 -0.254712
4 3 0.300894 0.114615
4 3.2 -0.0588804 0.311126
4 3.4 0.0166135 0.310923
4 3.6 0.225947 -0.206597
4 3.8 0.183915 0.238337
4 4 0.293655 -0.0374997
4 4.2 -0.153025 0.24769
4 4.4 0.126489 0.25693
4 4.6 -0.271913 0.0737482
4 4.8 0.17089 0.218289
4 5 0.0778058 0.261515
4 5.2 -0.209815 -0.167693
4 5.4 -0.123596 0.233819
4 5.6 -0.139191 0.220177
4 5.8 -0.184809 -0.17804
4 6 0.143404 0.20828
4 6.2 0.216311 -0.123834
4 6.4 0.194008 -0.150827
4 6.6 0.218369 0.105092
4 6.8 -0.218109 0.0978486
4 7 0.230649 -0.0493322
4 7.2 -0.124271 -0.196833
4 7.4 -0.229724 -0.0055199
4 7.6 -0.226129 0.0186089
4 7.8 -0.180781 -0.13241
4 8 0.114485 -0.189459
4 8.2 0.0844215 0.201773
4 8.4 -0.132711 -0.170626
4 8.6 0.0614914 0.204635
4 8.8 0.131715 -0.165173
4 9 -0.169023 -0.122791
4 9.2 -0.185238 0.0915787
4 9.4 -0.101993 0.177166
4 9.6 -0.079364 0.186055
4 9.8 -0.133221 0.149416
4.2 -10 0.192956 -0.0447766
4.2 -9.8 0.194125 0.0485289
4.2 -9.6 0.0769291 0.18696
4.2 -9.4 -0.175544 0.104503
4.2 -9.2 -0.0342538 -0.203621
4.2 -9 0.152609 0.142404
4.2 -8.8 -0.164461 -0.132255
4.2 -8.6 0.0736218 0.200321
4.2 -8.4 0.161009 -0.143792
4.2 -8.2 -0.0874974 -0.200097
4.2 -8 -0.176966 -0.132356
4.2 -7.8 -0.137075 -0.176732
4.2 -7.6 0.0977144 -0.204243
4.2 -7.4 0.14707 0.175862
4.2 -7.2 -0.179763 -0.146943
4.2 -7 0.0129208 0.234839
4.2 -6.8 0.227936 0.0695263
4.2 -6.6 0.234267 0.0587046
4.2 -6.4 0.029703 0.243007
4.2 -6.2 -0.162338 -0.187781
4.2 -6 -0.036034 0.249146
4.2 -5.8 0.140693 0.213107
4.2 -5.6 -0.0931466 0.241772
4.2 -5.4 -0.00330037 -0.26292
4.2 -5.2 -0.266888 0.00257159
4.2 -5 -0.233255 -0.13791
4.2 -4.8 0.268551 0.0599611
4.2 -4.6 0.201778 -0.193356
4.2 -4.4 0.169658 0.227602
4.2 -4.2 0.209928 -0.197745
4.2 -4 0.22271 0.190418
4.2 -3.8 0.228365 -0.191029
4.2 -3.6 -0.0108449 0.302327
4.2 -3.4 -0.0242064 0.306428
4.2 -3.2 0.30432 -0.0701151
4.2 -3 -0.276462 0.155577
4.2 -2.8 -0.12127 -0.298477
4.2 -2.6 0.177234 -0.274906
4.2 -2.4 0.31344 -0.109258
4.2 -2.2 0.296151 0.160159
4.2 -2 -0.134739 0.31356
4.2 -1.8 -0.0387395 -0.343507
4.2 -1.6 -0.29609 0.186321
4.2 -1.4 -0.318485 0.153803
4.2 -1.2 0.230137 -0.273128
4.2 -1 0.0705571 -0.353241
4.2 -0.8 -0.00812719 0.362716
4.2 -0.6 -0.185761 0.314048
4.2 -0.4 0.329074 0.161078
4.2 -0.2 -0.367297 -0.00141244
4.2 0 -0.232678 -0.284598
4.2 0.2 -0.367297 -0.00141244
4.2 0.4 0.329074 0.161078
4.2 0.6 -0.185761 0.314048
4.2 0.8 -0.00812719 0.362716
4.2 1 0.0705571 -0.353241
4.2 1.2 0.230137 -0.273128
4.2 1.4 -0.318485 0.153803
4.2 1.6 -0.29609 0.186321
4.2 1.8 -0.0387395 -0.343507
4.2 2 -0.134739 0.31356
4.2 2.2 0.296151 0.160159
4.2 2.4 0.31344 -0.109258
4.2 2.6 0.177234 -0.274906
4.2 2.8 -0.12127 -0.298477
4.2 3 -0.276462 0.155577
4.2 3.2 0.30432 -0.0701151
4.2 3.4 -0.0242064 0.306428
4.2 3.6 -0.0108449 0.302327
4.2 3.8 0.228365 -0.191029
4.2 4 0.22271 0.190418
4.2 4.2 0.209928 -0.197745
4.2 4.4 0.169658 0.227602
4.2 4.6 0.201778 -0.193356
4.2 4.8 0.268551 0.0599611
4.2 5 -0.233255 -0.13791
4.2 5.2 -0.266888 0.00257159
4.2 5.4 -0.00330037 -0.26292
4.2 5.6 -0.0931466 0.241772
4.2 5.8 0.140693 0.213107
4.2 6 -0.036034 0.249146
4.2 6.2 -0.162338 -0.187781
4.2 6.4 0.029703 0.243007
4.2 6.6 0.234267 0.0587046
4.2 6.8 0.227936 0.0695263
4.2 7 0.0129208 0.234839
4.2 7.2 -0.179763 -0.146943
4.2 7.4 0.14707 0.175862
4.2 7.6 0.0977144 -0.204243
4.2 7.8 -0.137075 -0.176732
4.2 8 -0.176966 -0.132356
4.2 8.2 -0.0874974 -0.200097
4.2 8.4 0.161009 -0.143792
4.2 8.6 0.0736218 0.200321
4.2 8.8 -0.164461 -0.132255
4.2 9 0.152609 0.142404
4.2 9.2 -0.0342538 -0.203621
4.2 9.4 -0.175544 0.104503
4.2 9.6 0.0769291 0.18696
4.2 9.8 0.194125 0.0485289
4.4 -10 0.196988 -0.0197394
4.4 -9.8 -0.013029 0.199542
4.4 -9.6 -0.149743 -0.135595
4.4 -9.4 0.190334 0.0737233
4.4 -9.2 -0.173955 -0.11085
4.4 -9 0.0432599 0.203951
4.4 -8.8 0.197712 -0.0730267
4.4 -8.6 0.0361567 -0.21002
4.4 -8.4 -0.0357145 -0.212539
4.4 -8.2 0.0538512 -0.21124
4.4 -8 0.219328 -0.0231322
4.4 -7.8 -0.0850328 0.206332
4.4 -7.6 0.0496243 -0.220347
4.4 -7.4 -0.194436 0.120302
4.4 -7.2 0.0686372 0.221094
4.4 -7 0.116636 0.203375
4.4 -6.8 -0.0996102 0.215577
4.4 -6.6 -0.115423 -0.211104
4.4 -6.4 0.0219348 0.242822
4.4 -6.2 0.242712 0.0464544
4.4 -6 0.226454 0.10714
4.4 -5.8 -0.179042 0.180196
4.4 -5.6 0.250423 -0.0604751
4.4 -5.4 0.160424 -0.206285
4.4 -5.2 0.235007 0.122731
4.4 -5 -0.155464 -0.21956
4.4 -4.8 -0.211533 -0.172622
4.4 -4.6 0.274417 -0.0386574
4.4 -4.4 0.0718458 -0.271989
4.4 -4.2 0.246126 0.144871
4.4 -4 0.231389 -0.174742
4.4 -3.8 -0.0370441 0.29205
4.4 -3.6 0.00204367 0.298875
4.4 -3.4 0.224032 -0.204629
4.4 -3.2 0.0536256 0.303282
4.4 -3 -0.141075 0.278913
4.4 -2.8 0.00274603 0.317107
4.4 -2.6 0.301208 0.112786
4.4 -2.4 0.130138 -0.298971
4.4 -2.2 -0.277015 -0.180054
4.4 -2 -0.321991 0.0908346
4.4 -1.8 -0.335852 0.0425001
4.4 -1.6 -0.0343271 -0.340535
4.4 -1.4 -0.0822133 0.335783
4.4 -1.2 0.0873017 0.337703
4.4 -1 -0.325632 -0.132415
4.4 -0.8 -0.286752 0.20727
4.4 -0.6 0.0576545 -0.350943
4.4 -0.4 -0.0483933 -0.353683
4.4 -0.2 -0.0836779 0.347864
4.4 0 -0.352495 0.0628674
4.4 0.2 -0.0836779 0.347864
4.4 0.4 -0.0483933 -0.353683
4.4 0.6 0.0576545 -0.350943
4.4 0.8 -0.286752 0.20727
4.4 1 -0.325632 -0.132415
4.4 1.2 0.0873017 0.337703
4.4 1.4 -0.0822133 0.335783
4.4 1.6 -0.0343271 -0.340535
4.4 1.8 -0.335852 0.0425001
4.4 2 -0.321991 0.0908346
4.4 2.2 -0.277015 -0.180054
4.4 2.4 0.130138 -0.298971
4.4 2.6 0.301208 0.112786
4.4 2.8 0.00274603 0.317107
4.4 3 -0.141075 0.278913
4.4 3.2 0.0536256 0.303282
4.4 3.4 0.224032 -0.204629
4.4 3.6 0.00204367 0.298875
4.4 3.8 -0.0370441 0.29205
4.4 4 0.231389 -0.174742
4.4 4.2 0.246126 0.144871
4.4 4.4 0.0718458 -0.271989
4.4 4.6 0.274417 -0.0386574
4.4 4.8 -0.211533 -0.172622
4.4 5 -0.155464 -0.21956
4.4 5.2 0.235007 0.122731
4.4 5.4 0.160424 -0.206285
4.4 5.6 0.250423 -0.0604751
4.4 5.8 -0.179042 0.180196
4.4 6 0.226454 0.10714
4.4 6.2 0.242712 0.0464544
4.4 6.4 0.0219348 0.242822
4.4 6.6 -0.115423 -0.211104
4.4 6.8 -0.0996102 0.215577
4.4 7 0.116636 0.203375
4.4 7.2 0.0686372 0.221094
4.4 7.4 -0.194436 0.120302
4.4 7.6 0.0496243 -0.220347
4.4 7.8 -0.0850328 0.206332
4.4 8 0.219328 -0.0231322
4.4 8.2 0.0538512 -0.21124
4.4 8.4 -0.0357145 -0.212539
4.4 8.6 0.0361567 -0.21002
4.4 8.8 0.197712 -0.0730267
4.4 9 0.0432599 0.203951
4.4 9.2 -0.173955 -0.11085
4.4 9.4 0.190334 0.0737233
4.4 9.6 -0.149743 -0.135595
4.4 9.8 -0.013029 0.199542
4.6 -10 -0.193163 -0.0426752
4.6 -9.8 0.198444 0.0231523
4.6 -9.6 -0.170567 -0.107861
4.6 -9.4 -0.00408707 0.203841
4.6 -9.2 0.205217 0.0180578
4.6 -9 0.149595 -0.144798
4.6 -8.8 0.123669 -0.170265
4.6 -8.6 0.196535 -0.0814452
4.6 -8.4 0.129802 0.171533
4.6 -8.2 -0.216652 0.0196617
4.6 -8 0.213619 -0.0527762
4.6 -7.8 -0.19304 -0.110867
4.6 -7.6 -0.142839 0.174171
4.6 -7.4 -0.0709742 0.216638
4.6 -7.2 -0.199976 0.115152
4.6 -7 -0.0434367 -0.229557
4.6 -6.8 0.0399084 0.233191
4.6 -6.6 0.222061 -0.090023
4.6 -6.4 0.17889 -0.164065
4.6 -6.2 0.223593 0.102425
4.6 -6 -0.248075 -0.0239468
4.6 -5.8 0.0137946 0.252231
4.6 -5.6 -0.0264653 0.254705
4.6 -5.4 -0.197236 -0.168843
4.6 -5.2 -0.0869955 0.248493
4.6 -5 -0.176453 0.200404
4.6 -4.8 0.122052 -0.241775
4.6 -4.6 -0.0645909 -0.267036
4.6 -4.4 0.258526 0.104147
4.6 -4.2 0.234624 -0.157823
4.6 -4 -0.0618753 0.280128
4.6 -3.8 0.021358 0.290263
4.6 -3.6 0.109929 -0.274031
4.6 -3.4 0.28558 0.0902351
4.6 -3.2 0.303716 0.00428681
4.6 -3 -0.0494603 -0.303989
4.6 -2.8 -0.0408133 0.309516
4.6 -2.6 -0.0969113 -0.301136
4.6 -2.4 0.286389 0.143678
4.6 -2.2 -0.311101 0.0917694
4.6 -2 0.271988 -0.183575
4.6 -1.8 -0.331319 0.0166925
4.6 -1.6 -0.0582127 0.330009
4.6 -1.4 -0.154146 0.301025
4.6 -1.2 -0.117158 -0.320218
4.6 -1 -0.319137 0.126809
4.6 -0.8 -0.263187 -0.223762
4.6 -0.6 -0.00934074 0.346951
4.6 -0.4 -0.283319 0.202519
4.6 -0.2 0.30705 0.165843
4.6 0 -0.113945 0.330103
4.6 0.2 0.30705 0.165843
4.6 0.4 -0.283319 0.202519
4.6 0.6 -0.00934074 0.346951
4.6 0.8 -0.263187 -0.223762
4.6 1 -0.319137 0.126809
4.6 1.2 -0.117158 -0.320218
4.6 1.4 -0.154146 0.301025
4.6 1.6 -0.0582127 0.330009
4.6 1.8 -0.331319 0.0166925
4.6 2 0.271988 -0.183575
4.6 2.2 -0.311101 0.0917694
4.6 2.4 0.286389 0.143678
4.6 2.6 -0.0969113 -0.301136
4.6 2.8 -0.0408133 0.309516
4.6 3 -0.0494603 -0.303989
4.6 3.2 0.303716 0.00428681
4.6 3.4 0.28558 0.0902351
4.6 3.6 0.109929 -0.274031
4.6 3.8 0.021358 0.290263
4.6 4 -0.0618753 0.280128
4.6 4.2 0.234624 -0.157823
4.6 4.4 0.258526 0.104147
4.6 4.6 -0.0645909 -0.267036
4.6 4.8 0.122052 -0.241775
4.6 5 -0.176453 0.200404
4.6 5.2 -0.0869955 0.248493
4.6 5.4 -0.197236 -0.168843
4.6 5.6 -0.0264653 0.254705
4.6 5.8 0.0137946 0.252231
4.6 6 -0.248075 -0.0239468
4.6 6.2 0.223593 0.102425
4.6 6.4 0.17889 -0.164065
4.6 6.6 0.222061 -0.090023
4.6 6.8 0.0399084 0.233191
4.6 7 -0.0434367 -0.229557
4.6 7.2 -0.199976 0.115152
4.6 7.4 -0.0709742 0.216638
4.6 7.6 -0.142839 0.174171
4.6 7.8 -0.19304 -0.110867
4.6 8 0.213619 -0.0527762
4.6 8.2 -0.216652 0.0196617
4.6 8.4 0.129802 0.171533
4.6 8.6 0.196535 -0.0814452
4.6 8.8 0.123669 -0.170265
4.6 9 0.149595 -0.144798
4.6 9.2 0.205217 0.0180578
4.6 9.4 -0.00408707 0.203841
4.6 9.6 -0.170567 -0.107861
4.6 9.8 0.198444 0.0231523
4.8 -10 -0.156906 -0.120151
4.8 -9.8 -0.0635349 0.189185
4.8 -9.6 0.167806 0.11166
4.8 -9.4 0.20267 -0.0194827
4.8 -9.2 0.204226 -0.0245881
4.8 -9 0.176995 0.108971
4.8 -8.8 -0.0794148 0.194467
4.8 -8.6 -0.114612 -0.178731
4.8 -8.4 0.139244 0.163353
4.8 -8.2 0.00631221 -0.21694
4.8 -8 -0.218006 -0.0254043
4.8 -7.8 -0.205396 0.0842324
4.8 -7.6 -0.222238 -0.0323409
4.8 -7.4 0.0476058 -0.222188
4.8 -7.2 0.0274659 0.228308
4.8 -7 0.16666 -0.162471
4.8 -6.8 -0.0225572 -0.234537
4.8 -6.6 0.0988724 -0.217112
4.8 -6.4 0.151796 0.187945
4.8 -6.2 -0.0420056 -0.241058
4.8 -6 -0.219023 -0.116055
4.8 -5.8 -0.0379995 -0.248239
4.8 -5.6 0.0969182 0.23529
4.8 -5.4 0.256833 -0.0232992
4.8 -5.2 0.162739 0.204541
4.8 -5 -0.103915 -0.243725
4.8 -4.8 -0.168827 -0.208906
4.8 -4.6 0.263389 0.0691264
4.8 -4.4 0.237747 -0.140352
4.8 -4.2 -0.0852301 0.266625
4.8 -4 0.0350447 0.281625
4.8 -3.8 -0.00365897 -0.287694
4.8 -3.6 0.230031 -0.179316
4.8 -3.4 -0.0640661 -0.288599
4.8 -3.2 -0.0140625 0.299251
4.8 -3 -0.273359 -0.131897
4.8 -2.8 -0.0763377 -0.297779
4.8 -2.6 -0.0433757 -0.308194
4.8 -2.4 -0.132068 -0.285935
4.8 -2.2 -0.22088 -0.22956
4.8 -2 -0.224672 -0.230695
4.8 -1.8 -0.0269143 -0.324173
4.8 -1.6 0.326892 0.0307399
4.8 -1.4 -0.329161 -0.0360052
4.8 -1.2 -0.0973555 0.319106
4.8 -1 -0.2758 0.191575
4.8 -0.8 0.246227 -0.231022
4.8 -0.6 0.0318897 -0.337587
4.8 -0.4 0.288654 0.179936
4.8 -0.2 0.239078 -0.242848
4.8 0 0.227288 0.254204
4.8 0.2 0.239078 -0.242848
4.8 0.4 0.288654 0.179936
4.8 0.6 0.0318897 -0.337587
4.8 0.8 0.246227 -0.231022
4.8 1 -0.2758 0.191575
4.8 1.2 -0.0973555 0.319106
4.8 1.4 -0.329161 -0.0360052
4.8 1.6 0.326892 0.0307399
4.8 1.8 -0.0269143 -0.324173
4.8 2 -0.224672 -0.230695
4.8 2.2 -0.22088 -0.22956
4.8 2.4 -0.132068 -0.285935
4.8 2.6 -0.0433757 -0.308194
4.8 2.8 -0.0763377 -0.297779
4.8 3 -0.273359 -0.131897
4.8 3.2 -0.0140625 0.299251
4.8 3.4 -0.0640661 -0.288599
4.8 3.6 0.230031 -0.179316
4.8 3.8 -0.00365897 -0.287694
4.8 4 0.0350447 0.281625
4.8 4.2 -0.0852301 0.266625
4.8 4.4 0.237747 -0.140352
4.8 4.6 0.263389 0.0691264
4.8 4.8 -0.168827 -0.208906
4.8 5 -0.103915 -0.243725
4.8 5.2 0.162739 0.204541
4.8 5.4 0.256833 -0.0232992
4.8 5.6 0.0969182 0.23529
4.8 5.8 -0.0379995 -0.248239
4.8 6 -0.219023 -0.116055
4.8 6.2 -0.0420056 -0.241058
4.8 6.4 0.151796 0.187945
4.8 6.6 0.0988724 -0.217112
4.8 6.8 -0.0225572 -0.234537
4.8 7 0.16666 -0.162471
4.8 7.2 0.0274659 0.228308
4.8 7.4 0.0476058 -0.222188
4.8 7.6 -0.222238 -0.0323409
4.8 7.8 -0.205396 0.0842324
4.8 8 -0.218006 -0.0254043
4.8 8.2 0.00631221 -0.21694
4.8 8.4 0.139244 0.163353
4.8 8.6 -0.114612 -0.178731
4.8 8.8 -0.0794148 0.194467
4.8 9 0.176995 0.108971
4.8 9.2 0.204226 -0.0245881
4.8 9.4 0.20267 -0.0194827
4.8 9.6 0.167806 0.11166
4.8 9.8 -0.0635349 0.189185
5 -10 0.0829542 0.179111
5 -9.8 0.162884 0.114855
5 -9.6 0.15032 0.133841
5 -9.4 0.0121809 0.202917
5 -9.2 -0.203302 0.0288966
5 -9 0.103512 -0.179792
5 -8.8 -0.081874 0.192979
5 -8.6 0.18979 -0.094133
5 -8.4 -0.092091 -0.193318
5 -8.2 -0.190022 -0.103686
5 -8 -0.14358 -0.165191
5 -7.8 0.139345 -0.171956
5 -7.6 -0.0087866 0.223678
5 -7.4 0.121801 -0.190888
5 -7.2 -0.164716 -0.159221
5 -7 -0.174537 -0.152555
5 -6.8 0.112666 -0.205775
5 -6.6 -0.0485977 0.232432
5 -6.4 0.239805 -0.0167145
5 -6.2 0.237402 -0.0536392
5 -6 0.0343532 0.244051
5 -5.8 0.073281 -0.238599
5 -5.6 -0.0866538 -0.237496
5 -5.4 0.238477 -0.0933349
5 -5.2 -0.241081 -0.0958563
5 -5 -0.231287 -0.124888
5 -4.8 0.26333 0.039829
5 -4.6 0.240496 -0.122407
5 -4.4 -0.107004 0.25163
5 -4.2 0.044187 0.273516
5 -4 -0.0988569 -0.262741
5 -3.8 0.0126142 -0.284131
5 -3.6 -0.278264 0.0746845
5 -3.4 0.155449 -0.246964
5 -3.2 0.278539 -0.0986773
5 -3 0.13569 -0.266614
5 -2.8 -0.298682 -0.0495212
5 -2.6 0.247157 0.180903
5 -2.4 -0.249929 -0.182923
5 -2.2 0.274865 0.149779
5 -2 -0.266211 -0.170591
5 -1.8 0.121795 0.295002
5 -1.6 0.284519 -0.150605
5 -1.4 0.183098 -0.267846
5 -1.2 0.326613 0.00787091
5 -1 -0.30661 0.118392
5 -0.8 0.108162 0.312109
5 -0.6 -0.109971 0.312859
5 -0.4 0.0804467 -0.322692
5 -0.2 -0.15701 -0.293822
5 0 0.325249 -0.072967
5 0.2 -0.15701 -0.293822
5 0.4 0.0804467 -0.322692
5 0.6 -0.109971 0.312859
5 0.8 0.108162 0.312109
5 1 -0.30661 0.118392
5 1.2 0.326613 0.00787091
5 1.4 0.183098 -0.267846
5 1.6 0.284519 -0.150605
5 1.8 0.121795 0.295002
5 2 -0.266211 -0.170591
5 2.2 0.274865 0.149779
5 2.4 -0.249929 -0.182923
5 2.6 0.247157 0.180903
5 2.8 -0.298682 -0.0495212
5 3 0.13569 -0.266614
5 3.2 0.278539 -0.0986773
5 3.4 0.155449 -0.246964
5 3.6 -0.278264 0.0746845
5 3.8 0.0126142 -0.284131
5 4 -0.0988569 -0.262741
5 4.2 0.044187 0.273516
5 4.4 -0.107004 0.25163
5 4.6 0.240496 -0.122407
5 4.8 0.26333 0.039829
5 5 -0.231287 -0.124888
5 5.2 -0.241081 -0.0958563
5 5.4 0.238477 -0.0933349
5 5.6 -0.0866538 -0.237496
5 5.8 0.073281 -0.238599
5 6 0.0343532 0.244051
5 6.2 0.237402 -0.0536392
5 6.4 0.239805 -0.0167145
5 6.6 -0.0485977 0.232432
5 6.8 0.112666 -0.205775
5 7 -0.174537 -0.152555
5 7.2 -0.164716 -0.159221
5 7.4 0.121801 -0.190888
5 7.6 -0.0087866 0.223678
5 7.8 0.139345 -0.171956
5 8 -0.14358 -0.165191
5 8.2 -0.190022 -0.103686
5 8.4 -0.092091 -0.193318
5 8.6 0.18979 -0.094133
5 8.8 -0.081874 0.192979
5 9 0.103512 -0.179792
5 9.2 -0.203302 0.0288966
5 9.4 0.0121809 0.202917
5 9.6 0.15032 0.133841
5 9.8 0.162884 0.114855
5.2 -10 -0.00501298 0.19705
5.2 -9.8 -0.157294 0.121905
5.2 -9.6 -0.12391 -0.158184
5.2 -9.4 0.202709 0.0092212
5.2 -9.2 -0.204549 0.0127769
5.2 -9 0.168108 0.120827
5.2 -8.8 0.113666 -0.175573
5.2 -8.6 -0.0341411 -0.20856
5.2 -8.4 0.00700922 -0.213455
5.2 -8.2 0.202149 -0.0757046
5.2 -8 -0.062691 0.209005
5.2 -7.8 0.10022 -0.19653
5.2 -7.6 -0.216313 -0.0544883
5.2 -7.4 -0.214575 0.0696354
5.2 -7.2 -0.206937 -0.0961299
5.2 -7 0.194425 -0.124405
5.2 -6.8 -0.232381 0.0231141
5.2 -6.6 -0.0845418 0.220658
5.2 -6.4 -0.19085 0.144087
5.2 -6.2 0.0266228 -0.240564
5.2 -6 -0.226424 0.0935673
5.2 -5.8 -0.222157 0.110274
5.2 -5.6 0.00848301 -0.250964
5.2 -5.4 -0.239744 0.0846664
5.2 -5.2 -0.254949 -0.0358697
5.2 -5 0.260237 0.0158502
5.2 -4.8 0.242653 -0.104073
5.2 -4.6 -0.127097 0.235249
5.2 -4.4 0.0496559 0.266191
5.2 -4.2 -0.1695 -0.215551
5.2 -4 -0.185265 -0.206823
5.2 -3.8 0.0403023 0.278233
5.2 -3.6 -0.277011 0.0653272
5.2 -3.4 -0.213609 0.19328
5.2 -3.2 0.286511 0.053769
5.2 -3 -0.2791 0.0952682
5.2 -2.8 -0.120783 -0.2727
5.2 -2.6 0.0659996 -0.2942
5.2 -2.4 0.0953319 -0.289375
5.2 -2.2 0.0563197 -0.302513
5.2 -2 0.0391835 -0.30812
5.2 -1.8 0.136329 -0.282105
5.2 -1.6 0.313606 -0.0374826
5.2 -1.4 -0.0861478 0.306249
5.2 -1.2 0.102489 -0.303337
5.2 -1 -0.309378 -0.0891315
5.2 -0.8 -0.303219 -0.112591
5.2 -0.6 0.217984 -0.240549
5.2 -0.4 -0.325476 -0.000260015
5.2 -0.2 -0.32125 0.0553973
5.2 0 0.0926982 -0.312714
5.2 0.2 -0.32125 0.0553973
5.2 0.4 -0.325476 -0.000260015
5.2 0.6 0.217984 -0.240549
5.2 0.8 -0.303219 -0.112591
5.2 1 -0.309378 -0.0891315
5.2 1.2 0.102489 -0.303337
5.2 1.4 -0.0861478 0.306249
5.2 1.6 0.313606 -0.0374826
5.2 1.8 0.136329 -0.282105
5.2 2 0.0391835 -0.30812
5.2 2.2 0.0563197 -0.302513
5.2 2.4 0.0953319 -0.289375
5.2 2.6 0.0659996 -0.2942
5.2 2.8 -0.120783 -0.2727
5.2 3 -0.2791 0.0952682
5.2 3.2 0.286511 0.053769
5.2 3.4 -0.213609 0.19328
5.2 3.6 -0.277011 0.0653272
5.2 3.8 0.0403023 0.278233
5.2 4 -0.185265 -0.206823
5.2 4.2 -0.1695 -0.215551
5.2 4.4 0.0496559 0.266191
5.2 4.6 -0.127097 0.235249
5.2 4.8 0.242653 -0.104073
5.2 5 0.260237 0.0158502
5.2 5.2 -0.254949 -0.0358697
5.2 5.4 -0.239744 0.0846664
5.2 5.6 0.00848301 -0.250964
5.2 5.8 -0.222157 0.110274
5.2 6 -0.226424 0.0935673
5.2 6.2 0.0266228 -0.240564
5.2 6.4 -0.19085 0.144087
5.2 6.6 -0.0845418 0.220658
5.2 6.8 -0.232381 0.0231141
5.2 7 0.194425 -0.124405
5.2 7.2 -0.206937 -0.0961299
5.2 7.4 -0.214575 0.0696354
5.2 7.6 -0.216313 -0.0544883
5.2 7.8 0.10022 -0.19653
5.2 8 -0.062691 0.209005
5.2 8.2 0.202149 -0.0757046
5.2 8.4 0.00700922 -0.213455
5.2 8.6 -0.0341411 -0.20856
5.2 8.8 0.113666 -0.175573
5.2 9 0.168108 0.120827
5.2 9.2 -0.204549 0.0127769
5.2 9.4 0.202709 0.0092212
5.2 9.6 -0.12391 -0.158184
5.2 9.8 -0.157294 0.121905
5.4 -10 0.0744413 -0.18218
5.4 -9.8 0.0828775 0.18055
5.4 -9.6 -0.100698 -0.173456
5.4 -9.4 -0.0278738 0.200588
5.4 -9.2 0.204413 0.00625368
5.4 -9 0.142957 -0.149084
5.4 -8.8 0.151639 -0.143302
5.4 -8.6 0.20541 0.0472568
5.4 -8.4 -0.124372 0.172873
5.4 -8.2 0.101265 -0.18989
5.4 -8 -0.216011 0.0253701
5.4 -7.8 -0.0928625 0.199267
5.4 -7.6 -0.133535 0.177653
5.4 -7.4 -0.188015 -0.123045
5.4 -7.2 0.215904 0.0707864
5.4 -7 -0.014292 -0.229337
5.4 -6.8 -0.105414 -0.207127
5.4 -6.6 0.161108 -0.171211
5.4 -6.4 -0.128941 0.199851
5.4 -6.2 0.190039 0.147617
5.4 -6 0.10363 0.220339
5.4 -5.8 -0.211819 -0.125886
5.4 -5.6 -0.135934 0.209062
5.4 -5.4 -0.248323 0.0451111
5.4 -5.2 0.255431 -0.00338925
5.4 -5 0.244043 -0.085437
5.4 -4.8 -0.145419 0.217603
5.4 -4.6 0.0521402 0.25973
5.4 -4.4 -0.21614 -0.15868
5.4 -4.2 -0.268606 -0.0386936
5.4 -4 0.272832 0.0314484
5.4 -3.8 0.199044 0.193938
5.4 -3.6 0.197816 -0.199806
5.4 -3.4 -0.106713 0.263627
5.4 -3.2 -0.283992 0.0455269
5.4 -3 -0.24237 0.160658
5.4 -2.8 0.171199 0.238868
5.4 -2.6 0.00307595 -0.296886
5.4 -2.4 -0.00696073 0.299739
5.4 -2.2 -0.0891706 -0.289181
5.4 -2 0.19051 0.238529
5.4 -1.8 -0.225741 -0.209181
5.4 -1.6 0.142733 0.275255
5.4 -1.4 0.180876 -0.25441
5.4 -1.2 -0.132548 -0.284673
5.4 -1 -0.0869721 -0.303414
5.4 -0.8 0.303831 -0.0903515
5.4 -0.6 -0.303785 0.0941717
5.4 -0.4 0.0575803 0.313574
5.4 -0.2 -0.052328 0.314965
5.4 0 -0.223231 -0.228493
5.4 0.2 -0.052328 0.314965
5.4 0.4 0.0575803 0.313574
5.4 0.6 -0.303785 0.0941717
5.4 0.8 0.303831 -0.0903515
5.4 1 -0.0869721 -0.303414
5.4 1.2 -0.132548 -0.284673
5.4 1.4 0.180876 -0.25441
5.4 1.6 0.142733 0.275255
5.4 1.8 -0.225741 -0.209181
5.4 2 0.19051 0.238529
5.4 2.2 -0.0891706 -0.289181
5.4 2.4 -0.00696073 0.299739
5.4 2.6 0.00307595 -0.296886
5.4 2.8 0.171199 0.238868
5.4 3 -0.24237 0.160658
5.4 3.2 -0.283992 0.0455269
5.4 3.4 -0.106713 0.263627
5.4 3.6 0.197816 -0.199806
5.4 3.8 0.199044 0.193938
5.4 4 0.272832 0.0314484
5.4 4.2 -0.268606 -0.0386936
5.4 4.4 -0.21614 -0.15868
5.4 4.6 0.0521402 0.25973
5.4 4.8 -0.145419 0.217603
5.4 5 0.244043 -0.085437
5.4 5.2 0.255431 -0.00338925
5.4 5.4 -0.248323 0.0451111
5.4 5.6 -0.135934 0.209062
5.4 5.8 -0.211819 -0.125886
5.4 6 0.10363 0.220339
5.4 6.2 0.190039 0.147617
5.4 6.4 -0.128941 0.199851
5.4 6.6 0.161108 -0.171211
5.4 6.8 -0.105414 -0.207127
5.4 7 -0.014292 -0.229337
5.4 7.2 0.215904 0.0707864
5.4 7.4 -0.188015 -0.123045
5.4 7.6 -0.133535 0.177653
5.4 7.8 -0.0928625 0.199267
5.4 8 -0.216011 0.0253701
5.4 8.2 0.101265 -0.18989
5.4 8.4 -0.124372 0.172873
5.4 8.6 0.20541 0.0472568
5.4 8.8 0.151639 -0.143302
5.4 9 0.142957 -0.149084
5.4 9.2 0.204413 0.00625368
5.4 9.4 -0.0278738 0.200588
5.4 9.6 -0.100698 -0.173456
5.4 9.8 0.0828775 0.18055
5.6 -10 0.107863 -0.164196
5.6 -9.8 -0.186586 0.0671065
5.6 -9.6 0.0971228 0.175017
5.6 -9.4 0.200216 0.0273378
5.6 -9.2 0.203756 0.0105983
5.6 -9 0.134953 0.155684
5.6 -8.8 -0.177879 0.107968
5.6 -8.6 0.119948 -0.172587
5.6 -8.4 -0.199845 0.0716962
5.6 -8.2 0.043312 0.210088
5.6 -8 0.100133 0.192229
5.6 -7.8 -0.0971055 0.196333
5.6 -7.6 -0.0979421 -0.198529
5.6 -7.4 0.00425124 0.223724
5.6 -7.2 0.217159 0.0633371
5.6 -7 0.197024 0.116131
5.6 -6.8 -0.168372 0.158515
5.6 -6.6 0.220132 -0.0789112
5.6 -6.4 0.0688212 -0.226265
5.6 -6.2 0.228474 -0.0708323
5.6 -6 -0.218182 0.104585
5.6 -5.8 0.00542812 0.244695
5.6 -5.6 -0.221045 0.111564
5.6 -5.4 0.249811 -0.0185067
5.6 -5.2 0.244523 -0.0665959
5.6 -5 -0.161888 0.198831
5.6 -4.8 0.052182 0.254103
5.6 -4.6 -0.242426 -0.100519
5.6 -4.4 -0.234694 0.124121
5.6 -4.2 0.127692 -0.236267
5.6 -4 0.106398 -0.249939
5.6 -3.8 -0.23413 0.143712
5.6 -3.6 -0.149428 -0.234165
5.6 -3.4 -0.234308 -0.154786
5.6 -3.2 -0.0015117 0.283816
5.6 -3 -0.133238 -0.253937
5.6 -2.8 0.234659 -0.169804
5.6 -2.6 0.288501 -0.0479057
5.6 -2.4 0.271116 -0.116662
5.6 -2.2 0.137771 -0.263937
5.6 -2 -0.112565 -0.278268
5.6 -1.8 -0.279447 -0.115717
5.6 -1.6 -0.303477 0.025755
5.6 -1.4 -0.306456 0.00395601
5.6 -1.2 -0.209272 -0.226234
5.6 -1 0.269074 -0.153247
5.6 -0.8 -0.232946 0.205871
5.6 -0.6 0.29258 0.107919
5.6 -0.4 0.297647 -0.0953554
5.6 -0.2 0.272588 0.153774
5.6 0 -0.302192 0.0819715
5.6 0.2 0.272588 0.153774
5.6 0.4 0.297647 -0.0953554
5.6 0.6 0.29258 0.107919
5.6 0.8 -0.232946 0.205871
5.6 1 0.269074 -0.153247
5.6 1.2 -0.209272 -0.226234
5.6 1.4 -0.306456 0.00395601
5.6 1.6 -0.303477 0.025755
5.6 1.8 -0.279447 -0.115717
5.6 2 -0.112565 -0.278268
5.6 2.2 0.137771 -0.263937
5.6 2.4 0.271116 -0.116662
5.6 2.6 0.288501 -0.0479057
5.6 2.8 0.234659 -0.169804
5.6 3 -0.133238 -0.253937
5.6 3.2 -0.0015117 0.283816
5.6 3.4 -0.234308 -0.154786
5.6 3.6 -0.149428 -0.234165
5.6 3.8 -0.23413 0.143712
5.6 4 0.106398 -0.249939
5.6 4.2 0.127692 -0.236267
5.6 4.4 -0.234694 0.124121
5.6 4.6 -0.242426 -0.100519
5.6 4.8 0.052182 0.254103
5.6 5 -0.161888 0.198831
5.6 5.2 0.244523 -0.0665959
5.6 5.4 0.249811 -0.0185067
5.6 5.6 -0.221045 0.111564
5.6 5.8 0.00542812 0.244695
5.6 6 -0.218182 0.104585
5.6 6.2 0.228474 -0.0708323
5.6 6.4 0.0688212 -0.226265
5.6 6.6 0.220132 -0.0789112
5.6 6.8 -0.168372 0.158515
5.6 7 0.197024 0.116131
5.6 7.2 0.217159 0.0633371
5.6 7.4 0.00425124 0.223724
5.6 7.6 -0.0979421 -0.198529
5.6 7.8 -0.0971055 0.196333
5.6 8 0.100133 0.192229
5.6 8.2 0.043312 0.210088
5.6 8.4 -0.199845 0.0716962
5.6 8.6 0.119948 -0.172587
5.6 8.8 -0.177879 0.107968
5.6 9 0.134953 0.155684
5.6 9.2 0.203756 0.0105983
5.6 9.4 0.200216 0.0273378
5.6 9.6 0.0971228 0.175017
5.6 9.8 -0.186586 0.0671065
5.8 -10 -0.0996132 0.168886
5.8 -9.8 0.0912893 0.17556
5.8 -9.6 0.12635 0.154668
5.8 -9.4 0.00876553 0.201406
5.8 -9.2 -0.20281 0.0169657
5.8 -9 0.148968 -0.141532
5.8 -8.8 -0.186479 0.0909762
5.8 -8.6 0.132672 0.162185
5.8 -8.4 0.208588 0.0357654
5.8 -8.2 0.176533 0.120557
5.8 -8 -0.133017 0.170128
5.8 -7.8 0.0905883 -0.198493
5.8 -7.6 -0.220308 0.00834986
5.8 -7.4 -0.175896 0.136735
5.8 -7.2 -0.220278 -0.0466548
5.8 -7 0.20108 -0.106592
5.8 -6.8 -0.203919 -0.106497
5.8 -6.6 -0.232032 -0.0157903
5.8 -6.4 -0.0131472 -0.234762
5.8 -6.2 -0.0511287 0.232174
5.8 -6 0.129887 0.202276
5.8 -5.8 -0.181651 0.161528
5.8 -5.6 0.243967 -0.0300876
5.8 -5.4 0.243976 -0.0476516
5.8 -5.2 -0.176435 0.179078
5.8 -5 0.0502079 0.249222
5.8 -4.8 -0.252935 -0.0460419
5.8 -4.6 -0.127873 0.226353
5.8 -4.4 -0.145729 -0.218782
5.8 -4.2 -0.260237 -0.0539974
5.8 -4 0.268303 -0.0143508
5.8 -3.8 0.24852 0.109525
5.8 -3.6 0.0688698 -0.265682
5.8 -3.4 0.0861628 0.263587
5.8 -3.2 -0.13575 0.245028
5.8 -3 0.0528199 0.277897
5.8 -2.8 0.237703 -0.158239
5.8 -2.6 -0.259393 0.125497
5.8 -2.4 0.130437 -0.259746
5.8 -2.2 0.197376 0.216602
5.8 -2 -0.228923 0.186531
5.8 -1.8 -0.193258 -0.226048
5.8 -1.6 0.249268 -0.165735
5.8 -1.4 0.0333329 0.299241
5.8 -1.2 -0.184326 -0.240042
5.8 -1 0.13775 0.270993
5.8 -0.8 0.172005 -0.252009
5.8 -0.6 -0.134987 -0.274613
5.8 -0.4 -0.11674 -0.283542
5.8 -0.2 0.235585 -0.196877
5.8 0 -0.074198 0.298051
5.8 0.2 0.235585 -0.196877
5.8 0.4 -0.11674 -0.283542
5.8 0.6 -0.134987 -0.274613
5.8 0.8 0.172005 -0.252009
5.8 1 0.13775 0.270993
5.8 1.2 -0.184326 -0.240042
5.8 1.4 0.0333329 0.299241
5.8 1.6 0.249268 -0.165735
5.8 1.8 -0.193258 -0.226048
5.8 2 -0.228923 0.186531
5.8 2.2 0.197376 0.216602
5.8 2.4 0.130437 -0.259746
5.8 2.6 -0.259393 0.125497
5.8 2.8 0.237703 -0.158239
5.8 3 0.0528199 0.277897
5.8 3.2 -0.13575 0.245028
5.8 3.4 0.0861628 0.263587
5.8 3.6 0.0688698 -0.265682
5.8 3.8 0.24852 0.109525
5.8 4 0.268303 -0.0143508
5.8 4.2 -0.260237 -0.0539974
5.8 4.4 -0.145729 -0.218782
5.8 4.6 -0.127873 0.226353
5.8 4.8 -0.252935 -0.0460419
5.8 5 0.0502079 0.249222
5.8 5.2 -0.176435 0.179078
5.8 5.4 0.243976 -0.0476516
5.8 5.6 0.243967 -0.0300876
5.8 5.8 -0.181651 0.161528
5.8 6 0.129887 0.202276
5.8 6.2 -0.0511287 0.232174
5.8 6.4 -0.0131472 -0.234762
5.8 6.6 -0.232032 -0.0157903
5.8 6.8 -0.203919 -0.106497
5.8 7 0.20108 -0.106592
5.8 7.2 -0.220278 -0.0466548
5.8 7.4 -0.175896 0.136735
5.8 7.6 -0.220308 0.00834986
5.8 7.8 0.0905883 -0.198493
5.8 8 -0.133017 0.170128
5.8 8.2 0.176533 0.120557
5.8 8.4 0.208588 0.0357654
5.8 8.6 0.132672 0.162185
5.8 8.8 -0.186479 0.0909762
5.8 9 0.148968 -0.141532
5.8 9.2 -0.20281 0.0169657
5.8 9.4 0.00876553 0.201406
5.8 9.6 0.12635 0.154668
5.8 9.8 0.0912893 0.17556
6 -10 -0.0332364 0.19282
6 -9.8 -0.121445 0.155664
6 -9.6 -0.180968 -0.0833545
6 -9.4 0.178292 -0.0929952
6 -9.2 -0.181856 0.0901443
6 -9 0.175773 0.10529
6 -8.8 0.173756 -0.112249
6 -8.6 0.171642 -0.119011
6 -8.4 0.1854 0.10055
6 -8.2 -0.200317 0.0724017
6 -8 0.214658 0.0142672
6 -7.8 0.0499496 -0.211487
6 -7.6 0.0479459 -0.214223
6 -7.4 0.220544 0.0234215
6 -7.2 -0.223974 0.00714618
6 -7 0.0245585 0.2251
6 -6.8 0.00802402 0.228685
6 -6.6 -0.222004 -0.0647671
6 -6.4 0.136165 0.189973
6 -6.2 0.207755 0.112473
6 -6 -0.136771 0.195751
6 -5.8 0.238272 -0.0386553
6 -5.6 0.242316 -0.0287121
6 -5.4 -0.189001 0.158502
6 -5.2 0.0465556 0.244965
6 -5 -0.252047 0.00223595
6 -4.8 0.000862198 0.254783
6 -4.6 -0.257522 0.00146068
6 -4.4 -0.0409506 0.257035
6 -4.2 -0.20628 -0.163195
6 -4 -0.262908 -0.0389286
6 -3.8 0.251403 0.0942981
6 -3.6 0.0167846 0.270694
6 -3.4 0.215378 0.169196
6 -3.2 -0.103424 -0.256448
6 -3 0.275852 0.0423894
6 -2.8 0.169181 0.225104
6 -2.6 0.235551 0.158676
6 -2.4 0.232635 -0.166935
6 -2.2 -0.230449 -0.173636
6 -2 0.0277771 0.289294
6 -1.8 0.142239 -0.255661
6 -1.6 -0.260841 0.136395
6 -1.4 0.285292 0.0787595
6 -1.2 -0.0599032 -0.291298
6 -1 -0.294469 0.049653
6 -0.8 -0.148236 0.260417
6 -0.6 -0.116668 0.276883
6 -0.4 -0.273836 0.125059
6 -0.2 -0.0960513 -0.285679
6 0 0.220026 0.20615
6 0.2 -0.0960513 -0.285679
6 0.4 -0.273836 0.125059
6 0.6 -0.116668 0.276883
6 0.8 -0.148236 0.260417
6 1 -0.294469 0.049653
6 1.2 -0.0599032 -0.291298
6 1.4 0.285292 0.0787595
6 1.6 -0.260841 0.136395
6 1.8 0.142239 -0.255661
6 2 0.0277771 0.289294
6 2.2 -0.230449 -0.173636
6 2.4 0.232635 -0.166935
6 2.6 0.235551 0.158676
6 2.8 0.169181 0.225104
6 3 0.275852 0.0423894
6 3.2 -0.103424 -0.256448
6 3.4 0.215378 0.169196
6 3.6 0.0167846 0.270694
6 3.8 0.251403 0.0942981
6 4 -0.262908 -0.0389286
6 4.2 -0.20628 -0.163195
6 4.4 -0.0409506 0.257035
6 4.6 -0.257522 0.00146068
6 4.8 0.000862198 0.254783
6 5 -0.252047 0.00223595
6 5.2 0.0465556 0.244965
6 5.4 -0.189001 0.158502
6 5.6 0.242316 -0.0287121
6 5.8 0.238272 -0.0386553
6 6 -0.136771 0.195751
6 6.2 0.207755 0.112473
6 6.4 0.136165 0.189973
6 6.6 -0.222004 -0.0647671
6 6.8 0.00802402 0.228685
6 7 0.0245585 0.2251
6 7.2 -0.223974 0.00714618
6 7.4 0.220544 0.0234215
6 7.6 0.0479459 -0.214223
6 7.8 0.0499496 -0.211487
6 8 0.214658 0.0142672
6 8.2 -0.200317 0.0724017
6 8.4 0.1854 0.10055
6 8.6 0.171642 -0.119011
6 8.8 0.173756 -0.112249
6 9 0.175773 0.10529
6 9.2 -0.181856 0.0901443
6 9.4 0.178292 -0.0929952
6 9.6 -0.180968 -0.0833545
6 9.8 -0.121445 0.155664
6.2 -10 -0.106547 -0.163584
6.2 -9.8 0.19516 -0.0265799
6.2 -9.6 -0.184858 0.0729624
6.2 -9.4 0.19073 0.0619753
6.2 -9.2 0.0804862 -0.185702
6.2 -9 -0.00899515 -0.204079
6.2 -8.8 0.112338 -0.172911
6.2 -8.6 0.15202 0.142199
6.2 -8.4 -0.180258 -0.108045
6.2 -8.2 5.59366e-05 0.212197
6.2 -8 0.154507 0.148463
6.2 -7.8 0.0508831 0.210325
6.2 -7.6 -0.214017 -0.044278
6.2 -7.4 0.182912 0.12358
6.2 -7.2 0.189186 -0.118025
6.2 -7 0.225184 -0.00576598
6.2 -6.8 -0.148267 0.172644
6.2 -6.6 0.226533 0.0393374
6.2 -6.4 0.232186 0.00761296
6.2 -6.2 -0.091074 0.216347
6.2 -6 0.232949 -0.0446614
6.2 -5.8 0.239476 -0.00988955
6.2 -5.6 -0.199543 0.137267
6.2 -5.4 0.0414955 0.241197
6.2 -5.2 -0.243468 0.0434
6.2 -5 0.114163 0.222288
6.2 -4.8 -0.154743 0.199513
6.2 -4.6 0.247474 0.0618936
6.2 -4.4 -0.00524117 0.257653
6.2 -4.2 0.256973 0.0415682
6.2 -4 -0.196975 0.174133
6.2 -3.8 -0.170459 0.203536
6.2 -3.6 0.266837 -0.0253199
6.2 -3.4 -0.0647439 0.262687
6.2 -3.2 -0.0907785 0.257479
6.2 -3 0.253188 0.108405
6.2 -2.8 -0.22148 -0.167616
6.2 -2.6 0.268179 -0.0805298
6.2 -2.4 0.167127 0.227348
6.2 -2.2 0.0486267 0.280028
6.2 -2 0.0775373 0.275442
6.2 -1.8 0.195396 0.211498
6.2 -1.6 0.285367 0.0492766
6.2 -1.4 0.256783 -0.137071
6.2 -1.2 0.158599 -0.245643
6.2 -1 0.105008 -0.274101
6.2 -0.8 0.162736 -0.245415
6.2 -0.6 0.287357 -0.0676346
6.2 -0.4 0.122754 0.269065
6.2 -0.2 -0.295585 -0.0168803
6.2 0 0.28214 -0.0900904
6.2 0.2 -0.295585 -0.0168803
6.2 0.4 0.122754 0.269065
6.2 0.6 0.287357 -0.0676346
6.2 0.8 0.162736 -0.245415
6.2 1 0.105008 -0.274101
6.2 1.2 0.158599 -0.245643
6.2 1.4 0.256783 -0.137071
6.2 1.6 0.285367 0.0492766
6.2 1.8 0.195396 0.211498
6.2 2 0.0775373 0.275442
6.2 2.2 0.0486267 0.280028
6.2 2.4 0.167127 0.227348
6.2 2.6 0.268179 -0.0805298
6.2 2.8 -0.22148 -0.167616
6.2 3 0.253188 0.108405
6.2 3.2 -0.0907785 0.257479
6.2 3.4 -0.0647439 0.262687
6.2 3.6 0.266837 -0.0253199
6.2 3.8 -0.170459 0.203536
6.2 4 -0.196975 0.174133
6.2 4.2 0.256973 0.0415682
6.2 4.4 -0.00524117 0.257653
6.2 4.6 0.247474 0.0618936
6.2 4.8 -0.154743 0.199513
6.2 5 0.114163 0.222288
6.2 5.2 -0.243468 0.0434
6.2 5.4 0.0414955 0.241197
6.2 5.6 -0.199543 0.137267
6.2 5.8 0.239476 -0.00988955
6.2 6 0.232949 -0.0446614
6.2 6.2 -0.091074 0.216347
6.2 6.4 0.232186 0.00761296
6.2 6.6 0.226533 0.0393374
6.2 6.8 -0.148267 0.172644
6.2 7 0.225184 -0.00576598
6.2 7.2 0.189186 -0.118025
6.2 7.4 0.182912 0.12358
6.2 7.6 -0.214017 -0.044278
6.2 7.8 0.0508831 0.210325
6.2 8 0.154507 0.148463
6.2 8.2 5.59366e-05 0.212197
6.2 8.4 -0.180258 -0.108045
6.2 8.6 0.15202 0.142199
6.2 8.8 0.112338 -0.172911
6.2 9 -0.00899515 -0.204079
6.2 9.2 0.0804862 -0.185702
6.2 9.4 0.19073 0.0619753
6.2 9.6 -0.184858 0.0729624
6.2 9.8 0.19516 -0.0265799
6.4 -10 -0.190407 0.0409176
6.4 -9.8 0.192761 0.0379475
6.4 -9.6 -0.00848099 -0.19802
6.4 -9.4 -0.154107 -0.127443
6.4 -9.2 -0.129997 -0.154332
6.4 -9 0.105578 -0.174122
6.4 -8.8 0.0478305 0.199867
6.4 -8.6 0.0321985 -0.204911
6.4 -8.4 -0.205042 -0.0423853
6.4 -8.2 -0.211268 0.0064098
6.4 -8 -0.0990215 -0.189023
6.4 -7.8 0.190524 0.100595
6.4 -7.6 -0.0421894 -0.213417
6.4 -7.4 -0.169144 -0.140178
6.4 -7.2 0.019057 -0.22103
6.4 -7 0.078432 0.209879
6.4 -6.8 0.193009 -0.118138
6.4 -6.6 0.211036 -0.0877858
6.4 -6.4 -0.0475652 0.225918
6.4 -6.2 0.228111 -0.0484874
6.4 -6 0.23541 0.00870018
6.4 -5.8 -0.208029 0.115542
6.4 -5.6 0.0352473 0.237779
6.4 -5.4 -0.230115 0.0774946
6.4 -5.2 0.192739 0.151682
6.4 -5 0.0422878 0.244098
6.4 -4.8 0.109027 -0.225207
6.4 -4.6 0.227296 -0.110402
6.4 -4.4 -0.232692 -0.104715
6.4 -4.2 0.0263408 -0.256289
6.4 -4 -0.245952 -0.0845964
6.4 -3.8 0.252168 -0.073017
6.4 -3.6 0.264885 0.00484862
6.4 -3.4 -0.0400202 -0.264279
6.4 -3.2 0.1512 0.223216
6.4 -3 -0.117904 0.244961
6.4 -2.8 -0.00988895 0.273865
6.4 -2.6 0.275545 -0.0182044
6.4 -2.4 -0.262508 -0.0919803
6.4 -2.2 0.277544 -0.0374776
6.4 -2 -0.0772663 0.271056
6.4 -1.8 -0.278847 -0.0512444
6.4 -1.6 -0.0708197 -0.276103
6.4 -1.4 0.186725 -0.217181
6.4 -1.2 0.286904 0.0204261
6.4 -1 0.129469 0.258014
6.4 -0.8 -0.205295 0.204177
6.4 -0.6 -0.205032 -0.205407
6.4 -0.4 0.268522 -0.111406
6.4 -0.2 -0.125813 0.26241
6.4 0 0.0577748 -0.285321
6.4 0.2 -0.125813 0.26241
6.4 0.4 0.268522 -0.111406
6.4 0.6 -0.205032 -0.205407
6.4 0.8 -0.205295 0.204177
6.4 1 0.129469 0.258014
6.4 1.2 0.286904 0.0204261
6.4 1.4 0.186725 -0.217181
6.4 1.6 -0.0708197 -0.276103
6.4 1.8 -0.278847 -0.0512444
6.4 2 -0.0772663 0.271056
6.4 2.2 0.277544 -0.0374776
6.4 2.4 -0.262508 -0.0919803
6.4 2.6 0.275545 -0.0182044
6.4 2.8 -0.00988895 0.273865
6.4 3 -0.117904 0.244961
6.4 3.2 0.1512 0.223216
6.4 3.4 -0.0400202 -0.264279
6.4 3.6 0.264885 0.00484862
6.4 3.8 0.252168 -0.073017
6.4 4 -0.245952 -0.0845964
6.4 4.2 0.0263408 -0.256289
6.4 4.4 -0.232692 -0.104715
6.4 4.6 0.227296 -0.110402
6.4 4.8 0.109027 -0.225207
6.4 5 0.0422878 0.244098
6.4 5.2 0.192739 0.151682
6.4 5.4 -0.230115 0.0774946
6.4 5.6 0.0352473 0.237779
6.4 5.8 -0.208029 0.115542
6.4 6 0.23541 0.00870018
6.4 6.2 0.228111 -0.0484874
6.4 6.4 -0.0475652 0.225918
6.4 6.6 0.211036 -0.0877858
6.4 6.8 0.193009 -0.118138
6.4 7 0.078432 0.209879
6.4 7.2 0.019057 -0.22103
6.4 7.4 -0.169144 -0.140178
6.4 7.6 -0.0421894 -0.213417
6.4 7.8 0.190524 0.100595
6.4 8 -0.0990215 -0.189023
6.4 8.2 -0.211268 0.0064098
6.4 8.4 -0.205042 -0.0423853
6.4 8.6 0.0321985 -0.204911
6.4 8.8 0.0478305 0.199867
6.4 9 0.105578 -0.174122
6.4 9.2 -0.129997 -0.154332
6.4 9.4 -0.154107 -0.127443
6.4 9.6 -0.00848099 -0.19802
6.4 9.8 0.192761 0.0379475
6.6 -10 -0.0709556 -0.180836
6.6 -9.8 -0.195928 -0.00151592
6.6 -9.6 -0.193065 0.0422842
6.6 -9.4 -0.167735 -0.107784
6.6 -9.2 0.150317 -0.133667
6.6 -9 -0.123179 0.161301
6.6 -8.8 0.204559 0.0098058
6.6 -8.6 0.1262 -0.163657
6.6 -8.4 0.171619 -0.118524
6.6 -8.2 0.106977 0.181297
6.6 -8 -0.126078 -0.17103
6.6 -7.8 -0.142752 0.160078
6.6 -7.6 -0.101498 0.191258
6.6 -7.4 -0.209426 -0.0626364
6.6 -7.2 0.215533 0.0474585
6.6 -7 0.0766095 -0.209248
6.6 -6.8 0.158656 -0.159537
6.6 -6.6 -0.00796965 0.227053
6.6 -6.4 0.2238 -0.0504517
6.6 -6.2 0.230095 0.0269394
6.6 -6 -0.214445 0.0934998
6.6 -5.8 0.0279934 0.234575
6.6 -5.6 -0.214165 0.105081
6.6 -5.4 0.231884 0.0652463
6.6 -5.2 0.195918 0.144151
6.6 -5 -0.177584 -0.169643
6.6 -4.8 -0.17216 -0.178439
6.6 -4.6 0.154241 0.197142
6.6 -4.4 0.0846478 0.238063
6.6 -4.2 0.0899939 -0.238599
6.6 -4 0.257139 0.00993984
6.6 -3.8 0.109209 -0.235543
6.6 -3.6 -0.0395606 0.258889
6.6 -3.4 -0.213381 0.155649
6.6 -3.2 0.0422348 0.262921
6.6 -3 0.047176 -0.264227
6.6 -2.8 0.228952 0.143959
6.6 -2.6 0.104368 0.251629
6.6 -2.4 0.220682 0.162896
6.6 -2.2 0.17453 -0.213897
6.6 -2 -0.276948 0.0208542
6.6 -1.8 0.278052 0.026117
6.6 -1.6 -0.273746 0.0620441
6.6 -1.4 0.180078 -0.216966
6.6 -1.2 0.0468941 0.279174
6.6 -1 -0.254282 -0.126593
6.6 -0.8 0.255427 -0.126085
6.6 -0.6 -0.0849488 0.27255
6.6 -0.4 -0.0919884 -0.270734
6.6 -0.2 0.189989 0.214054
6.6 0 -0.217369 -0.186328
6.6 0.2 0.189989 0.214054
6.6 0.4 -0.0919884 -0.270734
6.6 0.6 -0.0849488 0.27255
6.6 0.8 0.255427 -0.126085
6.6 1 -0.254282 -0.126593
6.6 1.2 0.0468941 0.279174
6.6 1.4 0.180078 -0.216966
6.6 1.6 -0.273746 0.0620441
6.6 1.8 0.278052 0.026117
6.6 2 -0.276948 0.0208542
6.6 2.2 0.17453 -0.213897
6.6 2.4 0.220682 0.162896
6.6 2.6 0.104368 0.251629
6.6 2.8 0.228952 0.143959
6.6 3 0.047176 -0.264227
6.6 3.2 0.0422348 0.262921
6.6 3.4 -0.213381 0.155649
6.6 3.6 -0.0395606 0.258889
6.6 3.8 0.109209 -0.235543
6.6 4 0.257139 0.00993984
6.6 4.2 0.0899939 -0.238599
6.6 4.4 0.0846478 0.238063
6.6 4.6 0.154241 0.197142
6.6 4.8 -0.17216 -0.178439
6.6 5 -0.177584 -0.169643
6.6 5.2 0.195918 0.144151
6.6 5.4 0.231884 0.0652463
6.6 5.6 -0.214165 0.105081
6.6 5.8 0.0279934 0.234575
6.6 6 -0.214445 0.0934998
6.6 6.2 0.230095 0.0269394
6.6 6.4 0.2238 -0.0504517
6.6 6.6 -0.00796965 0.227053
6.6 6.8 0.158656 -0.159537
6.6 7 0.0766095 -0.209248
6.6 7.2 0.215533 0.0474585
6.6 7.4 -0.209426 -0.0626364
6.6 7.6 -0.101498 0.191258
6.6 7.8 -0.142752 0.160078
6.6 8 -0.126078 -0.17103
6.6 8.2 0.106977 0.181297
6.6 8.4 0.171619 -0.118524
6.6 8.6 0.1262 -0.163657
6.6 8.8 0.204559 0.0098058
6.6 9 -0.123179 0.161301
6.6 9.2 0.150317 -0.133667
6.6 9.4 -0.167735 -0.107784
6.6 9.6 -0.193065 0.0422842
6.6 9.8 -0.195928 -0.00151592
6.8 -10 -0.0819685 0.175544
6.8 -9.8 -0.140595 0.135673
6.8 -9.6 -0.162448 -0.11154
6.8 -9.4 0.197267 -0.0243068
6.8 -9.2 -0.194325 -0.0493433
6.8 -9 -0.0391464 0.198432
6.8 -8.8 0.0468131 0.198609
6.8 -8.6 -0.115623 0.170345
6.8 -8.4 -0.0818059 -0.19095
6.8 -8.2 0.0065694 0.209521
6.8 -8 0.206856 0.0442869
6.8 -7.8 0.19741 0.0812945
6.8 -7.6 -0.118114 0.180217
6.8 -7.4 0.164197 -0.142613
6.8 -7.2 -0.0593009 -0.211361
6.8 -7 0.0900862 -0.202452
6.8 -6.8 0.0268984 0.222062
6.8 -6.6 0.220013 -0.0508181
6.8 -6.4 0.223523 0.0447097
6.8 -6.2 -0.218789 0.0713161
6.8 -6 0.019888 0.231454
6.8 -5.8 -0.197179 0.126954
6.8 -5.6 0.235885 -0.0200599
6.8 -5.4 0.238367 -0.0169818
6.8 -5.2 -0.222008 0.094325
6.8 -5 -0.143146 0.196937
6.8 -4.8 0.00440912 -0.245675
6.8 -4.6 -0.122723 -0.215461
6.8 -4.4 0.184395 0.169107
6.8 -4.2 0.17389 0.182969
6.8 -4 -0.0387376 -0.251656
6.8 -3.8 0.235023 -0.103474
6.8 -3.6 0.0492039 -0.254213
6.8 -3.4 -0.067945 0.252028
6.8 -3.2 -0.262972 0.0071767
6.8 -3 -0.231506 0.12907
6.8 -2.8 0.225872 0.142322
6.8 -2.6 -0.262643 -0.0572548
6.8 -2.4 0.0505376 -0.265802
6.8 -2.2 0.164054 -0.217233
6.8 -2 0.0490748 -0.269337
6.8 -1.8 -0.239945 -0.134781
6.8 -1.6 -0.0590778 0.270137
6.8 -1.4 0.233122 -0.150908
6.8 -1.2 -0.275027 0.0453745
6.8 -1 0.279618 -0.00338984
6.8 -0.8 -0.280297 0.0067996
6.8 -0.6 0.278962 -0.033468
6.8 -0.4 -0.273729 0.0651754
6.8 -0.2 0.267244 -0.0888722
6.8 0 -0.264321 0.0974663
6.8 0.2 0.267244 -0.0888722
6.8 0.4 -0.273729 0.0651754
6.8 0.6 0.278962 -0.033468
6.8 0.8 -0.280297 0.0067996
6.8 1 0.279618 -0.00338984
6.8 1.2 -0.275027 0.0453745
6.8 1.4 0.233122 -0.150908
6.8 1.6 -0.0590778 0.270137
6.8 1.8 -0.239945 -0.134781
6.8 2 0.0490748 -0.269337
6.8 2.2 0.164054 -0.217233
6.8 2.4 0.0505376 -0.265802
6.8 2.6 -0.262643 -0.0572548
6.8 2.8 0.225872 0.142322
6.8 3 -0.231506 0.12907
6.8 3.2 -0.262972 0.0071767
6.8 3.4 -0.067945 0.252028
6.8 3.6 0.0492039 -0.254213
6.8 3.8 0.235023 -0.103474
6.8 4 -0.0387376 -0.251656
6.8 4.2 0.17389 0.182969
6.8 4.4 0.184395 0.169107
6.8 4.6 -0.122723 -0.215461
6.8 4.8 0.00440912 -0.245675
6.8 5 -0.143146 0.196937
6.8 5.2 -0.222008 0.094325
6.8 5.4 0.238367 -0.0169818
6.8 5.6 0.235885 -0.0200599
6.8 5.8 -0.197179 0.126954
6.8 6 0.019888 0.231454
6.8 6.2 -0.218789 0.0713161
6.8 6.4 0.223523 0.0447097
6.8 6.6 0.220013 -0.0508181
6.8 6.8 0.0268984 0.222062
6.8 7 0.0900862 -0.202452
6.8 7.2 -0.0593009 -0.211361
6.8 7.4 0.164197 -0.142613
6.8 7.6 -0.118114 0.180217
6.8 7.8 0.19741 0.0812945
6.8 8 0.206856 0.0442869
6.8 8.2 0.0065694 0.209521
6.8 8.4 -0.0818059 -0.19095
6.8 8.6 -0.115623 0.170345
6.8 8.8 0.0468131 0.198609
6.8 9 -0.0391464 0.198432
6.8 9.2 -0.194325 -0.0493433
6.8 9.4 0.197267 -0.0243068
6.8 9.6 -0.162448 -0.11154
6.8 9.8 -0.140595 0.135673
7 -10 -0.106009 0.161514
7 -9.8 -0.115094 -0.157172
7 -9.6 0.141751 0.136007
7 -9.4 0.0206817 -0.197031
7 -9.2 -0.167428 -0.10905
7 -9 -0.158865 -0.124008
7 -8.8 0.0818525 -0.186081
7 -8.6 0.0228636 0.203791
7 -8.4 0.135523 -0.156311
7 -8.2 -0.0388036 -0.205082
7 -8 0.0803357 -0.194663
7 -7.8 0.124035 0.172524
7 -7.6 -0.00370071 -0.214375
7 -7.4 -0.163394 -0.14182
7 -7.2 0.0178948 -0.217599
7 -7 0.0568326 0.212879
7 -6.8 0.216711 -0.0498046
7 -6.6 0.215704 0.0618934
7 -6.4 -0.221076 0.0491657
7 -6.2 0.0110657 0.228297
7 -6 -0.180227 0.14397
7 -5.8 0.213135 -0.0936206
7 -5.6 0.176147 -0.155438
7 -5.4 -0.0213081 0.236104
7 -5.2 0.200097 0.131083
7 -5 -0.18559 0.154305
7 -4.8 0.106784 0.218841
7 -4.6 -0.243499 0.0323776
7 -4.4 -0.100078 0.226658
7 -4.2 -0.0576023 -0.243148
7 -4 -0.087513 -0.236278
7 -3.8 -0.051628 0.248718
7 -3.6 -0.255903 -0.00835929
7 -3.4 -0.195538 0.168335
7 -3.2 0.248823 -0.0752033
7 -3 0.0325198 0.259778
7 -2.8 0.0112115 0.263366
7 -2.6 0.263658 0.0297198
7 -2.4 -0.234679 -0.127271
7 -2.2 0.256031 -0.080926
7 -2 0.147549 0.226075
7 -1.8 0.048049 0.267014
7 -1.6 0.140816 0.233326
7 -1.4 0.27356 0.00592331
7 -1.2 0.0160125 -0.274125
7 -1 -0.260407 0.0896978
7 -0.8 0.240952 0.134828
7 -0.6 -0.128744 -0.244867
7 -0.4 0.0316492 0.275224
7 -0.2 0.0249789 -0.276145
7 0 -0.04298 0.274
7 0.2 0.0249789 -0.276145
7 0.4 0.0316492 0.275224
7 0.6 -0.128744 -0.244867
7 0.8 0.240952 0.134828
7 1 -0.260407 0.0896978
7 1.2 0.0160125 -0.274125
7 1.4 0.27356 0.00592331
7 1.6 0.140816 0.233326
7 1.8 0.048049 0.267014
7 2 0.147549 0.226075
7 2.2 0.256031 -0.080926
7 2.4 -0.234679 -0.127271
7 2.6 0.263658 0.0297198
7 2.8 0.0112115 0.263366
7 3 0.0325198 0.259778
7 3.2 0.248823 -0.0752033
7 3.4 -0.195538 0.168335
7 3.6 -0.255903 -0.00835929
7 3.8 -0.051628 0.248718
7 4 -0.087513 -0.236278
7 4.2 -0.0576023 -0.243148
7 4.4 -0.100078 0.226658
7 4.6 -0.243499 0.0323776
7 4.8 0.106784 0.218841
7 5 -0.18559 0.154305
7 5.2 0.200097 0.131083
7 5.4 -0.0213081 0.236104
7 5.6 0.176147 -0.155438
7 5.8 0.213135 -0.0936206
7 6 -0.180227 0.14397
7 6.2 0.0110657 0.228297
7 6.4 -0.221076 0.0491657
7 6.6 0.215704 0.0618934
7 6.8 0.216711 -0.0498046
7 7 0.0568326 0.212879
7 7.2 0.0178948 -0.217599
7 7.4 -0.163394 -0.14182
7 7.6 -0.00370071 -0.214375
7 7.8 0.124035 0.172524
7 8 0.0803357 -0.194663
7 8.2 -0.0388036 -0.205082
7 8.4 0.135523 -0.156311
7 8.6 0.0228636 0.203791
7 8.8 0.0818525 -0.186081
7 9 -0.158865 -0.124008
7 9.2 -0.167428 -0.10905
7 9.4 0.0206817 -0.197031
7 9.6 0.141751 0.136007
7 9.8 -0.115094 -0.157172
7.2 -10 -0.00192793 -0.192622
7.2 -9.8 -0.0655302 0.182821
7.2 -9.6 0.191867 0.0391273
7.2 -9.4 0.182423 -0.0755478
7.2 -9.2 0.195807 0.0360947
7.2 -9 -0.0793642 0.184441
7.2 -8.8 0.0662576 -0.191357
7.2 -8.6 -0.204202 -0.00403597
7.2 -8.4 -0.183201 0.0942123
7.2 -8.2 -0.184099 -0.0963705
7.2 -8 0.206052 -0.0384828
7.2 -7.8 -0.156905 -0.141757
7.2 -7.6 -0.210217 -0.0362812
7.2 -7.4 -0.0489736 -0.20957
7.2 -7.2 0.082004 0.20105
7.2 -7 0.213835 -0.047592
7.2 -6.8 0.206663 0.0783749
7.2 -6.6 -0.221335 0.0272219
7.2 -6.4 0.00164614 0.224992
7.2 -6.2 -0.164013 0.15695
7.2 -6 0.172835 -0.150283
7.2 -5.8 0.0558816 -0.224213
7.2 -5.6 0.184345 0.142691
7.2 -5.4 0.1414 -0.18791
7.2 -5.2 0.224783 0.0758093
7.2 -5 -0.0415439 -0.23564
7.2 -4.8 0.18082 -0.159812
7.2 -4.6 -0.225753 -0.0908781
7.2 -4.4 0.0346712 -0.242919
7.2 -4.2 -0.238681 -0.0650404
7.2 -4 0.195413 -0.154904
7.2 -3.8 0.14645 -0.204226
7.2 -3.6 -0.231278 0.1031
7.2 -3.4 -0.122664 -0.223653
7.2 -3.2 -0.221996 -0.129282
7.2 -3 0.0817798 0.245384
7.2 -2.8 -0.252624 -0.0629253
7.2 -2.6 -0.181858 -0.18855
7.2 -2.4 -0.262891 0.0178788
7.2 -2.2 0.161748 0.209844
7.2 -2 -0.195714 -0.180588
7.2 -1.8 0.241641 -0.11486
7.2 -1.6 0.219913 0.15438
7.2 -1.4 0.170746 0.208787
7.2 -1.2 0.240016 0.125
7.2 -1 0.236798 -0.132583
7.2 -0.8 -0.114621 -0.2467
7.2 -0.6 -0.190487 0.194902
7.2 -0.4 0.272783 0.00763057
7.2 -0.2 -0.238713 -0.132678
7.2 0 0.21506 0.168452
7.2 0.2 -0.238713 -0.132678
7.2 0.4 0.272783 0.00763057
7.2 0.6 -0.190487 0.194902
7.2 0.8 -0.114621 -0.2467
7.2 1 0.236798 -0.132583
7.2 1.2 0.240016 0.125
7.2 1.4 0.170746 0.208787
7.2 1.6 0.219913 0.15438
7.2 1.8 0.241641 -0.11486
7.2 2 -0.195714 -0.180588
7.2 2.2 0.161748 0.209844
7.2 2.4 -0.262891 0.0178788
7.2 2.6 -0.181858 -0.18855
7.2 2.8 -0.252624 -0.0629253
7.2 3 0.0817798 0.245384
7.2 3.2 -0.221996 -0.129282
7.2 3.4 -0.122664 -0.223653
7.2 3.6 -0.231278 0.1031
7.2 3.8 0.14645 -0.204226
7.2 4 0.195413 -0.154904
7.2 4.2 -0.238681 -0.0650404
7.2 4.4 0.0346712 -0.242919
7.2 4.6 -0.225753 -0.0908781
7.2 4.8 0.18082 -0.159812
7.2 5 -0.0415439 -0.23564
7.2 5.2 0.224783 0.0758093
7.2 5.4 0.1414 -0.18791
7.2 5.6 0.184345 0.142691
7.2 5.8 0.0558816 -0.224213
7.2 6 0.172835 -0.150283
7.2 6.2 -0.164013 0.15695
7.2 6.4 0.00164614 0.224992
7.2 6.6 -0.221335 0.0272219
7.2 6.8 0.206663 0.0783749
7.2 7 0.213835 -0.047592
7.2 7.2 0.082004 0.20105
7.2 7.4 -0.0489736 -0.20957
7.2 7.6 -0.210217 -0.0362812
7.2 7.8 -0.156905 -0.141757
7.2 8 0.206052 -0.0384828
7.2 8.2 -0.184099 -0.0963705
7.2 8.4 -0.183201 0.0942123
7.2 8.6 -0.204202 -0.00403597
7.2 8.8 0.0662576 -0.191357
7.2 9 -0.0793642 0.184441
7.2 9.2 0.195807 0.0360947
7.2 9.4 0.182423 -0.0755478
7.2 9.6 0.191867 0.0391273
7.2 9.8 -0.0655302 0.182821
7.4 -10 -0.189336 -0.0321599
7.4 -9.8 -0.096431 0.167868
7.4 -9.6 -0.0779535 0.178922
7.4 -9.4 -0.195429 0.0228664
7.4 -9.2 0.10526 -0.168156
7.4 -9 -0.15902 0.121344
7.4 -8.8 0.106129 0.171521
7.4 -8.6 0.124957 0.160485
7.4 -8.4 -0.125125 0.162529
7.4 -8.2 0.0650187 -0.196375
7.4 -8 -0.208502 0.00717372
7.4 -7.8 -0.198532 0.0697121
7.4 -7.6 -0.105135 -0.184357
7.4 -7.4 0.102797 0.187764
7.4 -7.2 0.211317 -0.0443309
7.4 -7 0.196441 0.094042
7.4 -6.8 -0.219611 0.00565551
7.4 -6.6 -0.00826102 0.221439
7.4 -6.4 -0.148972 0.166635
7.4 -6.2 0.123168 -0.188837
7.4 -6 -0.0705371 -0.216186
7.4 -5.8 0.220821 -0.0619982
7.4 -5.6 -0.15898 -0.168034
7.4 -5.4 -0.0192104 -0.232496
7.4 -5.2 -0.06941 0.224781
7.4 -5 -0.11584 0.207007
7.4 -4.8 0.149537 -0.186655
7.4 -4.6 0.192508 -0.145171
7.4 -4.4 -0.2391 0.0435529
7.4 -4.2 -0.196726 -0.145922
7.4 -4 -0.0907633 0.22952
7.4 -3.8 -0.18257 -0.168817
7.4 -3.6 -0.237852 -0.0784799
7.4 -3.4 0.174294 0.182319
7.4 -3.2 -0.179794 0.179329
7.4 -3 -0.0991422 0.235582
7.4 -2.8 0.251257 -0.0548983
7.4 -2.6 -0.158014 0.20484
7.4 -2.4 -0.260134 -0.00263371
7.4 -2.2 -0.235203 0.1143
7.4 -2 0.148973 0.216463
7.4 -1.8 -0.0829702 -0.250562
7.4 -1.6 0.231198 0.129523
7.4 -1.4 -0.109249 0.242489
7.4 -1.2 -0.235937 0.124569
7.4 -1 -0.226633 0.142148
7.4 -0.8 -0.0726022 0.258102
7.4 -0.6 0.234602 0.130766
7.4 -0.4 0.0512136 -0.264
7.4 -0.2 -0.215685 0.160958
7.4 0 0.248206 -0.1042
7.4 0.2 -0.215685 0.160958
7.4 0.4 0.0512136 -0.264
7.4 0.6 0.234602 0.130766
7.4 0.8 -0.0726022 0.258102
7.4 1 -0.226633 0.142148
7.4 1.2 -0.235937 0.124569
7.4 1.4 -0.109249 0.242489
7.4 1.6 0.231198 0.129523
7.4 1.8 -0.0829702 -0.250562
7.4 2 0.148973 0.216463
7.4 2.2 -0.235203 0.1143
7.4 2.4 -0.260134 -0.00263371
7.4 2.6 -0.158014 0.20484
7.4 2.8 0.251257 -0.0548983
7.4 3 -0.0991422 0.235582
7.4 3.2 -0.179794 0.179329
7.4 3.4 0.174294 0.182319
7.4 3.6 -0.237852 -0.0784799
7.4 3.8 -0.18257 -0.168817
7.4 4 -0.0907633 0.22952
7.4 4.2 -0.196726 -0.145922
7.4 4.4 -0.2391 0.0435529
7.4 4.6 0.192508 -0.145171
7.4 4.8 0.149537 -0.186655
7.4 5 -0.11584 0.207007
7.4 5.2 -0.06941 0.224781
7.4 5.4 -0.0192104 -0.232496
7.4 5.6 -0.15898 -0.168034
7.4 5.8 0.220821 -0.0619982
7.4 6 -0.0705371 -0.216186
7.4 6.2 0.123168 -0.188837
7.4 6.4 -0.148972 0.166635
7.4 6.6 -0.00826102 0.221439
7.4 6.8 -0.219611 0.00565551
7.4 7 0.196441 0.094042
7.4 7.2 0.211317 -0.0443309
7.4 7.4 0.102797 0.187764
7.4 7.6 -0.105135 -0.184357
7.4 7.8 -0.198532 0.0697121
7.4 8 -0.208502 0.00717372
7.4 8.2 0.0650187 -0.196375
7.4 8.4 -0.125125 0.162529
7.4 8.6 0.124957 0.160485
7.4 8.8 0.106129 0.171521
7.4 9 -0.15902 0.121344
7.4 9.2 0.10526 -0.168156
7.4 9.4 -0.195429 0.0228664
7.4 9.6 -0.0779535 0.178922
7.4 9.8 -0.096431 0.167868
7.6 -10 -0.0952798 -0.166051
7.6 -9.8 -0.0322546 -0.190245
7.6 -9.6 0.188621 -0.0474498
7.6 -9.4 -0.148786 0.127678
7.6 -9.2 0.197237 0.0126627
7.6 -9 0.104914 -0.169392
7.6 -8.8 0.146377 -0.137574
7.6 -8.6 0.124851 0.159473
7.6 -8.4 -0.129374 -0.157997
7.6 -8.2 -0.149567 0.141514
7.6 -8 -0.142586 0.150919
7.6 -7.8 -0.148123 -0.147959
7.6 -7.6 0.119698 0.173909
7.6 -7.4 0.209079 -0.040148
7.6 -7.2 0.185093 0.108787
7.6 -7 -0.215962 -0.0153677
7.6 -6.8 -0.0185534 0.217548
7.6 -6.6 -0.135349 0.173667
7.6 -6.4 0.070543 -0.210532
7.6 -6.2 -0.166 -0.150254
7.6 -6 0.0936936 -0.205418
7.6 -5.8 -0.200174 0.108433
7.6 -5.6 -0.214867 0.0807536
7.6 -5.4 0.188192 -0.134689
7.6 -5.2 0.0916586 -0.214546
7.6 -5 0.0713705 0.22409
7.6 -4.8 0.207406 0.114775
7.6 -4.6 -0.235366 0.0409192
7.6 -4.4 -0.192659 0.144338
7.6 -4.2 0.172884 -0.170107
7.6 -4 0.220724 -0.104756
7.6 -3.8 -0.216736 -0.116516
7.6 -3.6 0.139089 -0.20506
7.6 -3.4 0.00016539 -0.249447
7.6 -3.2 -0.100912 0.229891
7.6 -3 -0.23278 -0.0981462
7.6 -2.8 -0.25309 -0.0228958
7.6 -2.6 0.0951726 0.23717
7.6 -2.4 -0.199402 -0.161992
7.6 -2.2 0.0673838 -0.249236
7.6 -2 0.0138295 -0.259003
7.6 -1.8 -0.257022 -0.0422317
7.6 -1.6 0.20027 0.168096
7.6 -1.4 -0.257809 -0.0486495
7.6 -1.2 0.07452 -0.252372
7.6 -1 0.232558 -0.124563
7.6 -0.8 0.230607 -0.129279
7.6 -0.6 0.0748231 -0.254017
7.6 -0.4 -0.24673 -0.0970226
7.6 -0.2 0.0563029 0.259267
7.6 0 0.0295008 -0.263728
7.6 0.2 0.0563029 0.259267
7.6 0.4 -0.24673 -0.0970226
7.6 0.6 0.0748231 -0.254017
7.6 0.8 0.230607 -0.129279
7.6 1 0.232558 -0.124563
7.6 1.2 0.07452 -0.252372
7.6 1.4 -0.257809 -0.0486495
7.6 1.6 0.20027 0.168096
7.6 1.8 -0.257022 -0.0422317
7.6 2 0.0138295 -0.259003
7.6 2.2 0.0673838 -0.249236
7.6 2.4 -0.199402 -0.161992
7.6 2.6 0.0951726 0.23717
7.6 2.8 -0.25309 -0.0228958
7.6 3 -0.23278 -0.0981462
7.6 3.2 -0.100912 0.229891
7.6 3.4 0.00016539 -0.249447
7.6 3.6 0.139089 -0.20506
7.6 3.8 -0.216736 -0.116516
7.6 4 0.220724 -0.104756
7.6 4.2 0.172884 -0.170107
7.6 4.4 -0.192659 0.144338
7.6 4.6 -0.235366 0.0409192
7.6 4.8 0.207406 0.114775
7.6 5 0.0713705 0.22409
7.6 5.2 0.0916586 -0.214546
7.6 5.4 0.188192 -0.134689
7.6 5.6 -0.214867 0.0807536
7.6 5.8 -0.200174 0.108433
7.6 6 0.0936936 -0.205418
7.6 6.2 -0.166 -0.150254
7.6 6.4 0.070543 -0.210532
7.6 6.6 -0.135349 0.173667
7.6 6.8 -0.0185534 0.217548
7.6 7 -0.215962 -0.0153677
7.6 7.2 0.185093 0.108787
7.6 7.4 0.209079 -0.040148
7.6 7.6 0.119698 0.173909
7.6 7.8 -0.148123 -0.147959
7.6 8 -0.142586 0.150919
7.6 8.2 -0.149567 0.141514
7.6 8.4 -0.129374 -0.157997
7.6 8.6 0.124851 0.159473
7.6 8.8 0.146377 -0.137574
7.6 9 0.104914 -0.169392
7.6 9.2 0.197237 0.0126627
7.6 9.4 -0.148786 0.127678
7.6 9.6 0.188621 -0.0474498
7.6 9.8 -0.0322546 -0.190245
7.8 -10 0.103177 0.160527
7.8 -9.8 -0.1877 0.0418486
7.8 -9.6 0.186891 -0.0513339
7.8 -9.4 -0.121273 -0.153135
7.8 -9.2 -0.19312 -0.0383297
7.8 -9 -0.13678 -0.14379
7.8 -8.8 0.188403 -0.067248
7.8 -8.6 -0.201227 0.013142
7.8 -8.4 -0.0267477 0.20152
7.8 -8.2 -0.0626907 0.195114
7.8 -8 -0.177575 -0.105613
7.8 -7.8 0.133223 0.160123
7.8 -7.6 0.207041 -0.0351515
7.8 -7.4 0.172685 0.122509
7.8 -7.2 -0.210463 -0.0356876
7.8 -7 -0.0291337 0.21324
7.8 -6.8 -0.123258 0.178582
7.8 -6.6 0.0194906 -0.217898
7.8 -6.4 -0.213576 -0.0550536
7.8 -6.2 -0.0832175 -0.206196
7.8 -6 0.0335595 0.221632
7.8 -5.8 0.111846 0.196344
7.8 -5.6 -0.223725 -0.0427516
7.8 -5.4 -0.111331 0.200779
7.8 -5.2 -0.197814 -0.120027
7.8 -5 -0.0950706 0.212912
7.8 -4.8 -0.227834 -0.0574075
7.8 -4.6 -0.0343254 0.234219
7.8 -4.4 -0.231746 -0.0562167
7.8 -4.2 -0.14504 0.191452
7.8 -4 -0.0165217 -0.241317
7.8 -3.8 -0.0517436 -0.237982
7.8 -3.6 -0.0815679 0.231196
7.8 -3.4 -0.244006 -0.0366309
7.8 -3.2 -0.196657 0.151537
7.8 -3 0.231967 -0.0925338
7.8 -2.8 0.112728 0.224436
7.8 -2.6 0.179588 0.177499
7.8 -2.4 0.0831004 -0.239788
7.8 -2.2 0.0297279 0.253239
7.8 -2 -0.229343 0.113956
7.8 -1.8 -0.213018 0.143996
7.8 -1.6 0.104881 0.235782
7.8 -1.4 0.0404998 -0.255706
7.8 -1.2 0.0905369 0.243331
7.8 -1 -0.247485 0.0805327
7.8 -0.8 -0.245413 -0.0881876
7.8 -0.6 -0.259766 -0.0271823
7.8 -0.4 -0.142315 0.219355
7.8 -0.2 0.255466 0.0565623
7.8 0 -0.212962 -0.15212
7.8 0.2 0.255466 0.0565623
7.8 0.4 -0.142315 0.219355
7.8 0.6 -0.259766 -0.0271823
7.8 0.8 -0.245413 -0.0881876
7.8 1 -0.247485 0.0805327
7.8 1.2 0.0905369 0.243331
7.8 1.4 0.0404998 -0.255706
7.8 1.6 0.104881 0.235782
7.8 1.8 -0.213018 0.143996
7.8 2 -0.229343 0.113956
7.8 2.2 0.0297279 0.253239
7.8 2.4 0.0831004 -0.239788
7.8 2.6 0.179588 0.177499
7.8 2.8 0.112728 0.224436
7.8 3 0.231967 -0.0925338
7.8 3.2 -0.196657 0.151537
7.8 3.4 -0.244006 -0.0366309
7.8 3.6 -0.0815679 0.231196
7.8 3.8 -0.0517436 -0.237982
7.8 4 -0.0165217 -0.241317
7.8 4.2 -0.14504 0.191452
7.8 4.4 -0.231746 -0.0562167
7.8 4.6 -0.0343254 0.234219
7.8 4.8 -0.227834 -0.0574075
7.8 5 -0.0950706 0.212912
7.8 5.2 -0.197814 -0.120027
7.8 5.4 -0.111331 0.200779
7.8 5.6 -0.223725 -0.0427516
7.8 5.8 0.111846 0.196344
7.8 6 0.0335595 0.221632
7.8 6.2 -0.0832175 -0.206196
7.8 6.4 -0.213576 -0.0550536
7.8 6.6 0.0194906 -0.217898
7.8 6.8 -0.123258 0.178582
7.8 7 -0.0291337 0.21324
7.8 7.2 -0.210463 -0.0356876
7.8 7.4 0.172685 0.122509
7.8 7.6 0.207041 -0.0351515
7.8 7.8 0.133223 0.160123
7.8 8 -0.177575 -0.105613
7.8 8.2 -0.0626907 0.195114
7.8 8.4 -0.0267477 0.20152
7.8 8.6 -0.201227 0.013142
7.8 8.8 0.188403 -0.067248
7.8 9 -0.13678 -0.14379
7.8 9.2 -0.19312 -0.0383297
7.8 9.4 -0.121273 -0.153135
7.8 9.6 0.186891 -0.0513339
7.8 9.8 -0.1877 0.0418486
8 -10 0.18999 -0.00872973
8 -9.8 -0.182951 -0.0570575
8 -9.6 -0.0532861 0.185616
8 -9.4 0.0129223 0.194175
8 -9.2 -0.151771 0.124206
8 -9 0.0087466 -0.197453
8 -8.8 -0.113708 0.163554
8 -8.6 0.0980209 0.175212
8 -8.4 0.0217238 0.201185
8 -8.2 -0.194477 -0.06147
8 -8 0.143874 0.14685
8 -7.8 0.205123 -0.0294352
8 -7.6 0.159297 0.135112
8 -7.4 -0.203199 -0.0551516
8 -7.2 -0.0399078 0.208449
8 -7 -0.112725 0.181824
8 -6.8 -0.0271181 -0.213928
8 -6.6 -0.213119 0.0427188
8 -6.4 -0.199291 -0.090998
8 -6.2 0.212616 0.0596112
8 -6 0.187623 -0.119691
8 -5.8 0.0927594 0.204207
8 -5.6 0.161971 -0.157644
8 -5.4 0.227186 0.016087
8 -5.2 -0.184396 -0.136599
8 -5 -0.117303 -0.199227
8 -4.8 0.0427134 0.228947
8 -4.6 -0.0522545 0.228688
8 -4.4 0.171431 -0.162554
8 -4.2 0.236019 0.0297482
8 -4 -0.034442 -0.237007
8 -3.8 0.239224 0.0297968
8 -3.6 0.21064 -0.120377
8 -3.4 -0.226576 0.0908317
8 -3.2 -0.194186 -0.15029
8 -3 -0.225363 0.100961
8 -2.8 0.232258 -0.0877425
8 -2.6 0.144342 0.203569
8 -2.4 0.220646 0.11913
8 -2.2 -0.0148911 -0.25144
8 -2 0.14393 0.207985
8 -1.8 -0.127244 0.219708
8 -1.6 -0.0707564 0.244751
8 -1.4 0.242668 0.080141
8 -1.2 -0.193694 -0.167767
8 -1 0.256659 -0.00958069
8 -0.8 0.0773175 0.245434
8 -0.6 0.0106278 0.257486
8 -0.4 0.181068 0.18376
8 -0.2 0.156993 -0.204919
8 0 -0.233423 0.110366
8 0.2 0.156993 -0.204919
8 0.4 0.181068 0.18376
8 0.6 0.0106278 0.257486
8 0.8 0.0773175 0.245434
8 1 0.256659 -0.00958069
8 1.2 -0.193694 -0.167767
8 1.4 0.242668 0.080141
8 1.6 -0.0707564 0.244751
8 1.8 -0.127244 0.219708
8 2 0.14393 0.207985
8 2.2 -0.0148911 -0.25144
8 2.4 0.220646 0.11913
8 2.6 0.144342 0.203569
8 2.8 0.232258 -0.0877425
8 3 -0.225363 0.100961
8 3.2 -0.194186 -0.15029
8 3.4 -0.226576 0.0908317
8 3.6 0.21064 -0.120377
8 3.8 0.239224 0.0297968
8 4 -0.034442 -0.237007
8 4.2 0.236019 0.0297482
8 4.4 0.171431 -0.162554
8 4.6 -0.0522545 0.228688
8 4.8 0.0427134 0.228947
8 5 -0.117303 -0.199227
8 5.2 -0.184396 -0.136599
8 5.4 0.227186 0.016087
8 5.6 0.161971 -0.157644
8 5.8 0.0927594 0.204207
8 6 0.187623 -0.119691
8 6.2 0.212616 0.0596112
8 6.4 -0.199291 -0.090998
8 6.6 -0.213119 0.0427188
8 6.8 -0.0271181 -0.213928
8 7 -0.112725 0.181824
8 7.2 -0.0399078 0.208449
8 7.4 -0.203199 -0.0551516
8 7.6 0.159297 0.135112
8 7.8 0.205123 -0.0294352
8 8 0.143874 0.14685
8 8.2 -0.194477 -0.06147
8 8.4 0.0217238 0.201185
8 8.6 0.0980209 0.175212
8 8.8 -0.113708 0.163554
8 9 0.0087466 -0.197453
8 9.2 -0.151771 0.124206
8 9.4 0.0129223 0.194175
8 9.6 -0.0532861 0.185616
8 9.8 -0.182951 -0.0570575
8.2 -10 0.103489 0.158795
8.2 -9.8 0.185619 -0.04485
8.2 -9.6 0.186917 -0.0456006
8.2 -9.4 0.0990628 0.166634
8.2 -9.2 -0.172125 -0.0923452
8.2 -9 0.0472558 0.191069
8.2 -8.8 0.178165 0.0871483
8.2 -8.6 0.0958878 0.175363
8.2 -8.4 -0.200555 -0.0185576
8.2 -8.2 0.152114 0.134387
8.2 -8 0.203245 -0.0230822
8.2 -7.8 0.145018 0.146509
8.2 -7.6 -0.19427 -0.0736158
8.2 -7.4 -0.0507841 0.203117
8.2 -7.2 -0.103716 0.18375
8.2 -7 -0.067724 -0.201569
8.2 -6.8 -0.174728 0.124062
8.2 -6.6 -0.207403 0.0601578
8.2 -6.4 0.151155 -0.156552
8.2 -6.2 -0.108755 -0.190414
8.2 -6 0.135853 -0.174254
8.2 -5.8 -0.212297 0.0670151
8.2 -5.6 -0.220543 0.0408267
8.2 -5.4 0.204473 -0.0961495
8.2 -5.2 0.128327 -0.187978
8.2 -5 0.023587 0.228029
8.2 -4.8 0.175987 0.149435
8.2 -4.6 -0.232467 0.00261303
8.2 -4.4 -0.197564 0.125527
8.2 -4.2 0.156043 -0.176557
8.2 -4 0.175185 -0.159864
8.2 -3.8 -0.236678 0.0306991
8.2 -3.6 -0.108803 -0.214056
8.2 -3.4 -0.240812 0.0187157
8.2 -3.2 0.223035 -0.096228
8.2 -3 0.238109 0.0543215
8.2 -2.8 0.0859194 -0.229961
8.2 -2.6 -0.0248585 0.245432
8.2 -2.4 -0.224176 0.105646
8.2 -2.2 -0.0981918 0.228697
8.2 -2 0.229532 -0.0987517
8.2 -1.8 -0.087588 0.23499
8.2 -1.6 -0.235318 0.0890611
8.2 -1.4 -0.15427 0.199698
8.2 -1.2 0.238114 0.0854832
8.2 -1 -0.239664 -0.0827468
8.2 -0.8 0.158763 -0.198273
8.2 -0.6 0.251392 -0.0387467
8.2 -0.4 0.217645 -0.132139
8.2 -0.2 -0.117065 -0.226284
8.2 0 -0.0171117 0.254248
8.2 0.2 -0.117065 -0.226284
8.2 0.4 0.217645 -0.132139
8.2 0.6 0.251392 -0.0387467
8.2 0.8 0.158763 -0.198273
8.2 1 -0.239664 -0.0827468
8.2 1.2 0.238114 0.0854832
8.2 1.4 -0.15427 0.199698
8.2 1.6 -0.235318 0.0890611
8.2 1.8 -0.087588 0.23499
8.2 2 0.229532 -0.0987517
8.2 2.2 -0.0981918 0.228697
8.2 2.4 -0.224176 0.105646
8.2 2.6 -0.0248585 0.245432
8.2 2.8 0.0859194 -0.229961
8.2 3 0.238109 0.0543215
8.2 3.2 0.223035 -0.096228
8.2 3.4 -0.240812 0.0187157
8.2 3.6 -0.108803 -0.214056
8.2 3.8 -0.236678 0.0306991
8.2 4 0.175185 -0.159864
8.2 4.2 0.156043 -0.176557
8.2 4.4 -0.197564 0.125527
8.2 4.6 -0.232467 0.00261303
8.2 4.8 0.175987 0.149435
8.2 5 0.023587 0.228029
8.2 5.2 0.128327 -0.187978
8.2 5.4 0.204473 -0.0961495
8.2 5.6 -0.220543 0.0408267
8.2 5.8 -0.212297 0.0670151
8.2 6 0.135853 -0.174254
8.2 6.2 -0.108755 -0.190414
8.2 6.4 0.151155 -0.156552
8.2 6.6 -0.207403 0.0601578
8.2 6.8 -0.174728 0.124062
8.2 7 -0.067724 -0.201569
8.2 7.2 -0.103716 0.18375
8.2 7.4 -0.0507841 0.203117
8.2 7.6 -0.19427 -0.0736158
8.2 7.8 0.145018 0.146509
8.2 8 0.203245 -0.0230822
8.2 8.2 0.152114 0.134387
8.2 8.4 -0.200555 -0.0185576
8.2 8.6 0.0958878 0.175363
8.2 8.8 0.178165 0.0871483
8.2 9 0.0472558 0.191069
8.2 9.2 -0.172125 -0.0923452
8.2 9.4 0.0990628 0.166634
8.2 9.6 0.186917 -0.0456006
8.2 9.8 0.185619 -0.04485
8.4 -10 -0.115197 -0.149682
8.4 -9.8 -0.0614107 -0.180084
8.4 -9.6 0.182117 -0.0597666
8.4 -9.4 -0.16221 0.104759
8.4 -9.2 0.168527 0.0971768
8.4 -9 0.194648 -0.0229292
8.4 -8.8 0.150857 0.127419
8.4 -8.6 -0.197834 0.0211055
8.4 -8.4 0.158355 0.122916
8.4 -8.2 0.201332 -0.0161676
8.4 -8 0.129948 0.156624
8.4 -7.8 -0.183787 -0.0909461
8.4 -7.6 -0.0616726 0.197198
8.4 -7.4 -0.0961659 0.184644
8.4 -7.2 -0.101725 -0.183449
8.4 -7 -0.112592 0.178866
8.4 -6.8 -0.124099 0.173051
8.4 -6.6 -0.0517102 -0.208225
8.4 -6.4 -0.200787 0.0800447
8.4 -6.2 -0.207926 -0.0647076
8.4 -6 0.208303 0.0687949
8.4 -5.8 0.214909 -0.0514191
8.4 -5.6 -0.0670941 0.212222
8.4 -5.4 0.199967 0.101318
8.4 -5.2 -0.0781272 0.211804
8.4 -5 0.226896 0.0139727
8.4 -4.8 0.068217 0.21848
8.4 -4.6 0.185732 -0.136369
8.4 -4.4 0.170107 0.15766
8.4 -4.2 0.168485 -0.161551
8.4 -4 0.0799405 0.220859
8.4 -3.8 0.202979 0.120996
8.4 -3.6 -0.216164 -0.0988491
8.4 -3.4 -0.127804 -0.202004
8.4 -3.2 -0.173794 0.166005
8.4 -3 -0.0143733 -0.241158
8.4 -2.8 0.0190602 -0.24203
8.4 -2.6 -0.236564 0.0594289
8.4 -2.4 0.145489 -0.197106
8.4 -2.2 0.233329 -0.0778988
8.4 -2 0.0274802 -0.245387
8.4 -1.8 -0.10809 0.222958
8.4 -1.6 -0.177268 -0.174228
8.4 -1.4 -0.0994416 -0.228553
8.4 -1.2 -0.248672 -0.0243101
8.4 -1 0.176624 0.177462
8.4 -0.8 -0.248353 -0.034998
8.4 -0.6 -0.0580646 -0.244338
8.4 -0.4 -0.0741215 -0.240208
8.4 -0.2 -0.251381 0.00862012
8.4 0 0.210975 0.137042
8.4 0.2 -0.251381 0.00862012
8.4 0.4 -0.0741215 -0.240208
8.4 0.6 -0.0580646 -0.244338
8.4 0.8 -0.248353 -0.034998
8.4 1 0.176624 0.177462
8.4 1.2 -0.248672 -0.0243101
8.4 1.4 -0.0994416 -0.228553
8.4 1.6 -0.177268 -0.174228
8.4 1.8 -0.10809 0.222958
8.4 2 0.0274802 -0.245387
8.4 2.2 0.233329 -0.0778988
8.4 2.4 0.145489 -0.197106
8.4 2.6 -0.236564 0.0594289
8.4 2.8 0.0190602 -0.24203
8.4 3 -0.0143733 -0.241158
8.4 3.2 -0.173794 0.166005
8.4 3.4 -0.127804 -0.202004
8.4 3.6 -0.216164 -0.0988491
8.4 3.8 0.202979 0.120996
8.4 4 0.0799405 0.220859
8.4 4.2 0.168485 -0.161551
8.4 4.4 0.170107 0.15766
8.4 4.6 0.185732 -0.136369
8.4 4.8 0.068217 0.21848
8.4 5 0.226896 0.0139727
8.4 5.2 -0.0781272 0.211804
8.4 5.4 0.199967 0.101318
8.4 5.6 -0.0670941 0.212222
8.4 5.8 0.214909 -0.0514191
8.4 6 0.208303 0.0687949
8.4 6.2 -0.207926 -0.0647076
8.4 6.4 -0.200787 0.0800447
8.4 6.6 -0.0517102 -0.208225
8.4 6.8 -0.124099 0.173051
8.4 7 -0.112592 0.178866
8.4 7.2 -0.101725 -0.183449
8.4 7.4 -0.0961659 0.184644
8.4 7.6 -0.0616726 0.197198
8.4 7.8 -0.183787 -0.0909461
8.4 8 0.129948 0.156624
8.4 8.2 0.201332 -0.0161676
8.4 8.4 0.158355 0.122916
8.4 8.6 -0.197834 0.0211055
8.4 8.8 0.150857 0.127419
8.4 9 0.194648 -0.0229292
8.4 9.2 0.168527 0.0971768
8.4 9.4 -0.16221 0.104759
8.4 9.6 0.182117 -0.0597666
8.4 9.8 -0.0614107 -0.180084
8.6 -10 -0.177426 0.0627743
8.6 -9.8 -0.0062093 -0.18946
8.6 -9.6 0.00297078 0.190913
8.6 -9.4 0.186786 -0.0458324
8.6 -9.2 0.153265 -0.118499
8.6 -9 0.183024 0.0677263
8.6 -8.8 -0.188346 0.0563287
8.6 -8.6 0.162955 0.11254
8.6 -8.4 0.19931 -0.0087608
8.6 -8.2 0.114193 0.165387
8.6 -8 -0.171874 -0.107019
8.6 -7.8 -0.0724848 0.190656
8.6 -7.6 -0.0899874 0.184729
8.6 -7.4 -0.129166 -0.161759
8.6 -7.2 -0.0406261 0.204535
8.6 -7 0.000732789 0.210065
8.6 -6.8 -0.196834 -0.0776813
8.6 -6.6 0.0332118 0.210551
8.6 -6.4 -0.011364 0.214402
8.6 -6.2 -0.100159 -0.191658
8.6 -6 -0.216676 0.0220909
8.6 -5.8 -0.0623057 -0.210308
8.6 -5.6 -0.12874 0.179485
8.6 -5.4 -0.203259 0.0902923
8.6 -5.2 0.220673 -0.0380552
8.6 -5 0.224112 -0.0243986
8.6 -4.8 -0.224979 0.0296536
8.6 -4.6 -0.226249 0.0312266
8.6 -4.4 0.229773 -0.00554024
8.6 -4.2 0.220122 0.0709041
8.6 -4 -0.130725 -0.19245
8.6 -3.8 0.111554 -0.205705
8.6 -3.6 -0.200016 -0.123982
8.6 -3.4 0.224647 -0.0742612
8.6 -3.2 0.213913 -0.103959
8.6 -3 -0.23121 -0.0606006
8.6 -2.8 0.0788952 -0.226821
8.6 -2.6 -0.0291551 -0.239456
8.6 -2.4 -0.12707 0.206233
8.6 -2.2 -0.156252 -0.186345
8.6 -2 -0.146724 -0.195039
8.6 -1.8 -0.173998 0.172301
8.6 -1.6 0.126374 -0.210599
8.6 -1.4 0.238946 0.0595749
8.6 -1.2 0.246668 -0.00905823
8.6 -1 -0.060805 -0.239733
8.6 -0.8 0.0835479 0.233214
8.6 -0.6 -0.238057 0.0696724
8.6 -0.4 -0.248071 0.00993234
8.6 -0.2 -0.0994972 0.22761
8.6 0 0.2197 -0.11602
8.6 0.2 -0.0994972 0.22761
8.6 0.4 -0.248071 0.00993234
8.6 0.6 -0.238057 0.0696724
8.6 0.8 0.0835479 0.233214
8.6 1 -0.060805 -0.239733
8.6 1.2 0.246668 -0.00905823
8.6 1.4 0.238946 0.0595749
8.6 1.6 0.126374 -0.210599
8.6 1.8 -0.173998 0.172301
8.6 2 -0.146724 -0.195039
8.6 2.2 -0.156252 -0.186345
8.6 2.4 -0.12707 0.206233
8.6 2.6 -0.0291551 -0.239456
8.6 2.8 0.0788952 -0.226821
8.6 3 -0.23121 -0.0606006
8.6 3.2 0.213913 -0.103959
8.6 3.4 0.224647 -0.0742612
8.6 3.6 -0.200016 -0.123982
8.6 3.8 0.111554 -0.205705
8.6 4 -0.130725 -0.19245
8.6 4.2 0.220122 0.0709041
8.6 4.4 0.229773 -0.00554024
8.6 4.6 -0.226249 0.0312266
8.6 4.8 -0.224979 0.0296536
8.6 5 0.224112 -0.0243986
8.6 5.2 0.220673 -0.0380552
8.6 5.4 -0.203259 0.0902923
8.6 5.6 -0.12874 0.179485
8.6 5.8 -0.0623057 -0.210308
8.6 6 -0.216676 0.0220909
8.6 6.2 -0.100159 -0.191658
8.6 6.4 -0.011364 0.214402
8.6 6.6 0.0332118 0.210551
8.6 6.8 -0.196834 -0.0776813
8.6 7 0.000732789 0.210065
8.6 7.2 -0.0406261 0.204535
8.6 7.4 -0.129166 -0.161759
8.6 7.6 -0.0899874 0.184729
8.6 7.8 -0.0724848 0.190656
8.6 8 -0.171874 -0.107019
8.6 8.2 0.114193 0.165387
8.6 8.4 0.19931 -0.0087608
8.6 8.6 0.162955 0.11254
8.6 8.8 -0.188346 0.0563287
8.6 9 0.183024 0.0677263
8.6 9.2 0.153265 -0.118499
8.6 9.4 0.186786 -0.0458324
8.6 9.6 0.00297078 0.190913
8.6 9.8 -0.0062093 -0.18946
8.8 -10 -0.178443 -0.0576298
8.8 -9.8 0.156739 0.105336
8.8 -9.6 0.108221 -0.156397
8.8 -9.4 0.0747462 -0.176361
8.8 -9.2 0.192843 0.00540594
8.8 -9 -0.17396 0.0865558
8.8 -8.8 0.166219 0.1033
8.8 -8.6 0.197113 -0.00092744
8.8 -8.4 0.0978697 0.172741
8.8 -8.2 -0.158661 -0.121724
8.8 -8 -0.0831333 0.183465
8.8 -7.8 -0.0850834 0.184175
8.8 -7.6 -0.150493 -0.138233
8.8 -7.4 0.0299056 0.203634
8.8 -7.2 0.115593 0.172078
8.8 -7 -0.181134 0.103834
8.8 -6.8 0.208124 0.029999
8.8 -6.6 0.210852 -0.019666
8.8 -6.4 -0.0874355 0.194513
8.8 -6.2 0.210405 0.0430021
8.8 -6 0.134353 0.169442
8.8 -5.8 -0.111102 -0.18725
8.8 -5.6 -0.168274 -0.140484
8.8 -5.4 0.220595 -0.00602764
8.8 -5.2 0.112352 -0.191626
8.8 -5 0.140314 0.174064
8.8 -4.8 0.205827 -0.0908912
8.8 -4.6 0.0350292 0.22368
8.8 -4.4 0.223188 0.0455475
8.8 -4.2 -0.156707 0.167181
8.8 -4 -0.00655138 0.230376
8.8 -3.8 -0.0690442 -0.221237
8.8 -3.6 -0.0327004 -0.23071
8.8 -3.4 -0.134508 0.191759
8.8 -3.2 -0.208677 -0.108939
8.8 -3 -0.214273 0.100155
8.8 -2.8 0.210801 -0.109615
8.8 -2.6 0.215401 0.102661
8.8 -2.4 0.180308 -0.157748
8.8 -2.2 -0.176779 0.163019
8.8 -2 -0.21774 -0.104
8.8 -1.8 -0.236532 0.051462
8.8 -1.6 0.214593 0.113494
8.8 -1.4 -0.209944 0.123105
8.8 -1.2 -0.243388 0.0160387
8.8 -1 -0.0860648 0.228721
8.8 -0.8 0.173918 -0.172217
8.8 -0.6 0.0745765 0.233432
8.8 -0.4 -0.0562206 0.238739
8.8 -0.2 0.159827 0.186213
8.8 0 0.005646 -0.245375
8.8 0.2 0.159827 0.186213
8.8 0.4 -0.0562206 0.238739
8.8 0.6 0.0745765 0.233432
8.8 0.8 0.173918 -0.172217
8.8 1 -0.0860648 0.228721
8.8 1.2 -0.243388 0.0160387
8.8 1.4 -0.209944 0.123105
8.8 1.6 0.214593 0.113494
8.8 1.8 -0.236532 0.051462
8.8 2 -0.21774 -0.104
8.8 2.2 -0.176779 0.163019
8.8 2.4 0.180308 -0.157748
8.8 2.6 0.215401 0.102661
8.8 2.8 0.210801 -0.109615
8.8 3 -0.214273 0.100155
8.8 3.2 -0.208677 -0.108939
8.8 3.4 -0.134508 0.191759
8.8 3.6 -0.0327004 -0.23071
8.8 3.8 -0.0690442 -0.221237
8.8 4 -0.00655138 0.230376
8.8 4.2 -0.156707 0.167181
8.8 4.4 0.223188 0.0455475
8.8 4.6 0.0350292 0.22368
8.8 4.8 0.205827 -0.0908912
8.8 5 0.140314 0.174064
8.8 5.2 0.112352 -0.191626
8.8 5.4 0.220595 -0.00602764
8.8 5.6 -0.168274 -0.140484
8.8 5.8 -0.111102 -0.18725
8.8 6 0.134353 0.169442
8.8 6.2 0.210405 0.0430021
8.8 6.4 -0.0874355 0.194513
8.8 6.6 0.210852 -0.019666
8.8 6.8 0.208124 0.029999
8.8 7 -0.181134 0.103834
8.8 7.2 0.115593 0.172078
8.8 7.4 0.0299056 0.203634
8.8 7.6 -0.150493 -0.138233
8.8 7.8 -0.0850834 0.184175
8.8 8 -0.0831333 0.183465
8.8 8.2 -0.158661 -0.121724
8.8 8.4 0.0978697 0.172741
8.8 8.6 0.197113 -0.00092744
8.8 8.8 0.166219 0.1033
8.8 9 -0.17396 0.0865558
8.8 9.2 0.192843 0.00540594
8.8 9.4 0.0747462 -0.176361
8.8 9.6 0.108221 -0.156397
8.8 9.8 0.156739 0.105336
9 -10 0.177007 -0.0597621
9 -9.8 -0.0156542 -0.187469
9 -9.6 -0.0158341 -0.18877
9 -9.4 0.183372 -0.0525682
9 -9.2 -0.156292 0.111687
9 -9 0.168401 0.0952001
9 -8.8 0.194675 0.00726944
9 -8.6 0.0810984 0.178639
9 -8.4 -0.144291 -0.134961
9 -8.2 -0.0935324 0.175612
9 -8 -0.0813538 0.183114
9 -7.8 -0.166372 -0.114184
9 -7.6 0.0912414 0.181572
9 -7.4 0.186347 0.0845617
9 -7.2 -0.0419007 0.201765
9 -7 0.101941 -0.180741
9 -6.8 -0.0300198 -0.20678
9 -6.6 0.208848 -0.0254201
9 -6.4 -0.167179 -0.13009
9 -6.2 -0.161333 -0.139483
9 -6 0.213252 0.0249369
9 -5.8 0.108751 -0.186782
9 -5.6 0.194835 0.0967974
9 -5.4 0.00133945 -0.218962
9 -5.2 0.161548 -0.149876
9 -5 -0.219605 0.0307481
9 -4.8 -0.209266 -0.077376
9 -4.6 0.152268 0.16491
9 -4.4 0.0454284 0.22116
9 -4.2 0.110226 -0.198524
9 -4 0.227343 -0.021274
9 -3.8 -0.0760558 -0.216603
9 -3.6 0.228748 -0.0304242
9 -3.4 0.134037 -0.189263
9 -3.2 -0.0968649 0.211946
9 -3 -0.192586 0.133091
9 -2.8 0.172743 0.159499
9 -2.6 -0.233513 0.0347268
9 -2.4 -0.236556 0.0143359
9 -2.2 0.110961 0.21037
9 -2 -0.232712 -0.0528014
9 -1.8 -0.202271 -0.127961
9 -1.6 -0.135983 0.197762
9 -1.4 0.0931242 -0.221832
9 -1.2 0.241096 0.000696529
9 -1 0.207898 -0.122949
9 -0.8 -0.222982 -0.0937577
9 -0.6 0.230722 -0.0735846
9 -0.4 0.211088 0.11911
9 -0.2 0.234525 -0.0616609
9 0 -0.209032 -0.123001
9 0.2 0.234525 -0.0616609
9 0.4 0.211088 0.11911
9 0.6 0.230722 -0.0735846
9 0.8 -0.222982 -0.0937577
9 1 0.207898 -0.122949
9 1.2 0.241096 0.000696529
9 1.4 0.0931242 -0.221832
9 1.6 -0.135983 0.197762
9 1.8 -0.202271 -0.127961
9 2 -0.232712 -0.0528014
9 2.2 0.110961 0.21037
9 2.4 -0.236556 0.0143359
9 2.6 -0.233513 0.0347268
9 2.8 0.172743 0.159499
9 3 -0.192586 0.133091
9 3.2 -0.0968649 0.211946
9 3.4 0.134037 -0.189263
9 3.6 0.228748 -0.0304242
9 3.8 -0.0760558 -0.216603
9 4 0.227343 -0.021274
9 4.2 0.110226 -0.198524
9 4.4 0.0454284 0.22116
9 4.6 0.152268 0.16491
9 4.8 -0.209266 -0.077376
9 5 -0.219605 0.0307481
9 5.2 0.161548 -0.149876
9 5.4 0.00133945 -0.218962
9 5.6 0.194835 0.0967974
9 5.8 0.108751 -0.186782
9 6 0.213252 0.0249369
9 6.2 -0.161333 -0.139483
9 6.4 -0.167179 -0.13009
9 6.6 0.208848 -0.0254201
9 6.8 -0.0300198 -0.20678
9 7 0.101941 -0.180741
9 7.2 -0.0419007 0.201765
9 7.4 0.186347 0.0845617
9 7.6 0.0912414 0.181572
9 7.8 -0.166372 -0.114184
9 8 -0.0813538 0.183114
9 8.2 -0.0935324 0.175612
9 8.4 -0.144291 -0.134961
9 8.6 0.0810984 0.178639
9 8.8 0.194675 0.00726944
9 9 0.168401 0.0952001
9 9.2 -0.156292 0.111687
9 9.4 0.183372 -0.0525682
9 9.6 -0.0158341 -0.18877
9 9.8 -0.0156542 -0.187469
9.2 -10 -0.125225 -0.137692
9.2 -9.8 -0.0967959 -0.160452
9.2 -9.6 0.158994 -0.101572
9.2 -9.4 -0.136678 0.131929
9.2 -9.2 0.169712 0.0882132
9.2 -9 0.191939 0.0157682
9.2 -8.8 0.0640049 0.183046
9.2 -8.6 -0.128911 -0.146647
9.2 -8.4 -0.103598 0.16709
9.2 -8.2 -0.0786989 0.181641
9.2 -8 -0.177562 -0.0905592
9.2 -7.8 0.138994 0.144772
9.2 -7.6 0.20116 -0.0191896
9.2 -7.4 0.113816 0.168643
9.2 -7.2 -0.119259 -0.16655
9.2 -7 -0.20504 0.0221817
9.2 -6.8 -0.108687 -0.176909
9.2 -6.6 0.0628645 0.199344
9.2 -6.4 0.160244 0.136364
9.2 -6.2 -0.176881 0.1165
9.2 -6 0.172916 0.124687
9.2 -5.8 0.0641955 0.20473
9.2 -5.6 -0.030757 -0.213723
9.2 -5.4 -0.0802147 -0.201932
9.2 -5.2 0.174319 0.131942
9.2 -5 0.218401 -0.0260477
9.2 -4.8 -0.1161 0.188349
9.2 -4.6 0.084782 0.205761
9.2 -4.4 -0.214887 -0.0625551
9.2 -4.2 -0.199981 0.103208
9.2 -4 0.120566 -0.19145
9.2 -3.8 0.0773679 -0.213861
9.2 -3.6 -0.117345 0.196142
9.2 -3.4 -0.216189 0.0775133
9.2 -3.2 0.138756 0.184339
9.2 -3 -0.22281 0.0637067
9.2 -2.8 -0.173139 0.155483
9.2 -2.6 0.219164 -0.0809096
9.2 -2.4 0.139592 0.188406
9.2 -2.2 0.234852 0.0143427
9.2 -2 -0.229184 -0.056454
9.2 -1.8 -0.00720561 -0.236609
9.2 -1.6 -0.151809 -0.182436
9.2 -1.4 0.0291238 0.2361
9.2 -1.2 -0.235222 -0.038624
9.2 -1 -0.233704 -0.0489919
9.2 -0.8 -0.0112149 0.23886
9.2 -0.6 -0.0672934 -0.229736
9.2 -0.4 0.172958 -0.165782
9.2 -0.2 0.0470788 -0.235025
9.2 0 -0.206835 0.121204
9.2 0.2 0.0470788 -0.235025
9.2 0.4 0.172958 -0.165782
9.2 0.6 -0.0672934 -0.229736
9.2 0.8 -0.0112149 0.23886
9.2 1 -0.233704 -0.0489919
9.2 1.2 -0.235222 -0.038624
9.2 1.4 0.0291238 0.2361
9.2 1.6 -0.151809 -0.182436
9.2 1.8 -0.00720561 -0.236609
9.2 2 -0.229184 -0.056454
9.2 2.2 0.234852 0.0143427
9.2 2.4 0.139592 0.188406
9.2 2.6 0.219164 -0.0809096
9.2 2.8 -0.173139 0.155483
9.2 3 -0.22281 0.0637067
9.2 3.2 0.138756 0.184339
9.2 3.4 -0.216189 0.0775133
9.2 3.6 -0.117345 0.196142
9.2 3.8 0.0773679 -0.213861
9.2 4 0.120566 -0.19145
9.2 4.2 -0.199981 0.103208
9.2 4.4 -0.214887 -0.0625551
9.2 4.6 0.084782 0.205761
9.2 4.8 -0.1161 0.188349
9.2 5 0.218401 -0.0260477
9.2 5.2 0.174319 0.131942
9.2 5.4 -0.0802147 -0.201932
9.2 5.6 -0.030757 -0.213723
9.2 5.8 0.0641955 0.20473
9.2 6 0.172916 0.124687
9.2 6.2 -0.176881 0.1165
9.2 6.4 0.160244 0.136364
9.2 6.6 0.0628645 0.199344
9.2 6.8 -0.108687 -0.176909
9.2 7 -0.20504 0.0221817
9.2 7.2 -0.119259 -0.16655
9.2 7.4 0.113816 0.168643
9.2 7.6 0.20116 -0.0191896
9.2 7.8 0.138994 0.144772
9.2 8 -0.177562 -0.0905592
9.2 8.2 -0.0786989 0.181641
9.2 8.4 -0.103598 0.16709
9.2 8.6 -0.128911 -0.146647
9.2 8.8 0.0640049 0.183046
9.2 9 0.191939 0.0157682
9.2 9.2 0.169712 0.0882132
9.2 9.4 -0.136678 0.131929
9.2 9.6 0.158994 -0.101572
9.2 9.8 -0.0967959 -0.160452
9.4 -10 -0.15379 -0.10356
9.4 -9.8 0.124435 -0.139116
9.4 -9.6 -0.116176 0.147679
9.4 -9.4 0.170322 0.0822958
9.4 -9.2 0.188851 0.0245079
9.4 -9 0.0467189 0.185939
9.4 -8.8 -0.112676 -0.156709
9.4 -8.6 -0.113247 0.157903
9.4 -8.4 -0.0770225 0.179825
9.4 -8.2 -0.184831 -0.068007
9.4 -8 0.171534 0.0994372
9.4 -7.8 0.166263 -0.110446
9.4 -7.6 0.195994 0.0443102
9.4 -7.4 -0.200705 0.025207
9.4 -7.2 -0.00198052 0.203617
9.4 -7 -0.131316 0.157384
9.4 -6.8 0.0863855 -0.187363
9.4 -6.6 -0.134978 -0.157814
9.4 -6.4 0.0988666 -0.184144
9.4 -6.2 -0.173216 0.119337
9.4 -6 -0.151067 0.148277
9.4 -5.8 0.0114454 -0.212694
9.4 -5.6 -0.197701 -0.0827401
9.4 -5.4 0.0706781 -0.203707
9.4 -5.2 -0.216637 0.0108431
9.4 -5 -0.135679 -0.170863
9.4 -4.8 -0.0277283 0.217676
9.4 -4.6 -0.167023 0.144213
9.4 -4.4 0.221699 0.00885653
9.4 -4.2 0.138858 0.174567
9.4 -4 0.0831638 -0.208218
9.4 -3.8 0.223127 0.0314545
9.4 -3.6 0.0591073 -0.218568
9.4 -3.4 0.152467 0.168807
9.4 -3.2 0.213168 0.0822282
9.4 -3 -0.200075 -0.112312
9.4 -2.8 -0.0515994 -0.224509
9.4 -2.6 -0.226746 0.045328
9.4 -2.4 0.144166 -0.181835
9.4 -2.2 0.178837 -0.149064
9.4 -2 -0.206555 -0.108939
9.4 -1.8 0.211889 -0.0996947
9.4 -1.6 0.226162 -0.0629401
9.4 -1.4 -0.118572 -0.203217
9.4 -1.2 0.216411 0.0934788
9.4 -1 0.126193 0.199577
9.4 -0.8 0.228146 -0.0621046
9.4 -0.6 -0.229946 0.0561328
9.4 -0.4 -0.105517 -0.212079
9.4 -0.2 -0.187953 -0.144348
9.4 0 0.00502229 0.23697
9.4 0.2 -0.187953 -0.144348
9.4 0.4 -0.105517 -0.212079
9.4 0.6 -0.229946 0.0561328
9.4 0.8 0.228146 -0.0621046
9.4 1 0.126193 0.199577
9.4 1.2 0.216411 0.0934788
9.4 1.4 -0.118572 -0.203217
9.4 1.6 0.226162 -0.0629401
9.4 1.8 0.211889 -0.0996947
9.4 2 -0.206555 -0.108939
9.4 2.2 0.178837 -0.149064
9.4 2.4 0.144166 -0.181835
9.4 2.6 -0.226746 0.045328
9.4 2.8 -0.0515994 -0.224509
9.4 3 -0.200075 -0.112312
9.4 3.2 0.213168 0.0822282
9.4 3.4 0.152467 0.168807
9.4 3.6 0.0591073 -0.218568
9.4 3.8 0.223127 0.0314545
9.4 4 0.0831638 -0.208218
9.4 4.2 0.138858 0.174567
9.4 4.4 0.221699 0.00885653
9.4 4.6 -0.167023 0.144213
9.4 4.8 -0.0277283 0.217676
9.4 5 -0.135679 -0.170863
9.4 5.2 -0.216637 0.0108431
9.4 5.4 0.0706781 -0.203707
9.4 5.6 -0.197701 -0.0827401
9.4 5.8 0.0114454 -0.212694
9.4 6 -0.151067 0.148277
9.4 6.2 -0.173216 0.119337
9.4 6.4 0.0988666 -0.184144
9.4 6.6 -0.134978 -0.157814
9.4 6.8 0.0863855 -0.187363
9.4 7 -0.131316 0.157384
9.4 7.2 -0.00198052 0.203617
9.4 7.4 -0.200705 0.025207
9.4 7.6 0.195994 0.0443102
9.4 7.8 0.166263 -0.110446
9.4 8 0.171534 0.0994372
9.4 8.2 -0.184831 -0.068007
9.4 8.4 -0.0770225 0.179825
9.4 8.6 -0.113247 0.157903
9.4 8.8 -0.112676 -0.156709
9.4 9 0.0467189 0.185939
9.4 9.2 0.188851 0.0245079
9.4 9.4 0.170322 0.0822958
9.4 9.6 -0.116176 0.147679
9.4 9.8 0.124435 -0.139116
9.6 -10 0.084119 -0.16442
9.6 -9.8 -0.0955971 0.159437
9.6 -9.6 0.170368 0.0773933
9.6 -9.4 0.185365 0.0334277
9.6 -9.2 0.0293721 0.187308
9.6 -9 -0.0957471 -0.165092
9.6 -8.8 -0.122402 0.148065
9.6 -8.6 -0.0762329 0.177716
9.6 -8.4 -0.188907 -0.0469425
9.6 -8.2 0.189216 0.0508664
9.6 -8 0.0981588 -0.171059
9.6 -7.8 0.17498 -0.0937559
9.6 -7.6 -0.0829023 0.181802
9.6 -7.4 0.197006 0.0404333
9.6 -7.2 0.180614 0.0913785
9.6 -7 -0.195914 0.0558389
9.6 -6.8 0.0790289 0.189175
9.6 -6.6 -0.0379603 0.202796
9.6 -6.4 -0.00699041 -0.207497
9.6 -6.2 -0.173242 -0.116743
9.6 -6 0.113381 -0.176988
9.6 -5.8 -0.211392 0.00558454
9.6 -5.6 -0.191226 -0.0932042
9.6 -5.4 0.185897 0.105978
9.6 -5.2 0.208645 0.0527976
9.6 -5 -0.208246 0.0590021
9.6 -4.8 -0.12272 0.179748
9.6 -4.6 -0.0404558 -0.215054
9.6 -4.4 -0.182403 -0.122971
9.6 -4.2 0.219457 -0.0270245
9.6 -4 0.172808 -0.139707
9.6 -3.8 -0.121204 0.18753
9.6 -3.6 -0.122537 0.187901
9.6 -3.4 0.187518 -0.124936
9.6 -3.2 0.216383 0.0662175
9.6 -3 0.0377531 -0.224049
9.6 -2.8 0.179148 0.141164
9.6 -2.6 0.218732 0.0674985
9.6 -2.4 -0.175297 -0.148417
9.6 -2.2 0.083742 -0.214658
9.6 -2 -0.136219 -0.186668
9.6 -1.8 0.144912 0.180792
9.6 -1.6 -0.0663851 0.222567
9.6 -1.4 0.17117 0.157717
9.6 -1.2 -0.173398 -0.155913
9.6 -1 0.0672823 -0.223654
9.6 -0.8 -0.120749 -0.200274
9.6 -0.6 0.0404384 0.230577
9.6 -0.4 -0.231634 0.0350263
9.6 -0.2 -0.210383 0.103286
9.6 0 0.207078 0.109835
9.6 0.2 -0.210383 0.103286
9.6 0.4 -0.231634 0.0350263
9.6 0.6 0.0404384 0.230577
9.6 0.8 -0.120749 -0.200274
9.6 1 0.0672823 -0.223654
9.6 1.2 -0.173398 -0.155913
9.6 1.4 0.17117 0.157717
9.6 1.6 -0.0663851 0.222567
9.6 1.8 0.144912 0.180792
9.6 2 -0.136219 -0.186668
9.6 2.2 0.083742 -0.214658
9.6 2.4 -0.175297 -0.148417
9.6 2.6 0.218732 0.0674985
9.6 2.8 0.179148 0.141164
9.6 3 0.0377531 -0.224049
9.6 3.2 0.216383 0.0662175
9.6 3.4 0.187518 -0.124936
9.6 3.6 -0.122537 0.187901
9.6 3.8 -0.121204 0.18753
9.6 4 0.172808 -0.139707
9.6 4.2 0.219457 -0.0270245
9.6 4.4 -0.182403 -0.122971
9.6 4.6 -0.0404558 -0.215054
9.6 4.8 -0.12272 0.179748
9.6 5 -0.208246 0.0590021
9.6 5.2 0.208645 0.0527976
9.6 5.4 0.185897 0.105978
9.6 5.6 -0.191226 -0.0932042
9.6 5.8 -0.211392 0.00558454
9.6 6 0.113381 -0.176988
9.6 6.2 -0.173242 -0.116743
9.6 6.4 -0.00699041 -0.207497
9.6 6.6 -0.0379603 0.202796
9.6 6.8 0.0790289 0.189175
9.6 7 -0.195914 0.0558389
9.6 7.2 0.180614 0.0913785
9.6 7.4 0.197006 0.0404333
9.6 7.6 -0.0829023 0.181802
9.6 7.8 0.17498 -0.0937559
9.6 8 0.0981588 -0.171059
9.6 8.2 0.189216 0.0508664
9.6 8.4 -0.188907 -0.0469425
9.6 8.6 -0.0762329 0.177716
9.6 8.8 -0.122402 0.148065
9.6 9 -0.0957471 -0.165092
9.6 9.2 0.0293721 0.187308
9.6 9.4 0.185365 0.0334277
9.6 9.6 0.170368 0.0773933
9.6 9.8 -0.0955971 0.159437
9.8 -10 -0.0755346 0.167742
9.8 -9.8 0.169958 0.0734447
9.8 -9.6 0.181438 0.0424664
9.8 -9.4 0.0120975 0.187153
9.8 -9.2 -0.0782857 -0.171755
9.8 -9 -0.130983 0.1376
9.8 -8.8 -0.0762433 0.175343
9.8 -8.6 -0.190446 -0.0276023
9.8 -8.4 0.193651 0.00316503
9.8 -8.2 0.0162208 -0.194247
9.8 -8 0.0768327 -0.180502
9.8 -7.8 0.10114 0.169556
9.8 -7.6 0.0891001 -0.177589
9.8 -7.4 0.065175 -0.189028
9.8 -7.2 0.154125 0.129347
9.8 -7 0.0118671 -0.202122
9.8 -6.8 0.0105044 -0.203458
9.8 -6.6 0.150539 0.139128
9.8 -6.4 0.123439 -0.165216
9.8 -6.2 0.203764 -0.0391021
9.8 -6 -0.207599 0.0216061
9.8 -5.8 -0.173637 0.118021
9.8 -5.6 -0.00485261 -0.211112
9.8 -5.4 -0.210739 -0.0262868
9.8 -5.2 -0.0166944 -0.212909
9.8 -5 -0.182861 0.112574
9.8 -4.8 -0.202586 -0.0746105
9.8 -4.6 0.0898155 0.197564
9.8 -4.4 -0.0707349 0.206343
9.8 -4.2 0.198439 -0.0931461
9.8 -4 0.194736 0.102936
9.8 -3.8 0.00931297 -0.221095
9.8 -3.6 0.220592 -0.0273598
9.8 -3.4 0.0146636 -0.222755
9.8 -3.2 0.173738 0.141633
9.8 -3 0.218946 0.0519749
9.8 -2.8 -0.211829 -0.0783769
9.8 -2.6 -0.0995924 -0.203599
9.8 -2.4 -0.192789 0.12058
9.8 -2.2 0.023777 -0.22684
9.8 -2 0.0052284 -0.228661
9.8 -1.8 -0.167944 0.156126
9.8 -1.6 -0.127797 -0.191026
9.8 -1.4 -0.196701 -0.119785
9.8 -1.2 0.0981182 0.208811
9.8 -1 -0.2154 0.0836301
9.8 -0.8 -0.163535 0.163647
9.8 -0.6 0.230666 -0.020537
9.8 -0.4 -0.039205 0.2284
9.8 -0.2 -0.0012154 0.231834
9.8 0 0.194677 -0.125953
9.8 0.2 -0.0012154 0.231834
9.8 0.4 -0.039205 0.2284
9.8 0.6 0.230666 -0.020537
9.8 0.8 -0.163535 0.163647
9.8 1 -0.2154 0.0836301
9.8 1.2 0.0981182 0.208811
9.8 1.4 -0.196701 -0.119785
9.8 1.6 -0.127797 -0.191026
9.8 1.8 -0.167944 0.156126
9.8 2 0.0052284 -0.228661
9.8 2.2 0.023777 -0.22684
9.8 2.4 -0.192789 0.12058
9.8 2.6 -0.0995924 -0.203599
9.8 2.8 -0.211829 -0.0783769
9.8 3 0.218946 0.0519749
9.8 3.2 0.173738 0.141633
9.8 3.4 0.0146636 -0.222755
9.8 3.6 0.220592 -0.0273598
9.8 3.8 0.00931297 -0.221095
9.8 4 0.194736 0.102936
9.8 4.2 0.198439 -0.0931461
9.8 4.4 -0.0707349 0.206343
9.8 4.6 0.0898155 0.197564
9.8 4.8 -0.202586 -0.0746105
9.8 5 -0.182861 0.112574
9.8 5.2 -0.0166944 -0.212909
9.8 5.4 -0.210739 -0.0262868
9.8 5.6 -0.00485261 -0.211112
9.8 5.8 -0.173637 0.118021
9.8 6 -0.207599 0.0216061
9.8 6.2 0.203764 -0.0391021
9.8 6.4 0.123439 -0.165216
9.8 6.6 0.150539 0.139128
9.8 6.8 0.0105044 -0.203458
9.8 7 0.0118671 -0.202122
9.8 7.2 0.154125 0.129347
9.8 7.4 0.065175 -0.189028
9.8 7.6 0.0891001 -0.177589
9.8 7.8 0.10114 0.169556
9.8 8 0.0768327 -0.180502
9.8 8.2 0.0162208 -0.194247
9.8 8.4 0.193651 0.00316503
9.8 8.6 -0.190446 -0.0276023
9.8 8.8 -0.0762433 0.175343
9.8 9 -0.130983 0.1376
9.8 9.2 -0.0782857 -0.171755
9.8 9.4 0.0120975 0.187153
9.8 9.6 0.181438 0.0424664
9.8 9.8 0.169958 0.0734447
